******************************************************************************************
LPT.FNideal interp 3d input to low 0.08785088576833774 < 1.0
LPT.FNideal interp 3d input to low 0.08785088576833774 < 1.0
LPT.FNideal interp 3d input to low 0.08785088576833774 < 1.0
LPT.FNideal interp 3d input to low 0.08785088576833774 < 1.0
LPT.FNideal interp 3d input to low 0.08785088576833774 < 1.0
LPT.FNideal interp 3d input to low 0.08785088576833774 < 1.0
LPT.FNideal interp 3d input to low 0.08785088576833774 < 1.0
LPT.FNideal interp 3d input to low 269.0880949160072 < 300.0
LPT.FNideal interp 3d input to low 0.08785088576833774 < 1.0
LPT.FNideal interp 3d input to low 284.16447228617733 < 300.0
LPT.FNideal interp 3d input to low 0.08785088576833774 < 1.0
LPT.FNideal interp 3d input to low 284.16447228617733 < 300.0
LPT.FNideal interp 3d input to low 0.08785088576833774 < 1.0
LPT.FNideal interp 3d input to low 284.16447228617733 < 300.0
LPT.FNideal interp 3d input to low 0.08785088576833774 < 1.0
LPT.FNideal interp 3d input to low 284.16447228617733 < 300.0
LPT.FNideal interp 3d input to low 0.08785088576833774 < 1.0
LPT.FNideal interp 3d input to low 284.16447228617733 < 300.0
LPT.FNideal interp 3d input to low 0.08785088576833774 < 1.0
LPT.FNideal interp 3d input to low 284.16447228617733 < 300.0
LPT.FN42 interp 3d input to low 0.08785088576833774 < 1.0
LPT.FN42 interp 3d input to low 0.08785088576833774 < 1.0
LPT.FN42 interp 3d input to low 0.08785088576833774 < 1.0
LPT.FN42 interp 3d input to low 0.08785088576833774 < 1.0
LPT.FN42 interp 3d input to low 0.08785088576833774 < 1.0
LPT.FN42 interp 3d input to low 0.08785088576833774 < 1.0
LPT.FN42 interp 3d input to low 0.08785088576833774 < 1.0
LPT.FN42 interp 3d input to low 0.08785088576833774 < 1.0
LPT.FN42 interp 3d input to low 0.08785088576833774 < 1.0
LPT.FN42 interp 3d input to low 0.08785088576833774 < 1.0
LPT.FN42 interp 3d input to low 0.08785088576833774 < 1.0
LPT.FN42 interp 3d input to low 0.08785088576833774 < 1.0
LPT.FN42 interp 3d input to low 0.08785088576833774 < 1.0
LPT.FNo interp 3d input to low 0.08785088576833774 < 1.0
LPT.FNo interp 3d input to low 0.08785088576833774 < 1.0
LPT.FNo interp 3d input to low 0.08785088576833774 < 1.0
LPT.FNo interp 3d input to low 0.08785088576833774 < 1.0
LPT.FNo interp 3d input to low 0.08785088576833774 < 1.0
LPT.FNo interp 3d input to low 0.08785088576833774 < 1.0
LPT.FNo interp 3d input to low 0.08785088576833774 < 1.0
LPT.FNo interp 3d input to low 0.08785088576833774 < 1.0
LPT.FNo interp 3d input to low 0.08785088576833774 < 1.0
LPT.FNo interp 3d input to low 0.08785088576833774 < 1.0
LPT.FNo interp 3d input to low 0.08785088576833774 < 1.0
LPT.FNo interp 3d input to low 0.08785088576833774 < 1.0
LPT.FNo interp 3d input to low 0.08785088576833774 < 1.0
duct5.FNo interp 3d input to low 0.08697237691065436 < 1.0
duct5.FNo interp 3d input to low 0.08697237691065436 < 1.0
duct5.FNo interp 3d input to low 0.08697237691065436 < 1.0
duct5.FNo interp 3d input to low 0.08697237691065436 < 1.0
duct5.FNo interp 3d input to low 0.08697237691065436 < 1.0
duct5.FNo interp 3d input to low 0.08697237691065436 < 1.0
duct5.FNo interp 3d input to low 0.08697237691065436 < 1.0
duct5.FNo interp 3d input to low 0.08697237691065436 < 1.0
duct5.FNo interp 3d input to low 0.08697237691065436 < 1.0
duct5.FNo interp 3d input to low 0.08697237691065436 < 1.0
duct5.FNo interp 3d input to low 0.08697237691065436 < 1.0
duct5.FNo interp 3d input to low 0.08697237691065436 < 1.0
duct5.FNo interp 3d input to low 0.08697237691065436 < 1.0
priNozzle nozzle pressure ratio < 1 priNozzle.FNo interp 3d input to low 0.08697237691065436 < 1.0
priNozzle.FNo interp 3d input to low 0.08697237691065436 < 1.0
priNozzle.FNo interp 3d input to low 0.08697237691065436 < 1.0
priNozzle.FNo interp 3d input to low 0.08697237691065436 < 1.0
priNozzle.FNo interp 3d input to low 0.08697237691065436 < 1.0
priNozzle.FNo interp 3d input to low 0.08697237691065436 < 1.0
priNozzle.FNo interp 3d input to low 0.07827513921958892 < 1.0
priNozzle.FNo interp 3d input to low 0.07827513921958892 < 1.0
priNozzle.FNo interp 3d input to low 0.07827513921958892 < 1.0
priNozzle.FNo interp 3d input to low 0.07827513921958892 < 1.0
priNozzle.FNo interp 3d input to low 0.07827513921958892 < 1.0
priNozzle.FNo interp 3d input to low 0.07827513921958892 < 1.0
priNozzle.FNo interp 3d input to low 0.07827513921958892 < 1.0
priNozzle.FNo interp 3d input to low 0.07827513921958892 < 1.0
priNozzle.FNo interp 3d input to low 0.07827513921958892 < 1.0
priNozzle.FNo interp 3d input to low 0.07827513921958892 < 1.0
priNozzle.FNo interp 3d input to low 0.07827513921958892 < 1.0
priNozzle.FNo interp 3d input to low 0.07827513921958892 < 1.0
priNozzle.FNo interp 3d input to low 0.07827513921958892 < 1.0
priNozzle.FNo interp 3d input to low 0.07436138225860947 < 1.0
priNozzle.FNo interp 3d input to low 0.07436138225860947 < 1.0
priNozzle.FNo interp 3d input to low 0.07436138225860947 < 1.0
priNozzle.FNo interp 3d input to low 0.07436138225860947 < 1.0
priNozzle.FNo interp 3d input to low 0.07436138225860947 < 1.0
priNozzle.FNo interp 3d input to low 0.07436138225860947 < 1.0
priNozzle.FNo interp 3d input to low 0.07436138225860947 < 1.0
priNozzle.FNo interp 3d input to low 0.07436138225860947 < 1.0
priNozzle.FNo interp 3d input to low 0.07436138225860947 < 1.0
priNozzle.FNo interp 3d input to low 0.07436138225860947 < 1.0
priNozzle.FNo interp 3d input to low 0.07436138225860947 < 1.0
priNozzle.FNo interp 3d input to low 0.07436138225860947 < 1.0
priNozzle.FNo interp 3d input to low 0.07436138225860947 < 1.0
priNozzle.FNo interp 3d input to low 0.06566414456754403 < 1.0
priNozzle.FNo interp 3d input to low 0.06566414456754403 < 1.0
priNozzle.FNo interp 3d input to low 0.06566414456754403 < 1.0
priNozzle.FNo interp 3d input to low 0.06566414456754403 < 1.0
priNozzle.FNo interp 3d input to low 0.06566414456754403 < 1.0
priNozzle.FNo interp 3d input to low 0.06566414456754403 < 1.0
priNozzle.FNo interp 3d input to low 0.06566414456754403 < 1.0
priNozzle.FNo interp 3d input to low 0.06566414456754403 < 1.0
priNozzle.FNo interp 3d input to low 0.06566414456754403 < 1.0
priNozzle.FNo interp 3d input to low 0.06566414456754403 < 1.0
priNozzle.FNo interp 3d input to low 0.06566414456754403 < 1.0
priNozzle.FNo interp 3d input to low 0.06566414456754403 < 1.0
priNozzle.FNo interp 3d input to low 0.06566414456754403 < 1.0
priNozzle.FNo interp 3d input to low 0.056966906876478596 < 1.0
priNozzle.FNo interp 3d input to low 0.056966906876478596 < 1.0
priNozzle.FNo interp 3d input to low 0.056966906876478596 < 1.0
priNozzle.FNo interp 3d input to low 0.056966906876478596 < 1.0
priNozzle.FNo interp 3d input to low 0.056966906876478596 < 1.0
priNozzle.FNo interp 3d input to low 0.056966906876478596 < 1.0
priNozzle.FNo interp 3d input to low 0.056966906876478596 < 1.0
priNozzle.FNo interp 3d input to low 0.056966906876478596 < 1.0
priNozzle.FNo interp 3d input to low 0.056966906876478596 < 1.0
priNozzle.FNo interp 3d input to low 0.056966906876478596 < 1.0
priNozzle.FNo interp 3d input to low 0.056966906876478596 < 1.0
priNozzle.FNo interp 3d input to low 0.056966906876478596 < 1.0
priNozzle.FNo interp 3d input to low 0.056966906876478596 < 1.0
priNozzle.FNo interp 3d input to low 0.04826966918541316 < 1.0
priNozzle.FNo interp 3d input to low 0.04826966918541316 < 1.0
priNozzle.FNo interp 3d input to low 0.04826966918541316 < 1.0
priNozzle.FNo interp 3d input to low 0.04826966918541316 < 1.0
priNozzle.FNo interp 3d input to low 0.04826966918541316 < 1.0
priNozzle.FNo interp 3d input to low 0.04826966918541316 < 1.0
priNozzle.FNo interp 3d input to low 0.04826966918541316 < 1.0
priNozzle.FNo interp 3d input to low 0.04826966918541316 < 1.0
priNozzle.FNo interp 3d input to low 0.04826966918541316 < 1.0
priNozzle.FNo interp 3d input to low 0.04826966918541316 < 1.0
priNozzle.FNo interp 3d input to low 0.04826966918541316 < 1.0
priNozzle.FNo interp 3d input to low 0.04826966918541316 < 1.0
priNozzle.FNo interp 3d input to low 0.04826966918541316 < 1.0
priNozzle.FNo interp 3d input to low 0.03957243149434772 < 1.0
priNozzle.FNo interp 3d input to low 0.03957243149434772 < 1.0
priNozzle.FNo interp 3d input to low 0.03957243149434772 < 1.0
priNozzle.FNo interp 3d input to low 0.03957243149434772 < 1.0
priNozzle.FNo interp 3d input to low 0.03957243149434772 < 1.0
priNozzle.FNo interp 3d input to low 0.03957243149434772 < 1.0
priNozzle.FNo interp 3d input to low 0.03957243149434772 < 1.0
priNozzle.FNo interp 3d input to low 0.03957243149434772 < 1.0
priNozzle.FNo interp 3d input to low 0.03957243149434772 < 1.0
priNozzle.FNo interp 3d input to low 0.03957243149434772 < 1.0
priNozzle.FNo interp 3d input to low 0.03957243149434772 < 1.0
priNozzle.FNo interp 3d input to low 0.03957243149434772 < 1.0
priNozzle.FNo interp 3d input to low 0.03957243149434772 < 1.0
priNozzle.FNo interp 3d input to low 0.030875193803282283 < 1.0
priNozzle.FNo interp 3d input to low 0.030875193803282283 < 1.0
priNozzle.FNo interp 3d input to low 0.030875193803282283 < 1.0
priNozzle.FNo interp 3d input to low 0.030875193803282283 < 1.0
priNozzle.FNo interp 3d input to low 0.030875193803282283 < 1.0
priNozzle.FNo interp 3d input to low 0.030875193803282283 < 1.0
priNozzle.FNo interp 3d input to low 0.030875193803282283 < 1.0
priNozzle.FNo interp 3d input to low 0.030875193803282283 < 1.0
priNozzle.FNo interp 3d input to low 0.030875193803282283 < 1.0
priNozzle.FNo interp 3d input to low 0.030875193803282283 < 1.0
priNozzle.FNo interp 3d input to low 0.030875193803282283 < 1.0
priNozzle.FNo interp 3d input to low 0.030875193803282283 < 1.0
priNozzle.FNo interp 3d input to low 0.030875193803282283 < 1.0
priNozzle.FNo interp 3d input to low 0.022177956112216846 < 1.0
priNozzle.FNo interp 3d input to low 0.022177956112216846 < 1.0
priNozzle.FNo interp 3d input to low 0.022177956112216846 < 1.0
priNozzle.FNo interp 3d input to low 0.022177956112216846 < 1.0
priNozzle.FNo interp 3d input to low 0.022177956112216846 < 1.0
priNozzle.FNo interp 3d input to low 0.022177956112216846 < 1.0
priNozzle.FNo interp 3d input to low 0.022177956112216846 < 1.0
priNozzle.FNo interp 3d input to low 0.022177956112216846 < 1.0
priNozzle.FNo interp 3d input to low 0.022177956112216846 < 1.0
priNozzle.FNo interp 3d input to low 0.022177956112216846 < 1.0
priNozzle.FNo interp 3d input to low 0.022177956112216846 < 1.0
priNozzle.FNo interp 3d input to low 0.022177956112216846 < 1.0
priNozzle.FNo interp 3d input to low 0.022177956112216846 < 1.0
priNozzle.FNo interp 3d input to low 0.01348071842115141 < 1.0
priNozzle.FNo interp 3d input to low 0.01348071842115141 < 1.0
priNozzle.FNo interp 3d input to low 0.01348071842115141 < 1.0
priNozzle.FNo interp 3d input to low 0.01348071842115141 < 1.0
priNozzle.FNo interp 3d input to low 0.01348071842115141 < 1.0
priNozzle.FNo interp 3d input to low 0.01348071842115141 < 1.0
priNozzle.FNo interp 3d input to low 0.01348071842115141 < 1.0
priNozzle.FNo interp 3d input to low 0.01348071842115141 < 1.0
priNozzle.FNo interp 3d input to low 0.01348071842115141 < 1.0
priNozzle.FNo interp 3d input to low 0.01348071842115141 < 1.0
priNozzle.FNo interp 3d input to low 0.01348071842115141 < 1.0
priNozzle.FNo interp 3d input to low 0.01348071842115141 < 1.0
priNozzle.FNo interp 3d input to low 0.01348071842115141 < 1.0
priNozzle.FNo interp 3d input to low 0.004783480730085974 < 1.0
priNozzle.FNo interp 3d input to low 0.004783480730085974 < 1.0
priNozzle.FNo interp 3d input to low 0.004783480730085974 < 1.0
priNozzle.FNo interp 3d input to low 0.004783480730085974 < 1.0
priNozzle.FNo interp 3d input to low 0.004783480730085974 < 1.0
priNozzle.FNo interp 3d input to low 0.004783480730085974 < 1.0
priNozzle.FNo interp 3d input to low 0.004783480730085974 < 1.0
priNozzle.FNo interp 3d input to low 0.004783480730085974 < 1.0
priNozzle.FNo interp 3d input to low 0.004783480730085974 < 1.0
priNozzle.FNo interp 3d input to low 0.004783480730085974 < 1.0
priNozzle.FNo interp 3d input to low 0.004783480730085974 < 1.0
priNozzle.FNo interp 3d input to low 0.004783480730085974 < 1.0
priNozzle.FNo interp 3d input to low 0.004783480730085974 < 1.0
priNozzle.FNo interp 3d input to low -0.003913756960979462 < 1.0
priNozzle.FNo interp 3d input to low -0.003913756960979462 < 1.0
priNozzle.FNo interp 3d input to low -0.003913756960979462 < 1.0
priNozzle.FNo interp 3d input to low -0.003913756960979462 < 1.0
priNozzle.FNo interp 3d input to low -0.003913756960979462 < 1.0
priNozzle.FNo interp 3d input to low -0.003913756960979462 < 1.0
priNozzle.FNo interp 3d input to low -0.003913756960979462 < 1.0
priNozzle.FNo interp 3d input to low -0.003913756960979462 < 1.0
priNozzle.FNo interp 3d input to low -0.003913756960979462 < 1.0
priNozzle.FNo interp 3d input to low -0.003913756960979462 < 1.0
priNozzle.FNo interp 3d input to low -0.003913756960979462 < 1.0
priNozzle.FNo interp 3d input to low -0.003913756960979462 < 1.0
priNozzle.FNo interp 3d input to low -0.003913756960979462 < 1.0
priNozzle.FNo interp 3d input to low -0.012610994652044898 < 1.0
priNozzle.FNo interp 3d input to low -0.012610994652044898 < 1.0
priNozzle.FNo interp 3d input to low -0.012610994652044898 < 1.0
priNozzle.FNo interp 3d input to low -0.012610994652044898 < 1.0
priNozzle.FNo interp 3d input to low -0.012610994652044898 < 1.0
priNozzle.FNo interp 3d input to low -0.012610994652044898 < 1.0
priNozzle.FNo interp 3d input to low -0.012610994652044898 < 1.0
priNozzle.FNo interp 3d input to low -0.012610994652044898 < 1.0
priNozzle.FNo interp 3d input to low -0.012610994652044898 < 1.0
priNozzle.FNo interp 3d input to low -0.012610994652044898 < 1.0
priNozzle.FNo interp 3d input to low -0.012610994652044898 < 1.0
priNozzle.FNo interp 3d input to low -0.012610994652044898 < 1.0
priNozzle.FNo interp 3d input to low -0.012610994652044898 < 1.0
priNozzle.FNo interp 3d input to low -0.021308232343110335 < 1.0
priNozzle.FNo interp 3d input to low -0.021308232343110335 < 1.0
priNozzle.FNo interp 3d input to low -0.021308232343110335 < 1.0
priNozzle.FNo interp 3d input to low -0.021308232343110335 < 1.0
priNozzle.FNo interp 3d input to low -0.021308232343110335 < 1.0
priNozzle.FNo interp 3d input to low -0.021308232343110335 < 1.0
priNozzle.FNo interp 3d input to low -0.021308232343110335 < 1.0
priNozzle.FNo interp 3d input to low -0.021308232343110335 < 1.0
priNozzle.FNo interp 3d input to low -0.021308232343110335 < 1.0
priNozzle.FNo interp 3d input to low -0.021308232343110335 < 1.0
priNozzle.FNo interp 3d input to low -0.021308232343110335 < 1.0
priNozzle.FNo interp 3d input to low -0.021308232343110335 < 1.0
priNozzle.FNo interp 3d input to low -0.021308232343110335 < 1.0
priNozzle.FNo interp 3d input to low -0.030005470034175773 < 1.0
priNozzle.FNo interp 3d input to low -0.030005470034175773 < 1.0
priNozzle.FNo interp 3d input to low -0.030005470034175773 < 1.0
priNozzle.FNo interp 3d input to low -0.030005470034175773 < 1.0
priNozzle.FNo interp 3d input to low -0.030005470034175773 < 1.0
priNozzle.FNo interp 3d input to low -0.030005470034175773 < 1.0
priNozzle.FNo interp 3d input to low -0.030005470034175773 < 1.0
priNozzle.FNo interp 3d input to low 299.7056964619817 < 300.0
priNozzle.FNo interp 3d input to low -0.030005470034175773 < 1.0
priNozzle.FNo interp 3d input to low -0.030005470034175773 < 1.0
priNozzle.FNo interp 3d input to low -0.030005470034175773 < 1.0
priNozzle.FNo interp 3d input to low -0.030005470034175773 < 1.0
priNozzle.FNo interp 3d input to low -0.030005470034175773 < 1.0
priNozzle.FNo interp 3d input to low -0.030005470034175773 < 1.0
priNozzle.FNo interp 3d input to low -0.03870270772524121 < 1.0
priNozzle.FNo interp 3d input to low -0.03870270772524121 < 1.0
priNozzle.FNo interp 3d input to low -0.03870270772524121 < 1.0
priNozzle.FNo interp 3d input to low -0.03870270772524121 < 1.0
priNozzle.FNo interp 3d input to low -0.03870270772524121 < 1.0
priNozzle.FNo interp 3d input to low -0.03870270772524121 < 1.0
priNozzle.FNo interp 3d input to low -0.03870270772524121 < 1.0
priNozzle.FNo interp 3d input to low 298.72544860310046 < 300.0
priNozzle.FNo interp 3d input to low -0.03870270772524121 < 1.0
priNozzle.FNo interp 3d input to low -0.03870270772524121 < 1.0
priNozzle.FNo interp 3d input to low -0.03870270772524121 < 1.0
priNozzle.FNo interp 3d input to low -0.03870270772524121 < 1.0
priNozzle.FNo interp 3d input to low -0.03870270772524121 < 1.0
priNozzle.FNo interp 3d input to low -0.03870270772524121 < 1.0
priNozzle.FNo interp 3d input to low -0.04739994541630665 < 1.0
priNozzle.FNo interp 3d input to low -0.04739994541630665 < 1.0
priNozzle.FNo interp 3d input to low -0.04739994541630665 < 1.0
priNozzle.FNo interp 3d input to low -0.04739994541630665 < 1.0
priNozzle.FNo interp 3d input to low -0.04739994541630665 < 1.0
priNozzle.FNo interp 3d input to low -0.04739994541630665 < 1.0
priNozzle.FNo interp 3d input to low -0.04739994541630665 < 1.0
priNozzle.FNo interp 3d input to low 297.74520074421866 < 300.0
priNozzle.FNo interp 3d input to low -0.04739994541630665 < 1.0
priNozzle.FNo interp 3d input to low -0.04739994541630665 < 1.0
priNozzle.FNo interp 3d input to low -0.04739994541630665 < 1.0
priNozzle.FNo interp 3d input to low -0.04739994541630665 < 1.0
priNozzle.FNo interp 3d input to low -0.04739994541630665 < 1.0
priNozzle.FNo interp 3d input to low -0.04739994541630665 < 1.0
priNozzle.FNo interp 3d input to low -0.056097183107372085 < 1.0
priNozzle.FNo interp 3d input to low -0.056097183107372085 < 1.0
priNozzle.FNo interp 3d input to low -0.056097183107372085 < 1.0
priNozzle.FNo interp 3d input to low -0.056097183107372085 < 1.0
priNozzle.FNo interp 3d input to low -0.056097183107372085 < 1.0
priNozzle.FNo interp 3d input to low -0.056097183107372085 < 1.0
priNozzle.FNo interp 3d input to low -0.056097183107372085 < 1.0
priNozzle.FNo interp 3d input to low 296.76495288533545 < 300.0
priNozzle.FNo interp 3d input to low -0.056097183107372085 < 1.0
priNozzle.FNo interp 3d input to low -0.056097183107372085 < 1.0
priNozzle.FNo interp 3d input to low -0.056097183107372085 < 1.0
priNozzle.FNo interp 3d input to low -0.056097183107372085 < 1.0
priNozzle.FNo interp 3d input to low -0.056097183107372085 < 1.0
priNozzle.FNo interp 3d input to low -0.056097183107372085 < 1.0
priNozzle.FNo interp 3d input to low -0.06479442079843752 < 1.0
priNozzle.FNo interp 3d input to low -0.06479442079843752 < 1.0
priNozzle.FNo interp 3d input to low -0.06479442079843752 < 1.0
priNozzle.FNo interp 3d input to low -0.06479442079843752 < 1.0
priNozzle.FNo interp 3d input to low -0.06479442079843752 < 1.0
priNozzle.FNo interp 3d input to low -0.06479442079843752 < 1.0
priNozzle.FNo interp 3d input to low -0.06479442079843752 < 1.0
priNozzle.FNo interp 3d input to low 295.7847050264511 < 300.0
priNozzle.FNo interp 3d input to low -0.06479442079843752 < 1.0
priNozzle.FNo interp 3d input to low -0.06479442079843752 < 1.0
priNozzle.FNo interp 3d input to low -0.06479442079843752 < 1.0
priNozzle.FNo interp 3d input to low -0.06479442079843752 < 1.0
priNozzle.FNo interp 3d input to low -0.06479442079843752 < 1.0
priNozzle.FNo interp 3d input to low -0.06479442079843752 < 1.0
priNozzle.FNo interp 3d input to low -0.07349165848950295 < 1.0
priNozzle.FNo interp 3d input to low -0.07349165848950295 < 1.0
priNozzle.FNo interp 3d input to low -0.07349165848950295 < 1.0
priNozzle.FNo interp 3d input to low -0.07349165848950295 < 1.0
priNozzle.FNo interp 3d input to low -0.07349165848950295 < 1.0
priNozzle.FNo interp 3d input to low -0.07349165848950295 < 1.0
priNozzle.FNo interp 3d input to low -0.07349165848950295 < 1.0
priNozzle.FNo interp 3d input to low 294.8044571675661 < 300.0
priNozzle.FNo interp 3d input to low -0.07349165848950295 < 1.0
priNozzle.FNo interp 3d input to low -0.07349165848950295 < 1.0
priNozzle.FNo interp 3d input to low -0.07349165848950295 < 1.0
priNozzle.FNo interp 3d input to low -0.07349165848950295 < 1.0
priNozzle.FNo interp 3d input to low -0.07349165848950295 < 1.0
priNozzle.FNo interp 3d input to low -0.07349165848950295 < 1.0
priNozzle.FNo interp 3d input to low -0.08218889618056839 < 1.0
priNozzle.FNo interp 3d input to low -0.08218889618056839 < 1.0
priNozzle.FNo interp 3d input to low -0.08218889618056839 < 1.0
priNozzle.FNo interp 3d input to low -0.08218889618056839 < 1.0
priNozzle.FNo interp 3d input to low -0.08218889618056839 < 1.0
priNozzle.FNo interp 3d input to low -0.08218889618056839 < 1.0
priNozzle.FNo interp 3d input to low -0.08218889618056839 < 1.0
priNozzle.FNo interp 3d input to low 293.8242093086797 < 300.0
priNozzle.FNo interp 3d input to low -0.08218889618056839 < 1.0
priNozzle.FNo interp 3d input to low -0.08218889618056839 < 1.0
priNozzle.FNo interp 3d input to low -0.08218889618056839 < 1.0
priNozzle.FNo interp 3d input to low -0.08218889618056839 < 1.0
priNozzle.FNo interp 3d input to low -0.08218889618056839 < 1.0
priNozzle.FNo interp 3d input to low -0.08218889618056839 < 1.0
priNozzle.FNo interp 3d input to low -0.09088613387163383 < 1.0
priNozzle.FNo interp 3d input to low -0.09088613387163383 < 1.0
priNozzle.FNo interp 3d input to low -0.09088613387163383 < 1.0
priNozzle.FNo interp 3d input to low -0.09088613387163383 < 1.0
priNozzle.FNo interp 3d input to low -0.09088613387163383 < 1.0
priNozzle.FNo interp 3d input to low -0.09088613387163383 < 1.0
priNozzle.FNo interp 3d input to low -0.09088613387163383 < 1.0
priNozzle.FNo interp 3d input to low 292.8439614497922 < 300.0
priNozzle.FNo interp 3d input to low -0.09088613387163383 < 1.0
priNozzle.FNo interp 3d input to low -0.09088613387163383 < 1.0
priNozzle.FNo interp 3d input to low -0.09088613387163383 < 1.0
priNozzle.FNo interp 3d input to low -0.09088613387163383 < 1.0
priNozzle.FNo interp 3d input to low -0.09088613387163383 < 1.0
priNozzle.FNo interp 3d input to low -0.09088613387163383 < 1.0
priNozzle.FNo interp 3d input to low -0.09958337156269927 < 1.0
priNozzle.FNo interp 3d input to low -0.09958337156269927 < 1.0
priNozzle.FNo interp 3d input to low -0.09958337156269927 < 1.0
priNozzle.FNo interp 3d input to low -0.09958337156269927 < 1.0
priNozzle.FNo interp 3d input to low -0.09958337156269927 < 1.0
priNozzle.FNo interp 3d input to low -0.09958337156269927 < 1.0
priNozzle.FNo interp 3d input to low -0.09958337156269927 < 1.0
priNozzle.FNo interp 3d input to low 291.8637135909035 < 300.0
priNozzle.FNo interp 3d input to low -0.09958337156269927 < 1.0
priNozzle.FNo interp 3d input to low -0.09958337156269927 < 1.0
priNozzle.FNo interp 3d input to low -0.09958337156269927 < 1.0
priNozzle.FNo interp 3d input to low -0.09958337156269927 < 1.0
priNozzle.FNo interp 3d input to low -0.09958337156269927 < 1.0
priNozzle.FNo interp 3d input to low -0.09958337156269927 < 1.0
priNozzle.FNo interp 3d input to low -0.1082806092537647 < 1.0
priNozzle.FNo interp 3d input to low -0.1082806092537647 < 1.0
priNozzle.FNo interp 3d input to low -0.1082806092537647 < 1.0
priNozzle.FNo interp 3d input to low -0.1082806092537647 < 1.0
priNozzle.FNo interp 3d input to low -0.1082806092537647 < 1.0
priNozzle.FNo interp 3d input to low -0.1082806092537647 < 1.0
priNozzle.FNo interp 3d input to low -0.1082806092537647 < 1.0
priNozzle.FNo interp 3d input to low 290.8834657320145 < 300.0
priNozzle.FNo interp 3d input to low -0.1082806092537647 < 1.0
priNozzle.FNo interp 3d input to low -0.1082806092537647 < 1.0
priNozzle.FNo interp 3d input to low -0.1082806092537647 < 1.0
priNozzle.FNo interp 3d input to low -0.1082806092537647 < 1.0
priNozzle.FNo interp 3d input to low -0.1082806092537647 < 1.0
priNozzle.FNo interp 3d input to low -0.1082806092537647 < 1.0
priNozzle.FNo interp 3d input to low -0.11697784694483014 < 1.0
priNozzle.FNo interp 3d input to low -0.11697784694483014 < 1.0
priNozzle.FNo interp 3d input to low -0.11697784694483014 < 1.0
priNozzle.FNo interp 3d input to low -0.11697784694483014 < 1.0
priNozzle.FNo interp 3d input to low -0.11697784694483014 < 1.0
priNozzle.FNo interp 3d input to low -0.11697784694483014 < 1.0
priNozzle.FNo interp 3d input to low -0.11697784694483014 < 1.0
priNozzle.FNo interp 3d input to low 289.90321787312377 < 300.0
priNozzle.FNo interp 3d input to low -0.11697784694483014 < 1.0
priNozzle.FNo interp 3d input to low -0.11697784694483014 < 1.0
priNozzle.FNo interp 3d input to low -0.11697784694483014 < 1.0
priNozzle.FNo interp 3d input to low -0.11697784694483014 < 1.0
priNozzle.FNo interp 3d input to low -0.11697784694483014 < 1.0
priNozzle.FNo interp 3d input to low -0.11697784694483014 < 1.0
priNozzle.FNo interp 3d input to low -0.12567508463589558 < 1.0
priNozzle.FNo interp 3d input to low -0.12567508463589558 < 1.0
priNozzle.FNo interp 3d input to low -0.12567508463589558 < 1.0
priNozzle.FNo interp 3d input to low -0.12567508463589558 < 1.0
priNozzle.FNo interp 3d input to low -0.12567508463589558 < 1.0
priNozzle.FNo interp 3d input to low -0.12567508463589558 < 1.0
priNozzle.FNo interp 3d input to low -0.12567508463589558 < 1.0
priNozzle.FNo interp 3d input to low 288.92297001423196 < 300.0
priNozzle.FNo interp 3d input to low -0.12567508463589558 < 1.0
priNozzle.FNo interp 3d input to low 299.9059862559844 < 300.0
priNozzle.FNo interp 3d input to low -0.12567508463589558 < 1.0
priNozzle.FNo interp 3d input to low 299.9059862559844 < 300.0
priNozzle.FNo interp 3d input to low -0.12567508463589558 < 1.0
priNozzle.FNo interp 3d input to low 299.9059862559844 < 300.0
priNozzle.FNo interp 3d input to low -0.12567508463589558 < 1.0
priNozzle.FNo interp 3d input to low 299.9059862559844 < 300.0
priNozzle.FNo interp 3d input to low -0.12567508463589558 < 1.0
priNozzle.FNo interp 3d input to low 299.9059862559844 < 300.0
priNozzle.FNo interp 3d input to low -0.12567508463589558 < 1.0
priNozzle.FNo interp 3d input to low 299.9059862559844 < 300.0
priNozzle.FNo interp 3d input to low -0.134372322326961 < 1.0
priNozzle.FNo interp 3d input to low -0.134372322326961 < 1.0
priNozzle.FNo interp 3d input to low -0.134372322326961 < 1.0
priNozzle.FNo interp 3d input to low -0.134372322326961 < 1.0
priNozzle.FNo interp 3d input to low -0.134372322326961 < 1.0
priNozzle.FNo interp 3d input to low -0.134372322326961 < 1.0
priNozzle.FNo interp 3d input to low -0.134372322326961 < 1.0
priNozzle.FNo interp 3d input to low 287.94272215533977 < 300.0
priNozzle.FNo interp 3d input to low -0.134372322326961 < 1.0
priNozzle.FNo interp 3d input to low 299.12803402351494 < 300.0
priNozzle.FNo interp 3d input to low -0.134372322326961 < 1.0
priNozzle.FNo interp 3d input to low 299.12803402351494 < 300.0
priNozzle.FNo interp 3d input to low -0.134372322326961 < 1.0
priNozzle.FNo interp 3d input to low 299.12803402351494 < 300.0
priNozzle.FNo interp 3d input to low -0.134372322326961 < 1.0
priNozzle.FNo interp 3d input to low 299.12803402351494 < 300.0
priNozzle.FNo interp 3d input to low -0.134372322326961 < 1.0
priNozzle.FNo interp 3d input to low 299.12803402351494 < 300.0
priNozzle.FNo interp 3d input to low -0.134372322326961 < 1.0
priNozzle.FNo interp 3d input to low 299.12803402351494 < 300.0
priNozzle.FNo interp 3d input to low -0.14306956001802643 < 1.0
priNozzle.FNo interp 3d input to low -0.14306956001802643 < 1.0
priNozzle.FNo interp 3d input to low -0.14306956001802643 < 1.0
priNozzle.FNo interp 3d input to low -0.14306956001802643 < 1.0
priNozzle.FNo interp 3d input to low -0.14306956001802643 < 1.0
priNozzle.FNo interp 3d input to low -0.14306956001802643 < 1.0
priNozzle.FNo interp 3d input to low -0.14306956001802643 < 1.0
priNozzle.FNo interp 3d input to low 286.9624742964458 < 300.0
priNozzle.FNo interp 3d input to low -0.14306956001802643 < 1.0
priNozzle.FNo interp 3d input to low 298.3500817910452 < 300.0
priNozzle.FNo interp 3d input to low -0.14306956001802643 < 1.0
priNozzle.FNo interp 3d input to low 298.3500817910452 < 300.0
priNozzle.FNo interp 3d input to low -0.14306956001802643 < 1.0
priNozzle.FNo interp 3d input to low 298.3500817910452 < 300.0
priNozzle.FNo interp 3d input to low -0.14306956001802643 < 1.0
priNozzle.FNo interp 3d input to low 298.3500817910452 < 300.0
priNozzle.FNo interp 3d input to low -0.14306956001802643 < 1.0
priNozzle.FNo interp 3d input to low 298.3500817910452 < 300.0
priNozzle.FNo interp 3d input to low -0.14306956001802643 < 1.0
priNozzle.FNo interp 3d input to low 298.3500817910452 < 300.0
priNozzle.FNo interp 3d input to low -0.15176679770909185 < 1.0
priNozzle.FNo interp 3d input to low -0.15176679770909185 < 1.0
priNozzle.FNo interp 3d input to low -0.15176679770909185 < 1.0
priNozzle.FNo interp 3d input to low -0.15176679770909185 < 1.0
priNozzle.FNo interp 3d input to low -0.15176679770909185 < 1.0
priNozzle.FNo interp 3d input to low -0.15176679770909185 < 1.0
priNozzle.FNo interp 3d input to low -0.15176679770909185 < 1.0
priNozzle.FNo interp 3d input to low 285.9822264375508 < 300.0
priNozzle.FNo interp 3d input to low -0.15176679770909185 < 1.0
priNozzle.FNo interp 3d input to low 297.5721295585727 < 300.0
priNozzle.FNo interp 3d input to low -0.15176679770909185 < 1.0
priNozzle.FNo interp 3d input to low 297.5721295585727 < 300.0
priNozzle.FNo interp 3d input to low -0.15176679770909185 < 1.0
priNozzle.FNo interp 3d input to low 297.5721295585727 < 300.0
priNozzle.FNo interp 3d input to low -0.15176679770909185 < 1.0
priNozzle.FNo interp 3d input to low 297.5721295585727 < 300.0
priNozzle.FNo interp 3d input to low -0.15176679770909185 < 1.0
priNozzle.FNo interp 3d input to low 297.5721295585727 < 300.0
priNozzle.FNo interp 3d input to low -0.15176679770909185 < 1.0
priNozzle.FNo interp 3d input to low 297.5721295585727 < 300.0
priNozzle.FNo interp 3d input to low -0.16046403540015727 < 1.0
priNozzle.FNo interp 3d input to low -0.16046403540015727 < 1.0
priNozzle.FNo interp 3d input to low -0.16046403540015727 < 1.0
priNozzle.FNo interp 3d input to low -0.16046403540015727 < 1.0
priNozzle.FNo interp 3d input to low -0.16046403540015727 < 1.0
priNozzle.FNo interp 3d input to low -0.16046403540015727 < 1.0
priNozzle.FNo interp 3d input to low -0.16046403540015727 < 1.0
priNozzle.FNo interp 3d input to low 285.0019785786555 < 300.0
priNozzle.FNo interp 3d input to low -0.16046403540015727 < 1.0
priNozzle.FNo interp 3d input to low 296.79417732610295 < 300.0
priNozzle.FNo interp 3d input to low -0.16046403540015727 < 1.0
priNozzle.FNo interp 3d input to low 296.79417732610295 < 300.0
priNozzle.FNo interp 3d input to low -0.16046403540015727 < 1.0
priNozzle.FNo interp 3d input to low 296.79417732610295 < 300.0
priNozzle.FNo interp 3d input to low -0.16046403540015727 < 1.0
priNozzle.FNo interp 3d input to low 296.79417732610295 < 300.0
priNozzle.FNo interp 3d input to low -0.16046403540015727 < 1.0
priNozzle.FNo interp 3d input to low 296.79417732610295 < 300.0
priNozzle.FNo interp 3d input to low -0.16046403540015727 < 1.0
priNozzle.FNo interp 3d input to low 296.79417732610295 < 300.0
priNozzle.FNo interp 3d input to low -0.1691612730912227 < 1.0
priNozzle.FNo interp 3d input to low -0.1691612730912227 < 1.0
priNozzle.FNo interp 3d input to low -0.1691612730912227 < 1.0
priNozzle.FNo interp 3d input to low -0.1691612730912227 < 1.0
priNozzle.FNo interp 3d input to low -0.1691612730912227 < 1.0
priNozzle.FNo interp 3d input to low -0.1691612730912227 < 1.0
priNozzle.FNo interp 3d input to low -0.1691612730912227 < 1.0
priNozzle.FNo interp 3d input to low 284.0217307197584 < 300.0
priNozzle.FNo interp 3d input to low -0.1691612730912227 < 1.0
priNozzle.FNo interp 3d input to low 296.0162250936334 < 300.0
priNozzle.FNo interp 3d input to low -0.1691612730912227 < 1.0
priNozzle.FNo interp 3d input to low 296.0162250936334 < 300.0
priNozzle.FNo interp 3d input to low -0.1691612730912227 < 1.0
priNozzle.FNo interp 3d input to low 296.0162250936334 < 300.0
priNozzle.FNo interp 3d input to low -0.1691612730912227 < 1.0
priNozzle.FNo interp 3d input to low 296.0162250936334 < 300.0
priNozzle.FNo interp 3d input to low -0.1691612730912227 < 1.0
priNozzle.FNo interp 3d input to low 296.0162250936334 < 300.0
priNozzle.FNo interp 3d input to low -0.1691612730912227 < 1.0
priNozzle.FNo interp 3d input to low 296.0162250936334 < 300.0
priNozzle.FNo interp 3d input to low -0.17785851078228812 < 1.0
priNozzle.FNo interp 3d input to low -0.17785851078228812 < 1.0
priNozzle.FNo interp 3d input to low -0.17785851078228812 < 1.0
priNozzle.FNo interp 3d input to low -0.17785851078228812 < 1.0
priNozzle.FNo interp 3d input to low -0.17785851078228812 < 1.0
priNozzle.FNo interp 3d input to low -0.17785851078228812 < 1.0
priNozzle.FNo interp 3d input to low -0.17785851078228812 < 1.0
priNozzle.FNo interp 3d input to low 283.04148286086024 < 300.0
priNozzle.FNo interp 3d input to low -0.17785851078228812 < 1.0
priNozzle.FNo interp 3d input to low 295.23827286116347 < 300.0
priNozzle.FNo interp 3d input to low -0.17785851078228812 < 1.0
priNozzle.FNo interp 3d input to low 295.23827286116347 < 300.0
priNozzle.FNo interp 3d input to low -0.17785851078228812 < 1.0
priNozzle.FNo interp 3d input to low 295.23827286116347 < 300.0
priNozzle.FNo interp 3d input to low -0.17785851078228812 < 1.0
priNozzle.FNo interp 3d input to low 295.23827286116347 < 300.0
priNozzle.FNo interp 3d input to low -0.17785851078228812 < 1.0
priNozzle.FNo interp 3d input to low 295.23827286116347 < 300.0
priNozzle.FNo interp 3d input to low -0.17785851078228812 < 1.0
priNozzle.FNo interp 3d input to low 295.23827286116347 < 300.0
priNozzle.FNo interp 3d input to low -0.18655574847335354 < 1.0
priNozzle.FNo interp 3d input to low -0.18655574847335354 < 1.0
priNozzle.FNo interp 3d input to low -0.18655574847335354 < 1.0
priNozzle.FNo interp 3d input to low -0.18655574847335354 < 1.0
priNozzle.FNo interp 3d input to low -0.18655574847335354 < 1.0
priNozzle.FNo interp 3d input to low -0.18655574847335354 < 1.0
priNozzle.FNo interp 3d input to low -0.18655574847335354 < 1.0
priNozzle.FNo interp 3d input to low 282.06123500196117 < 300.0
priNozzle.FNo interp 3d input to low -0.18655574847335354 < 1.0
priNozzle.FNo interp 3d input to low 294.46032062869403 < 300.0
priNozzle.FNo interp 3d input to low -0.18655574847335354 < 1.0
priNozzle.FNo interp 3d input to low 294.46032062869403 < 300.0
priNozzle.FNo interp 3d input to low -0.18655574847335354 < 1.0
priNozzle.FNo interp 3d input to low 294.46032062869403 < 300.0
priNozzle.FNo interp 3d input to low -0.18655574847335354 < 1.0
priNozzle.FNo interp 3d input to low 294.46032062869403 < 300.0
priNozzle.FNo interp 3d input to low -0.18655574847335354 < 1.0
priNozzle.FNo interp 3d input to low 294.46032062869403 < 300.0
priNozzle.FNo interp 3d input to low -0.18655574847335354 < 1.0
priNozzle.FNo interp 3d input to low 294.46032062869403 < 300.0
priNozzle.FNo interp 3d input to low -0.19525298616441897 < 1.0
priNozzle.FNo interp 3d input to low -0.19525298616441897 < 1.0
priNozzle.FNo interp 3d input to low -0.19525298616441897 < 1.0
priNozzle.FNo interp 3d input to low -0.19525298616441897 < 1.0
priNozzle.FNo interp 3d input to low -0.19525298616441897 < 1.0
priNozzle.FNo interp 3d input to low -0.19525298616441897 < 1.0
priNozzle.FNo interp 3d input to low -0.19525298616441897 < 1.0
priNozzle.FNo interp 3d input to low 281.08098714306146 < 300.0
priNozzle.FNo interp 3d input to low -0.19525298616441897 < 1.0
priNozzle.FNo interp 3d input to low 293.68236839622415 < 300.0
priNozzle.FNo interp 3d input to low -0.19525298616441897 < 1.0
priNozzle.FNo interp 3d input to low 293.68236839622415 < 300.0
priNozzle.FNo interp 3d input to low -0.19525298616441897 < 1.0
priNozzle.FNo interp 3d input to low 293.68236839622415 < 300.0
priNozzle.FNo interp 3d input to low -0.19525298616441897 < 1.0
priNozzle.FNo interp 3d input to low 293.68236839622415 < 300.0
priNozzle.FNo interp 3d input to low -0.19525298616441897 < 1.0
priNozzle.FNo interp 3d input to low 293.68236839622415 < 300.0
priNozzle.FNo interp 3d input to low -0.19525298616441897 < 1.0
priNozzle.FNo interp 3d input to low 293.68236839622415 < 300.0
priNozzle.FNo interp 3d input to low -0.2039502238554844 < 1.0
priNozzle.FNo interp 3d input to low -0.2039502238554844 < 1.0
priNozzle.FNo interp 3d input to low -0.2039502238554844 < 1.0
priNozzle.FNo interp 3d input to low -0.2039502238554844 < 1.0
priNozzle.FNo interp 3d input to low -0.2039502238554844 < 1.0
priNozzle.FNo interp 3d input to low -0.2039502238554844 < 1.0
priNozzle.FNo interp 3d input to low -0.2039502238554844 < 1.0
priNozzle.FNo interp 3d input to low 280.10073928416017 < 300.0
priNozzle.FNo interp 3d input to low -0.2039502238554844 < 1.0
priNozzle.FNo interp 3d input to low 292.90441616375466 < 300.0
priNozzle.FNo interp 3d input to low -0.2039502238554844 < 1.0
priNozzle.FNo interp 3d input to low 292.90441616375466 < 300.0
priNozzle.FNo interp 3d input to low -0.2039502238554844 < 1.0
priNozzle.FNo interp 3d input to low 292.90441616375466 < 300.0
priNozzle.FNo interp 3d input to low -0.2039502238554844 < 1.0
priNozzle.FNo interp 3d input to low 292.90441616375466 < 300.0
priNozzle.FNo interp 3d input to low -0.2039502238554844 < 1.0
priNozzle.FNo interp 3d input to low 292.90441616375466 < 300.0
priNozzle.FNo interp 3d input to low -0.2039502238554844 < 1.0
priNozzle.FNo interp 3d input to low 292.90441616375466 < 300.0
priNozzle.FNo interp 3d input to low -0.21264746154654982 < 1.0
priNozzle.FNo interp 3d input to low -0.21264746154654982 < 1.0
priNozzle.FNo interp 3d input to low -0.21264746154654982 < 1.0
priNozzle.FNo interp 3d input to low -0.21264746154654982 < 1.0
priNozzle.FNo interp 3d input to low -0.21264746154654982 < 1.0
priNozzle.FNo interp 3d input to low -0.21264746154654982 < 1.0
priNozzle.FNo interp 3d input to low -0.21264746154654982 < 1.0
priNozzle.FNo interp 3d input to low 279.1204914252579 < 300.0
priNozzle.FNo interp 3d input to low -0.21264746154654982 < 1.0
priNozzle.FNo interp 3d input to low 292.1264639312817 < 300.0
priNozzle.FNo interp 3d input to low -0.21264746154654982 < 1.0
priNozzle.FNo interp 3d input to low 292.1264639312817 < 300.0
priNozzle.FNo interp 3d input to low -0.21264746154654982 < 1.0
priNozzle.FNo interp 3d input to low 292.1264639312817 < 300.0
priNozzle.FNo interp 3d input to low -0.21264746154654982 < 1.0
priNozzle.FNo interp 3d input to low 292.1264639312817 < 300.0
priNozzle.FNo interp 3d input to low -0.21264746154654982 < 1.0
priNozzle.FNo interp 3d input to low 292.1264639312817 < 300.0
priNozzle.FNo interp 3d input to low -0.21264746154654982 < 1.0
priNozzle.FNo interp 3d input to low 292.1264639312817 < 300.0
priNozzle.FNo interp 3d input to low -0.22134469923761524 < 1.0
priNozzle.FNo interp 3d input to low -0.22134469923761524 < 1.0
priNozzle.FNo interp 3d input to low -0.22134469923761524 < 1.0
priNozzle.FNo interp 3d input to low -0.22134469923761524 < 1.0
priNozzle.FNo interp 3d input to low -0.22134469923761524 < 1.0
priNozzle.FNo interp 3d input to low -0.22134469923761524 < 1.0
priNozzle.FNo interp 3d input to low -0.22134469923761524 < 1.0
priNozzle.FNo interp 3d input to low 278.140243566355 < 300.0
priNozzle.FNo interp 3d input to low -0.22134469923761524 < 1.0
priNozzle.FNo interp 3d input to low 291.34851169881193 < 300.0
priNozzle.FNo interp 3d input to low -0.22134469923761524 < 1.0
priNozzle.FNo interp 3d input to low 291.34851169881193 < 300.0
priNozzle.FNo interp 3d input to low -0.22134469923761524 < 1.0
priNozzle.FNo interp 3d input to low 291.34851169881193 < 300.0
priNozzle.FNo interp 3d input to low -0.22134469923761524 < 1.0
priNozzle.FNo interp 3d input to low 291.34851169881193 < 300.0
priNozzle.FNo interp 3d input to low -0.22134469923761524 < 1.0
priNozzle.FNo interp 3d input to low 291.34851169881193 < 300.0
priNozzle.FNo interp 3d input to low -0.22134469923761524 < 1.0
priNozzle.FNo interp 3d input to low 291.34851169881193 < 300.0
priNozzle.FNo interp 3d input to low -0.23004193692868066 < 1.0
priNozzle.FNo interp 3d input to low -0.23004193692868066 < 1.0
priNozzle.FNo interp 3d input to low -0.23004193692868066 < 1.0
priNozzle.FNo interp 3d input to low -0.23004193692868066 < 1.0
priNozzle.FNo interp 3d input to low -0.23004193692868066 < 1.0
priNozzle.FNo interp 3d input to low -0.23004193692868066 < 1.0
priNozzle.FNo interp 3d input to low -0.23004193692868066 < 1.0
priNozzle.FNo interp 3d input to low 277.15999570745055 < 300.0
priNozzle.FNo interp 3d input to low -0.23004193692868066 < 1.0
priNozzle.FNo interp 3d input to low 290.57055946634233 < 300.0
priNozzle.FNo interp 3d input to low -0.23004193692868066 < 1.0
priNozzle.FNo interp 3d input to low 290.57055946634233 < 300.0
priNozzle.FNo interp 3d input to low -0.23004193692868066 < 1.0
priNozzle.FNo interp 3d input to low 290.57055946634233 < 300.0
priNozzle.FNo interp 3d input to low -0.23004193692868066 < 1.0
priNozzle.FNo interp 3d input to low 290.57055946634233 < 300.0
priNozzle.FNo interp 3d input to low -0.23004193692868066 < 1.0
priNozzle.FNo interp 3d input to low 290.57055946634233 < 300.0
priNozzle.FNo interp 3d input to low -0.23004193692868066 < 1.0
priNozzle.FNo interp 3d input to low 290.57055946634233 < 300.0
priNozzle.FNo interp 3d input to low -0.2387391746197461 < 1.0
priNozzle.FNo interp 3d input to low -0.2387391746197461 < 1.0
priNozzle.FNo interp 3d input to low -0.2387391746197461 < 1.0
priNozzle.FNo interp 3d input to low -0.2387391746197461 < 1.0
priNozzle.FNo interp 3d input to low -0.2387391746197461 < 1.0
priNozzle.FNo interp 3d input to low -0.2387391746197461 < 1.0
priNozzle.FNo interp 3d input to low -0.2387391746197461 < 1.0
priNozzle.FNo interp 3d input to low 276.17974784854516 < 300.0
priNozzle.FNo interp 3d input to low -0.2387391746197461 < 1.0
priNozzle.FNo interp 3d input to low 289.79260723387245 < 300.0
priNozzle.FNo interp 3d input to low -0.2387391746197461 < 1.0
priNozzle.FNo interp 3d input to low 289.79260723387245 < 300.0
priNozzle.FNo interp 3d input to low -0.2387391746197461 < 1.0
priNozzle.FNo interp 3d input to low 289.79260723387245 < 300.0
priNozzle.FNo interp 3d input to low -0.2387391746197461 < 1.0
priNozzle.FNo interp 3d input to low 289.79260723387245 < 300.0
priNozzle.FNo interp 3d input to low -0.2387391746197461 < 1.0
priNozzle.FNo interp 3d input to low 289.79260723387245 < 300.0
priNozzle.FNo interp 3d input to low -0.2387391746197461 < 1.0
priNozzle.FNo interp 3d input to low 289.79260723387245 < 300.0
priNozzle.FNo interp 3d input to low -0.2474364123108115 < 1.0
priNozzle.FNo interp 3d input to low -0.2474364123108115 < 1.0
priNozzle.FNo interp 3d input to low -0.2474364123108115 < 1.0
priNozzle.FNo interp 3d input to low -0.2474364123108115 < 1.0
priNozzle.FNo interp 3d input to low -0.2474364123108115 < 1.0
priNozzle.FNo interp 3d input to low -0.2474364123108115 < 1.0
priNozzle.FNo interp 3d input to low -0.2474364123108115 < 1.0
priNozzle.FNo interp 3d input to low 275.1994999896385 < 300.0
priNozzle.FNo interp 3d input to low -0.2474364123108115 < 1.0
priNozzle.FNo interp 3d input to low 289.0146550014028 < 300.0
priNozzle.FNo interp 3d input to low -0.2474364123108115 < 1.0
priNozzle.FNo interp 3d input to low 289.0146550014028 < 300.0
priNozzle.FNo interp 3d input to low -0.2474364123108115 < 1.0
priNozzle.FNo interp 3d input to low 289.0146550014028 < 300.0
priNozzle.FNo interp 3d input to low -0.2474364123108115 < 1.0
priNozzle.FNo interp 3d input to low 289.0146550014028 < 300.0
priNozzle.FNo interp 3d input to low -0.2474364123108115 < 1.0
priNozzle.FNo interp 3d input to low 289.0146550014028 < 300.0
priNozzle.FNo interp 3d input to low -0.2474364123108115 < 1.0
priNozzle.FNo interp 3d input to low 289.0146550014028 < 300.0
priNozzle.FNo interp 3d input to low -0.25613365000187693 < 1.0
priNozzle.FNo interp 3d input to low -0.25613365000187693 < 1.0
priNozzle.FNo interp 3d input to low -0.25613365000187693 < 1.0
priNozzle.FNo interp 3d input to low -0.25613365000187693 < 1.0
priNozzle.FNo interp 3d input to low -0.25613365000187693 < 1.0
priNozzle.FNo interp 3d input to low -0.25613365000187693 < 1.0
priNozzle.FNo interp 3d input to low -0.25613365000187693 < 1.0
priNozzle.FNo interp 3d input to low 274.21925213073143 < 300.0
priNozzle.FNo interp 3d input to low -0.25613365000187693 < 1.0
priNozzle.FNo interp 3d input to low 288.23670276893307 < 300.0
priNozzle.FNo interp 3d input to low -0.25613365000187693 < 1.0
priNozzle.FNo interp 3d input to low 288.23670276893307 < 300.0
priNozzle.FNo interp 3d input to low -0.25613365000187693 < 1.0
priNozzle.FNo interp 3d input to low 288.23670276893307 < 300.0
priNozzle.FNo interp 3d input to low -0.25613365000187693 < 1.0
priNozzle.FNo interp 3d input to low 288.23670276893307 < 300.0
priNozzle.FNo interp 3d input to low -0.25613365000187693 < 1.0
priNozzle.FNo interp 3d input to low 288.23670276893307 < 300.0
priNozzle.FNo interp 3d input to low -0.25613365000187693 < 1.0
priNozzle.FNo interp 3d input to low 288.23670276893307 < 300.0
priNozzle.FNo interp 3d input to low -0.2648308876929424 < 1.0
priNozzle.FNo interp 3d input to low -0.2648308876929424 < 1.0
priNozzle.FNo interp 3d input to low -0.2648308876929424 < 1.0
priNozzle.FNo interp 3d input to low -0.2648308876929424 < 1.0
priNozzle.FNo interp 3d input to low -0.2648308876929424 < 1.0
priNozzle.FNo interp 3d input to low -0.2648308876929424 < 1.0
priNozzle.FNo interp 3d input to low -0.2648308876929424 < 1.0
priNozzle.FNo interp 3d input to low 273.23900427182286 < 300.0
priNozzle.FNo interp 3d input to low -0.2648308876929424 < 1.0
priNozzle.FNo interp 3d input to low 287.4587505364633 < 300.0
priNozzle.FNo interp 3d input to low -0.2648308876929424 < 1.0
priNozzle.FNo interp 3d input to low 287.4587505364633 < 300.0
priNozzle.FNo interp 3d input to low -0.2648308876929424 < 1.0
priNozzle.FNo interp 3d input to low 287.4587505364633 < 300.0
priNozzle.FNo interp 3d input to low -0.2648308876929424 < 1.0
priNozzle.FNo interp 3d input to low 287.4587505364633 < 300.0
priNozzle.FNo interp 3d input to low -0.2648308876929424 < 1.0
priNozzle.FNo interp 3d input to low 287.4587505364633 < 300.0
priNozzle.FNo interp 3d input to low -0.2648308876929424 < 1.0
priNozzle.FNo interp 3d input to low 287.4587505364633 < 300.0
priNozzle.FNo interp 3d input to low -0.27352812538400784 < 1.0
priNozzle.FNo interp 3d input to low -0.27352812538400784 < 1.0
priNozzle.FNo interp 3d input to low -0.27352812538400784 < 1.0
priNozzle.FNo interp 3d input to low -0.27352812538400784 < 1.0
priNozzle.FNo interp 3d input to low -0.27352812538400784 < 1.0
priNozzle.FNo interp 3d input to low -0.27352812538400784 < 1.0
priNozzle.FNo interp 3d input to low -0.27352812538400784 < 1.0
priNozzle.FNo interp 3d input to low 272.25875641291304 < 300.0
priNozzle.FNo interp 3d input to low -0.27352812538400784 < 1.0
priNozzle.FNo interp 3d input to low 286.6807983039904 < 300.0
priNozzle.FNo interp 3d input to low -0.27352812538400784 < 1.0
priNozzle.FNo interp 3d input to low 286.6807983039904 < 300.0
priNozzle.FNo interp 3d input to low -0.27352812538400784 < 1.0
priNozzle.FNo interp 3d input to low 286.6807983039904 < 300.0
priNozzle.FNo interp 3d input to low -0.27352812538400784 < 1.0
priNozzle.FNo interp 3d input to low 286.6807983039904 < 300.0
priNozzle.FNo interp 3d input to low -0.27352812538400784 < 1.0
priNozzle.FNo interp 3d input to low 286.6807983039904 < 300.0
priNozzle.FNo interp 3d input to low -0.27352812538400784 < 1.0
priNozzle.FNo interp 3d input to low 286.6807983039904 < 300.0
priNozzle.FNo interp 3d input to low -0.2822253630750733 < 1.0
priNozzle.FNo interp 3d input to low -0.2822253630750733 < 1.0
priNozzle.FNo interp 3d input to low -0.2822253630750733 < 1.0
priNozzle.FNo interp 3d input to low -0.2822253630750733 < 1.0
priNozzle.FNo interp 3d input to low -0.2822253630750733 < 1.0
priNozzle.FNo interp 3d input to low -0.2822253630750733 < 1.0
priNozzle.FNo interp 3d input to low -0.2822253630750733 < 1.0
priNozzle.FNo interp 3d input to low 271.2785085540028 < 300.0
priNozzle.FNo interp 3d input to low -0.2822253630750733 < 1.0
priNozzle.FNo interp 3d input to low 285.9028460715206 < 300.0
priNozzle.FNo interp 3d input to low -0.2822253630750733 < 1.0
priNozzle.FNo interp 3d input to low 285.9028460715206 < 300.0
priNozzle.FNo interp 3d input to low -0.2822253630750733 < 1.0
priNozzle.FNo interp 3d input to low 285.9028460715206 < 300.0
priNozzle.FNo interp 3d input to low -0.2822253630750733 < 1.0
priNozzle.FNo interp 3d input to low 285.9028460715206 < 300.0
priNozzle.FNo interp 3d input to low -0.2822253630750733 < 1.0
priNozzle.FNo interp 3d input to low 285.9028460715206 < 300.0
priNozzle.FNo interp 3d input to low -0.2822253630750733 < 1.0
priNozzle.FNo interp 3d input to low 285.9028460715206 < 300.0
priNozzle.FNo interp 3d input to low -0.29092260076613874 < 1.0
priNozzle.FNo interp 3d input to low -0.29092260076613874 < 1.0
priNozzle.FNo interp 3d input to low -0.29092260076613874 < 1.0
priNozzle.FNo interp 3d input to low -0.29092260076613874 < 1.0
priNozzle.FNo interp 3d input to low -0.29092260076613874 < 1.0
priNozzle.FNo interp 3d input to low -0.29092260076613874 < 1.0
priNozzle.FNo interp 3d input to low -0.29092260076613874 < 1.0
priNozzle.FNo interp 3d input to low 270.29826069509113 < 300.0
priNozzle.FNo interp 3d input to low -0.29092260076613874 < 1.0
priNozzle.FNo interp 3d input to low 285.1248938390511 < 300.0
priNozzle.FNo interp 3d input to low -0.29092260076613874 < 1.0
priNozzle.FNo interp 3d input to low 285.1248938390511 < 300.0
priNozzle.FNo interp 3d input to low -0.29092260076613874 < 1.0
priNozzle.FNo interp 3d input to low 285.1248938390511 < 300.0
priNozzle.FNo interp 3d input to low -0.29092260076613874 < 1.0
priNozzle.FNo interp 3d input to low 285.1248938390511 < 300.0
priNozzle.FNo interp 3d input to low -0.29092260076613874 < 1.0
priNozzle.FNo interp 3d input to low 285.1248938390511 < 300.0
priNozzle.FNo interp 3d input to low -0.29092260076613874 < 1.0
priNozzle.FNo interp 3d input to low 285.1248938390511 < 300.0
priNozzle.FNo interp 3d input to low -0.2996198384572042 < 1.0
priNozzle.FNo interp 3d input to low -0.2996198384572042 < 1.0
priNozzle.FNo interp 3d input to low -0.2996198384572042 < 1.0
priNozzle.FNo interp 3d input to low -0.2996198384572042 < 1.0
priNozzle.FNo interp 3d input to low -0.2996198384572042 < 1.0
priNozzle.FNo interp 3d input to low -0.2996198384572042 < 1.0
priNozzle.FNo interp 3d input to low -0.2996198384572042 < 1.0
priNozzle.FNo interp 3d input to low 269.3180128361781 < 300.0
priNozzle.FNo interp 3d input to low -0.2996198384572042 < 1.0
priNozzle.FNo interp 3d input to low 284.3469416065812 < 300.0
priNozzle.FNo interp 3d input to low -0.2996198384572042 < 1.0
priNozzle.FNo interp 3d input to low 284.3469416065812 < 300.0
priNozzle.FNo interp 3d input to low -0.2996198384572042 < 1.0
priNozzle.FNo interp 3d input to low 284.3469416065812 < 300.0
priNozzle.FNo interp 3d input to low -0.2996198384572042 < 1.0
priNozzle.FNo interp 3d input to low 284.3469416065812 < 300.0
priNozzle.FNo interp 3d input to low -0.2996198384572042 < 1.0
priNozzle.FNo interp 3d input to low 284.3469416065812 < 300.0
priNozzle.FNo interp 3d input to low -0.2996198384572042 < 1.0
priNozzle.FNo interp 3d input to low 284.3469416065812 < 300.0
priNozzle.FNo interp 3d input to low -0.30831707614826964 < 1.0
priNozzle.FNo interp 3d input to low -0.30831707614826964 < 1.0
priNozzle.FNo interp 3d input to low -0.30831707614826964 < 1.0
priNozzle.FNo interp 3d input to low -0.30831707614826964 < 1.0
priNozzle.FNo interp 3d input to low -0.30831707614826964 < 1.0
priNozzle.FNo interp 3d input to low -0.30831707614826964 < 1.0
priNozzle.FNo interp 3d input to low -0.30831707614826964 < 1.0
priNozzle.FNo interp 3d input to low 268.3377649772641 < 300.0
priNozzle.FNo interp 3d input to low -0.30831707614826964 < 1.0
priNozzle.FNo interp 3d input to low 283.5689893741114 < 300.0
priNozzle.FNo interp 3d input to low -0.30831707614826964 < 1.0
priNozzle.FNo interp 3d input to low 283.5689893741114 < 300.0
priNozzle.FNo interp 3d input to low -0.30831707614826964 < 1.0
priNozzle.FNo interp 3d input to low 283.5689893741114 < 300.0
priNozzle.FNo interp 3d input to low -0.30831707614826964 < 1.0
priNozzle.FNo interp 3d input to low 283.5689893741114 < 300.0
priNozzle.FNo interp 3d input to low -0.30831707614826964 < 1.0
priNozzle.FNo interp 3d input to low 283.5689893741114 < 300.0
priNozzle.FNo interp 3d input to low -0.30831707614826964 < 1.0
priNozzle.FNo interp 3d input to low 283.5689893741114 < 300.0
priNozzle.FNo interp 3d input to low -0.3170143138393351 < 1.0
priNozzle.FNo interp 3d input to low -0.3170143138393351 < 1.0
priNozzle.FNo interp 3d input to low -0.3170143138393351 < 1.0
priNozzle.FNo interp 3d input to low -0.3170143138393351 < 1.0
priNozzle.FNo interp 3d input to low -0.3170143138393351 < 1.0
priNozzle.FNo interp 3d input to low -0.3170143138393351 < 1.0
priNozzle.FNo interp 3d input to low -0.3170143138393351 < 1.0
priNozzle.FNo interp 3d input to low 267.3575171183498 < 300.0
priNozzle.FNo interp 3d input to low -0.3170143138393351 < 1.0
priNozzle.FNo interp 3d input to low 282.79103714164177 < 300.0
priNozzle.FNo interp 3d input to low -0.3170143138393351 < 1.0
priNozzle.FNo interp 3d input to low 282.79103714164177 < 300.0
priNozzle.FNo interp 3d input to low -0.3170143138393351 < 1.0
priNozzle.FNo interp 3d input to low 282.79103714164177 < 300.0
priNozzle.FNo interp 3d input to low -0.3170143138393351 < 1.0
priNozzle.FNo interp 3d input to low 282.79103714164177 < 300.0
priNozzle.FNo interp 3d input to low -0.3170143138393351 < 1.0
priNozzle.FNo interp 3d input to low 282.79103714164177 < 300.0
priNozzle.FNo interp 3d input to low -0.3170143138393351 < 1.0
priNozzle.FNo interp 3d input to low 282.79103714164177 < 300.0
priNozzle.FNo interp 3d input to low -0.32571155153040054 < 1.0
priNozzle.FNo interp 3d input to low -0.32571155153040054 < 1.0
priNozzle.FNo interp 3d input to low -0.32571155153040054 < 1.0
priNozzle.FNo interp 3d input to low -0.32571155153040054 < 1.0
priNozzle.FNo interp 3d input to low -0.32571155153040054 < 1.0
priNozzle.FNo interp 3d input to low -0.32571155153040054 < 1.0
priNozzle.FNo interp 3d input to low -0.32571155153040054 < 1.0
priNozzle.FNo interp 3d input to low 266.37726925943366 < 300.0
priNozzle.FNo interp 3d input to low -0.32571155153040054 < 1.0
priNozzle.FNo interp 3d input to low 282.01308490917205 < 300.0
priNozzle.FNo interp 3d input to low -0.32571155153040054 < 1.0
priNozzle.FNo interp 3d input to low 282.01308490917205 < 300.0
priNozzle.FNo interp 3d input to low -0.32571155153040054 < 1.0
priNozzle.FNo interp 3d input to low 282.01308490917205 < 300.0
priNozzle.FNo interp 3d input to low -0.32571155153040054 < 1.0
priNozzle.FNo interp 3d input to low 282.01308490917205 < 300.0
priNozzle.FNo interp 3d input to low -0.32571155153040054 < 1.0
priNozzle.FNo interp 3d input to low 282.01308490917205 < 300.0
priNozzle.FNo interp 3d input to low -0.32571155153040054 < 1.0
priNozzle.FNo interp 3d input to low 282.01308490917205 < 300.0
priNozzle.FNo interp 3d input to low -0.334408789221466 < 1.0
priNozzle.FNo interp 3d input to low -0.334408789221466 < 1.0
priNozzle.FNo interp 3d input to low -0.334408789221466 < 1.0
priNozzle.FNo interp 3d input to low -0.334408789221466 < 1.0
priNozzle.FNo interp 3d input to low -0.334408789221466 < 1.0
priNozzle.FNo interp 3d input to low -0.334408789221466 < 1.0
priNozzle.FNo interp 3d input to low -0.334408789221466 < 1.0
priNozzle.FNo interp 3d input to low 265.3970214005165 < 300.0
priNozzle.FNo interp 3d input to low -0.334408789221466 < 1.0
priNozzle.FNo interp 3d input to low 281.23513267669887 < 300.0
priNozzle.FNo interp 3d input to low -0.334408789221466 < 1.0
priNozzle.FNo interp 3d input to low 281.23513267669887 < 300.0
priNozzle.FNo interp 3d input to low -0.334408789221466 < 1.0
priNozzle.FNo interp 3d input to low 281.23513267669887 < 300.0
priNozzle.FNo interp 3d input to low -0.334408789221466 < 1.0
priNozzle.FNo interp 3d input to low 281.23513267669887 < 300.0
priNozzle.FNo interp 3d input to low -0.334408789221466 < 1.0
priNozzle.FNo interp 3d input to low 281.23513267669887 < 300.0
priNozzle.FNo interp 3d input to low -0.334408789221466 < 1.0
priNozzle.FNo interp 3d input to low 281.23513267669887 < 300.0
priNozzle.FNo interp 3d input to low -0.34310602691253145 < 1.0
priNozzle.FNo interp 3d input to low -0.34310602691253145 < 1.0
priNozzle.FNo interp 3d input to low -0.34310602691253145 < 1.0
priNozzle.FNo interp 3d input to low -0.34310602691253145 < 1.0
priNozzle.FNo interp 3d input to low -0.34310602691253145 < 1.0
priNozzle.FNo interp 3d input to low -0.34310602691253145 < 1.0
priNozzle.FNo interp 3d input to low -0.34310602691253145 < 1.0
priNozzle.FNo interp 3d input to low 264.41677354159845 < 300.0
priNozzle.FNo interp 3d input to low -0.34310602691253145 < 1.0
priNozzle.FNo interp 3d input to low 280.45718044422904 < 300.0
priNozzle.FNo interp 3d input to low -0.34310602691253145 < 1.0
priNozzle.FNo interp 3d input to low 280.45718044422904 < 300.0
priNozzle.FNo interp 3d input to low -0.34310602691253145 < 1.0
priNozzle.FNo interp 3d input to low 280.45718044422904 < 300.0
priNozzle.FNo interp 3d input to low -0.34310602691253145 < 1.0
priNozzle.FNo interp 3d input to low 280.45718044422904 < 300.0
priNozzle.FNo interp 3d input to low -0.34310602691253145 < 1.0
priNozzle.FNo interp 3d input to low 280.45718044422904 < 300.0
priNozzle.FNo interp 3d input to low -0.34310602691253145 < 1.0
priNozzle.FNo interp 3d input to low 280.45718044422904 < 300.0
priNozzle.FNo interp 3d input to low -0.3518032646035969 < 1.0
priNozzle.FNo interp 3d input to low -0.3518032646035969 < 1.0
priNozzle.FNo interp 3d input to low -0.3518032646035969 < 1.0
priNozzle.FNo interp 3d input to low -0.3518032646035969 < 1.0
priNozzle.FNo interp 3d input to low -0.3518032646035969 < 1.0
priNozzle.FNo interp 3d input to low -0.3518032646035969 < 1.0
priNozzle.FNo interp 3d input to low -0.3518032646035969 < 1.0
priNozzle.FNo interp 3d input to low 263.4365256826797 < 300.0
priNozzle.FNo interp 3d input to low -0.3518032646035969 < 1.0
priNozzle.FNo interp 3d input to low 279.67922821175927 < 300.0
priNozzle.FNo interp 3d input to low -0.3518032646035969 < 1.0
priNozzle.FNo interp 3d input to low 279.67922821175927 < 300.0
priNozzle.FNo interp 3d input to low -0.3518032646035969 < 1.0
priNozzle.FNo interp 3d input to low 279.67922821175927 < 300.0
priNozzle.FNo interp 3d input to low -0.3518032646035969 < 1.0
priNozzle.FNo interp 3d input to low 279.67922821175927 < 300.0
priNozzle.FNo interp 3d input to low -0.3518032646035969 < 1.0
priNozzle.FNo interp 3d input to low 279.67922821175927 < 300.0
priNozzle.FNo interp 3d input to low -0.3518032646035969 < 1.0
priNozzle.FNo interp 3d input to low 279.67922821175927 < 300.0
priNozzle.FNo interp 3d input to low -0.36050050229466235 < 1.0
priNozzle.FNo interp 3d input to low -0.36050050229466235 < 1.0
priNozzle.FNo interp 3d input to low -0.36050050229466235 < 1.0
priNozzle.FNo interp 3d input to low -0.36050050229466235 < 1.0
priNozzle.FNo interp 3d input to low -0.36050050229466235 < 1.0
priNozzle.FNo interp 3d input to low -0.36050050229466235 < 1.0
priNozzle.FNo interp 3d input to low -0.36050050229466235 < 1.0
priNozzle.FNo interp 3d input to low 262.45627782375936 < 300.0
priNozzle.FNo interp 3d input to low -0.36050050229466235 < 1.0
priNozzle.FNo interp 3d input to low 278.9012759792896 < 300.0
priNozzle.FNo interp 3d input to low -0.36050050229466235 < 1.0
priNozzle.FNo interp 3d input to low 278.9012759792896 < 300.0
priNozzle.FNo interp 3d input to low -0.36050050229466235 < 1.0
priNozzle.FNo interp 3d input to low 278.9012759792896 < 300.0
priNozzle.FNo interp 3d input to low -0.36050050229466235 < 1.0
priNozzle.FNo interp 3d input to low 278.9012759792896 < 300.0
priNozzle.FNo interp 3d input to low -0.36050050229466235 < 1.0
priNozzle.FNo interp 3d input to low 278.9012759792896 < 300.0
priNozzle.FNo interp 3d input to low -0.36050050229466235 < 1.0
priNozzle.FNo interp 3d input to low 278.9012759792896 < 300.0
mach iteration failure
 solver exceeded maximu number of iterations

time =  0.0

******************
Ports*************
******************

Electric Ports


Fluid Ports

start      FNo         W:813.51      Tt:444.8891    Pt:5.284426    ht:-21.9105    FAR:0.0         mach:0.8         Ts:393.8540    Ps:3.458032  
inlet      FNi         W:813.51      Tt:444.8891    Pt:5.284426    ht:-21.9105    FAR:0.0         mach:0.0         Ts:393.8540    Ps:3.458032  
inlet      FNo         W:813.51      Tt:444.8891    Pt:5.273858    ht:-21.9105    FAR:0.0         mach:0.0         Ts:0.0         Ps:0.0       
fan        FNi         W:813.51      Tt:444.8891    Pt:5.273858    ht:-21.9105    FAR:0.0         mach:0.0         Ts:0.0         Ps:0.0       
fan        FNideal     W:813.51      Tt:480.0569    Pt:6.856015    ht:-13.5185    FAR:0.0         mach:0.0         Ts:0.0         Ps:0.0       
fan        FNo         W:813.51      Tt:481.1853    Pt:6.856015    ht:-13.2492    FAR:0.0         mach:0.0         Ts:0.0         Ps:0.0       
fan        FNoBld1     W:0.0         Tt:444.8891    Pt:5.273858    ht:-21.9105    FAR:0.0         mach:0.0         Ts:0.0         Ps:0.0       
fan        FNoBld2     W:0.0         Tt:444.8891    Pt:5.273858    ht:-21.9105    FAR:0.0         mach:0.0         Ts:0.0         Ps:0.0       
splitter   FNi         W:813.51      Tt:481.1853    Pt:6.856015    ht:-13.2492    FAR:0.0         mach:0.0         Ts:0.0         Ps:0.0       
splitter   FNo1        W:32.55628    Tt:481.1853    Pt:6.856015    ht:-13.2492    FAR:0.0         mach:0.0         Ts:0.0         Ps:0.0       
splitter   FNo2        W:780.9537    Tt:481.1853    Pt:6.856015    ht:-13.2492    FAR:0.0         mach:0.0         Ts:0.0         Ps:0.0       
duct2      FNi         W:32.55628    Tt:481.1853    Pt:6.856015    ht:-13.2492    FAR:0.0         mach:0.0         Ts:0.0         Ps:0.0       
duct2      FNo         W:32.55628    Tt:481.1853    Pt:6.856015    ht:-13.2492    FAR:0.0         mach:0.0         Ts:0.0         Ps:0.0       
duct2      FNobld      W:0.0         Tt:481.1853    Pt:6.856015    ht:-13.2492    FAR:0.0         mach:0.0         Ts:0.0         Ps:0.0       
LPC        FNi         W:32.55628    Tt:481.1853    Pt:6.856015    ht:-13.2492    FAR:0.0         mach:0.0         Ts:0.0         Ps:0.0       
LPC        FNideal     W:32.55628    Tt:657.2229    Pt:20.56804    ht:29.00053    FAR:0.0         mach:0.0         Ts:0.0         Ps:0.0       
LPC        FNo         W:32.55628    Tt:678.9443    Pt:20.56804    ht:34.24909    FAR:0.0         mach:0.0         Ts:0.0         Ps:0.0       
LPC        FNoBld1     W:0.0         Tt:481.1853    Pt:6.856015    ht:-13.2492    FAR:0.0         mach:0.0         Ts:0.0         Ps:0.0       
LPC        FNoBld2     W:0.0         Tt:481.1853    Pt:6.856015    ht:-13.2492    FAR:0.0         mach:0.0         Ts:0.0         Ps:0.0       
duct25     FNi         W:32.55628    Tt:678.9443    Pt:20.56804    ht:34.24909    FAR:0.0         mach:0.0         Ts:0.0         Ps:0.0       
duct25     FNo         W:32.55628    Tt:678.9443    Pt:20.25952    ht:34.24909    FAR:0.0         mach:0.0         Ts:0.0         Ps:0.0       
duct25     FNobld      W:0.0         Tt:678.9443    Pt:20.56804    ht:34.24909    FAR:0.0         mach:0.0         Ts:0.0         Ps:0.0       
HPC        FNi         W:32.55628    Tt:678.9443    Pt:20.25952    ht:34.24909    FAR:0.0         mach:0.0         Ts:0.0         Ps:0.0       
HPC        FNideal     W:32.55628    Tt:1404.905    Pt:285.7200    ht:215.9148    FAR:0.0         mach:0.0         Ts:0.0         Ps:0.0       
HPC        FNo         W:29.64901    Tt:1529.766    Pt:285.7200    ht:248.7558    FAR:0.0         mach:0.0         Ts:0.0         Ps:0.0       
HPC        FNoBld1     W:2.256150    Tt:1529.766    Pt:265.4605    ht:248.7558    FAR:0.0         mach:0.0         Ts:0.0         Ps:0.0       
HPC        FNoBld2     W:0.651125    Tt:1114.457    Pt:132.7302    ht:141.5024    FAR:0.0         mach:0.0         Ts:0.0         Ps:0.0       
duct3      FNi         W:29.64901    Tt:1529.766    Pt:285.7200    ht:248.7558    FAR:0.0         mach:0.0         Ts:0.0         Ps:0.0       
duct3      FNo         W:27.61391    Tt:1529.766    Pt:285.7200    ht:248.7558    FAR:0.0         mach:0.0         Ts:0.0         Ps:0.0       
duct3      FNobld      W:2.035098    Tt:1529.766    Pt:285.7200    ht:248.7558    FAR:0.0         mach:0.0         Ts:0.0         Ps:0.0       
burner     FNi         W:27.61391    Tt:1529.766    Pt:285.7200    ht:248.7558    FAR:0.0         mach:0.0         Ts:0.0         Ps:0.0       
burner     FNo         W:27.61391    Tt:1529.766    Pt:274.2912    ht:248.7558    FAR:0.0         mach:0.0         Ts:0.0         Ps:0.0       
HPT        FN41        W:29.64901    Tt:1529.766    Pt:274.2912    ht:248.7558    FAR:0.0         mach:0.0         Ts:0.0         Ps:0.0       
HPT        FN42        W:29.64901    Tt:812.3140    Pt:20.72942    ht:66.64475    FAR:0.0         mach:0.0         Ts:0.0         Ps:0.0       
HPT        FNi         W:27.61391    Tt:1529.766    Pt:274.2912    ht:248.7558    FAR:0.0         mach:0.0         Ts:0.0         Ps:0.0       
HPT        FNiBld1     W:2.035098    Tt:1529.766    Pt:285.7200    ht:248.7558    FAR:0.0         mach:0.0         Ts:0.0         Ps:0.0       
HPT        FNiBld2     W:2.256150    Tt:1529.766    Pt:265.4605    ht:248.7558    FAR:0.0         mach:0.0         Ts:0.0         Ps:0.0       
HPT        FNideal     W:29.64901    Tt:757.1831    Pt:20.72942    ht:53.21080    FAR:0.0         mach:0.0         Ts:0.0         Ps:0.0       
HPT        FNo         W:31.90516    Tt:864.9264    Pt:20.72942    ht:79.52260    FAR:0.0         mach:0.0         Ts:0.0         Ps:0.0       
duct45     FNi         W:31.90516    Tt:864.9264    Pt:20.72942    ht:79.52260    FAR:0.0         mach:0.0         Ts:0.0         Ps:0.0       
duct45     FNo         W:31.90516    Tt:864.9264    Pt:20.62578    ht:79.52260    FAR:0.0         mach:0.0         Ts:0.0         Ps:0.0       
duct45     FNobld      W:0.0         Tt:864.9264    Pt:20.72942    ht:79.52260    FAR:0.0         mach:0.0         Ts:0.0         Ps:0.0       
LPT        FN41        W:32.55628    Tt:869.9748    Pt:20.62578    ht:80.76220    FAR:0.0         mach:0.0         Ts:0.0         Ps:0.0       
LPT        FN42        W:32.55628    Tt:318.9269    Pt:0.087850    ht:-51.8356    FAR:0.0         mach:0.0         Ts:0.0         Ps:0.0       
LPT        FNi         W:31.90516    Tt:864.9264    Pt:20.62578    ht:79.52260    FAR:0.0         mach:0.0         Ts:0.0         Ps:0.0       
LPT        FNiBld1     W:0.651125    Tt:1114.457    Pt:132.7302    ht:141.5024    FAR:0.0         mach:0.0         Ts:0.0         Ps:0.0       
LPT        FNiBld2     W:0.0         Tt:0.0         Pt:0.0         ht:0.0         FAR:0.0         mach:0.0         Ts:0.0         Ps:0.0       
LPT        FNideal     W:32.55628    Tt:284.1644    Pt:0.087850    ht:-60.0716    FAR:0.0         mach:0.0         Ts:0.0         Ps:0.0       
LPT        FNo         W:32.55628    Tt:318.9269    Pt:0.087850    ht:-51.8356    FAR:0.0         mach:0.0         Ts:0.0         Ps:0.0       
duct5      FNi         W:32.55628    Tt:318.9269    Pt:0.087850    ht:-51.8356    FAR:0.0         mach:0.0         Ts:0.0         Ps:0.0       
duct5      FNo         W:32.55628    Tt:318.9269    Pt:0.086972    ht:-51.8356    FAR:0.0         mach:0.0         Ts:0.0         Ps:0.0       
duct5      FNobld      W:0.0         Tt:318.9269    Pt:0.087850    ht:-51.8356    FAR:0.0         mach:0.0         Ts:0.0         Ps:0.0       
priNozzl   FNi         W:32.55628    Tt:318.9269    Pt:0.086972    ht:-51.8356    FAR:0.0         mach:0.0         Ts:0.0         Ps:0.0       
priNozzl   FNo         W:32.55628    Tt:318.9269    Pt:0.086972    ht:-51.8356    FAR:0.0         mach:1.502033    Ts:584.1748    Ps:3.45803   
duct17     FNi         W:780.9537    Tt:481.1853    Pt:6.856015    ht:-13.2492    FAR:0.0         mach:0.0         Ts:0.0         Ps:0.0       
duct17     FNo         W:780.9537    Tt:481.1853    Pt:6.753175    ht:-13.2492    FAR:0.0         mach:0.0         Ts:0.0         Ps:0.0       
duct17     FNobld      W:0.0         Tt:481.1853    Pt:6.856015    ht:-13.2492    FAR:0.0         mach:0.0         Ts:0.0         Ps:0.0       
fanNozzl   FNi         W:780.9537    Tt:481.1853    Pt:6.753175    ht:-13.2492    FAR:0.0         mach:0.0         Ts:0.0         Ps:0.0       
fanNozzl   FNo         W:780.9537    Tt:481.1853    Pt:6.753175    ht:-13.2492    FAR:0.0         mach:1.026969    Ts:396.6000    Ps:3.458030  

Mech Ports

fan        MP          N:6772.0      hp:-9966.92    I:0.0       
LPC        MP          N:6772.0      hp:-2187.39    I:0.0       
HPC        MP          N:20871.0     hp:-9779.70    I:0.0       
HPT        MP          N:20871.0     hp:7637.677    I:0.0       
LPT        MP          N:6772.0      hp:6106.409    I:0.0       
HPshaft    MPC         N:20871.0     hp:-9779.70    I:0.0       
HPshaft    MPT         N:20871.0     hp:7637.677    I:0.0       
LPshaft    MPfan       N:6772.0      hp:-9966.92    I:0.0       
LPshaft    MPlpc       N:6772.0      hp:-2187.39    I:0.0       
LPshaft    MPlpt       N:6772.0      hp:6106.409    I:0.0       

*******************
Elements***********
*******************

FlightCond  start       W:813.51    Tt:444.889  Pt:5.28442  Tamb:393.8  Pamb:3.458  
Inlet       inlet       rec:0.998   
Compressor  fan         PR:1.3      eff:0.9689  Rline:2.0   NcMap:1.0   
Splitter    splitter    BPR:23.987  
Duct        duct2       dP:0.0      Q:0.0       
Compressor  LPC         PR:3.00000  eff:0.8895  Rline:2.0   NcMap:1.0   
Duct        duct25      dP:0.015    Q:0.0       
Compressor  HPC         PR:14.103   eff:0.8469  Rline:2.0   NcMap:1.0   
Duct        duct3       dP:0.0      Q:0.0       
Burner      burner      FAR:0.0     Tout:0.0    Wfuel:0.0   dP:0.04     
Turbine     HPT         PR:13.2319  eff:0.9312  PRmap:3.0   NcMap:0.9   
Duct        duct45      dP:0.005    Q:0.0       
Turbine     LPT         PR:234.781  eff:0.9410  PRmap:6.0   NcMap:0.9   
Duct        duct5       dP:0.01     Q:0.0       
Nozzle      priNozzle   Fg:-1799.2  
Duct        duct17      dP:0.015    Q:0.0       
Nozzle      fanNozzle   Fg:24327.8  
Shaft       HPshaft     N:20871.0   HPX:350.0   
Shaft       LPshaft     N:6772.0    HPX:0.0     
Performanc  Perf        alt:35000.  MN:0.8      Fn:2808.48  SFC:0.0     Fg:22528.6  Fram:19720  Wfuel:0.0    

****************
Solver**********
****************

Converged:False

******************************************************************************************
******************************************************************************************
start.FNo interp 3d input to low -34.05816994018934 < 300.0
start.FNo interp 3d input to low -34.05816994018934 < 300.0
start.FNo interp 3d input to low -34.05816994018934 < 300.0
start.FNo interp 3d input to low -34.05816994018934 < 300.0
LPT.FNideal interp 3d input to low 0.08790334342997848 < 1.0
LPT.FNideal interp 3d input to low 0.08790334342997848 < 1.0
LPT.FNideal interp 3d input to low 0.08790334342997848 < 1.0
LPT.FNideal interp 3d input to low 0.08790334342997848 < 1.0
LPT.FNideal interp 3d input to low 0.08790334342997848 < 1.0
LPT.FNideal interp 3d input to low 0.08790334342997848 < 1.0
LPT.FNideal interp 3d input to low 0.08790334342997848 < 1.0
LPT.FNideal interp 3d input to low 269.2335276487843 < 300.0
LPT.FNideal interp 3d input to low 0.08790334342997848 < 1.0
LPT.FNideal interp 3d input to low 284.27989178759884 < 300.0
LPT.FNideal interp 3d input to low 0.08790334342997848 < 1.0
LPT.FNideal interp 3d input to low 284.27989178759884 < 300.0
LPT.FNideal interp 3d input to low 0.08790334342997848 < 1.0
LPT.FNideal interp 3d input to low 284.27989178759884 < 300.0
LPT.FNideal interp 3d input to low 0.08790334342997848 < 1.0
LPT.FNideal interp 3d input to low 284.27989178759884 < 300.0
LPT.FNideal interp 3d input to low 0.08790334342997848 < 1.0
LPT.FNideal interp 3d input to low 284.27989178759884 < 300.0
LPT.FNideal interp 3d input to low 0.08790334342997848 < 1.0
LPT.FNideal interp 3d input to low 284.27989178759884 < 300.0
LPT.FN42 interp 3d input to low 0.08790334342997848 < 1.0
LPT.FN42 interp 3d input to low 0.08790334342997848 < 1.0
LPT.FN42 interp 3d input to low 0.08790334342997848 < 1.0
LPT.FN42 interp 3d input to low 0.08790334342997848 < 1.0
LPT.FN42 interp 3d input to low 0.08790334342997848 < 1.0
LPT.FN42 interp 3d input to low 0.08790334342997848 < 1.0
LPT.FN42 interp 3d input to low 0.08790334342997848 < 1.0
LPT.FN42 interp 3d input to low 0.08790334342997848 < 1.0
LPT.FN42 interp 3d input to low 0.08790334342997848 < 1.0
LPT.FN42 interp 3d input to low 0.08790334342997848 < 1.0
LPT.FN42 interp 3d input to low 0.08790334342997848 < 1.0
LPT.FN42 interp 3d input to low 0.08790334342997848 < 1.0
LPT.FN42 interp 3d input to low 0.08790334342997848 < 1.0
LPT.FNo interp 3d input to low 0.08790334342997848 < 1.0
LPT.FNo interp 3d input to low 0.08790334342997848 < 1.0
LPT.FNo interp 3d input to low 0.08790334342997848 < 1.0
LPT.FNo interp 3d input to low 0.08790334342997848 < 1.0
LPT.FNo interp 3d input to low 0.08790334342997848 < 1.0
LPT.FNo interp 3d input to low 0.08790334342997848 < 1.0
LPT.FNo interp 3d input to low 0.08790334342997848 < 1.0
LPT.FNo interp 3d input to low 0.08790334342997848 < 1.0
LPT.FNo interp 3d input to low 0.08790334342997848 < 1.0
LPT.FNo interp 3d input to low 0.08790334342997848 < 1.0
LPT.FNo interp 3d input to low 0.08790334342997848 < 1.0
LPT.FNo interp 3d input to low 0.08790334342997848 < 1.0
LPT.FNo interp 3d input to low 0.08790334342997848 < 1.0
duct5.FNo interp 3d input to low 0.08702430999567869 < 1.0
duct5.FNo interp 3d input to low 0.08702430999567869 < 1.0
duct5.FNo interp 3d input to low 0.08702430999567869 < 1.0
duct5.FNo interp 3d input to low 0.08702430999567869 < 1.0
duct5.FNo interp 3d input to low 0.08702430999567869 < 1.0
duct5.FNo interp 3d input to low 0.08702430999567869 < 1.0
duct5.FNo interp 3d input to low 0.08702430999567869 < 1.0
duct5.FNo interp 3d input to low 0.08702430999567869 < 1.0
duct5.FNo interp 3d input to low 0.08702430999567869 < 1.0
duct5.FNo interp 3d input to low 0.08702430999567869 < 1.0
duct5.FNo interp 3d input to low 0.08702430999567869 < 1.0
duct5.FNo interp 3d input to low 0.08702430999567869 < 1.0
duct5.FNo interp 3d input to low 0.08702430999567869 < 1.0
priNozzle nozzle pressure ratio < 1 priNozzle.FNo interp 3d input to low 0.08702430999567869 < 1.0
priNozzle.FNo interp 3d input to low 0.08702430999567869 < 1.0
priNozzle.FNo interp 3d input to low 0.08702430999567869 < 1.0
priNozzle.FNo interp 3d input to low -51.80414414215867 < 300.0
priNozzle.FNo interp 3d input to low 0.08702430999567869 < 1.0
priNozzle.FNo interp 3d input to low -51.80414414215867 < 300.0
priNozzle.FNo interp 3d input to low 0.08702430999567869 < 1.0
priNozzle.FNo interp 3d input to low -51.80414414215867 < 300.0
priNozzle.FNo interp 3d input to low 0.08702430999567869 < 1.0
priNozzle.FNo interp 3d input to low -51.80414414215867 < 300.0
priNozzle.FNo interp 3d input to low 0.07832187899611082 < 1.0
priNozzle.FNo interp 3d input to low 0.07832187899611082 < 1.0
priNozzle.FNo interp 3d input to low 0.07832187899611082 < 1.0
priNozzle.FNo interp 3d input to low 0.07832187899611082 < 1.0
priNozzle.FNo interp 3d input to low 0.07832187899611082 < 1.0
priNozzle.FNo interp 3d input to low 0.07832187899611082 < 1.0
priNozzle.FNo interp 3d input to low 0.07832187899611082 < 1.0
priNozzle.FNo interp 3d input to low 0.07832187899611082 < 1.0
priNozzle.FNo interp 3d input to low 0.07832187899611082 < 1.0
priNozzle.FNo interp 3d input to low 0.07832187899611082 < 1.0
priNozzle.FNo interp 3d input to low 0.07832187899611082 < 1.0
priNozzle.FNo interp 3d input to low 0.07832187899611082 < 1.0
priNozzle.FNo interp 3d input to low 0.07832187899611082 < 1.0
priNozzle.FNo interp 3d input to low 0.07440578504630527 < 1.0
priNozzle.FNo interp 3d input to low 0.07440578504630527 < 1.0
priNozzle.FNo interp 3d input to low 0.07440578504630527 < 1.0
priNozzle.FNo interp 3d input to low 0.07440578504630527 < 1.0
priNozzle.FNo interp 3d input to low 0.07440578504630527 < 1.0
priNozzle.FNo interp 3d input to low 0.07440578504630527 < 1.0
priNozzle.FNo interp 3d input to low 0.07440578504630527 < 1.0
priNozzle.FNo interp 3d input to low 0.07440578504630527 < 1.0
priNozzle.FNo interp 3d input to low 0.07440578504630527 < 1.0
priNozzle.FNo interp 3d input to low 0.07440578504630527 < 1.0
priNozzle.FNo interp 3d input to low 0.07440578504630527 < 1.0
priNozzle.FNo interp 3d input to low 0.07440578504630527 < 1.0
priNozzle.FNo interp 3d input to low 0.07440578504630527 < 1.0
priNozzle.FNo interp 3d input to low 0.0657033540467374 < 1.0
priNozzle.FNo interp 3d input to low 0.0657033540467374 < 1.0
priNozzle.FNo interp 3d input to low 0.0657033540467374 < 1.0
priNozzle.FNo interp 3d input to low 0.0657033540467374 < 1.0
priNozzle.FNo interp 3d input to low 0.0657033540467374 < 1.0
priNozzle.FNo interp 3d input to low 0.0657033540467374 < 1.0
priNozzle.FNo interp 3d input to low 0.0657033540467374 < 1.0
priNozzle.FNo interp 3d input to low 0.0657033540467374 < 1.0
priNozzle.FNo interp 3d input to low 0.0657033540467374 < 1.0
priNozzle.FNo interp 3d input to low 0.0657033540467374 < 1.0
priNozzle.FNo interp 3d input to low 0.0657033540467374 < 1.0
priNozzle.FNo interp 3d input to low 0.0657033540467374 < 1.0
priNozzle.FNo interp 3d input to low 0.0657033540467374 < 1.0
priNozzle.FNo interp 3d input to low 0.05700092304716953 < 1.0
priNozzle.FNo interp 3d input to low 0.05700092304716953 < 1.0
priNozzle.FNo interp 3d input to low 0.05700092304716953 < 1.0
priNozzle.FNo interp 3d input to low 0.05700092304716953 < 1.0
priNozzle.FNo interp 3d input to low 0.05700092304716953 < 1.0
priNozzle.FNo interp 3d input to low 0.05700092304716953 < 1.0
priNozzle.FNo interp 3d input to low 0.05700092304716953 < 1.0
priNozzle.FNo interp 3d input to low 0.05700092304716953 < 1.0
priNozzle.FNo interp 3d input to low 0.05700092304716953 < 1.0
priNozzle.FNo interp 3d input to low 0.05700092304716953 < 1.0
priNozzle.FNo interp 3d input to low 0.05700092304716953 < 1.0
priNozzle.FNo interp 3d input to low 0.05700092304716953 < 1.0
priNozzle.FNo interp 3d input to low 0.05700092304716953 < 1.0
priNozzle.FNo interp 3d input to low 0.04829849204760166 < 1.0
priNozzle.FNo interp 3d input to low 0.04829849204760166 < 1.0
priNozzle.FNo interp 3d input to low 0.04829849204760166 < 1.0
priNozzle.FNo interp 3d input to low 0.04829849204760166 < 1.0
priNozzle.FNo interp 3d input to low 0.04829849204760166 < 1.0
priNozzle.FNo interp 3d input to low 0.04829849204760166 < 1.0
priNozzle.FNo interp 3d input to low 0.04829849204760166 < 1.0
priNozzle.FNo interp 3d input to low 0.04829849204760166 < 1.0
priNozzle.FNo interp 3d input to low 0.04829849204760166 < 1.0
priNozzle.FNo interp 3d input to low 0.04829849204760166 < 1.0
priNozzle.FNo interp 3d input to low 0.04829849204760166 < 1.0
priNozzle.FNo interp 3d input to low 0.04829849204760166 < 1.0
priNozzle.FNo interp 3d input to low 0.04829849204760166 < 1.0
priNozzle.FNo interp 3d input to low 0.03959606104803379 < 1.0
priNozzle.FNo interp 3d input to low 0.03959606104803379 < 1.0
priNozzle.FNo interp 3d input to low 0.03959606104803379 < 1.0
priNozzle.FNo interp 3d input to low 0.03959606104803379 < 1.0
priNozzle.FNo interp 3d input to low 0.03959606104803379 < 1.0
priNozzle.FNo interp 3d input to low 0.03959606104803379 < 1.0
priNozzle.FNo interp 3d input to low 0.03959606104803379 < 1.0
priNozzle.FNo interp 3d input to low 0.03959606104803379 < 1.0
priNozzle.FNo interp 3d input to low 0.03959606104803379 < 1.0
priNozzle.FNo interp 3d input to low 0.03959606104803379 < 1.0
priNozzle.FNo interp 3d input to low 0.03959606104803379 < 1.0
priNozzle.FNo interp 3d input to low 0.03959606104803379 < 1.0
priNozzle.FNo interp 3d input to low 0.03959606104803379 < 1.0
priNozzle.FNo interp 3d input to low 0.030893630048465917 < 1.0
priNozzle.FNo interp 3d input to low 0.030893630048465917 < 1.0
priNozzle.FNo interp 3d input to low 0.030893630048465917 < 1.0
priNozzle.FNo interp 3d input to low 0.030893630048465917 < 1.0
priNozzle.FNo interp 3d input to low 0.030893630048465917 < 1.0
priNozzle.FNo interp 3d input to low 0.030893630048465917 < 1.0
priNozzle.FNo interp 3d input to low 0.030893630048465917 < 1.0
priNozzle.FNo interp 3d input to low 0.030893630048465917 < 1.0
priNozzle.FNo interp 3d input to low 0.030893630048465917 < 1.0
priNozzle.FNo interp 3d input to low 0.030893630048465917 < 1.0
priNozzle.FNo interp 3d input to low 0.030893630048465917 < 1.0
priNozzle.FNo interp 3d input to low 0.030893630048465917 < 1.0
priNozzle.FNo interp 3d input to low 0.030893630048465917 < 1.0
priNozzle.FNo interp 3d input to low 0.022191199048898047 < 1.0
priNozzle.FNo interp 3d input to low 0.022191199048898047 < 1.0
priNozzle.FNo interp 3d input to low 0.022191199048898047 < 1.0
priNozzle.FNo interp 3d input to low 0.022191199048898047 < 1.0
priNozzle.FNo interp 3d input to low 0.022191199048898047 < 1.0
priNozzle.FNo interp 3d input to low 0.022191199048898047 < 1.0
priNozzle.FNo interp 3d input to low 0.022191199048898047 < 1.0
priNozzle.FNo interp 3d input to low 0.022191199048898047 < 1.0
priNozzle.FNo interp 3d input to low 0.022191199048898047 < 1.0
priNozzle.FNo interp 3d input to low 0.022191199048898047 < 1.0
priNozzle.FNo interp 3d input to low 0.022191199048898047 < 1.0
priNozzle.FNo interp 3d input to low 0.022191199048898047 < 1.0
priNozzle.FNo interp 3d input to low 0.022191199048898047 < 1.0
priNozzle.FNo interp 3d input to low 0.013488768049330179 < 1.0
priNozzle.FNo interp 3d input to low 0.013488768049330179 < 1.0
priNozzle.FNo interp 3d input to low 0.013488768049330179 < 1.0
priNozzle.FNo interp 3d input to low 0.013488768049330179 < 1.0
priNozzle.FNo interp 3d input to low 0.013488768049330179 < 1.0
priNozzle.FNo interp 3d input to low 0.013488768049330179 < 1.0
priNozzle.FNo interp 3d input to low 0.013488768049330179 < 1.0
priNozzle.FNo interp 3d input to low 0.013488768049330179 < 1.0
priNozzle.FNo interp 3d input to low 0.013488768049330179 < 1.0
priNozzle.FNo interp 3d input to low 0.013488768049330179 < 1.0
priNozzle.FNo interp 3d input to low 0.013488768049330179 < 1.0
priNozzle.FNo interp 3d input to low 0.013488768049330179 < 1.0
priNozzle.FNo interp 3d input to low 0.013488768049330179 < 1.0
priNozzle.FNo interp 3d input to low 0.0047863370497623105 < 1.0
priNozzle.FNo interp 3d input to low 0.0047863370497623105 < 1.0
priNozzle.FNo interp 3d input to low 0.0047863370497623105 < 1.0
priNozzle.FNo interp 3d input to low 0.0047863370497623105 < 1.0
priNozzle.FNo interp 3d input to low 0.0047863370497623105 < 1.0
priNozzle.FNo interp 3d input to low 0.0047863370497623105 < 1.0
priNozzle.FNo interp 3d input to low 0.0047863370497623105 < 1.0
priNozzle.FNo interp 3d input to low 0.0047863370497623105 < 1.0
priNozzle.FNo interp 3d input to low 0.0047863370497623105 < 1.0
priNozzle.FNo interp 3d input to low 0.0047863370497623105 < 1.0
priNozzle.FNo interp 3d input to low 0.0047863370497623105 < 1.0
priNozzle.FNo interp 3d input to low 0.0047863370497623105 < 1.0
priNozzle.FNo interp 3d input to low 0.0047863370497623105 < 1.0
priNozzle.FNo interp 3d input to low -0.003916093949805558 < 1.0
priNozzle.FNo interp 3d input to low -0.003916093949805558 < 1.0
priNozzle.FNo interp 3d input to low -0.003916093949805558 < 1.0
priNozzle.FNo interp 3d input to low -0.003916093949805558 < 1.0
priNozzle.FNo interp 3d input to low -0.003916093949805558 < 1.0
priNozzle.FNo interp 3d input to low -0.003916093949805558 < 1.0
priNozzle.FNo interp 3d input to low -0.003916093949805558 < 1.0
priNozzle.FNo interp 3d input to low -0.003916093949805558 < 1.0
priNozzle.FNo interp 3d input to low -0.003916093949805558 < 1.0
priNozzle.FNo interp 3d input to low -0.003916093949805558 < 1.0
priNozzle.FNo interp 3d input to low -0.003916093949805558 < 1.0
priNozzle.FNo interp 3d input to low -0.003916093949805558 < 1.0
priNozzle.FNo interp 3d input to low -0.003916093949805558 < 1.0
priNozzle.FNo interp 3d input to low -0.012618524949373426 < 1.0
priNozzle.FNo interp 3d input to low -0.012618524949373426 < 1.0
priNozzle.FNo interp 3d input to low -0.012618524949373426 < 1.0
priNozzle.FNo interp 3d input to low -0.012618524949373426 < 1.0
priNozzle.FNo interp 3d input to low -0.012618524949373426 < 1.0
priNozzle.FNo interp 3d input to low -0.012618524949373426 < 1.0
priNozzle.FNo interp 3d input to low -0.012618524949373426 < 1.0
priNozzle.FNo interp 3d input to low -0.012618524949373426 < 1.0
priNozzle.FNo interp 3d input to low -0.012618524949373426 < 1.0
priNozzle.FNo interp 3d input to low -0.012618524949373426 < 1.0
priNozzle.FNo interp 3d input to low -0.012618524949373426 < 1.0
priNozzle.FNo interp 3d input to low -0.012618524949373426 < 1.0
priNozzle.FNo interp 3d input to low -0.012618524949373426 < 1.0
priNozzle.FNo interp 3d input to low -0.021320955948941296 < 1.0
priNozzle.FNo interp 3d input to low -0.021320955948941296 < 1.0
priNozzle.FNo interp 3d input to low -0.021320955948941296 < 1.0
priNozzle.FNo interp 3d input to low -0.021320955948941296 < 1.0
priNozzle.FNo interp 3d input to low -0.021320955948941296 < 1.0
priNozzle.FNo interp 3d input to low -0.021320955948941296 < 1.0
priNozzle.FNo interp 3d input to low -0.021320955948941296 < 1.0
priNozzle.FNo interp 3d input to low -0.021320955948941296 < 1.0
priNozzle.FNo interp 3d input to low -0.021320955948941296 < 1.0
priNozzle.FNo interp 3d input to low -0.021320955948941296 < 1.0
priNozzle.FNo interp 3d input to low -0.021320955948941296 < 1.0
priNozzle.FNo interp 3d input to low -0.021320955948941296 < 1.0
priNozzle.FNo interp 3d input to low -0.021320955948941296 < 1.0
priNozzle.FNo interp 3d input to low -0.030023386948509166 < 1.0
priNozzle.FNo interp 3d input to low -0.030023386948509166 < 1.0
priNozzle.FNo interp 3d input to low -0.030023386948509166 < 1.0
priNozzle.FNo interp 3d input to low -0.030023386948509166 < 1.0
priNozzle.FNo interp 3d input to low -0.030023386948509166 < 1.0
priNozzle.FNo interp 3d input to low -0.030023386948509166 < 1.0
priNozzle.FNo interp 3d input to low -0.030023386948509166 < 1.0
priNozzle.FNo interp 3d input to low 299.8651163432558 < 300.0
priNozzle.FNo interp 3d input to low -0.030023386948509166 < 1.0
priNozzle.FNo interp 3d input to low -0.030023386948509166 < 1.0
priNozzle.FNo interp 3d input to low -0.030023386948509166 < 1.0
priNozzle.FNo interp 3d input to low -0.030023386948509166 < 1.0
priNozzle.FNo interp 3d input to low -0.030023386948509166 < 1.0
priNozzle.FNo interp 3d input to low -0.030023386948509166 < 1.0
priNozzle.FNo interp 3d input to low -0.038725817948077036 < 1.0
priNozzle.FNo interp 3d input to low -0.038725817948077036 < 1.0
priNozzle.FNo interp 3d input to low -0.038725817948077036 < 1.0
priNozzle.FNo interp 3d input to low -0.038725817948077036 < 1.0
priNozzle.FNo interp 3d input to low -0.038725817948077036 < 1.0
priNozzle.FNo interp 3d input to low -0.038725817948077036 < 1.0
priNozzle.FNo interp 3d input to low -0.038725817948077036 < 1.0
priNozzle.FNo interp 3d input to low 298.884283157203 < 300.0
priNozzle.FNo interp 3d input to low -0.038725817948077036 < 1.0
priNozzle.FNo interp 3d input to low -0.038725817948077036 < 1.0
priNozzle.FNo interp 3d input to low -0.038725817948077036 < 1.0
priNozzle.FNo interp 3d input to low -0.038725817948077036 < 1.0
priNozzle.FNo interp 3d input to low -0.038725817948077036 < 1.0
priNozzle.FNo interp 3d input to low -0.038725817948077036 < 1.0
priNozzle.FNo interp 3d input to low -0.047428248947644906 < 1.0
priNozzle.FNo interp 3d input to low -0.047428248947644906 < 1.0
priNozzle.FNo interp 3d input to low -0.047428248947644906 < 1.0
priNozzle.FNo interp 3d input to low -0.047428248947644906 < 1.0
priNozzle.FNo interp 3d input to low -0.047428248947644906 < 1.0
priNozzle.FNo interp 3d input to low -0.047428248947644906 < 1.0
priNozzle.FNo interp 3d input to low -0.047428248947644906 < 1.0
priNozzle.FNo interp 3d input to low 297.9034499711493 < 300.0
priNozzle.FNo interp 3d input to low -0.047428248947644906 < 1.0
priNozzle.FNo interp 3d input to low -0.047428248947644906 < 1.0
priNozzle.FNo interp 3d input to low -0.047428248947644906 < 1.0
priNozzle.FNo interp 3d input to low -0.047428248947644906 < 1.0
priNozzle.FNo interp 3d input to low -0.047428248947644906 < 1.0
priNozzle.FNo interp 3d input to low -0.047428248947644906 < 1.0
priNozzle.FNo interp 3d input to low -0.056130679947212776 < 1.0
priNozzle.FNo interp 3d input to low -0.056130679947212776 < 1.0
priNozzle.FNo interp 3d input to low -0.056130679947212776 < 1.0
priNozzle.FNo interp 3d input to low -0.056130679947212776 < 1.0
priNozzle.FNo interp 3d input to low -0.056130679947212776 < 1.0
priNozzle.FNo interp 3d input to low -0.056130679947212776 < 1.0
priNozzle.FNo interp 3d input to low -0.056130679947212776 < 1.0
priNozzle.FNo interp 3d input to low 296.922616785094 < 300.0
priNozzle.FNo interp 3d input to low -0.056130679947212776 < 1.0
priNozzle.FNo interp 3d input to low -0.056130679947212776 < 1.0
priNozzle.FNo interp 3d input to low -0.056130679947212776 < 1.0
priNozzle.FNo interp 3d input to low -0.056130679947212776 < 1.0
priNozzle.FNo interp 3d input to low -0.056130679947212776 < 1.0
priNozzle.FNo interp 3d input to low -0.056130679947212776 < 1.0
priNozzle.FNo interp 3d input to low -0.06483311094678064 < 1.0
priNozzle.FNo interp 3d input to low -0.06483311094678064 < 1.0
priNozzle.FNo interp 3d input to low -0.06483311094678064 < 1.0
priNozzle.FNo interp 3d input to low -0.06483311094678064 < 1.0
priNozzle.FNo interp 3d input to low -0.06483311094678064 < 1.0
priNozzle.FNo interp 3d input to low -0.06483311094678064 < 1.0
priNozzle.FNo interp 3d input to low -0.06483311094678064 < 1.0
priNozzle.FNo interp 3d input to low 295.94178359903805 < 300.0
priNozzle.FNo interp 3d input to low -0.06483311094678064 < 1.0
priNozzle.FNo interp 3d input to low -0.06483311094678064 < 1.0
priNozzle.FNo interp 3d input to low -0.06483311094678064 < 1.0
priNozzle.FNo interp 3d input to low -0.06483311094678064 < 1.0
priNozzle.FNo interp 3d input to low -0.06483311094678064 < 1.0
priNozzle.FNo interp 3d input to low -0.06483311094678064 < 1.0
priNozzle.FNo interp 3d input to low -0.07353554194634851 < 1.0
priNozzle.FNo interp 3d input to low -0.07353554194634851 < 1.0
priNozzle.FNo interp 3d input to low -0.07353554194634851 < 1.0
priNozzle.FNo interp 3d input to low -0.07353554194634851 < 1.0
priNozzle.FNo interp 3d input to low -0.07353554194634851 < 1.0
priNozzle.FNo interp 3d input to low -0.07353554194634851 < 1.0
priNozzle.FNo interp 3d input to low -0.07353554194634851 < 1.0
priNozzle.FNo interp 3d input to low 294.9609504129812 < 300.0
priNozzle.FNo interp 3d input to low -0.07353554194634851 < 1.0
priNozzle.FNo interp 3d input to low -0.07353554194634851 < 1.0
priNozzle.FNo interp 3d input to low -0.07353554194634851 < 1.0
priNozzle.FNo interp 3d input to low -0.07353554194634851 < 1.0
priNozzle.FNo interp 3d input to low -0.07353554194634851 < 1.0
priNozzle.FNo interp 3d input to low -0.07353554194634851 < 1.0
priNozzle.FNo interp 3d input to low -0.08223797294591638 < 1.0
priNozzle.FNo interp 3d input to low -0.08223797294591638 < 1.0
priNozzle.FNo interp 3d input to low -0.08223797294591638 < 1.0
priNozzle.FNo interp 3d input to low -0.08223797294591638 < 1.0
priNozzle.FNo interp 3d input to low -0.08223797294591638 < 1.0
priNozzle.FNo interp 3d input to low -0.08223797294591638 < 1.0
priNozzle.FNo interp 3d input to low -0.08223797294591638 < 1.0
priNozzle.FNo interp 3d input to low 293.98011722692314 < 300.0
priNozzle.FNo interp 3d input to low -0.08223797294591638 < 1.0
priNozzle.FNo interp 3d input to low -0.08223797294591638 < 1.0
priNozzle.FNo interp 3d input to low -0.08223797294591638 < 1.0
priNozzle.FNo interp 3d input to low -0.08223797294591638 < 1.0
priNozzle.FNo interp 3d input to low -0.08223797294591638 < 1.0
priNozzle.FNo interp 3d input to low -0.08223797294591638 < 1.0
priNozzle.FNo interp 3d input to low -0.09094040394548425 < 1.0
priNozzle.FNo interp 3d input to low -0.09094040394548425 < 1.0
priNozzle.FNo interp 3d input to low -0.09094040394548425 < 1.0
priNozzle.FNo interp 3d input to low -0.09094040394548425 < 1.0
priNozzle.FNo interp 3d input to low -0.09094040394548425 < 1.0
priNozzle.FNo interp 3d input to low -0.09094040394548425 < 1.0
priNozzle.FNo interp 3d input to low -0.09094040394548425 < 1.0
priNozzle.FNo interp 3d input to low 292.99928404086415 < 300.0
priNozzle.FNo interp 3d input to low -0.09094040394548425 < 1.0
priNozzle.FNo interp 3d input to low -0.09094040394548425 < 1.0
priNozzle.FNo interp 3d input to low -0.09094040394548425 < 1.0
priNozzle.FNo interp 3d input to low -0.09094040394548425 < 1.0
priNozzle.FNo interp 3d input to low -0.09094040394548425 < 1.0
priNozzle.FNo interp 3d input to low -0.09094040394548425 < 1.0
priNozzle.FNo interp 3d input to low -0.09964283494505212 < 1.0
priNozzle.FNo interp 3d input to low -0.09964283494505212 < 1.0
priNozzle.FNo interp 3d input to low -0.09964283494505212 < 1.0
priNozzle.FNo interp 3d input to low -0.09964283494505212 < 1.0
priNozzle.FNo interp 3d input to low -0.09964283494505212 < 1.0
priNozzle.FNo interp 3d input to low -0.09964283494505212 < 1.0
priNozzle.FNo interp 3d input to low -0.09964283494505212 < 1.0
priNozzle.FNo interp 3d input to low 292.018450854804 < 300.0
priNozzle.FNo interp 3d input to low -0.09964283494505212 < 1.0
priNozzle.FNo interp 3d input to low -0.09964283494505212 < 1.0
priNozzle.FNo interp 3d input to low -0.09964283494505212 < 1.0
priNozzle.FNo interp 3d input to low -0.09964283494505212 < 1.0
priNozzle.FNo interp 3d input to low -0.09964283494505212 < 1.0
priNozzle.FNo interp 3d input to low -0.09964283494505212 < 1.0
priNozzle.FNo interp 3d input to low -0.10834526594461999 < 1.0
priNozzle.FNo interp 3d input to low -0.10834526594461999 < 1.0
priNozzle.FNo interp 3d input to low -0.10834526594461999 < 1.0
priNozzle.FNo interp 3d input to low -0.10834526594461999 < 1.0
priNozzle.FNo interp 3d input to low -0.10834526594461999 < 1.0
priNozzle.FNo interp 3d input to low -0.10834526594461999 < 1.0
priNozzle.FNo interp 3d input to low -0.10834526594461999 < 1.0
priNozzle.FNo interp 3d input to low 291.0376176687428 < 300.0
priNozzle.FNo interp 3d input to low -0.10834526594461999 < 1.0
priNozzle.FNo interp 3d input to low -0.10834526594461999 < 1.0
priNozzle.FNo interp 3d input to low -0.10834526594461999 < 1.0
priNozzle.FNo interp 3d input to low -0.10834526594461999 < 1.0
priNozzle.FNo interp 3d input to low -0.10834526594461999 < 1.0
priNozzle.FNo interp 3d input to low -0.10834526594461999 < 1.0
priNozzle.FNo interp 3d input to low -0.11704769694418786 < 1.0
priNozzle.FNo interp 3d input to low -0.11704769694418786 < 1.0
priNozzle.FNo interp 3d input to low -0.11704769694418786 < 1.0
priNozzle.FNo interp 3d input to low -0.11704769694418786 < 1.0
priNozzle.FNo interp 3d input to low -0.11704769694418786 < 1.0
priNozzle.FNo interp 3d input to low -0.11704769694418786 < 1.0
priNozzle.FNo interp 3d input to low -0.11704769694418786 < 1.0
priNozzle.FNo interp 3d input to low 290.05678448268054 < 300.0
priNozzle.FNo interp 3d input to low -0.11704769694418786 < 1.0
priNozzle.FNo interp 3d input to low -0.11704769694418786 < 1.0
priNozzle.FNo interp 3d input to low -0.11704769694418786 < 1.0
priNozzle.FNo interp 3d input to low -0.11704769694418786 < 1.0
priNozzle.FNo interp 3d input to low -0.11704769694418786 < 1.0
priNozzle.FNo interp 3d input to low -0.11704769694418786 < 1.0
priNozzle.FNo interp 3d input to low -0.12575012794375573 < 1.0
priNozzle.FNo interp 3d input to low -0.12575012794375573 < 1.0
priNozzle.FNo interp 3d input to low -0.12575012794375573 < 1.0
priNozzle.FNo interp 3d input to low -0.12575012794375573 < 1.0
priNozzle.FNo interp 3d input to low -0.12575012794375573 < 1.0
priNozzle.FNo interp 3d input to low -0.12575012794375573 < 1.0
priNozzle.FNo interp 3d input to low -0.12575012794375573 < 1.0
priNozzle.FNo interp 3d input to low 289.0759512966173 < 300.0
priNozzle.FNo interp 3d input to low -0.12575012794375573 < 1.0
priNozzle.FNo interp 3d input to low -0.12575012794375573 < 1.0
priNozzle.FNo interp 3d input to low -0.12575012794375573 < 1.0
priNozzle.FNo interp 3d input to low -0.12575012794375573 < 1.0
priNozzle.FNo interp 3d input to low -0.12575012794375573 < 1.0
priNozzle.FNo interp 3d input to low -0.12575012794375573 < 1.0
priNozzle.FNo interp 3d input to low -0.13445255894332359 < 1.0
priNozzle.FNo interp 3d input to low -0.13445255894332359 < 1.0
priNozzle.FNo interp 3d input to low -0.13445255894332359 < 1.0
priNozzle.FNo interp 3d input to low -0.13445255894332359 < 1.0
priNozzle.FNo interp 3d input to low -0.13445255894332359 < 1.0
priNozzle.FNo interp 3d input to low -0.13445255894332359 < 1.0
priNozzle.FNo interp 3d input to low -0.13445255894332359 < 1.0
priNozzle.FNo interp 3d input to low 288.095118110553 < 300.0
priNozzle.FNo interp 3d input to low -0.13445255894332359 < 1.0
priNozzle.FNo interp 3d input to low 299.2489797338326 < 300.0
priNozzle.FNo interp 3d input to low -0.13445255894332359 < 1.0
priNozzle.FNo interp 3d input to low 299.2489797338326 < 300.0
priNozzle.FNo interp 3d input to low -0.13445255894332359 < 1.0
priNozzle.FNo interp 3d input to low 299.2489797338326 < 300.0
priNozzle.FNo interp 3d input to low -0.13445255894332359 < 1.0
priNozzle.FNo interp 3d input to low 299.2489797338326 < 300.0
priNozzle.FNo interp 3d input to low -0.13445255894332359 < 1.0
priNozzle.FNo interp 3d input to low 299.2489797338326 < 300.0
priNozzle.FNo interp 3d input to low -0.13445255894332359 < 1.0
priNozzle.FNo interp 3d input to low 299.2489797338326 < 300.0
priNozzle.FNo interp 3d input to low -0.14315498994289144 < 1.0
priNozzle.FNo interp 3d input to low -0.14315498994289144 < 1.0
priNozzle.FNo interp 3d input to low -0.14315498994289144 < 1.0
priNozzle.FNo interp 3d input to low -0.14315498994289144 < 1.0
priNozzle.FNo interp 3d input to low -0.14315498994289144 < 1.0
priNozzle.FNo interp 3d input to low -0.14315498994289144 < 1.0
priNozzle.FNo interp 3d input to low -0.14315498994289144 < 1.0
priNozzle.FNo interp 3d input to low 287.11428492448755 < 300.0
priNozzle.FNo interp 3d input to low -0.14315498994289144 < 1.0
priNozzle.FNo interp 3d input to low 298.4705629692796 < 300.0
priNozzle.FNo interp 3d input to low -0.14315498994289144 < 1.0
priNozzle.FNo interp 3d input to low 298.4705629692796 < 300.0
priNozzle.FNo interp 3d input to low -0.14315498994289144 < 1.0
priNozzle.FNo interp 3d input to low 298.4705629692796 < 300.0
priNozzle.FNo interp 3d input to low -0.14315498994289144 < 1.0
priNozzle.FNo interp 3d input to low 298.4705629692796 < 300.0
priNozzle.FNo interp 3d input to low -0.14315498994289144 < 1.0
priNozzle.FNo interp 3d input to low 298.4705629692796 < 300.0
priNozzle.FNo interp 3d input to low -0.14315498994289144 < 1.0
priNozzle.FNo interp 3d input to low 298.4705629692796 < 300.0
priNozzle.FNo interp 3d input to low -0.1518574209424593 < 1.0
priNozzle.FNo interp 3d input to low -0.1518574209424593 < 1.0
priNozzle.FNo interp 3d input to low -0.1518574209424593 < 1.0
priNozzle.FNo interp 3d input to low -0.1518574209424593 < 1.0
priNozzle.FNo interp 3d input to low -0.1518574209424593 < 1.0
priNozzle.FNo interp 3d input to low -0.1518574209424593 < 1.0
priNozzle.FNo interp 3d input to low -0.1518574209424593 < 1.0
priNozzle.FNo interp 3d input to low 286.1334517384211 < 300.0
priNozzle.FNo interp 3d input to low -0.1518574209424593 < 1.0
priNozzle.FNo interp 3d input to low 297.6921462047268 < 300.0
priNozzle.FNo interp 3d input to low -0.1518574209424593 < 1.0
priNozzle.FNo interp 3d input to low 297.6921462047268 < 300.0
priNozzle.FNo interp 3d input to low -0.1518574209424593 < 1.0
priNozzle.FNo interp 3d input to low 297.6921462047268 < 300.0
priNozzle.FNo interp 3d input to low -0.1518574209424593 < 1.0
priNozzle.FNo interp 3d input to low 297.6921462047268 < 300.0
priNozzle.FNo interp 3d input to low -0.1518574209424593 < 1.0
priNozzle.FNo interp 3d input to low 297.6921462047268 < 300.0
priNozzle.FNo interp 3d input to low -0.1518574209424593 < 1.0
priNozzle.FNo interp 3d input to low 297.6921462047268 < 300.0
priNozzle.FNo interp 3d input to low -0.16055985194202715 < 1.0
priNozzle.FNo interp 3d input to low -0.16055985194202715 < 1.0
priNozzle.FNo interp 3d input to low -0.16055985194202715 < 1.0
priNozzle.FNo interp 3d input to low -0.16055985194202715 < 1.0
priNozzle.FNo interp 3d input to low -0.16055985194202715 < 1.0
priNozzle.FNo interp 3d input to low -0.16055985194202715 < 1.0
priNozzle.FNo interp 3d input to low -0.16055985194202715 < 1.0
priNozzle.FNo interp 3d input to low 285.15261855235354 < 300.0
priNozzle.FNo interp 3d input to low -0.16055985194202715 < 1.0
priNozzle.FNo interp 3d input to low 296.9137294401738 < 300.0
priNozzle.FNo interp 3d input to low -0.16055985194202715 < 1.0
priNozzle.FNo interp 3d input to low 296.9137294401738 < 300.0
priNozzle.FNo interp 3d input to low -0.16055985194202715 < 1.0
priNozzle.FNo interp 3d input to low 296.9137294401738 < 300.0
priNozzle.FNo interp 3d input to low -0.16055985194202715 < 1.0
priNozzle.FNo interp 3d input to low 296.9137294401738 < 300.0
priNozzle.FNo interp 3d input to low -0.16055985194202715 < 1.0
priNozzle.FNo interp 3d input to low 296.9137294401738 < 300.0
priNozzle.FNo interp 3d input to low -0.16055985194202715 < 1.0
priNozzle.FNo interp 3d input to low 296.9137294401738 < 300.0
priNozzle.FNo interp 3d input to low -0.169262282941595 < 1.0
priNozzle.FNo interp 3d input to low -0.169262282941595 < 1.0
priNozzle.FNo interp 3d input to low -0.169262282941595 < 1.0
priNozzle.FNo interp 3d input to low -0.169262282941595 < 1.0
priNozzle.FNo interp 3d input to low -0.169262282941595 < 1.0
priNozzle.FNo interp 3d input to low -0.169262282941595 < 1.0
priNozzle.FNo interp 3d input to low -0.169262282941595 < 1.0
priNozzle.FNo interp 3d input to low 284.17178536628506 < 300.0
priNozzle.FNo interp 3d input to low -0.169262282941595 < 1.0
priNozzle.FNo interp 3d input to low 296.13531267562087 < 300.0
priNozzle.FNo interp 3d input to low -0.169262282941595 < 1.0
priNozzle.FNo interp 3d input to low 296.13531267562087 < 300.0
priNozzle.FNo interp 3d input to low -0.169262282941595 < 1.0
priNozzle.FNo interp 3d input to low 296.13531267562087 < 300.0
priNozzle.FNo interp 3d input to low -0.169262282941595 < 1.0
priNozzle.FNo interp 3d input to low 296.13531267562087 < 300.0
priNozzle.FNo interp 3d input to low -0.169262282941595 < 1.0
priNozzle.FNo interp 3d input to low 296.13531267562087 < 300.0
priNozzle.FNo interp 3d input to low -0.169262282941595 < 1.0
priNozzle.FNo interp 3d input to low 296.13531267562087 < 300.0
priNozzle.FNo interp 3d input to low -0.17796471394116287 < 1.0
priNozzle.FNo interp 3d input to low -0.17796471394116287 < 1.0
priNozzle.FNo interp 3d input to low -0.17796471394116287 < 1.0
priNozzle.FNo interp 3d input to low -0.17796471394116287 < 1.0
priNozzle.FNo interp 3d input to low -0.17796471394116287 < 1.0
priNozzle.FNo interp 3d input to low -0.17796471394116287 < 1.0
priNozzle.FNo interp 3d input to low -0.17796471394116287 < 1.0
priNozzle.FNo interp 3d input to low 283.19095218021533 < 300.0
priNozzle.FNo interp 3d input to low -0.17796471394116287 < 1.0
priNozzle.FNo interp 3d input to low 295.35689591106785 < 300.0
priNozzle.FNo interp 3d input to low -0.17796471394116287 < 1.0
priNozzle.FNo interp 3d input to low 295.35689591106785 < 300.0
priNozzle.FNo interp 3d input to low -0.17796471394116287 < 1.0
priNozzle.FNo interp 3d input to low 295.35689591106785 < 300.0
priNozzle.FNo interp 3d input to low -0.17796471394116287 < 1.0
priNozzle.FNo interp 3d input to low 295.35689591106785 < 300.0
priNozzle.FNo interp 3d input to low -0.17796471394116287 < 1.0
priNozzle.FNo interp 3d input to low 295.35689591106785 < 300.0
priNozzle.FNo interp 3d input to low -0.17796471394116287 < 1.0
priNozzle.FNo interp 3d input to low 295.35689591106785 < 300.0
priNozzle.FNo interp 3d input to low -0.18666714494073072 < 1.0
priNozzle.FNo interp 3d input to low -0.18666714494073072 < 1.0
priNozzle.FNo interp 3d input to low -0.18666714494073072 < 1.0
priNozzle.FNo interp 3d input to low -0.18666714494073072 < 1.0
priNozzle.FNo interp 3d input to low -0.18666714494073072 < 1.0
priNozzle.FNo interp 3d input to low -0.18666714494073072 < 1.0
priNozzle.FNo interp 3d input to low -0.18666714494073072 < 1.0
priNozzle.FNo interp 3d input to low 282.2101189941447 < 300.0
priNozzle.FNo interp 3d input to low -0.18666714494073072 < 1.0
priNozzle.FNo interp 3d input to low 294.578479146512 < 300.0
priNozzle.FNo interp 3d input to low -0.18666714494073072 < 1.0
priNozzle.FNo interp 3d input to low 294.578479146512 < 300.0
priNozzle.FNo interp 3d input to low -0.18666714494073072 < 1.0
priNozzle.FNo interp 3d input to low 294.578479146512 < 300.0
priNozzle.FNo interp 3d input to low -0.18666714494073072 < 1.0
priNozzle.FNo interp 3d input to low 294.578479146512 < 300.0
priNozzle.FNo interp 3d input to low -0.18666714494073072 < 1.0
priNozzle.FNo interp 3d input to low 294.578479146512 < 300.0
priNozzle.FNo interp 3d input to low -0.18666714494073072 < 1.0
priNozzle.FNo interp 3d input to low 294.578479146512 < 300.0
priNozzle.FNo interp 3d input to low -0.19536957594029858 < 1.0
priNozzle.FNo interp 3d input to low -0.19536957594029858 < 1.0
priNozzle.FNo interp 3d input to low -0.19536957594029858 < 1.0
priNozzle.FNo interp 3d input to low -0.19536957594029858 < 1.0
priNozzle.FNo interp 3d input to low -0.19536957594029858 < 1.0
priNozzle.FNo interp 3d input to low -0.19536957594029858 < 1.0
priNozzle.FNo interp 3d input to low -0.19536957594029858 < 1.0
priNozzle.FNo interp 3d input to low 281.22928580807286 < 300.0
priNozzle.FNo interp 3d input to low -0.19536957594029858 < 1.0
priNozzle.FNo interp 3d input to low 293.800062381959 < 300.0
priNozzle.FNo interp 3d input to low -0.19536957594029858 < 1.0
priNozzle.FNo interp 3d input to low 293.800062381959 < 300.0
priNozzle.FNo interp 3d input to low -0.19536957594029858 < 1.0
priNozzle.FNo interp 3d input to low 293.800062381959 < 300.0
priNozzle.FNo interp 3d input to low -0.19536957594029858 < 1.0
priNozzle.FNo interp 3d input to low 293.800062381959 < 300.0
priNozzle.FNo interp 3d input to low -0.19536957594029858 < 1.0
priNozzle.FNo interp 3d input to low 293.800062381959 < 300.0
priNozzle.FNo interp 3d input to low -0.19536957594029858 < 1.0
priNozzle.FNo interp 3d input to low 293.800062381959 < 300.0
priNozzle.FNo interp 3d input to low -0.20407200693986643 < 1.0
priNozzle.FNo interp 3d input to low -0.20407200693986643 < 1.0
priNozzle.FNo interp 3d input to low -0.20407200693986643 < 1.0
priNozzle.FNo interp 3d input to low -0.20407200693986643 < 1.0
priNozzle.FNo interp 3d input to low -0.20407200693986643 < 1.0
priNozzle.FNo interp 3d input to low -0.20407200693986643 < 1.0
priNozzle.FNo interp 3d input to low -0.20407200693986643 < 1.0
priNozzle.FNo interp 3d input to low 280.2484526219996 < 300.0
priNozzle.FNo interp 3d input to low -0.20407200693986643 < 1.0
priNozzle.FNo interp 3d input to low 293.021645617406 < 300.0
priNozzle.FNo interp 3d input to low -0.20407200693986643 < 1.0
priNozzle.FNo interp 3d input to low 293.021645617406 < 300.0
priNozzle.FNo interp 3d input to low -0.20407200693986643 < 1.0
priNozzle.FNo interp 3d input to low 293.021645617406 < 300.0
priNozzle.FNo interp 3d input to low -0.20407200693986643 < 1.0
priNozzle.FNo interp 3d input to low 293.021645617406 < 300.0
priNozzle.FNo interp 3d input to low -0.20407200693986643 < 1.0
priNozzle.FNo interp 3d input to low 293.021645617406 < 300.0
priNozzle.FNo interp 3d input to low -0.20407200693986643 < 1.0
priNozzle.FNo interp 3d input to low 293.021645617406 < 300.0
priNozzle.FNo interp 3d input to low -0.2127744379394343 < 1.0
priNozzle.FNo interp 3d input to low -0.2127744379394343 < 1.0
priNozzle.FNo interp 3d input to low -0.2127744379394343 < 1.0
priNozzle.FNo interp 3d input to low -0.2127744379394343 < 1.0
priNozzle.FNo interp 3d input to low -0.2127744379394343 < 1.0
priNozzle.FNo interp 3d input to low -0.2127744379394343 < 1.0
priNozzle.FNo interp 3d input to low -0.2127744379394343 < 1.0
priNozzle.FNo interp 3d input to low 279.26761943592567 < 300.0
priNozzle.FNo interp 3d input to low -0.2127744379394343 < 1.0
priNozzle.FNo interp 3d input to low 292.24322885284994 < 300.0
priNozzle.FNo interp 3d input to low -0.2127744379394343 < 1.0
priNozzle.FNo interp 3d input to low 292.24322885284994 < 300.0
priNozzle.FNo interp 3d input to low -0.2127744379394343 < 1.0
priNozzle.FNo interp 3d input to low 292.24322885284994 < 300.0
priNozzle.FNo interp 3d input to low -0.2127744379394343 < 1.0
priNozzle.FNo interp 3d input to low 292.24322885284994 < 300.0
priNozzle.FNo interp 3d input to low -0.2127744379394343 < 1.0
priNozzle.FNo interp 3d input to low 292.24322885284994 < 300.0
priNozzle.FNo interp 3d input to low -0.2127744379394343 < 1.0
priNozzle.FNo interp 3d input to low 292.24322885284994 < 300.0
priNozzle.FNo interp 3d input to low -0.22147686893900215 < 1.0
priNozzle.FNo interp 3d input to low -0.22147686893900215 < 1.0
priNozzle.FNo interp 3d input to low -0.22147686893900215 < 1.0
priNozzle.FNo interp 3d input to low -0.22147686893900215 < 1.0
priNozzle.FNo interp 3d input to low -0.22147686893900215 < 1.0
priNozzle.FNo interp 3d input to low -0.22147686893900215 < 1.0
priNozzle.FNo interp 3d input to low -0.22147686893900215 < 1.0
priNozzle.FNo interp 3d input to low 278.2867862498508 < 300.0
priNozzle.FNo interp 3d input to low -0.22147686893900215 < 1.0
priNozzle.FNo interp 3d input to low 291.464812088297 < 300.0
priNozzle.FNo interp 3d input to low -0.22147686893900215 < 1.0
priNozzle.FNo interp 3d input to low 291.464812088297 < 300.0
priNozzle.FNo interp 3d input to low -0.22147686893900215 < 1.0
priNozzle.FNo interp 3d input to low 291.464812088297 < 300.0
priNozzle.FNo interp 3d input to low -0.22147686893900215 < 1.0
priNozzle.FNo interp 3d input to low 291.464812088297 < 300.0
priNozzle.FNo interp 3d input to low -0.22147686893900215 < 1.0
priNozzle.FNo interp 3d input to low 291.464812088297 < 300.0
priNozzle.FNo interp 3d input to low -0.22147686893900215 < 1.0
priNozzle.FNo interp 3d input to low 291.464812088297 < 300.0
priNozzle.FNo interp 3d input to low -0.23017929993857 < 1.0
priNozzle.FNo interp 3d input to low -0.23017929993857 < 1.0
priNozzle.FNo interp 3d input to low -0.23017929993857 < 1.0
priNozzle.FNo interp 3d input to low -0.23017929993857 < 1.0
priNozzle.FNo interp 3d input to low -0.23017929993857 < 1.0
priNozzle.FNo interp 3d input to low -0.23017929993857 < 1.0
priNozzle.FNo interp 3d input to low -0.23017929993857 < 1.0
priNozzle.FNo interp 3d input to low 277.3059530637749 < 300.0
priNozzle.FNo interp 3d input to low -0.23017929993857 < 1.0
priNozzle.FNo interp 3d input to low 290.68639532374726 < 300.0
priNozzle.FNo interp 3d input to low -0.23017929993857 < 1.0
priNozzle.FNo interp 3d input to low 290.68639532374726 < 300.0
priNozzle.FNo interp 3d input to low -0.23017929993857 < 1.0
priNozzle.FNo interp 3d input to low 290.68639532374726 < 300.0
priNozzle.FNo interp 3d input to low -0.23017929993857 < 1.0
priNozzle.FNo interp 3d input to low 290.68639532374726 < 300.0
priNozzle.FNo interp 3d input to low -0.23017929993857 < 1.0
priNozzle.FNo interp 3d input to low 290.68639532374726 < 300.0
priNozzle.FNo interp 3d input to low -0.23017929993857 < 1.0
priNozzle.FNo interp 3d input to low 290.68639532374726 < 300.0
priNozzle.FNo interp 3d input to low -0.23888173093813786 < 1.0
priNozzle.FNo interp 3d input to low -0.23888173093813786 < 1.0
priNozzle.FNo interp 3d input to low -0.23888173093813786 < 1.0
priNozzle.FNo interp 3d input to low -0.23888173093813786 < 1.0
priNozzle.FNo interp 3d input to low -0.23888173093813786 < 1.0
priNozzle.FNo interp 3d input to low -0.23888173093813786 < 1.0
priNozzle.FNo interp 3d input to low -0.23888173093813786 < 1.0
priNozzle.FNo interp 3d input to low 276.3251198776978 < 300.0
priNozzle.FNo interp 3d input to low -0.23888173093813786 < 1.0
priNozzle.FNo interp 3d input to low 289.90797855919106 < 300.0
priNozzle.FNo interp 3d input to low -0.23888173093813786 < 1.0
priNozzle.FNo interp 3d input to low 289.90797855919106 < 300.0
priNozzle.FNo interp 3d input to low -0.23888173093813786 < 1.0
priNozzle.FNo interp 3d input to low 289.90797855919106 < 300.0
priNozzle.FNo interp 3d input to low -0.23888173093813786 < 1.0
priNozzle.FNo interp 3d input to low 289.90797855919106 < 300.0
priNozzle.FNo interp 3d input to low -0.23888173093813786 < 1.0
priNozzle.FNo interp 3d input to low 289.90797855919106 < 300.0
priNozzle.FNo interp 3d input to low -0.23888173093813786 < 1.0
priNozzle.FNo interp 3d input to low 289.90797855919106 < 300.0
priNozzle.FNo interp 3d input to low -0.24758416193770572 < 1.0
priNozzle.FNo interp 3d input to low -0.24758416193770572 < 1.0
priNozzle.FNo interp 3d input to low -0.24758416193770572 < 1.0
priNozzle.FNo interp 3d input to low -0.24758416193770572 < 1.0
priNozzle.FNo interp 3d input to low -0.24758416193770572 < 1.0
priNozzle.FNo interp 3d input to low -0.24758416193770572 < 1.0
priNozzle.FNo interp 3d input to low -0.24758416193770572 < 1.0
priNozzle.FNo interp 3d input to low 275.3442866916198 < 300.0
priNozzle.FNo interp 3d input to low -0.24758416193770572 < 1.0
priNozzle.FNo interp 3d input to low 289.129561794638 < 300.0
priNozzle.FNo interp 3d input to low -0.24758416193770572 < 1.0
priNozzle.FNo interp 3d input to low 289.129561794638 < 300.0
priNozzle.FNo interp 3d input to low -0.24758416193770572 < 1.0
priNozzle.FNo interp 3d input to low 289.129561794638 < 300.0
priNozzle.FNo interp 3d input to low -0.24758416193770572 < 1.0
priNozzle.FNo interp 3d input to low 289.129561794638 < 300.0
priNozzle.FNo interp 3d input to low -0.24758416193770572 < 1.0
priNozzle.FNo interp 3d input to low 289.129561794638 < 300.0
priNozzle.FNo interp 3d input to low -0.24758416193770572 < 1.0
priNozzle.FNo interp 3d input to low 289.129561794638 < 300.0
priNozzle.FNo interp 3d input to low -0.25628659293727357 < 1.0
priNozzle.FNo interp 3d input to low -0.25628659293727357 < 1.0
priNozzle.FNo interp 3d input to low -0.25628659293727357 < 1.0
priNozzle.FNo interp 3d input to low -0.25628659293727357 < 1.0
priNozzle.FNo interp 3d input to low -0.25628659293727357 < 1.0
priNozzle.FNo interp 3d input to low -0.25628659293727357 < 1.0
priNozzle.FNo interp 3d input to low -0.25628659293727357 < 1.0
priNozzle.FNo interp 3d input to low 274.3634535055405 < 300.0
priNozzle.FNo interp 3d input to low -0.25628659293727357 < 1.0
priNozzle.FNo interp 3d input to low 288.3511450300849 < 300.0
priNozzle.FNo interp 3d input to low -0.25628659293727357 < 1.0
priNozzle.FNo interp 3d input to low 288.3511450300849 < 300.0
priNozzle.FNo interp 3d input to low -0.25628659293727357 < 1.0
priNozzle.FNo interp 3d input to low 288.3511450300849 < 300.0
priNozzle.FNo interp 3d input to low -0.25628659293727357 < 1.0
priNozzle.FNo interp 3d input to low 288.3511450300849 < 300.0
priNozzle.FNo interp 3d input to low -0.25628659293727357 < 1.0
priNozzle.FNo interp 3d input to low 288.3511450300849 < 300.0
priNozzle.FNo interp 3d input to low -0.25628659293727357 < 1.0
priNozzle.FNo interp 3d input to low 288.3511450300849 < 300.0
priNozzle.FNo interp 3d input to low -0.26498902393684143 < 1.0
priNozzle.FNo interp 3d input to low -0.26498902393684143 < 1.0
priNozzle.FNo interp 3d input to low -0.26498902393684143 < 1.0
priNozzle.FNo interp 3d input to low -0.26498902393684143 < 1.0
priNozzle.FNo interp 3d input to low -0.26498902393684143 < 1.0
priNozzle.FNo interp 3d input to low -0.26498902393684143 < 1.0
priNozzle.FNo interp 3d input to low -0.26498902393684143 < 1.0
priNozzle.FNo interp 3d input to low 273.3826203194604 < 300.0
priNozzle.FNo interp 3d input to low -0.26498902393684143 < 1.0
priNozzle.FNo interp 3d input to low 287.5727282655321 < 300.0
priNozzle.FNo interp 3d input to low -0.26498902393684143 < 1.0
priNozzle.FNo interp 3d input to low 287.5727282655321 < 300.0
priNozzle.FNo interp 3d input to low -0.26498902393684143 < 1.0
priNozzle.FNo interp 3d input to low 287.5727282655321 < 300.0
priNozzle.FNo interp 3d input to low -0.26498902393684143 < 1.0
priNozzle.FNo interp 3d input to low 287.5727282655321 < 300.0
priNozzle.FNo interp 3d input to low -0.26498902393684143 < 1.0
priNozzle.FNo interp 3d input to low 287.5727282655321 < 300.0
priNozzle.FNo interp 3d input to low -0.26498902393684143 < 1.0
priNozzle.FNo interp 3d input to low 287.5727282655321 < 300.0
priNozzle.FNo interp 3d input to low -0.2736914549364093 < 1.0
priNozzle.FNo interp 3d input to low -0.2736914549364093 < 1.0
priNozzle.FNo interp 3d input to low -0.2736914549364093 < 1.0
priNozzle.FNo interp 3d input to low -0.2736914549364093 < 1.0
priNozzle.FNo interp 3d input to low -0.2736914549364093 < 1.0
priNozzle.FNo interp 3d input to low -0.2736914549364093 < 1.0
priNozzle.FNo interp 3d input to low -0.2736914549364093 < 1.0
priNozzle.FNo interp 3d input to low 272.40178713337906 < 300.0
priNozzle.FNo interp 3d input to low -0.2736914549364093 < 1.0
priNozzle.FNo interp 3d input to low 286.79431150097594 < 300.0
priNozzle.FNo interp 3d input to low -0.2736914549364093 < 1.0
priNozzle.FNo interp 3d input to low 286.79431150097594 < 300.0
priNozzle.FNo interp 3d input to low -0.2736914549364093 < 1.0
priNozzle.FNo interp 3d input to low 286.79431150097594 < 300.0
priNozzle.FNo interp 3d input to low -0.2736914549364093 < 1.0
priNozzle.FNo interp 3d input to low 286.79431150097594 < 300.0
priNozzle.FNo interp 3d input to low -0.2736914549364093 < 1.0
priNozzle.FNo interp 3d input to low 286.79431150097594 < 300.0
priNozzle.FNo interp 3d input to low -0.2736914549364093 < 1.0
priNozzle.FNo interp 3d input to low 286.79431150097594 < 300.0
priNozzle.FNo interp 3d input to low -0.28239388593597714 < 1.0
priNozzle.FNo interp 3d input to low -0.28239388593597714 < 1.0
priNozzle.FNo interp 3d input to low -0.28239388593597714 < 1.0
priNozzle.FNo interp 3d input to low -0.28239388593597714 < 1.0
priNozzle.FNo interp 3d input to low -0.28239388593597714 < 1.0
priNozzle.FNo interp 3d input to low -0.28239388593597714 < 1.0
priNozzle.FNo interp 3d input to low -0.28239388593597714 < 1.0
priNozzle.FNo interp 3d input to low 271.4209539472968 < 300.0
priNozzle.FNo interp 3d input to low -0.28239388593597714 < 1.0
priNozzle.FNo interp 3d input to low 286.01589473642287 < 300.0
priNozzle.FNo interp 3d input to low -0.28239388593597714 < 1.0
priNozzle.FNo interp 3d input to low 286.01589473642287 < 300.0
priNozzle.FNo interp 3d input to low -0.28239388593597714 < 1.0
priNozzle.FNo interp 3d input to low 286.01589473642287 < 300.0
priNozzle.FNo interp 3d input to low -0.28239388593597714 < 1.0
priNozzle.FNo interp 3d input to low 286.01589473642287 < 300.0
priNozzle.FNo interp 3d input to low -0.28239388593597714 < 1.0
priNozzle.FNo interp 3d input to low 286.01589473642287 < 300.0
priNozzle.FNo interp 3d input to low -0.28239388593597714 < 1.0
priNozzle.FNo interp 3d input to low 286.01589473642287 < 300.0
priNozzle.FNo interp 3d input to low -0.291096316935545 < 1.0
priNozzle.FNo interp 3d input to low -0.291096316935545 < 1.0
priNozzle.FNo interp 3d input to low -0.291096316935545 < 1.0
priNozzle.FNo interp 3d input to low -0.291096316935545 < 1.0
priNozzle.FNo interp 3d input to low -0.291096316935545 < 1.0
priNozzle.FNo interp 3d input to low -0.291096316935545 < 1.0
priNozzle.FNo interp 3d input to low -0.291096316935545 < 1.0
priNozzle.FNo interp 3d input to low 270.44012076121334 < 300.0
priNozzle.FNo interp 3d input to low -0.291096316935545 < 1.0
priNozzle.FNo interp 3d input to low 285.2374779718698 < 300.0
priNozzle.FNo interp 3d input to low -0.291096316935545 < 1.0
priNozzle.FNo interp 3d input to low 285.2374779718698 < 300.0
priNozzle.FNo interp 3d input to low -0.291096316935545 < 1.0
priNozzle.FNo interp 3d input to low 285.2374779718698 < 300.0
priNozzle.FNo interp 3d input to low -0.291096316935545 < 1.0
priNozzle.FNo interp 3d input to low 285.2374779718698 < 300.0
priNozzle.FNo interp 3d input to low -0.291096316935545 < 1.0
priNozzle.FNo interp 3d input to low 285.2374779718698 < 300.0
priNozzle.FNo interp 3d input to low -0.291096316935545 < 1.0
priNozzle.FNo interp 3d input to low 285.2374779718698 < 300.0
priNozzle.FNo interp 3d input to low -0.29979874793511285 < 1.0
priNozzle.FNo interp 3d input to low -0.29979874793511285 < 1.0
priNozzle.FNo interp 3d input to low -0.29979874793511285 < 1.0
priNozzle.FNo interp 3d input to low -0.29979874793511285 < 1.0
priNozzle.FNo interp 3d input to low -0.29979874793511285 < 1.0
priNozzle.FNo interp 3d input to low -0.29979874793511285 < 1.0
priNozzle.FNo interp 3d input to low -0.29979874793511285 < 1.0
priNozzle.FNo interp 3d input to low 269.459287575129 < 300.0
priNozzle.FNo interp 3d input to low -0.29979874793511285 < 1.0
priNozzle.FNo interp 3d input to low 284.4590612073168 < 300.0
priNozzle.FNo interp 3d input to low -0.29979874793511285 < 1.0
priNozzle.FNo interp 3d input to low 284.4590612073168 < 300.0
priNozzle.FNo interp 3d input to low -0.29979874793511285 < 1.0
priNozzle.FNo interp 3d input to low 284.4590612073168 < 300.0
priNozzle.FNo interp 3d input to low -0.29979874793511285 < 1.0
priNozzle.FNo interp 3d input to low 284.4590612073168 < 300.0
priNozzle.FNo interp 3d input to low -0.29979874793511285 < 1.0
priNozzle.FNo interp 3d input to low 284.4590612073168 < 300.0
priNozzle.FNo interp 3d input to low -0.29979874793511285 < 1.0
priNozzle.FNo interp 3d input to low 284.4590612073168 < 300.0
priNozzle.FNo interp 3d input to low -0.3085011789346807 < 1.0
priNozzle.FNo interp 3d input to low -0.3085011789346807 < 1.0
priNozzle.FNo interp 3d input to low -0.3085011789346807 < 1.0
priNozzle.FNo interp 3d input to low -0.3085011789346807 < 1.0
priNozzle.FNo interp 3d input to low -0.3085011789346807 < 1.0
priNozzle.FNo interp 3d input to low -0.3085011789346807 < 1.0
priNozzle.FNo interp 3d input to low -0.3085011789346807 < 1.0
priNozzle.FNo interp 3d input to low 268.47845438904335 < 300.0
priNozzle.FNo interp 3d input to low -0.3085011789346807 < 1.0
priNozzle.FNo interp 3d input to low 283.68064444276393 < 300.0
priNozzle.FNo interp 3d input to low -0.3085011789346807 < 1.0
priNozzle.FNo interp 3d input to low 283.68064444276393 < 300.0
priNozzle.FNo interp 3d input to low -0.3085011789346807 < 1.0
priNozzle.FNo interp 3d input to low 283.68064444276393 < 300.0
priNozzle.FNo interp 3d input to low -0.3085011789346807 < 1.0
priNozzle.FNo interp 3d input to low 283.68064444276393 < 300.0
priNozzle.FNo interp 3d input to low -0.3085011789346807 < 1.0
priNozzle.FNo interp 3d input to low 283.68064444276393 < 300.0
priNozzle.FNo interp 3d input to low -0.3085011789346807 < 1.0
priNozzle.FNo interp 3d input to low 283.68064444276393 < 300.0
priNozzle.FNo interp 3d input to low -0.31720360993424856 < 1.0
priNozzle.FNo interp 3d input to low -0.31720360993424856 < 1.0
priNozzle.FNo interp 3d input to low -0.31720360993424856 < 1.0
priNozzle.FNo interp 3d input to low -0.31720360993424856 < 1.0
priNozzle.FNo interp 3d input to low -0.31720360993424856 < 1.0
priNozzle.FNo interp 3d input to low -0.31720360993424856 < 1.0
priNozzle.FNo interp 3d input to low -0.31720360993424856 < 1.0
priNozzle.FNo interp 3d input to low 267.4976212029569 < 300.0
priNozzle.FNo interp 3d input to low -0.31720360993424856 < 1.0
priNozzle.FNo interp 3d input to low 282.9022276782109 < 300.0
priNozzle.FNo interp 3d input to low -0.31720360993424856 < 1.0
priNozzle.FNo interp 3d input to low 282.9022276782109 < 300.0
priNozzle.FNo interp 3d input to low -0.31720360993424856 < 1.0
priNozzle.FNo interp 3d input to low 282.9022276782109 < 300.0
priNozzle.FNo interp 3d input to low -0.31720360993424856 < 1.0
priNozzle.FNo interp 3d input to low 282.9022276782109 < 300.0
priNozzle.FNo interp 3d input to low -0.31720360993424856 < 1.0
priNozzle.FNo interp 3d input to low 282.9022276782109 < 300.0
priNozzle.FNo interp 3d input to low -0.31720360993424856 < 1.0
priNozzle.FNo interp 3d input to low 282.9022276782109 < 300.0
priNozzle.FNo interp 3d input to low -0.3259060409338164 < 1.0
priNozzle.FNo interp 3d input to low -0.3259060409338164 < 1.0
priNozzle.FNo interp 3d input to low -0.3259060409338164 < 1.0
priNozzle.FNo interp 3d input to low -0.3259060409338164 < 1.0
priNozzle.FNo interp 3d input to low -0.3259060409338164 < 1.0
priNozzle.FNo interp 3d input to low -0.3259060409338164 < 1.0
priNozzle.FNo interp 3d input to low -0.3259060409338164 < 1.0
priNozzle.FNo interp 3d input to low 266.5167880168694 < 300.0
priNozzle.FNo interp 3d input to low -0.3259060409338164 < 1.0
priNozzle.FNo interp 3d input to low 282.1238109136578 < 300.0
priNozzle.FNo interp 3d input to low -0.3259060409338164 < 1.0
priNozzle.FNo interp 3d input to low 282.1238109136578 < 300.0
priNozzle.FNo interp 3d input to low -0.3259060409338164 < 1.0
priNozzle.FNo interp 3d input to low 282.1238109136578 < 300.0
priNozzle.FNo interp 3d input to low -0.3259060409338164 < 1.0
priNozzle.FNo interp 3d input to low 282.1238109136578 < 300.0
priNozzle.FNo interp 3d input to low -0.3259060409338164 < 1.0
priNozzle.FNo interp 3d input to low 282.1238109136578 < 300.0
priNozzle.FNo interp 3d input to low -0.3259060409338164 < 1.0
priNozzle.FNo interp 3d input to low 282.1238109136578 < 300.0
priNozzle.FNo interp 3d input to low -0.3346084719333843 < 1.0
priNozzle.FNo interp 3d input to low -0.3346084719333843 < 1.0
priNozzle.FNo interp 3d input to low -0.3346084719333843 < 1.0
priNozzle.FNo interp 3d input to low -0.3346084719333843 < 1.0
priNozzle.FNo interp 3d input to low -0.3346084719333843 < 1.0
priNozzle.FNo interp 3d input to low -0.3346084719333843 < 1.0
priNozzle.FNo interp 3d input to low -0.3346084719333843 < 1.0
priNozzle.FNo interp 3d input to low 265.5359548307806 < 300.0
priNozzle.FNo interp 3d input to low -0.3346084719333843 < 1.0
priNozzle.FNo interp 3d input to low 281.3453941491049 < 300.0
priNozzle.FNo interp 3d input to low -0.3346084719333843 < 1.0
priNozzle.FNo interp 3d input to low 281.3453941491049 < 300.0
priNozzle.FNo interp 3d input to low -0.3346084719333843 < 1.0
priNozzle.FNo interp 3d input to low 281.3453941491049 < 300.0
priNozzle.FNo interp 3d input to low -0.3346084719333843 < 1.0
priNozzle.FNo interp 3d input to low 281.3453941491049 < 300.0
priNozzle.FNo interp 3d input to low -0.3346084719333843 < 1.0
priNozzle.FNo interp 3d input to low 281.3453941491049 < 300.0
priNozzle.FNo interp 3d input to low -0.3346084719333843 < 1.0
priNozzle.FNo interp 3d input to low 281.3453941491049 < 300.0
priNozzle.FNo interp 3d input to low -0.34331090293295213 < 1.0
priNozzle.FNo interp 3d input to low -0.34331090293295213 < 1.0
priNozzle.FNo interp 3d input to low -0.34331090293295213 < 1.0
priNozzle.FNo interp 3d input to low -0.34331090293295213 < 1.0
priNozzle.FNo interp 3d input to low -0.34331090293295213 < 1.0
priNozzle.FNo interp 3d input to low -0.34331090293295213 < 1.0
priNozzle.FNo interp 3d input to low -0.34331090293295213 < 1.0
priNozzle.FNo interp 3d input to low 264.5551216446904 < 300.0
priNozzle.FNo interp 3d input to low -0.34331090293295213 < 1.0
priNozzle.FNo interp 3d input to low 280.56697738454835 < 300.0
priNozzle.FNo interp 3d input to low -0.34331090293295213 < 1.0
priNozzle.FNo interp 3d input to low 280.56697738454835 < 300.0
priNozzle.FNo interp 3d input to low -0.34331090293295213 < 1.0
priNozzle.FNo interp 3d input to low 280.56697738454835 < 300.0
priNozzle.FNo interp 3d input to low -0.34331090293295213 < 1.0
priNozzle.FNo interp 3d input to low 280.56697738454835 < 300.0
priNozzle.FNo interp 3d input to low -0.34331090293295213 < 1.0
priNozzle.FNo interp 3d input to low 280.56697738454835 < 300.0
priNozzle.FNo interp 3d input to low -0.34331090293295213 < 1.0
priNozzle.FNo interp 3d input to low 280.56697738454835 < 300.0
priNozzle.FNo interp 3d input to low -0.35201333393252 < 1.0
priNozzle.FNo interp 3d input to low -0.35201333393252 < 1.0
priNozzle.FNo interp 3d input to low -0.35201333393252 < 1.0
priNozzle.FNo interp 3d input to low -0.35201333393252 < 1.0
priNozzle.FNo interp 3d input to low -0.35201333393252 < 1.0
priNozzle.FNo interp 3d input to low -0.35201333393252 < 1.0
priNozzle.FNo interp 3d input to low -0.35201333393252 < 1.0
priNozzle.FNo interp 3d input to low 263.57428845859954 < 300.0
priNozzle.FNo interp 3d input to low -0.35201333393252 < 1.0
priNozzle.FNo interp 3d input to low 279.7885606199952 < 300.0
priNozzle.FNo interp 3d input to low -0.35201333393252 < 1.0
priNozzle.FNo interp 3d input to low 279.7885606199952 < 300.0
priNozzle.FNo interp 3d input to low -0.35201333393252 < 1.0
priNozzle.FNo interp 3d input to low 279.7885606199952 < 300.0
priNozzle.FNo interp 3d input to low -0.35201333393252 < 1.0
priNozzle.FNo interp 3d input to low 279.7885606199952 < 300.0
priNozzle.FNo interp 3d input to low -0.35201333393252 < 1.0
priNozzle.FNo interp 3d input to low 279.7885606199952 < 300.0
priNozzle.FNo interp 3d input to low -0.35201333393252 < 1.0
priNozzle.FNo interp 3d input to low 279.7885606199952 < 300.0
priNozzle.FNo interp 3d input to low -0.36071576493208785 < 1.0
priNozzle.FNo interp 3d input to low -0.36071576493208785 < 1.0
priNozzle.FNo interp 3d input to low -0.36071576493208785 < 1.0
priNozzle.FNo interp 3d input to low -0.36071576493208785 < 1.0
priNozzle.FNo interp 3d input to low -0.36071576493208785 < 1.0
priNozzle.FNo interp 3d input to low -0.36071576493208785 < 1.0
priNozzle.FNo interp 3d input to low -0.36071576493208785 < 1.0
priNozzle.FNo interp 3d input to low 262.59345527250775 < 300.0
priNozzle.FNo interp 3d input to low -0.36071576493208785 < 1.0
priNozzle.FNo interp 3d input to low 279.01014385544227 < 300.0
priNozzle.FNo interp 3d input to low -0.36071576493208785 < 1.0
priNozzle.FNo interp 3d input to low 279.01014385544227 < 300.0
priNozzle.FNo interp 3d input to low -0.36071576493208785 < 1.0
priNozzle.FNo interp 3d input to low 279.01014385544227 < 300.0
priNozzle.FNo interp 3d input to low -0.36071576493208785 < 1.0
priNozzle.FNo interp 3d input to low 279.01014385544227 < 300.0
priNozzle.FNo interp 3d input to low -0.36071576493208785 < 1.0
priNozzle.FNo interp 3d input to low 279.01014385544227 < 300.0
priNozzle.FNo interp 3d input to low -0.36071576493208785 < 1.0
priNozzle.FNo interp 3d input to low 279.01014385544227 < 300.0
mach iteration failure
fanNozzle.FNo interp 3d input to low -13.133969064121034 < 300.0
fanNozzle.FNo interp 3d input to low -13.133969064121034 < 300.0
fanNozzle.FNo interp 3d input to low -13.133969064121034 < 300.0
fanNozzle.FNo interp 3d input to low -13.133969064121034 < 300.0
 solver exceeded maximu number of iterations

time =  0.0

******************
Ports*************
******************

Electric Ports


Fluid Ports

start      FNo         W:813.51      Tt:445.3222    Pt:5.303088    ht:-21.8073    FAR:0.0         mach:0.8         Ts:394.2379    Ps:3.470284  
inlet      FNi         W:813.51      Tt:445.3222    Pt:5.303088    ht:-21.8073    FAR:0.0         mach:0.0         Ts:394.2379    Ps:3.470284  
inlet      FNo         W:813.51      Tt:445.3222    Pt:5.292482    ht:-21.8073    FAR:0.0         mach:0.0         Ts:0.0         Ps:0.0       
fan        FNi         W:813.51      Tt:445.3222    Pt:5.292482    ht:-21.8073    FAR:0.0         mach:0.0         Ts:0.0         Ps:0.0       
fan        FNideal     W:813.51      Tt:480.5380    Pt:6.880227    ht:-13.4037    FAR:0.0         mach:0.0         Ts:0.0         Ps:0.0       
fan        FNo         W:813.51      Tt:481.6680    Pt:6.880227    ht:-13.1339    FAR:0.0         mach:0.0         Ts:0.0         Ps:0.0       
fan        FNoBld1     W:0.0         Tt:445.3222    Pt:5.292482    ht:-21.8073    FAR:0.0         mach:0.0         Ts:0.0         Ps:0.0       
fan        FNoBld2     W:0.0         Tt:445.3222    Pt:5.292482    ht:-21.8073    FAR:0.0         mach:0.0         Ts:0.0         Ps:0.0       
splitter   FNi         W:813.51      Tt:481.6680    Pt:6.880227    ht:-13.1339    FAR:0.0         mach:0.0         Ts:0.0         Ps:0.0       
splitter   FNo1        W:32.55628    Tt:481.6680    Pt:6.880227    ht:-13.1339    FAR:0.0         mach:0.0         Ts:0.0         Ps:0.0       
splitter   FNo2        W:780.9537    Tt:481.6680    Pt:6.880227    ht:-13.1339    FAR:0.0         mach:0.0         Ts:0.0         Ps:0.0       
duct2      FNi         W:32.55628    Tt:481.6680    Pt:6.880227    ht:-13.1339    FAR:0.0         mach:0.0         Ts:0.0         Ps:0.0       
duct2      FNo         W:32.55628    Tt:481.6680    Pt:6.880227    ht:-13.1339    FAR:0.0         mach:0.0         Ts:0.0         Ps:0.0       
duct2      FNobld      W:0.0         Tt:481.6680    Pt:6.880227    ht:-13.1339    FAR:0.0         mach:0.0         Ts:0.0         Ps:0.0       
LPC        FNi         W:32.55628    Tt:481.6680    Pt:6.880227    ht:-13.1339    FAR:0.0         mach:0.0         Ts:0.0         Ps:0.0       
LPC        FNideal     W:32.55628    Tt:657.7858    Pt:20.64068    ht:29.13654    FAR:0.0         mach:0.0         Ts:0.0         Ps:0.0       
LPC        FNo         W:32.55628    Tt:679.5178    Pt:20.64068    ht:34.38768    FAR:0.0         mach:0.0         Ts:0.0         Ps:0.0       
LPC        FNoBld1     W:0.0         Tt:481.6680    Pt:6.880227    ht:-13.1339    FAR:0.0         mach:0.0         Ts:0.0         Ps:0.0       
LPC        FNoBld2     W:0.0         Tt:481.6680    Pt:6.880227    ht:-13.1339    FAR:0.0         mach:0.0         Ts:0.0         Ps:0.0       
duct25     FNi         W:32.55628    Tt:679.5178    Pt:20.64068    ht:34.38768    FAR:0.0         mach:0.0         Ts:0.0         Ps:0.0       
duct25     FNo         W:32.55628    Tt:679.5178    Pt:20.33107    ht:34.38768    FAR:0.0         mach:0.0         Ts:0.0         Ps:0.0       
duct25     FNobld      W:0.0         Tt:679.5178    Pt:20.64068    ht:34.38768    FAR:0.0         mach:0.0         Ts:0.0         Ps:0.0       
HPC        FNi         W:32.55628    Tt:679.5178    Pt:20.33107    ht:34.38768    FAR:0.0         mach:0.0         Ts:0.0         Ps:0.0       
HPC        FNideal     W:32.55628    Tt:1406.319    Pt:286.7291    ht:216.2845    FAR:0.0         mach:0.0         Ts:0.0         Ps:0.0       
HPC        FNo         W:29.64901    Tt:1531.320    Pt:286.7291    ht:249.1673    FAR:0.0         mach:0.0         Ts:0.0         Ps:0.0       
HPC        FNoBld1     W:2.256150    Tt:1531.320    Pt:266.3980    ht:249.1673    FAR:0.0         mach:0.0         Ts:0.0         Ps:0.0       
HPC        FNoBld2     W:0.651125    Tt:1115.548    Pt:133.1990    ht:141.7775    FAR:0.0         mach:0.0         Ts:0.0         Ps:0.0       
duct3      FNi         W:29.64901    Tt:1531.320    Pt:286.7291    ht:249.1673    FAR:0.0         mach:0.0         Ts:0.0         Ps:0.0       
duct3      FNo         W:27.61391    Tt:1531.320    Pt:286.7291    ht:249.1673    FAR:0.0         mach:0.0         Ts:0.0         Ps:0.0       
duct3      FNobld      W:2.035098    Tt:1531.320    Pt:286.7291    ht:249.1673    FAR:0.0         mach:0.0         Ts:0.0         Ps:0.0       
burner     FNi         W:27.61391    Tt:1531.320    Pt:286.7291    ht:249.1673    FAR:0.0         mach:0.0         Ts:0.0         Ps:0.0       
burner     FNo         W:27.61391    Tt:1531.320    Pt:275.2599    ht:249.1673    FAR:0.0         mach:0.0         Ts:0.0         Ps:0.0       
HPT        FN41        W:29.64901    Tt:1531.320    Pt:275.2599    ht:249.1673    FAR:0.0         mach:0.0         Ts:0.0         Ps:0.0       
HPT        FN42        W:29.64901    Tt:812.6129    Pt:20.74180    ht:66.71782    FAR:0.0         mach:0.0         Ts:0.0         Ps:0.0       
HPT        FNi         W:27.61391    Tt:1531.320    Pt:275.2599    ht:249.1673    FAR:0.0         mach:0.0         Ts:0.0         Ps:0.0       
HPT        FNiBld1     W:2.035098    Tt:1531.320    Pt:286.7291    ht:249.1673    FAR:0.0         mach:0.0         Ts:0.0         Ps:0.0       
HPT        FNiBld2     W:2.256150    Tt:1531.320    Pt:266.3980    ht:249.1673    FAR:0.0         mach:0.0         Ts:0.0         Ps:0.0       
HPT        FNideal     W:29.64901    Tt:757.3807    Pt:20.74180    ht:53.25891    FAR:0.0         mach:0.0         Ts:0.0         Ps:0.0       
HPT        FNo         W:31.90516    Tt:865.3215    Pt:20.74180    ht:79.61961    FAR:0.0         mach:0.0         Ts:0.0         Ps:0.0       
duct45     FNi         W:31.90516    Tt:865.3215    Pt:20.74180    ht:79.61961    FAR:0.0         mach:0.0         Ts:0.0         Ps:0.0       
duct45     FNo         W:31.90516    Tt:865.3215    Pt:20.63809    ht:79.61961    FAR:0.0         mach:0.0         Ts:0.0         Ps:0.0       
duct45     FNobld      W:0.0         Tt:865.3215    Pt:20.74180    ht:79.61961    FAR:0.0         mach:0.0         Ts:0.0         Ps:0.0       
LPT        FN41        W:32.55628    Tt:870.3843    Pt:20.63809    ht:80.86277    FAR:0.0         mach:0.0         Ts:0.0         Ps:0.0       
LPT        FN42        W:32.55628    Tt:319.0596    Pt:0.087903    ht:-51.8041    FAR:0.0         mach:0.0         Ts:0.0         Ps:0.0       
LPT        FNi         W:31.90516    Tt:865.3215    Pt:20.63809    ht:79.61961    FAR:0.0         mach:0.0         Ts:0.0         Ps:0.0       
LPT        FNiBld1     W:0.651125    Tt:1115.548    Pt:133.1990    ht:141.7775    FAR:0.0         mach:0.0         Ts:0.0         Ps:0.0       
LPT        FNiBld2     W:0.0         Tt:0.0         Pt:0.0         ht:0.0         FAR:0.0         mach:0.0         Ts:0.0         Ps:0.0       
LPT        FNideal     W:32.55628    Tt:284.2798    Pt:0.087903    ht:-60.0443    FAR:0.0         mach:0.0         Ts:0.0         Ps:0.0       
LPT        FNo         W:32.55628    Tt:319.0596    Pt:0.087903    ht:-51.8041    FAR:0.0         mach:0.0         Ts:0.0         Ps:0.0       
duct5      FNi         W:32.55628    Tt:319.0596    Pt:0.087903    ht:-51.8041    FAR:0.0         mach:0.0         Ts:0.0         Ps:0.0       
duct5      FNo         W:32.55628    Tt:319.0596    Pt:0.087024    ht:-51.8041    FAR:0.0         mach:0.0         Ts:0.0         Ps:0.0       
duct5      FNobld      W:0.0         Tt:319.0596    Pt:0.087903    ht:-51.8041    FAR:0.0         mach:0.0         Ts:0.0         Ps:0.0       
priNozzl   FNi         W:32.55628    Tt:319.0596    Pt:0.087024    ht:-51.8041    FAR:0.0         mach:0.0         Ts:0.0         Ps:0.0       
priNozzl   FNo         W:32.55628    Tt:319.0596    Pt:0.087024    ht:-51.8041    FAR:0.0         mach:1.502014    Ts:584.3988    Ps:3.45803   
duct17     FNi         W:780.9537    Tt:481.6680    Pt:6.880227    ht:-13.1339    FAR:0.0         mach:0.0         Ts:0.0         Ps:0.0       
duct17     FNo         W:780.9537    Tt:481.6680    Pt:6.777023    ht:-13.1339    FAR:0.0         mach:0.0         Ts:0.0         Ps:0.0       
duct17     FNobld      W:0.0         Tt:481.6680    Pt:6.880227    ht:-13.1339    FAR:0.0         mach:0.0         Ts:0.0         Ps:0.0       
fanNozzl   FNi         W:780.9537    Tt:481.6680    Pt:6.777023    ht:-13.1339    FAR:0.0         mach:0.0         Ts:0.0         Ps:0.0       
fanNozzl   FNo         W:780.9537    Tt:481.6680    Pt:6.777023    ht:-13.1339    FAR:0.0         mach:1.029893    Ts:396.6010    Ps:3.458030  

Mech Ports

fan        MP          N:6772.0      hp:-9980.86    I:0.0       
LPC        MP          N:6772.0      hp:-2188.47    I:0.0       
HPC        MP          N:20871.0     hp:-9792.14    I:0.0       
HPT        MP          N:20871.0     hp:7651.871    I:0.0       
LPT        MP          N:6772.0      hp:6109.592    I:0.0       
HPshaft    MPC         N:20871.0     hp:-9792.14    I:0.0       
HPshaft    MPT         N:20871.0     hp:7651.871    I:0.0       
LPshaft    MPfan       N:6772.0      hp:-9980.86    I:0.0       
LPshaft    MPlpc       N:6772.0      hp:-2188.47    I:0.0       
LPshaft    MPlpt       N:6772.0      hp:6109.592    I:0.0       

*******************
Elements***********
*******************

FlightCond  start       W:813.51    Tt:445.322  Pt:5.30308  Tamb:393.8  Pamb:3.458  
Inlet       inlet       rec:0.998   
Compressor  fan         PR:1.3      eff:0.9689  Rline:2.0   NcMap:1.0   
Splitter    splitter    BPR:23.987  
Duct        duct2       dP:0.0      Q:0.0       
Compressor  LPC         PR:3.00000  eff:0.8895  Rline:2.0   NcMap:1.0   
Duct        duct25      dP:0.015    Q:0.0       
Compressor  HPC         PR:14.103   eff:0.8469  Rline:2.0   NcMap:1.0   
Duct        duct3       dP:0.0      Q:0.0       
Burner      burner      FAR:0.0     Tout:0.0    Wfuel:0.0   dP:0.04     
Turbine     HPT         PR:13.2707  eff:0.9312  PRmap:3.0   NcMap:0.9   
Duct        duct45      dP:0.005    Q:0.0       
Turbine     LPT         PR:234.781  eff:0.9410  PRmap:6.0   NcMap:0.9   
Duct        duct5       dP:0.01     Q:0.0       
Nozzle      priNozzle   Fg:-1799.5  
Duct        duct17      dP:0.015    Q:0.0       
Nozzle      fanNozzle   Fg:24397.1  
Shaft       HPshaft     N:20871.0   HPX:350.0   
Shaft       LPshaft     N:6772.0    HPX:0.0     
Performanc  Perf        alt:35000.  MN:0.8      Fn:2867.76  SFC:0.0     Fg:22597.6  Fram:19729  Wfuel:0.0    

****************
Solver**********
****************

Converged:False

******************************************************************************************
******************************************************************************************
LPT.FNideal interp 3d input to low 0.08785088576833774 < 1.0
LPT.FNideal interp 3d input to low 0.08785088576833774 < 1.0
LPT.FNideal interp 3d input to low 0.08785088576833774 < 1.0
LPT.FNideal interp 3d input to low 0.08785088576833774 < 1.0
LPT.FNideal interp 3d input to low 0.08785088576833774 < 1.0
LPT.FNideal interp 3d input to low 0.08785088576833774 < 1.0
LPT.FNideal interp 3d input to low 0.08785088576833774 < 1.0
LPT.FNideal interp 3d input to low 269.0880949160072 < 300.0
LPT.FNideal interp 3d input to low 0.08785088576833774 < 1.0
LPT.FNideal interp 3d input to low 284.16447228617733 < 300.0
LPT.FNideal interp 3d input to low 0.08785088576833774 < 1.0
LPT.FNideal interp 3d input to low 284.16447228617733 < 300.0
LPT.FNideal interp 3d input to low 0.08785088576833774 < 1.0
LPT.FNideal interp 3d input to low 284.16447228617733 < 300.0
LPT.FNideal interp 3d input to low 0.08785088576833774 < 1.0
LPT.FNideal interp 3d input to low 284.16447228617733 < 300.0
LPT.FNideal interp 3d input to low 0.08785088576833774 < 1.0
LPT.FNideal interp 3d input to low 284.16447228617733 < 300.0
LPT.FNideal interp 3d input to low 0.08785088576833774 < 1.0
LPT.FNideal interp 3d input to low 284.16447228617733 < 300.0
LPT.FN42 interp 3d input to low 0.08785088576833774 < 1.0
LPT.FN42 interp 3d input to low 0.08785088576833774 < 1.0
LPT.FN42 interp 3d input to low 0.08785088576833774 < 1.0
LPT.FN42 interp 3d input to low 0.08785088576833774 < 1.0
LPT.FN42 interp 3d input to low 0.08785088576833774 < 1.0
LPT.FN42 interp 3d input to low 0.08785088576833774 < 1.0
LPT.FN42 interp 3d input to low 0.08785088576833774 < 1.0
LPT.FN42 interp 3d input to low 0.08785088576833774 < 1.0
LPT.FN42 interp 3d input to low 0.08785088576833774 < 1.0
LPT.FN42 interp 3d input to low 0.08785088576833774 < 1.0
LPT.FN42 interp 3d input to low 0.08785088576833774 < 1.0
LPT.FN42 interp 3d input to low 0.08785088576833774 < 1.0
LPT.FN42 interp 3d input to low 0.08785088576833774 < 1.0
LPT.FNo interp 3d input to low 0.08785088576833774 < 1.0
LPT.FNo interp 3d input to low 0.08785088576833774 < 1.0
LPT.FNo interp 3d input to low 0.08785088576833774 < 1.0
LPT.FNo interp 3d input to low 0.08785088576833774 < 1.0
LPT.FNo interp 3d input to low 0.08785088576833774 < 1.0
LPT.FNo interp 3d input to low 0.08785088576833774 < 1.0
LPT.FNo interp 3d input to low 0.08785088576833774 < 1.0
LPT.FNo interp 3d input to low 0.08785088576833774 < 1.0
LPT.FNo interp 3d input to low 0.08785088576833774 < 1.0
LPT.FNo interp 3d input to low 0.08785088576833774 < 1.0
LPT.FNo interp 3d input to low 0.08785088576833774 < 1.0
LPT.FNo interp 3d input to low 0.08785088576833774 < 1.0
LPT.FNo interp 3d input to low 0.08785088576833774 < 1.0
duct5.FNo interp 3d input to low 0.08697237691065436 < 1.0
duct5.FNo interp 3d input to low 0.08697237691065436 < 1.0
duct5.FNo interp 3d input to low 0.08697237691065436 < 1.0
duct5.FNo interp 3d input to low 0.08697237691065436 < 1.0
duct5.FNo interp 3d input to low 0.08697237691065436 < 1.0
duct5.FNo interp 3d input to low 0.08697237691065436 < 1.0
duct5.FNo interp 3d input to low 0.08697237691065436 < 1.0
duct5.FNo interp 3d input to low 0.08697237691065436 < 1.0
duct5.FNo interp 3d input to low 0.08697237691065436 < 1.0
duct5.FNo interp 3d input to low 0.08697237691065436 < 1.0
duct5.FNo interp 3d input to low 0.08697237691065436 < 1.0
duct5.FNo interp 3d input to low 0.08697237691065436 < 1.0
duct5.FNo interp 3d input to low 0.08697237691065436 < 1.0
priNozzle nozzle pressure ratio < 1 priNozzle.FNo interp 3d input to low 0.08697237691065436 < 1.0
priNozzle.FNo interp 3d input to low 0.08697237691065436 < 1.0
priNozzle.FNo interp 3d input to low 0.08697237691065436 < 1.0
priNozzle.FNo interp 3d input to low 0.08697237691065436 < 1.0
priNozzle.FNo interp 3d input to low 0.08697237691065436 < 1.0
priNozzle.FNo interp 3d input to low 0.08697237691065436 < 1.0
priNozzle.FNo interp 3d input to low 0.07827513921958892 < 1.0
priNozzle.FNo interp 3d input to low 0.07827513921958892 < 1.0
priNozzle.FNo interp 3d input to low 0.07827513921958892 < 1.0
priNozzle.FNo interp 3d input to low 0.07827513921958892 < 1.0
priNozzle.FNo interp 3d input to low 0.07827513921958892 < 1.0
priNozzle.FNo interp 3d input to low 0.07827513921958892 < 1.0
priNozzle.FNo interp 3d input to low 0.07827513921958892 < 1.0
priNozzle.FNo interp 3d input to low 0.07827513921958892 < 1.0
priNozzle.FNo interp 3d input to low 0.07827513921958892 < 1.0
priNozzle.FNo interp 3d input to low 0.07827513921958892 < 1.0
priNozzle.FNo interp 3d input to low 0.07827513921958892 < 1.0
priNozzle.FNo interp 3d input to low 0.07827513921958892 < 1.0
priNozzle.FNo interp 3d input to low 0.07827513921958892 < 1.0
priNozzle.FNo interp 3d input to low 0.07436138225860947 < 1.0
priNozzle.FNo interp 3d input to low 0.07436138225860947 < 1.0
priNozzle.FNo interp 3d input to low 0.07436138225860947 < 1.0
priNozzle.FNo interp 3d input to low 0.07436138225860947 < 1.0
priNozzle.FNo interp 3d input to low 0.07436138225860947 < 1.0
priNozzle.FNo interp 3d input to low 0.07436138225860947 < 1.0
priNozzle.FNo interp 3d input to low 0.07436138225860947 < 1.0
priNozzle.FNo interp 3d input to low 0.07436138225860947 < 1.0
priNozzle.FNo interp 3d input to low 0.07436138225860947 < 1.0
priNozzle.FNo interp 3d input to low 0.07436138225860947 < 1.0
priNozzle.FNo interp 3d input to low 0.07436138225860947 < 1.0
priNozzle.FNo interp 3d input to low 0.07436138225860947 < 1.0
priNozzle.FNo interp 3d input to low 0.07436138225860947 < 1.0
priNozzle.FNo interp 3d input to low 0.06566414456754403 < 1.0
priNozzle.FNo interp 3d input to low 0.06566414456754403 < 1.0
priNozzle.FNo interp 3d input to low 0.06566414456754403 < 1.0
priNozzle.FNo interp 3d input to low 0.06566414456754403 < 1.0
priNozzle.FNo interp 3d input to low 0.06566414456754403 < 1.0
priNozzle.FNo interp 3d input to low 0.06566414456754403 < 1.0
priNozzle.FNo interp 3d input to low 0.06566414456754403 < 1.0
priNozzle.FNo interp 3d input to low 0.06566414456754403 < 1.0
priNozzle.FNo interp 3d input to low 0.06566414456754403 < 1.0
priNozzle.FNo interp 3d input to low 0.06566414456754403 < 1.0
priNozzle.FNo interp 3d input to low 0.06566414456754403 < 1.0
priNozzle.FNo interp 3d input to low 0.06566414456754403 < 1.0
priNozzle.FNo interp 3d input to low 0.06566414456754403 < 1.0
priNozzle.FNo interp 3d input to low 0.056966906876478596 < 1.0
priNozzle.FNo interp 3d input to low 0.056966906876478596 < 1.0
priNozzle.FNo interp 3d input to low 0.056966906876478596 < 1.0
priNozzle.FNo interp 3d input to low 0.056966906876478596 < 1.0
priNozzle.FNo interp 3d input to low 0.056966906876478596 < 1.0
priNozzle.FNo interp 3d input to low 0.056966906876478596 < 1.0
priNozzle.FNo interp 3d input to low 0.056966906876478596 < 1.0
priNozzle.FNo interp 3d input to low 0.056966906876478596 < 1.0
priNozzle.FNo interp 3d input to low 0.056966906876478596 < 1.0
priNozzle.FNo interp 3d input to low 0.056966906876478596 < 1.0
priNozzle.FNo interp 3d input to low 0.056966906876478596 < 1.0
priNozzle.FNo interp 3d input to low 0.056966906876478596 < 1.0
priNozzle.FNo interp 3d input to low 0.056966906876478596 < 1.0
priNozzle.FNo interp 3d input to low 0.04826966918541316 < 1.0
priNozzle.FNo interp 3d input to low 0.04826966918541316 < 1.0
priNozzle.FNo interp 3d input to low 0.04826966918541316 < 1.0
priNozzle.FNo interp 3d input to low 0.04826966918541316 < 1.0
priNozzle.FNo interp 3d input to low 0.04826966918541316 < 1.0
priNozzle.FNo interp 3d input to low 0.04826966918541316 < 1.0
priNozzle.FNo interp 3d input to low 0.04826966918541316 < 1.0
priNozzle.FNo interp 3d input to low 0.04826966918541316 < 1.0
priNozzle.FNo interp 3d input to low 0.04826966918541316 < 1.0
priNozzle.FNo interp 3d input to low 0.04826966918541316 < 1.0
priNozzle.FNo interp 3d input to low 0.04826966918541316 < 1.0
priNozzle.FNo interp 3d input to low 0.04826966918541316 < 1.0
priNozzle.FNo interp 3d input to low 0.04826966918541316 < 1.0
priNozzle.FNo interp 3d input to low 0.03957243149434772 < 1.0
priNozzle.FNo interp 3d input to low 0.03957243149434772 < 1.0
priNozzle.FNo interp 3d input to low 0.03957243149434772 < 1.0
priNozzle.FNo interp 3d input to low 0.03957243149434772 < 1.0
priNozzle.FNo interp 3d input to low 0.03957243149434772 < 1.0
priNozzle.FNo interp 3d input to low 0.03957243149434772 < 1.0
priNozzle.FNo interp 3d input to low 0.03957243149434772 < 1.0
priNozzle.FNo interp 3d input to low 0.03957243149434772 < 1.0
priNozzle.FNo interp 3d input to low 0.03957243149434772 < 1.0
priNozzle.FNo interp 3d input to low 0.03957243149434772 < 1.0
priNozzle.FNo interp 3d input to low 0.03957243149434772 < 1.0
priNozzle.FNo interp 3d input to low 0.03957243149434772 < 1.0
priNozzle.FNo interp 3d input to low 0.03957243149434772 < 1.0
priNozzle.FNo interp 3d input to low 0.030875193803282283 < 1.0
priNozzle.FNo interp 3d input to low 0.030875193803282283 < 1.0
priNozzle.FNo interp 3d input to low 0.030875193803282283 < 1.0
priNozzle.FNo interp 3d input to low 0.030875193803282283 < 1.0
priNozzle.FNo interp 3d input to low 0.030875193803282283 < 1.0
priNozzle.FNo interp 3d input to low 0.030875193803282283 < 1.0
priNozzle.FNo interp 3d input to low 0.030875193803282283 < 1.0
priNozzle.FNo interp 3d input to low 0.030875193803282283 < 1.0
priNozzle.FNo interp 3d input to low 0.030875193803282283 < 1.0
priNozzle.FNo interp 3d input to low 0.030875193803282283 < 1.0
priNozzle.FNo interp 3d input to low 0.030875193803282283 < 1.0
priNozzle.FNo interp 3d input to low 0.030875193803282283 < 1.0
priNozzle.FNo interp 3d input to low 0.030875193803282283 < 1.0
priNozzle.FNo interp 3d input to low 0.022177956112216846 < 1.0
priNozzle.FNo interp 3d input to low 0.022177956112216846 < 1.0
priNozzle.FNo interp 3d input to low 0.022177956112216846 < 1.0
priNozzle.FNo interp 3d input to low 0.022177956112216846 < 1.0
priNozzle.FNo interp 3d input to low 0.022177956112216846 < 1.0
priNozzle.FNo interp 3d input to low 0.022177956112216846 < 1.0
priNozzle.FNo interp 3d input to low 0.022177956112216846 < 1.0
priNozzle.FNo interp 3d input to low 0.022177956112216846 < 1.0
priNozzle.FNo interp 3d input to low 0.022177956112216846 < 1.0
priNozzle.FNo interp 3d input to low 0.022177956112216846 < 1.0
priNozzle.FNo interp 3d input to low 0.022177956112216846 < 1.0
priNozzle.FNo interp 3d input to low 0.022177956112216846 < 1.0
priNozzle.FNo interp 3d input to low 0.022177956112216846 < 1.0
priNozzle.FNo interp 3d input to low 0.01348071842115141 < 1.0
priNozzle.FNo interp 3d input to low 0.01348071842115141 < 1.0
priNozzle.FNo interp 3d input to low 0.01348071842115141 < 1.0
priNozzle.FNo interp 3d input to low 0.01348071842115141 < 1.0
priNozzle.FNo interp 3d input to low 0.01348071842115141 < 1.0
priNozzle.FNo interp 3d input to low 0.01348071842115141 < 1.0
priNozzle.FNo interp 3d input to low 0.01348071842115141 < 1.0
priNozzle.FNo interp 3d input to low 0.01348071842115141 < 1.0
priNozzle.FNo interp 3d input to low 0.01348071842115141 < 1.0
priNozzle.FNo interp 3d input to low 0.01348071842115141 < 1.0
priNozzle.FNo interp 3d input to low 0.01348071842115141 < 1.0
priNozzle.FNo interp 3d input to low 0.01348071842115141 < 1.0
priNozzle.FNo interp 3d input to low 0.01348071842115141 < 1.0
priNozzle.FNo interp 3d input to low 0.004783480730085974 < 1.0
priNozzle.FNo interp 3d input to low 0.004783480730085974 < 1.0
priNozzle.FNo interp 3d input to low 0.004783480730085974 < 1.0
priNozzle.FNo interp 3d input to low 0.004783480730085974 < 1.0
priNozzle.FNo interp 3d input to low 0.004783480730085974 < 1.0
priNozzle.FNo interp 3d input to low 0.004783480730085974 < 1.0
priNozzle.FNo interp 3d input to low 0.004783480730085974 < 1.0
priNozzle.FNo interp 3d input to low 0.004783480730085974 < 1.0
priNozzle.FNo interp 3d input to low 0.004783480730085974 < 1.0
priNozzle.FNo interp 3d input to low 0.004783480730085974 < 1.0
priNozzle.FNo interp 3d input to low 0.004783480730085974 < 1.0
priNozzle.FNo interp 3d input to low 0.004783480730085974 < 1.0
priNozzle.FNo interp 3d input to low 0.004783480730085974 < 1.0
priNozzle.FNo interp 3d input to low -0.003913756960979462 < 1.0
priNozzle.FNo interp 3d input to low -0.003913756960979462 < 1.0
priNozzle.FNo interp 3d input to low -0.003913756960979462 < 1.0
priNozzle.FNo interp 3d input to low -0.003913756960979462 < 1.0
priNozzle.FNo interp 3d input to low -0.003913756960979462 < 1.0
priNozzle.FNo interp 3d input to low -0.003913756960979462 < 1.0
priNozzle.FNo interp 3d input to low -0.003913756960979462 < 1.0
priNozzle.FNo interp 3d input to low -0.003913756960979462 < 1.0
priNozzle.FNo interp 3d input to low -0.003913756960979462 < 1.0
priNozzle.FNo interp 3d input to low -0.003913756960979462 < 1.0
priNozzle.FNo interp 3d input to low -0.003913756960979462 < 1.0
priNozzle.FNo interp 3d input to low -0.003913756960979462 < 1.0
priNozzle.FNo interp 3d input to low -0.003913756960979462 < 1.0
priNozzle.FNo interp 3d input to low -0.012610994652044898 < 1.0
priNozzle.FNo interp 3d input to low -0.012610994652044898 < 1.0
priNozzle.FNo interp 3d input to low -0.012610994652044898 < 1.0
priNozzle.FNo interp 3d input to low -0.012610994652044898 < 1.0
priNozzle.FNo interp 3d input to low -0.012610994652044898 < 1.0
priNozzle.FNo interp 3d input to low -0.012610994652044898 < 1.0
priNozzle.FNo interp 3d input to low -0.012610994652044898 < 1.0
priNozzle.FNo interp 3d input to low -0.012610994652044898 < 1.0
priNozzle.FNo interp 3d input to low -0.012610994652044898 < 1.0
priNozzle.FNo interp 3d input to low -0.012610994652044898 < 1.0
priNozzle.FNo interp 3d input to low -0.012610994652044898 < 1.0
priNozzle.FNo interp 3d input to low -0.012610994652044898 < 1.0
priNozzle.FNo interp 3d input to low -0.012610994652044898 < 1.0
priNozzle.FNo interp 3d input to low -0.021308232343110335 < 1.0
priNozzle.FNo interp 3d input to low -0.021308232343110335 < 1.0
priNozzle.FNo interp 3d input to low -0.021308232343110335 < 1.0
priNozzle.FNo interp 3d input to low -0.021308232343110335 < 1.0
priNozzle.FNo interp 3d input to low -0.021308232343110335 < 1.0
priNozzle.FNo interp 3d input to low -0.021308232343110335 < 1.0
priNozzle.FNo interp 3d input to low -0.021308232343110335 < 1.0
priNozzle.FNo interp 3d input to low -0.021308232343110335 < 1.0
priNozzle.FNo interp 3d input to low -0.021308232343110335 < 1.0
priNozzle.FNo interp 3d input to low -0.021308232343110335 < 1.0
priNozzle.FNo interp 3d input to low -0.021308232343110335 < 1.0
priNozzle.FNo interp 3d input to low -0.021308232343110335 < 1.0
priNozzle.FNo interp 3d input to low -0.021308232343110335 < 1.0
priNozzle.FNo interp 3d input to low -0.030005470034175773 < 1.0
priNozzle.FNo interp 3d input to low -0.030005470034175773 < 1.0
priNozzle.FNo interp 3d input to low -0.030005470034175773 < 1.0
priNozzle.FNo interp 3d input to low -0.030005470034175773 < 1.0
priNozzle.FNo interp 3d input to low -0.030005470034175773 < 1.0
priNozzle.FNo interp 3d input to low -0.030005470034175773 < 1.0
priNozzle.FNo interp 3d input to low -0.030005470034175773 < 1.0
priNozzle.FNo interp 3d input to low 299.7056964619817 < 300.0
priNozzle.FNo interp 3d input to low -0.030005470034175773 < 1.0
priNozzle.FNo interp 3d input to low -0.030005470034175773 < 1.0
priNozzle.FNo interp 3d input to low -0.030005470034175773 < 1.0
priNozzle.FNo interp 3d input to low -0.030005470034175773 < 1.0
priNozzle.FNo interp 3d input to low -0.030005470034175773 < 1.0
priNozzle.FNo interp 3d input to low -0.030005470034175773 < 1.0
priNozzle.FNo interp 3d input to low -0.03870270772524121 < 1.0
priNozzle.FNo interp 3d input to low -0.03870270772524121 < 1.0
priNozzle.FNo interp 3d input to low -0.03870270772524121 < 1.0
priNozzle.FNo interp 3d input to low -0.03870270772524121 < 1.0
priNozzle.FNo interp 3d input to low -0.03870270772524121 < 1.0
priNozzle.FNo interp 3d input to low -0.03870270772524121 < 1.0
priNozzle.FNo interp 3d input to low -0.03870270772524121 < 1.0
priNozzle.FNo interp 3d input to low 298.72544860310046 < 300.0
priNozzle.FNo interp 3d input to low -0.03870270772524121 < 1.0
priNozzle.FNo interp 3d input to low -0.03870270772524121 < 1.0
priNozzle.FNo interp 3d input to low -0.03870270772524121 < 1.0
priNozzle.FNo interp 3d input to low -0.03870270772524121 < 1.0
priNozzle.FNo interp 3d input to low -0.03870270772524121 < 1.0
priNozzle.FNo interp 3d input to low -0.03870270772524121 < 1.0
priNozzle.FNo interp 3d input to low -0.04739994541630665 < 1.0
priNozzle.FNo interp 3d input to low -0.04739994541630665 < 1.0
priNozzle.FNo interp 3d input to low -0.04739994541630665 < 1.0
priNozzle.FNo interp 3d input to low -0.04739994541630665 < 1.0
priNozzle.FNo interp 3d input to low -0.04739994541630665 < 1.0
priNozzle.FNo interp 3d input to low -0.04739994541630665 < 1.0
priNozzle.FNo interp 3d input to low -0.04739994541630665 < 1.0
priNozzle.FNo interp 3d input to low 297.74520074421866 < 300.0
priNozzle.FNo interp 3d input to low -0.04739994541630665 < 1.0
priNozzle.FNo interp 3d input to low -0.04739994541630665 < 1.0
priNozzle.FNo interp 3d input to low -0.04739994541630665 < 1.0
priNozzle.FNo interp 3d input to low -0.04739994541630665 < 1.0
priNozzle.FNo interp 3d input to low -0.04739994541630665 < 1.0
priNozzle.FNo interp 3d input to low -0.04739994541630665 < 1.0
priNozzle.FNo interp 3d input to low -0.056097183107372085 < 1.0
priNozzle.FNo interp 3d input to low -0.056097183107372085 < 1.0
priNozzle.FNo interp 3d input to low -0.056097183107372085 < 1.0
priNozzle.FNo interp 3d input to low -0.056097183107372085 < 1.0
priNozzle.FNo interp 3d input to low -0.056097183107372085 < 1.0
priNozzle.FNo interp 3d input to low -0.056097183107372085 < 1.0
priNozzle.FNo interp 3d input to low -0.056097183107372085 < 1.0
priNozzle.FNo interp 3d input to low 296.76495288533545 < 300.0
priNozzle.FNo interp 3d input to low -0.056097183107372085 < 1.0
priNozzle.FNo interp 3d input to low -0.056097183107372085 < 1.0
priNozzle.FNo interp 3d input to low -0.056097183107372085 < 1.0
priNozzle.FNo interp 3d input to low -0.056097183107372085 < 1.0
priNozzle.FNo interp 3d input to low -0.056097183107372085 < 1.0
priNozzle.FNo interp 3d input to low -0.056097183107372085 < 1.0
priNozzle.FNo interp 3d input to low -0.06479442079843752 < 1.0
priNozzle.FNo interp 3d input to low -0.06479442079843752 < 1.0
priNozzle.FNo interp 3d input to low -0.06479442079843752 < 1.0
priNozzle.FNo interp 3d input to low -0.06479442079843752 < 1.0
priNozzle.FNo interp 3d input to low -0.06479442079843752 < 1.0
priNozzle.FNo interp 3d input to low -0.06479442079843752 < 1.0
priNozzle.FNo interp 3d input to low -0.06479442079843752 < 1.0
priNozzle.FNo interp 3d input to low 295.7847050264511 < 300.0
priNozzle.FNo interp 3d input to low -0.06479442079843752 < 1.0
priNozzle.FNo interp 3d input to low -0.06479442079843752 < 1.0
priNozzle.FNo interp 3d input to low -0.06479442079843752 < 1.0
priNozzle.FNo interp 3d input to low -0.06479442079843752 < 1.0
priNozzle.FNo interp 3d input to low -0.06479442079843752 < 1.0
priNozzle.FNo interp 3d input to low -0.06479442079843752 < 1.0
priNozzle.FNo interp 3d input to low -0.07349165848950295 < 1.0
priNozzle.FNo interp 3d input to low -0.07349165848950295 < 1.0
priNozzle.FNo interp 3d input to low -0.07349165848950295 < 1.0
priNozzle.FNo interp 3d input to low -0.07349165848950295 < 1.0
priNozzle.FNo interp 3d input to low -0.07349165848950295 < 1.0
priNozzle.FNo interp 3d input to low -0.07349165848950295 < 1.0
priNozzle.FNo interp 3d input to low -0.07349165848950295 < 1.0
priNozzle.FNo interp 3d input to low 294.8044571675661 < 300.0
priNozzle.FNo interp 3d input to low -0.07349165848950295 < 1.0
priNozzle.FNo interp 3d input to low -0.07349165848950295 < 1.0
priNozzle.FNo interp 3d input to low -0.07349165848950295 < 1.0
priNozzle.FNo interp 3d input to low -0.07349165848950295 < 1.0
priNozzle.FNo interp 3d input to low -0.07349165848950295 < 1.0
priNozzle.FNo interp 3d input to low -0.07349165848950295 < 1.0
priNozzle.FNo interp 3d input to low -0.08218889618056839 < 1.0
priNozzle.FNo interp 3d input to low -0.08218889618056839 < 1.0
priNozzle.FNo interp 3d input to low -0.08218889618056839 < 1.0
priNozzle.FNo interp 3d input to low -0.08218889618056839 < 1.0
priNozzle.FNo interp 3d input to low -0.08218889618056839 < 1.0
priNozzle.FNo interp 3d input to low -0.08218889618056839 < 1.0
priNozzle.FNo interp 3d input to low -0.08218889618056839 < 1.0
priNozzle.FNo interp 3d input to low 293.8242093086797 < 300.0
priNozzle.FNo interp 3d input to low -0.08218889618056839 < 1.0
priNozzle.FNo interp 3d input to low -0.08218889618056839 < 1.0
priNozzle.FNo interp 3d input to low -0.08218889618056839 < 1.0
priNozzle.FNo interp 3d input to low -0.08218889618056839 < 1.0
priNozzle.FNo interp 3d input to low -0.08218889618056839 < 1.0
priNozzle.FNo interp 3d input to low -0.08218889618056839 < 1.0
priNozzle.FNo interp 3d input to low -0.09088613387163383 < 1.0
priNozzle.FNo interp 3d input to low -0.09088613387163383 < 1.0
priNozzle.FNo interp 3d input to low -0.09088613387163383 < 1.0
priNozzle.FNo interp 3d input to low -0.09088613387163383 < 1.0
priNozzle.FNo interp 3d input to low -0.09088613387163383 < 1.0
priNozzle.FNo interp 3d input to low -0.09088613387163383 < 1.0
priNozzle.FNo interp 3d input to low -0.09088613387163383 < 1.0
priNozzle.FNo interp 3d input to low 292.8439614497922 < 300.0
priNozzle.FNo interp 3d input to low -0.09088613387163383 < 1.0
priNozzle.FNo interp 3d input to low -0.09088613387163383 < 1.0
priNozzle.FNo interp 3d input to low -0.09088613387163383 < 1.0
priNozzle.FNo interp 3d input to low -0.09088613387163383 < 1.0
priNozzle.FNo interp 3d input to low -0.09088613387163383 < 1.0
priNozzle.FNo interp 3d input to low -0.09088613387163383 < 1.0
priNozzle.FNo interp 3d input to low -0.09958337156269927 < 1.0
priNozzle.FNo interp 3d input to low -0.09958337156269927 < 1.0
priNozzle.FNo interp 3d input to low -0.09958337156269927 < 1.0
priNozzle.FNo interp 3d input to low -0.09958337156269927 < 1.0
priNozzle.FNo interp 3d input to low -0.09958337156269927 < 1.0
priNozzle.FNo interp 3d input to low -0.09958337156269927 < 1.0
priNozzle.FNo interp 3d input to low -0.09958337156269927 < 1.0
priNozzle.FNo interp 3d input to low 291.8637135909035 < 300.0
priNozzle.FNo interp 3d input to low -0.09958337156269927 < 1.0
priNozzle.FNo interp 3d input to low -0.09958337156269927 < 1.0
priNozzle.FNo interp 3d input to low -0.09958337156269927 < 1.0
priNozzle.FNo interp 3d input to low -0.09958337156269927 < 1.0
priNozzle.FNo interp 3d input to low -0.09958337156269927 < 1.0
priNozzle.FNo interp 3d input to low -0.09958337156269927 < 1.0
priNozzle.FNo interp 3d input to low -0.1082806092537647 < 1.0
priNozzle.FNo interp 3d input to low -0.1082806092537647 < 1.0
priNozzle.FNo interp 3d input to low -0.1082806092537647 < 1.0
priNozzle.FNo interp 3d input to low -0.1082806092537647 < 1.0
priNozzle.FNo interp 3d input to low -0.1082806092537647 < 1.0
priNozzle.FNo interp 3d input to low -0.1082806092537647 < 1.0
priNozzle.FNo interp 3d input to low -0.1082806092537647 < 1.0
priNozzle.FNo interp 3d input to low 290.8834657320145 < 300.0
priNozzle.FNo interp 3d input to low -0.1082806092537647 < 1.0
priNozzle.FNo interp 3d input to low -0.1082806092537647 < 1.0
priNozzle.FNo interp 3d input to low -0.1082806092537647 < 1.0
priNozzle.FNo interp 3d input to low -0.1082806092537647 < 1.0
priNozzle.FNo interp 3d input to low -0.1082806092537647 < 1.0
priNozzle.FNo interp 3d input to low -0.1082806092537647 < 1.0
priNozzle.FNo interp 3d input to low -0.11697784694483014 < 1.0
priNozzle.FNo interp 3d input to low -0.11697784694483014 < 1.0
priNozzle.FNo interp 3d input to low -0.11697784694483014 < 1.0
priNozzle.FNo interp 3d input to low -0.11697784694483014 < 1.0
priNozzle.FNo interp 3d input to low -0.11697784694483014 < 1.0
priNozzle.FNo interp 3d input to low -0.11697784694483014 < 1.0
priNozzle.FNo interp 3d input to low -0.11697784694483014 < 1.0
priNozzle.FNo interp 3d input to low 289.90321787312377 < 300.0
priNozzle.FNo interp 3d input to low -0.11697784694483014 < 1.0
priNozzle.FNo interp 3d input to low -0.11697784694483014 < 1.0
priNozzle.FNo interp 3d input to low -0.11697784694483014 < 1.0
priNozzle.FNo interp 3d input to low -0.11697784694483014 < 1.0
priNozzle.FNo interp 3d input to low -0.11697784694483014 < 1.0
priNozzle.FNo interp 3d input to low -0.11697784694483014 < 1.0
priNozzle.FNo interp 3d input to low -0.12567508463589558 < 1.0
priNozzle.FNo interp 3d input to low -0.12567508463589558 < 1.0
priNozzle.FNo interp 3d input to low -0.12567508463589558 < 1.0
priNozzle.FNo interp 3d input to low -0.12567508463589558 < 1.0
priNozzle.FNo interp 3d input to low -0.12567508463589558 < 1.0
priNozzle.FNo interp 3d input to low -0.12567508463589558 < 1.0
priNozzle.FNo interp 3d input to low -0.12567508463589558 < 1.0
priNozzle.FNo interp 3d input to low 288.92297001423196 < 300.0
priNozzle.FNo interp 3d input to low -0.12567508463589558 < 1.0
priNozzle.FNo interp 3d input to low 299.9059862559844 < 300.0
priNozzle.FNo interp 3d input to low -0.12567508463589558 < 1.0
priNozzle.FNo interp 3d input to low 299.9059862559844 < 300.0
priNozzle.FNo interp 3d input to low -0.12567508463589558 < 1.0
priNozzle.FNo interp 3d input to low 299.9059862559844 < 300.0
priNozzle.FNo interp 3d input to low -0.12567508463589558 < 1.0
priNozzle.FNo interp 3d input to low 299.9059862559844 < 300.0
priNozzle.FNo interp 3d input to low -0.12567508463589558 < 1.0
priNozzle.FNo interp 3d input to low 299.9059862559844 < 300.0
priNozzle.FNo interp 3d input to low -0.12567508463589558 < 1.0
priNozzle.FNo interp 3d input to low 299.9059862559844 < 300.0
priNozzle.FNo interp 3d input to low -0.134372322326961 < 1.0
priNozzle.FNo interp 3d input to low -0.134372322326961 < 1.0
priNozzle.FNo interp 3d input to low -0.134372322326961 < 1.0
priNozzle.FNo interp 3d input to low -0.134372322326961 < 1.0
priNozzle.FNo interp 3d input to low -0.134372322326961 < 1.0
priNozzle.FNo interp 3d input to low -0.134372322326961 < 1.0
priNozzle.FNo interp 3d input to low -0.134372322326961 < 1.0
priNozzle.FNo interp 3d input to low 287.94272215533977 < 300.0
priNozzle.FNo interp 3d input to low -0.134372322326961 < 1.0
priNozzle.FNo interp 3d input to low 299.12803402351494 < 300.0
priNozzle.FNo interp 3d input to low -0.134372322326961 < 1.0
priNozzle.FNo interp 3d input to low 299.12803402351494 < 300.0
priNozzle.FNo interp 3d input to low -0.134372322326961 < 1.0
priNozzle.FNo interp 3d input to low 299.12803402351494 < 300.0
priNozzle.FNo interp 3d input to low -0.134372322326961 < 1.0
priNozzle.FNo interp 3d input to low 299.12803402351494 < 300.0
priNozzle.FNo interp 3d input to low -0.134372322326961 < 1.0
priNozzle.FNo interp 3d input to low 299.12803402351494 < 300.0
priNozzle.FNo interp 3d input to low -0.134372322326961 < 1.0
priNozzle.FNo interp 3d input to low 299.12803402351494 < 300.0
priNozzle.FNo interp 3d input to low -0.14306956001802643 < 1.0
priNozzle.FNo interp 3d input to low -0.14306956001802643 < 1.0
priNozzle.FNo interp 3d input to low -0.14306956001802643 < 1.0
priNozzle.FNo interp 3d input to low -0.14306956001802643 < 1.0
priNozzle.FNo interp 3d input to low -0.14306956001802643 < 1.0
priNozzle.FNo interp 3d input to low -0.14306956001802643 < 1.0
priNozzle.FNo interp 3d input to low -0.14306956001802643 < 1.0
priNozzle.FNo interp 3d input to low 286.9624742964458 < 300.0
priNozzle.FNo interp 3d input to low -0.14306956001802643 < 1.0
priNozzle.FNo interp 3d input to low 298.3500817910452 < 300.0
priNozzle.FNo interp 3d input to low -0.14306956001802643 < 1.0
priNozzle.FNo interp 3d input to low 298.3500817910452 < 300.0
priNozzle.FNo interp 3d input to low -0.14306956001802643 < 1.0
priNozzle.FNo interp 3d input to low 298.3500817910452 < 300.0
priNozzle.FNo interp 3d input to low -0.14306956001802643 < 1.0
priNozzle.FNo interp 3d input to low 298.3500817910452 < 300.0
priNozzle.FNo interp 3d input to low -0.14306956001802643 < 1.0
priNozzle.FNo interp 3d input to low 298.3500817910452 < 300.0
priNozzle.FNo interp 3d input to low -0.14306956001802643 < 1.0
priNozzle.FNo interp 3d input to low 298.3500817910452 < 300.0
priNozzle.FNo interp 3d input to low -0.15176679770909185 < 1.0
priNozzle.FNo interp 3d input to low -0.15176679770909185 < 1.0
priNozzle.FNo interp 3d input to low -0.15176679770909185 < 1.0
priNozzle.FNo interp 3d input to low -0.15176679770909185 < 1.0
priNozzle.FNo interp 3d input to low -0.15176679770909185 < 1.0
priNozzle.FNo interp 3d input to low -0.15176679770909185 < 1.0
priNozzle.FNo interp 3d input to low -0.15176679770909185 < 1.0
priNozzle.FNo interp 3d input to low 285.9822264375508 < 300.0
priNozzle.FNo interp 3d input to low -0.15176679770909185 < 1.0
priNozzle.FNo interp 3d input to low 297.5721295585727 < 300.0
priNozzle.FNo interp 3d input to low -0.15176679770909185 < 1.0
priNozzle.FNo interp 3d input to low 297.5721295585727 < 300.0
priNozzle.FNo interp 3d input to low -0.15176679770909185 < 1.0
priNozzle.FNo interp 3d input to low 297.5721295585727 < 300.0
priNozzle.FNo interp 3d input to low -0.15176679770909185 < 1.0
priNozzle.FNo interp 3d input to low 297.5721295585727 < 300.0
priNozzle.FNo interp 3d input to low -0.15176679770909185 < 1.0
priNozzle.FNo interp 3d input to low 297.5721295585727 < 300.0
priNozzle.FNo interp 3d input to low -0.15176679770909185 < 1.0
priNozzle.FNo interp 3d input to low 297.5721295585727 < 300.0
priNozzle.FNo interp 3d input to low -0.16046403540015727 < 1.0
priNozzle.FNo interp 3d input to low -0.16046403540015727 < 1.0
priNozzle.FNo interp 3d input to low -0.16046403540015727 < 1.0
priNozzle.FNo interp 3d input to low -0.16046403540015727 < 1.0
priNozzle.FNo interp 3d input to low -0.16046403540015727 < 1.0
priNozzle.FNo interp 3d input to low -0.16046403540015727 < 1.0
priNozzle.FNo interp 3d input to low -0.16046403540015727 < 1.0
priNozzle.FNo interp 3d input to low 285.0019785786555 < 300.0
priNozzle.FNo interp 3d input to low -0.16046403540015727 < 1.0
priNozzle.FNo interp 3d input to low 296.79417732610295 < 300.0
priNozzle.FNo interp 3d input to low -0.16046403540015727 < 1.0
priNozzle.FNo interp 3d input to low 296.79417732610295 < 300.0
priNozzle.FNo interp 3d input to low -0.16046403540015727 < 1.0
priNozzle.FNo interp 3d input to low 296.79417732610295 < 300.0
priNozzle.FNo interp 3d input to low -0.16046403540015727 < 1.0
priNozzle.FNo interp 3d input to low 296.79417732610295 < 300.0
priNozzle.FNo interp 3d input to low -0.16046403540015727 < 1.0
priNozzle.FNo interp 3d input to low 296.79417732610295 < 300.0
priNozzle.FNo interp 3d input to low -0.16046403540015727 < 1.0
priNozzle.FNo interp 3d input to low 296.79417732610295 < 300.0
priNozzle.FNo interp 3d input to low -0.1691612730912227 < 1.0
priNozzle.FNo interp 3d input to low -0.1691612730912227 < 1.0
priNozzle.FNo interp 3d input to low -0.1691612730912227 < 1.0
priNozzle.FNo interp 3d input to low -0.1691612730912227 < 1.0
priNozzle.FNo interp 3d input to low -0.1691612730912227 < 1.0
priNozzle.FNo interp 3d input to low -0.1691612730912227 < 1.0
priNozzle.FNo interp 3d input to low -0.1691612730912227 < 1.0
priNozzle.FNo interp 3d input to low 284.0217307197584 < 300.0
priNozzle.FNo interp 3d input to low -0.1691612730912227 < 1.0
priNozzle.FNo interp 3d input to low 296.0162250936334 < 300.0
priNozzle.FNo interp 3d input to low -0.1691612730912227 < 1.0
priNozzle.FNo interp 3d input to low 296.0162250936334 < 300.0
priNozzle.FNo interp 3d input to low -0.1691612730912227 < 1.0
priNozzle.FNo interp 3d input to low 296.0162250936334 < 300.0
priNozzle.FNo interp 3d input to low -0.1691612730912227 < 1.0
priNozzle.FNo interp 3d input to low 296.0162250936334 < 300.0
priNozzle.FNo interp 3d input to low -0.1691612730912227 < 1.0
priNozzle.FNo interp 3d input to low 296.0162250936334 < 300.0
priNozzle.FNo interp 3d input to low -0.1691612730912227 < 1.0
priNozzle.FNo interp 3d input to low 296.0162250936334 < 300.0
priNozzle.FNo interp 3d input to low -0.17785851078228812 < 1.0
priNozzle.FNo interp 3d input to low -0.17785851078228812 < 1.0
priNozzle.FNo interp 3d input to low -0.17785851078228812 < 1.0
priNozzle.FNo interp 3d input to low -0.17785851078228812 < 1.0
priNozzle.FNo interp 3d input to low -0.17785851078228812 < 1.0
priNozzle.FNo interp 3d input to low -0.17785851078228812 < 1.0
priNozzle.FNo interp 3d input to low -0.17785851078228812 < 1.0
priNozzle.FNo interp 3d input to low 283.04148286086024 < 300.0
priNozzle.FNo interp 3d input to low -0.17785851078228812 < 1.0
priNozzle.FNo interp 3d input to low 295.23827286116347 < 300.0
priNozzle.FNo interp 3d input to low -0.17785851078228812 < 1.0
priNozzle.FNo interp 3d input to low 295.23827286116347 < 300.0
priNozzle.FNo interp 3d input to low -0.17785851078228812 < 1.0
priNozzle.FNo interp 3d input to low 295.23827286116347 < 300.0
priNozzle.FNo interp 3d input to low -0.17785851078228812 < 1.0
priNozzle.FNo interp 3d input to low 295.23827286116347 < 300.0
priNozzle.FNo interp 3d input to low -0.17785851078228812 < 1.0
priNozzle.FNo interp 3d input to low 295.23827286116347 < 300.0
priNozzle.FNo interp 3d input to low -0.17785851078228812 < 1.0
priNozzle.FNo interp 3d input to low 295.23827286116347 < 300.0
priNozzle.FNo interp 3d input to low -0.18655574847335354 < 1.0
priNozzle.FNo interp 3d input to low -0.18655574847335354 < 1.0
priNozzle.FNo interp 3d input to low -0.18655574847335354 < 1.0
priNozzle.FNo interp 3d input to low -0.18655574847335354 < 1.0
priNozzle.FNo interp 3d input to low -0.18655574847335354 < 1.0
priNozzle.FNo interp 3d input to low -0.18655574847335354 < 1.0
priNozzle.FNo interp 3d input to low -0.18655574847335354 < 1.0
priNozzle.FNo interp 3d input to low 282.06123500196117 < 300.0
priNozzle.FNo interp 3d input to low -0.18655574847335354 < 1.0
priNozzle.FNo interp 3d input to low 294.46032062869403 < 300.0
priNozzle.FNo interp 3d input to low -0.18655574847335354 < 1.0
priNozzle.FNo interp 3d input to low 294.46032062869403 < 300.0
priNozzle.FNo interp 3d input to low -0.18655574847335354 < 1.0
priNozzle.FNo interp 3d input to low 294.46032062869403 < 300.0
priNozzle.FNo interp 3d input to low -0.18655574847335354 < 1.0
priNozzle.FNo interp 3d input to low 294.46032062869403 < 300.0
priNozzle.FNo interp 3d input to low -0.18655574847335354 < 1.0
priNozzle.FNo interp 3d input to low 294.46032062869403 < 300.0
priNozzle.FNo interp 3d input to low -0.18655574847335354 < 1.0
priNozzle.FNo interp 3d input to low 294.46032062869403 < 300.0
priNozzle.FNo interp 3d input to low -0.19525298616441897 < 1.0
priNozzle.FNo interp 3d input to low -0.19525298616441897 < 1.0
priNozzle.FNo interp 3d input to low -0.19525298616441897 < 1.0
priNozzle.FNo interp 3d input to low -0.19525298616441897 < 1.0
priNozzle.FNo interp 3d input to low -0.19525298616441897 < 1.0
priNozzle.FNo interp 3d input to low -0.19525298616441897 < 1.0
priNozzle.FNo interp 3d input to low -0.19525298616441897 < 1.0
priNozzle.FNo interp 3d input to low 281.08098714306146 < 300.0
priNozzle.FNo interp 3d input to low -0.19525298616441897 < 1.0
priNozzle.FNo interp 3d input to low 293.68236839622415 < 300.0
priNozzle.FNo interp 3d input to low -0.19525298616441897 < 1.0
priNozzle.FNo interp 3d input to low 293.68236839622415 < 300.0
priNozzle.FNo interp 3d input to low -0.19525298616441897 < 1.0
priNozzle.FNo interp 3d input to low 293.68236839622415 < 300.0
priNozzle.FNo interp 3d input to low -0.19525298616441897 < 1.0
priNozzle.FNo interp 3d input to low 293.68236839622415 < 300.0
priNozzle.FNo interp 3d input to low -0.19525298616441897 < 1.0
priNozzle.FNo interp 3d input to low 293.68236839622415 < 300.0
priNozzle.FNo interp 3d input to low -0.19525298616441897 < 1.0
priNozzle.FNo interp 3d input to low 293.68236839622415 < 300.0
priNozzle.FNo interp 3d input to low -0.2039502238554844 < 1.0
priNozzle.FNo interp 3d input to low -0.2039502238554844 < 1.0
priNozzle.FNo interp 3d input to low -0.2039502238554844 < 1.0
priNozzle.FNo interp 3d input to low -0.2039502238554844 < 1.0
priNozzle.FNo interp 3d input to low -0.2039502238554844 < 1.0
priNozzle.FNo interp 3d input to low -0.2039502238554844 < 1.0
priNozzle.FNo interp 3d input to low -0.2039502238554844 < 1.0
priNozzle.FNo interp 3d input to low 280.10073928416017 < 300.0
priNozzle.FNo interp 3d input to low -0.2039502238554844 < 1.0
priNozzle.FNo interp 3d input to low 292.90441616375466 < 300.0
priNozzle.FNo interp 3d input to low -0.2039502238554844 < 1.0
priNozzle.FNo interp 3d input to low 292.90441616375466 < 300.0
priNozzle.FNo interp 3d input to low -0.2039502238554844 < 1.0
priNozzle.FNo interp 3d input to low 292.90441616375466 < 300.0
priNozzle.FNo interp 3d input to low -0.2039502238554844 < 1.0
priNozzle.FNo interp 3d input to low 292.90441616375466 < 300.0
priNozzle.FNo interp 3d input to low -0.2039502238554844 < 1.0
priNozzle.FNo interp 3d input to low 292.90441616375466 < 300.0
priNozzle.FNo interp 3d input to low -0.2039502238554844 < 1.0
priNozzle.FNo interp 3d input to low 292.90441616375466 < 300.0
priNozzle.FNo interp 3d input to low -0.21264746154654982 < 1.0
priNozzle.FNo interp 3d input to low -0.21264746154654982 < 1.0
priNozzle.FNo interp 3d input to low -0.21264746154654982 < 1.0
priNozzle.FNo interp 3d input to low -0.21264746154654982 < 1.0
priNozzle.FNo interp 3d input to low -0.21264746154654982 < 1.0
priNozzle.FNo interp 3d input to low -0.21264746154654982 < 1.0
priNozzle.FNo interp 3d input to low -0.21264746154654982 < 1.0
priNozzle.FNo interp 3d input to low 279.1204914252579 < 300.0
priNozzle.FNo interp 3d input to low -0.21264746154654982 < 1.0
priNozzle.FNo interp 3d input to low 292.1264639312817 < 300.0
priNozzle.FNo interp 3d input to low -0.21264746154654982 < 1.0
priNozzle.FNo interp 3d input to low 292.1264639312817 < 300.0
priNozzle.FNo interp 3d input to low -0.21264746154654982 < 1.0
priNozzle.FNo interp 3d input to low 292.1264639312817 < 300.0
priNozzle.FNo interp 3d input to low -0.21264746154654982 < 1.0
priNozzle.FNo interp 3d input to low 292.1264639312817 < 300.0
priNozzle.FNo interp 3d input to low -0.21264746154654982 < 1.0
priNozzle.FNo interp 3d input to low 292.1264639312817 < 300.0
priNozzle.FNo interp 3d input to low -0.21264746154654982 < 1.0
priNozzle.FNo interp 3d input to low 292.1264639312817 < 300.0
priNozzle.FNo interp 3d input to low -0.22134469923761524 < 1.0
priNozzle.FNo interp 3d input to low -0.22134469923761524 < 1.0
priNozzle.FNo interp 3d input to low -0.22134469923761524 < 1.0
priNozzle.FNo interp 3d input to low -0.22134469923761524 < 1.0
priNozzle.FNo interp 3d input to low -0.22134469923761524 < 1.0
priNozzle.FNo interp 3d input to low -0.22134469923761524 < 1.0
priNozzle.FNo interp 3d input to low -0.22134469923761524 < 1.0
priNozzle.FNo interp 3d input to low 278.140243566355 < 300.0
priNozzle.FNo interp 3d input to low -0.22134469923761524 < 1.0
priNozzle.FNo interp 3d input to low 291.34851169881193 < 300.0
priNozzle.FNo interp 3d input to low -0.22134469923761524 < 1.0
priNozzle.FNo interp 3d input to low 291.34851169881193 < 300.0
priNozzle.FNo interp 3d input to low -0.22134469923761524 < 1.0
priNozzle.FNo interp 3d input to low 291.34851169881193 < 300.0
priNozzle.FNo interp 3d input to low -0.22134469923761524 < 1.0
priNozzle.FNo interp 3d input to low 291.34851169881193 < 300.0
priNozzle.FNo interp 3d input to low -0.22134469923761524 < 1.0
priNozzle.FNo interp 3d input to low 291.34851169881193 < 300.0
priNozzle.FNo interp 3d input to low -0.22134469923761524 < 1.0
priNozzle.FNo interp 3d input to low 291.34851169881193 < 300.0
priNozzle.FNo interp 3d input to low -0.23004193692868066 < 1.0
priNozzle.FNo interp 3d input to low -0.23004193692868066 < 1.0
priNozzle.FNo interp 3d input to low -0.23004193692868066 < 1.0
priNozzle.FNo interp 3d input to low -0.23004193692868066 < 1.0
priNozzle.FNo interp 3d input to low -0.23004193692868066 < 1.0
priNozzle.FNo interp 3d input to low -0.23004193692868066 < 1.0
priNozzle.FNo interp 3d input to low -0.23004193692868066 < 1.0
priNozzle.FNo interp 3d input to low 277.15999570745055 < 300.0
priNozzle.FNo interp 3d input to low -0.23004193692868066 < 1.0
priNozzle.FNo interp 3d input to low 290.57055946634233 < 300.0
priNozzle.FNo interp 3d input to low -0.23004193692868066 < 1.0
priNozzle.FNo interp 3d input to low 290.57055946634233 < 300.0
priNozzle.FNo interp 3d input to low -0.23004193692868066 < 1.0
priNozzle.FNo interp 3d input to low 290.57055946634233 < 300.0
priNozzle.FNo interp 3d input to low -0.23004193692868066 < 1.0
priNozzle.FNo interp 3d input to low 290.57055946634233 < 300.0
priNozzle.FNo interp 3d input to low -0.23004193692868066 < 1.0
priNozzle.FNo interp 3d input to low 290.57055946634233 < 300.0
priNozzle.FNo interp 3d input to low -0.23004193692868066 < 1.0
priNozzle.FNo interp 3d input to low 290.57055946634233 < 300.0
priNozzle.FNo interp 3d input to low -0.2387391746197461 < 1.0
priNozzle.FNo interp 3d input to low -0.2387391746197461 < 1.0
priNozzle.FNo interp 3d input to low -0.2387391746197461 < 1.0
priNozzle.FNo interp 3d input to low -0.2387391746197461 < 1.0
priNozzle.FNo interp 3d input to low -0.2387391746197461 < 1.0
priNozzle.FNo interp 3d input to low -0.2387391746197461 < 1.0
priNozzle.FNo interp 3d input to low -0.2387391746197461 < 1.0
priNozzle.FNo interp 3d input to low 276.17974784854516 < 300.0
priNozzle.FNo interp 3d input to low -0.2387391746197461 < 1.0
priNozzle.FNo interp 3d input to low 289.79260723387245 < 300.0
priNozzle.FNo interp 3d input to low -0.2387391746197461 < 1.0
priNozzle.FNo interp 3d input to low 289.79260723387245 < 300.0
priNozzle.FNo interp 3d input to low -0.2387391746197461 < 1.0
priNozzle.FNo interp 3d input to low 289.79260723387245 < 300.0
priNozzle.FNo interp 3d input to low -0.2387391746197461 < 1.0
priNozzle.FNo interp 3d input to low 289.79260723387245 < 300.0
priNozzle.FNo interp 3d input to low -0.2387391746197461 < 1.0
priNozzle.FNo interp 3d input to low 289.79260723387245 < 300.0
priNozzle.FNo interp 3d input to low -0.2387391746197461 < 1.0
priNozzle.FNo interp 3d input to low 289.79260723387245 < 300.0
priNozzle.FNo interp 3d input to low -0.2474364123108115 < 1.0
priNozzle.FNo interp 3d input to low -0.2474364123108115 < 1.0
priNozzle.FNo interp 3d input to low -0.2474364123108115 < 1.0
priNozzle.FNo interp 3d input to low -0.2474364123108115 < 1.0
priNozzle.FNo interp 3d input to low -0.2474364123108115 < 1.0
priNozzle.FNo interp 3d input to low -0.2474364123108115 < 1.0
priNozzle.FNo interp 3d input to low -0.2474364123108115 < 1.0
priNozzle.FNo interp 3d input to low 275.1994999896385 < 300.0
priNozzle.FNo interp 3d input to low -0.2474364123108115 < 1.0
priNozzle.FNo interp 3d input to low 289.0146550014028 < 300.0
priNozzle.FNo interp 3d input to low -0.2474364123108115 < 1.0
priNozzle.FNo interp 3d input to low 289.0146550014028 < 300.0
priNozzle.FNo interp 3d input to low -0.2474364123108115 < 1.0
priNozzle.FNo interp 3d input to low 289.0146550014028 < 300.0
priNozzle.FNo interp 3d input to low -0.2474364123108115 < 1.0
priNozzle.FNo interp 3d input to low 289.0146550014028 < 300.0
priNozzle.FNo interp 3d input to low -0.2474364123108115 < 1.0
priNozzle.FNo interp 3d input to low 289.0146550014028 < 300.0
priNozzle.FNo interp 3d input to low -0.2474364123108115 < 1.0
priNozzle.FNo interp 3d input to low 289.0146550014028 < 300.0
priNozzle.FNo interp 3d input to low -0.25613365000187693 < 1.0
priNozzle.FNo interp 3d input to low -0.25613365000187693 < 1.0
priNozzle.FNo interp 3d input to low -0.25613365000187693 < 1.0
priNozzle.FNo interp 3d input to low -0.25613365000187693 < 1.0
priNozzle.FNo interp 3d input to low -0.25613365000187693 < 1.0
priNozzle.FNo interp 3d input to low -0.25613365000187693 < 1.0
priNozzle.FNo interp 3d input to low -0.25613365000187693 < 1.0
priNozzle.FNo interp 3d input to low 274.21925213073143 < 300.0
priNozzle.FNo interp 3d input to low -0.25613365000187693 < 1.0
priNozzle.FNo interp 3d input to low 288.23670276893307 < 300.0
priNozzle.FNo interp 3d input to low -0.25613365000187693 < 1.0
priNozzle.FNo interp 3d input to low 288.23670276893307 < 300.0
priNozzle.FNo interp 3d input to low -0.25613365000187693 < 1.0
priNozzle.FNo interp 3d input to low 288.23670276893307 < 300.0
priNozzle.FNo interp 3d input to low -0.25613365000187693 < 1.0
priNozzle.FNo interp 3d input to low 288.23670276893307 < 300.0
priNozzle.FNo interp 3d input to low -0.25613365000187693 < 1.0
priNozzle.FNo interp 3d input to low 288.23670276893307 < 300.0
priNozzle.FNo interp 3d input to low -0.25613365000187693 < 1.0
priNozzle.FNo interp 3d input to low 288.23670276893307 < 300.0
priNozzle.FNo interp 3d input to low -0.2648308876929424 < 1.0
priNozzle.FNo interp 3d input to low -0.2648308876929424 < 1.0
priNozzle.FNo interp 3d input to low -0.2648308876929424 < 1.0
priNozzle.FNo interp 3d input to low -0.2648308876929424 < 1.0
priNozzle.FNo interp 3d input to low -0.2648308876929424 < 1.0
priNozzle.FNo interp 3d input to low -0.2648308876929424 < 1.0
priNozzle.FNo interp 3d input to low -0.2648308876929424 < 1.0
priNozzle.FNo interp 3d input to low 273.23900427182286 < 300.0
priNozzle.FNo interp 3d input to low -0.2648308876929424 < 1.0
priNozzle.FNo interp 3d input to low 287.4587505364633 < 300.0
priNozzle.FNo interp 3d input to low -0.2648308876929424 < 1.0
priNozzle.FNo interp 3d input to low 287.4587505364633 < 300.0
priNozzle.FNo interp 3d input to low -0.2648308876929424 < 1.0
priNozzle.FNo interp 3d input to low 287.4587505364633 < 300.0
priNozzle.FNo interp 3d input to low -0.2648308876929424 < 1.0
priNozzle.FNo interp 3d input to low 287.4587505364633 < 300.0
priNozzle.FNo interp 3d input to low -0.2648308876929424 < 1.0
priNozzle.FNo interp 3d input to low 287.4587505364633 < 300.0
priNozzle.FNo interp 3d input to low -0.2648308876929424 < 1.0
priNozzle.FNo interp 3d input to low 287.4587505364633 < 300.0
priNozzle.FNo interp 3d input to low -0.27352812538400784 < 1.0
priNozzle.FNo interp 3d input to low -0.27352812538400784 < 1.0
priNozzle.FNo interp 3d input to low -0.27352812538400784 < 1.0
priNozzle.FNo interp 3d input to low -0.27352812538400784 < 1.0
priNozzle.FNo interp 3d input to low -0.27352812538400784 < 1.0
priNozzle.FNo interp 3d input to low -0.27352812538400784 < 1.0
priNozzle.FNo interp 3d input to low -0.27352812538400784 < 1.0
priNozzle.FNo interp 3d input to low 272.25875641291304 < 300.0
priNozzle.FNo interp 3d input to low -0.27352812538400784 < 1.0
priNozzle.FNo interp 3d input to low 286.6807983039904 < 300.0
priNozzle.FNo interp 3d input to low -0.27352812538400784 < 1.0
priNozzle.FNo interp 3d input to low 286.6807983039904 < 300.0
priNozzle.FNo interp 3d input to low -0.27352812538400784 < 1.0
priNozzle.FNo interp 3d input to low 286.6807983039904 < 300.0
priNozzle.FNo interp 3d input to low -0.27352812538400784 < 1.0
priNozzle.FNo interp 3d input to low 286.6807983039904 < 300.0
priNozzle.FNo interp 3d input to low -0.27352812538400784 < 1.0
priNozzle.FNo interp 3d input to low 286.6807983039904 < 300.0
priNozzle.FNo interp 3d input to low -0.27352812538400784 < 1.0
priNozzle.FNo interp 3d input to low 286.6807983039904 < 300.0
priNozzle.FNo interp 3d input to low -0.2822253630750733 < 1.0
priNozzle.FNo interp 3d input to low -0.2822253630750733 < 1.0
priNozzle.FNo interp 3d input to low -0.2822253630750733 < 1.0
priNozzle.FNo interp 3d input to low -0.2822253630750733 < 1.0
priNozzle.FNo interp 3d input to low -0.2822253630750733 < 1.0
priNozzle.FNo interp 3d input to low -0.2822253630750733 < 1.0
priNozzle.FNo interp 3d input to low -0.2822253630750733 < 1.0
priNozzle.FNo interp 3d input to low 271.2785085540028 < 300.0
priNozzle.FNo interp 3d input to low -0.2822253630750733 < 1.0
priNozzle.FNo interp 3d input to low 285.9028460715206 < 300.0
priNozzle.FNo interp 3d input to low -0.2822253630750733 < 1.0
priNozzle.FNo interp 3d input to low 285.9028460715206 < 300.0
priNozzle.FNo interp 3d input to low -0.2822253630750733 < 1.0
priNozzle.FNo interp 3d input to low 285.9028460715206 < 300.0
priNozzle.FNo interp 3d input to low -0.2822253630750733 < 1.0
priNozzle.FNo interp 3d input to low 285.9028460715206 < 300.0
priNozzle.FNo interp 3d input to low -0.2822253630750733 < 1.0
priNozzle.FNo interp 3d input to low 285.9028460715206 < 300.0
priNozzle.FNo interp 3d input to low -0.2822253630750733 < 1.0
priNozzle.FNo interp 3d input to low 285.9028460715206 < 300.0
priNozzle.FNo interp 3d input to low -0.29092260076613874 < 1.0
priNozzle.FNo interp 3d input to low -0.29092260076613874 < 1.0
priNozzle.FNo interp 3d input to low -0.29092260076613874 < 1.0
priNozzle.FNo interp 3d input to low -0.29092260076613874 < 1.0
priNozzle.FNo interp 3d input to low -0.29092260076613874 < 1.0
priNozzle.FNo interp 3d input to low -0.29092260076613874 < 1.0
priNozzle.FNo interp 3d input to low -0.29092260076613874 < 1.0
priNozzle.FNo interp 3d input to low 270.29826069509113 < 300.0
priNozzle.FNo interp 3d input to low -0.29092260076613874 < 1.0
priNozzle.FNo interp 3d input to low 285.1248938390511 < 300.0
priNozzle.FNo interp 3d input to low -0.29092260076613874 < 1.0
priNozzle.FNo interp 3d input to low 285.1248938390511 < 300.0
priNozzle.FNo interp 3d input to low -0.29092260076613874 < 1.0
priNozzle.FNo interp 3d input to low 285.1248938390511 < 300.0
priNozzle.FNo interp 3d input to low -0.29092260076613874 < 1.0
priNozzle.FNo interp 3d input to low 285.1248938390511 < 300.0
priNozzle.FNo interp 3d input to low -0.29092260076613874 < 1.0
priNozzle.FNo interp 3d input to low 285.1248938390511 < 300.0
priNozzle.FNo interp 3d input to low -0.29092260076613874 < 1.0
priNozzle.FNo interp 3d input to low 285.1248938390511 < 300.0
priNozzle.FNo interp 3d input to low -0.2996198384572042 < 1.0
priNozzle.FNo interp 3d input to low -0.2996198384572042 < 1.0
priNozzle.FNo interp 3d input to low -0.2996198384572042 < 1.0
priNozzle.FNo interp 3d input to low -0.2996198384572042 < 1.0
priNozzle.FNo interp 3d input to low -0.2996198384572042 < 1.0
priNozzle.FNo interp 3d input to low -0.2996198384572042 < 1.0
priNozzle.FNo interp 3d input to low -0.2996198384572042 < 1.0
priNozzle.FNo interp 3d input to low 269.3180128361781 < 300.0
priNozzle.FNo interp 3d input to low -0.2996198384572042 < 1.0
priNozzle.FNo interp 3d input to low 284.3469416065812 < 300.0
priNozzle.FNo interp 3d input to low -0.2996198384572042 < 1.0
priNozzle.FNo interp 3d input to low 284.3469416065812 < 300.0
priNozzle.FNo interp 3d input to low -0.2996198384572042 < 1.0
priNozzle.FNo interp 3d input to low 284.3469416065812 < 300.0
priNozzle.FNo interp 3d input to low -0.2996198384572042 < 1.0
priNozzle.FNo interp 3d input to low 284.3469416065812 < 300.0
priNozzle.FNo interp 3d input to low -0.2996198384572042 < 1.0
priNozzle.FNo interp 3d input to low 284.3469416065812 < 300.0
priNozzle.FNo interp 3d input to low -0.2996198384572042 < 1.0
priNozzle.FNo interp 3d input to low 284.3469416065812 < 300.0
priNozzle.FNo interp 3d input to low -0.30831707614826964 < 1.0
priNozzle.FNo interp 3d input to low -0.30831707614826964 < 1.0
priNozzle.FNo interp 3d input to low -0.30831707614826964 < 1.0
priNozzle.FNo interp 3d input to low -0.30831707614826964 < 1.0
priNozzle.FNo interp 3d input to low -0.30831707614826964 < 1.0
priNozzle.FNo interp 3d input to low -0.30831707614826964 < 1.0
priNozzle.FNo interp 3d input to low -0.30831707614826964 < 1.0
priNozzle.FNo interp 3d input to low 268.3377649772641 < 300.0
priNozzle.FNo interp 3d input to low -0.30831707614826964 < 1.0
priNozzle.FNo interp 3d input to low 283.5689893741114 < 300.0
priNozzle.FNo interp 3d input to low -0.30831707614826964 < 1.0
priNozzle.FNo interp 3d input to low 283.5689893741114 < 300.0
priNozzle.FNo interp 3d input to low -0.30831707614826964 < 1.0
priNozzle.FNo interp 3d input to low 283.5689893741114 < 300.0
priNozzle.FNo interp 3d input to low -0.30831707614826964 < 1.0
priNozzle.FNo interp 3d input to low 283.5689893741114 < 300.0
priNozzle.FNo interp 3d input to low -0.30831707614826964 < 1.0
priNozzle.FNo interp 3d input to low 283.5689893741114 < 300.0
priNozzle.FNo interp 3d input to low -0.30831707614826964 < 1.0
priNozzle.FNo interp 3d input to low 283.5689893741114 < 300.0
priNozzle.FNo interp 3d input to low -0.3170143138393351 < 1.0
priNozzle.FNo interp 3d input to low -0.3170143138393351 < 1.0
priNozzle.FNo interp 3d input to low -0.3170143138393351 < 1.0
priNozzle.FNo interp 3d input to low -0.3170143138393351 < 1.0
priNozzle.FNo interp 3d input to low -0.3170143138393351 < 1.0
priNozzle.FNo interp 3d input to low -0.3170143138393351 < 1.0
priNozzle.FNo interp 3d input to low -0.3170143138393351 < 1.0
priNozzle.FNo interp 3d input to low 267.3575171183498 < 300.0
priNozzle.FNo interp 3d input to low -0.3170143138393351 < 1.0
priNozzle.FNo interp 3d input to low 282.79103714164177 < 300.0
priNozzle.FNo interp 3d input to low -0.3170143138393351 < 1.0
priNozzle.FNo interp 3d input to low 282.79103714164177 < 300.0
priNozzle.FNo interp 3d input to low -0.3170143138393351 < 1.0
priNozzle.FNo interp 3d input to low 282.79103714164177 < 300.0
priNozzle.FNo interp 3d input to low -0.3170143138393351 < 1.0
priNozzle.FNo interp 3d input to low 282.79103714164177 < 300.0
priNozzle.FNo interp 3d input to low -0.3170143138393351 < 1.0
priNozzle.FNo interp 3d input to low 282.79103714164177 < 300.0
priNozzle.FNo interp 3d input to low -0.3170143138393351 < 1.0
priNozzle.FNo interp 3d input to low 282.79103714164177 < 300.0
priNozzle.FNo interp 3d input to low -0.32571155153040054 < 1.0
priNozzle.FNo interp 3d input to low -0.32571155153040054 < 1.0
priNozzle.FNo interp 3d input to low -0.32571155153040054 < 1.0
priNozzle.FNo interp 3d input to low -0.32571155153040054 < 1.0
priNozzle.FNo interp 3d input to low -0.32571155153040054 < 1.0
priNozzle.FNo interp 3d input to low -0.32571155153040054 < 1.0
priNozzle.FNo interp 3d input to low -0.32571155153040054 < 1.0
priNozzle.FNo interp 3d input to low 266.37726925943366 < 300.0
priNozzle.FNo interp 3d input to low -0.32571155153040054 < 1.0
priNozzle.FNo interp 3d input to low 282.01308490917205 < 300.0
priNozzle.FNo interp 3d input to low -0.32571155153040054 < 1.0
priNozzle.FNo interp 3d input to low 282.01308490917205 < 300.0
priNozzle.FNo interp 3d input to low -0.32571155153040054 < 1.0
priNozzle.FNo interp 3d input to low 282.01308490917205 < 300.0
priNozzle.FNo interp 3d input to low -0.32571155153040054 < 1.0
priNozzle.FNo interp 3d input to low 282.01308490917205 < 300.0
priNozzle.FNo interp 3d input to low -0.32571155153040054 < 1.0
priNozzle.FNo interp 3d input to low 282.01308490917205 < 300.0
priNozzle.FNo interp 3d input to low -0.32571155153040054 < 1.0
priNozzle.FNo interp 3d input to low 282.01308490917205 < 300.0
priNozzle.FNo interp 3d input to low -0.334408789221466 < 1.0
priNozzle.FNo interp 3d input to low -0.334408789221466 < 1.0
priNozzle.FNo interp 3d input to low -0.334408789221466 < 1.0
priNozzle.FNo interp 3d input to low -0.334408789221466 < 1.0
priNozzle.FNo interp 3d input to low -0.334408789221466 < 1.0
priNozzle.FNo interp 3d input to low -0.334408789221466 < 1.0
priNozzle.FNo interp 3d input to low -0.334408789221466 < 1.0
priNozzle.FNo interp 3d input to low 265.3970214005165 < 300.0
priNozzle.FNo interp 3d input to low -0.334408789221466 < 1.0
priNozzle.FNo interp 3d input to low 281.23513267669887 < 300.0
priNozzle.FNo interp 3d input to low -0.334408789221466 < 1.0
priNozzle.FNo interp 3d input to low 281.23513267669887 < 300.0
priNozzle.FNo interp 3d input to low -0.334408789221466 < 1.0
priNozzle.FNo interp 3d input to low 281.23513267669887 < 300.0
priNozzle.FNo interp 3d input to low -0.334408789221466 < 1.0
priNozzle.FNo interp 3d input to low 281.23513267669887 < 300.0
priNozzle.FNo interp 3d input to low -0.334408789221466 < 1.0
priNozzle.FNo interp 3d input to low 281.23513267669887 < 300.0
priNozzle.FNo interp 3d input to low -0.334408789221466 < 1.0
priNozzle.FNo interp 3d input to low 281.23513267669887 < 300.0
priNozzle.FNo interp 3d input to low -0.34310602691253145 < 1.0
priNozzle.FNo interp 3d input to low -0.34310602691253145 < 1.0
priNozzle.FNo interp 3d input to low -0.34310602691253145 < 1.0
priNozzle.FNo interp 3d input to low -0.34310602691253145 < 1.0
priNozzle.FNo interp 3d input to low -0.34310602691253145 < 1.0
priNozzle.FNo interp 3d input to low -0.34310602691253145 < 1.0
priNozzle.FNo interp 3d input to low -0.34310602691253145 < 1.0
priNozzle.FNo interp 3d input to low 264.41677354159845 < 300.0
priNozzle.FNo interp 3d input to low -0.34310602691253145 < 1.0
priNozzle.FNo interp 3d input to low 280.45718044422904 < 300.0
priNozzle.FNo interp 3d input to low -0.34310602691253145 < 1.0
priNozzle.FNo interp 3d input to low 280.45718044422904 < 300.0
priNozzle.FNo interp 3d input to low -0.34310602691253145 < 1.0
priNozzle.FNo interp 3d input to low 280.45718044422904 < 300.0
priNozzle.FNo interp 3d input to low -0.34310602691253145 < 1.0
priNozzle.FNo interp 3d input to low 280.45718044422904 < 300.0
priNozzle.FNo interp 3d input to low -0.34310602691253145 < 1.0
priNozzle.FNo interp 3d input to low 280.45718044422904 < 300.0
priNozzle.FNo interp 3d input to low -0.34310602691253145 < 1.0
priNozzle.FNo interp 3d input to low 280.45718044422904 < 300.0
priNozzle.FNo interp 3d input to low -0.3518032646035969 < 1.0
priNozzle.FNo interp 3d input to low -0.3518032646035969 < 1.0
priNozzle.FNo interp 3d input to low -0.3518032646035969 < 1.0
priNozzle.FNo interp 3d input to low -0.3518032646035969 < 1.0
priNozzle.FNo interp 3d input to low -0.3518032646035969 < 1.0
priNozzle.FNo interp 3d input to low -0.3518032646035969 < 1.0
priNozzle.FNo interp 3d input to low -0.3518032646035969 < 1.0
priNozzle.FNo interp 3d input to low 263.4365256826797 < 300.0
priNozzle.FNo interp 3d input to low -0.3518032646035969 < 1.0
priNozzle.FNo interp 3d input to low 279.67922821175927 < 300.0
priNozzle.FNo interp 3d input to low -0.3518032646035969 < 1.0
priNozzle.FNo interp 3d input to low 279.67922821175927 < 300.0
priNozzle.FNo interp 3d input to low -0.3518032646035969 < 1.0
priNozzle.FNo interp 3d input to low 279.67922821175927 < 300.0
priNozzle.FNo interp 3d input to low -0.3518032646035969 < 1.0
priNozzle.FNo interp 3d input to low 279.67922821175927 < 300.0
priNozzle.FNo interp 3d input to low -0.3518032646035969 < 1.0
priNozzle.FNo interp 3d input to low 279.67922821175927 < 300.0
priNozzle.FNo interp 3d input to low -0.3518032646035969 < 1.0
priNozzle.FNo interp 3d input to low 279.67922821175927 < 300.0
priNozzle.FNo interp 3d input to low -0.36050050229466235 < 1.0
priNozzle.FNo interp 3d input to low -0.36050050229466235 < 1.0
priNozzle.FNo interp 3d input to low -0.36050050229466235 < 1.0
priNozzle.FNo interp 3d input to low -0.36050050229466235 < 1.0
priNozzle.FNo interp 3d input to low -0.36050050229466235 < 1.0
priNozzle.FNo interp 3d input to low -0.36050050229466235 < 1.0
priNozzle.FNo interp 3d input to low -0.36050050229466235 < 1.0
priNozzle.FNo interp 3d input to low 262.45627782375936 < 300.0
priNozzle.FNo interp 3d input to low -0.36050050229466235 < 1.0
priNozzle.FNo interp 3d input to low 278.9012759792896 < 300.0
priNozzle.FNo interp 3d input to low -0.36050050229466235 < 1.0
priNozzle.FNo interp 3d input to low 278.9012759792896 < 300.0
priNozzle.FNo interp 3d input to low -0.36050050229466235 < 1.0
priNozzle.FNo interp 3d input to low 278.9012759792896 < 300.0
priNozzle.FNo interp 3d input to low -0.36050050229466235 < 1.0
priNozzle.FNo interp 3d input to low 278.9012759792896 < 300.0
priNozzle.FNo interp 3d input to low -0.36050050229466235 < 1.0
priNozzle.FNo interp 3d input to low 278.9012759792896 < 300.0
priNozzle.FNo interp 3d input to low -0.36050050229466235 < 1.0
priNozzle.FNo interp 3d input to low 278.9012759792896 < 300.0
mach iteration failure
 solver exceeded maximu number of iterations

time =  0.0

******************
Ports*************
******************

Electric Ports


Fluid Ports

start      FNo         W:813.51      Tt:444.8891    Pt:5.284426    ht:-21.9105    FAR:0.0         mach:0.8         Ts:393.8540    Ps:3.458032  
inlet      FNi         W:813.51      Tt:444.8891    Pt:5.284426    ht:-21.9105    FAR:0.0         mach:0.0         Ts:393.8540    Ps:3.458032  
inlet      FNo         W:813.51      Tt:444.8891    Pt:5.273858    ht:-21.9105    FAR:0.0         mach:0.0         Ts:0.0         Ps:0.0       
fan        FNi         W:813.51      Tt:444.8891    Pt:5.273858    ht:-21.9105    FAR:0.0         mach:0.0         Ts:0.0         Ps:0.0       
fan        FNideal     W:813.51      Tt:480.0569    Pt:6.856015    ht:-13.5185    FAR:0.0         mach:0.0         Ts:0.0         Ps:0.0       
fan        FNo         W:813.51      Tt:481.1853    Pt:6.856015    ht:-13.2492    FAR:0.0         mach:0.0         Ts:0.0         Ps:0.0       
fan        FNoBld1     W:0.0         Tt:444.8891    Pt:5.273858    ht:-21.9105    FAR:0.0         mach:0.0         Ts:0.0         Ps:0.0       
fan        FNoBld2     W:0.0         Tt:444.8891    Pt:5.273858    ht:-21.9105    FAR:0.0         mach:0.0         Ts:0.0         Ps:0.0       
splitter   FNi         W:813.51      Tt:481.1853    Pt:6.856015    ht:-13.2492    FAR:0.0         mach:0.0         Ts:0.0         Ps:0.0       
splitter   FNo1        W:32.55628    Tt:481.1853    Pt:6.856015    ht:-13.2492    FAR:0.0         mach:0.0         Ts:0.0         Ps:0.0       
splitter   FNo2        W:780.9537    Tt:481.1853    Pt:6.856015    ht:-13.2492    FAR:0.0         mach:0.0         Ts:0.0         Ps:0.0       
duct2      FNi         W:32.55628    Tt:481.1853    Pt:6.856015    ht:-13.2492    FAR:0.0         mach:0.0         Ts:0.0         Ps:0.0       
duct2      FNo         W:32.55628    Tt:481.1853    Pt:6.856015    ht:-13.2492    FAR:0.0         mach:0.0         Ts:0.0         Ps:0.0       
duct2      FNobld      W:0.0         Tt:481.1853    Pt:6.856015    ht:-13.2492    FAR:0.0         mach:0.0         Ts:0.0         Ps:0.0       
LPC        FNi         W:32.55628    Tt:481.1853    Pt:6.856015    ht:-13.2492    FAR:0.0         mach:0.0         Ts:0.0         Ps:0.0       
LPC        FNideal     W:32.55628    Tt:657.2229    Pt:20.56804    ht:29.00053    FAR:0.0         mach:0.0         Ts:0.0         Ps:0.0       
LPC        FNo         W:32.55628    Tt:678.9443    Pt:20.56804    ht:34.24909    FAR:0.0         mach:0.0         Ts:0.0         Ps:0.0       
LPC        FNoBld1     W:0.0         Tt:481.1853    Pt:6.856015    ht:-13.2492    FAR:0.0         mach:0.0         Ts:0.0         Ps:0.0       
LPC        FNoBld2     W:0.0         Tt:481.1853    Pt:6.856015    ht:-13.2492    FAR:0.0         mach:0.0         Ts:0.0         Ps:0.0       
duct25     FNi         W:32.55628    Tt:678.9443    Pt:20.56804    ht:34.24909    FAR:0.0         mach:0.0         Ts:0.0         Ps:0.0       
duct25     FNo         W:32.55628    Tt:678.9443    Pt:20.25952    ht:34.24909    FAR:0.0         mach:0.0         Ts:0.0         Ps:0.0       
duct25     FNobld      W:0.0         Tt:678.9443    Pt:20.56804    ht:34.24909    FAR:0.0         mach:0.0         Ts:0.0         Ps:0.0       
HPC        FNi         W:32.55628    Tt:678.9443    Pt:20.25952    ht:34.24909    FAR:0.0         mach:0.0         Ts:0.0         Ps:0.0       
HPC        FNideal     W:32.55628    Tt:1404.905    Pt:285.7200    ht:215.9148    FAR:0.0         mach:0.0         Ts:0.0         Ps:0.0       
HPC        FNo         W:29.64901    Tt:1529.766    Pt:285.7200    ht:248.7558    FAR:0.0         mach:0.0         Ts:0.0         Ps:0.0       
HPC        FNoBld1     W:2.256150    Tt:1529.766    Pt:265.4605    ht:248.7558    FAR:0.0         mach:0.0         Ts:0.0         Ps:0.0       
HPC        FNoBld2     W:0.651125    Tt:1114.457    Pt:132.7302    ht:141.5024    FAR:0.0         mach:0.0         Ts:0.0         Ps:0.0       
duct3      FNi         W:29.64901    Tt:1529.766    Pt:285.7200    ht:248.7558    FAR:0.0         mach:0.0         Ts:0.0         Ps:0.0       
duct3      FNo         W:27.61391    Tt:1529.766    Pt:285.7200    ht:248.7558    FAR:0.0         mach:0.0         Ts:0.0         Ps:0.0       
duct3      FNobld      W:2.035098    Tt:1529.766    Pt:285.7200    ht:248.7558    FAR:0.0         mach:0.0         Ts:0.0         Ps:0.0       
burner     FNi         W:27.61391    Tt:1529.766    Pt:285.7200    ht:248.7558    FAR:0.0         mach:0.0         Ts:0.0         Ps:0.0       
burner     FNo         W:27.61391    Tt:1529.766    Pt:274.2912    ht:248.7558    FAR:0.0         mach:0.0         Ts:0.0         Ps:0.0       
HPT        FN41        W:29.64901    Tt:1529.766    Pt:274.2912    ht:248.7558    FAR:0.0         mach:0.0         Ts:0.0         Ps:0.0       
HPT        FN42        W:29.64901    Tt:812.3140    Pt:20.72942    ht:66.64475    FAR:0.0         mach:0.0         Ts:0.0         Ps:0.0       
HPT        FNi         W:27.61391    Tt:1529.766    Pt:274.2912    ht:248.7558    FAR:0.0         mach:0.0         Ts:0.0         Ps:0.0       
HPT        FNiBld1     W:2.035098    Tt:1529.766    Pt:285.7200    ht:248.7558    FAR:0.0         mach:0.0         Ts:0.0         Ps:0.0       
HPT        FNiBld2     W:2.256150    Tt:1529.766    Pt:265.4605    ht:248.7558    FAR:0.0         mach:0.0         Ts:0.0         Ps:0.0       
HPT        FNideal     W:29.64901    Tt:757.1831    Pt:20.72942    ht:53.21080    FAR:0.0         mach:0.0         Ts:0.0         Ps:0.0       
HPT        FNo         W:31.90516    Tt:864.9264    Pt:20.72942    ht:79.52260    FAR:0.0         mach:0.0         Ts:0.0         Ps:0.0       
duct45     FNi         W:31.90516    Tt:864.9264    Pt:20.72942    ht:79.52260    FAR:0.0         mach:0.0         Ts:0.0         Ps:0.0       
duct45     FNo         W:31.90516    Tt:864.9264    Pt:20.62578    ht:79.52260    FAR:0.0         mach:0.0         Ts:0.0         Ps:0.0       
duct45     FNobld      W:0.0         Tt:864.9264    Pt:20.72942    ht:79.52260    FAR:0.0         mach:0.0         Ts:0.0         Ps:0.0       
LPT        FN41        W:32.55628    Tt:869.9748    Pt:20.62578    ht:80.76220    FAR:0.0         mach:0.0         Ts:0.0         Ps:0.0       
LPT        FN42        W:32.55628    Tt:318.9269    Pt:0.087850    ht:-51.8356    FAR:0.0         mach:0.0         Ts:0.0         Ps:0.0       
LPT        FNi         W:31.90516    Tt:864.9264    Pt:20.62578    ht:79.52260    FAR:0.0         mach:0.0         Ts:0.0         Ps:0.0       
LPT        FNiBld1     W:0.651125    Tt:1114.457    Pt:132.7302    ht:141.5024    FAR:0.0         mach:0.0         Ts:0.0         Ps:0.0       
LPT        FNiBld2     W:0.0         Tt:0.0         Pt:0.0         ht:0.0         FAR:0.0         mach:0.0         Ts:0.0         Ps:0.0       
LPT        FNideal     W:32.55628    Tt:284.1644    Pt:0.087850    ht:-60.0716    FAR:0.0         mach:0.0         Ts:0.0         Ps:0.0       
LPT        FNo         W:32.55628    Tt:318.9269    Pt:0.087850    ht:-51.8356    FAR:0.0         mach:0.0         Ts:0.0         Ps:0.0       
duct5      FNi         W:32.55628    Tt:318.9269    Pt:0.087850    ht:-51.8356    FAR:0.0         mach:0.0         Ts:0.0         Ps:0.0       
duct5      FNo         W:32.55628    Tt:318.9269    Pt:0.086972    ht:-51.8356    FAR:0.0         mach:0.0         Ts:0.0         Ps:0.0       
duct5      FNobld      W:0.0         Tt:318.9269    Pt:0.087850    ht:-51.8356    FAR:0.0         mach:0.0         Ts:0.0         Ps:0.0       
priNozzl   FNi         W:32.55628    Tt:318.9269    Pt:0.086972    ht:-51.8356    FAR:0.0         mach:0.0         Ts:0.0         Ps:0.0       
priNozzl   FNo         W:32.55628    Tt:318.9269    Pt:0.086972    ht:-51.8356    FAR:0.0         mach:1.502033    Ts:584.1748    Ps:3.45803   
duct17     FNi         W:780.9537    Tt:481.1853    Pt:6.856015    ht:-13.2492    FAR:0.0         mach:0.0         Ts:0.0         Ps:0.0       
duct17     FNo         W:780.9537    Tt:481.1853    Pt:6.753175    ht:-13.2492    FAR:0.0         mach:0.0         Ts:0.0         Ps:0.0       
duct17     FNobld      W:0.0         Tt:481.1853    Pt:6.856015    ht:-13.2492    FAR:0.0         mach:0.0         Ts:0.0         Ps:0.0       
fanNozzl   FNi         W:780.9537    Tt:481.1853    Pt:6.753175    ht:-13.2492    FAR:0.0         mach:0.0         Ts:0.0         Ps:0.0       
fanNozzl   FNo         W:780.9537    Tt:481.1853    Pt:6.753175    ht:-13.2492    FAR:0.0         mach:1.026969    Ts:396.6000    Ps:3.458030  

Mech Ports

fan        MP          N:6772.0      hp:-9966.92    I:0.0       
LPC        MP          N:6772.0      hp:-2187.39    I:0.0       
HPC        MP          N:20871.0     hp:-9779.70    I:0.0       
HPT        MP          N:20871.0     hp:7637.677    I:0.0       
LPT        MP          N:6772.0      hp:6106.409    I:0.0       
HPshaft    MPC         N:20871.0     hp:-9779.70    I:0.0       
HPshaft    MPT         N:20871.0     hp:7637.677    I:0.0       
LPshaft    MPfan       N:6772.0      hp:-9966.92    I:0.0       
LPshaft    MPlpc       N:6772.0      hp:-2187.39    I:0.0       
LPshaft    MPlpt       N:6772.0      hp:6106.409    I:0.0       

*******************
Elements***********
*******************

FlightCond  start       W:813.51    Tt:444.889  Pt:5.28442  Tamb:393.8  Pamb:3.458  
Inlet       inlet       rec:0.998   
Compressor  fan         PR:1.3      eff:0.9689  Rline:2.0   NcMap:1.0   
Splitter    splitter    BPR:23.987  
Duct        duct2       dP:0.0      Q:0.0       
Compressor  LPC         PR:3.00000  eff:0.8895  Rline:2.0   NcMap:1.0   
Duct        duct25      dP:0.015    Q:0.0       
Compressor  HPC         PR:14.103   eff:0.8469  Rline:2.0   NcMap:1.0   
Duct        duct3       dP:0.0      Q:0.0       
Burner      burner      FAR:0.0     Tout:0.0    Wfuel:0.0   dP:0.04     
Turbine     HPT         PR:13.2319  eff:0.9312  PRmap:3.0   NcMap:0.9   
Duct        duct45      dP:0.005    Q:0.0       
Turbine     LPT         PR:234.781  eff:0.9410  PRmap:6.0   NcMap:0.9   
Duct        duct5       dP:0.01     Q:0.0       
Nozzle      priNozzle   Fg:-1799.2  
Duct        duct17      dP:0.015    Q:0.0       
Nozzle      fanNozzle   Fg:24327.8  
Shaft       HPshaft     N:20871.0   HPX:350.0   
Shaft       LPshaft     N:6772.0    HPX:0.0     
Performanc  Perf        alt:35000.  MN:0.8      Fn:2808.48  SFC:0.0     Fg:22528.6  Fram:19720  Wfuel:0.0    

****************
Solver**********
****************

Converged:False

******************************************************************************************
******************************************************************************************
LPT.FNideal interp 3d input to low 0.08785088576833774 < 1.0
LPT.FNideal interp 3d input to low 0.08785088576833774 < 1.0
LPT.FNideal interp 3d input to low 0.08785088576833774 < 1.0
LPT.FNideal interp 3d input to low 0.08785088576833774 < 1.0
LPT.FNideal interp 3d input to low 0.08785088576833774 < 1.0
LPT.FNideal interp 3d input to low 0.08785088576833774 < 1.0
LPT.FNideal interp 3d input to low 0.08785088576833774 < 1.0
LPT.FNideal interp 3d input to low 269.0880949160072 < 300.0
LPT.FNideal interp 3d input to low 0.08785088576833774 < 1.0
LPT.FNideal interp 3d input to low 284.16447228617733 < 300.0
LPT.FNideal interp 3d input to low 0.08785088576833774 < 1.0
LPT.FNideal interp 3d input to low 284.16447228617733 < 300.0
LPT.FNideal interp 3d input to low 0.08785088576833774 < 1.0
LPT.FNideal interp 3d input to low 284.16447228617733 < 300.0
LPT.FNideal interp 3d input to low 0.08785088576833774 < 1.0
LPT.FNideal interp 3d input to low 284.16447228617733 < 300.0
LPT.FNideal interp 3d input to low 0.08785088576833774 < 1.0
LPT.FNideal interp 3d input to low 284.16447228617733 < 300.0
LPT.FNideal interp 3d input to low 0.08785088576833774 < 1.0
LPT.FNideal interp 3d input to low 284.16447228617733 < 300.0
LPT.FN42 interp 3d input to low 0.08785088576833774 < 1.0
LPT.FN42 interp 3d input to low 0.08785088576833774 < 1.0
LPT.FN42 interp 3d input to low 0.08785088576833774 < 1.0
LPT.FN42 interp 3d input to low 0.08785088576833774 < 1.0
LPT.FN42 interp 3d input to low 0.08785088576833774 < 1.0
LPT.FN42 interp 3d input to low 0.08785088576833774 < 1.0
LPT.FN42 interp 3d input to low 0.08785088576833774 < 1.0
LPT.FN42 interp 3d input to low 0.08785088576833774 < 1.0
LPT.FN42 interp 3d input to low 0.08785088576833774 < 1.0
LPT.FN42 interp 3d input to low 0.08785088576833774 < 1.0
LPT.FN42 interp 3d input to low 0.08785088576833774 < 1.0
LPT.FN42 interp 3d input to low 0.08785088576833774 < 1.0
LPT.FN42 interp 3d input to low 0.08785088576833774 < 1.0
LPT.FNo interp 3d input to low 0.08785088576833774 < 1.0
LPT.FNo interp 3d input to low 0.08785088576833774 < 1.0
LPT.FNo interp 3d input to low 0.08785088576833774 < 1.0
LPT.FNo interp 3d input to low 0.08785088576833774 < 1.0
LPT.FNo interp 3d input to low 0.08785088576833774 < 1.0
LPT.FNo interp 3d input to low 0.08785088576833774 < 1.0
LPT.FNo interp 3d input to low 0.08785088576833774 < 1.0
LPT.FNo interp 3d input to low 0.08785088576833774 < 1.0
LPT.FNo interp 3d input to low 0.08785088576833774 < 1.0
LPT.FNo interp 3d input to low 0.08785088576833774 < 1.0
LPT.FNo interp 3d input to low 0.08785088576833774 < 1.0
LPT.FNo interp 3d input to low 0.08785088576833774 < 1.0
LPT.FNo interp 3d input to low 0.08785088576833774 < 1.0
duct5.FNo interp 3d input to low 0.08697237691065436 < 1.0
duct5.FNo interp 3d input to low 0.08697237691065436 < 1.0
duct5.FNo interp 3d input to low 0.08697237691065436 < 1.0
duct5.FNo interp 3d input to low 0.08697237691065436 < 1.0
duct5.FNo interp 3d input to low 0.08697237691065436 < 1.0
duct5.FNo interp 3d input to low 0.08697237691065436 < 1.0
duct5.FNo interp 3d input to low 0.08697237691065436 < 1.0
duct5.FNo interp 3d input to low 0.08697237691065436 < 1.0
duct5.FNo interp 3d input to low 0.08697237691065436 < 1.0
duct5.FNo interp 3d input to low 0.08697237691065436 < 1.0
duct5.FNo interp 3d input to low 0.08697237691065436 < 1.0
duct5.FNo interp 3d input to low 0.08697237691065436 < 1.0
duct5.FNo interp 3d input to low 0.08697237691065436 < 1.0
priNozzle nozzle pressure ratio < 1 priNozzle.FNo interp 3d input to low 0.08697237691065436 < 1.0
priNozzle.FNo interp 3d input to low 0.08697237691065436 < 1.0
priNozzle.FNo interp 3d input to low 0.08697237691065436 < 1.0
priNozzle.FNo interp 3d input to low 0.08697237691065436 < 1.0
priNozzle.FNo interp 3d input to low 0.08697237691065436 < 1.0
priNozzle.FNo interp 3d input to low 0.08697237691065436 < 1.0
priNozzle.FNo interp 3d input to low 0.07827513921958892 < 1.0
priNozzle.FNo interp 3d input to low 0.07827513921958892 < 1.0
priNozzle.FNo interp 3d input to low 0.07827513921958892 < 1.0
priNozzle.FNo interp 3d input to low 0.07827513921958892 < 1.0
priNozzle.FNo interp 3d input to low 0.07827513921958892 < 1.0
priNozzle.FNo interp 3d input to low 0.07827513921958892 < 1.0
priNozzle.FNo interp 3d input to low 0.07827513921958892 < 1.0
priNozzle.FNo interp 3d input to low 0.07827513921958892 < 1.0
priNozzle.FNo interp 3d input to low 0.07827513921958892 < 1.0
priNozzle.FNo interp 3d input to low 0.07827513921958892 < 1.0
priNozzle.FNo interp 3d input to low 0.07827513921958892 < 1.0
priNozzle.FNo interp 3d input to low 0.07827513921958892 < 1.0
priNozzle.FNo interp 3d input to low 0.07827513921958892 < 1.0
priNozzle.FNo interp 3d input to low 0.07436138225860947 < 1.0
priNozzle.FNo interp 3d input to low 0.07436138225860947 < 1.0
priNozzle.FNo interp 3d input to low 0.07436138225860947 < 1.0
priNozzle.FNo interp 3d input to low 0.07436138225860947 < 1.0
priNozzle.FNo interp 3d input to low 0.07436138225860947 < 1.0
priNozzle.FNo interp 3d input to low 0.07436138225860947 < 1.0
priNozzle.FNo interp 3d input to low 0.07436138225860947 < 1.0
priNozzle.FNo interp 3d input to low 0.07436138225860947 < 1.0
priNozzle.FNo interp 3d input to low 0.07436138225860947 < 1.0
priNozzle.FNo interp 3d input to low 0.07436138225860947 < 1.0
priNozzle.FNo interp 3d input to low 0.07436138225860947 < 1.0
priNozzle.FNo interp 3d input to low 0.07436138225860947 < 1.0
priNozzle.FNo interp 3d input to low 0.07436138225860947 < 1.0
priNozzle.FNo interp 3d input to low 0.06566414456754403 < 1.0
priNozzle.FNo interp 3d input to low 0.06566414456754403 < 1.0
priNozzle.FNo interp 3d input to low 0.06566414456754403 < 1.0
priNozzle.FNo interp 3d input to low 0.06566414456754403 < 1.0
priNozzle.FNo interp 3d input to low 0.06566414456754403 < 1.0
priNozzle.FNo interp 3d input to low 0.06566414456754403 < 1.0
priNozzle.FNo interp 3d input to low 0.06566414456754403 < 1.0
priNozzle.FNo interp 3d input to low 0.06566414456754403 < 1.0
priNozzle.FNo interp 3d input to low 0.06566414456754403 < 1.0
priNozzle.FNo interp 3d input to low 0.06566414456754403 < 1.0
priNozzle.FNo interp 3d input to low 0.06566414456754403 < 1.0
priNozzle.FNo interp 3d input to low 0.06566414456754403 < 1.0
priNozzle.FNo interp 3d input to low 0.06566414456754403 < 1.0
priNozzle.FNo interp 3d input to low 0.056966906876478596 < 1.0
priNozzle.FNo interp 3d input to low 0.056966906876478596 < 1.0
priNozzle.FNo interp 3d input to low 0.056966906876478596 < 1.0
priNozzle.FNo interp 3d input to low 0.056966906876478596 < 1.0
priNozzle.FNo interp 3d input to low 0.056966906876478596 < 1.0
priNozzle.FNo interp 3d input to low 0.056966906876478596 < 1.0
priNozzle.FNo interp 3d input to low 0.056966906876478596 < 1.0
priNozzle.FNo interp 3d input to low 0.056966906876478596 < 1.0
priNozzle.FNo interp 3d input to low 0.056966906876478596 < 1.0
priNozzle.FNo interp 3d input to low 0.056966906876478596 < 1.0
priNozzle.FNo interp 3d input to low 0.056966906876478596 < 1.0
priNozzle.FNo interp 3d input to low 0.056966906876478596 < 1.0
priNozzle.FNo interp 3d input to low 0.056966906876478596 < 1.0
priNozzle.FNo interp 3d input to low 0.04826966918541316 < 1.0
priNozzle.FNo interp 3d input to low 0.04826966918541316 < 1.0
priNozzle.FNo interp 3d input to low 0.04826966918541316 < 1.0
priNozzle.FNo interp 3d input to low 0.04826966918541316 < 1.0
priNozzle.FNo interp 3d input to low 0.04826966918541316 < 1.0
priNozzle.FNo interp 3d input to low 0.04826966918541316 < 1.0
priNozzle.FNo interp 3d input to low 0.04826966918541316 < 1.0
priNozzle.FNo interp 3d input to low 0.04826966918541316 < 1.0
priNozzle.FNo interp 3d input to low 0.04826966918541316 < 1.0
priNozzle.FNo interp 3d input to low 0.04826966918541316 < 1.0
priNozzle.FNo interp 3d input to low 0.04826966918541316 < 1.0
priNozzle.FNo interp 3d input to low 0.04826966918541316 < 1.0
priNozzle.FNo interp 3d input to low 0.04826966918541316 < 1.0
priNozzle.FNo interp 3d input to low 0.03957243149434772 < 1.0
priNozzle.FNo interp 3d input to low 0.03957243149434772 < 1.0
priNozzle.FNo interp 3d input to low 0.03957243149434772 < 1.0
priNozzle.FNo interp 3d input to low 0.03957243149434772 < 1.0
priNozzle.FNo interp 3d input to low 0.03957243149434772 < 1.0
priNozzle.FNo interp 3d input to low 0.03957243149434772 < 1.0
priNozzle.FNo interp 3d input to low 0.03957243149434772 < 1.0
priNozzle.FNo interp 3d input to low 0.03957243149434772 < 1.0
priNozzle.FNo interp 3d input to low 0.03957243149434772 < 1.0
priNozzle.FNo interp 3d input to low 0.03957243149434772 < 1.0
priNozzle.FNo interp 3d input to low 0.03957243149434772 < 1.0
priNozzle.FNo interp 3d input to low 0.03957243149434772 < 1.0
priNozzle.FNo interp 3d input to low 0.03957243149434772 < 1.0
priNozzle.FNo interp 3d input to low 0.030875193803282283 < 1.0
priNozzle.FNo interp 3d input to low 0.030875193803282283 < 1.0
priNozzle.FNo interp 3d input to low 0.030875193803282283 < 1.0
priNozzle.FNo interp 3d input to low 0.030875193803282283 < 1.0
priNozzle.FNo interp 3d input to low 0.030875193803282283 < 1.0
priNozzle.FNo interp 3d input to low 0.030875193803282283 < 1.0
priNozzle.FNo interp 3d input to low 0.030875193803282283 < 1.0
priNozzle.FNo interp 3d input to low 0.030875193803282283 < 1.0
priNozzle.FNo interp 3d input to low 0.030875193803282283 < 1.0
priNozzle.FNo interp 3d input to low 0.030875193803282283 < 1.0
priNozzle.FNo interp 3d input to low 0.030875193803282283 < 1.0
priNozzle.FNo interp 3d input to low 0.030875193803282283 < 1.0
priNozzle.FNo interp 3d input to low 0.030875193803282283 < 1.0
priNozzle.FNo interp 3d input to low 0.022177956112216846 < 1.0
priNozzle.FNo interp 3d input to low 0.022177956112216846 < 1.0
priNozzle.FNo interp 3d input to low 0.022177956112216846 < 1.0
priNozzle.FNo interp 3d input to low 0.022177956112216846 < 1.0
priNozzle.FNo interp 3d input to low 0.022177956112216846 < 1.0
priNozzle.FNo interp 3d input to low 0.022177956112216846 < 1.0
priNozzle.FNo interp 3d input to low 0.022177956112216846 < 1.0
priNozzle.FNo interp 3d input to low 0.022177956112216846 < 1.0
priNozzle.FNo interp 3d input to low 0.022177956112216846 < 1.0
priNozzle.FNo interp 3d input to low 0.022177956112216846 < 1.0
priNozzle.FNo interp 3d input to low 0.022177956112216846 < 1.0
priNozzle.FNo interp 3d input to low 0.022177956112216846 < 1.0
priNozzle.FNo interp 3d input to low 0.022177956112216846 < 1.0
priNozzle.FNo interp 3d input to low 0.01348071842115141 < 1.0
priNozzle.FNo interp 3d input to low 0.01348071842115141 < 1.0
priNozzle.FNo interp 3d input to low 0.01348071842115141 < 1.0
priNozzle.FNo interp 3d input to low 0.01348071842115141 < 1.0
priNozzle.FNo interp 3d input to low 0.01348071842115141 < 1.0
priNozzle.FNo interp 3d input to low 0.01348071842115141 < 1.0
priNozzle.FNo interp 3d input to low 0.01348071842115141 < 1.0
priNozzle.FNo interp 3d input to low 0.01348071842115141 < 1.0
priNozzle.FNo interp 3d input to low 0.01348071842115141 < 1.0
priNozzle.FNo interp 3d input to low 0.01348071842115141 < 1.0
priNozzle.FNo interp 3d input to low 0.01348071842115141 < 1.0
priNozzle.FNo interp 3d input to low 0.01348071842115141 < 1.0
priNozzle.FNo interp 3d input to low 0.01348071842115141 < 1.0
priNozzle.FNo interp 3d input to low 0.004783480730085974 < 1.0
priNozzle.FNo interp 3d input to low 0.004783480730085974 < 1.0
priNozzle.FNo interp 3d input to low 0.004783480730085974 < 1.0
priNozzle.FNo interp 3d input to low 0.004783480730085974 < 1.0
priNozzle.FNo interp 3d input to low 0.004783480730085974 < 1.0
priNozzle.FNo interp 3d input to low 0.004783480730085974 < 1.0
priNozzle.FNo interp 3d input to low 0.004783480730085974 < 1.0
priNozzle.FNo interp 3d input to low 0.004783480730085974 < 1.0
priNozzle.FNo interp 3d input to low 0.004783480730085974 < 1.0
priNozzle.FNo interp 3d input to low 0.004783480730085974 < 1.0
priNozzle.FNo interp 3d input to low 0.004783480730085974 < 1.0
priNozzle.FNo interp 3d input to low 0.004783480730085974 < 1.0
priNozzle.FNo interp 3d input to low 0.004783480730085974 < 1.0
priNozzle.FNo interp 3d input to low -0.003913756960979462 < 1.0
priNozzle.FNo interp 3d input to low -0.003913756960979462 < 1.0
priNozzle.FNo interp 3d input to low -0.003913756960979462 < 1.0
priNozzle.FNo interp 3d input to low -0.003913756960979462 < 1.0
priNozzle.FNo interp 3d input to low -0.003913756960979462 < 1.0
priNozzle.FNo interp 3d input to low -0.003913756960979462 < 1.0
priNozzle.FNo interp 3d input to low -0.003913756960979462 < 1.0
priNozzle.FNo interp 3d input to low -0.003913756960979462 < 1.0
priNozzle.FNo interp 3d input to low -0.003913756960979462 < 1.0
priNozzle.FNo interp 3d input to low -0.003913756960979462 < 1.0
priNozzle.FNo interp 3d input to low -0.003913756960979462 < 1.0
priNozzle.FNo interp 3d input to low -0.003913756960979462 < 1.0
priNozzle.FNo interp 3d input to low -0.003913756960979462 < 1.0
priNozzle.FNo interp 3d input to low -0.012610994652044898 < 1.0
priNozzle.FNo interp 3d input to low -0.012610994652044898 < 1.0
priNozzle.FNo interp 3d input to low -0.012610994652044898 < 1.0
priNozzle.FNo interp 3d input to low -0.012610994652044898 < 1.0
priNozzle.FNo interp 3d input to low -0.012610994652044898 < 1.0
priNozzle.FNo interp 3d input to low -0.012610994652044898 < 1.0
priNozzle.FNo interp 3d input to low -0.012610994652044898 < 1.0
priNozzle.FNo interp 3d input to low -0.012610994652044898 < 1.0
priNozzle.FNo interp 3d input to low -0.012610994652044898 < 1.0
priNozzle.FNo interp 3d input to low -0.012610994652044898 < 1.0
priNozzle.FNo interp 3d input to low -0.012610994652044898 < 1.0
priNozzle.FNo interp 3d input to low -0.012610994652044898 < 1.0
priNozzle.FNo interp 3d input to low -0.012610994652044898 < 1.0
priNozzle.FNo interp 3d input to low -0.021308232343110335 < 1.0
priNozzle.FNo interp 3d input to low -0.021308232343110335 < 1.0
priNozzle.FNo interp 3d input to low -0.021308232343110335 < 1.0
priNozzle.FNo interp 3d input to low -0.021308232343110335 < 1.0
priNozzle.FNo interp 3d input to low -0.021308232343110335 < 1.0
priNozzle.FNo interp 3d input to low -0.021308232343110335 < 1.0
priNozzle.FNo interp 3d input to low -0.021308232343110335 < 1.0
priNozzle.FNo interp 3d input to low -0.021308232343110335 < 1.0
priNozzle.FNo interp 3d input to low -0.021308232343110335 < 1.0
priNozzle.FNo interp 3d input to low -0.021308232343110335 < 1.0
priNozzle.FNo interp 3d input to low -0.021308232343110335 < 1.0
priNozzle.FNo interp 3d input to low -0.021308232343110335 < 1.0
priNozzle.FNo interp 3d input to low -0.021308232343110335 < 1.0
priNozzle.FNo interp 3d input to low -0.030005470034175773 < 1.0
priNozzle.FNo interp 3d input to low -0.030005470034175773 < 1.0
priNozzle.FNo interp 3d input to low -0.030005470034175773 < 1.0
priNozzle.FNo interp 3d input to low -0.030005470034175773 < 1.0
priNozzle.FNo interp 3d input to low -0.030005470034175773 < 1.0
priNozzle.FNo interp 3d input to low -0.030005470034175773 < 1.0
priNozzle.FNo interp 3d input to low -0.030005470034175773 < 1.0
priNozzle.FNo interp 3d input to low 299.7056964619817 < 300.0
priNozzle.FNo interp 3d input to low -0.030005470034175773 < 1.0
priNozzle.FNo interp 3d input to low -0.030005470034175773 < 1.0
priNozzle.FNo interp 3d input to low -0.030005470034175773 < 1.0
priNozzle.FNo interp 3d input to low -0.030005470034175773 < 1.0
priNozzle.FNo interp 3d input to low -0.030005470034175773 < 1.0
priNozzle.FNo interp 3d input to low -0.030005470034175773 < 1.0
priNozzle.FNo interp 3d input to low -0.03870270772524121 < 1.0
priNozzle.FNo interp 3d input to low -0.03870270772524121 < 1.0
priNozzle.FNo interp 3d input to low -0.03870270772524121 < 1.0
priNozzle.FNo interp 3d input to low -0.03870270772524121 < 1.0
priNozzle.FNo interp 3d input to low -0.03870270772524121 < 1.0
priNozzle.FNo interp 3d input to low -0.03870270772524121 < 1.0
priNozzle.FNo interp 3d input to low -0.03870270772524121 < 1.0
priNozzle.FNo interp 3d input to low 298.72544860310046 < 300.0
priNozzle.FNo interp 3d input to low -0.03870270772524121 < 1.0
priNozzle.FNo interp 3d input to low -0.03870270772524121 < 1.0
priNozzle.FNo interp 3d input to low -0.03870270772524121 < 1.0
priNozzle.FNo interp 3d input to low -0.03870270772524121 < 1.0
priNozzle.FNo interp 3d input to low -0.03870270772524121 < 1.0
priNozzle.FNo interp 3d input to low -0.03870270772524121 < 1.0
priNozzle.FNo interp 3d input to low -0.04739994541630665 < 1.0
priNozzle.FNo interp 3d input to low -0.04739994541630665 < 1.0
priNozzle.FNo interp 3d input to low -0.04739994541630665 < 1.0
priNozzle.FNo interp 3d input to low -0.04739994541630665 < 1.0
priNozzle.FNo interp 3d input to low -0.04739994541630665 < 1.0
priNozzle.FNo interp 3d input to low -0.04739994541630665 < 1.0
priNozzle.FNo interp 3d input to low -0.04739994541630665 < 1.0
priNozzle.FNo interp 3d input to low 297.74520074421866 < 300.0
priNozzle.FNo interp 3d input to low -0.04739994541630665 < 1.0
priNozzle.FNo interp 3d input to low -0.04739994541630665 < 1.0
priNozzle.FNo interp 3d input to low -0.04739994541630665 < 1.0
priNozzle.FNo interp 3d input to low -0.04739994541630665 < 1.0
priNozzle.FNo interp 3d input to low -0.04739994541630665 < 1.0
priNozzle.FNo interp 3d input to low -0.04739994541630665 < 1.0
priNozzle.FNo interp 3d input to low -0.056097183107372085 < 1.0
priNozzle.FNo interp 3d input to low -0.056097183107372085 < 1.0
priNozzle.FNo interp 3d input to low -0.056097183107372085 < 1.0
priNozzle.FNo interp 3d input to low -0.056097183107372085 < 1.0
priNozzle.FNo interp 3d input to low -0.056097183107372085 < 1.0
priNozzle.FNo interp 3d input to low -0.056097183107372085 < 1.0
priNozzle.FNo interp 3d input to low -0.056097183107372085 < 1.0
priNozzle.FNo interp 3d input to low 296.76495288533545 < 300.0
priNozzle.FNo interp 3d input to low -0.056097183107372085 < 1.0
priNozzle.FNo interp 3d input to low -0.056097183107372085 < 1.0
priNozzle.FNo interp 3d input to low -0.056097183107372085 < 1.0
priNozzle.FNo interp 3d input to low -0.056097183107372085 < 1.0
priNozzle.FNo interp 3d input to low -0.056097183107372085 < 1.0
priNozzle.FNo interp 3d input to low -0.056097183107372085 < 1.0
priNozzle.FNo interp 3d input to low -0.06479442079843752 < 1.0
priNozzle.FNo interp 3d input to low -0.06479442079843752 < 1.0
priNozzle.FNo interp 3d input to low -0.06479442079843752 < 1.0
priNozzle.FNo interp 3d input to low -0.06479442079843752 < 1.0
priNozzle.FNo interp 3d input to low -0.06479442079843752 < 1.0
priNozzle.FNo interp 3d input to low -0.06479442079843752 < 1.0
priNozzle.FNo interp 3d input to low -0.06479442079843752 < 1.0
priNozzle.FNo interp 3d input to low 295.7847050264511 < 300.0
priNozzle.FNo interp 3d input to low -0.06479442079843752 < 1.0
priNozzle.FNo interp 3d input to low -0.06479442079843752 < 1.0
priNozzle.FNo interp 3d input to low -0.06479442079843752 < 1.0
priNozzle.FNo interp 3d input to low -0.06479442079843752 < 1.0
priNozzle.FNo interp 3d input to low -0.06479442079843752 < 1.0
priNozzle.FNo interp 3d input to low -0.06479442079843752 < 1.0
priNozzle.FNo interp 3d input to low -0.07349165848950295 < 1.0
priNozzle.FNo interp 3d input to low -0.07349165848950295 < 1.0
priNozzle.FNo interp 3d input to low -0.07349165848950295 < 1.0
priNozzle.FNo interp 3d input to low -0.07349165848950295 < 1.0
priNozzle.FNo interp 3d input to low -0.07349165848950295 < 1.0
priNozzle.FNo interp 3d input to low -0.07349165848950295 < 1.0
priNozzle.FNo interp 3d input to low -0.07349165848950295 < 1.0
priNozzle.FNo interp 3d input to low 294.8044571675661 < 300.0
priNozzle.FNo interp 3d input to low -0.07349165848950295 < 1.0
priNozzle.FNo interp 3d input to low -0.07349165848950295 < 1.0
priNozzle.FNo interp 3d input to low -0.07349165848950295 < 1.0
priNozzle.FNo interp 3d input to low -0.07349165848950295 < 1.0
priNozzle.FNo interp 3d input to low -0.07349165848950295 < 1.0
priNozzle.FNo interp 3d input to low -0.07349165848950295 < 1.0
priNozzle.FNo interp 3d input to low -0.08218889618056839 < 1.0
priNozzle.FNo interp 3d input to low -0.08218889618056839 < 1.0
priNozzle.FNo interp 3d input to low -0.08218889618056839 < 1.0
priNozzle.FNo interp 3d input to low -0.08218889618056839 < 1.0
priNozzle.FNo interp 3d input to low -0.08218889618056839 < 1.0
priNozzle.FNo interp 3d input to low -0.08218889618056839 < 1.0
priNozzle.FNo interp 3d input to low -0.08218889618056839 < 1.0
priNozzle.FNo interp 3d input to low 293.8242093086797 < 300.0
priNozzle.FNo interp 3d input to low -0.08218889618056839 < 1.0
priNozzle.FNo interp 3d input to low -0.08218889618056839 < 1.0
priNozzle.FNo interp 3d input to low -0.08218889618056839 < 1.0
priNozzle.FNo interp 3d input to low -0.08218889618056839 < 1.0
priNozzle.FNo interp 3d input to low -0.08218889618056839 < 1.0
priNozzle.FNo interp 3d input to low -0.08218889618056839 < 1.0
priNozzle.FNo interp 3d input to low -0.09088613387163383 < 1.0
priNozzle.FNo interp 3d input to low -0.09088613387163383 < 1.0
priNozzle.FNo interp 3d input to low -0.09088613387163383 < 1.0
priNozzle.FNo interp 3d input to low -0.09088613387163383 < 1.0
priNozzle.FNo interp 3d input to low -0.09088613387163383 < 1.0
priNozzle.FNo interp 3d input to low -0.09088613387163383 < 1.0
priNozzle.FNo interp 3d input to low -0.09088613387163383 < 1.0
priNozzle.FNo interp 3d input to low 292.8439614497922 < 300.0
priNozzle.FNo interp 3d input to low -0.09088613387163383 < 1.0
priNozzle.FNo interp 3d input to low -0.09088613387163383 < 1.0
priNozzle.FNo interp 3d input to low -0.09088613387163383 < 1.0
priNozzle.FNo interp 3d input to low -0.09088613387163383 < 1.0
priNozzle.FNo interp 3d input to low -0.09088613387163383 < 1.0
priNozzle.FNo interp 3d input to low -0.09088613387163383 < 1.0
priNozzle.FNo interp 3d input to low -0.09958337156269927 < 1.0
priNozzle.FNo interp 3d input to low -0.09958337156269927 < 1.0
priNozzle.FNo interp 3d input to low -0.09958337156269927 < 1.0
priNozzle.FNo interp 3d input to low -0.09958337156269927 < 1.0
priNozzle.FNo interp 3d input to low -0.09958337156269927 < 1.0
priNozzle.FNo interp 3d input to low -0.09958337156269927 < 1.0
priNozzle.FNo interp 3d input to low -0.09958337156269927 < 1.0
priNozzle.FNo interp 3d input to low 291.8637135909035 < 300.0
priNozzle.FNo interp 3d input to low -0.09958337156269927 < 1.0
priNozzle.FNo interp 3d input to low -0.09958337156269927 < 1.0
priNozzle.FNo interp 3d input to low -0.09958337156269927 < 1.0
priNozzle.FNo interp 3d input to low -0.09958337156269927 < 1.0
priNozzle.FNo interp 3d input to low -0.09958337156269927 < 1.0
priNozzle.FNo interp 3d input to low -0.09958337156269927 < 1.0
priNozzle.FNo interp 3d input to low -0.1082806092537647 < 1.0
priNozzle.FNo interp 3d input to low -0.1082806092537647 < 1.0
priNozzle.FNo interp 3d input to low -0.1082806092537647 < 1.0
priNozzle.FNo interp 3d input to low -0.1082806092537647 < 1.0
priNozzle.FNo interp 3d input to low -0.1082806092537647 < 1.0
priNozzle.FNo interp 3d input to low -0.1082806092537647 < 1.0
priNozzle.FNo interp 3d input to low -0.1082806092537647 < 1.0
priNozzle.FNo interp 3d input to low 290.8834657320145 < 300.0
priNozzle.FNo interp 3d input to low -0.1082806092537647 < 1.0
priNozzle.FNo interp 3d input to low -0.1082806092537647 < 1.0
priNozzle.FNo interp 3d input to low -0.1082806092537647 < 1.0
priNozzle.FNo interp 3d input to low -0.1082806092537647 < 1.0
priNozzle.FNo interp 3d input to low -0.1082806092537647 < 1.0
priNozzle.FNo interp 3d input to low -0.1082806092537647 < 1.0
priNozzle.FNo interp 3d input to low -0.11697784694483014 < 1.0
priNozzle.FNo interp 3d input to low -0.11697784694483014 < 1.0
priNozzle.FNo interp 3d input to low -0.11697784694483014 < 1.0
priNozzle.FNo interp 3d input to low -0.11697784694483014 < 1.0
priNozzle.FNo interp 3d input to low -0.11697784694483014 < 1.0
priNozzle.FNo interp 3d input to low -0.11697784694483014 < 1.0
priNozzle.FNo interp 3d input to low -0.11697784694483014 < 1.0
priNozzle.FNo interp 3d input to low 289.90321787312377 < 300.0
priNozzle.FNo interp 3d input to low -0.11697784694483014 < 1.0
priNozzle.FNo interp 3d input to low -0.11697784694483014 < 1.0
priNozzle.FNo interp 3d input to low -0.11697784694483014 < 1.0
priNozzle.FNo interp 3d input to low -0.11697784694483014 < 1.0
priNozzle.FNo interp 3d input to low -0.11697784694483014 < 1.0
priNozzle.FNo interp 3d input to low -0.11697784694483014 < 1.0
priNozzle.FNo interp 3d input to low -0.12567508463589558 < 1.0
priNozzle.FNo interp 3d input to low -0.12567508463589558 < 1.0
priNozzle.FNo interp 3d input to low -0.12567508463589558 < 1.0
priNozzle.FNo interp 3d input to low -0.12567508463589558 < 1.0
priNozzle.FNo interp 3d input to low -0.12567508463589558 < 1.0
priNozzle.FNo interp 3d input to low -0.12567508463589558 < 1.0
priNozzle.FNo interp 3d input to low -0.12567508463589558 < 1.0
priNozzle.FNo interp 3d input to low 288.92297001423196 < 300.0
priNozzle.FNo interp 3d input to low -0.12567508463589558 < 1.0
priNozzle.FNo interp 3d input to low 299.9059862559844 < 300.0
priNozzle.FNo interp 3d input to low -0.12567508463589558 < 1.0
priNozzle.FNo interp 3d input to low 299.9059862559844 < 300.0
priNozzle.FNo interp 3d input to low -0.12567508463589558 < 1.0
priNozzle.FNo interp 3d input to low 299.9059862559844 < 300.0
priNozzle.FNo interp 3d input to low -0.12567508463589558 < 1.0
priNozzle.FNo interp 3d input to low 299.9059862559844 < 300.0
priNozzle.FNo interp 3d input to low -0.12567508463589558 < 1.0
priNozzle.FNo interp 3d input to low 299.9059862559844 < 300.0
priNozzle.FNo interp 3d input to low -0.12567508463589558 < 1.0
priNozzle.FNo interp 3d input to low 299.9059862559844 < 300.0
priNozzle.FNo interp 3d input to low -0.134372322326961 < 1.0
priNozzle.FNo interp 3d input to low -0.134372322326961 < 1.0
priNozzle.FNo interp 3d input to low -0.134372322326961 < 1.0
priNozzle.FNo interp 3d input to low -0.134372322326961 < 1.0
priNozzle.FNo interp 3d input to low -0.134372322326961 < 1.0
priNozzle.FNo interp 3d input to low -0.134372322326961 < 1.0
priNozzle.FNo interp 3d input to low -0.134372322326961 < 1.0
priNozzle.FNo interp 3d input to low 287.94272215533977 < 300.0
priNozzle.FNo interp 3d input to low -0.134372322326961 < 1.0
priNozzle.FNo interp 3d input to low 299.12803402351494 < 300.0
priNozzle.FNo interp 3d input to low -0.134372322326961 < 1.0
priNozzle.FNo interp 3d input to low 299.12803402351494 < 300.0
priNozzle.FNo interp 3d input to low -0.134372322326961 < 1.0
priNozzle.FNo interp 3d input to low 299.12803402351494 < 300.0
priNozzle.FNo interp 3d input to low -0.134372322326961 < 1.0
priNozzle.FNo interp 3d input to low 299.12803402351494 < 300.0
priNozzle.FNo interp 3d input to low -0.134372322326961 < 1.0
priNozzle.FNo interp 3d input to low 299.12803402351494 < 300.0
priNozzle.FNo interp 3d input to low -0.134372322326961 < 1.0
priNozzle.FNo interp 3d input to low 299.12803402351494 < 300.0
priNozzle.FNo interp 3d input to low -0.14306956001802643 < 1.0
priNozzle.FNo interp 3d input to low -0.14306956001802643 < 1.0
priNozzle.FNo interp 3d input to low -0.14306956001802643 < 1.0
priNozzle.FNo interp 3d input to low -0.14306956001802643 < 1.0
priNozzle.FNo interp 3d input to low -0.14306956001802643 < 1.0
priNozzle.FNo interp 3d input to low -0.14306956001802643 < 1.0
priNozzle.FNo interp 3d input to low -0.14306956001802643 < 1.0
priNozzle.FNo interp 3d input to low 286.9624742964458 < 300.0
priNozzle.FNo interp 3d input to low -0.14306956001802643 < 1.0
priNozzle.FNo interp 3d input to low 298.3500817910452 < 300.0
priNozzle.FNo interp 3d input to low -0.14306956001802643 < 1.0
priNozzle.FNo interp 3d input to low 298.3500817910452 < 300.0
priNozzle.FNo interp 3d input to low -0.14306956001802643 < 1.0
priNozzle.FNo interp 3d input to low 298.3500817910452 < 300.0
priNozzle.FNo interp 3d input to low -0.14306956001802643 < 1.0
priNozzle.FNo interp 3d input to low 298.3500817910452 < 300.0
priNozzle.FNo interp 3d input to low -0.14306956001802643 < 1.0
priNozzle.FNo interp 3d input to low 298.3500817910452 < 300.0
priNozzle.FNo interp 3d input to low -0.14306956001802643 < 1.0
priNozzle.FNo interp 3d input to low 298.3500817910452 < 300.0
priNozzle.FNo interp 3d input to low -0.15176679770909185 < 1.0
priNozzle.FNo interp 3d input to low -0.15176679770909185 < 1.0
priNozzle.FNo interp 3d input to low -0.15176679770909185 < 1.0
priNozzle.FNo interp 3d input to low -0.15176679770909185 < 1.0
priNozzle.FNo interp 3d input to low -0.15176679770909185 < 1.0
priNozzle.FNo interp 3d input to low -0.15176679770909185 < 1.0
priNozzle.FNo interp 3d input to low -0.15176679770909185 < 1.0
priNozzle.FNo interp 3d input to low 285.9822264375508 < 300.0
priNozzle.FNo interp 3d input to low -0.15176679770909185 < 1.0
priNozzle.FNo interp 3d input to low 297.5721295585727 < 300.0
priNozzle.FNo interp 3d input to low -0.15176679770909185 < 1.0
priNozzle.FNo interp 3d input to low 297.5721295585727 < 300.0
priNozzle.FNo interp 3d input to low -0.15176679770909185 < 1.0
priNozzle.FNo interp 3d input to low 297.5721295585727 < 300.0
priNozzle.FNo interp 3d input to low -0.15176679770909185 < 1.0
priNozzle.FNo interp 3d input to low 297.5721295585727 < 300.0
priNozzle.FNo interp 3d input to low -0.15176679770909185 < 1.0
priNozzle.FNo interp 3d input to low 297.5721295585727 < 300.0
priNozzle.FNo interp 3d input to low -0.15176679770909185 < 1.0
priNozzle.FNo interp 3d input to low 297.5721295585727 < 300.0
priNozzle.FNo interp 3d input to low -0.16046403540015727 < 1.0
priNozzle.FNo interp 3d input to low -0.16046403540015727 < 1.0
priNozzle.FNo interp 3d input to low -0.16046403540015727 < 1.0
priNozzle.FNo interp 3d input to low -0.16046403540015727 < 1.0
priNozzle.FNo interp 3d input to low -0.16046403540015727 < 1.0
priNozzle.FNo interp 3d input to low -0.16046403540015727 < 1.0
priNozzle.FNo interp 3d input to low -0.16046403540015727 < 1.0
priNozzle.FNo interp 3d input to low 285.0019785786555 < 300.0
priNozzle.FNo interp 3d input to low -0.16046403540015727 < 1.0
priNozzle.FNo interp 3d input to low 296.79417732610295 < 300.0
priNozzle.FNo interp 3d input to low -0.16046403540015727 < 1.0
priNozzle.FNo interp 3d input to low 296.79417732610295 < 300.0
priNozzle.FNo interp 3d input to low -0.16046403540015727 < 1.0
priNozzle.FNo interp 3d input to low 296.79417732610295 < 300.0
priNozzle.FNo interp 3d input to low -0.16046403540015727 < 1.0
priNozzle.FNo interp 3d input to low 296.79417732610295 < 300.0
priNozzle.FNo interp 3d input to low -0.16046403540015727 < 1.0
priNozzle.FNo interp 3d input to low 296.79417732610295 < 300.0
priNozzle.FNo interp 3d input to low -0.16046403540015727 < 1.0
priNozzle.FNo interp 3d input to low 296.79417732610295 < 300.0
priNozzle.FNo interp 3d input to low -0.1691612730912227 < 1.0
priNozzle.FNo interp 3d input to low -0.1691612730912227 < 1.0
priNozzle.FNo interp 3d input to low -0.1691612730912227 < 1.0
priNozzle.FNo interp 3d input to low -0.1691612730912227 < 1.0
priNozzle.FNo interp 3d input to low -0.1691612730912227 < 1.0
priNozzle.FNo interp 3d input to low -0.1691612730912227 < 1.0
priNozzle.FNo interp 3d input to low -0.1691612730912227 < 1.0
priNozzle.FNo interp 3d input to low 284.0217307197584 < 300.0
priNozzle.FNo interp 3d input to low -0.1691612730912227 < 1.0
priNozzle.FNo interp 3d input to low 296.0162250936334 < 300.0
priNozzle.FNo interp 3d input to low -0.1691612730912227 < 1.0
priNozzle.FNo interp 3d input to low 296.0162250936334 < 300.0
priNozzle.FNo interp 3d input to low -0.1691612730912227 < 1.0
priNozzle.FNo interp 3d input to low 296.0162250936334 < 300.0
priNozzle.FNo interp 3d input to low -0.1691612730912227 < 1.0
priNozzle.FNo interp 3d input to low 296.0162250936334 < 300.0
priNozzle.FNo interp 3d input to low -0.1691612730912227 < 1.0
priNozzle.FNo interp 3d input to low 296.0162250936334 < 300.0
priNozzle.FNo interp 3d input to low -0.1691612730912227 < 1.0
priNozzle.FNo interp 3d input to low 296.0162250936334 < 300.0
priNozzle.FNo interp 3d input to low -0.17785851078228812 < 1.0
priNozzle.FNo interp 3d input to low -0.17785851078228812 < 1.0
priNozzle.FNo interp 3d input to low -0.17785851078228812 < 1.0
priNozzle.FNo interp 3d input to low -0.17785851078228812 < 1.0
priNozzle.FNo interp 3d input to low -0.17785851078228812 < 1.0
priNozzle.FNo interp 3d input to low -0.17785851078228812 < 1.0
priNozzle.FNo interp 3d input to low -0.17785851078228812 < 1.0
priNozzle.FNo interp 3d input to low 283.04148286086024 < 300.0
priNozzle.FNo interp 3d input to low -0.17785851078228812 < 1.0
priNozzle.FNo interp 3d input to low 295.23827286116347 < 300.0
priNozzle.FNo interp 3d input to low -0.17785851078228812 < 1.0
priNozzle.FNo interp 3d input to low 295.23827286116347 < 300.0
priNozzle.FNo interp 3d input to low -0.17785851078228812 < 1.0
priNozzle.FNo interp 3d input to low 295.23827286116347 < 300.0
priNozzle.FNo interp 3d input to low -0.17785851078228812 < 1.0
priNozzle.FNo interp 3d input to low 295.23827286116347 < 300.0
priNozzle.FNo interp 3d input to low -0.17785851078228812 < 1.0
priNozzle.FNo interp 3d input to low 295.23827286116347 < 300.0
priNozzle.FNo interp 3d input to low -0.17785851078228812 < 1.0
priNozzle.FNo interp 3d input to low 295.23827286116347 < 300.0
priNozzle.FNo interp 3d input to low -0.18655574847335354 < 1.0
priNozzle.FNo interp 3d input to low -0.18655574847335354 < 1.0
priNozzle.FNo interp 3d input to low -0.18655574847335354 < 1.0
priNozzle.FNo interp 3d input to low -0.18655574847335354 < 1.0
priNozzle.FNo interp 3d input to low -0.18655574847335354 < 1.0
priNozzle.FNo interp 3d input to low -0.18655574847335354 < 1.0
priNozzle.FNo interp 3d input to low -0.18655574847335354 < 1.0
priNozzle.FNo interp 3d input to low 282.06123500196117 < 300.0
priNozzle.FNo interp 3d input to low -0.18655574847335354 < 1.0
priNozzle.FNo interp 3d input to low 294.46032062869403 < 300.0
priNozzle.FNo interp 3d input to low -0.18655574847335354 < 1.0
priNozzle.FNo interp 3d input to low 294.46032062869403 < 300.0
priNozzle.FNo interp 3d input to low -0.18655574847335354 < 1.0
priNozzle.FNo interp 3d input to low 294.46032062869403 < 300.0
priNozzle.FNo interp 3d input to low -0.18655574847335354 < 1.0
priNozzle.FNo interp 3d input to low 294.46032062869403 < 300.0
priNozzle.FNo interp 3d input to low -0.18655574847335354 < 1.0
priNozzle.FNo interp 3d input to low 294.46032062869403 < 300.0
priNozzle.FNo interp 3d input to low -0.18655574847335354 < 1.0
priNozzle.FNo interp 3d input to low 294.46032062869403 < 300.0
priNozzle.FNo interp 3d input to low -0.19525298616441897 < 1.0
priNozzle.FNo interp 3d input to low -0.19525298616441897 < 1.0
priNozzle.FNo interp 3d input to low -0.19525298616441897 < 1.0
priNozzle.FNo interp 3d input to low -0.19525298616441897 < 1.0
priNozzle.FNo interp 3d input to low -0.19525298616441897 < 1.0
priNozzle.FNo interp 3d input to low -0.19525298616441897 < 1.0
priNozzle.FNo interp 3d input to low -0.19525298616441897 < 1.0
priNozzle.FNo interp 3d input to low 281.08098714306146 < 300.0
priNozzle.FNo interp 3d input to low -0.19525298616441897 < 1.0
priNozzle.FNo interp 3d input to low 293.68236839622415 < 300.0
priNozzle.FNo interp 3d input to low -0.19525298616441897 < 1.0
priNozzle.FNo interp 3d input to low 293.68236839622415 < 300.0
priNozzle.FNo interp 3d input to low -0.19525298616441897 < 1.0
priNozzle.FNo interp 3d input to low 293.68236839622415 < 300.0
priNozzle.FNo interp 3d input to low -0.19525298616441897 < 1.0
priNozzle.FNo interp 3d input to low 293.68236839622415 < 300.0
priNozzle.FNo interp 3d input to low -0.19525298616441897 < 1.0
priNozzle.FNo interp 3d input to low 293.68236839622415 < 300.0
priNozzle.FNo interp 3d input to low -0.19525298616441897 < 1.0
priNozzle.FNo interp 3d input to low 293.68236839622415 < 300.0
priNozzle.FNo interp 3d input to low -0.2039502238554844 < 1.0
priNozzle.FNo interp 3d input to low -0.2039502238554844 < 1.0
priNozzle.FNo interp 3d input to low -0.2039502238554844 < 1.0
priNozzle.FNo interp 3d input to low -0.2039502238554844 < 1.0
priNozzle.FNo interp 3d input to low -0.2039502238554844 < 1.0
priNozzle.FNo interp 3d input to low -0.2039502238554844 < 1.0
priNozzle.FNo interp 3d input to low -0.2039502238554844 < 1.0
priNozzle.FNo interp 3d input to low 280.10073928416017 < 300.0
priNozzle.FNo interp 3d input to low -0.2039502238554844 < 1.0
priNozzle.FNo interp 3d input to low 292.90441616375466 < 300.0
priNozzle.FNo interp 3d input to low -0.2039502238554844 < 1.0
priNozzle.FNo interp 3d input to low 292.90441616375466 < 300.0
priNozzle.FNo interp 3d input to low -0.2039502238554844 < 1.0
priNozzle.FNo interp 3d input to low 292.90441616375466 < 300.0
priNozzle.FNo interp 3d input to low -0.2039502238554844 < 1.0
priNozzle.FNo interp 3d input to low 292.90441616375466 < 300.0
priNozzle.FNo interp 3d input to low -0.2039502238554844 < 1.0
priNozzle.FNo interp 3d input to low 292.90441616375466 < 300.0
priNozzle.FNo interp 3d input to low -0.2039502238554844 < 1.0
priNozzle.FNo interp 3d input to low 292.90441616375466 < 300.0
priNozzle.FNo interp 3d input to low -0.21264746154654982 < 1.0
priNozzle.FNo interp 3d input to low -0.21264746154654982 < 1.0
priNozzle.FNo interp 3d input to low -0.21264746154654982 < 1.0
priNozzle.FNo interp 3d input to low -0.21264746154654982 < 1.0
priNozzle.FNo interp 3d input to low -0.21264746154654982 < 1.0
priNozzle.FNo interp 3d input to low -0.21264746154654982 < 1.0
priNozzle.FNo interp 3d input to low -0.21264746154654982 < 1.0
priNozzle.FNo interp 3d input to low 279.1204914252579 < 300.0
priNozzle.FNo interp 3d input to low -0.21264746154654982 < 1.0
priNozzle.FNo interp 3d input to low 292.1264639312817 < 300.0
priNozzle.FNo interp 3d input to low -0.21264746154654982 < 1.0
priNozzle.FNo interp 3d input to low 292.1264639312817 < 300.0
priNozzle.FNo interp 3d input to low -0.21264746154654982 < 1.0
priNozzle.FNo interp 3d input to low 292.1264639312817 < 300.0
priNozzle.FNo interp 3d input to low -0.21264746154654982 < 1.0
priNozzle.FNo interp 3d input to low 292.1264639312817 < 300.0
priNozzle.FNo interp 3d input to low -0.21264746154654982 < 1.0
priNozzle.FNo interp 3d input to low 292.1264639312817 < 300.0
priNozzle.FNo interp 3d input to low -0.21264746154654982 < 1.0
priNozzle.FNo interp 3d input to low 292.1264639312817 < 300.0
priNozzle.FNo interp 3d input to low -0.22134469923761524 < 1.0
priNozzle.FNo interp 3d input to low -0.22134469923761524 < 1.0
priNozzle.FNo interp 3d input to low -0.22134469923761524 < 1.0
priNozzle.FNo interp 3d input to low -0.22134469923761524 < 1.0
priNozzle.FNo interp 3d input to low -0.22134469923761524 < 1.0
priNozzle.FNo interp 3d input to low -0.22134469923761524 < 1.0
priNozzle.FNo interp 3d input to low -0.22134469923761524 < 1.0
priNozzle.FNo interp 3d input to low 278.140243566355 < 300.0
priNozzle.FNo interp 3d input to low -0.22134469923761524 < 1.0
priNozzle.FNo interp 3d input to low 291.34851169881193 < 300.0
priNozzle.FNo interp 3d input to low -0.22134469923761524 < 1.0
priNozzle.FNo interp 3d input to low 291.34851169881193 < 300.0
priNozzle.FNo interp 3d input to low -0.22134469923761524 < 1.0
priNozzle.FNo interp 3d input to low 291.34851169881193 < 300.0
priNozzle.FNo interp 3d input to low -0.22134469923761524 < 1.0
priNozzle.FNo interp 3d input to low 291.34851169881193 < 300.0
priNozzle.FNo interp 3d input to low -0.22134469923761524 < 1.0
priNozzle.FNo interp 3d input to low 291.34851169881193 < 300.0
priNozzle.FNo interp 3d input to low -0.22134469923761524 < 1.0
priNozzle.FNo interp 3d input to low 291.34851169881193 < 300.0
priNozzle.FNo interp 3d input to low -0.23004193692868066 < 1.0
priNozzle.FNo interp 3d input to low -0.23004193692868066 < 1.0
priNozzle.FNo interp 3d input to low -0.23004193692868066 < 1.0
priNozzle.FNo interp 3d input to low -0.23004193692868066 < 1.0
priNozzle.FNo interp 3d input to low -0.23004193692868066 < 1.0
priNozzle.FNo interp 3d input to low -0.23004193692868066 < 1.0
priNozzle.FNo interp 3d input to low -0.23004193692868066 < 1.0
priNozzle.FNo interp 3d input to low 277.15999570745055 < 300.0
priNozzle.FNo interp 3d input to low -0.23004193692868066 < 1.0
priNozzle.FNo interp 3d input to low 290.57055946634233 < 300.0
priNozzle.FNo interp 3d input to low -0.23004193692868066 < 1.0
priNozzle.FNo interp 3d input to low 290.57055946634233 < 300.0
priNozzle.FNo interp 3d input to low -0.23004193692868066 < 1.0
priNozzle.FNo interp 3d input to low 290.57055946634233 < 300.0
priNozzle.FNo interp 3d input to low -0.23004193692868066 < 1.0
priNozzle.FNo interp 3d input to low 290.57055946634233 < 300.0
priNozzle.FNo interp 3d input to low -0.23004193692868066 < 1.0
priNozzle.FNo interp 3d input to low 290.57055946634233 < 300.0
priNozzle.FNo interp 3d input to low -0.23004193692868066 < 1.0
priNozzle.FNo interp 3d input to low 290.57055946634233 < 300.0
priNozzle.FNo interp 3d input to low -0.2387391746197461 < 1.0
priNozzle.FNo interp 3d input to low -0.2387391746197461 < 1.0
priNozzle.FNo interp 3d input to low -0.2387391746197461 < 1.0
priNozzle.FNo interp 3d input to low -0.2387391746197461 < 1.0
priNozzle.FNo interp 3d input to low -0.2387391746197461 < 1.0
priNozzle.FNo interp 3d input to low -0.2387391746197461 < 1.0
priNozzle.FNo interp 3d input to low -0.2387391746197461 < 1.0
priNozzle.FNo interp 3d input to low 276.17974784854516 < 300.0
priNozzle.FNo interp 3d input to low -0.2387391746197461 < 1.0
priNozzle.FNo interp 3d input to low 289.79260723387245 < 300.0
priNozzle.FNo interp 3d input to low -0.2387391746197461 < 1.0
priNozzle.FNo interp 3d input to low 289.79260723387245 < 300.0
priNozzle.FNo interp 3d input to low -0.2387391746197461 < 1.0
priNozzle.FNo interp 3d input to low 289.79260723387245 < 300.0
priNozzle.FNo interp 3d input to low -0.2387391746197461 < 1.0
priNozzle.FNo interp 3d input to low 289.79260723387245 < 300.0
priNozzle.FNo interp 3d input to low -0.2387391746197461 < 1.0
priNozzle.FNo interp 3d input to low 289.79260723387245 < 300.0
priNozzle.FNo interp 3d input to low -0.2387391746197461 < 1.0
priNozzle.FNo interp 3d input to low 289.79260723387245 < 300.0
priNozzle.FNo interp 3d input to low -0.2474364123108115 < 1.0
priNozzle.FNo interp 3d input to low -0.2474364123108115 < 1.0
priNozzle.FNo interp 3d input to low -0.2474364123108115 < 1.0
priNozzle.FNo interp 3d input to low -0.2474364123108115 < 1.0
priNozzle.FNo interp 3d input to low -0.2474364123108115 < 1.0
priNozzle.FNo interp 3d input to low -0.2474364123108115 < 1.0
priNozzle.FNo interp 3d input to low -0.2474364123108115 < 1.0
priNozzle.FNo interp 3d input to low 275.1994999896385 < 300.0
priNozzle.FNo interp 3d input to low -0.2474364123108115 < 1.0
priNozzle.FNo interp 3d input to low 289.0146550014028 < 300.0
priNozzle.FNo interp 3d input to low -0.2474364123108115 < 1.0
priNozzle.FNo interp 3d input to low 289.0146550014028 < 300.0
priNozzle.FNo interp 3d input to low -0.2474364123108115 < 1.0
priNozzle.FNo interp 3d input to low 289.0146550014028 < 300.0
priNozzle.FNo interp 3d input to low -0.2474364123108115 < 1.0
priNozzle.FNo interp 3d input to low 289.0146550014028 < 300.0
priNozzle.FNo interp 3d input to low -0.2474364123108115 < 1.0
priNozzle.FNo interp 3d input to low 289.0146550014028 < 300.0
priNozzle.FNo interp 3d input to low -0.2474364123108115 < 1.0
priNozzle.FNo interp 3d input to low 289.0146550014028 < 300.0
priNozzle.FNo interp 3d input to low -0.25613365000187693 < 1.0
priNozzle.FNo interp 3d input to low -0.25613365000187693 < 1.0
priNozzle.FNo interp 3d input to low -0.25613365000187693 < 1.0
priNozzle.FNo interp 3d input to low -0.25613365000187693 < 1.0
priNozzle.FNo interp 3d input to low -0.25613365000187693 < 1.0
priNozzle.FNo interp 3d input to low -0.25613365000187693 < 1.0
priNozzle.FNo interp 3d input to low -0.25613365000187693 < 1.0
priNozzle.FNo interp 3d input to low 274.21925213073143 < 300.0
priNozzle.FNo interp 3d input to low -0.25613365000187693 < 1.0
priNozzle.FNo interp 3d input to low 288.23670276893307 < 300.0
priNozzle.FNo interp 3d input to low -0.25613365000187693 < 1.0
priNozzle.FNo interp 3d input to low 288.23670276893307 < 300.0
priNozzle.FNo interp 3d input to low -0.25613365000187693 < 1.0
priNozzle.FNo interp 3d input to low 288.23670276893307 < 300.0
priNozzle.FNo interp 3d input to low -0.25613365000187693 < 1.0
priNozzle.FNo interp 3d input to low 288.23670276893307 < 300.0
priNozzle.FNo interp 3d input to low -0.25613365000187693 < 1.0
priNozzle.FNo interp 3d input to low 288.23670276893307 < 300.0
priNozzle.FNo interp 3d input to low -0.25613365000187693 < 1.0
priNozzle.FNo interp 3d input to low 288.23670276893307 < 300.0
priNozzle.FNo interp 3d input to low -0.2648308876929424 < 1.0
priNozzle.FNo interp 3d input to low -0.2648308876929424 < 1.0
priNozzle.FNo interp 3d input to low -0.2648308876929424 < 1.0
priNozzle.FNo interp 3d input to low -0.2648308876929424 < 1.0
priNozzle.FNo interp 3d input to low -0.2648308876929424 < 1.0
priNozzle.FNo interp 3d input to low -0.2648308876929424 < 1.0
priNozzle.FNo interp 3d input to low -0.2648308876929424 < 1.0
priNozzle.FNo interp 3d input to low 273.23900427182286 < 300.0
priNozzle.FNo interp 3d input to low -0.2648308876929424 < 1.0
priNozzle.FNo interp 3d input to low 287.4587505364633 < 300.0
priNozzle.FNo interp 3d input to low -0.2648308876929424 < 1.0
priNozzle.FNo interp 3d input to low 287.4587505364633 < 300.0
priNozzle.FNo interp 3d input to low -0.2648308876929424 < 1.0
priNozzle.FNo interp 3d input to low 287.4587505364633 < 300.0
priNozzle.FNo interp 3d input to low -0.2648308876929424 < 1.0
priNozzle.FNo interp 3d input to low 287.4587505364633 < 300.0
priNozzle.FNo interp 3d input to low -0.2648308876929424 < 1.0
priNozzle.FNo interp 3d input to low 287.4587505364633 < 300.0
priNozzle.FNo interp 3d input to low -0.2648308876929424 < 1.0
priNozzle.FNo interp 3d input to low 287.4587505364633 < 300.0
priNozzle.FNo interp 3d input to low -0.27352812538400784 < 1.0
priNozzle.FNo interp 3d input to low -0.27352812538400784 < 1.0
priNozzle.FNo interp 3d input to low -0.27352812538400784 < 1.0
priNozzle.FNo interp 3d input to low -0.27352812538400784 < 1.0
priNozzle.FNo interp 3d input to low -0.27352812538400784 < 1.0
priNozzle.FNo interp 3d input to low -0.27352812538400784 < 1.0
priNozzle.FNo interp 3d input to low -0.27352812538400784 < 1.0
priNozzle.FNo interp 3d input to low 272.25875641291304 < 300.0
priNozzle.FNo interp 3d input to low -0.27352812538400784 < 1.0
priNozzle.FNo interp 3d input to low 286.6807983039904 < 300.0
priNozzle.FNo interp 3d input to low -0.27352812538400784 < 1.0
priNozzle.FNo interp 3d input to low 286.6807983039904 < 300.0
priNozzle.FNo interp 3d input to low -0.27352812538400784 < 1.0
priNozzle.FNo interp 3d input to low 286.6807983039904 < 300.0
priNozzle.FNo interp 3d input to low -0.27352812538400784 < 1.0
priNozzle.FNo interp 3d input to low 286.6807983039904 < 300.0
priNozzle.FNo interp 3d input to low -0.27352812538400784 < 1.0
priNozzle.FNo interp 3d input to low 286.6807983039904 < 300.0
priNozzle.FNo interp 3d input to low -0.27352812538400784 < 1.0
priNozzle.FNo interp 3d input to low 286.6807983039904 < 300.0
priNozzle.FNo interp 3d input to low -0.2822253630750733 < 1.0
priNozzle.FNo interp 3d input to low -0.2822253630750733 < 1.0
priNozzle.FNo interp 3d input to low -0.2822253630750733 < 1.0
priNozzle.FNo interp 3d input to low -0.2822253630750733 < 1.0
priNozzle.FNo interp 3d input to low -0.2822253630750733 < 1.0
priNozzle.FNo interp 3d input to low -0.2822253630750733 < 1.0
priNozzle.FNo interp 3d input to low -0.2822253630750733 < 1.0
priNozzle.FNo interp 3d input to low 271.2785085540028 < 300.0
priNozzle.FNo interp 3d input to low -0.2822253630750733 < 1.0
priNozzle.FNo interp 3d input to low 285.9028460715206 < 300.0
priNozzle.FNo interp 3d input to low -0.2822253630750733 < 1.0
priNozzle.FNo interp 3d input to low 285.9028460715206 < 300.0
priNozzle.FNo interp 3d input to low -0.2822253630750733 < 1.0
priNozzle.FNo interp 3d input to low 285.9028460715206 < 300.0
priNozzle.FNo interp 3d input to low -0.2822253630750733 < 1.0
priNozzle.FNo interp 3d input to low 285.9028460715206 < 300.0
priNozzle.FNo interp 3d input to low -0.2822253630750733 < 1.0
priNozzle.FNo interp 3d input to low 285.9028460715206 < 300.0
priNozzle.FNo interp 3d input to low -0.2822253630750733 < 1.0
priNozzle.FNo interp 3d input to low 285.9028460715206 < 300.0
priNozzle.FNo interp 3d input to low -0.29092260076613874 < 1.0
priNozzle.FNo interp 3d input to low -0.29092260076613874 < 1.0
priNozzle.FNo interp 3d input to low -0.29092260076613874 < 1.0
priNozzle.FNo interp 3d input to low -0.29092260076613874 < 1.0
priNozzle.FNo interp 3d input to low -0.29092260076613874 < 1.0
priNozzle.FNo interp 3d input to low -0.29092260076613874 < 1.0
priNozzle.FNo interp 3d input to low -0.29092260076613874 < 1.0
priNozzle.FNo interp 3d input to low 270.29826069509113 < 300.0
priNozzle.FNo interp 3d input to low -0.29092260076613874 < 1.0
priNozzle.FNo interp 3d input to low 285.1248938390511 < 300.0
priNozzle.FNo interp 3d input to low -0.29092260076613874 < 1.0
priNozzle.FNo interp 3d input to low 285.1248938390511 < 300.0
priNozzle.FNo interp 3d input to low -0.29092260076613874 < 1.0
priNozzle.FNo interp 3d input to low 285.1248938390511 < 300.0
priNozzle.FNo interp 3d input to low -0.29092260076613874 < 1.0
priNozzle.FNo interp 3d input to low 285.1248938390511 < 300.0
priNozzle.FNo interp 3d input to low -0.29092260076613874 < 1.0
priNozzle.FNo interp 3d input to low 285.1248938390511 < 300.0
priNozzle.FNo interp 3d input to low -0.29092260076613874 < 1.0
priNozzle.FNo interp 3d input to low 285.1248938390511 < 300.0
priNozzle.FNo interp 3d input to low -0.2996198384572042 < 1.0
priNozzle.FNo interp 3d input to low -0.2996198384572042 < 1.0
priNozzle.FNo interp 3d input to low -0.2996198384572042 < 1.0
priNozzle.FNo interp 3d input to low -0.2996198384572042 < 1.0
priNozzle.FNo interp 3d input to low -0.2996198384572042 < 1.0
priNozzle.FNo interp 3d input to low -0.2996198384572042 < 1.0
priNozzle.FNo interp 3d input to low -0.2996198384572042 < 1.0
priNozzle.FNo interp 3d input to low 269.3180128361781 < 300.0
priNozzle.FNo interp 3d input to low -0.2996198384572042 < 1.0
priNozzle.FNo interp 3d input to low 284.3469416065812 < 300.0
priNozzle.FNo interp 3d input to low -0.2996198384572042 < 1.0
priNozzle.FNo interp 3d input to low 284.3469416065812 < 300.0
priNozzle.FNo interp 3d input to low -0.2996198384572042 < 1.0
priNozzle.FNo interp 3d input to low 284.3469416065812 < 300.0
priNozzle.FNo interp 3d input to low -0.2996198384572042 < 1.0
priNozzle.FNo interp 3d input to low 284.3469416065812 < 300.0
priNozzle.FNo interp 3d input to low -0.2996198384572042 < 1.0
priNozzle.FNo interp 3d input to low 284.3469416065812 < 300.0
priNozzle.FNo interp 3d input to low -0.2996198384572042 < 1.0
priNozzle.FNo interp 3d input to low 284.3469416065812 < 300.0
priNozzle.FNo interp 3d input to low -0.30831707614826964 < 1.0
priNozzle.FNo interp 3d input to low -0.30831707614826964 < 1.0
priNozzle.FNo interp 3d input to low -0.30831707614826964 < 1.0
priNozzle.FNo interp 3d input to low -0.30831707614826964 < 1.0
priNozzle.FNo interp 3d input to low -0.30831707614826964 < 1.0
priNozzle.FNo interp 3d input to low -0.30831707614826964 < 1.0
priNozzle.FNo interp 3d input to low -0.30831707614826964 < 1.0
priNozzle.FNo interp 3d input to low 268.3377649772641 < 300.0
priNozzle.FNo interp 3d input to low -0.30831707614826964 < 1.0
priNozzle.FNo interp 3d input to low 283.5689893741114 < 300.0
priNozzle.FNo interp 3d input to low -0.30831707614826964 < 1.0
priNozzle.FNo interp 3d input to low 283.5689893741114 < 300.0
priNozzle.FNo interp 3d input to low -0.30831707614826964 < 1.0
priNozzle.FNo interp 3d input to low 283.5689893741114 < 300.0
priNozzle.FNo interp 3d input to low -0.30831707614826964 < 1.0
priNozzle.FNo interp 3d input to low 283.5689893741114 < 300.0
priNozzle.FNo interp 3d input to low -0.30831707614826964 < 1.0
priNozzle.FNo interp 3d input to low 283.5689893741114 < 300.0
priNozzle.FNo interp 3d input to low -0.30831707614826964 < 1.0
priNozzle.FNo interp 3d input to low 283.5689893741114 < 300.0
priNozzle.FNo interp 3d input to low -0.3170143138393351 < 1.0
priNozzle.FNo interp 3d input to low -0.3170143138393351 < 1.0
priNozzle.FNo interp 3d input to low -0.3170143138393351 < 1.0
priNozzle.FNo interp 3d input to low -0.3170143138393351 < 1.0
priNozzle.FNo interp 3d input to low -0.3170143138393351 < 1.0
priNozzle.FNo interp 3d input to low -0.3170143138393351 < 1.0
priNozzle.FNo interp 3d input to low -0.3170143138393351 < 1.0
priNozzle.FNo interp 3d input to low 267.3575171183498 < 300.0
priNozzle.FNo interp 3d input to low -0.3170143138393351 < 1.0
priNozzle.FNo interp 3d input to low 282.79103714164177 < 300.0
priNozzle.FNo interp 3d input to low -0.3170143138393351 < 1.0
priNozzle.FNo interp 3d input to low 282.79103714164177 < 300.0
priNozzle.FNo interp 3d input to low -0.3170143138393351 < 1.0
priNozzle.FNo interp 3d input to low 282.79103714164177 < 300.0
priNozzle.FNo interp 3d input to low -0.3170143138393351 < 1.0
priNozzle.FNo interp 3d input to low 282.79103714164177 < 300.0
priNozzle.FNo interp 3d input to low -0.3170143138393351 < 1.0
priNozzle.FNo interp 3d input to low 282.79103714164177 < 300.0
priNozzle.FNo interp 3d input to low -0.3170143138393351 < 1.0
priNozzle.FNo interp 3d input to low 282.79103714164177 < 300.0
priNozzle.FNo interp 3d input to low -0.32571155153040054 < 1.0
priNozzle.FNo interp 3d input to low -0.32571155153040054 < 1.0
priNozzle.FNo interp 3d input to low -0.32571155153040054 < 1.0
priNozzle.FNo interp 3d input to low -0.32571155153040054 < 1.0
priNozzle.FNo interp 3d input to low -0.32571155153040054 < 1.0
priNozzle.FNo interp 3d input to low -0.32571155153040054 < 1.0
priNozzle.FNo interp 3d input to low -0.32571155153040054 < 1.0
priNozzle.FNo interp 3d input to low 266.37726925943366 < 300.0
priNozzle.FNo interp 3d input to low -0.32571155153040054 < 1.0
priNozzle.FNo interp 3d input to low 282.01308490917205 < 300.0
priNozzle.FNo interp 3d input to low -0.32571155153040054 < 1.0
priNozzle.FNo interp 3d input to low 282.01308490917205 < 300.0
priNozzle.FNo interp 3d input to low -0.32571155153040054 < 1.0
priNozzle.FNo interp 3d input to low 282.01308490917205 < 300.0
priNozzle.FNo interp 3d input to low -0.32571155153040054 < 1.0
priNozzle.FNo interp 3d input to low 282.01308490917205 < 300.0
priNozzle.FNo interp 3d input to low -0.32571155153040054 < 1.0
priNozzle.FNo interp 3d input to low 282.01308490917205 < 300.0
priNozzle.FNo interp 3d input to low -0.32571155153040054 < 1.0
priNozzle.FNo interp 3d input to low 282.01308490917205 < 300.0
priNozzle.FNo interp 3d input to low -0.334408789221466 < 1.0
priNozzle.FNo interp 3d input to low -0.334408789221466 < 1.0
priNozzle.FNo interp 3d input to low -0.334408789221466 < 1.0
priNozzle.FNo interp 3d input to low -0.334408789221466 < 1.0
priNozzle.FNo interp 3d input to low -0.334408789221466 < 1.0
priNozzle.FNo interp 3d input to low -0.334408789221466 < 1.0
priNozzle.FNo interp 3d input to low -0.334408789221466 < 1.0
priNozzle.FNo interp 3d input to low 265.3970214005165 < 300.0
priNozzle.FNo interp 3d input to low -0.334408789221466 < 1.0
priNozzle.FNo interp 3d input to low 281.23513267669887 < 300.0
priNozzle.FNo interp 3d input to low -0.334408789221466 < 1.0
priNozzle.FNo interp 3d input to low 281.23513267669887 < 300.0
priNozzle.FNo interp 3d input to low -0.334408789221466 < 1.0
priNozzle.FNo interp 3d input to low 281.23513267669887 < 300.0
priNozzle.FNo interp 3d input to low -0.334408789221466 < 1.0
priNozzle.FNo interp 3d input to low 281.23513267669887 < 300.0
priNozzle.FNo interp 3d input to low -0.334408789221466 < 1.0
priNozzle.FNo interp 3d input to low 281.23513267669887 < 300.0
priNozzle.FNo interp 3d input to low -0.334408789221466 < 1.0
priNozzle.FNo interp 3d input to low 281.23513267669887 < 300.0
priNozzle.FNo interp 3d input to low -0.34310602691253145 < 1.0
priNozzle.FNo interp 3d input to low -0.34310602691253145 < 1.0
priNozzle.FNo interp 3d input to low -0.34310602691253145 < 1.0
priNozzle.FNo interp 3d input to low -0.34310602691253145 < 1.0
priNozzle.FNo interp 3d input to low -0.34310602691253145 < 1.0
priNozzle.FNo interp 3d input to low -0.34310602691253145 < 1.0
priNozzle.FNo interp 3d input to low -0.34310602691253145 < 1.0
priNozzle.FNo interp 3d input to low 264.41677354159845 < 300.0
priNozzle.FNo interp 3d input to low -0.34310602691253145 < 1.0
priNozzle.FNo interp 3d input to low 280.45718044422904 < 300.0
priNozzle.FNo interp 3d input to low -0.34310602691253145 < 1.0
priNozzle.FNo interp 3d input to low 280.45718044422904 < 300.0
priNozzle.FNo interp 3d input to low -0.34310602691253145 < 1.0
priNozzle.FNo interp 3d input to low 280.45718044422904 < 300.0
priNozzle.FNo interp 3d input to low -0.34310602691253145 < 1.0
priNozzle.FNo interp 3d input to low 280.45718044422904 < 300.0
priNozzle.FNo interp 3d input to low -0.34310602691253145 < 1.0
priNozzle.FNo interp 3d input to low 280.45718044422904 < 300.0
priNozzle.FNo interp 3d input to low -0.34310602691253145 < 1.0
priNozzle.FNo interp 3d input to low 280.45718044422904 < 300.0
priNozzle.FNo interp 3d input to low -0.3518032646035969 < 1.0
priNozzle.FNo interp 3d input to low -0.3518032646035969 < 1.0
priNozzle.FNo interp 3d input to low -0.3518032646035969 < 1.0
priNozzle.FNo interp 3d input to low -0.3518032646035969 < 1.0
priNozzle.FNo interp 3d input to low -0.3518032646035969 < 1.0
priNozzle.FNo interp 3d input to low -0.3518032646035969 < 1.0
priNozzle.FNo interp 3d input to low -0.3518032646035969 < 1.0
priNozzle.FNo interp 3d input to low 263.4365256826797 < 300.0
priNozzle.FNo interp 3d input to low -0.3518032646035969 < 1.0
priNozzle.FNo interp 3d input to low 279.67922821175927 < 300.0
priNozzle.FNo interp 3d input to low -0.3518032646035969 < 1.0
priNozzle.FNo interp 3d input to low 279.67922821175927 < 300.0
priNozzle.FNo interp 3d input to low -0.3518032646035969 < 1.0
priNozzle.FNo interp 3d input to low 279.67922821175927 < 300.0
priNozzle.FNo interp 3d input to low -0.3518032646035969 < 1.0
priNozzle.FNo interp 3d input to low 279.67922821175927 < 300.0
priNozzle.FNo interp 3d input to low -0.3518032646035969 < 1.0
priNozzle.FNo interp 3d input to low 279.67922821175927 < 300.0
priNozzle.FNo interp 3d input to low -0.3518032646035969 < 1.0
priNozzle.FNo interp 3d input to low 279.67922821175927 < 300.0
priNozzle.FNo interp 3d input to low -0.36050050229466235 < 1.0
priNozzle.FNo interp 3d input to low -0.36050050229466235 < 1.0
priNozzle.FNo interp 3d input to low -0.36050050229466235 < 1.0
priNozzle.FNo interp 3d input to low -0.36050050229466235 < 1.0
priNozzle.FNo interp 3d input to low -0.36050050229466235 < 1.0
priNozzle.FNo interp 3d input to low -0.36050050229466235 < 1.0
priNozzle.FNo interp 3d input to low -0.36050050229466235 < 1.0
priNozzle.FNo interp 3d input to low 262.45627782375936 < 300.0
priNozzle.FNo interp 3d input to low -0.36050050229466235 < 1.0
priNozzle.FNo interp 3d input to low 278.9012759792896 < 300.0
priNozzle.FNo interp 3d input to low -0.36050050229466235 < 1.0
priNozzle.FNo interp 3d input to low 278.9012759792896 < 300.0
priNozzle.FNo interp 3d input to low -0.36050050229466235 < 1.0
priNozzle.FNo interp 3d input to low 278.9012759792896 < 300.0
priNozzle.FNo interp 3d input to low -0.36050050229466235 < 1.0
priNozzle.FNo interp 3d input to low 278.9012759792896 < 300.0
priNozzle.FNo interp 3d input to low -0.36050050229466235 < 1.0
priNozzle.FNo interp 3d input to low 278.9012759792896 < 300.0
priNozzle.FNo interp 3d input to low -0.36050050229466235 < 1.0
priNozzle.FNo interp 3d input to low 278.9012759792896 < 300.0
mach iteration failure
 solver exceeded maximu number of iterations

time =  0.0

******************
Ports*************
******************

Electric Ports


Fluid Ports

start      FNo         W:813.51      Tt:444.8891    Pt:5.284426    ht:-21.9105    FAR:0.0         mach:0.8         Ts:393.8540    Ps:3.458032  
inlet      FNi         W:813.51      Tt:444.8891    Pt:5.284426    ht:-21.9105    FAR:0.0         mach:0.0         Ts:393.8540    Ps:3.458032  
inlet      FNo         W:813.51      Tt:444.8891    Pt:5.273858    ht:-21.9105    FAR:0.0         mach:0.0         Ts:0.0         Ps:0.0       
fan        FNi         W:813.51      Tt:444.8891    Pt:5.273858    ht:-21.9105    FAR:0.0         mach:0.0         Ts:0.0         Ps:0.0       
fan        FNideal     W:813.51      Tt:480.0569    Pt:6.856015    ht:-13.5185    FAR:0.0         mach:0.0         Ts:0.0         Ps:0.0       
fan        FNo         W:813.51      Tt:481.1853    Pt:6.856015    ht:-13.2492    FAR:0.0         mach:0.0         Ts:0.0         Ps:0.0       
fan        FNoBld1     W:0.0         Tt:444.8891    Pt:5.273858    ht:-21.9105    FAR:0.0         mach:0.0         Ts:0.0         Ps:0.0       
fan        FNoBld2     W:0.0         Tt:444.8891    Pt:5.273858    ht:-21.9105    FAR:0.0         mach:0.0         Ts:0.0         Ps:0.0       
splitter   FNi         W:813.51      Tt:481.1853    Pt:6.856015    ht:-13.2492    FAR:0.0         mach:0.0         Ts:0.0         Ps:0.0       
splitter   FNo1        W:32.55628    Tt:481.1853    Pt:6.856015    ht:-13.2492    FAR:0.0         mach:0.0         Ts:0.0         Ps:0.0       
splitter   FNo2        W:780.9537    Tt:481.1853    Pt:6.856015    ht:-13.2492    FAR:0.0         mach:0.0         Ts:0.0         Ps:0.0       
duct2      FNi         W:32.55628    Tt:481.1853    Pt:6.856015    ht:-13.2492    FAR:0.0         mach:0.0         Ts:0.0         Ps:0.0       
duct2      FNo         W:32.55628    Tt:481.1853    Pt:6.856015    ht:-13.2492    FAR:0.0         mach:0.0         Ts:0.0         Ps:0.0       
duct2      FNobld      W:0.0         Tt:481.1853    Pt:6.856015    ht:-13.2492    FAR:0.0         mach:0.0         Ts:0.0         Ps:0.0       
LPC        FNi         W:32.55628    Tt:481.1853    Pt:6.856015    ht:-13.2492    FAR:0.0         mach:0.0         Ts:0.0         Ps:0.0       
LPC        FNideal     W:32.55628    Tt:657.2229    Pt:20.56804    ht:29.00053    FAR:0.0         mach:0.0         Ts:0.0         Ps:0.0       
LPC        FNo         W:32.55628    Tt:678.9443    Pt:20.56804    ht:34.24909    FAR:0.0         mach:0.0         Ts:0.0         Ps:0.0       
LPC        FNoBld1     W:0.0         Tt:481.1853    Pt:6.856015    ht:-13.2492    FAR:0.0         mach:0.0         Ts:0.0         Ps:0.0       
LPC        FNoBld2     W:0.0         Tt:481.1853    Pt:6.856015    ht:-13.2492    FAR:0.0         mach:0.0         Ts:0.0         Ps:0.0       
duct25     FNi         W:32.55628    Tt:678.9443    Pt:20.56804    ht:34.24909    FAR:0.0         mach:0.0         Ts:0.0         Ps:0.0       
duct25     FNo         W:32.55628    Tt:678.9443    Pt:20.25952    ht:34.24909    FAR:0.0         mach:0.0         Ts:0.0         Ps:0.0       
duct25     FNobld      W:0.0         Tt:678.9443    Pt:20.56804    ht:34.24909    FAR:0.0         mach:0.0         Ts:0.0         Ps:0.0       
HPC        FNi         W:32.55628    Tt:678.9443    Pt:20.25952    ht:34.24909    FAR:0.0         mach:0.0         Ts:0.0         Ps:0.0       
HPC        FNideal     W:32.55628    Tt:1404.905    Pt:285.7200    ht:215.9148    FAR:0.0         mach:0.0         Ts:0.0         Ps:0.0       
HPC        FNo         W:29.64901    Tt:1529.766    Pt:285.7200    ht:248.7558    FAR:0.0         mach:0.0         Ts:0.0         Ps:0.0       
HPC        FNoBld1     W:2.256150    Tt:1529.766    Pt:265.4605    ht:248.7558    FAR:0.0         mach:0.0         Ts:0.0         Ps:0.0       
HPC        FNoBld2     W:0.651125    Tt:1114.457    Pt:132.7302    ht:141.5024    FAR:0.0         mach:0.0         Ts:0.0         Ps:0.0       
duct3      FNi         W:29.64901    Tt:1529.766    Pt:285.7200    ht:248.7558    FAR:0.0         mach:0.0         Ts:0.0         Ps:0.0       
duct3      FNo         W:27.61391    Tt:1529.766    Pt:285.7200    ht:248.7558    FAR:0.0         mach:0.0         Ts:0.0         Ps:0.0       
duct3      FNobld      W:2.035098    Tt:1529.766    Pt:285.7200    ht:248.7558    FAR:0.0         mach:0.0         Ts:0.0         Ps:0.0       
burner     FNi         W:27.61391    Tt:1529.766    Pt:285.7200    ht:248.7558    FAR:0.0         mach:0.0         Ts:0.0         Ps:0.0       
burner     FNo         W:27.61391    Tt:1529.766    Pt:274.2912    ht:248.7558    FAR:0.0         mach:0.0         Ts:0.0         Ps:0.0       
HPT        FN41        W:29.64901    Tt:1529.766    Pt:274.2912    ht:248.7558    FAR:0.0         mach:0.0         Ts:0.0         Ps:0.0       
HPT        FN42        W:29.64901    Tt:812.3140    Pt:20.72942    ht:66.64475    FAR:0.0         mach:0.0         Ts:0.0         Ps:0.0       
HPT        FNi         W:27.61391    Tt:1529.766    Pt:274.2912    ht:248.7558    FAR:0.0         mach:0.0         Ts:0.0         Ps:0.0       
HPT        FNiBld1     W:2.035098    Tt:1529.766    Pt:285.7200    ht:248.7558    FAR:0.0         mach:0.0         Ts:0.0         Ps:0.0       
HPT        FNiBld2     W:2.256150    Tt:1529.766    Pt:265.4605    ht:248.7558    FAR:0.0         mach:0.0         Ts:0.0         Ps:0.0       
HPT        FNideal     W:29.64901    Tt:757.1831    Pt:20.72942    ht:53.21080    FAR:0.0         mach:0.0         Ts:0.0         Ps:0.0       
HPT        FNo         W:31.90516    Tt:864.9264    Pt:20.72942    ht:79.52260    FAR:0.0         mach:0.0         Ts:0.0         Ps:0.0       
duct45     FNi         W:31.90516    Tt:864.9264    Pt:20.72942    ht:79.52260    FAR:0.0         mach:0.0         Ts:0.0         Ps:0.0       
duct45     FNo         W:31.90516    Tt:864.9264    Pt:20.62578    ht:79.52260    FAR:0.0         mach:0.0         Ts:0.0         Ps:0.0       
duct45     FNobld      W:0.0         Tt:864.9264    Pt:20.72942    ht:79.52260    FAR:0.0         mach:0.0         Ts:0.0         Ps:0.0       
LPT        FN41        W:32.55628    Tt:869.9748    Pt:20.62578    ht:80.76220    FAR:0.0         mach:0.0         Ts:0.0         Ps:0.0       
LPT        FN42        W:32.55628    Tt:318.9269    Pt:0.087850    ht:-51.8356    FAR:0.0         mach:0.0         Ts:0.0         Ps:0.0       
LPT        FNi         W:31.90516    Tt:864.9264    Pt:20.62578    ht:79.52260    FAR:0.0         mach:0.0         Ts:0.0         Ps:0.0       
LPT        FNiBld1     W:0.651125    Tt:1114.457    Pt:132.7302    ht:141.5024    FAR:0.0         mach:0.0         Ts:0.0         Ps:0.0       
LPT        FNiBld2     W:0.0         Tt:0.0         Pt:0.0         ht:0.0         FAR:0.0         mach:0.0         Ts:0.0         Ps:0.0       
LPT        FNideal     W:32.55628    Tt:284.1644    Pt:0.087850    ht:-60.0716    FAR:0.0         mach:0.0         Ts:0.0         Ps:0.0       
LPT        FNo         W:32.55628    Tt:318.9269    Pt:0.087850    ht:-51.8356    FAR:0.0         mach:0.0         Ts:0.0         Ps:0.0       
duct5      FNi         W:32.55628    Tt:318.9269    Pt:0.087850    ht:-51.8356    FAR:0.0         mach:0.0         Ts:0.0         Ps:0.0       
duct5      FNo         W:32.55628    Tt:318.9269    Pt:0.086972    ht:-51.8356    FAR:0.0         mach:0.0         Ts:0.0         Ps:0.0       
duct5      FNobld      W:0.0         Tt:318.9269    Pt:0.087850    ht:-51.8356    FAR:0.0         mach:0.0         Ts:0.0         Ps:0.0       
priNozzl   FNi         W:32.55628    Tt:318.9269    Pt:0.086972    ht:-51.8356    FAR:0.0         mach:0.0         Ts:0.0         Ps:0.0       
priNozzl   FNo         W:32.55628    Tt:318.9269    Pt:0.086972    ht:-51.8356    FAR:0.0         mach:1.502033    Ts:584.1748    Ps:3.45803   
duct17     FNi         W:780.9537    Tt:481.1853    Pt:6.856015    ht:-13.2492    FAR:0.0         mach:0.0         Ts:0.0         Ps:0.0       
duct17     FNo         W:780.9537    Tt:481.1853    Pt:6.753175    ht:-13.2492    FAR:0.0         mach:0.0         Ts:0.0         Ps:0.0       
duct17     FNobld      W:0.0         Tt:481.1853    Pt:6.856015    ht:-13.2492    FAR:0.0         mach:0.0         Ts:0.0         Ps:0.0       
fanNozzl   FNi         W:780.9537    Tt:481.1853    Pt:6.753175    ht:-13.2492    FAR:0.0         mach:0.0         Ts:0.0         Ps:0.0       
fanNozzl   FNo         W:780.9537    Tt:481.1853    Pt:6.753175    ht:-13.2492    FAR:0.0         mach:1.026969    Ts:396.6000    Ps:3.458030  

Mech Ports

fan        MP          N:6772.0      hp:-9966.92    I:0.0       
LPC        MP          N:6772.0      hp:-2187.39    I:0.0       
HPC        MP          N:20871.0     hp:-9779.70    I:0.0       
HPT        MP          N:20871.0     hp:7637.677    I:0.0       
LPT        MP          N:6772.0      hp:6106.409    I:0.0       
HPshaft    MPC         N:20871.0     hp:-9779.70    I:0.0       
HPshaft    MPT         N:20871.0     hp:7637.677    I:0.0       
LPshaft    MPfan       N:6772.0      hp:-9966.92    I:0.0       
LPshaft    MPlpc       N:6772.0      hp:-2187.39    I:0.0       
LPshaft    MPlpt       N:6772.0      hp:6106.409    I:0.0       

*******************
Elements***********
*******************

FlightCond  start       W:813.51    Tt:444.889  Pt:5.28442  Tamb:393.8  Pamb:3.458  
Inlet       inlet       rec:0.998   
Compressor  fan         PR:1.3      eff:0.9689  Rline:2.0   NcMap:1.0   
Splitter    splitter    BPR:23.987  
Duct        duct2       dP:0.0      Q:0.0       
Compressor  LPC         PR:3.00000  eff:0.8895  Rline:2.0   NcMap:1.0   
Duct        duct25      dP:0.015    Q:0.0       
Compressor  HPC         PR:14.103   eff:0.8469  Rline:2.0   NcMap:1.0   
Duct        duct3       dP:0.0      Q:0.0       
Burner      burner      FAR:0.0     Tout:0.0    Wfuel:0.0   dP:0.04     
Turbine     HPT         PR:13.2319  eff:0.9312  PRmap:3.0   NcMap:0.9   
Duct        duct45      dP:0.005    Q:0.0       
Turbine     LPT         PR:234.781  eff:0.9410  PRmap:6.0   NcMap:0.9   
Duct        duct5       dP:0.01     Q:0.0       
Nozzle      priNozzle   Fg:-1799.2  
Duct        duct17      dP:0.015    Q:0.0       
Nozzle      fanNozzle   Fg:24327.8  
Shaft       HPshaft     N:20871.0   HPX:350.0   
Shaft       LPshaft     N:6772.0    HPX:0.0     
Performanc  Perf        alt:35000.  MN:0.8      Fn:2808.48  SFC:0.0     Fg:22528.6  Fram:19720  Wfuel:0.0    

****************
Solver**********
****************

Converged:False

******************************************************************************************
