converged
design point turbofan results
 
CASE #  0
--- 0.8 35000.0 ----------------------------------------------------
fan Nc = 1.0      burner temperature = 3044.3244297308556    ambient Ps = 3.4580323193746834
burner out 14.528164709436702 148.1127182437877 3044.3244297308556 0.0 0.0 0.13071511084683415 0.0
HPT 0.9225
LPT  0.9400000000000001
core nozzle out 17.05549799222337 18.470786897801922 1773.7864727564736 9.696716323303741 1525.0839440719035 0.017088918373585796 1.0
bypass nozzle out 83.33333333333333 7.792125328482097 509.18134791457317 4.094362017570165 423.6610214473165 0.026179067043066495 1.0
1.851481390630395
HP power balance:  -4194.663318440438 = 4194.802456325925  +  0.0  HP extraction
LP power balance:  -2171.374791995873 + -646.1420186290169 = -2817.51681062489 2817.3584572073196
 
converged
CASE #  0
--- 0.8 35000.0 ----------------------------------------------------
fan Nc = 0.9999662518190883      burner temperature = 3044.3230639005287    ambient Ps = 3.4580323193746834
burner out 14.527835400597985 148.10605345332496 3044.3230639005287 0.0 0.0 0.13070928826607747 0.0
HPT 0.9224999706439398
LPT  0.9399907690329429
core nozzle out 17.0551113965074 18.469998151092216 1773.7884583812483 9.696188337938892 1525.0855377972193 0.01708797002432576 1.0
bypass nozzle out 83.33217072343318 7.792092922342048 509.17829451324104 4.094342665887542 423.65846444691005 0.02617910031994959 1.0
1.8514885884864998
HP power balance:  -4194.631185120145 = 4194.693330242028  +  0.0  HP extraction
LP power balance:  -2171.2379580938955 + -646.0746245884727 = -2817.312582682368 2817.2789090666593
 
done od
did not converge
CASE #  0
--- 0.8 35000.0 ----------------------------------------------------
fan Nc = 0.9312809486053278      burner temperature = 2843.7480382435665    ambient Ps = 3.4580323193746834
burner out 12.93869602767361 127.6306432698666 2843.7480382435665 0.0 0.0 0.12059381260960556 0.0
HPT 0.9224787829666775
LPT  0.9318621475850768
core nozzle out 15.195013658173808 16.27182961760438 1654.0542969498026 8.31105940671839 1417.38088858601 0.01576084051238482 1.0
bypass nozzle out 80.53013572963879 7.479101619166359 500.337928869998 3.9232294550467506 416.255503680477 0.025520581838525073 1.0
1.805871035167901
HP power balance:  -3433.5753633488157 = 3431.0919656024957  +  0.0  HP extraction
LP power balance:  -1786.0077051875835 + -547.622261568358 = -2333.6299667559415 2334.7682987580574
 
converged
CASE #  1
--- 0.9 45000.0 ----------------------------------------------------
fan Nc = 1.0      burner temperature = 3137.796129401343    ambient Ps = 2.138969844078601
burner out 9.93155584694813 102.88675138646859 3137.796129401343 0.0 0.0 0.08809399698839165 0.0
HPT 0.9222808246239612
LPT  0.9412613247445228
core nozzle out 11.657445745443434 13.199927828728736 1834.430724965759 6.754921993450649 1579.6473605373574 0.011492737189742197 1.0
bypass nozzle out 56.73992075291868 5.351656600561106 519.7946707396669 2.8179878234213205 432.5497539078887 0.017642361585847557 1.0
1.862450436598734
HP power balance:  -2957.9472410234566 = 2957.9608553983085  +  0.0  HP extraction
LP power balance:  -1516.4331461322517 + -478.2717988200422 = -1994.704944952294 1994.6934707005894
 
converged
CASE #  2
--- 0.9 45000.0 ----------------------------------------------------
fan Nc = 0.9499999982926411      burner temperature = 2976.5499712452056    ambient Ps = 2.138969844078601
burner out 9.291171275483054 93.74931043113925 2976.5499712452056 0.0 0.0 0.08462734276265062 0.0
HPT 0.9223199495853002
LPT  0.9328583435955784
core nozzle out 10.909209673309311 11.791701124694463 1731.8224137581678 6.118419000518118 1487.2193359983326 0.011056954344377791 1.0
bypass nozzle out 55.46854827861421 5.200781753584613 512.7654954529709 2.735041908588078 426.66251683140945 0.01736455243802309 1.0
1.8239196632160812
HP power balance:  -2632.098655697003 = 2632.1167542945295  +  0.0  HP extraction
LP power balance:  -1314.8838315382973 + -433.9551608523811 = -1748.8389923906784 1748.8744000198008
 
converged
CASE #  3
--- 0.9 45000.0 ----------------------------------------------------
fan Nc = 0.8999999932945676      burner temperature = 2804.2433792304205    ambient Ps = 2.138969844078601
burner out 8.570611839960225 83.96072435645722 2804.2433792304205 0.0 0.0 0.08045006485165312 0.0
HPT 0.9223307328660534
LPT  0.9227582917610249
core nozzle out 10.066523051012165 10.129995961475654 1624.898127339917 5.445386940298454 1391.1497595436606 0.010520455751865321 1.0
bypass nozzle out 53.5471472305646 4.991074021494241 505.21267256885045 2.620759886343807 420.3375914546508 0.016887582226610968 1.0
1.7818589259808884
HP power balance:  -2312.5982042844503 = 2312.5758354136146  +  0.0  HP extraction
LP power balance:  -1098.5052092675799 + -376.60445008743613 = -1475.109659355016 1475.2116944785325
 
converged
CASE #  4
--- 0.9 45000.0 ----------------------------------------------------
fan Nc = 0.8499999986049195      burner temperature = 2589.383153099996    ambient Ps = 2.138969844078601
burner out 7.529195515246099 70.91034339655855 2589.383153099996 0.0 0.0 0.07359143856998032 0.0
HPT 0.9222834972956598
LPT  0.9177553004832851
core nozzle out 8.84687468469324 8.500760632822802 1490.548688965928 4.558204354772833 1271.0499618554595 0.009640807199162212 1.0
bypass nozzle out 50.71952568721664 4.690710012070617 497.31477984762455 2.4640511532746197 413.7301390297049 0.01612195914139348 1.0
1.7223988227653249
HP power balance:  -1869.1608249517901 = 1869.0206627304804  +  0.0  HP extraction
LP power balance:  -870.4349891592108 + -322.76715270742955 = -1193.2021418666404 1193.269611716886
 
converged
CASE #  5
--- 0.9 45000.0 ----------------------------------------------------
fan Nc = 0.7999999273257109      burner temperature = 2362.816913224048    ambient Ps = 2.138969844078601
burner out 6.621935648998063 59.63364819021349 2362.816913224048 0.0 0.0 0.06782892789411954 0.0
HPT 0.9222670558939094
LPT  0.9144072331326233
core nozzle out 7.784149928680291 7.102271910878283 1350.4168633191591 3.7971627551511906 1146.7229330133928 0.00890015003983081 1.0
bypass nozzle out 48.12770673946449 4.398897247618147 488.85309041310205 2.320610156815062 406.66414371811544 0.015429360694206732 1.0
1.6557711020368395
HP power balance:  -1519.7580219993406 = 1519.739069539862  +  0.0  HP extraction
LP power balance:  -658.0266119877829 + -272.2987570436043 = -930.3253690313873 930.3285797568583
 
converged
CASE #  6
--- 0.9 45000.0 ----------------------------------------------------
fan Nc = 0.749999998473955      burner temperature = 2113.405499516835    ambient Ps = 2.138969844078601
burner out 5.784562334357153 49.33533067781081 2113.405499516835 0.0 0.0 0.06274380617555529 0.0
HPT 0.9223260588307164
LPT  0.913156412716808
core nozzle out 6.802964315369289 5.827417454888312 1196.6892334135791 3.104601684718892 1011.6308671471604 0.008251615690700731 1.0
bypass nozzle out 45.630657122060484 4.125100043986472 480.57933036841644 2.184582182566313 399.7549198179762 0.014753592552712939 1.0
1.5741108798740122
HP power balance:  -1214.1782528764354 = 1214.1657062567306  +  0.0  HP extraction
LP power balance:  -471.14320186999316 + -227.56084332996045 = -698.7040451999536 698.7069300382308
 
converged
CASE #  7
--- 0.9 45000.0 ----------------------------------------------------
fan Nc = 0.6999997302042269      burner temperature = 1774.4983325453131    ambient Ps = 2.138969844078601
burner out 4.252705937605967 33.27943238854553 1774.4983325453131 0.0 0.0 0.05041650207395317 0.0
HPT 0.9186872378675291
LPT  0.9146400250305493
core nozzle out 5.00427066027579 3.895908330456669 994.7743962554088 2.13897 844.144527134863 0.006813274255781801 0.9712892226072891
bypass nozzle out 43.494596185981614 3.898437210226368 471.2591367811793 2.13897 396.17269723380684 0.014593295947627063 0.9679856324555788
1.4551868982889955
HP power balance:  -709.8351501136107 = 709.8430944530153  +  0.0  HP extraction
LP power balance:  -283.5965321159821 + -183.81192862378174 = -467.4084607397638 467.417559205284
 
converged
converged
CASE #  8
--- 0.85 45000.0 ----------------------------------------------------
fan Nc = 0.9999999990609681      burner temperature = 3087.968967473508    ambient Ps = 2.1389699259745134
burner out 9.480230298843715 97.42442311644004 3087.968967473508 0.0 0.0 0.08476517923361263 0.0
HPT 0.9222861205334766
LPT  0.9404620454167764
core nozzle out 11.128676231174378 12.380990794405479 1799.8881195705233 6.380809054349413 1548.5645328107184 0.011071905524347838 1.0
bypass nozzle out 54.22245259849205 5.079808111917327 511.7436986352269 2.6707964836613636 425.80681984383466 0.016990938307577894 1.0
1.859913049707745
HP power balance:  -2773.7807407956984 = 2773.780538166955  +  0.0  HP extraction
LP power balance:  -1423.0023493672857 + -461.9141688017253 = -1884.916518169011 1884.915436305965
 
converged
CASE #  9
--- 0.85 45000.0 ----------------------------------------------------
fan Nc = 0.9499983333712576      burner temperature = 2956.678674549099    ambient Ps = 2.1389699259745134
burner out 8.910929666669023 89.61915348739292 2956.678674549099 0.0 0.0 0.08144027142514504 0.0
HPT 0.9223215311816227
LPT  0.9307484214427317
core nozzle out 10.463072451207307 11.128537828108287 1718.9513553217191 5.843273571450667 1475.653210327027 0.01064326262982083 1.0
bypass nozzle out 52.949834533611224 4.934910595347675 504.9782553229125 2.590929463003295 420.14128203666473 0.016702989726335153 1.0
1.831287497680333
HP power balance:  -2524.56124335755 = 2524.6546692667907  +  0.0  HP extraction
LP power balance:  -1236.554624623616 + -408.7213252182344 = -1645.2759498418504 1645.3338405253219
 
converged
CASE #  10
--- 0.85 45000.0 ----------------------------------------------------
fan Nc = 0.9000000000074586      burner temperature = 2790.0233748907103    ambient Ps = 2.1389699259745134
burner out 8.223451811508196 80.3478953111876 2790.0233748907103 0.0 0.0 0.07738304289175595 0.0
HPT 0.9223668089120869
LPT  0.9215188385835232
core nozzle out 9.658910520759507 9.686915175859419 1616.3683982183004 5.209555245430642 1383.5156951382405 0.01012139477450027 1.0
bypass nozzle out 51.12752724307936 4.733306356028233 497.9578987881318 2.485326344999982 414.2671922472696 0.01624114221778001 1.0
1.7901756335517702
HP power balance:  -2212.908431855821 = 2212.903440981627  +  0.0  HP extraction
LP power balance:  -1041.9103130367253 + -355.3443618177289 = -1397.2546748544542 1397.2295528822715
 
converged
CASE #  11
--- 0.85 45000.0 ----------------------------------------------------
fan Nc = 0.8499999999966382      burner temperature = 2556.978262243393    ambient Ps = 2.1389699259745134
burner out 7.125269865038433 66.67849984699033 2556.978262243393 0.0 0.0 0.07007578988358376 0.0
HPT 0.9222949397189258
LPT  0.9169611769920827
core nozzle out 8.372586514371406 7.983552399392405 1469.971937699301 4.282132851912694 1252.817018585993 0.009186068690523594 1.0
bypass nozzle out 48.560502128549125 4.445181073088336 489.97012858247047 2.343735369931807 407.5969136552406 0.015550329915821847 1.0
1.7235508209462438
HP power balance:  -1731.6715384147883 = 1731.6726415936223  +  0.0  HP extraction
LP power balance:  -823.2705560054524 + -303.69521500180406 = -1126.9657710072565 1126.9604201609932
 
converged
CASE #  12
--- 0.85 45000.0 ----------------------------------------------------
fan Nc = 0.8000003617419035      burner temperature = 2333.387317919449    ambient Ps = 2.1389699259745134
burner out 6.370840196995368 57.012076961790086 2333.387317919449 0.0 0.0 0.06566660042335305 0.0
HPT 0.9223162547345943
LPT  0.9144522157197745
core nozzle out 7.489310257596716 6.781107136637876 1331.6919208720499 3.6241681448201013 1130.2309509073386 0.008621698445493035 1.0
bypass nozzle out 45.97303688970118 4.1601318862039305 481.304107877775 2.202632782221148 400.3607511104519 0.0148531715661852 1.0
1.657308685253607
HP power balance:  -1453.6483386046962 = 1453.638810533297  +  0.0  HP extraction
LP power balance:  -617.3258938789202 + -254.93657053382998 = -872.2624644127502 872.2666429657893
 
converged
CASE #  13
--- 0.85 45000.0 ----------------------------------------------------
fan Nc = 0.7499999899160609      burner temperature = 2082.054811828343    ambient Ps = 2.1389699259745134
burner out 5.518577270219591 46.71619185131175 2082.054811828343 0.0 0.0 0.06030930895936243 0.0
HPT 0.9223340445431567
LPT  0.9129588184951919
core nozzle out 6.490403684208868 5.507983866123989 1177.3521394540824 2.9366369134266552 994.8085299193682 0.007935785802175603 1.0
bypass nozzle out 43.60677224721908 3.914994128965839 473.296123235446 2.13897 397.3340041339996 0.014545398865779463 0.9722501262063774
1.6110226404086843
HP power balance:  -1138.4052020608322 = 1138.3947871163818  +  0.0  HP extraction
LP power balance:  -443.50854607875556 + -213.7915544641465 = -657.3001005429021 657.306563412274
 
converged
CASE #  14
--- 0.85 45000.0 ----------------------------------------------------
fan Nc = 0.7000000288510815      burner temperature = 1758.3039987852376    ambient Ps = 2.1389699259745134
burner out 4.093076897299777 31.882753871308793 1758.3039987852376 0.0 0.0 0.04874124481609987 0.0
HPT 0.9189814376026795
LPT  0.914136889629736
core nozzle out 4.816487049137414 3.738843887208923 984.3598822677903 2.13897 844.5827585229753 0.0068095793814246745 0.9351662616637796
bypass nozzle out 41.49160813184148 3.7101403996878677 464.47205308462895 2.13897 396.143533906719 0.014594498763406634 0.9233403376287961
1.4692565252974907
HP power balance:  -676.4338242172157 = 676.4242020454473  +  0.0  HP extraction
LP power balance:  -272.38094477153004 + -173.36027053674647 = -445.74121530827654 445.7225652340932
 
converged
converged
CASE #  15
--- 0.8 45000.0 ----------------------------------------------------
fan Nc = 1.0000000973651137      burner temperature = 3067.4981519650223    ambient Ps = 2.1389786166433766
burner out 9.07912364524731 93.0010798987837 3067.4981519650223 0.0 0.0 0.08145822753964208 0.0
HPT 0.9222892808086475
LPT  0.9386146635491042
core nozzle out 10.658156367772019 11.698586655835262 1787.460107338421 6.086369657965513 1537.3850921962692 0.010639678575971555 1.0
bypass nozzle out 51.752051363864716 4.820109436158652 504.23703390455523 2.5305775016503147 419.5205864442335 0.016337474217600276 1.0
1.867421891881619
HP power balance:  -2651.048992761635 = 2651.074961923259  +  0.0  HP extraction
LP power balance:  -1337.3327590686908 + -435.9650569861357 = -1773.2978160548266 1773.2929793685034
 
converged
CASE #  16
--- 0.8 45000.0 ----------------------------------------------------
fan Nc = 0.9499989688847256      burner temperature = 2933.1267514734404    ambient Ps = 2.1389786166433766
burner out 8.522813804317154 85.37382449619415 2933.1267514734404 0.0 0.0 0.07820849797427705 0.0
HPT 0.9223368163535488
LPT  0.9282748037409523
core nozzle out 10.007694759930951 10.420739510460331 1704.7328845958039 5.563114928986271 1462.878703419953 0.010220810848568209 1.0
bypass nozzle out 50.56099097816024 4.6779183142655505 497.59445696463285 2.4569658314009253 413.96369225827095 0.01606699489090024 1.0
1.837397060822852
HP power balance:  -2402.220467595729 = 2402.1894411725684  +  0.0  HP extraction
LP power balance:  -1162.7425773737527 + -384.1743302056926 = -1546.9169075794453 1546.9514108837861
 
converged
CASE #  17
--- 0.8 45000.0 ----------------------------------------------------
fan Nc = 0.8999999995119508      burner temperature = 2744.6746749897907    ambient Ps = 2.1389786166433766
burner out 7.810908895958989 75.68787493103771 2744.6746749897907 0.0 0.0 0.07409890925358185 0.0
HPT 0.9223806164618122
LPT  0.9216437363697854
core nozzle out 9.174998255590967 9.112865407064016 1587.2218089219796 4.8986864403795485 1357.460467766946 0.009698986600480183 1.0
bypass nozzle out 48.90143145033286 4.47933972797331 490.45245778289706 2.361199046179591 407.99967812849906 0.015651936235762564 1.0
1.7879483633118831
HP power balance:  -2061.1119995093977 = 2061.124501355998  +  0.0  HP extraction
LP power balance:  -975.7963625470989 + -333.2072508484316 = -1309.0036133955305 1308.9964710075412
 
converged
CASE #  18
--- 0.8 45000.0 ----------------------------------------------------
fan Nc = 0.85      burner temperature = 2514.5960711190905    ambient Ps = 2.1389786166433766
burner out 6.823725277228683 63.32715906530224 2514.5960711190905 0.0 0.0 0.06767861835667756 0.0
HPT 0.9223063610861439
LPT  0.9175753036635071
core nozzle out 8.018801527126117 7.576754561860873 1443.414863328192 4.058266231511435 1229.187259229044 0.008876136461119476 1.0
bypass nozzle out 46.408555407814376 4.204645840581581 482.3771199266157 2.225480351686622 401.2565673342833 0.014977342294547356 1.0
1.721637159203088
HP power balance:  -1637.1229240783287 = 1637.1236922222959  +  0.0  HP extraction
LP power balance:  -766.9585711659428 + -284.6783409131482 = -1051.636912079091 1051.675138283542
 
converged
CASE #  19
--- 0.8 45000.0 ----------------------------------------------------
fan Nc = 0.8000000388431463      burner temperature = 2289.8010312824813    ambient Ps = 2.1389786166433766
burner out 6.114281499739391 54.209393654520916 2289.8010312824813 0.0 0.0 0.063626147841176 0.0
HPT 0.9223464021891291
LPT  0.9154433655595983
core nozzle out 7.188215333792364 6.439103799435202 1304.2026577059928 3.439707134356031 1106.01863254557 0.00835988879027033 1.0
bypass nozzle out 43.879986971686435 3.9411052958968518 473.7951061225352 2.13897 397.01525786986457 0.014558545275138916 0.9778579330958882
1.684659165068166
HP power balance:  -1377.6196931580791 = 1377.574846275954  +  0.0  HP extraction
LP power balance:  -572.2673816102824 + -239.29150901488936 = -811.5588906251718 811.5956618078425
 
converged
CASE #  20
--- 0.8 45000.0 ----------------------------------------------------
fan Nc = 0.7499999654830075      burner temperature = 2039.661261219016    ambient Ps = 2.1389786166433766
burner out 5.2525640194955665 44.0065316094081 2039.661261219016 0.0 0.0 0.057990592722914396 0.0
HPT 0.922324344509935
LPT  0.9137661524998743
core nozzle out 6.177915191123371 5.186786580571312 1151.109251946418 2.7599309233798306 971.9049309886663 0.007637160887816487 1.0
bypass nozzle out 41.64188577929535 3.7267711771202423 466.17699996379787 2.13897 397.01632944700856 0.014558501078881955 0.9279743182521097
1.6699300528535101
HP power balance:  -1058.1026753915205 = 1058.1240193309434  +  0.0  HP extraction
LP power balance:  -413.31390214346857 + -201.58007703570786 = -614.8939791791764 614.8881594678024
 
converged
CASE #  21
--- 0.8 45000.0 ----------------------------------------------------
fan Nc = 0.6999996963535575      burner temperature = 1746.2615863925641    ambient Ps = 2.1389786166433766
burner out 3.957214739163276 30.715974304286995 1746.2615863925641 0.0 0.0 0.04727895376479759 0.0
HPT 0.9192869862420505
LPT  0.9138060148870021
core nozzle out 4.656655774731365 3.614860780789376 976.5283875765838 2.13897 845.525776602388 0.00680161457015734 0.9046676620048116
bypass nozzle out 39.50858078972866 3.5409966146322525 457.99077129304084 2.13897 396.0533558915473 0.014598218076340031 0.8790948214074282
1.4938706243769042
HP power balance:  -651.6039514699677 = 651.5865706274865  +  0.0  HP extraction
LP power balance:  -259.98700908371063 + -165.49035248977847 = -425.47736157348913 425.49505182740455
 
converged
converged
CASE #  22
--- 0.75 45000.0 ----------------------------------------------------
fan Nc = 0.999999877320507      burner temperature = 3048.2830283182266    ambient Ps = 2.138968841842509
burner out 8.71198335008274 88.96939419105885 3048.2830283182266 0.0 0.0 0.07841476153223062 0.0
HPT 0.9222920463359655
LPT  0.9365573891613803
core nozzle out 10.227471170708903 11.044364251423442 1774.8178094311916 5.816843820162043 1526.019304464854 0.010244964652086101 1.0
bypass nozzle out 49.547773576646335 4.58269002930917 497.23290474350785 2.407044800383245 413.661804543554 0.015751440969804166 1.0
1.874055758179777
HP power balance:  -2543.164378689909 = 2543.1579564330436  +  0.0  HP extraction
LP power balance:  -1262.5235094219413 + -410.1270863417406 = -1672.6505957636818 1672.7049671807215
 
converged
CASE #  23
--- 0.75 45000.0 ----------------------------------------------------
fan Nc = 0.9499996990972898      burner temperature = 2905.9344385288696    ambient Ps = 2.138968841842509
burner out 8.158231540827265 81.34456488587318 2905.9344385288696 0.0 0.0 0.07521278899100102 0.0
HPT 0.9223468937932093
LPT  0.9268336349944187
core nozzle out 9.579995189819138 9.829262935378564 1687.7001871445982 5.296363925731241 1447.6248011181303 0.00983170105068989 1.0
bypass nozzle out 48.45899454309214 4.4388324294508 490.4476760896038 2.339815598121812 407.9956870881712 0.015510329503367828 1.0
1.8417506891881368
HP power balance:  -2284.392737666646 = 2284.2890559271405  +  0.0  HP extraction
LP power balance:  -1093.821288674256 + -361.80951889179664 = -1455.6308075660527 1455.5661307742967
 
converged
CASE #  24
--- 0.75 45000.0 ----------------------------------------------------
fan Nc = 0.900001117910788      burner temperature = 2691.8503387367327    ambient Ps = 2.138968841842509
burner out 7.445622838332075 71.4547233349871 2691.8503387367327 0.0 0.0 0.07132964260504643 0.0
HPT 0.9223731850378524
LPT  0.9222768305585852
core nozzle out 8.74666576988835 8.59022898990863 1552.4025618499447 4.611477334821948 1326.3239088911935 0.00934653553517289 1.0
bypass nozzle out 46.890526318017024 4.254194780033369 483.41292369578457 2.250529839329641 402.12147068206116 0.015116731671926965 1.0
1.7815903953781052
HP power balance:  -1920.760019228024 = 1920.8380255586935  +  0.0  HP extraction
LP power balance:  -917.3339558790361 + -313.82642711052495 = -1231.1603829895612 1231.109400743283
 
converged
CASE #  25
--- 0.75 45000.0 ----------------------------------------------------
fan Nc = 0.8499997446066906      burner temperature = 2477.0478348795846    ambient Ps = 2.138968841842509
burner out 6.600391955981277 60.806895712840806 2477.0478348795846 0.0 0.0 0.06597231541670007 0.0
HPT 0.922337941868513
LPT  0.9183304930965264
core nozzle out 7.756870330838938 7.260036878329194 1418.4027433848812 3.8889286510717387 1207.0313434426378 0.008660209217444896 1.0
bypass nozzle out 44.40450820376985 3.993228359292006 475.28315413400543 2.13897 396.7691478985894 0.014568695864475569 0.9891562327887531
1.7354659813226332
HP power balance:  -1578.8441508402457 = 1578.7539842802603  +  0.0  HP extraction
LP power balance:  -717.6204847618092 + -267.40033907431194 = -985.020823836121 985.1089261671553
 
converged
CASE #  26
--- 0.75 45000.0 ----------------------------------------------------
fan Nc = 0.7999983488727486      burner temperature = 2247.087234290564    ambient Ps = 2.138968841842509
burner out 5.880635407310167 51.65228725676001 2247.087234290564 0.0 0.0 0.06177477275791959 0.0
HPT 0.9223753569571823
LPT  0.9163707353137104
core nozzle out 6.91401240960701 6.120603114033838 1275.732139604101 3.267691158463388 1081.0096904831403 0.008128069072369966 1.0
bypass nozzle out 41.971779470456895 3.756209339910687 466.963489288894 2.13897 396.7915931744618 0.01456777012881054 0.9350029287295318
1.743458579356265
HP power balance:  -1307.480408742511 = 1307.4637060036837  +  0.0  HP extraction
LP power balance:  -535.814447875441 + -226.02528754652587 = -761.8397354219669 761.8503627825689
 
converged
CASE #  27
--- 0.75 45000.0 ----------------------------------------------------
fan Nc = 0.7500000023567656      burner temperature = 2007.8506018461442    ambient Ps = 2.138968841842509
burner out 5.027315214962684 41.79363897326715 2007.8506018461442 0.0 0.0 0.05594635169362233 0.0
HPT 0.9223256025160985
LPT  0.9137331212526049
core nozzle out 5.913244081421443 4.911639794915308 1129.8124449405173 2.6167709148533214 953.4444024644706 0.007377723739716042 1.0
bypass nozzle out 39.843835310683424 3.569764529907785 459.8105575817666 2.13897 396.6206886256331 0.01457481893663388 0.8873498735661164
1.7313296836158543
HP power balance:  -994.9294595093509 = 994.9294163552518  +  0.0  HP extraction
LP power balance:  -391.41627715137787 + -192.44791869940136 = -583.8641958507792 583.8642931227618
 
converged
CASE #  28
--- 0.75 45000.0 ----------------------------------------------------
fan Nc = 0.7000000873030826      burner temperature = 1758.5863321445333    ambient Ps = 2.138968841842509
burner out 3.8962291914982115 30.34280656743004 1758.5863321445333 0.0 0.0 0.04637953707937002 0.0
HPT 0.9200781920925092
LPT  0.9115176986987706
core nozzle out 4.584732988403033 3.579095258939796 983.6688357540118 2.13897 854.1801170710297 0.006732341316319331 0.8955055514299887
bypass nozzle out 37.641487816978696 3.395982433555752 452.64931156869534 2.13897 396.32791957746423 0.014586893938565118 0.8379140976911132
1.5584832561387614
HP power balance:  -647.9644500461972 = 647.9546347296914  +  0.0  HP extraction
LP power balance:  -259.39095505797883 + -159.12283370174444 = -418.5137887597233 418.5290198084227
 
converged
converged
CASE #  29
--- 0.7 45000.0 ----------------------------------------------------
fan Nc = 0.9999994079445191      burner temperature = 3025.3930331238826    ambient Ps = 2.1389701355880413
burner out 8.361705652815944 85.07202159329147 3025.3930331238826 0.0 0.0 0.07555216813652067 0.0
HPT 0.9223052724800987
LPT  0.9343377632434415
core nozzle out 9.816599671903498 10.38913668107703 1760.8331361626128 5.558735232087628 1513.4409257440566 0.00987122146526066 1.0
bypass nozzle out 47.612622449061945 4.3626218271606145 490.4716796111139 2.2991302035199803 408.0157252984207 0.01523994044770762 1.0
1.879695597989165
HP power balance:  -2429.4458908829797 = 2429.4556417351705  +  0.0  HP extraction
LP power balance:  -1192.6763871119172 + -386.8791181225137 = -1579.555505234431 1579.5699145806466
 
converged
CASE #  30
--- 0.7 45000.0 ----------------------------------------------------
fan Nc = 0.9499999940558855      burner temperature = 2868.6781338086353    ambient Ps = 2.1389701355880413
burner out 7.817527670435135 77.43621823745784 2868.6781338086353 0.0 0.0 0.07253275673328306 0.0
HPT 0.9223672143307893
LPT  0.9267954908192199
core nozzle out 9.180452632090626 9.349384528624814 1663.6571744686617 5.033145013113612 1426.035699748653 0.009486993800204653 1.0
bypass nozzle out 46.581423006064455 4.228859853391316 483.8786650947519 2.236588667369961 402.5103714247527 0.015010044487865354 1.0
1.8413219881134812
HP power balance:  -2157.846667132195 = 2157.913731189484  +  0.0  HP extraction
LP power balance:  -1034.8200983233014 + -342.2870872135934 = -1377.1071855368948 1377.0896681969666
 
converged
CASE #  31
--- 0.7 45000.0 ----------------------------------------------------
fan Nc = 0.8999999999997126      burner temperature = 2647.234663596773    ambient Ps = 2.1389701355880413
burner out 7.097235497646114 67.54011571699934 2647.234663596773 0.0 0.0 0.06855706370138083 0.0
HPT 0.9223729299241461
LPT  0.9223076159586634
core nozzle out 8.33796499257618 8.100891534615098 1523.1515445945547 4.351063818258534 1300.3093064340696 0.00899212865190133 1.0
bypass nozzle out 45.09910493278891 4.063063729876476 477.0194906119001 2.1488851580440733 396.7764096808128 0.014635927905306947 1.0
1.7770341879263856
HP power balance:  -1787.9663236157592 = 1787.9227838585462  +  0.0  HP extraction
LP power balance:  -868.8024366620353 + -298.2845285042374 = -1167.0869651662729 1167.121262636394
 
converged
CASE #  32
--- 0.7 45000.0 ----------------------------------------------------
fan Nc = 0.849999987607536      burner temperature = 2448.31388263944    ambient Ps = 2.1389701355880413
burner out 6.391685252121892 58.539701890865146 2448.31388263944 0.0 0.0 0.06425279587948461 0.0
HPT 0.9223728481211109
LPT  0.9186462062185403
core nozzle out 7.5119473814123126 6.986145078853807 1400.1980629303064 3.7385028377038507 1190.8691665395393 0.008438850390166713 1.0
bypass nozzle out 42.58690800563048 3.8128835854807464 468.84700024657934 2.13897 396.6615072824929 0.014573135407027536 0.9485005797162841
1.7987246180081975
HP power balance:  -1522.6969331552082 = 1522.5712767047064  +  0.0  HP extraction
LP power balance:  -676.9735069222352 + -252.7194475870312 = -929.6929545092664 929.6862118359858
 
converged
CASE #  33
--- 0.7 45000.0 ----------------------------------------------------
fan Nc = 0.7999999974873945      burner temperature = 2220.257633400741    ambient Ps = 2.1389701355880413
burner out 5.6838935053425494 49.62382097797732 2220.257633400741 0.0 0.0 0.06007196571626907 0.0
HPT 0.9224062781138161
LPT  0.9164507533641412
core nozzle out 6.6829615330080845 5.8758409575976405 1258.510112361388 3.135228152068631 1065.8933786232103 0.007908898819312303 1.0
bypass nozzle out 40.227800829549636 3.6012691084870507 460.85609215817885 2.13897 396.49156333518255 0.014580144595686002 0.8957186573720343
1.8085154697155719
HP power balance:  -1252.4027440803243 = 1252.4034791206602  +  0.0  HP extraction
LP power balance:  -507.86488591414025 + -215.72807347543176 = -723.592959389572 723.5946492216688
 
converged
CASE #  34
--- 0.7 45000.0 ----------------------------------------------------
fan Nc = 0.7499998069328647      burner temperature = 1994.3230606735212    ambient Ps = 2.1389701355880413
burner out 4.861027866740353 40.27005690951081 1994.3230606735212 0.0 0.0 0.05427170383638961 0.0
HPT 0.9223478304817055
LPT  0.9127984773241012
core nozzle out 5.717721360352977 4.728664746037487 1120.2871275317618 2.5185255433072222 945.1832437338946 0.007163418336003759 1.0
bypass nozzle out 38.16856273579933 3.436058501890831 454.3092611272947 2.13897 396.38503831038156 0.014584538126656036 0.8497258402386877
1.8010020723599642
HP power balance:  -954.1147478401659 = 954.0826277247045  +  0.0  HP extraction
LP power balance:  -378.47292071666016 + -184.88180923026138 = -563.3547299469216 563.3594582032592
 
converged
CASE #  35
--- 0.7 45000.0 ----------------------------------------------------
fan Nc = 0.7000002560961497      burner temperature = 1784.686979463491    ambient Ps = 2.1389701355880413
burner out 3.8760183865361117 30.401905107968254 1784.686979463491 0.0 0.0 0.04579239150519772 0.0
HPT 0.9211001750521285
LPT  0.9082068767062357
core nozzle out 4.560676754345858 3.593538087530199 999.6888857051777 2.13897 867.7831997406606 0.006630058696385805 0.8977424369657108
bypass nozzle out 35.93019160079947 3.269207176749423 448.1794812358785 2.13897 396.73789977499854 0.01456998466585354 0.80033467790537
1.6473158212940928
HP power balance:  -655.1639573388252 = 655.1494353061897  +  0.0  HP extraction
LP power balance:  -265.68879796237064 + -153.21989287986258 = -418.9086908422332 418.930575685037
 
converged
converged
CASE #  36
--- 0.6 40000.0 ----------------------------------------------------
fan Nc = 0.9999999994462181      burner temperature = 2889.101479933033    ambient Ps = 2.72001743920006
burner out 9.801925309456141 97.41520142563724 2889.101479933033 0.0 0.0 0.09059893617082708 0.0
HPT 0.9223552441892766
LPT  0.9405849701896409
core nozzle out 11.510098493636129 12.284511348467479 1668.0902784375141 6.320834589835343 1430.1502521147663 0.011879638341875408 1.0
bypass nozzle out 56.455506794221506 5.093378952032004 478.6247968763409 2.72003 399.1080804496833 0.0184036690978006 0.992640472479236
1.865129576277656
HP power balance:  -2679.7476516174906 = 2679.757742409495  +  0.0  HP extraction
LP power balance:  -1375.008538522796 + -446.34779188270403 = -1821.3563304055 1821.3494812674312
 
converged
CASE #  37
--- 0.6 40000.0 ----------------------------------------------------
fan Nc = 0.9499991345648271      burner temperature = 2768.8858223482216    ambient Ps = 2.72001743920006
burner out 9.21994160024334 89.71967977918321 2768.8858223482216 0.0 0.0 0.08707073250131417 0.0
HPT 0.9223823117707854
LPT  0.9307569180946743
core nozzle out 10.829190713963788 11.0595064288555 1595.4934254816058 5.79900561758287 1364.9835592263723 0.011419384356408997 1.0
bypass nozzle out 55.15612408738013 4.949110057184029 472.30513591501506 2.72003 397.20584253266213 0.0185034381583562 0.9668526601745326
1.8786292753034848
HP power balance:  -2444.411943134593 = 2444.4238057703174  +  0.0  HP extraction
LP power balance:  -1195.0315147565486 + -395.68056936464274 = -1590.7120841211913 1590.6987858925675
 
converged
CASE #  38
--- 0.6 40000.0 ----------------------------------------------------
fan Nc = 0.8999998307455042      burner temperature = 2597.379194935341    ambient Ps = 2.72001743920006
burner out 8.510971914262282 80.22863286910771 2597.379194935341 0.0 0.0 0.08300101229784233 0.0
HPT 0.9224106353012431
LPT  0.922396586746131
core nozzle out 9.999677594227073 9.609434879069713 1490.4366783527428 5.153159345437272 1271.1296929219534 0.0108983681671352 1.0
bypass nozzle out 53.22204893158493 4.759991749482207 465.5614354719572 2.72003 396.0687591861439 0.018563076196395727 0.931274614745868
1.8897960382667534
HP power balance:  -2129.8618140929248 = 2129.8666065670745  +  0.0  HP extraction
LP power balance:  -1001.8936162884993 + -343.7930801518982 = -1345.6866964403976 1345.6869473995466
 
converged
CASE #  39
--- 0.6 40000.0 ----------------------------------------------------
fan Nc = 0.8499999991525082      burner temperature = 2372.8272093410633    ambient Ps = 2.72001743920006
burner out 7.402359085429354 66.73184815441743 2372.8272093410633 0.0 0.0 0.07558311589929546 0.0
HPT 0.9223228424236286
LPT  0.9182619288568813
core nozzle out 8.70065432395882 7.94079808570808 1351.1573478835317 4.246702710004272 1147.5838914395213 0.009945921383519463 1.0
bypass nozzle out 50.30706642655535 4.50864981492557 458.1645743439521 2.72003 396.06188535167365 0.018563436717023235 0.8802606691809834
1.9062018641594083
HP power balance:  -1667.489722909987 = 1667.4856564990855  +  0.0  HP extraction
LP power balance:  -788.5712785601812 + -297.7299988522387 = -1086.30127741242 1086.304782846942
 
converged
CASE #  40
--- 0.6 40000.0 ----------------------------------------------------
fan Nc = 0.8000003725435594      burner temperature = 2190.6414818584617    ambient Ps = 2.72001743920006
burner out 6.711775806265619 58.18815243862955 2190.6414818584617 0.0 0.0 0.07138908780410284 0.0
HPT 0.9223784175348526
LPT  0.9140495771412463
core nozzle out 7.891680017895498 6.883020312236446 1240.1841201979835 3.6746992197002863 1049.9024251796027 0.009406605157747822 1.0
bypass nozzle out 47.396189778503434 4.284165356952002 451.19332538868815 2.72003 396.0548298872619 0.018563806763824346 0.82931778153857
1.940420847062333
HP power balance:  -1433.2046079506504 = 1433.2187686471846  +  0.0  HP extraction
LP power balance:  -609.2335750046159 + -255.69109402478009 = -864.924669029396 864.918168621816
 
converged
CASE #  41
--- 0.6 40000.0 ----------------------------------------------------
fan Nc = 0.7499991391857015      burner temperature = 1999.0430211271366    ambient Ps = 2.72001743920006
burner out 6.012226590732385 49.843074522414334 1999.0430211271366 0.0 0.0 0.06701082039805316 0.0
HPT 0.9224894586048344
LPT  0.9100393475510233
core nozzle out 7.071618516836227 5.855494937894576 1123.2203358502911 3.119640689813583 947.7673413129046 0.008847792974189254 1.0
bypass nozzle out 44.61035259547405 4.074660628544673 445.2122789363319 2.72003 396.2958379988397 0.01855116630877756 0.7808640204272795
1.9625534528039041
HP power balance:  -1194.1717882793084 = 1194.1489217733517  +  0.0  HP extraction
LP power balance:  -465.70911857927115 + -216.89610048695212 = -682.6052190662233 682.6444544161018
 
converged
CASE #  42
--- 0.6 40000.0 ----------------------------------------------------
fan Nc = 0.7000000012079853      burner temperature = 1794.8168550602018    ambient Ps = 2.72001743920006
burner out 5.04365173922095 39.65979192280797 1794.8168550602018 0.0 0.0 0.05939393852146898 0.0
HPT 0.921710075738617
LPT  0.9061482442599691
core nozzle out 5.93441637120381 4.669366022766592 1003.8693535622571 2.72003 866.300973307293 0.008445280062874615 0.9177873719389796
bypass nozzle out 41.753220075471525 3.878106173073617 439.3888319127684 2.72003 396.4895564714769 0.018541006112802946 0.7310791187230173
1.8426246828421802
HP power balance:  -888.1912877188962 = 888.2555670068473  +  0.0  HP extraction
LP power balance:  -336.4710537040351 + -181.07281732675216 = -517.5438710307873 517.5399877265202
 
converged
converged
CASE #  43
--- 0.7 40000.0 ----------------------------------------------------
fan Nc = 1.0000000048548723      burner temperature = 2954.925511652768    ambient Ps = 2.720030378544732
burner out 10.571979998945691 106.24625184209867 2954.925511652768 0.0 0.0 0.09660600619513458 0.0
HPT 0.9223739000678566
LPT  0.9420559172030262
core nozzle out 12.412919648435418 13.594642083426173 1714.795625201208 6.923591550449983 1472.05807218606 0.012641691575418832 1.0
bypass nozzle out 60.613941304720804 5.5536749707878075 490.5760896219599 2.9270401650887417 408.1029188850032 0.019398256607565344 1.0
1.855640383469712
HP power balance:  -2954.3274810173016 = 2954.3255382024263  +  0.0  HP extraction
LP power balance:  -1519.3744982688445 + -474.62925957749883 = -1994.0037578463434 1994.007540039847
 
converged
CASE #  44
--- 0.7 40000.0 ----------------------------------------------------
fan Nc = 0.9499999999999998      burner temperature = 2796.307158376871    ambient Ps = 2.720030378544732
burner out 9.830252848500045 96.1032668901102 2796.307158376871 0.0 0.0 0.0923455140718418 0.0
HPT 0.9224003688898454
LPT  0.9339820668751603
core nozzle out 11.5455235936058 12.071753552406587 1613.1972692243316 6.220813932436064 1380.8365843961287 0.012109721972409306 1.0
bypass nozzle out 59.34779338205559 5.388784339402634 483.9939345149491 2.8497873332173618 402.60662209521684 0.01912118875328608 1.0
1.8138860322318127
HP power balance:  -2602.2526532571014 = 2602.306522650343  +  0.0  HP extraction
LP power balance:  -1318.5774400876278 + -428.66888810211555 = -1747.2463281897433 1747.2811217404358
 
converged
CASE #  45
--- 0.7 40000.0 ----------------------------------------------------
fan Nc = 0.8999999970700274      burner temperature = 2649.803795802916    ambient Ps = 2.720030378544732
burner out 9.088021235035466 86.53155749485157 2649.803795802916 0.0 0.0 0.08774787891007198 0.0
HPT 0.9223809802283498
LPT  0.9238321807768566
core nozzle out 10.676806519961836 10.489291008135611 1523.4022963619848 5.571889339142511 1300.526221906928 0.011513302133883477 1.0
bypass nozzle out 57.29886329656264 5.162308581260897 476.93645572357303 2.729880049468961 396.706935594995 0.018596706248296076 1.0
1.7773270561940586
HP power balance:  -2312.2476456468403 = 2312.245893912273  +  0.0  HP extraction
LP power balance:  -1103.258009945617 + -377.941341566209 = -1481.199351511826 1481.2169046688064
 
converged
CASE #  46
--- 0.7 40000.0 ----------------------------------------------------
fan Nc = 0.8499998581077448      burner temperature = 2433.8732250801463    ambient Ps = 2.720030378544732
burner out 8.003923543356018 73.08147488734707 2433.8732250801463 0.0 0.0 0.08069632455369304 0.0
HPT 0.922325242943314
LPT  0.9185857191192571
core nozzle out 9.406923190873963 8.713185612221087 1390.204632910486 4.662263290014626 1182.0569339481567 0.010604069960997447 1.0
bypass nozzle out 54.252872928605065 4.8583193368902675 469.0066938595431 2.72003 396.591098963704 0.018535680386212533 0.9500954990664517
1.7895968341600736
HP power balance:  -1868.6317731429583 = 1868.5814204910773  +  0.0  HP extraction
LP power balance:  -863.6870043532434 + -323.7632795243364 = -1187.4502838775797 1187.5453707732363
 
converged
CASE #  47
--- 0.7 40000.0 ----------------------------------------------------
fan Nc = 0.7999998474530301      burner temperature = 2208.299740027262    ambient Ps = 2.720030378544732
burner out 7.0081738977372146 61.01501264186126 2208.299740027262 0.0 0.0 0.07425770263939567 0.0
HPT 0.9222782211383543
LPT  0.9156179073299815
core nozzle out 8.240035088688966 7.226255176576549 1251.6621358801237 3.854835540563725 1059.9042878208027 0.009777898214223842 1.0
bypass nozzle out 51.36074967963963 4.597200380347702 461.1888576038429 2.72003 396.35686687534564 0.018547965450661296 0.8991196700558388
1.7971656528831321
HP power balance:  -1493.8291848184015 = 1493.8339994107307  +  0.0  HP extraction
LP power balance:  -651.9733253176747 + -275.655719898941 = -927.6290452166157 927.6266345832784
 
converged
CASE #  48
--- 0.7 40000.0 ----------------------------------------------------
fan Nc = 0.7499999922938894      burner temperature = 1997.7586493092613    ambient Ps = 2.720030378544732
burner out 6.2416123595077195 51.75168926321748 1997.7586493092613 0.0 0.0 0.06962288742329324 0.0
HPT 0.9223863638743114
LPT  0.9129533382902196
core nozzle out 7.341593567578858 6.079199879561809 1123.226361993176 3.2388701704057885 947.7358058216435 0.009186295449637397 1.0
bypass nozzle out 48.490130760486885 4.3664022761576335 454.2290925804117 2.72003 396.409773499349 0.018545190590520642 0.8489287172926943
1.8049707825980112
HP power balance:  -1234.2082494554509 = 1234.2506286090822  +  0.0  HP extraction
LP power balance:  -479.972664255613 + -235.15111103345274 = -715.1237752890657 715.1303334792889
 
converged
CASE #  49
--- 0.7 40000.0 ----------------------------------------------------
fan Nc = 0.699999997515579      burner temperature = 1768.2914777267083    ambient Ps = 2.720030378544732
burner out 5.14441225364726 40.164659090957265 1768.2914777267083 0.0 0.0 0.06105972179040762 0.0
HPT 0.9203800590773441
LPT  0.9107101289984681
core nozzle out 6.053413015697157 4.711481948257595 987.7134297098432 2.72003 849.5903120088893 0.008605550159561241 0.9273477654203627
bypass nozzle out 45.48623600119872 4.141950482044673 447.6522594889186 2.72003 396.68465655930777 0.018530773453521457 0.796690450392312
1.692207937465313
HP power balance:  -892.5203070973505 = 892.5100504590347  +  0.0  HP extraction
LP power balance:  -329.0407809365094 + -196.01077860313762 = -525.0515595396471 525.0647036323412
 
converged
converged
CASE #  50
--- 0.75 40000.0 ----------------------------------------------------
fan Nc = 0.9999999541916151      burner temperature = 2989.0081066340736    ambient Ps = 2.7200304280478464
burner out 11.022154566266252 111.39683894004749 2989.0081066340736 0.0 0.0 0.10013525199314552 0.0
HPT 0.9224057864074866
LPT  0.9423658019960091
core nozzle out 12.940676909450282 14.311177675737836 1739.8757770329703 7.2791986848198755 1494.6083099976247 0.013088086016367044 1.0
bypass nozzle out 63.07644706480794 5.8345745750203495 497.3546067298521 3.064614368359674 413.7633977062563 0.020049835823447913 1.0
1.855966555357701
HP power balance:  -3104.1627869689123 = 3104.103563381426  +  0.0  HP extraction
LP power balance:  -1608.8543516678849 + -493.1973376849782 = -2102.051689352863 2102.0660263113964
 
converged
CASE #  51
--- 0.75 40000.0 ----------------------------------------------------
fan Nc = 0.9500000000747011      burner temperature = 2820.6490484924584    ambient Ps = 2.7200304280478464
burner out 10.258832567459347 100.73356969130099 2820.6490484924584 0.0 0.0 0.09596394053756972 0.0
HPT 0.9223956669442994
LPT  0.9355522733409011
core nozzle out 12.048468519341444 12.757236324089797 1627.7666434117223 6.526042476052395 1393.8990479440006 0.012582633698570924 1.0
bypass nozzle out 61.73224494226905 5.656595106934541 490.6160494077059 2.981149580250355 408.13628321894834 0.01975536208590726 1.0
1.8095391250140587
HP power balance:  -2748.297017978169 = 2748.2965027566756  +  0.0  HP extraction
LP power balance:  -1394.9184007952322 + -443.66274758118465 = -1838.5811483764169 1838.5828579721083
 
converged
CASE #  52
--- 0.75 40000.0 ----------------------------------------------------
fan Nc = 0.8999999996697292      burner temperature = 2673.522686850195    ambient Ps = 2.7200304280478464
burner out 9.442287984475707 90.31060821720892 2673.522686850195 0.0 0.0 0.09077476596625839 0.0
HPT 0.9223597626378855
LPT  0.9259022556699412
core nozzle out 11.092607777573383 11.123725818678578 1538.0744565149591 5.818479324286035 1313.5697092857067 0.011906570148992967 1.0
bypass nozzle out 59.66252603931474 5.413612725246374 483.46727390566485 2.863639052140497 402.16685291371266 0.019233016183634637 1.0
1.7735200425510649
HP power balance:  -2417.3072257913927 = 2417.3111689893462  +  0.0  HP extraction
LP power balance:  -1167.9350600287228 + -396.3182599711202 = -1564.253319999843 1564.2264648556754
 
converged
CASE #  53
--- 0.75 40000.0 ----------------------------------------------------
fan Nc = 0.8499999906388296      burner temperature = 2476.236599453066    ambient Ps = 2.7200304280478464
burner out 8.355588867409999 76.9540780720085 2476.236599453066 0.0 0.0 0.08351859287489 0.0
HPT 0.9223317339155886
LPT  0.9181462821247368
core nozzle out 9.819591213661141 9.187144655563657 1417.7250179103798 4.921358502500011 1206.4390786935028 0.010964535583381159 1.0
bypass nozzle out 56.504110777066714 5.082501658589423 475.35847493748827 2.72003 396.750476584199 0.018527321308029882 0.9897717431510077
1.734014669534574
HP power balance:  -1990.3153545701887 = 1990.1793171159286  +  0.0  HP extraction
LP power balance:  -914.1533602018566 + -340.8696980710875 = -1255.0230582729441 1255.0793266470205
 
converged
CASE #  54
--- 0.75 40000.0 ----------------------------------------------------
fan Nc = 0.8000000020586557      burner temperature = 2236.540845308672    ambient Ps = 2.7200304280478464
burner out 7.198542887700859 63.0680001500966 2236.540845308672 0.0 0.0 0.07578874823565886 0.0
HPT 0.9222264115029226
LPT  0.9150729141251659
core nozzle out 8.463476857095316 7.474686049473326 1269.7519177059764 3.989610834095247 1075.7917730952984 0.009972209671407455 1.0
bypass nozzle out 53.63779653366533 4.800447073274617 467.40331777127227 2.72003 396.60918401081176 0.018534731857038602 0.9393559454646558
1.7317698733465652
HP power balance:  -1539.2678839679302 = 1539.3331034319153  +  0.0  HP extraction
LP power balance:  -689.9166858650525 + -290.2033426319239 = -980.1200284969764 980.080088049874
 
converged
CASE #  55
--- 0.75 40000.0 ----------------------------------------------------
fan Nc = 0.7499998536914173      burner temperature = 2012.342375680225    ambient Ps = 2.7200304280478464
burner out 6.405276874676097 53.30503845812648 2012.342375680225 0.0 0.0 0.07119887396422248 0.0
HPT 0.9223359663199487
LPT  0.9135303139940795
core nozzle out 7.533975606111279 6.2683033648304916 1133.1538916058626 3.338776457399011 956.339672879817 0.009385988189658159 1.0
bypass nozzle out 50.665385350231425 4.539932686540936 459.8217315334386 2.72003 396.63301965101647 0.01853348171928786 0.8873284870283822
1.7338572161199255
HP power balance:  -1271.4346638646302 = 1271.450751161387  +  0.0  HP extraction
LP power balance:  -498.06544713659747 + -244.79334591089955 = -742.858793047497 742.8488307268557
 
converged
CASE #  56
--- 0.75 40000.0 ----------------------------------------------------
fan Nc = 0.7000000567682274      burner temperature = 1747.7896146970725    ambient Ps = 2.7200304280478464
burner out 5.174556204787789 40.17593955018169 1747.7896146970725 0.0 0.0 0.06178459982243523 0.0
HPT 0.9195331999870472
LPT  0.9138169213322934
core nozzle out 6.089186934352833 4.711127049904756 975.7491497595512 2.72003 839.2835500748491 0.00871641878126777 0.9264412198798528
bypass nozzle out 47.66156971927258 4.303910337072287 452.1577872432578 2.72003 396.31985033218666 0.018549906903779723 0.8343086595366151
1.6056389250281766
HP power balance:  -886.0470825232841 = 886.074538534004  +  0.0  HP extraction
LP power balance:  -321.2661878609559 + -204.0220961576106 = -525.2882840185665 525.2884579267215
 
converged
converged
CASE #  57
--- 0.8 40000.0 ----------------------------------------------------
fan Nc = 0.9999999650441366      burner temperature = 3017.1283827616244    ambient Ps = 2.7200424836601247
burner out 11.495917207690196 116.69884224921834 3017.1283827616244 0.0 0.0 0.10392373798969412 0.0
HPT 0.9224403102905111
LPT  0.9427901165596151
core nozzle out 13.496235405799696 15.011539641819704 1760.2530459710624 7.640317613970137 1512.9058509061701 0.013572439813583435 1.0
bypass nozzle out 65.86510712155616 6.135261253781167 504.3095658679697 3.2208207807338187 419.581325310424 0.020790768887781766 1.0
1.8535393482619267
HP power balance:  -3255.4446074448856 = 3255.456096027488  +  0.0  HP extraction
LP power balance:  -1702.6490712373607 + -515.217577315869 = -2217.8666485532294 2217.944960490443
 
converged
CASE #  58
--- 0.8 40000.0 ----------------------------------------------------
fan Nc = 0.9500000113284089      burner temperature = 2865.8353511585174    ambient Ps = 2.7200424836601247
burner out 10.730302093792968 106.20134207719741 2865.8353511585174 0.0 0.0 0.09957495031708818 0.0
HPT 0.9224089264004637
LPT  0.9358827016221755
core nozzle out 12.601141797873385 13.570926488992884 1661.1904511428845 6.903337971304724 1423.8160406786005 0.013032424260852053 1.0
bypass nozzle out 64.37834066601046 5.95851855522766 497.7878975118343 3.128969739447919 414.12523290951 0.020453892855096176 1.0
1.814236253263646
HP power balance:  -2910.2643652964402 = 2910.242968674965  +  0.0  HP extraction
LP power balance:  -1482.989335421207 + -461.9939568943687 = -1944.9832923155757 1945.019715875051
 
converged
CASE #  59
--- 0.8 40000.0 ----------------------------------------------------
fan Nc = 0.9000000124548739      burner temperature = 2708.848718651006    ambient Ps = 2.7200424836601247
burner out 9.775956789997073 94.09031391213908 2708.848718651006 0.0 0.0 0.09333597295803454 0.0
HPT 0.922387570866352
LPT  0.9269764044957907
core nozzle out 11.483872923879472 11.74169870354799 1561.0422792415197 6.073806054681036 1334.0755534632183 0.01223824295873788 1.0
bypass nozzle out 62.32816700130059 5.71155515966208 490.64966115059076 3.0100171168535095 408.1643569437365 0.019945393008765935 1.0
1.7732332892299334
HP power balance:  -2520.252190478317 = 2520.2588187803212  +  0.0  HP extraction
LP power balance:  -1245.2056221077435 + -411.41407324398665 = -1656.6196953517301 1656.5894832626425
 
converged
CASE #  60
--- 0.8 40000.0 ----------------------------------------------------
fan Nc = 0.849999944658629      burner temperature = 2517.8202709595316    ambient Ps = 2.7200424836601247
burner out 8.756263611303801 81.32417440636866 2517.8202709595316 0.0 0.0 0.08680184275941359 0.0
HPT 0.9223296359816289
LPT  0.9179234755883339
core nozzle out 10.289818123133735 9.726993728514259 1444.203598373993 5.209617805020909 1229.8746812272104 0.011387930653273277 1.0
bypass nozzle out 58.96377339382323 5.342001504925804 482.288945888962 2.8273261585603384 401.1829410581873 0.019030848505310848 1.0
1.7222631823108834
HP power balance:  -2125.2648759044746 = 2125.2487995329393  +  0.0  HP extraction
LP power balance:  -973.8052573608761 + -360.7473448596265 = -1334.5526022205026 1334.561687575153
 
converged
CASE #  61
--- 0.8 40000.0 ----------------------------------------------------
fan Nc = 0.7999999793126166      burner temperature = 2274.4009422190206    ambient Ps = 2.7200424836601247
burner out 7.435623347158541 65.69041179241228 2274.4009422190206 0.0 0.0 0.07762694843482101 0.0
HPT 0.922190591526557
LPT  0.9141497574186634
core nozzle out 8.741672588952843 7.795872067343553 1293.5793053709583 4.164778368385928 1096.7318769902613 0.01020703627153216 1.0
bypass nozzle out 56.10825654195598 5.042096401099888 474.3063158288747 2.72003 396.7808028013445 0.018525730750840512 0.982884133419217
1.6698352064113176
HP power balance:  -1602.5604802098972 = 1602.5605628138123  +  0.0  HP extraction
LP power balance:  -737.9428337086847 + -307.45481476132096 = -1045.3976484700056 1045.403117756831
 
converged
CASE #  62
--- 0.8 40000.0 ----------------------------------------------------
fan Nc = 0.7500000402672398      burner temperature = 2043.1182263935818    ambient Ps = 2.7200424836601247
burner out 6.6179483194587245 55.49222221375229 2043.1182263935818 0.0 0.0 0.07300027669949685 0.0
HPT 0.9222922509168426
LPT  0.9131544500818268
core nozzle out 7.78376396725532 6.54130370816767 1153.1097094018048 3.4808762332394956 973.6591184460281 0.009614842016329336 1.0
bypass nozzle out 53.022856333857746 4.745889532211061 466.304390387413 2.72003 396.97884918067155 0.018515343563709454 0.929124299332717
1.6693632894685602
HP power balance:  -1327.000108953895 = 1326.9963560229774  +  0.0  HP extraction
LP power balance:  -528.1764192204929 + -256.56995239010115 = -784.746371610594 784.7530449944943
 
converged
CASE #  63
--- 0.8 40000.0 ----------------------------------------------------
fan Nc = 0.699999998676077      burner temperature = 1731.1920285417498    ambient Ps = 2.7200424836601247
burner out 5.2582953226967355 40.638465460176945 1731.1920285417498 0.0 0.0 0.06310567934835479 0.0
HPT 0.9186626724086102
LPT  0.9167247909525044
core nozzle out 6.187991651835615 4.760903461960319 966.6029386702336 2.72003 828.9979174443172 0.008827053462791673 0.9351781831304898
bypass nozzle out 50.03018948799984 4.485936722909679 457.3216894673143 2.72003 395.94046080797415 0.018569805222531873 0.8752489265311644
1.5365690027889987
HP power balance:  -890.9873242187919 = 891.0036009315118  +  0.0  HP extraction
LP power balance:  -318.2453882462655 + -212.39264836482343 = -530.638036611089 530.6237744471305
 
converged
converged
CASE #  64
--- 0.85 40000.0 ----------------------------------------------------
fan Nc = 1.0000000039656343      burner temperature = 3057.955134159196    ambient Ps = 2.720029971387579
burner out 11.993739688548882 122.567684130136 3057.955134159196 0.0 0.0 0.1076881412747991 0.0
HPT 0.9224520271849783
LPT  0.9424231428474213
core nozzle out 14.079639889466389 15.74979578418449 1788.516232076014 8.04369513252691 1538.3402894391538 0.014052425408883478 1.0
bypass nozzle out 69.01898507439795 6.467797166245346 511.8821167079478 3.4001785880844504 425.92303980062627 0.021625158117045695 1.0
1.8539701956392627
HP power balance:  -3427.2611316571647 = 3427.182077212382  +  0.0  HP extraction
LP power balance:  -1813.4136626434624 + -541.8877341039422 = -2355.3013967474044 2355.3617576012916
 
converged
CASE #  65
--- 0.85 40000.0 ----------------------------------------------------
fan Nc = 0.9499999967493854      burner temperature = 2906.483105473577    ambient Ps = 2.720029971387579
burner out 11.2093985136024 111.71319158792636 2906.483105473577 0.0 0.0 0.10327316262847804 0.0
HPT 0.922422867247222
LPT  0.9360401342253077
core nozzle out 13.16281100148806 14.334068297422249 1690.297160972923 7.284181482148677 1449.9613950457888 0.013499168033752023 1.0
bypass nozzle out 67.43159062852126 6.285738631117363 505.1671885703483 3.3001727907446368 420.29993056532624 0.02126742884293315 1.0
1.8161658143729187
HP power balance:  -3071.8711438957025 = 3071.834635242961  +  0.0  HP extraction
LP power balance:  -1576.8902528403592 + -482.87576947354825 = -2059.7660223139073 2059.790104513532
 
constraints False
True
did not converge
CASE #  66
--- 0.85 40000.0 ----------------------------------------------------
fan Nc = 0.987109073814137      burner temperature = 4591.521481655543    ambient Ps = 2.720029971387579
burner out 12.694194470974505 18.076034212749512 4591.521481655543 0.0 0.0 0.0101632852280794 0.0
HPT 0.9172917554238099
LPT  0.8867798920602953
core nozzle out 14.852297418713679 2.8931780504029447 3197.966644724593 2.72003 3158.0446476798793 0.002312730517700731 0.31272692270659286
bypass nozzle out 68.57971213513633 6.451332221888391 510.6310839792376 3.3907943633527697 424.8750746958612 0.02161876628071769 1.0
0.812804897611106
HP power balance:  -2709.434163265919 = 5339.7279927720465  +  0.0  HP extraction
LP power balance:  -1779.142679129513 + -4545.083576269553 = -6324.226255399066 2888.8408287110424
 
converged
did not converge
CASE #  67
--- 0.9 40000.0 ----------------------------------------------------
fan Nc = 1.0      burner temperature = 3090.5684685839874    ambient Ps = 2.7200271722441056
burner out 12.525000604360446 124.80123090769733 3090.5684685839874 0.0 0.0 0.10849215051827195 0.0
HPT 0.9219729625794485
LPT  0.942561362229521
core nozzle out 14.702256481271672 16.001921564652967 1809.6303207233448 8.188626425929048 1557.3854407726403 0.01412961918549653 1.0
bypass nozzle out 72.26904528089227 6.81791771821237 520.0087022751192 3.5900989280524684 432.72842242481306 0.022466638901574073 1.0
1.8498829170623898
HP power balance:  -3558.6829506762056 = 3608.2212172778495  +  0.0  HP extraction
LP power balance:  -1934.6613838149915 + -571.9526632337473 = -2506.614047048739 2499.405010782183
 
did not converge
converged
CASE #  68
--- 0.9 36089.0 ----------------------------------------------------
fan Nc = 0.9999999997993094      burner temperature = 3110.397379425592    ambient Ps = 3.282843590458466
burner out 15.166643910239621 156.301171366938 3110.397379425592 0.0 0.0 0.1350095750087088 0.0
HPT 0.9224703050041003
LPT  0.9379146930357155
core nozzle out 17.80300704598669 19.211765590954705 1817.8112582115732 10.262789791002184 1564.7038630575516 0.017627236857256524 1.0
bypass nozzle out 87.11320801304657 8.2198454412387 520.27467239969 4.328666845431164 432.95206482527965 0.02707403726331304 1.0
1.8534474746669638
HP power balance:  -4456.310773628657 = 4455.956394139582  +  0.0  HP extraction
LP power balance:  -2331.377216165789 + -694.7065923899648 = -3026.083808555754 3025.883110980047
 
converged
CASE #  69
--- 0.9 36089.0 ----------------------------------------------------
fan Nc = 0.9499999999750531      burner temperature = 2971.093339419646    ambient Ps = 3.282843590458466
burner out 14.072395153322057 141.74315098969092 2971.093339419646 0.0 0.0 0.12818653605700914 0.0
HPT 0.922491364286948
LPT  0.9328159671400459
core nozzle out 16.522868937075362 17.8279315125476 1732.8431149315174 9.269686623255811 1488.1647741302756 0.016740940282193112 1.0
bypass nozzle out 85.23244545618356 7.996754421806278 513.4126233943268 4.205371728455867 427.2045081901654 0.026665370592357844 1.0
1.8232754036270422
HP power balance:  -3947.0905251992576 = 3947.0900749844673  +  0.0  HP extraction
LP power balance:  -2026.4852021724446 + -611.9998395458541 = -2638.485041718299 2638.677040996299
 
converged
CASE #  70
--- 0.9 36089.0 ----------------------------------------------------
fan Nc = 0.8999999978429125      burner temperature = 2776.1375301283606    ambient Ps = 3.282843590458466
burner out 12.743915848291817 124.12658426637599 2776.1375301283606 0.0 0.0 0.12014816056409171 0.0
HPT 0.9224207887239405
LPT  0.9291047982872438
core nozzle out 14.968447477263293 15.840126958017759 1612.3144077794902 8.061501711282073 1379.9052752730047 0.015703686111600845 1.0
bypass nozzle out 82.50823352550685 7.694965320850329 505.92695423014555 4.040979950130667 420.93573506839317 0.02600290840859339 1.0
1.7738904486519804
HP power balance:  -3309.8701004999266 = 3309.867367061535  +  0.0  HP extraction
LP power balance:  -1695.9464097268271 + -531.293998366494 = -2227.240408093321 2227.2556045947463
 
converged
CASE #  71
--- 0.9 36089.0 ----------------------------------------------------
fan Nc = 0.8500001264614504      burner temperature = 2562.9652121734553    ambient Ps = 3.282843590458466
burner out 11.23423271631028 105.2086579415121 2562.9652121734553 0.0 0.0 0.11031375260533864 0.0
HPT 0.9223438969401887
LPT  0.9248742619224809
core nozzle out 13.200706774108493 13.31347168902862 1472.522785616772 6.757891390026005 1255.089076925438 0.014471675184018174 1.0
bypass nozzle out 78.03083620458837 7.224103250637051 497.93126452689944 3.7930407348046415 414.2449510209677 0.024788076048920818 1.0
1.711215113783196
HP power balance:  -2730.001427218308 = 2729.991741249304  +  0.0  HP extraction
LP power balance:  -1341.9171408679524 + -453.03038956792176 = -1794.9475304358741 1794.8448964606393
 
converged
CASE #  72
--- 0.9 36089.0 ----------------------------------------------------
fan Nc = 0.8000000485671058      burner temperature = 2343.926838915457    ambient Ps = 3.282843590458466
burner out 9.826743790609445 88.09091446599683 2343.926838915457 0.0 0.0 0.1010012908313676 0.0
HPT 0.9222885908288943
LPT  0.9165320942405081
core nozzle out 11.551619715481962 10.633970226030206 1335.9196222379028 5.600271692141233 1133.9877597462696 0.013277995391069256 1.0
bypass nozzle out 74.11732429193138 6.7817344709448735 489.5712117194176 3.5760361175212894 407.2637991983567 0.023744324325223026 1.0
1.6458491600483194
HP power balance:  -2211.4492204894113 = 2211.414013261783  +  0.0  HP extraction
LP power balance:  -1019.3716091609342 + -384.48792193873567 = -1403.8595310996698 1403.9094516244168
 
converged
CASE #  73
--- 0.9 36089.0 ----------------------------------------------------
fan Nc = 0.7500000182474891      burner temperature = 2116.6966458294287    ambient Ps = 3.282843590458466
burner out 8.352179303332946 71.23689582171419 2116.6966458294287 0.0 0.0 0.09045779237466119 0.0
HPT 0.9221953716153133
LPT  0.911070944092395
core nozzle out 9.822257435723834 8.420035420835397 1198.104289319633 4.485630400458819 1012.9195912076719 0.011907350140418075 1.0
bypass nozzle out 70.51907245423587 6.384313071279076 481.7331067970124 3.379848325003144 400.7188101705835 0.022773424036491866 1.0
1.5731113011175195
HP power balance:  -1695.3228944379593 = 1695.2992446783023  +  0.0  HP extraction
LP power balance:  -744.1302047777929 + -326.58438545939936 = -1070.7145902371922 1070.7311460374724
 
converged
CASE #  74
--- 0.9 36089.0 ----------------------------------------------------
fan Nc = 0.7000000021222643      burner temperature = 1751.506903507678    ambient Ps = 3.282843590458466
burner out 6.757198534247205 52.53162319046475 1751.506903507678 0.0 0.0 0.0806137921132824 0.0
HPT 0.9183907380326725
LPT  0.9189039276342031
core nozzle out 7.951845890079438 6.13624273677207 979.2371466252376 3.2828416999999996 824.8792254457713 0.0107069264483936 0.9931379762593012
bypass nozzle out 66.49014528001206 5.959342024033318 470.8409256681237 3.2828416999999996 396.29721275607267 0.022389571305215378 0.9643277586121057
1.4768166502629012
HP power balance:  -1161.5807017227476 = 1161.564100575145  +  0.0  HP extraction
LP power balance:  -416.3783346055533 + -273.5631154314999 = -689.9414500370532 689.9376899708949
 
converged
converged
CASE #  75
--- 0.85 36089.0 ----------------------------------------------------
fan Nc = 1.0000000263631244      burner temperature = 3071.1246633204896    ambient Ps = 3.282841312931896
burner out 14.515872096999635 148.6309330921312 3071.1246633204896 0.0 0.0 0.13003102949735057 0.0
HPT 0.9224936658163189
LPT  0.9394650929289651
core nozzle out 17.040254160914625 18.534637854837882 1791.6219125378138 9.74346913664984 1541.1358990081537 0.016990448751869853 1.0
bypass nozzle out 83.22944420540144 7.8012726601880695 512.2211738693815 4.10158528029073 426.2068572172294 0.026068650909777575 1.0
1.854913959741592
HP power balance:  -4231.3914712148735 = 4231.5001604451  +  0.0  HP extraction
LP power balance:  -2188.4146000299384 + -647.8080063722631 = -2836.2226064022016 2836.1115972122966
 
converged
CASE #  76
--- 0.85 36089.0 ----------------------------------------------------
fan Nc = 0.949999999768162      burner temperature = 2921.743465351485    ambient Ps = 3.282841312931896
burner out 13.402149736461114 133.86611229917125 2921.743465351485 0.0 0.0 0.123110091498113 0.0
HPT 0.9224949701687583
LPT  0.9338248020494305
core nozzle out 15.737083740224778 16.989816094207445 1702.4137717854119 8.742140398321531 1460.8186348346119 0.016083706468502327 1.0
bypass nozzle out 81.4591165578665 7.596106861436897 505.6967794015927 3.9887210919643463 420.74298119061655 0.025678163511504266 1.0
1.8214494622589523
HP power balance:  -3667.587164115956 = 3667.576644761363  +  0.0  HP extraction
LP power balance:  -1908.2785545804577 + -576.5063444079707 = -2484.7848989884283 2484.8010053504318
 
converged
CASE #  77
--- 0.85 36089.0 ----------------------------------------------------
fan Nc = 0.8999999849673266      burner temperature = 2751.265510229948    ambient Ps = 3.282841312931896
burner out 12.249445863300448 118.77023546448832 2751.265510229948 0.0 0.0 0.11599512090718815 0.0
HPT 0.9224428083024521
LPT  0.9288342640819983
core nozzle out 14.38819996515797 15.187035721868806 1595.341121243677 7.703509549307868 1364.7247759857175 0.015172667477454275 1.0
bypass nozzle out 78.77287915953073 7.299909620825037 498.66598967103994 3.831679802930092 414.85851164197703 0.02500532985700756 1.0
1.7775864106113413
HP power balance:  -3165.447739148364 = 3165.435689833154  +  0.0  HP extraction
LP power balance:  -1608.8742496046862 + -500.71101549669464 = -2109.5852651013806 2109.6382581352946
 
converged
CASE #  78
--- 0.85 36089.0 ----------------------------------------------------
fan Nc = 0.8499999998935296      burner temperature = 2529.319144614317    ambient Ps = 3.282841312931896
burner out 10.731346716798734 99.83640635158484 2529.319144614317 0.0 0.0 0.1060766467722685 0.0
HPT 0.9223620859210403
LPT  0.9239627999770679
core nozzle out 12.610453022748628 12.530912575906525 1448.2720381323752 6.394472030917097 1233.5175657708842 0.013936168418069605 1.0
bypass nozzle out 74.64981781405805 6.839829310017653 490.53100081179986 3.604692284112208 408.0654160600313 0.02389126090945488 1.0
1.7101168549997718
HP power balance:  -2579.714481969325 = 2579.7277937379154  +  0.0  HP extraction
LP power balance:  -1268.6917788743683 + -427.74821117529734 = -1696.4399900496655 1696.4213140558068
 
converged
CASE #  79
--- 0.85 36089.0 ----------------------------------------------------
fan Nc = 0.7999999727816672      burner temperature = 2316.391365418316    ambient Ps = 3.282841312931896
burner out 9.458746546596963 84.29566390140346 2316.391365418316 0.0 0.0 0.09780444655932563 0.0
HPT 0.9223042828502518
LPT  0.9146190323258363
core nozzle out 11.119456990613337 10.019308898792488 1319.4944297877494 5.353629997136507 1119.5240130727304 0.012857791386378409 1.0
bypass nozzle out 70.81685824905476 6.4144267404064665 482.0613896409294 3.39505967386802 400.9929268063941 0.022861961016167963 1.0
1.6485748486693725
HP power balance:  -2108.5180171910565 = 2108.5103510195972  +  0.0  HP extraction
LP power balance:  -957.9771419984696 + -365.84877983069146 = -1323.825921829161 1323.8227174969345
 
converged
CASE #  80
--- 0.85 36089.0 ----------------------------------------------------
fan Nc = 0.7499999784119131      burner temperature = 2088.869001249659    ambient Ps = 3.282841312931896
burner out 7.939385414693381 67.2720566363628 2088.869001249659 0.0 0.0 0.08655963834872116 0.0
HPT 0.9221688411287364
LPT  0.9102886123903771
core nozzle out 9.337112235838088 7.935108765131261 1180.4799832405674 4.231581011426476 997.6010630277782 0.011401666358011556 1.0
bypass nozzle out 67.43880564005352 6.061631067549731 474.5194308401092 3.2828416999999996 397.3749704809733 0.022321348677909015 0.9797527887933279
1.6006599689454202
HP power balance:  -1577.8373987827413 = 1577.8105748088772  +  0.0  HP extraction
LP power balance:  -702.8612994679661 + -313.0923240558691 = -1015.9536235238352 1015.9738194222044
 
converged
CASE #  81
--- 0.85 36089.0 ----------------------------------------------------
fan Nc = 0.7000001358628124      burner temperature = 1738.1919068147556    ambient Ps = 3.282841312931896
burner out 6.610187124985972 51.193248406142295 1738.1919068147556 0.0 0.0 0.07917205305174807 0.0
HPT 0.9182569880031761
LPT  0.9181823982343132
core nozzle out 7.778940147357231 5.979898359193125 970.7196088382418 3.2828416999999996 823.4333610788426 0.010725705487473092 0.9706391318345272
bypass nozzle out 63.350592027861715 5.666863858065714 464.00016218394734 3.2828416999999996 396.3109947220131 0.022388698899567818 0.918813963968594
1.5135663227965008
HP power balance:  -1131.1872223116177 = 1131.1310332376777  +  0.0  HP extraction
LP power balance:  -399.1284062501652 + -266.7425457527015 = -665.8709520028667 665.8976096916223
 
converged
converged
CASE #  82
--- 0.8 36089.0 ----------------------------------------------------
fan Nc = 0.9999999583506013      burner temperature = 3028.146461852615    ambient Ps = 3.2828416880400915
burner out 13.813178781942373 140.44570696506563 3028.146461852615 0.0 0.0 0.12461633255370201 0.0
HPT 0.922146177089315
LPT  0.9403308427017926
core nozzle out 16.216376363316797 17.707411420502496 1766.3815055310358 9.198944035518835 1518.4318913465584 0.016282426667214574 1.0
bypass nozzle out 79.52092325177428 7.409991812656943 504.74266728599645 3.8902387617307057 419.94400077620367 0.025090779418243496 1.0
1.8558424046933066
HP power balance:  -3936.8425461792076 = 3936.814776112247  +  0.0  HP extraction
LP power balance:  -2057.484482172304 + -612.8079891416983 = -2670.2924713140023 2670.2653053929293
 
converged
CASE #  83
--- 0.8 36089.0 ----------------------------------------------------
fan Nc = 0.9499999964614464      burner temperature = 2878.6222068046604    ambient Ps = 3.2828416880400915
burner out 12.779068666547488 126.69126509661666 2878.6222068046604 0.0 0.0 0.11825899707730206 0.0
HPT 0.9224959610470265
LPT  0.9344429210466251
core nozzle out 15.006461408797033 16.167296325576615 1674.641096906808 8.258538394938656 1435.9212581771521 0.015458407666568462 1.0
bypass nozzle out 77.79340745440662 7.206904393099098 498.4281217131339 3.7832034978955575 414.65986835674863 0.024700246764724487 1.0
1.8201505191439526
HP power balance:  -3431.938660092215 = 3431.949655721303  +  0.0  HP extraction
LP power balance:  -1797.6010675258804 + -544.5359855336866 = -2342.137053059567 2342.1368111142087
 
converged
CASE #  84
--- 0.8 36089.0 ----------------------------------------------------
fan Nc = 0.900000011943973      burner temperature = 2702.3654733406156    ambient Ps = 3.2828416880400915
burner out 11.699612183767671 112.43617264699814 2702.3654733406156 0.0 0.0 0.11179859175318027 0.0
HPT 0.9224341675615981
LPT  0.9295107997458604
core nozzle out 13.743533607048215 14.35372831275998 1561.4660635365076 7.270074571871209 1334.4644124629071 0.014644291822300754 1.0
bypass nozzle out 75.27900504196975 6.902334519082882 491.1067700638712 3.6369113801890514 408.5460610437459 0.024078587145195795 1.0
1.7726411653638396
HP power balance:  -2981.5425874924176 = 2981.5380963323205  +  0.0  HP extraction
LP power balance:  -1505.7827119562148 + -471.31227905337926 = -1977.0949910095942 1977.1018336540099
 
converged
CASE #  85
--- 0.8 36089.0 ----------------------------------------------------
fan Nc = 0.8500000626536931      burner temperature = 2492.719146152548    ambient Ps = 3.2828416880400915
burner out 10.243879890031765 94.61364318084037 2492.719146152548 0.0 0.0 0.10199988856554135 0.0
HPT 0.9223669072720135
LPT  0.922728730746424
core nozzle out 12.038314268107454 11.72704569138762 1425.4704223592132 6.051215777788704 1213.3265286896692 0.013407068859609765 1.0
bypass nozzle out 71.36812658487523 6.471889943770362 482.9701365226131 3.4240604152777854 401.7517402760228 0.023018282526325796 1.0
1.7101615737283755
HP power balance:  -2429.0027624413483 = 2428.9796534286415  +  0.0  HP extraction
LP power balance:  -1182.9243359101442 + -406.19308933059864 = -1589.117425240743 1589.0957374128031
 
converged
CASE #  86
--- 0.8 36089.0 ----------------------------------------------------
fan Nc = 0.7999999965547006      burner temperature = 2269.6947912140013    ambient Ps = 3.2828416880400915
burner out 9.050691583654102 79.86125621132815 2269.6947912140013 0.0 0.0 0.09456816736417387 0.0
HPT 0.9222898427099432
LPT  0.9154739695582588
core nozzle out 10.640567688221507 9.473459673777908 1289.4649567334286 5.060072185502625 1093.1092820604727 0.012443896655736399 1.0
bypass nozzle out 67.62087455164374 6.078146813071007 474.5671466431907 3.2828416999999996 397.1177692825503 0.022337629648202576 0.981997761026586
1.6680451677395827
HP power balance:  -1980.258739168163 = 1980.2630250875043  +  0.0  HP extraction
LP power balance:  -888.8474546695392 + -350.52089291460607 = -1239.3683475841453 1239.3525341925097
 
converged
CASE #  87
--- 0.8 36089.0 ----------------------------------------------------
fan Nc = 0.7500000022900004      burner temperature = 2046.9405236811194    ambient Ps = 3.2828416880400915
burner out 7.644487810820338 64.13543270832302 2046.9405236811194 0.0 0.0 0.08420941297426325 0.0
HPT 0.9221519077773576
LPT  0.9112669222089077
core nozzle out 8.990883801456599 7.562912984075056 1155.4661009915144 4.025372884113035 975.7545956199972 0.011094940234489255 1.0
bypass nozzle out 64.31456999876366 5.758033516632479 467.1895924053117 3.2828416999999996 397.1157334746316 0.022337758515907902 0.9339808077456058
1.6620413024283676
HP power balance:  -1490.0709339628795 = 1490.0707727698198  +  0.0  HP extraction
LP power balance:  -650.6095222700891 + -302.36235655934723 = -952.9718788294363 952.9718397292656
 
converged
CASE #  88
--- 0.8 36089.0 ----------------------------------------------------
fan Nc = 0.699999999734751      burner temperature = 1732.7505516133954    ambient Ps = 3.2828416880400915
burner out 6.407992466624757 49.54317871270112 1732.7505516133954 0.0 0.0 0.0768636936373182 0.0
HPT 0.9186266953190002
LPT  0.9171290877594562
core nozzle out 7.540980303998232 5.799849078120732 967.5889872966725 3.2828416999999996 827.712646592577 0.010670173829807476 0.9435588615947109
bypass nozzle out 60.29933091797903 5.4084706876468 457.5254999232541 3.2828416999999996 396.21774705576263 0.02239460152557997 0.8744299856434737
1.5500899340878918
HP power balance:  -1095.8349285687934 = 1095.9441218480054  +  0.0  HP extraction
LP power balance:  -381.2520546606683 + -256.7793908685074 = -638.0314455291757 638.0709963788003
 
converged
converged
CASE #  89
--- 0.75 36089.0 ----------------------------------------------------
fan Nc = 0.9999999985583505      burner temperature = 2985.0960709510996    ambient Ps = 3.2828383336832223
burner out 13.190727920675469 133.14672229195676 2985.0960709510996 0.0 0.0 0.1198446901167139 0.0
HPT 0.9220494102972708
LPT  0.9410439183761145
core nozzle out 15.486642926855753 16.91788898097935 1739.4442092502686 8.709316205498384 1494.234697175214 0.015663464778407493 1.0
bypass nozzle out 76.19774768288686 7.0540841528193665 497.8931895150223 3.70378549190322 414.2133780663827 0.02420653375552779 1.0
1.8547437938805449
HP power balance:  -3678.847438754504 = 3678.8643671715927  +  0.0  HP extraction
LP power balance:  -1947.2057345462463 + -580.9619879679743 = -2528.1677225142207 2528.1699935779834
 
converged
CASE #  90
--- 0.75 36089.0 ----------------------------------------------------
fan Nc = 0.949999921271301      burner temperature = 2837.164530313638    ambient Ps = 3.2828383336832223
burner out 12.263657822579699 120.71321624033557 2837.164530313638 0.0 0.0 0.11432532752651761 0.0
HPT 0.922490598435314
LPT  0.9352175573310005
core nozzle out 14.40223953459483 15.44834013813722 1647.2403865964145 7.852971956015889 1411.3240727745929 0.01495509543703816 1.0
bypass nozzle out 74.55876332852215 6.837723044961285 491.1846242929813 3.6023661317189206 408.6113082402127 0.023846351354298117 1.0
1.818897533506785
HP power balance:  -3258.7779128293027 = 3258.7179496113263  +  0.0  HP extraction
LP power balance:  -1689.3012402726145 + -512.9227978645484 = -2202.224038137163 2202.32018534599
 
converged
CASE #  91
--- 0.75 36089.0 ----------------------------------------------------
fan Nc = 0.9000000211154316      burner temperature = 2655.055729121797    ambient Ps = 3.2828383336832223
burner out 11.194733268440707 106.64896028466228 2655.055729121797 0.0 0.0 0.10793712740645313 0.0
HPT 0.9224225740903812
LPT  0.9297868236756849
core nozzle out 13.151542495591794 13.542414795576253 1527.939001399933 6.873941239432388 1304.581660513371 0.014161032120877761 1.0
bypass nozzle out 72.1490447043122 6.552017965514174 484.04102462881724 3.464623223632368 402.64594207793016 0.023244503737100325 1.0
1.7668056190951353
HP power balance:  -2812.6490858817815 = 2812.659419388569  +  0.0  HP extraction
LP power balance:  -1415.3831303810362 + -447.9222241489824 = -1863.3053545300186 1863.344514981001
 
converged
CASE #  92
--- 0.75 36089.0 ----------------------------------------------------
fan Nc = 0.85000007973435      burner temperature = 2452.674308064058    ambient Ps = 3.2828383336832223
burner out 9.903550810531058 90.74813227336067 2452.674308064058 0.0 0.0 0.09942803611673669 0.0
HPT 0.9223598425738032
LPT  0.9221381723792073
core nozzle out 11.639168315989341 11.106928352534437 1399.952982536753 5.792325499966896 1190.6851535086466 0.01307695583378149 1.0
bypass nozzle out 68.29773528550933 6.146730545462074 475.90056487889757 3.2828416999999996 396.9636262012629 0.02234738698581525 0.9915869159939631
1.7197440516305025
HP power balance:  -2325.115095807498 = 2325.126557833772  +  0.0  HP extraction
LP power balance:  -1107.8197726050576 + -388.40190422557464 = -1496.221676830632 1496.2138598632507
 
converged
CASE #  93
--- 0.75 36089.0 ----------------------------------------------------
fan Nc = 0.7999999976804857      burner temperature = 2232.559318099945    ambient Ps = 3.2828383336832223
burner out 8.67652714579924 75.94082190300813 2232.559318099945 0.0 0.0 0.09142228639720318 0.0
HPT 0.92226885023167
LPT  0.9157051215424041
core nozzle out 10.201246543392953 8.997593589848137 1266.322726742433 4.801854809000972 1072.7825519187872 0.012036083882597642 1.0
bypass nozzle out 64.7169494559965 5.7938812101386965 467.7753516208905 3.2828416999999996 396.90646876283415 0.02235100508154272 0.9395135384615019
1.7285444423051637
HP power balance:  -1862.0071749302726 = 1861.9960752714042  +  0.0  HP extraction
LP power balance:  -833.6046065878988 + -338.42715197665325 = -1172.031758564552 1172.0697354440647
 
converged
CASE #  94
--- 0.75 36089.0 ----------------------------------------------------
fan Nc = 0.7500000687490113      burner temperature = 2017.376523280799    ambient Ps = 3.2828383336832223
burner out 7.467744504787356 62.21268140080196 2017.376523280799 0.0 0.0 0.08289110853348715 0.0
HPT 0.9221938344807773
LPT  0.9118073329583182
core nozzle out 8.783451712933754 7.320806620240805 1136.3445846132151 3.898279996669073 959.1333936258721 0.010928021894914373 1.0
bypass nozzle out 61.39083492655297 5.500029349126706 460.56199023188066 3.2828416999999996 396.8101723397409 0.022357100695456537 0.8910914988285423
1.7285128566171473
HP power balance:  -1448.0096140279325 = 1448.0226866907788  +  0.0  HP extraction
LP power balance:  -610.4893451240591 + -295.35415578521446 = -905.8435009092736 905.8293325938423
 
converged
CASE #  95
--- 0.75 36089.0 ----------------------------------------------------
fan Nc = 0.7000001124014796      burner temperature = 1749.997165901916    ambient Ps = 3.2828383336832223
burner out 6.313066072750229 49.04310847025079 1749.997165901916 0.0 0.0 0.07532319463651668 0.0
HPT 0.9195034852710027
LPT  0.9141820181280806
core nozzle out 7.428944245430457 5.746951879537668 977.7165933699567 3.2828416999999996 838.5513352280913 0.010529469069119326 0.9359759138834234
bypass nozzle out 57.43306101631111 5.18852316924264 452.3183253089405 3.2828416999999996 396.57582237341796 0.022371935170814327 0.8333362926670267
1.6228522423408125
HP power balance:  -1091.6259510696668 = 1091.5733603847095  +  0.0  HP extraction
LP power balance:  -384.165616256159 + -246.65896358955143 = -630.8245798457104 630.8574350319993
 
converged
did not converge
CASE #  96
--- 0.7 36089.0 ----------------------------------------------------
fan Nc = 1.0      burner temperature = 2965.280155837875    ambient Ps = 3.2828415832031563
burner out 12.639961374120071 130.4521189096918 2965.280155837875 0.0 0.0 0.11820506942485345 0.0
HPT 0.9223071047245551
LPT  0.9405360589660553
core nozzle out 14.840598376907552 16.631375720456646 1726.9949151485475 8.535945883007987 1483.0176237347337 0.015470035371574887 1.0
bypass nozzle out 73.24542599120291 6.716642841278637 491.1744781690254 3.5389261332822612 408.6026005221629 0.02342686383367922 1.0
1.8608742161938008
HP power balance:  -3539.7494313045104 = 3495.239228444719  +  0.0  HP extraction
LP power balance:  -1841.0520240403441 + -551.2194844512062 = -2392.2715084915503 2406.8946192449935
 
did not converge
converged
CASE #  97
--- 0.6 36089.0 ----------------------------------------------------
fan Nc = 1.0000006908084333      burner temperature = 2870.9073814372796    ambient Ps = 3.2828416596520342
burner out 11.801937930572835 116.83935362569133 2870.9073814372796 0.0 0.0 0.10935558084663045 0.0
HPT 0.9224882024747365
LPT  0.9428214388003181
core nozzle out 13.858829204707733 14.962075310125318 1663.5187245953607 7.598133773029814 1426.0369595087757 0.014321642198253992 1.0
bypass nozzle out 68.13069365032315 6.148844862827023 479.0183546310165 3.2828416999999996 399.399074238102 0.022193221852128454 0.9929317319426908
1.8614524473111782
HP power balance:  -3177.2209417225395 = 3177.4950360132384  +  0.0  HP extraction
LP power balance:  -1661.0866373772335 + -502.2661972774608 = -2163.352834654694 2163.3683665436993
 
converged
CASE #  98
--- 0.6 36089.0 ----------------------------------------------------
fan Nc = 0.9500000831096193      burner temperature = 2720.8807664963856    ambient Ps = 3.2828416596520342
burner out 11.019674809612525 106.24298921462868 2720.8807664963856 0.0 0.0 0.10492745951471019 0.0
HPT 0.9224455761063753
LPT  0.9361084857803228
core nozzle out 12.94398327858881 13.501646082448817 1565.7624629947454 6.858476472104796 1338.4418094041096 0.01377331182248856 1.0
bypass nozzle out 66.63438535880101 5.981162906986757 472.7492480188007 3.2828416999999996 397.4142697052567 0.022318861016471042 0.9681263833911307
1.8586646144417258
HP power balance:  -2835.0211953962184 = 2835.0684589017637  +  0.0  HP extraction
LP power balance:  -1444.9628269452203 + -450.60494139492636 = -1895.5677683401466 1895.5261054735195
 
converged
CASE #  99
--- 0.6 36089.0 ----------------------------------------------------
fan Nc = 0.8999999702763314      burner temperature = 2565.2986989079554    ambient Ps = 3.2828416596520342
burner out 10.066931579297163 94.28169088457909 2565.2986989079554 0.0 0.0 0.09876638542320493 0.0
HPT 0.9224192091769693
LPT  0.9273832531499707
core nozzle out 11.828351404165995 11.690537037714138 1467.4443516819592 6.044826049189797 1250.7478739554283 0.01298797264192283 1.0
bypass nozzle out 64.38119866158546 5.759363162017121 466.1184254203051 3.2828416999999996 396.241237622866 0.022393114560404326 0.9336572382258337
1.870421675577486
HP power balance:  -2455.245295742104 = 2455.2533878828267  +  0.0  HP extraction
LP power balance:  -1214.191036919249 + -401.6308716953973 = -1615.8219086146462 1615.8276237288628
 
converged
CASE #  100
--- 0.6 36089.0 ----------------------------------------------------
fan Nc = 0.8499999769586968      burner temperature = 2379.2349477151006    ambient Ps = 3.2828416596520342
burner out 9.064184374903999 81.82981331036224 2379.2349477151006 0.0 0.0 0.09243384288706501 0.0
HPT 0.9223580563986443
LPT  0.9187496802174124
core nozzle out 10.65392585360608 9.736063644155328 1354.8974892071712 5.2083656955029 1150.884782055411 0.012162457274801192 1.0
bypass nozzle out 60.57799673711947 5.431824596717517 458.3716422188124 3.2828416999999996 396.42557280079615 0.02238144604729342 0.8787602602752751
1.911174648454002
HP power balance:  -2076.3153191480064 = 2076.3157198361946  +  0.0  HP extraction
LP power balance:  -949.4513213066549 + -356.4555056361437 = -1305.9068269427985 1305.9022470089728
 
converged
CASE #  101
--- 0.6 36089.0 ----------------------------------------------------
fan Nc = 0.8000001815459289      burner temperature = 2177.6780746827144    ambient Ps = 3.2828416596520342
burner out 7.860035232007736 67.94458186065626 2177.6780746827144 0.0 0.0 0.08385950199593671 0.0
HPT 0.9222751300184463
LPT  0.9135711391389489
core nozzle out 9.241889775068977 8.031052466314387 1231.1589490471629 4.285427713417366 1042.0187639846597 0.011056455633303583 1.0
bypass nozzle out 57.39660607994587 5.185080398422022 451.69591419809143 3.2828416999999996 396.15446245502534 0.022398607473884103 0.8322507990288152
1.9264080177249072
HP power balance:  -1630.4991948925986 = 1630.4754655968945  +  0.0  HP extraction
LP power balance:  -738.7019916693439 + -309.9350312190442 = -1048.6370228883882 1048.6543549595776
 
converged
CASE #  102
--- 0.6 36089.0 ----------------------------------------------------
fan Nc = 0.749999978897635      burner temperature = 1997.6658152141683    ambient Ps = 3.2828416596520342
burner out 7.080168226610409 58.674920116300264 1997.6658152141683 0.0 0.0 0.07894026101022307 0.0
HPT 0.9223764974877021
LPT  0.9091309565258741
core nozzle out 8.327664795050515 6.896009373090349 1123.2358896496512 3.674135376421559 947.7948090772679 0.010420098129035927 1.0
bypass nozzle out 53.96137723421053 4.927947294334742 445.700334863938 3.2828416999999996 396.50621752016457 0.022376341194406187 0.7828756530210023
1.9569996951031812
HP power balance:  -1378.8438331530115 = 1378.83967890236  +  0.0  HP extraction
LP power balance:  -565.0385666126467 + -262.1580028384162 = -827.1965694510629 827.2022797189115
 
converged
CASE #  103
--- 0.6 36089.0 ----------------------------------------------------
fan Nc = 0.7000000001921741      burner temperature = 1799.1351168960384    ambient Ps = 3.2828416596520342
burner out 6.1813849866944865 48.664119346550315 1799.1351168960384 0.0 0.0 0.07269939035451692 0.0
HPT 0.9216363211073462
LPT  0.9063812579690991
core nozzle out 7.273081116641358 5.719001747319173 1006.6230030946119 3.2828416999999996 865.158233158611 0.010205904598231666 0.9313588069013775
bypass nozzle out 50.280412512375385 4.674777356394514 439.6138740869447 3.2828416999999996 396.8246568972533 0.022356183815395243 0.7298417485509285
1.871060876576932
HP power balance:  -1103.38837723213 = 1103.3457872751376  +  0.0  HP extraction
LP power balance:  -404.43054111890535 + -218.948097374018 = -623.3786384929233 623.3774031827936
 
converged
converged
CASE #  104
--- 0.5 30000.0 ----------------------------------------------------
fan Nc = 1.0000000069499886      burner temperature = 2981.511751099294    ambient Ps = 4.364129574620632
burner out 14.449247583389612 145.76709007743833 2981.511751099294 0.0 0.0 0.13136333720580823 0.0
HPT 0.9221612347477215
LPT  0.939367036666092
core nozzle out 16.96447104505097 18.216318765763827 1733.468300705505 9.521645997983478 1488.860668734839 0.017187668807564362 1.0
bypass nozzle out 82.67322370767597 7.665867985169654 495.6100290955588 4.36413 422.04599292666506 0.02800964866954951 0.9289999954732294
1.9747552241552468
HP power balance:  -4074.450862033614 = 4074.340906922574  +  0.0  HP extraction
LP power balance:  -2113.450518986389 + -626.6605251002941 = -2740.1110440866833 2740.154645035268
 
converged
CASE #  105
--- 0.5 30000.0 ----------------------------------------------------
fan Nc = 0.9500000463108852      burner temperature = 2837.3430320813277    ambient Ps = 4.364129574620632
burner out 13.341857869257113 131.31328081866943 2837.3430320813277 0.0 0.0 0.12435649575385338 0.0
HPT 0.9225271984372485
LPT  0.93351151769535
core nozzle out 15.668349617263592 16.67347997523846 1647.1776287904777 8.54387243488597 1411.286863040521 0.016271242464764024 1.0
bypass nozzle out 80.82090491318996 7.460087468841258 489.4812777292586 4.36413 419.8753934602271 0.02815171470340194 0.9059123007308367
1.9808704550340883
HP power balance:  -3535.3821500918752 = 3535.269970914678  +  0.0  HP extraction
LP power balance:  -1848.4999711100788 + -557.0103458994158 = -2405.5103170094944 2405.5511695558835
 
converged
CASE #  106
--- 0.5 30000.0 ----------------------------------------------------
fan Nc = 0.9000000030363504      burner temperature = 2658.150468572963    ambient Ps = 4.364129574620632
burner out 12.23712886553814 116.62435129457907 2658.150468572963 0.0 0.0 0.1178971443691558 0.0
HPT 0.9224553595479063
LPT  0.9290598455714981
core nozzle out 14.375874173845869 14.868336465225045 1533.8385128726552 7.529664437206654 1309.8367726548813 0.015451262322853003 1.0
bypass nozzle out 77.85361450577894 7.17659012019846 482.5526929151679 4.36413 418.3961445467075 0.028248531748404304 0.8711836771948839
1.9935413385519478
HP power balance:  -3057.897125827886 = 3057.8931218514304  +  0.0  HP extraction
LP power balance:  -1552.517848824965 + -481.9724528102949 = -2034.49030163526 2034.4878160688625
 
converged
CASE #  107
--- 0.5 30000.0 ----------------------------------------------------
fan Nc = 0.8500002304242429      burner temperature = 2444.1112069440223    ambient Ps = 4.364129574620632
burner out 10.799595384020252 98.76193434477906 2444.1112069440223 0.0 0.0 0.10859009783567158 0.0
HPT 0.9223787969157491
LPT  0.9236985797277367
core nozzle out 12.692287127030758 12.326591520273139 1393.29363269931 6.299207861254352 1184.8261866370785 0.014293189137762405 1.0
bypass nozzle out 73.39735782278771 6.809288208418814 475.1426856931094 4.36413 418.1705150716382 0.028263299228604558 0.8211064841711218
2.0192034923654054
HP power balance:  -2504.5947824644745 = 2504.7214254858086  +  0.0  HP extraction
LP power balance:  -1235.0061841401623 + -416.97794648389237 = -1651.9841306240546 1651.891942181645
 
converged
CASE #  108
--- 0.5 30000.0 ----------------------------------------------------
fan Nc = 0.800000014369205      burner temperature = 2255.1360026717025    ambient Ps = 4.364129574620632
burner out 9.696930812883705 85.25619994347302 2255.1360026717025 0.0 0.0 0.10160128812903069 0.0
HPT 0.9223487212708111
LPT  0.9137703007442854
core nozzle out 11.400391496903472 10.11214073552657 1279.3924908697381 5.3972919365838745 1084.2964839245203 0.013383886005606204 1.0
bypass nozzle out 68.9793195791537 6.483745174368271 468.1274399302142 4.36413 417.86727984895873 0.028283146015668004 0.7714196854272927
2.0624763861432998
HP power balance:  -2103.1011223891605 = 2103.10159212737  +  0.0  HP extraction
LP power balance:  -963.512645158394 + -359.63608944767185 = -1323.1487346060658 1323.1374354843804
 
converged
CASE #  109
--- 0.5 30000.0 ----------------------------------------------------
fan Nc = 0.7500000009099292      burner temperature = 2072.7332411230213    ambient Ps = 4.364129574620632
burner out 8.516542058727444 71.85481736749867 2072.7332411230213 0.0 0.0 0.09318016076861318 0.0
HPT 0.922305161382854
LPT  0.9075709430924424
core nozzle out 10.015898854137264 8.475656202007322 1170.1843772303375 4.51630940405489 988.6487831353147 0.012283232079389783 1.0
bypass nozzle out 65.06151745410914 6.223827466215404 462.0636003633024 4.36413 417.4302158947732 0.028311751911629497 0.727248767225551
2.0953352293926
HP power balance:  -1693.3872687257494 = 1693.3813644499332  +  0.0  HP extraction
LP power balance:  -746.8191544956095 + -314.27711428613185 = -1061.0962687817414 1061.1028386811884
 
converged
CASE #  110
--- 0.5 30000.0 ----------------------------------------------------
fan Nc = 0.699999777817348      burner temperature = 1870.9899108627928    ambient Ps = 4.364129574620632
burner out 7.497474465560191 60.19243745976125 1870.9899108627928 0.0 0.0 0.08648054509080576 0.0
HPT 0.9223213869486866
LPT  0.9054265166588785
core nozzle out 8.820646133285003 7.168919593039114 1053.288821376198 4.36413 920.7653994228688 0.012748179670340207 0.8775989332132184
bypass nozzle out 60.24190516375713 5.939732080032308 455.4496053641301 4.36413 417.21001580581844 0.028326164037761222 0.6732109795795124
1.9211340949583924
HP power balance:  -1364.729784369682 = 1364.688322242677  +  0.0  HP extraction
LP power balance:  -533.1876866448531 + -274.88368654009645 = -808.0713731849496 807.9950736363696
 
converged
did not converge
CASE #  111
--- 0.6 30000.0 ----------------------------------------------------
fan Nc = 1.0      burner temperature = 3023.368369757688    ambient Ps = 4.364129927268008
burner out 15.380727556826187 156.09918539637857 3023.368369757688 0.0 0.0 0.13872519736459302 0.0
HPT 0.9224878650091602
LPT  0.9383282759118831
core nozzle out 18.056947092609164 19.180827540555185 1760.4852802941668 10.213720140515623 1513.126780464008 0.01814127622011128 1.0
bypass nozzle out 88.26940187522757 8.231226174589906 505.61983486577174 4.36413 421.85772246083104 0.028021970997453 0.9916709686036649
1.864202105423832
HP power balance:  -4389.122495130146 = 4392.344514782707  +  0.0  HP extraction
LP power balance:  -2286.9084457730646 + -688.1594420349279 = -2975.0678878079925 2974.8721304752207
 
converged
converged
CASE #  112
--- 0.7 30000.0 ----------------------------------------------------
fan Nc = 1.0000000000003282      burner temperature = 3075.9338290163696    ambient Ps = 4.3641279984904955
burner out 16.495723855086027 169.10779666016487 3075.9338290163696 0.0 0.0 0.14771460143963014 0.0
HPT 0.9223974371799842
LPT  0.9348971349020904
core nozzle out 19.364489202142238 20.02081005711315 1788.6392251313703 11.062830684909668 1538.461511631716 0.0193253261087931 1.0
bypass nozzle out 95.18348898813389 8.967448687416809 518.4261015257947 4.720525107370332 431.40303401397074 0.029634613901776994 1.0
1.842323646306404
HP power balance:  -4776.2495757188235 = 4776.216203065326  +  0.0  HP extraction
LP power balance:  -2542.2391793930396 + -783.3708694299115 = -3325.6100488229513 3325.618300018911
 
converged
CASE #  113
--- 0.7 30000.0 ----------------------------------------------------
fan Nc = 0.9499999990685325      burner temperature = 2955.090991214568    ambient Ps = 4.3641279984904955
burner out 15.439877384042191 155.13521224480098 2955.090991214568 0.0 0.0 0.14105256854466405 0.0
HPT 0.9224512019630369
LPT  0.9310087296315466
core nozzle out 18.129084896418732 19.11202184639937 1720.8953714117497 10.131918562631832 1477.4134293607922 0.01843278202200421 1.0
bypass nozzle out 93.00048057452001 8.711013791873917 511.370868118853 4.579256420199909 425.4945974925929 0.029153524758623522 1.0
1.8208188959256462
HP power balance:  -4320.862732172426 = 4320.859912748805  +  0.0  HP extraction
LP power balance:  -2202.685046687908 + -674.3073687171363 = -2876.9924154050445 2876.8514633214363
 
converged
CASE #  114
--- 0.7 30000.0 ----------------------------------------------------
fan Nc = 0.8999999979448721      burner temperature = 2780.3188680788635    ambient Ps = 4.3641279984904955
burner out 13.952003805370165 135.99085400648502 2780.3188680788635 0.0 0.0 0.13143365040160296 0.0
HPT 0.9224374299223231
LPT  0.92733038612899
core nozzle out 16.38731091379438 17.162794699443715 1613.8719949693495 8.830421754223336 1381.309162710054 0.01718389051241564 1.0
bypass nozzle out 90.05084327782029 8.387456804428238 504.128650711083 4.402788803089011 419.4300482268044 0.028430497341213105 1.0
1.7778729635745774
HP power balance:  -3643.2337253203386 = 3643.228127199095  +  0.0  HP extraction
LP power balance:  -1850.5012767760384 + -584.0370177675763 = -2434.538294543615 2434.6356133599093
 
converged
CASE #  115
--- 0.7 30000.0 ----------------------------------------------------
fan Nc = 0.8499998885523437      burner temperature = 2567.110664107917    ambient Ps = 4.3641279984904955
burner out 12.279212623294756 115.07994546928485 2567.110664107917 0.0 0.0 0.12047034602796666 0.0
HPT 0.9223522326742024
LPT  0.9244337611322306
core nozzle out 14.428327788177915 14.640828754721351 1479.0652732182034 7.403356621597146 1260.8998921761777 0.015782722068743905 1.0
bypass nozzle out 85.14849087224471 7.88151911162528 496.25237348558943 4.36413 419.23044496998637 0.02819392667086269 0.95371820994121
1.7874802497550004
HP power balance:  -2969.8383192674914 = 2969.8322205721056  +  0.0  HP extraction
LP power balance:  -1467.5596651851479 + -492.1188138129455 = -1959.6784789980934 1959.771798087407
 
converged
CASE #  116
--- 0.7 30000.0 ----------------------------------------------------
fan Nc = 0.7999998351158959      burner temperature = 2346.8078283697932    ambient Ps = 4.3641279984904955
burner out 10.647276148612933 95.47539851154362 2346.8078283697932 0.0 0.0 0.1093309772796002 0.0
HPT 0.9222968189263582
LPT  0.9180705585644807
core nozzle out 12.515955756629838 11.805877173592435 1337.1920361871255 6.071085127754646 1135.1378579586851 0.014379405151460061 1.0
bypass nozzle out 80.83777923881445 7.4529570208483795 488.475397864356 4.36413 419.0902432539122 0.028203102892477933 0.9052994164349758
1.793216949837723
HP power balance:  -2375.5858929159185 = 2375.6805708600887  +  0.0  HP extraction
LP power balance:  -1131.8917941509062 + -415.16738962721877 = -1547.0591837781249 1546.9559872312848
 
converged
CASE #  117
--- 0.7 30000.0 ----------------------------------------------------
fan Nc = 0.7499998633431394      burner temperature = 2141.2305928562405    ambient Ps = 4.3641279984904955
burner out 9.38287189498902 80.45690213647786 2141.2305928562405 0.0 0.0 0.10098981248272546 0.0
HPT 0.9222885137942357
LPT  0.909441162990538
core nozzle out 11.033824210110634 9.517700513521321 1213.4364686309111 5.073336631832823 1026.351030900273 0.01329294320903195 1.0
bypass nozzle out 76.42466309626371 7.062707824052546 481.3569767334797 4.36413 419.27952814215166 0.028190714170488376 0.8560533487288116
1.80807604682641
HP power balance:  -1938.6111366645005 = 1938.6095223937923  +  0.0  HP extraction
LP power balance:  -850.9566194302952 + -350.0660089200696 = -1201.0226283503648 1200.9994513864758
 
converged
CASE #  118
--- 0.7 30000.0 ----------------------------------------------------
fan Nc = 0.7000000022207651      burner temperature = 1893.0734830076512    ambient Ps = 4.3641279984904955
burner out 7.774049638830321 62.78367276758645 1893.0734830076512 0.0 0.0 0.08914317078306147 0.0
HPT 0.9221661714935936
LPT  0.9078180068555133
core nozzle out 9.145925483657338 7.426688611044268 1066.071385933935 4.36413 923.0352234123428 0.012717020655977544 0.9111817965887851
bypass nozzle out 71.66957670724254 6.685797220315756 473.90481367859246 4.36413 419.29781306795263 0.02818951741957786 0.8028061402117198
1.670479079222895
HP power balance:  -1412.4534499872123 = 1412.423430739417  +  0.0  HP extraction
LP power balance:  -583.5617186504996 + -292.9826547971816 = -876.5443734476812 876.5589415461388
 
converged
converged
CASE #  119
--- 0.75 30000.0 ----------------------------------------------------
fan Nc = 1.000000000037042      burner temperature = 3097.9976933908774    ambient Ps = 4.364129795339914
burner out 17.09541205119639 175.92038112746695 3097.9976933908774 0.0 0.0 0.1525613779169427 0.0
HPT 0.9223342460252286
LPT  0.9348575784907468
core nozzle out 20.067966306828815 20.71356416666294 1799.385881788748 11.50557999993199 1548.1255080082371 0.019970182130729056 1.0
bypass nozzle out 98.87368723112135 9.36897609749915 525.1274782070359 4.938397676336693 437.0142919189272 0.03058679465360908 1.0
1.835842742003741
HP power balance:  -4985.565596599104 = 4985.567345082795  +  0.0  HP extraction
LP power balance:  -2667.5668925488776 + -842.3383257923264 = -3509.905218341204 3509.778392766356
 
converged
CASE #  120
--- 0.75 30000.0 ----------------------------------------------------
fan Nc = 0.9500000000037824      burner temperature = 2976.479067951124    ambient Ps = 4.364129795339914
burner out 15.950354437715163 160.86665857398833 2976.479067951124 0.0 0.0 0.14521822545688123 0.0
HPT 0.9223971706493613
LPT  0.9295952935012342
core nozzle out 18.727917389042 19.482510958529982 1732.825710411945 10.507830397387915 1488.1406611262773 0.01897733622307509 1.0
bypass nozzle out 96.66219508816143 9.104292860410675 518.0924015701834 4.792203295828494 431.1235698826521 0.030104681881746337 1.0
1.8150304925382308
HP power balance:  -4471.408288555939 = 4471.39565657409  +  0.0  HP extraction
LP power balance:  -2314.9334774530307 + -725.7837524553923 = -3040.717229908423 3040.6878317705987
 
converged
CASE #  121
--- 0.75 30000.0 ----------------------------------------------------
fan Nc = 0.8999999999567214      burner temperature = 2814.690695801611    ambient Ps = 4.364129795339914
burner out 14.527230074594646 142.48528768883162 2814.690695801611 0.0 0.0 0.1360258734890297 0.0
HPT 0.9224227580210346
LPT  0.9267529542051313
core nozzle out 17.0621566262715 17.843779631530683 1634.6824058312184 9.263732882116248 1399.9619053021702 0.017781321322595457 1.0
bypass nozzle out 93.49940048509558 8.752398557064602 510.54515139087067 4.600050882399146 424.803345444746 0.029333599601034044 1.0
1.7776996642983323
HP power balance:  -3866.075232243644 = 3866.046970492738  +  0.0  HP extraction
LP power balance:  -1937.383709971189 + -618.491653166373 = -2555.875363137562 2556.01034289267
 
converged
CASE #  122
--- 0.75 30000.0 ----------------------------------------------------
fan Nc = 0.8499999395038342      burner temperature = 2584.638868993047    ambient Ps = 4.364129795339914
burner out 12.685159153447149 119.30377952325513 2584.638868993047 0.0 0.0 0.12404401734027012 0.0
HPT 0.9223137648029434
LPT  0.925045721782795
core nozzle out 14.904991827538534 15.184404153027534 1491.924692056474 7.684027555121643 1272.288472769933 0.01623629845856275 1.0
bypass nozzle out 88.51337850103947 8.23297699210025 502.2213707334008 4.36413 419.06702306159 0.028204622657261584 0.9912215179545477
1.7274232630748034
HP power balance:  -3079.2173608695216 = 3079.199723553708  +  0.0  HP extraction
LP power balance:  -1522.4871766576541 + -520.6832503265395 = -2043.1704269841935 2043.1656968067891
 
converged
CASE #  123
--- 0.75 30000.0 ----------------------------------------------------
fan Nc = 0.799999999451727      burner temperature = 2357.865216791098    ambient Ps = 4.364129795339914
burner out 10.93004569636794 98.25841995685897 2357.865216791098 0.0 0.0 0.11199356915883445 0.0
HPT 0.922255682168353
LPT  0.9196756460131835
core nozzle out 12.848255298670448 12.223753314417722 1343.4701019213596 6.248908017716953 1140.6522422301612 0.0147273575632836 1.0
bypass nozzle out 84.12559658802836 7.775399338996316 494.35499144030086 4.36413 419.1859741208488 0.028196837294059973 0.9422133852955417
1.7267218610515955
HP power balance:  -2445.2443304229487 = 2445.290634232162  +  0.0  HP extraction
LP power balance:  -1171.107503350453 + -437.04029569185514 = -1608.1477990423082 1608.1142038522291
 
converged
CASE #  124
--- 0.75 30000.0 ----------------------------------------------------
fan Nc = 0.7499999356198457      burner temperature = 2150.9748861639773    ambient Ps = 4.364129795339914
burner out 9.587505376452057 82.40504087762653 2150.9748861639773 0.0 0.0 0.10295925966483443 0.0
HPT 0.9222532076153346
LPT  0.9104357554863431
core nozzle out 11.27440286203019 9.750944880102722 1219.9311769942326 5.1991739240361055 1032.019587534205 0.01354721037551648 1.0
bypass nozzle out 79.68068306981195 7.349547333230371 486.9564304398186 4.36413 419.4357296623393 0.0281804907594916 0.8926803679239107
1.7381276245196537
HP power balance:  -1987.2907340397414 = 1987.277450769668  +  0.0  HP extraction
LP power balance:  -872.001432347101 + -364.9240762302311 = -1236.925508577332 1236.870850076865
 
converged
CASE #  125
--- 0.75 30000.0 ----------------------------------------------------
fan Nc = 0.6999999964565047      burner temperature = 1874.2861581064976    ambient Ps = 4.364129795339914
burner out 7.7958696375532694 62.65757527138333 1874.2861581064976 0.0 0.0 0.08986486193565482 0.0
HPT 0.9215832738388465
LPT  0.9107660329597499
core nozzle out 9.172023748197756 7.413390074769457 1055.1596549834708 4.36413 913.8914894866742 0.012842541422783314 0.909121379873147
bypass nozzle out 74.87790125910954 6.9340735856625635 478.7077792548882 4.36413 419.15011299694277 0.02819918440955576 0.8386025211864697
1.588295624852945
HP power balance:  -1401.1085270510393 = 1401.1232537002863  +  0.0  HP extraction
LP power balance:  -572.3635343867056 + -301.4505609867499 = -873.8140953734555 873.7952521641532
 
converged
converged
CASE #  126
--- 0.8 30000.0 ----------------------------------------------------
fan Nc = 1.000000025069198      burner temperature = 3121.3667881280694    ambient Ps = 4.364129013920958
burner out 17.792707548641093 183.83968811147668 3121.3667881280694 0.0 0.0 0.1582426123147795 0.0
HPT 0.9222544067935156
LPT  0.9351147710688495
core nozzle out 20.885961275149743 21.57750925504736 1811.0590408755293 12.016477011911835 1558.6219496392403 0.020718586080532904 1.0
bypass nozzle out 102.94842116823341 9.818659511160233 532.2984456936435 5.18267197095432 443.0211858177193 0.03163285634011563 1.0
1.8291713308642044
HP power balance:  -5229.839102268738 = 5229.804130693666  +  0.0  HP extraction
LP power balance:  -2808.5479716137684 + -910.6726371890167 = -3719.220608802785 3719.212012582825
 
converged
CASE #  127
--- 0.8 30000.0 ----------------------------------------------------
fan Nc = 0.9500000024936388      burner temperature = 3002.9535596698715    ambient Ps = 4.364129013920958
burner out 16.596171010423205 168.16787468660982 3002.9535596698715 0.0 0.0 0.1504613754433151 0.0
HPT 0.9223388287887369
LPT  0.9280596064376785
core nozzle out 19.4855533626962 19.955844350425686 1747.1463364841911 10.986315092113145 1501.0038204948573 0.019667690390646312 1.0
bypass nozzle out 100.67063932559695 9.540086183254536 525.2163221227459 5.028633589844431 437.088743706017 0.031140071077178415 1.0
1.8098744386859298
HP power balance:  -4696.308152789802 = 4696.297356581292  +  0.0  HP extraction
LP power balance:  -2438.971751970011 + -782.223229819083 = -3221.194981789094 3221.2193440167175
 
converged
CASE #  128
--- 0.8 30000.0 ----------------------------------------------------
fan Nc = 0.9000000003877455      burner temperature = 2844.0864184281986    ambient Ps = 4.364129013920958
burner out 15.220943321329218 150.09949465350473 2844.0864184281986 0.0 0.0 0.141808269912319 0.0
HPT 0.9223806046605495
LPT  0.9263163145679716
core nozzle out 17.876300945331252 18.60622405459976 1651.3908593452286 9.757831264202293 1414.8587231365177 0.01853718033968626 1.0
bypass nozzle out 97.28263704801999 9.158603010396003 517.5642597301344 4.8203241477516645 430.6812681484454 0.030313312225353065 1.0
1.7743030369273904
HP power balance:  -4123.298122257482 = 4123.415953350452  +  0.0  HP extraction
LP power balance:  -2041.0862687187166 + -657.532785466507 = -2698.619054185224 2698.877165186831
 
converged
CASE #  129
--- 0.8 30000.0 ----------------------------------------------------
fan Nc = 0.8500000041554459      burner temperature = 2609.278128910902    ambient Ps = 4.364129013920958
burner out 13.147609777496317 124.25500215468064 2609.278128910902 0.0 0.0 0.12796801691600523 0.0
HPT 0.9222777416008967
LPT  0.9251482737843524
core nozzle out 15.447834077915562 15.78867737973164 1508.5578104289502 8.014378886879975 1287.0872363352264 0.016738113416902196 1.0
bypass nozzle out 92.25883285115796 8.624391817084716 508.8790578091144 4.531543012500613 423.40787929394037 0.028991575795928627 1.0
1.7127393993943714
HP power balance:  -3211.915788880518 = 3211.907658190238  +  0.0  HP extraction
LP power balance:  -1594.1958939814053 + -553.40608552798 = -2147.6019795093853 2147.5327571855655
 
converged
CASE #  130
--- 0.8 30000.0 ----------------------------------------------------
fan Nc = 0.7999995592773013      burner temperature = 2372.4089330032793    ambient Ps = 4.364129013920958
burner out 11.379810441644057 102.63212274922054 2372.4089330032793 0.0 0.0 0.11626724026823516 0.0
HPT 0.9222139419174379
LPT  0.9215434015868137
core nozzle out 13.376795570510946 12.867426879091632 1353.99260681886 6.535982947235345 1149.9215676848937 0.015275198791688652 1.0
bypass nozzle out 87.61067491165831 8.142385406062104 500.70001179374896 4.36413 419.18192898892704 0.02819710204850105 0.9812552173037997
1.6643691714853248
HP power balance:  -2564.2018887018767 = 2564.2826747680956  +  0.0  HP extraction
LP power balance:  -1216.4417828394287 + -463.13018420411834 = -1679.571967043547 1679.4769749739223
 
converged
CASE #  131
--- 0.8 30000.0 ----------------------------------------------------
fan Nc = 0.7499999633692429      burner temperature = 2165.4743824037355    ambient Ps = 4.364129013920958
burner out 9.833142048588481 84.80664611224435 2165.4743824037355 0.0 0.0 0.1052610454125619 0.0
HPT 0.9222191341602115
LPT  0.9111953431513744
core nozzle out 11.563117499446111 10.035671313007436 1228.7898928697805 5.3537251170757 1039.7623496894682 0.013843790845217564 1.0
bypass nozzle out 83.1752549925758 7.684276943821824 493.1528683498173 4.36413 419.5481509266577 0.02817313277226764 0.9319542661621685
1.6705814576446034
HP power balance:  -2049.585551526886 = 2049.569350517562  +  0.0  HP extraction
LP power balance:  -900.5470664539519 + -383.54436793472337 = -1284.0914343886752 1284.0606227229173
 
converged
CASE #  132
--- 0.8 30000.0 ----------------------------------------------------
fan Nc = 0.6999999349000798      burner temperature = 1863.529521469462    ambient Ps = 4.364129013920958
burner out 7.851409812823759 62.931858259354755 1863.529521469462 0.0 0.0 0.09077630324120037 0.0
HPT 0.9210162444673843
LPT  0.9130534961434237
core nozzle out 9.237671129438452 7.440307366241011 1048.9134421666001 4.36413 907.4392063209142 0.012931115973751923 0.9124206807101449
bypass nozzle out 78.37157850378703 7.227877201224833 484.22077889655526 4.36413 419.0220412181827 0.028207566725104157 0.8776005232905295
1.5183256944708468
HP power balance:  -1399.3818795681502 = 1399.4161758230746  +  0.0  HP extraction
LP power balance:  -569.27831463344 + -312.18702801518816 = -881.4653426486282 881.4179836063262
 
converged
converged
CASE #  133
--- 0.85 30000.0 ----------------------------------------------------
fan Nc = 1.0000000026773666      burner temperature = 3109.0267569054004    ambient Ps = 4.364129983239625
burner out 18.49969787959903 190.80318657035846 3109.0267569054004 0.0 0.0 0.1648861030051914 0.0
HPT 0.922179920862544
LPT  0.9366613845241356
core nozzle out 21.716892551363234 22.3250159116708 1799.8230066679826 12.45079212793171 1548.4565819336462 0.02160608206432522 1.0
bypass nozzle out 107.4472999988571 10.395797635810691 538.5091715860294 5.447580290425386 448.2230077142221 0.03282476219587417 1.0
1.813201826075452
HP power balance:  -5411.778880389142 = 5411.8312836538  +  0.0  HP extraction
LP power balance:  -2902.378554266625 + -994.5370070528782 = -3896.9155613195035 3896.781482047182
 
converged
CASE #  134
--- 0.85 30000.0 ----------------------------------------------------
fan Nc = 0.95      burner temperature = 3013.0076893056635    ambient Ps = 4.364129983239625
burner out 17.28769224903 175.52746941898675 3013.0076893056635 0.0 0.0 0.15652786616608952 0.0
HPT 0.9222455292936158
LPT  0.9286540889238468
core nozzle out 20.2975390894218 20.64448967607705 1748.775394403838 11.448719954115866 1502.4399281866145 0.02047649527978596 1.0
bypass nozzle out 105.14313112776003 10.029259798318506 532.4136007022274 5.293856706206155 443.11768033721376 0.032303820298675394 1.0
1.7984568671797594
HP power balance:  -4910.974923272732 = 4910.96502289021  +  0.0  HP extraction
LP power balance:  -2561.5790899369563 + -853.9215538503678 = -3415.500643787324 3415.5524151377344
 
converged
CASE #  135
--- 0.85 30000.0 ----------------------------------------------------
fan Nc = 0.8999999999886757      burner temperature = 2883.6849169505886    ambient Ps = 4.364129983239625
burner out 15.859569008428123 157.5068641770759 2883.6849169505886 0.0 0.0 0.1467661407663384 0.0
HPT 0.9223303756852645
LPT  0.9243500830726604
core nozzle out 18.62511217106294 19.25407786703272 1678.670613935059 10.262376363074816 1439.3464015388731 0.019162852731461587 1.0
bypass nozzle out 101.6024997584567 9.628106607228323 525.1812560555993 5.075030535942711 437.06039122512914 0.031429544498523324 1.0
1.7754448228527993
HP power balance:  -4327.133604561019 = 4327.132720080988  +  0.0  HP extraction
LP power balance:  -2162.528140013926 + -712.8667945537907 = -2875.3949345677165 2875.392242467971
 
converged
CASE #  136
--- 0.85 30000.0 ----------------------------------------------------
fan Nc = 0.8500000000115504      burner temperature = 2653.861086925216    ambient Ps = 4.364129983239625
burner out 13.719893644981434 130.77138866271397 2653.861086925216 0.0 0.0 0.13241107958113882 0.0
HPT 0.9222579414120191
LPT  0.924090670503758
core nozzle out 16.119121030877785 16.547981760911654 1537.2021338887962 8.450661577331447 1312.616288837654 0.017305422884490405 1.0
bypass nozzle out 96.35418715896793 9.062940008331434 516.4890902013686 4.769032721984045 429.7808514929333 0.030055158729835014 1.0
1.71569193137802
HP power balance:  -3404.270097170063 = 3404.2699646062306  +  0.0  HP extraction
LP power balance:  -1694.0784844128825 + -595.0255400795328 = -2289.104024492415 2289.116569782905
 
converged
CASE #  137
--- 0.85 30000.0 ----------------------------------------------------
fan Nc = 0.7999990606344524      burner temperature = 2391.5768199317467    ambient Ps = 4.364129983239625
burner out 11.851823680963284 107.34176099854811 2391.5768199317467 0.0 0.0 0.12062178542282188 0.0
HPT 0.9221634278531348
LPT  0.9227982853364414
core nozzle out 13.931308767412753 13.537422807031438 1368.6763001982024 6.844796726778767 1162.8575693854932 0.01582434567822872 1.0
bypass nozzle out 91.53330775516638 8.548046258414885 507.55732352729865 4.490112575335808 422.30102690771145 0.028801050088249014 1.0
1.6357704987375272
HP power balance:  -2683.9138678156883 = 2683.9219771444255  +  0.0  HP extraction
LP power balance:  -1271.134506659333 + -490.71795094473384 = -1761.8524576040668 1761.7999186916452
 
converged
CASE #  138
--- 0.85 30000.0 ----------------------------------------------------
fan Nc = 0.7499997231545485      burner temperature = 2183.8491406083567    ambient Ps = 4.364129983239625
burner out 10.151900645670466 87.93492958582975 2183.8491406083567 0.0 0.0 0.10822550160817174 0.0
HPT 0.9221795689935586
LPT  0.9131775351155597
core nozzle out 11.937744364670106 10.537059759042556 1239.6261602664692 5.5557801797117445 1049.2373718119372 0.014231495148255462 1.0
bypass nozzle out 86.95956432812561 8.079966267478758 499.997302469555 4.36413 419.54984119167085 0.02817302214418987 0.974354353269902
1.6047878679610865
HP power balance:  -2130.8758537183976 = 2130.8699020896906  +  0.0  HP extraction
LP power balance:  -939.7597291967769 + -407.2666621718583 = -1347.0263913686351 1347.0536888194076
 
converged
CASE #  139
--- 0.85 30000.0 ----------------------------------------------------
fan Nc = 0.6999999989288368      burner temperature = 1864.680665409428    ambient Ps = 4.364129983239625
burner out 7.958573819124564 63.81764995856179 1864.680665409428 0.0 0.0 0.09199800679607316 0.0
HPT 0.9206183179155227
LPT  0.9143036666320423
core nozzle out 9.363862776023982 7.532366509120701 1049.7638649075272 4.36413 905.0939553889021 0.012963309968298123 0.9237380269964148
bypass nozzle out 82.15134696391254 7.576310453089459 490.55051270736675 4.36413 418.94419242999527 0.028212661939006588 0.9198485248403848
1.464885752809918
HP power balance:  -1411.863895328722 = 1411.8635894853353  +  0.0  HP extraction
LP power balance:  -578.491721051716 + -326.2909505223213 = -904.7826715740373 904.7834354428758
 
converged
converged
CASE #  140
--- 0.8 25000.0 ----------------------------------------------------
fan Nc = 1.000000004645676      burner temperature = 3110.344928599729    ambient Ps = 5.453554054213785
burner out 21.844848628906366 225.49891996937012 3110.344928599729 0.0 0.0 0.19478962418288093 0.0
HPT 0.9220020125943206
LPT  0.9384272131309591
core nozzle out 25.64520799028858 26.148486871246917 1797.7448397158573 14.692493884135331 1546.4465160639647 0.02553047329047282 1.0
bypass nozzle out 124.96631742982821 12.802349991174788 550.4641946383098 6.399978867021853 458.22097201202337 0.03776168945753555 1.0
1.7925679531459997
HP power balance:  -6386.408271404201 = 6386.246997680041  +  0.0  HP extraction
LP power balance:  -3322.3109249453473 + -1354.7056487057018 = -4677.016573651049 4677.263041333654
 
converged
CASE #  141
--- 0.8 25000.0 ----------------------------------------------------
fan Nc = 0.9499999540725782      burner temperature = 2965.399463843363    ambient Ps = 5.453554054213785
burner out 20.155603061038295 203.16206818086965 2965.399463843363 0.0 0.0 0.18408733324498944 0.0
HPT 0.9220566507601897
LPT  0.9335422547832667
core nozzle out 23.668550912356647 23.59109801518536 1706.087325759657 13.160715676524722 1463.9398212090612 0.024162409591419957 1.0
bypass nozzle out 121.86540266799061 12.315908387859805 543.8590491641476 6.2090703495625945 452.6986815715918 0.03704666032119838 1.0
1.7584708062558405
HP power balance:  -5661.694695193229 = 5661.672785449213  +  0.0  HP extraction
LP power balance:  -2887.2411959227297 + -1154.5159698062384 = -4041.757165728968 4041.7615822415014
 
converged
CASE #  142
--- 0.8 25000.0 ----------------------------------------------------
fan Nc = 0.8999999923035679      burner temperature = 2809.5692082672417    ambient Ps = 5.453554054213785
burner out 18.15368378736699 178.14843822959662 2809.5692082672417 0.0 0.0 0.17038263341963492 0.0
HPT 0.9220630030251417
LPT  0.9269448008037565
core nozzle out 21.32358279875056 20.828153385761947 1620.233321153225 11.515441862671677 1386.8372787414812 0.022318566903372583 1.0
bypass nozzle out 117.53525215498658 11.662631974208384 535.8231467817563 5.940641358687611 445.9732942917909 0.03599616982881867 1.0
1.727985587875598
HP power balance:  -4808.846167005674 = 4808.795398034937  +  0.0  HP extraction
LP power balance:  -2379.3156711708593 + -964.9316707792095 = -3344.247341950069 3344.202584818175
 
converged
CASE #  143
--- 0.8 25000.0 ----------------------------------------------------
fan Nc = 0.8500000017927322      burner temperature = 2655.2044536685744    ambient Ps = 5.453554054213785
burner out 16.28668702581729 155.43378335098308 2655.2044536685744 0.0 0.0 0.15730593957775588 0.0
HPT 0.9220705800952113
LPT  0.9245475663166243
core nozzle out 19.135938127031384 19.033274649699685 1535.7912841731043 10.026464626001225 1311.2282047779556 0.020553860716030162 1.0
bypass nozzle out 112.29395136794524 10.894084513718571 527.930928789326 5.625854347358755 439.36326874455676 0.034646483644964525 1.0
1.6963537276919889
HP power balance:  -4099.203926201194 = 4099.211521470941  +  0.0  HP extraction
LP power balance:  -1902.5992012940637 + -801.8201449087037 = -2704.4193462027674 2704.256193246813
 
converged
CASE #  144
--- 0.8 25000.0 ----------------------------------------------------
fan Nc = 0.8000000303022216      burner temperature = 2462.8152059872436    ambient Ps = 5.453554054213785
burner out 13.924214875757718 128.03906393624172 2462.8152059872436 0.0 0.0 0.13971781025984917 0.0
HPT 0.922024675342372
LPT  0.9215727196617953
core nozzle out 16.365604177944512 16.155992404136548 1419.5666634624529 8.206318878431151 1207.838604546757 0.018262935620976486 1.0
bypass nozzle out 107.44190969368127 10.166725943599461 521.1952581004034 5.45355 436.1982014918802 0.033844223813764326 0.9830081008489068
1.666961463201075
HP power balance:  -3205.297182594617 = 3205.243454280989  +  0.0  HP extraction
LP power balance:  -1511.3751289237032 + -638.2290502114063 = -2149.6041791351095 2149.6201976586926
 
converged
CASE #  145
--- 0.8 25000.0 ----------------------------------------------------
fan Nc = 0.7500009435387807      burner temperature = 2227.3082566762087    ambient Ps = 5.453554054213785
burner out 11.91261369784726 104.2648321882816 2227.3082566762087 0.0 0.0 0.125819787536296 0.0
HPT 0.9220282996281658
LPT  0.9182064715262683
core nozzle out 14.007415171252703 13.036826329624335 1268.125306396479 6.596991131081776 1074.1709784074644 0.016514586799859354 1.0
bypass nozzle out 102.0762801307333 9.6108601076418 514.0506245829956 5.45355 437.0149757253821 0.033777421083416005 0.93487830629323
1.657413792903791
HP power balance:  -2519.8894934920086 = 2519.7807809096726  +  0.0  HP extraction
LP power balance:  -1137.4138262040644 + -507.0088011889774 = -1644.4226273930417 1644.4313033738297
 
converged
CASE #  146
--- 0.8 25000.0 ----------------------------------------------------
fan Nc = 0.6999999989674033      burner temperature = 1925.7182430872656    ambient Ps = 5.453554054213785
burner out 9.585901540839808 78.11552223506611 1925.7182430872656 0.0 0.0 0.10904135927325602 0.0
HPT 0.9205053304218254
LPT  0.9143118881586464
core nozzle out 11.277740569096776 9.25417801928568 1087.7225505250517 5.45355 942.6836308424714 0.015554772252130613 0.9092740903967877
bypass nozzle out 96.0260121451127 9.058954162428918 504.5342653998661 5.45355 436.50246796290287 0.03381933831886984 0.8788848005746535
1.5078943786595103
HP power balance:  -1775.0251841718557 = 1775.018470389998  +  0.0  HP extraction
LP power balance:  -706.5844313699185 + -403.53514673593645 = -1110.119578105855 1110.022620340622
 
converged
converged
CASE #  147
--- 0.75 25000.0 ----------------------------------------------------
fan Nc = 1.0000000441907073      burner temperature = 3074.3751353157354    ambient Ps = 5.453547611068086
burner out 20.906825393218377 214.50821047967975 3074.3751353157354 0.0 0.0 0.18747058697100563 0.0
HPT 0.9220469969465792
LPT  0.9385160948059953
core nozzle out 24.545285389835357 24.89489767658347 1773.1748646765082 13.949176428721602 1524.3720665396274 0.024594884189381126 1.0
bypass nozzle out 120.25988605483774 12.110235367573894 543.1821529205979 6.124046156393736 452.1326875270411 0.03658094673605698 1.0
1.7925345979237637
HP power balance:  -6055.043379692427 = 6055.216373038651  +  0.0  HP extraction
LP power balance:  -3165.79843354851 + -1244.3821575254963 = -4410.180591074006 4410.024988680568
 
converged
CASE #  148
--- 0.75 25000.0 ----------------------------------------------------
fan Nc = 0.9499999998680639      burner temperature = 2951.2273319115357    ambient Ps = 5.453547611068086
burner out 19.25168053248742 193.5366327327033 2951.2273319115357 0.0 0.0 0.17619852586488963 0.0
HPT 0.9221238791867817
LPT  0.9327667271825204
core nozzle out 22.607121317213398 22.54572226941222 1699.6876698197957 12.545168292749077 1458.2285973867645 0.023120818525550542 1.0
bypass nozzle out 117.25131801093097 11.643041569276397 536.9452309068683 5.9339324758410745 446.9131097079394 0.03587188172435077 1.0
1.7664807961212372
HP power balance:  -5360.281034886461 = 5360.286040075518  +  0.0  HP extraction
LP power balance:  -2764.470008075819 + -1062.5190771074615 = -3826.9890851832806 3826.997856069386
 
converged
CASE #  149
--- 0.75 25000.0 ----------------------------------------------------
fan Nc = 0.8999999981087273      burner temperature = 2805.24701752066    ambient Ps = 5.453547611068086
burner out 17.564584835512623 172.20129458378594 2805.24701752066 0.0 0.0 0.16494496517015028 0.0
HPT 0.9221159217101776
LPT  0.9255520908588408
core nozzle out 20.631328905600608 20.18834496358096 1620.0733437846645 11.140199528280874 1386.7294339912928 0.021592960800971606 1.0
bypass nozzle out 113.32670130952847 11.046107964202305 529.3695335009533 5.68656103589693 440.56818606721896 0.03491758312101996 1.0
1.738359505998753
HP power balance:  -4644.477068895148 = 4644.469564561734  +  0.0  HP extraction
LP power balance:  -2306.293990277669 + -893.1839187339924 = -3199.4779090116613 3199.508902150889
 
converged
CASE #  150
--- 0.75 25000.0 ----------------------------------------------------
fan Nc = 0.8500000001310866      burner temperature = 2662.992049334291    ambient Ps = 5.453547611068086
burner out 15.681088742821034 149.81360749541204 2662.992049334291 0.0 0.0 0.1511790253947945 0.0
HPT 0.922178440887572
LPT  0.9235163964558496
core nozzle out 18.423765871001432 18.49699320281266 1538.5705722222033 9.662943384962206 1313.76357816756 0.01977105197638108 1.0
bypass nozzle out 108.11046220481512 10.267565113858861 522.154653515894 5.45355 436.1305322984525 0.03384975837484133 0.989017964366445
1.7229500631132797
HP power balance:  -3978.685552417147 = 3978.6852432047863  +  0.0  HP extraction
LP power balance:  -1871.015473849495 + -725.2825936347714 = -2596.2980674842665 2596.283183036501
 
converged
CASE #  151
--- 0.75 25000.0 ----------------------------------------------------
fan Nc = 0.7999999926845068      burner temperature = 2443.944819110101    ambient Ps = 5.453547611068086
burner out 13.448867312437784 123.15048409600689 2443.944819110101 0.0 0.0 0.1354168916050766 0.0
HPT 0.9220991423213227
LPT  0.9214164226571518
core nozzle out 15.80717568566278 15.584138392751747 1406.8924469791814 7.887090063636431 1196.63686586283 0.017714959853732008 1.0
bypass nozzle out 102.85383340826831 9.68397066332567 514.8752541528925 5.45355 436.75985199379744 0.03379828726791039 0.9416889443944555
1.7314031448703755
HP power balance:  -3082.446371077463 = 3082.4480040438702  +  0.0  HP extraction
LP power balance:  -1463.6533281816712 + -583.007961406184 = -2046.6612895878552 2046.678436579545
 
converged
CASE #  152
--- 0.75 25000.0 ----------------------------------------------------
fan Nc = 0.7499999754078716      burner temperature = 2202.6024776362424    ambient Ps = 5.453547611068086
burner out 11.358362418261633 98.83166061287872 2202.6024776362424 0.0 0.0 0.12058959767959973 0.0
HPT 0.9220738167286464
LPT  0.9169355349678113
core nozzle out 13.356106914481751 12.246855359522266 1250.7980682753766 6.244585520001832 1058.9819864873866 0.015853159725078135 1.0
bypass nozzle out 97.72408152184043 9.206923000167581 507.14466497810776 5.45355 436.64453255641365 0.03380771907043731 0.8945953492731149
1.72112395166689
HP power balance:  -2376.4334408797013 = 2376.3990515443857  +  0.0  HP extraction
LP power balance:  -1080.5665063544766 + -475.1392153775415 = -1555.705721732018 1555.6876675533754
 
converged
CASE #  153
--- 0.75 25000.0 ----------------------------------------------------
fan Nc = 0.6999999999459195      burner temperature = 1950.8084293874206    ambient Ps = 5.453547611068086
burner out 9.469926675396746 77.65147888451385 1950.8084293874206 0.0 0.0 0.10698155036096177 0.0
HPT 0.9216224485813608
LPT  0.9111317518180644
core nozzle out 11.140608024399533 9.217788783931475 1102.8623515813103 5.45355 957.2248517105642 0.015317744426213682 0.9054633504889161
bypass nozzle out 91.55048009265259 8.690460044675277 499.06658513198494 5.45355 437.05104935348186 0.0337744706758838 0.8385141051203174
1.5843806952998198
HP power balance:  -1778.8262808371044 = 1778.825592677286  +  0.0  HP extraction
LP power balance:  -718.938754916312 + -383.9486563529083 = -1102.8874112692201 1102.9200498718426
 
converged
converged
CASE #  154
--- 0.7 25000.0 ----------------------------------------------------
fan Nc = 1.000000044757238      burner temperature = 3049.754757046596    ambient Ps = 5.4535577754953355
burner out 20.083862649709758 205.22993175654003 3049.754757046596 0.0 0.0 0.18079943797211198 0.0
HPT 0.9220924560010388
LPT  0.938348275987069
core nozzle out 23.579803073095555 23.85170781391261 1756.5017384003138 13.332035140945033 1509.4117598592609 0.0237373578195439 1.0
bypass nozzle out 115.78334494718382 11.458093501812824 536.8131801697142 5.8587541374108465 446.8025067507963 0.035427130885547616 1.0
1.7948870750248094
HP power balance:  -5785.431244538163 = 5785.520420389083  +  0.0  HP extraction
LP power balance:  -3042.031652375003 + -1139.799629552206 = -4181.831281927209 4181.838121125992
 
converged
CASE #  155
--- 0.7 25000.0 ----------------------------------------------------
fan Nc = 0.9499999749249822      burner temperature = 2939.2498726449644    ambient Ps = 5.4535577754953355
burner out 18.579062813368147 186.37165155903395 2939.2498726449644 0.0 0.0 0.1703741910890895 0.0
HPT 0.9221649720736542
LPT  0.9317696725425767
core nozzle out 21.817259193663332 21.768517705769284 1695.439029556528 12.091902936716725 1454.4623198267036 0.022341710158978144 1.0
bypass nozzle out 113.0351532433774 11.026056521749918 530.6773561242276 5.6802127744904025 441.66346694997327 0.03478529786601389 1.0
1.7747049838783437
HP power balance:  -5146.4392246073785 = 5146.431240246969  +  0.0  HP extraction
LP power balance:  -2665.3692565368556 + -976.6123661052787 = -3641.9816226421344 3641.7528511346595
 
converged
CASE #  156
--- 0.7 25000.0 ----------------------------------------------------
fan Nc = 0.9000000000037621      burner temperature = 2815.114143273771    ambient Ps = 5.4535577754953355
burner out 17.092391846648315 167.838780140122 2815.114143273771 0.0 0.0 0.1602074958151946 0.0
HPT 0.9221714929917187
LPT  0.9243794773923482
core nozzle out 20.075883783315877 19.884738097310343 1630.0648188578634 10.88068625921786 1395.7287455870353 0.020950613633990856 1.0
bypass nozzle out 109.62442159115145 10.488017901630105 523.5507878304204 5.466159669258748 435.69487426327424 0.03396373980590749 1.0
1.7531677302662085
HP power balance:  -4536.481420652866 = 4536.539618838119  +  0.0  HP extraction
LP power balance:  -2252.405414504213 + -831.8174418368051 = -3084.222856341018 3084.0903232830515
 
converged
CASE #  157
--- 0.7 25000.0 ----------------------------------------------------
fan Nc = 0.8500000038173791      burner temperature = 2670.1726626480213    ambient Ps = 5.4535577754953355
burner out 15.04353689654172 143.83815082387363 2670.1726626480213 0.0 0.0 0.14476020638515918 0.0
HPT 0.9222723105960497
LPT  0.9222447654036289
core nozzle out 17.6739730287667 17.931782282541725 1545.6085392898042 9.292970390734558 1320.0763154123802 0.018924128861852726 1.0
bypass nozzle out 104.00263789869055 9.797727200770437 516.6736524913591 5.45355 436.79481170061985 0.03379542796631624 0.9522501396010249
1.7920516627823044
HP power balance:  -3805.373797370108 = 3805.39056720787  +  0.0  HP extraction
LP power balance:  -1831.3424869363137 + -661.0705345489454 = -2492.413021485259 2492.4520137844365
 
converged
CASE #  158
--- 0.7 25000.0 ----------------------------------------------------
fan Nc = 0.7999999608841151      burner temperature = 2407.7226423553907    ambient Ps = 5.4535577754953355
burner out 12.959428191477006 117.77939943072543 2407.7226423553907 0.0 0.0 0.13146169781182432 0.0
HPT 0.9221334357177574
LPT  0.9220455851445299
core nozzle out 15.23274936136535 14.913368344569092 1382.4528805851776 7.525035778691551 1175.0192910127419 0.017218677320432245 1.0
bypass nozzle out 98.6948695010343 9.291862592752143 508.26987664433824 5.45355 436.4375983464349 0.03382464390677768 0.9032377290777788
1.7904075272347293
HP power balance:  -2935.530972915587 = 2935.5182932117923  +  0.0  HP extraction
LP power balance:  -1392.203761023851 + -545.592371196649 = -1937.7961322205 1937.810963863543
 
converged
CASE #  159
--- 0.7 25000.0 ----------------------------------------------------
fan Nc = 0.749999924904834      burner temperature = 2207.5478831888463    ambient Ps = 5.4535577754953355
burner out 11.0491687257466 96.21228278313872 2207.5478831888463 0.0 0.0 0.11713478879808055 0.0
HPT 0.9221507414258733
LPT  0.9144820308309265
core nozzle out 12.992218176483192 11.867409641477918 1254.6955088792565 6.084438824431468 1062.4295593438924 0.015397735039662805 1.0
bypass nozzle out 93.52348575640588 8.852262319882358 501.4046622503202 5.45355 436.7775274778411 0.0337968416167795 0.8562835793823717
1.800587456458846
HP power balance:  -2318.4005481761847 = 2318.3912200337836  +  0.0  HP extraction
LP power balance:  -1055.017069983833 + -450.98269408018984 = -1505.9997640640227 1506.0260248013874
 
converged
CASE #  160
--- 0.7 25000.0 ----------------------------------------------------
fan Nc = 0.6999998527947726      burner temperature = 1965.43175462529    ambient Ps = 5.4535577754953355
burner out 9.365168709527799 77.05681759058632 1965.43175462529 0.0 0.0 0.1053850463738427 0.0
HPT 0.9221366782024297
LPT  0.9087037449151323
core nozzle out 11.016896620541361 9.160565013408652 1111.578742152644 5.45355 966.6076090721417 0.015172891087218341 0.8998561674493165
bypass nozzle out 87.54364227840962 8.359842777103578 493.92298162942484 5.45355 437.1798905583052 0.03376393294843045 0.8019430623950611
1.6537693287571607
HP power balance:  -1773.5567701781465 = 1773.6118879366757  +  0.0  HP extraction
LP power balance:  -727.815000852543 + -365.3637213467734 = -1093.1787221993163 1093.1497905387341
 
converged
converged
CASE #  161
--- 0.6 25000.0 ----------------------------------------------------
fan Nc = 1.0000000089156285      burner temperature = 3050.1581654036563    ambient Ps = 5.453549958874664
burner out 18.64368469401981 190.44160130948086 3050.1581654036563 0.0 0.0 0.1677477565615077 0.0
HPT 0.9222166151306976
LPT  0.9362697573068689
core nozzle out 21.887926405892486 22.24779335865922 1761.0986025470952 12.39298442275814 1513.6380441060633 0.022004729999440056 1.0
bypass nozzle out 108.28710966725043 10.343378128049974 526.2705197938385 5.45355 438.8412524354155 0.03362805267094943 0.9941079855410859
1.82394089463556
HP power balance:  -5350.299878794065 = 5350.334924781865  +  0.0  HP extraction
LP power balance:  -2871.747357866985 + -971.8490807329619 = -3843.596438599947 3843.616685230271
 
converged
CASE #  162
--- 0.6 25000.0 ----------------------------------------------------
fan Nc = 0.9499999999995732      burner temperature = 2958.51024367278    ambient Ps = 5.453549958874664
burner out 17.43954539102815 175.4380736540017 2958.51024367278 0.0 0.0 0.15933109157731268 0.0
HPT 0.9222825295046152
LPT  0.9280083780645131
core nozzle out 20.477532760188875 20.60774654012874 1713.143665125475 11.414362718214763 1470.4350442734078 0.020864380437829254 1.0
bypass nozzle out 105.89569735028537 9.996478075720546 520.3589470818408 5.45355 437.33848195545266 0.03375096199770177 0.9702619513479962
1.847236043609557
HP power balance:  -4863.044011101296 = 4863.044137463157  +  0.0  HP extraction
LP power balance:  -2536.602454205619 + -839.1256730309045 = -3375.7281272365235 3375.6724248885457
 
converged
CASE #  163
--- 0.6 25000.0 ----------------------------------------------------
fan Nc = 0.900000000127329      burner temperature = 2822.8010366675967    ambient Ps = 5.453549958874664
burner out 16.028442428159696 157.48442224680528 2822.8010366675967 0.0 0.0 0.14991489812012387 0.0
HPT 0.9223535935466057
LPT  0.9242442172564186
core nozzle out 18.825230280942474 19.23751355485584 1638.8102349913818 10.235540349567248 1403.6341124256758 0.0195968563464096 1.0
bypass nozzle out 102.24392737801732 9.61952783135656 513.1363418827378 5.45355 436.16139534976145 0.03384723413251126 0.9353870261680896
1.8780757857633383
HP power balance:  -4280.223427929573 = 4280.244674963017  +  0.0  HP extraction
LP power balance:  -2135.856145489752 + -703.0747497621583 = -2838.9308952519104 2838.8517788496597
 
converged
CASE #  164
--- 0.6 25000.0 ----------------------------------------------------
fan Nc = 0.8499999997559011      burner temperature = 2600.69202702577    ambient Ps = 5.453549958874664
burner out 13.944013373055553 131.56074130214427 2600.69202702577 0.0 0.0 0.13593288214833615 0.0
HPT 0.9222847404164903
LPT  0.9236998951027127
core nozzle out 16.383737029068445 16.614916070254615 1502.629464954634 8.4796090815391 1281.8004588862716 0.01778391181905243 1.0
bypass nozzle out 96.54943405913174 9.102433880942822 504.99907888020664 5.45355 436.2937618563487 0.033836408075953645 0.8834400837275806
1.9064590277755133
HP power balance:  -3392.433890051531 = 3392.4407403076966  +  0.0  HP extraction
LP power balance:  -1683.0577831589019 + -590.4484453411342 = -2273.506228500036 2273.6123257965337
 
converged
CASE #  165
--- 0.6 25000.0 ----------------------------------------------------
fan Nc = 0.8000003885745745      burner temperature = 2382.718003691128    ambient Ps = 5.453549958874664
burner out 12.304182516147188 111.20132147743728 2382.718003691128 0.0 0.0 0.12542805074125316 0.0
HPT 0.9222269680518691
LPT  0.9205000492012693
core nozzle out 14.46290604707532 14.05797665045005 1364.4741092083168 7.094335022540731 1159.1874761518231 0.016451933382530325 1.0
bypass nozzle out 91.36386569857534 8.664839864025614 497.73014377820516 5.45355 436.21446026389356 0.03384289403336963 0.8359046763592926
1.9227954594748264
HP power balance:  -2770.2695654315307 = 2770.270245292624  +  0.0  HP extraction
LP power balance:  -1318.1989052903523 + -493.9667261265299 = -1812.1656314168822 1812.1368653570487
 
converged
CASE #  166
--- 0.6 25000.0 ----------------------------------------------------
fan Nc = 0.7499998151144027      burner temperature = 2191.245007316965    ambient Ps = 5.453549958874664
burner out 10.672115639039877 92.55770696519258 2191.245007316965 0.0 0.0 0.11352528013351593 0.0
HPT 0.9222539565844587
LPT  0.9116116609561797
core nozzle out 12.548937497734048 11.292816558877684 1243.87585730956 5.85108625390482 1053.0043531501947 0.014935531487609283 1.0
bypass nozzle out 86.25591564792975 8.251599261733617 491.23910393105655 5.45355 436.36583581401504 0.0338305132558655 0.789324972508094
1.9459751768999094
HP power balance:  -2237.1878230858865 = 2237.173483402791  +  0.0  HP extraction
LP power balance:  -1015.043387059842 + -409.39633726759223 = -1424.4397243274343 1424.4549181673997
 
converged
CASE #  167
--- 0.6 25000.0 ----------------------------------------------------
fan Nc = 0.6999999605683586      burner temperature = 1976.6498379994546    ambient Ps = 5.453549958874664
burner out 9.164878521299684 75.58473863370713 1976.6498379994546 0.0 0.0 0.10278669218162644 0.0
HPT 0.9222457279156295
LPT  0.9054146114325273
core nozzle out 10.780756466081368 9.018529850490346 1118.7416090926458 5.45355 977.1102152176425 0.015010749685215388 0.8855240154841898
bypass nozzle out 80.44521773938499 7.832499358818245 484.488574148628 5.45355 436.68235554721207 0.03380462558517341 0.7364522931679163
1.7822590960755111
HP power balance:  -1744.7030738412461 = 1744.7198981307608  +  0.0  HP extraction
LP power balance:  -729.873095559782 + -337.4994808679306 = -1067.3725764277126 1067.3654808441515
 
converged
converged
CASE #  168
--- 0.5 25000.0 ----------------------------------------------------
fan Nc = 0.9999998912849068      burner temperature = 3056.019237921193    ambient Ps = 5.453549603485766
burner out 17.687652000118753 180.7890793496891 3056.019237921193 0.0 0.0 0.1589430304155015 0.0
HPT 0.9223275444870257
LPT  0.9344401095212954
core nozzle out 20.764672195747195 21.21458629954562 1769.480880895368 11.789782612954447 1521.2312309650954 0.020830117958840665 1.0
bypass nozzle out 101.93487987885142 9.61990631947218 517.292237037681 5.45355 439.5375575381778 0.03357110292876602 0.936648964192444
1.9387210145301856
HP power balance:  -5088.756921350578 = 5088.71950323963  +  0.0  HP extraction
LP power balance:  -2728.4671307449667 + -868.9519068148759 = -3597.4190375598428 3597.436816083002
 
converged
CASE #  169
--- 0.5 25000.0 ----------------------------------------------------
fan Nc = 0.949999999999186      burner temperature = 2940.2461662057062    ambient Ps = 5.453549603485766
burner out 16.553011365370754 165.92237139786744 2940.2461662057062 0.0 0.0 0.15162626553434683 0.0
HPT 0.9223967644783619
LPT  0.9277072552497848
core nozzle out 19.43666341450469 19.79937068313389 1707.4807323779698 10.813515292722633 1465.3695668841226 0.019833773267157923 1.0
bypass nozzle out 99.43572956810443 9.366010890676693 510.6453033970155 5.45355 437.3996719187125 0.033745957363069574 0.9111433281973925
1.9638013704458632
HP power balance:  -4585.19993920757 = 4585.19217542811  +  0.0  HP extraction
LP power balance:  -2377.618974243625 + -746.8781687403891 = -3124.4971429840143 3124.5426304026514
 
converged
CASE #  170
--- 0.5 25000.0 ----------------------------------------------------
fan Nc = 0.8999999991368745      burner temperature = 2786.031543163775    ambient Ps = 5.453549603485766
burner out 15.193431752277007 148.26274445209674 2786.031543163775 0.0 0.0 0.14299879842036434 0.0
HPT 0.9224333913057796
LPT  0.92541294608465
core nozzle out 17.845449055619504 18.4026322522794 1613.9682897250225 9.616979866627474 1381.3945692834236 0.018713357985194665 1.0
bypass nozzle out 95.67478035042434 9.02710025920988 503.5551100908344 5.45355 436.13608948168206 0.03384930386122232 0.8752568871037802
1.9923629641504892
HP power balance:  -4024.3204999741265 = 4024.316731929718  +  0.0  HP extraction
LP power balance:  -1999.7909215966733 + -634.238760245862 = -2634.0296818425354 2634.0330557105954
 
converged
CASE #  171
--- 0.5 25000.0 ----------------------------------------------------
fan Nc = 0.8500000560871939      burner temperature = 2583.4105301617365    ambient Ps = 5.453549603485766
burner out 13.322070910098306 125.23947670549056 2583.4105301617365 0.0 0.0 0.13027762459315123 0.0
HPT 0.9223579236992179
LPT  0.9225642145438944
core nozzle out 15.6531307226384 15.896840691453294 1491.955931441041 8.070344014943016 1272.3489555774997 0.01705174186651353 1.0
bypass nozzle out 90.29101068497795 8.57354039312172 496.23463057607296 5.45355 436.1676161770645 0.0338467253404463 0.8260407596385729
2.0321698176753653
HP power balance:  -3220.4092360289637 = 3220.375979996038  +  0.0  HP extraction
LP power balance:  -1605.7074449657143 + -540.5175627006473 = -2146.2250076663618 2146.220791469184
 
converged
CASE #  172
--- 0.5 25000.0 ----------------------------------------------------
fan Nc = 0.7999999361319172      burner temperature = 2361.5542693700527    ambient Ps = 5.453549603485766
burner out 11.795140736479466 106.10579569344532 2361.5542693700527 0.0 0.0 0.12075094303603613 0.0
HPT 0.9222949318454909
LPT  0.9188527810508706
core nozzle out 13.864829293924734 13.362832998409607 1348.8070749607768 6.7593049961869855 1145.3801363876682 0.015862310589868634 1.0
bypass nozzle out 85.05655202055003 8.156991123257082 489.21159745209826 5.45355 435.9568816869321 0.03386396099595792 0.7779427915780209
2.0550169046392117
HP power balance:  -2640.6943769619984 = 2640.677422399665  +  0.0  HP extraction
LP power balance:  -1265.89109480872 + -452.6340775114234 = -1718.5251723201434 1718.5335763987323
 
converged
CASE #  173
--- 0.5 25000.0 ----------------------------------------------------
fan Nc = 0.749999892574969      burner temperature = 2179.1260341574202    ambient Ps = 5.453549603485766
burner out 10.421645445418942 90.11703399144787 2179.1260341574202 0.0 0.0 0.11115226350611963 0.0
HPT 0.9223276761023167
LPT  0.9089553041247175
core nozzle out 12.254456162946934 10.893675601501794 1235.4999866649027 5.692772170455216 1045.7121429438614 0.014633700083802091 1.0
bypass nozzle out 80.29655684630103 7.8152967832365805 482.9713871365305 5.45355 435.5894960555264 0.033894008911602144 0.7340632168118655
2.087392019957153
HP power balance:  -2182.052564394362 = 2182.055990864404  +  0.0  HP extraction
LP power balance:  -990.1453728538092 + -381.1711722163969 = -1371.316545070206 1371.3205601307536
 
converged
CASE #  174
--- 0.5 25000.0 ----------------------------------------------------
fan Nc = 0.6999999153043713      burner temperature = 1977.207192928764    ambient Ps = 5.453549603485766
burner out 8.998166131270862 74.19912810682666 1977.207192928764 0.0 0.0 0.10087355209692767 0.0
HPT 0.922304004283263
LPT  0.9026535712332762
core nozzle out 10.584402908683712 8.8864071377341 1119.7300050538524 5.45355 981.9103962573594 0.014936641913618987 0.8717380523224508
bypass nozzle out 74.56972913186264 7.450468606440491 476.40033183893496 5.45355 435.54058639928405 0.03389800915847989 0.6816653586168505
1.9023960983841817
HP power balance:  -1711.8745178422178 = 1711.8679930167839  +  0.0  HP extraction
LP power balance:  -722.6678607306084 + -318.7583389570057 = -1041.4261996876141 1041.4111169930495
 
converged
converged
CASE #  175
--- 0.4 20000.0 ----------------------------------------------------
fan Nc = 0.999999999724101      burner temperature = 3001.6158359350316    ambient Ps = 6.753428145735776
burner out 20.365700190613488 206.43360971835946 3001.6158359350316 0.0 0.0 0.18478103842445381 0.0
HPT 0.9221313958296227
LPT  0.9377297117987161
core nozzle out 23.91243312659968 23.94899970405591 1724.8304350553572 13.380374394363272 1480.9736659737953 0.024283718421666368 1.0
bypass nozzle out 115.69828302481017 11.49847455657946 526.5235940614092 6.75343 456.0904663039497 0.04001977882996672 0.8756228294742991
2.0113302896892318
HP power balance:  -5772.216715038769 = 5772.233388045562  +  0.0  HP extraction
LP power balance:  -3043.8003581979206 + -1124.2434240378902 = -4168.043782235811 4168.039012220817
 
converged
CASE #  176
--- 0.4 20000.0 ----------------------------------------------------
fan Nc = 0.9499999972486721      burner temperature = 2905.1580767321316    ambient Ps = 6.753428145735776
burner out 18.89336157630506 188.3941771380377 2905.1580767321316 0.0 0.0 0.174242081425102 0.0
HPT 0.922209549134774
LPT  0.930287449061892
core nozzle out 22.187379401153066 21.965322023914677 1672.4254439218769 12.200088088006481 1433.842610790894 0.022869932361286947 1.0
bypass nozzle out 112.46945781486173 11.103484508382305 520.9894314059808 6.75343 454.7748511234205 0.04012637857132024 0.8501412749406411
2.0439666096332876
HP power balance:  -5173.178570835663 = 5173.176301764687  +  0.0  HP extraction
LP power balance:  -2685.212371942789 + -974.1956610906329 = -3659.408033033422 3659.3563867114763
 
did not converge
CASE #  177
--- 0.4 20000.0 ----------------------------------------------------
fan Nc = 0.8999999999999998      burner temperature = 2773.0389666194833    ambient Ps = 6.753428145735776
burner out 17.3524844667083 169.10034535466335 2773.0389666194833 0.0 0.0 0.1638651677104892 0.0
HPT 0.9221979074695656
LPT  0.9232237017708237
core nozzle out 20.382651026200175 19.957895903852666 1602.0748136162854 10.933733739549737 1370.6453066491717 0.02144287076565016 1.0
bypass nozzle out 107.643629291016 10.552484906296792 514.1237723218937 6.75343 453.7145681330774 0.040212289629663785 0.812864689135597
2.0962241013268006
HP power balance:  -4536.209653784574 = 4536.318033659011  +  0.0  HP extraction
LP power balance:  -2257.1357362071267 + -828.3905549183016 = -3085.5262911254285 3083.610439172219
 
converged
converged
CASE #  178
--- 0.5 20000.0 ----------------------------------------------------
fan Nc = 1.0000000600362333      burner temperature = 3027.422909271014    ambient Ps = 6.7534298716186285
burner out 21.285049711890373 216.729633076945 3027.422909271014 0.0 0.0 0.1923534495471706 0.0
HPT 0.9220656325762162
LPT  0.9382451554124115
core nozzle out 24.991188213011647 25.1069967921157 1742.427480270712 14.067371050228545 1496.7510954965708 0.02525623643426551 1.0
bypass nozzle out 121.7524468944207 12.229785790746774 534.1246112611767 6.75343 456.1267498599624 0.04001683889909363 0.921486716186477
1.9205559615200456
HP power balance:  -6064.888808225318 = 6064.820549319195  +  0.0  HP extraction
LP power balance:  -3174.747343086184 + -1244.570373672252 = -4419.317716758436 4419.622607544498
 
converged
CASE #  179
--- 0.5 20000.0 ----------------------------------------------------
fan Nc = 0.9499999998079528      burner temperature = 2902.1335660585623    ambient Ps = 6.7534298716186285
burner out 19.685907538856842 196.2466508813258 2902.1335660585623 0.0 0.0 0.1816922274540453 0.0
HPT 0.9221375351465259
LPT  0.9326773102082466
core nozzle out 23.118898018420158 22.798299071490696 1666.332347115971 12.68494830620775 1428.321942281178 0.023871646811527703 1.0
bypass nozzle out 118.4715555440914 11.80357638465094 528.2044303199054 6.75343 454.7537685890933 0.040128086816055945 0.8954925522302316
1.9370964919463705
HP power balance:  -5399.542019564347 = 5399.544737729734  +  0.0  HP extraction
LP power balance:  -2781.516165416775 + -1065.6040735811173 = -3847.1202389978926 3847.1099673980907
 
converged
CASE #  180
--- 0.5 20000.0 ----------------------------------------------------
fan Nc = 0.900000000870343      burner temperature = 2764.31621175948    ambient Ps = 6.7534298716186285
burner out 17.89198752010492 174.11631968331508 2764.31621175948 0.0 0.0 0.1692570908489361 0.0
HPT 0.922139246948224
LPT  0.9251458323740842
core nozzle out 21.017249601722845 20.379710846537957 1592.7678150242434 11.241271379645955 1362.296509356432 0.02217956664398778 1.0
bypass nozzle out 113.54429236629991 11.208752918568422 520.8769548551077 6.75343 453.68557392162944 0.04021463893019395 0.8573990488404936
1.9818475990762765
HP power balance:  -4662.362744947868 = 4662.362622092816  +  0.0  HP extraction
LP power balance:  -2311.54431246422 + -902.3991753168759 = -3213.9434877810963 3213.9613321818388
 
converged
CASE #  181
--- 0.5 20000.0 ----------------------------------------------------
fan Nc = 0.8499999409136533      burner temperature = 2611.960788076683    ambient Ps = 6.7534298716186285
burner out 16.219792839789605 153.50171681092212 2611.960788076683 0.0 0.0 0.15792928275699833 0.0
HPT 0.922144081135763
LPT  0.9230696820380825
core nozzle out 19.058314482379743 18.830736126760392 1507.0011293187215 9.879025007047074 1285.6077984203396 0.020656733750393386 1.0
bypass nozzle out 108.04618558811157 10.585526435249372 513.595625723062 6.75343 452.92561345067384 0.040276215894979484 0.8153089546882163
2.0307635679411145
HP power balance:  -4024.1829730446525 = 4024.1806808487136  +  0.0  HP extraction
LP power balance:  -1871.694645179949 + -763.8068061347064 = -2635.5014513146552 2635.5905525078047
 
converged
CASE #  182
--- 0.5 20000.0 ----------------------------------------------------
fan Nc = 0.7999999912903702      burner temperature = 2429.884915375994    ambient Ps = 6.7534298716186285
burner out 14.065079165548843 128.41171622102297 2429.884915375994 0.0 0.0 0.14202754097447592 0.0
HPT 0.9221214173526412
LPT  0.9194001137030322
core nozzle out 16.531609365584796 16.193306477042054 1398.1524654977288 8.218758722424708 1188.8988537784758 0.018583785089616535 1.0
bypass nozzle out 102.34303281067139 10.023444774392589 507.9822600859198 6.75343 453.42533600687176 0.04023572510707463 0.7726390997165364
2.065125812367287
HP power balance:  -3195.167470847978 = 3195.1275573578214  +  0.0  HP extraction
LP power balance:  -1525.8295194573418 + -606.050017321139 = -2131.8795367784805 2131.9704648712377
 
converged
CASE #  183
--- 0.5 20000.0 ----------------------------------------------------
fan Nc = 0.750001366930114      burner temperature = 2237.049897117338    ambient Ps = 6.7534298716186285
burner out 12.39621644869753 108.6716556054117 2237.049897117338 0.0 0.0 0.13056183512559522 0.0
HPT 0.9221522781902178
LPT  0.914256080675185
core nozzle out 14.57529267742682 13.660405604578802 1275.907066136954 6.888446002101549 1081.0668298806936 0.017133550264763108 1.0
bypass nozzle out 96.39644982436721 9.622984714020525 502.0010701897351 6.75343 453.5562894318943 0.04022511440461136 0.7278646405121266
2.096209870843853
HP power balance:  -2628.467230264924 = 2628.634309227047  +  0.0  HP extraction
LP power balance:  -1200.6171550201632 + -501.1270631222515 = -1701.7442181424146 1701.6254613426859
 
converged
CASE #  184
--- 0.5 20000.0 ----------------------------------------------------
fan Nc = 0.6999997502582473      burner temperature = 2039.1708178460735    ambient Ps = 6.7534298716186285
burner out 10.708651455555136 89.69820186866714 2039.1708178460735 0.0 0.0 0.11823130819989021 0.0
HPT 0.9222248432501468
LPT  0.9075956116262238
core nozzle out 12.595596409637112 11.092076782922758 1158.6856056964234 6.75343 1021.6207785669303 0.017777324953191374 0.855227544019393
bypass nozzle out 89.56275423477169 9.17921347459203 495.4126349927182 6.75343 453.58787815403855 0.04022255487986574 0.6762453015996955
1.8790482820100436
HP power balance:  -2101.0290935607886 = 2101.047859163696  +  0.0  HP extraction
LP power balance:  -878.5380610416111 + -408.50440238060247 = -1287.0424634222136 1287.0526624393067
 
converged
converged
CASE #  185
--- 0.6 20000.0 ----------------------------------------------------
fan Nc = 0.9999999704417545      burner temperature = 3081.143940172171    ambient Ps = 6.7534296143888355
burner out 22.65954583083882 232.81073042615225 3081.143940172171 0.0 0.0 0.20301839697040727 0.0
HPT 0.9220093179071112
LPT  0.9382416279522061
core nozzle out 26.602990328274746 26.93217686644641 1778.490538625184 15.146054515735443 1529.120939661717 0.026622061595487582 1.0
bypass nozzle out 129.34071012300052 13.201000443344904 544.3261316850867 6.75343 456.272015903592 0.04000506849471738 0.9790238792255631
1.8253398942801693
HP power balance:  -6573.851905304003 = 6573.734140099755  +  0.0  HP extraction
LP power balance:  -3389.5797689847186 + -1401.4081031271996 = -4790.9878721119185 4791.40184760509
 
converged
CASE #  186
--- 0.6 20000.0 ----------------------------------------------------
fan Nc = 0.949999921965357      burner temperature = 2929.8573650138856    ambient Ps = 6.7534296143888355
burner out 20.870974264554746 209.12043674712157 2929.8573650138856 0.0 0.0 0.19178938027514336 0.0
HPT 0.9220480370930663
LPT  0.933436790263335
core nozzle out 24.510061581094206 24.21634528993841 1683.0878996293939 13.526275983554434 1443.3204702852993 0.025186306107460622 1.0
bypass nozzle out 126.00889634198386 12.73584686354966 537.8869734839973 6.75343 454.79350902567484 0.04012486678612351 0.9525144584747764
1.829911619185837
HP power balance:  -5780.95642153902 = 5780.9158292118545  +  0.0  HP extraction
LP power balance:  -2946.027818786416 + -1198.074563936281 = -4144.102382722697 4144.10725050348
 
converged
CASE #  187
--- 0.6 20000.0 ----------------------------------------------------
fan Nc = 0.8999999983323912      burner temperature = 2767.9897600782015    ambient Ps = 6.7534296143888355
burner out 18.717444786086634 182.32222532922773 2767.9897600782015 0.0 0.0 0.17700096467356036 0.0
HPT 0.9220570940487469
LPT  0.9273866263291456
core nozzle out 21.987408179696015 21.253468427441152 1591.4792059444335 11.754155342503465 1361.099957822001 0.023211581626607483 1.0
bypass nozzle out 120.8969410768143 12.076908663960985 529.9020951440459 6.75343 453.73028387860234 0.04021101623723648 0.912958146590885
1.8604452671957603
HP power balance:  -4884.423352296113 = 4884.423351691288  +  0.0  HP extraction
LP power balance:  -2412.659295942916 + -1001.5349053347395 = -3414.1942012776553 3414.3019340466035
 
converged
CASE #  188
--- 0.6 20000.0 ----------------------------------------------------
fan Nc = 0.8499999993617717      burner temperature = 2606.6244673483907    ambient Ps = 6.7534296143888355
burner out 16.827501624956845 159.12865934914615 2606.6244673483907 0.0 0.0 0.16405062040944285 0.0
HPT 0.9220477483943142
LPT  0.9244647128137466
core nozzle out 19.77302933411699 19.294864140475962 1504.312465360234 10.239128867521735 1283.1455774862259 0.021451487415263197 1.0
bypass nozzle out 115.38744648608436 11.40593869009232 521.9210285095402 6.75343 452.7833552482218 0.040287742584402986 0.8705935289604534
1.900476275192485
HP power balance:  -4141.5501391484395 = 4141.547898773057  +  0.0  HP extraction
LP power balance:  -1918.8058592936907 + -842.85052608788 = -2761.6563853815705 2761.6575817356093
 
converged
CASE #  189
--- 0.6 20000.0 ----------------------------------------------------
fan Nc = 0.7999990109287571      burner temperature = 2416.4438045759553    ambient Ps = 6.7534296143888355
burner out 14.728878899944448 134.19984470297618 2416.4438045759553 0.0 0.0 0.1492553508157919 0.0
HPT 0.921965164623418
LPT  0.9221433288040909
core nozzle out 17.312960555216584 16.8099043719867 1389.0835864023322 8.574034930649633 1180.797500642334 0.01952255658339603 1.0
bypass nozzle out 109.52979279368205 10.749053931990096 515.3978286796063 6.75343 453.0267490380664 0.04026802122862321 0.8265941946139534
1.9251119995299422
HP power balance:  -3339.6750078686096 = 3339.635809533548  +  0.0  HP extraction
LP power balance:  -1521.9439496083316 + -706.4883531177259 = -2228.4323027260575 2228.5033714820734
 
converged
CASE #  190
--- 0.6 20000.0 ----------------------------------------------------
fan Nc = 0.7500002944768321      burner temperature = 2225.7653408304936    ambient Ps = 6.7534296143888355
burner out 12.805918373316242 112.04081182147505 2225.7653408304936 0.0 0.0 0.1352970502229541 0.0
HPT 0.9220143085628265
LPT  0.9174674369094431
core nozzle out 15.057704174067272 14.10017615842718 1270.3693294394525 7.098387559626211 1076.1436043898705 0.017737160203234317 1.0
bypass nozzle out 104.07785321842995 10.169229988432646 509.8478964534822 6.75343 453.43027799692663 0.04023532467473741 0.7857304578819271
1.938004708388997
HP power balance:  -2694.7963983639443 = 2694.8082461738722  +  0.0  HP extraction
LP power balance:  -1206.549129411056 + -551.5540958774338 = -1758.1032252884897 1758.1037925563533
 
converged
CASE #  191
--- 0.6 20000.0 ----------------------------------------------------
fan Nc = 0.6999999897516049      burner temperature = 2033.524737590115    ambient Ps = 6.7534296143888355
burner out 10.942425587047696 91.5774760386244 2033.524737590115 0.0 0.0 0.1210479480778002 0.0
HPT 0.9221116764948064
LPT  0.9105438792739596
core nozzle out 12.870999436106304 11.323119564735988 1154.5401763339241 6.75343 1013.5071226805752 0.017917662876483584 0.8703508113968561
bypass nozzle out 97.02950873669589 9.669197697632763 503.7701694844278 6.75343 454.5083982222534 0.040147968327023636 0.7332501923025178
1.7552140218694383
HP power balance:  -2135.0461978371973 = 2135.045354741424  +  0.0  HP extraction
LP power balance:  -887.5669739338462 + -441.5012390214217 = -1329.0682129552679 1329.1342816461895
 
converged
converged
CASE #  192
--- 0.7 20000.0 ----------------------------------------------------
fan Nc = 1.000000008491783      burner temperature = 3145.416747912995    ambient Ps = 6.753434106745267
burner out 24.641525504009497 255.84458344958213 3145.416747912995 0.0 0.0 0.21853142608634224 0.0
HPT 0.9219306107446603
LPT  0.9383619324590322
core nozzle out 28.927016074844108 29.566749660874272 1824.2803711273382 16.705312940372938 1570.2668891852904 0.028592438416033268 1.0
bypass nozzle out 138.88657456005924 14.410074812531853 557.1170372819278 7.151605332414127 463.7976857252005 0.04171799555319238 1.0
1.7944934208650247
HP power balance:  -7311.91077638912 = 7311.993952414967  +  0.0  HP extraction
LP power balance:  -3710.255498097998 + -1565.8880104573436 = -5276.143508555342 5275.951216052376
 
converged
CASE #  193
--- 0.7 20000.0 ----------------------------------------------------
fan Nc = 0.9499994063740772      burner temperature = 2997.531668634541    ambient Ps = 6.753434106745267
burner out 22.449053723301603 227.54766803393255 2997.531668634541 0.0 0.0 0.2039618656720834 0.0
HPT 0.9219834379790819
LPT  0.933018114098436
core nozzle out 26.360617005482162 26.306945926781413 1728.1159896546071 14.763723818299466 1483.7048583207247 0.026744788227461114 1.0
bypass nozzle out 135.06689283793096 13.933155830576613 550.5901696135927 6.918064858733639 458.32638317230663 0.040809794349771604 1.0
1.7586126946769212
HP power balance:  -6341.43826016571 = 6341.317693947756  +  0.0  HP extraction
LP power balance:  -3214.1898136028153 + -1369.903024652539 = -4584.092838255354 4583.961099544369
 
converged
CASE #  194
--- 0.7 20000.0 ----------------------------------------------------
fan Nc = 0.8999999478505788      burner temperature = 2802.9206395231095    ambient Ps = 6.753434106745267
burner out 19.929915303360012 195.41125022066174 2802.9206395231095 0.0 0.0 0.18733199198506564 0.0
HPT 0.9219782615250817
LPT  0.9284478709071508
core nozzle out 23.41106718483637 22.66985569472894 1608.1845208967552 12.587077441668812 1375.992094953407 0.024589793396908026 1.0
bypass nozzle out 129.80543206576823 13.20511540045942 541.7652669458341 6.75343 453.910484090642 0.04019641523819089 0.9803932673701418
1.7409175223869082
HP power balance:  -5280.683432201783 = 5280.613110932758  +  0.0  HP extraction
LP power balance:  -2595.7886859058563 + -1143.5992017484323 = -3739.3878876542885 3739.507746413505
 
converged
CASE #  195
--- 0.7 20000.0 ----------------------------------------------------
fan Nc = 0.8500000001354017      burner temperature = 2613.6897483511843    ambient Ps = 6.753434106745267
burner out 17.745776494480236 168.10011101576282 2613.6897483511843 0.0 0.0 0.17283693584512974 0.0
HPT 0.921939440245183
LPT  0.9243723633083591
core nozzle out 20.852450348983655 19.857043882822886 1505.6697714002994 10.80235750098064 1284.3070576645318 0.022610790183313526 1.0
bypass nozzle out 124.20810048900336 12.465481804669235 532.8779294234097 6.75343 452.78544013779964 0.04028757365302165 0.9371488026488674
1.7662972942436255
HP power balance:  -4371.506153210834 = 4371.532406525757  +  0.0  HP extraction
LP power balance:  -2023.2907658967506 + -947.5198187698693 = -2970.81058466662 2970.9647379917496
 
converged
CASE #  196
--- 0.7 20000.0 ----------------------------------------------------
fan Nc = 0.7999999994175163      burner temperature = 2433.295031481445    ambient Ps = 6.753434106745267
burner out 15.464274214707864 141.41996789429902 2433.295031481445 0.0 0.0 0.1561965513361203 0.0
HPT 0.9219297337114818
LPT  0.9236674586163991
core nozzle out 18.177511816874038 17.576277039725476 1399.0277696495448 9.038516342932954 1189.5137303004312 0.020426750967364408 1.0
bypass nozzle out 118.18411282576947 11.735840631533799 525.4803944095131 6.75343 452.91807113276815 0.04027682702287604 0.8918051125374564
1.7907913493285195
HP power balance:  -3556.0954311441637 = 3556.0951787067406  +  0.0  HP extraction
LP power balance:  -1561.9323089779316 + -788.5125226941708 = -2350.4448316721023 2350.57123914466
 
converged
CASE #  197
--- 0.7 20000.0 ----------------------------------------------------
fan Nc = 0.7499999875701703      burner temperature = 2207.824928094422    ambient Ps = 6.753434106745267
burner out 13.429744623303716 117.14035482568941 2207.824928094422 0.0 0.0 0.14259772501208487 0.0
HPT 0.9217902086452623
LPT  0.9212394976158543
core nozzle out 15.792394742210675 14.74064763991829 1261.502499035794 7.415620240330277 1068.2620057352754 0.018666030860197545 1.0
bypass nozzle out 112.48974213386953 11.080905663998031 518.9906139004029 6.75343 453.17349338105606 0.04025613104277 0.8490344454582056
1.7879202680889636
HP power balance:  -2792.390972364747 = 2792.388695445845  +  0.0  HP extraction
LP power balance:  -1188.606950574821 + -655.6329735679378 = -1844.2399241427588 1844.2428607879242
 
converged
CASE #  198
--- 0.7 20000.0 ----------------------------------------------------
fan Nc = 0.6999978157648427      burner temperature = 1996.7845555933973    ambient Ps = 6.753434106745267
burner out 11.183598361067329 92.80506318262185 1996.7845555933973 0.0 0.0 0.12491760961928391 0.0
HPT 0.9205043888657517
LPT  0.9152764018702879
core nozzle out 13.156005042343587 11.4552925597993 1132.5203675869775 6.75343 991.1374452576098 0.01832073128738012 0.8792574380047148
bypass nozzle out 105.99698929438031 10.380552173534914 512.8098252667653 6.75343 454.13515336607134 0.04017821106496052 0.800725353025055
1.6073606139511751
HP power balance:  -2131.7679279802155 = 2131.672591248293  +  0.0  HP extraction
LP power balance:  -855.4113810986739 + -500.73340791675935 = -1356.1447890154332 1356.1744229567184
 
converged
converged
CASE #  199
--- 0.75 20000.0 ----------------------------------------------------
fan Nc = 1.0000001094058437      burner temperature = 3216.128859979145    ambient Ps = 6.75343961523385
burner out 25.803592981144885 270.86399231453544 3216.128859979145 0.0 0.0 0.2262726254514937 0.0
HPT 0.9219777930272485
LPT  0.9388479484091272
core nozzle out 30.28712588244149 31.854911434027972 1875.3429536439733 17.76504733733511 1616.2378187174386 0.029539820397218156 1.0
bypass nozzle out 144.73237133980194 15.101937898415459 565.169512017474 7.503679717209793 470.5488802432666 0.04316398153542214 1.0
1.8055388173857256
HP power balance:  -7828.948123290728 = 7828.913234100365  +  0.0  HP extraction
LP power balance:  -3960.6916929393683 + -1632.325594812419 = -5593.017287751787 5593.357864176795
 
converged
CASE #  200
--- 0.75 20000.0 ----------------------------------------------------
fan Nc = 0.9499998569376452      burner temperature = 3039.752048282767    ambient Ps = 6.75343961523385
burner out 23.55589805928699 240.4628692430956 3039.752048282767 0.0 0.0 0.21254816801760368 0.0
HPT 0.9219662919895971
LPT  0.9328637808164383
core nozzle out 27.658492311544947 27.779034201397693 1756.587115822701 15.63484566962826 1509.263186485852 0.02784045461221061 1.0
bypass nozzle out 140.73658296757276 14.610873773753255 557.8773496449004 7.251427910205682 464.43508152731613 0.04224484373190978 1.0
1.7609534083813436
HP power balance:  -6770.352820614621 = 6770.5477394380405  +  0.0  HP extraction
LP power balance:  -3397.3020585458776 + -1452.6469709522923 = -4849.94902949817 4849.817733994509
 
converged
CASE #  201
--- 0.75 20000.0 ----------------------------------------------------
fan Nc = 0.8999993483613208      burner temperature = 2829.331952716894    ambient Ps = 6.75343961523385
burner out 20.832365020849082 205.26366604709347 2829.331952716894 0.0 0.0 0.19495051816725872 0.0
HPT 0.9219316994896338
LPT  0.9286801964360881
core nozzle out 24.470422278659314 23.741615295215045 1623.0404749891247 13.226551243097395 1389.2960098099807 0.025588763005348673 1.0
bypass nozzle out 134.8310679783417 13.880911678713215 548.9262452381198 6.896764441587368 456.9337215062858 0.04079938030510003 1.0
1.7087860368758683
HP power balance:  -5585.330504902369 = 5585.345335577224  +  0.0  HP extraction
LP power balance:  -2733.10445577524 + -1228.6992589229637 = -3961.8037146982033 3961.934556675615
 
converged
CASE #  202
--- 0.75 20000.0 ----------------------------------------------------
fan Nc = 0.849999998508164      burner temperature = 2629.271575691109    ambient Ps = 6.75343961523385
burner out 18.312947597449476 174.0179202364554 2629.271575691109 0.0 0.0 0.17786374805019045 0.0
HPT 0.9218889490864232
LPT  0.923987599514892
core nozzle out 21.518742517942737 20.306713367386042 1511.5759444580897 11.172831303328163 1289.5684163234844 0.02328900279498655 1.0
bypass nozzle out 129.15395746320934 13.096806627249531 539.5549940503981 6.75343 452.9213275151048 0.04027656316949401 0.974583132340695
1.7014483612516174
HP power balance:  -4539.529070025633 = 4539.546738810013  +  0.0  HP extraction
LP power balance:  -2109.4556489813617 + -1017.5071713487177 = -3126.9628203300795 3126.9832555950325
 
converged
CASE #  203
--- 0.75 20000.0 ----------------------------------------------------
fan Nc = 0.7999999997410818      burner temperature = 2443.3432211860454    ambient Ps = 6.75343961523385
burner out 16.038458030535494 146.99893292223396 2443.3432211860454 0.0 0.0 0.16168349996242912 0.0
HPT 0.9219031742690698
LPT  0.9241804973491224
core nozzle out 18.852507762558474 18.128952576313658 1403.91392596917 9.392553856313043 1193.8192274439216 0.021148121348385163 1.0
bypass nozzle out 123.09178612417924 12.329610599770898 531.611662898285 6.75343 452.91107610123896 0.04027739380605307 0.9288310637910916
1.7223688802473065
HP power balance:  -3723.2004442536027 = 3723.233366226158  +  0.0  HP extraction
LP power balance:  -1607.1311481432933 + -839.3642533781774 = -2446.4954015214707 2446.715508303557
 
converged
CASE #  204
--- 0.75 20000.0 ----------------------------------------------------
fan Nc = 0.7499999607573113      burner temperature = 2214.068157422373    ambient Ps = 6.75343961523385
burner out 13.713078377269904 119.79454721582935 2214.068157422373 0.0 0.0 0.14542282618271354 0.0
HPT 0.9217325629878238
LPT  0.9223361839096405
core nozzle out 16.12566901419682 15.070010573237582 1266.1048907388695 7.586604552758895 1072.270447955668 0.01902567129514126 1.0
bypass nozzle out 117.45829323236941 11.651692032912067 524.7137025986541 6.75343 453.011791389859 0.0402692331950506 0.8864033452562194
1.7159219173886826
HP power balance:  -2854.4210637239967 = 2854.41934463527  +  0.0  HP extraction
LP power balance:  -1201.676347240031 + -694.6227970085074 = -1896.2991442485384 1896.3059200824653
 
converged
CASE #  205
--- 0.75 20000.0 ----------------------------------------------------
fan Nc = 0.7000000172389231      burner temperature = 1979.8815527382512    ambient Ps = 6.75343961523385
burner out 11.371480204631391 93.99124832471747 1979.8815527382512 0.0 0.0 0.12761019809454752 0.0
HPT 0.9190781537395883
LPT  0.9177301806285294
core nozzle out 13.377780377768824 11.606959676258192 1123.021950829603 6.75343 979.9387854344071 0.01853483786954927 0.8885285781396607
bypass nozzle out 110.77031031024389 10.897067647872564 517.7585662029055 6.75343 453.7800215331203 0.04020698616736072 0.8365249726488272
1.547059329497883
HP power balance:  -2140.8509537373156 = 2140.854242923484  +  0.0  HP extraction
LP power balance:  -825.2526102709796 + -556.748822585158 = -1382.0014328561376 1381.9978894035457
 
converged
constraints False
True
converged
CASE #  206
--- 0.7 15000.0 ----------------------------------------------------
fan Nc = 0.93107799250366      burner temperature = 3360.0038043357254    ambient Ps = 8.293537448074284
burner out 28.760717248549145 308.3645353691107 3360.0038043357254 0.0 0.0 0.2465428847700481 0.0
HPT 0.9222573143500605
LPT  0.922679168554693
core nozzle out 33.74753232594628 37.935442464956495 1993.664082376324 20.489394967538413 1722.8220343081541 0.031960763027980586 1.0
bypass nozzle out 167.01098396638758 17.340642563281918 578.1660979267562 8.760272330256251 481.44606670647863 0.049247032646979896 1.0
1.838537623745366
HP power balance:  -9187.049374181168 = 9186.969564150157  +  0.0  HP extraction
LP power balance:  -4545.197667616374 + -1549.2483850560309 = -6094.446052672405 6094.538435417792
 
constraints False
True
converged
CASE #  207
--- 0.7 15000.0 ----------------------------------------------------
fan Nc = 0.931047093421714      burner temperature = 3359.999368347244    ambient Ps = 8.293537448074284
burner out 28.75953344692104 308.34946731705196 3359.999368347244 0.0 0.0 0.24653115961591376 0.0
HPT 0.9222573929851157
LPT  0.9226787584807729
core nozzle out 33.74614287116345 37.936371324644156 1993.6919789231601 20.490049194073663 1722.8469396406172 0.031961322606484696 1.0
bypass nozzle out 167.00617361060137 17.340210650048373 578.1601243744648 8.760009399411702 481.4410610707056 0.04924608064441624 1.0
1.8385595611581298
HP power balance:  -9186.641135443933 = 9186.619815178099  +  0.0  HP extraction
LP power balance:  -4544.651966796268 + -1549.1368272643203 = -6093.788794060589 6093.793182142321
 
converged
CASE #  208
--- 0.7 15000.0 ----------------------------------------------------
fan Nc = 0.8999999925156364      burner temperature = 3148.1741877441914    ambient Ps = 8.293537448074284
burner out 26.635586129899494 276.5496454816435 3148.1741877441914 0.0 0.0 0.2360066508650477 0.0
HPT 0.9221757593773416
LPT  0.9189705964395526
core nozzle out 31.267403995115785 32.84111999112101 1843.5000233183196 18.164035414418592 1587.457605331333 0.030750779485991996 1.0
bypass nozzle out 162.796138346167 16.892195859690325 571.9503356860148 8.490869776373552 476.2340432210875 0.048263509988833636 1.0
1.7801438098484217
HP power balance:  -7953.247255836809 = 7953.089081823305  +  0.0  HP extraction
LP power balance:  -3988.0277732503914 + -1444.723332148392 = -5432.751105398784 5432.728201626966
 
converged
CASE #  209
--- 0.7 15000.0 ----------------------------------------------------
fan Nc = 0.8500000153629693      burner temperature = 2837.2605008565265    ambient Ps = 8.293537448074284
burner out 23.049263579551116 227.42107106916478 2837.2605008565265 0.0 0.0 0.21538717783592431 0.0
HPT 0.921997736751878
LPT  0.9151699659989492
core nozzle out 27.07412381726064 26.234715564693307 1635.0483809180632 14.697807641098336 1400.0241305566155 0.028210928121201035 1.0
bypass nozzle out 154.77671615242724 16.04078849435799 560.8682689141118 8.29354 471.81058689959207 0.04758200876482034 0.9688110862883683
1.7422678310168385
HP power balance:  -6182.236454821874 = 6182.199362947915  +  0.0  HP extraction
LP power balance:  -3057.685923073056 + -1281.3693695336904 = -4339.055292606747 4339.071661815753
 
converged
CASE #  210
--- 0.7 15000.0 ----------------------------------------------------
fan Nc = 0.7999999863773024      burner temperature = 2623.2974053535204    ambient Ps = 8.293537448074284
burner out 20.084895839345094 190.6684418047848 2623.2974053535204 0.0 0.0 0.1953276260586435 0.0
HPT 0.9219653902804424
LPT  0.9105198519641107
core nozzle out 23.60165485130166 22.121781188201165 1506.9224830242558 12.232422479805756 1285.3627703412853 0.02558283804741679 1.0
bypass nozzle out 146.5548064599562 15.227257807640283 551.5827941804279 8.29354 471.7283502693754 0.04759019168136354 0.9172827747937872
1.769050851807689
HP power balance:  -4989.14305519 = 4989.2209778019205  +  0.0  HP extraction
LP power balance:  -2327.2800876999454 + -1091.3123337744235 = -3418.592421474369 3418.569299425633
 
converged
CASE #  211
--- 0.7 15000.0 ----------------------------------------------------
fan Nc = 0.7499999991324657      burner temperature = 2432.5703266524583    ambient Ps = 8.293537448074284
burner out 17.68831846074705 161.7890392124312 2432.5703266524583 0.0 0.0 0.17874861422084654 0.0
HPT 0.9219606390560939
LPT  0.9076985287846783
core nozzle out 20.79251889228314 19.44298251187433 1403.7493518646388 10.35782984299493 1193.605640894648 0.023325929673477065 1.0
bypass nozzle out 139.32219071990102 14.492719456915502 543.5705990752381 8.29354 471.47053804102956 0.04761584516379358 0.8717694938611853
1.798912313541015
HP power balance:  -4068.6524778073626 = 4068.6199043148804  +  0.0  HP extraction
LP power balance:  -1757.0615649539484 + -904.9805069406391 = -2662.0420718945875 2662.1534857029365
 
converged
CASE #  212
--- 0.7 15000.0 ----------------------------------------------------
fan Nc = 0.6999997807940187      burner temperature = 2164.7414047425405    ambient Ps = 8.293537448074284
burner out 14.665202684571803 126.70275049060767 2164.7414047425405 0.0 0.0 0.15731759352599597 0.0
HPT 0.9211630749079102
LPT  0.9103341435890172
core nozzle out 17.247187202245534 15.913405514392108 1242.2733655996872 8.29354 1060.2200684358959 0.021031378430339916 0.9726747352837184
bypass nozzle out 130.99991170013402 13.687555651542892 535.3972112271349 8.29354 471.6076815228675 0.04760219876725026 0.8198165065244931
1.7597717142587452
HP power balance:  -2977.863443603659 = 2977.8473480646426  +  0.0  HP extraction
LP power balance:  -1218.0189767863685 + -739.2976763251323 = -1957.3166531115007 1957.2599586045885
 
constraints False
True
converged
constraints False
True
converged
CASE #  213
--- 0.6 15000.0 ----------------------------------------------------
fan Nc = 0.9922686744733447      burner temperature = 3360.000547744766    ambient Ps = 8.293539972452887
burner out 28.812166904553084 308.93663837251495 3360.000547744766 0.0 0.0 0.24700049744995736 0.0
HPT 0.9221885309735612
LPT  0.9367793115597874
core nozzle out 33.8078649582082 37.92776971733819 1986.1574673645148 20.48560999102663 1716.1336612444693 0.03207859664622378 1.0
bypass nozzle out 158.60587223319325 16.481809748449134 569.3397838119066 8.29354 474.7103529154006 0.04729346893482437 0.9958204463214092
1.8557682001343054
HP power balance:  -9174.65461235651 = 9174.651900409692  +  0.0  HP extraction
LP power balance:  -4569.772133442271 + -1670.9285231827625 = -6240.700656625034 6240.68117524141
 
converged
CASE #  214
--- 0.6 15000.0 ----------------------------------------------------
fan Nc = 0.9500000125486342      burner temperature = 3180.604483877481    ambient Ps = 8.293539972452887
burner out 26.67770574044238 278.40081412447086 3180.604483877481 0.0 0.0 0.23517151568446343 0.0
HPT 0.9221350503331043
LPT  0.9293493424244842
core nozzle out 31.314642909075882 33.10661678318304 1859.7800678759131 18.285098601382042 1602.2189557140975 0.030665662293223712 1.0
bypass nozzle out 154.93122657926102 16.07952474066305 563.2011047424481 8.29354 473.3847920223346 0.047425368237267895 0.9713883032488284
1.8457933188198903
HP power balance:  -8030.267172541153 = 8030.247385401437  +  0.0  HP extraction
LP power balance:  -4038.947111688954 + -1536.4755906070868 = -5575.42270229604 5575.754584662316
 
converged
CASE #  215
--- 0.6 15000.0 ----------------------------------------------------
fan Nc = 0.8999999823592225      burner temperature = 2921.7556632814826    ambient Ps = 8.293539972452887
burner out 23.52789501412119 235.50342048310674 2921.7556632814826 0.0 0.0 0.21658719493308504 0.0
HPT 0.9220040321219166
LPT  0.9236238701916663
core nozzle out 27.631580835372926 27.163158840183563 1684.6862686559523 15.255188664460485 1444.6209750291696 0.02837951517607736 1.0
bypass nozzle out 147.6240208291773 15.338247745962066 553.6734107030863 8.29354 472.4237600866192 0.047520995260220876 0.9246398939878504
1.8508256194643395
HP power balance:  -6502.823145323829 = 6502.741627135294  +  0.0  HP extraction
LP power balance:  -3238.0954247920763 + -1363.3642732762123 = -4601.459698068289 4601.512620331699
 
converged
CASE #  216
--- 0.6 15000.0 ----------------------------------------------------
fan Nc = 0.8500000184233732      burner temperature = 2687.848440838863    ambient Ps = 8.293539972452887
burner out 20.55050550499707 197.42313749260393 2687.848440838863 0.0 0.0 0.19738072259824357 0.0
HPT 0.9219399485897948
LPT  0.9202905318358906
core nozzle out 24.145619354909073 22.83478347661255 1538.8253975411876 12.66401364107523 1313.915638596288 0.025908611064079202 1.0
bypass nozzle out 139.65994685336764 14.530703510340386 544.1979836713773 8.29354 471.68340348385516 0.04759466408975172 0.874082817468778
1.8754822515749523
HP power balance:  -5236.907972200434 = 5236.954717381102  +  0.0  HP extraction
LP power balance:  -2503.560784011025 + -1151.8958803850467 = -3655.4566643960716 3655.4342942929648
 
converged
CASE #  217
--- 0.6 15000.0 ----------------------------------------------------
fan Nc = 0.8000000000429113      burner temperature = 2513.6778751578063    ambient Ps = 8.293539972452887
burner out 18.225445004543086 169.38463849141456 2513.6778751578063 0.0 0.0 0.18109389681264354 0.0
HPT 0.9219394754375217
LPT  0.9148184275573983
core nozzle out 21.420358195920645 19.928361536345633 1446.9748878780372 10.85206026644948 1232.0153731819785 0.023680806438414217 1.0
bypass nozzle out 132.6384654976119 13.832830415330895 536.2294622633954 8.29354 471.00016310228403 0.047662649597020296 0.8295464249656433
1.9194447931669416
HP power balance:  -4324.829298746955 = 4324.829328026974  +  0.0  HP extraction
LP power balance:  -1940.7917309355153 + -957.8585422621045 = -2898.6502731976198 2898.6561997190283
 
converged
CASE #  218
--- 0.6 15000.0 ----------------------------------------------------
fan Nc = 0.7499999849469197      burner temperature = 2329.2947122764067    ambient Ps = 8.293539972452887
burner out 15.903490306344812 142.37010586081607 2329.2947122764067 0.0 0.0 0.1642750697178465 0.0
HPT 0.921948142283617
LPT  0.9142811422412983
core nozzle out 18.697635742823422 17.641809443735504 1338.1118620803131 9.069691455026152 1135.6298651028685 0.021472594594745854 1.0
bypass nozzle out 125.743073838588 13.190961586520551 529.2875789223766 8.29354 470.7229468184452 0.047690233870708205 0.7861957614649898
1.950224726717172
HP power balance:  -3509.9086875749967 = 3509.920108622972  +  0.0  HP extraction
LP power balance:  -1481.4846228551914 + -801.2433829919216 = -2282.7280058471133 2282.7012168953324
 
converged
CASE #  219
--- 0.6 15000.0 ----------------------------------------------------
fan Nc = 0.6999998938791031      burner temperature = 2073.2560033202803    ambient Ps = 8.293539972452887
burner out 13.518414557783037 114.31333609025867 2073.2560033202803 0.0 0.0 0.1482059890698866 0.0
HPT 0.920390530836759
LPT  0.914850288732964
core nozzle out 15.900786610333219 14.5371285890647 1185.7149752144828 8.29354 1036.8617540703647 0.02150792596991279 0.8860499826969008
bypass nozzle out 117.99079362816586 12.512229935228934 521.9848095536074 8.29354 470.46408845956074 0.04771599144785697 0.7375280652919831
1.7655231372107896
HP power balance:  -2643.9151867830387 = 2643.8922336846317  +  0.0  HP extraction
LP power balance:  -1043.3130212102851 + -662.4693706256816 = -1705.7823918359668 1705.7788228539534
 
constraints False
True
converged
converged
CASE #  220
--- 0.5 15000.0 ----------------------------------------------------
fan Nc = 0.999999987977877      burner temperature = 3161.213911452917    ambient Ps = 8.293539515998136
burner out 26.191512261161073 272.55539462446626 3161.213911452917 0.0 0.0 0.2316447050325785 0.0
HPT 0.9220031794109267
LPT  0.9388440864574765
core nozzle out 30.745224873742544 32.061596884239236 1839.435118409685 17.839057583131808 1583.9117302070797 0.03026902340346385 1.0
bypass nozzle out 146.08065226602383 15.211645888748293 554.697553472396 8.29354 474.46166564904047 0.04731821444227791 0.9169423072007657
1.942862265103121
HP power balance:  -7808.265317125407 = 7808.072213230728  +  0.0  HP extraction
LP power balance:  -3939.1536632785073 + -1629.5368203364678 = -5568.690483614975 5568.88383819049
 
converged
CASE #  221
--- 0.5 15000.0 ----------------------------------------------------
fan Nc = 0.9499998724697112      burner temperature = 2994.447952113048    ambient Ps = 8.293539515998136
burner out 23.947032867732062 242.6111008472144 2994.447952113048 0.0 0.0 0.2176914569471466 0.0
HPT 0.9219945042743292
LPT  0.9324311366395341
core nozzle out 28.119734360989995 27.974195902499996 1726.8077487425624 15.741250961185912 1482.5215756006078 0.028538628220978614 1.0
bypass nozzle out 141.1601470152103 14.718074447204188 548.1316967921908 8.29354 473.49440137163606 0.04741446161140877 0.8851465818547416
1.9543380917799038
HP power balance:  -6783.1773525398885 = 6783.358474859745  +  0.0  HP extraction
LP power balance:  -3397.107096398882 + -1450.9118769237891 = -4848.018973322671 4847.977325766662
 
converged
CASE #  222
--- 0.5 15000.0 ----------------------------------------------------
fan Nc = 0.8999989405079044      burner temperature = 2785.8839166536222    ambient Ps = 8.293539515998136
burner out 21.26821318865286 207.93835002135216 2785.8839166536222 0.0 0.0 0.20057125661595646 0.0
HPT 0.9219520655870876
LPT  0.9281493696155603
core nozzle out 24.983959174907046 24.01650429842244 1595.3831864585582 13.373424598677794 1364.5390957157135 0.026343871886480116 1.0
bypass nozzle out 134.55682493914918 14.03716374614511 539.7345083598418 8.29354 472.26324020515966 0.047536967714224 0.8426030586855636
1.978583524700408
HP power balance:  -5608.722417383853 = 5608.495450800111  +  0.0  HP extraction
LP power balance:  -2751.17610843433 + -1227.1392591056883 = -3978.3153675400185 3978.6364712061145
 
converged
CASE #  223
--- 0.5 15000.0 ----------------------------------------------------
fan Nc = 0.8500000063154328      burner temperature = 2586.2053938094946    ambient Ps = 8.293539515998136
burner out 18.678427439190582 176.02914611677085 2586.2053938094946 0.0 0.0 0.1829151586083994 0.0
HPT 0.921909322268899
LPT  0.9235931766833352
core nozzle out 21.949604875461983 20.498287509705193 1482.9396396739069 11.27670642174409 1264.1055768373294 0.023980579889070645 1.0
bypass nozzle out 126.58924930462055 13.276973585747422 530.9458741151844 8.29354 471.4205171607726 0.047620822467550825 0.7920588554674834
2.0334791432945143
HP power balance:  -4554.081375200771 = 4554.080821604816  +  0.0  HP extraction
LP power balance:  -2121.7557855036275 + -1018.7947746447536 = -3140.550560148381 3140.331247043924
 
converged
CASE #  224
--- 0.5 15000.0 ----------------------------------------------------
fan Nc = 0.7999999997677415      burner temperature = 2421.297056068254    ambient Ps = 8.293539515998136
burner out 16.73810536137231 152.70379075109557 2421.297056068254 0.0 0.0 0.16949750982385117 0.0
HPT 0.9219446994809966
LPT  0.9220448554053549
core nozzle out 19.675391316586147 18.67237080084948 1389.6091668533647 9.746093290345225 1181.1863242262873 0.02218398735559611 1.0
bypass nozzle out 120.1481784552679 12.695687873214634 523.8652516526794 8.29354 470.44927824456585 0.04771746513121402 0.7510033262195034
2.080085267229033
HP power balance:  -3852.9692431980484 = 3852.972263638075  +  0.0  HP extraction
LP power balance:  -1663.4900135035164 + -860.1321349260404 = -2523.6221484295565 2523.5844322041985
 
converged
CASE #  225
--- 0.5 15000.0 ----------------------------------------------------
fan Nc = 0.7499999867647101      burner temperature = 2226.4306113462408    ambient Ps = 8.293539515998136
burner out 14.483711216407238 126.824120061627 2226.4306113462408 0.0 0.0 0.15310403103091272 0.0
HPT 0.9218199155731693
LPT  0.918704773545937
core nozzle out 17.03114200068375 15.919364516550372 1274.4342723649904 8.29354 1088.351402246006 0.020488067755650163 0.9738984958787751
bypass nozzle out 113.64601203716322 12.149757644964152 517.8962504630686 8.29354 470.15480381858765 0.04774676666807827 0.7101431122177103
2.062358687878095
HP power balance:  -3020.401467773308 = 3020.4070954339727  +  0.0  HP extraction
LP power balance:  -1291.6682704095142 + -721.1937716778968 = -2012.862042087411 2012.8668889056137
 
converged
CASE #  226
--- 0.5 15000.0 ----------------------------------------------------
fan Nc = 0.6999999730988808      burner temperature = 2014.0480467452007    ambient Ps = 8.293539515998136
burner out 12.693848904577573 105.80372905746599 2014.0480467452007 0.0 0.0 0.1412047547778713 0.0
HPT 0.9199828694474673
LPT  0.9179759178953519
core nozzle out 14.932193228812812 13.647542007930152 1150.2380490474293 8.29354 1022.1934501850823 0.021819564939570744 0.8256388431830795
bypass nozzle out 106.13561309539037 11.558438361835561 511.4163137707665 8.29354 469.8225411594717 0.047779828305000924 0.6629861867776405
1.8191355914942497
HP power balance:  -2421.847445229255 = 2421.6631152683035  +  0.0  HP extraction
LP power balance:  -931.8582223432273 + -602.7660347838026 = -1534.62425712703 1534.6185972321982
 
converged
converged
CASE #  227
--- 0.4 15000.0 ----------------------------------------------------
fan Nc = 0.9999999994024695      burner temperature = 3110.629567790747    ambient Ps = 8.293540029937116
burner out 24.93804112222901 257.44600416010144 3110.629567790747 0.0 0.0 0.22236620648844005 0.0
HPT 0.9219962507714996
LPT  0.937150689078763
core nozzle out 29.276414234555318 29.729882884900334 1802.1840470510963 16.796839064460595 1550.4276101374455 0.0291103204611631 1.0
bypass nozzle out 137.80187468427803 14.400616548102475 546.1160459638024 8.29354 474.64327178582084 0.04730014381052791 0.8651409850149375
2.0386187111976284
HP power balance:  -7318.493860767382 = 7318.493134798007  +  0.0  HP extraction
LP power balance:  -3712.139385492113 + -1545.316531148117 = -5257.4559166402305 5257.13588771171
 
converged
CASE #  228
--- 0.4 15000.0 ----------------------------------------------------
fan Nc = 0.9499999786814497      burner temperature = 2944.4062056248063    ambient Ps = 8.293540029937116
burner out 22.6353096463169 227.36393631104852 2944.4062056248063 0.0 0.0 0.20748124225420483 0.0
HPT 0.9220228407570293
LPT  0.9325024503591305
core nozzle out 26.581448956110062 26.245978842800522 1693.3414769618705 14.719898564117061 1452.5098629029285 0.027232991442956576 1.0
bypass nozzle out 132.84139133835356 13.892200965298853 539.5769513887849 8.29354 473.47984234350514 0.0474159103005371 0.8329284156054089
2.0573513281668956
HP power balance:  -6280.589188829124 = 6280.562550970376  +  0.0  HP extraction
LP power balance:  -3192.039940513691 + -1340.6030914529226 = -4532.643031966613 4532.685047518827
 
converged
CASE #  229
--- 0.4 15000.0 ----------------------------------------------------
fan Nc = 0.8999999516700504      burner temperature = 2754.216617797717    ambient Ps = 8.293540029937116
burner out 20.25179387516758 196.8225741094416 2754.216617797717 0.0 0.0 0.19202567344184807 0.0
HPT 0.9220117576056727
LPT  0.927644971021881
core nozzle out 23.790874277391936 22.775137521190683 1575.7091828787457 12.649439612807138 1347.025108915248 0.025236954738958452 1.0
bypass nozzle out 126.2195096771094 13.255238628144308 531.6620115303037 8.29354 472.27395912349687 0.04753590113338338 0.790451251433686
2.096496136828358
HP power balance:  -5278.845310967446 = 5278.845424998669  +  0.0  HP extraction
LP power balance:  -2604.2362723530396 + -1125.7389168908921 = -3729.9751892439317 3730.0067115532333
 
converged
CASE #  230
--- 0.4 15000.0 ----------------------------------------------------
fan Nc = 0.8500000002390824      burner temperature = 2577.518214902863    ambient Ps = 8.293540029937116
burner out 18.002254146063947 169.32813025807522 2577.518214902863 0.0 0.0 0.1765479791408207 0.0
HPT 0.9219803648201177
LPT  0.9227884198280668
core nozzle out 21.15485273852535 19.9195437749256 1481.7246365199142 10.863025469216526 1263.0514162495908 0.0231197773210089 1.0
bypass nozzle out 118.12864078203224 12.534987033783258 523.3673062440483 8.29354 471.50471474951735 0.04761244442676752 0.739186352897591
2.177858276724548
HP power balance:  -4372.843417583582 = 4372.845982269973  +  0.0  HP extraction
LP power balance:  -2028.8074685086106 + -942.3278554003796 = -2971.1353239089904 2971.145157464676
 
converged
CASE #  231
--- 0.4 15000.0 ----------------------------------------------------
fan Nc = 0.799999999996249      burner temperature = 2409.642408890315    ambient Ps = 8.293540029937116
burner out 16.070812146825574 146.23162283886506 2409.642408890315 0.0 0.0 0.1630924338117508 0.0
HPT 0.9219993860526118
LPT  0.9214063621756524
core nozzle out 18.890993872909817 18.039387307828207 1382.2863173499131 9.33052199948601 1174.758210251914 0.02135486906256915 1.0
bypass nozzle out 111.43032859752768 11.976844633638704 516.7808712792109 8.29354 470.7647018455457 0.047686079056714466 0.6967365544016972
2.2355715082055396
HP power balance:  -3676.830866734714 = 3676.819113314119  +  0.0  HP extraction
LP power balance:  -1608.9851244605693 + -797.4586974390775 = -2406.4438218996465 2406.38490995967
 
converged
CASE #  232
--- 0.4 15000.0 ----------------------------------------------------
fan Nc = 0.7499999996804935      burner temperature = 2221.6371952948507    ambient Ps = 8.293540029937116
burner out 14.186555676527162 124.06739335207955 2221.6371952948507 0.0 0.0 0.15009865984026075 0.0
HPT 0.9218920094243763
LPT  0.9173057385492583
core nozzle out 16.681526209481575 15.615554638850707 1271.3742711391212 8.29354 1091.7349199667065 0.020422739881337353 0.9555591588559813
bypass nozzle out 105.23898089324766 11.493466172688054 511.2423524932121 8.29354 470.27407828495893 0.04773489831936944 0.6576693941259997
2.1878954257770906
HP power balance:  -2958.0769272165526 = 2958.066421533808  +  0.0  HP extraction
LP power balance:  -1277.620928211179 + -675.1760054076268 = -1952.7969336188057 1952.8382762550016
 
converged
CASE #  233
--- 0.4 15000.0 ----------------------------------------------------
fan Nc = 0.6999999059404024      burner temperature = 2041.9310574138647    ambient Ps = 8.293540029937116
burner out 12.483158753464966 104.73095764272306 2041.9310574138647 0.0 0.0 0.13785725408647573 0.0
HPT 0.921323137965468
LPT  0.9145273063802526
core nozzle out 14.683274727175334 13.530710164391072 1166.4057924387369 8.29354 1038.848089250971 0.021465794062484462 0.81899747842027
bypass nozzle out 98.09450127665889 10.973275995995348 505.41210994433624 8.29354 469.86406988940803 0.04777569600859823 0.6127825664429778
1.9672029152611399
HP power balance:  -2421.6407268921894 = 2421.646434128736  +  0.0  HP extraction
LP power balance:  -959.906614967575 + -557.7241505969056 = -1517.6307655644805 1517.619302787562
 
converged
converged
CASE #  234
--- 0.3 15000.0 ----------------------------------------------------
fan Nc = 1.000000004992723      burner temperature = 3079.158646098457    ambient Ps = 8.293539981827568
burner out 23.97404632354699 246.20315254576573 3079.158646098457 0.0 0.0 0.21483599025462966 0.0
HPT 0.9220441109387018
LPT  0.9369308593200252
core nozzle out 28.146138007872853 28.423302016307673 1777.9978543716793 16.020864608222777 1528.6902446708273 0.02816766496079301 1.0
bypass nozzle out 131.72149771580584 13.802859339841639 539.8205409281983 8.29354 474.5386831310503 0.047310550854579914 0.8268737980608504
2.1193440371423904
HP power balance:  -6976.296522295313 = 6976.319539649606  +  0.0  HP extraction
LP power balance:  -3565.5554592741796 + -1457.85386104643 = -5023.409320320609 5023.444754464383
 
converged
CASE #  235
--- 0.3 15000.0 ----------------------------------------------------
fan Nc = 0.9500001973988856      burner temperature = 2914.054139738417    ambient Ps = 8.293539981827568
burner out 21.81802801573835 218.01465923234716 2914.054139738417 0.0 0.0 0.20102956273435346 0.0
HPT 0.9220635124503935
LPT  0.9324125710331842
core nozzle out 25.62277482804145 25.192479059942674 1673.3766247302249 14.093585690972091 1434.6103446307625 0.026405220784520973 1.0
bypass nozzle out 126.40016743288383 13.289046872403148 533.404683884587 8.29354 473.53765568743046 0.04741015761141089 0.79261045739748
2.149515454174949
HP power balance:  -5996.564676904345 = 5996.60116722276  +  0.0  HP extraction
LP power balance:  -3063.0584277144962 + -1250.8248334409955 = -4313.883261155492 4313.783702552018
 
converged
CASE #  236
--- 0.3 15000.0 ----------------------------------------------------
fan Nc = 0.8999989675301584      burner temperature = 2746.130301587168    ambient Ps = 8.293539981827568
burner out 19.494833201972966 189.1449108363371 2746.130301587168 0.0 0.0 0.18507814428020308 0.0
HPT 0.9220687289584615
LPT  0.9263609748527296
core nozzle out 22.90148843763326 21.96373686899707 1574.552595003598 12.172487466164377 1346.0112181352729 0.02430426207570085 1.0
bypass nozzle out 119.23506360020156 12.642387656515542 525.7859224957624 8.29354 472.69137493669155 0.047494366372606046 0.747020256901997
2.2166120799065974
HP power balance:  -5049.5241585475915 = 5049.665336758195  +  0.0  HP extraction
LP power balance:  -2499.5579665470514 + -1051.013618208885 = -3550.5715847559363 3550.70178679398
 
converged
CASE #  237
--- 0.3 15000.0 ----------------------------------------------------
fan Nc = 0.8499999996892064      burner temperature = 2574.5295327823164    ambient Ps = 8.293539981827568
burner out 17.505740475901217 164.528637024423 2574.5295327823164 0.0 0.0 0.17174280126421893 0.0
HPT 0.9220367216897861
LPT  0.9225596418773747
core nozzle out 20.571145836935376 19.618966048442374 1481.5293040215042 10.562750911840986 1262.906220593128 0.02248320368286074 1.0
bypass nozzle out 111.59744124791071 11.997705046429939 517.9747991587767 8.29354 471.6520667684337 0.04759778223462653 0.6984246429803314
2.304439537852956
HP power balance:  -4246.821890636377 = 4246.822268393325  +  0.0  HP extraction
LP power balance:  -1976.5135279702151 + -887.6271144041986 = -2864.140642374414 2864.1441532660847
 
converged
CASE #  238
--- 0.3 15000.0 ----------------------------------------------------
fan Nc = 0.7999999946391956      burner temperature = 2405.4898495754487    ambient Ps = 8.293539981827568
burner out 15.627762731578116 142.05639801202526 2405.4898495754487 0.0 0.0 0.1587050803600838 0.0
HPT 0.9220284032006913
LPT  0.9203580039977118
core nozzle out 18.36997368650885 17.62432613782807 1380.7515233535826 9.067886088819105 1173.4350874013612 0.02077710310761227 1.0
bypass nozzle out 104.62480681715695 11.453011730533246 511.77312437405146 8.29354 471.1349357006559 0.047649239114101904 0.6544356376824151
2.377842481829635
HP power balance:  -3555.3484501549633 = 3555.3503384286087  +  0.0  HP extraction
LP power balance:  -1582.3275174741634 + -752.4146333973296 = -2334.742150871493 2334.70908669833
 
converged
CASE #  239
--- 0.3 15000.0 ----------------------------------------------------
fan Nc = 0.7500011399738155      burner temperature = 2229.935150048204    ambient Ps = 8.293539981827568
burner out 13.940946104244341 122.1302193786423 2229.935150048204 0.0 0.0 0.14720412768298644 0.0
HPT 0.9219671397010498
LPT  0.9154994592706498
core nozzle out 16.392224717707865 15.405870111006074 1276.4630218525715 8.29354 1100.3383971072453 0.020257194217210853 0.9432594651541242
bypass nozzle out 98.39660034865607 10.997789857083236 506.5186792559573 8.29354 470.6379290029499 0.04769869352776188 0.6151671080961727
2.316608636638719
HP power balance:  -2923.2227794880123 = 2923.079176569976  +  0.0  HP extraction
LP power balance:  -1273.4523432966023 + -640.7473314556413 = -1914.1996747522435 1914.3402328587524
 
converged
CASE #  240
--- 0.3 15000.0 ----------------------------------------------------
fan Nc = 0.6999997969369905      burner temperature = 2071.486920265774    ambient Ps = 8.293539981827568
burner out 12.303572805254456 103.92044975695303 2071.486920265774 0.0 0.0 0.1348451614589755 0.0
HPT 0.92209229223197
LPT  0.9104626993374898
core nozzle out 14.470944463899313 13.458646577158106 1184.4611836273732 8.29354 1056.5985632629042 0.021101494954619677 0.8146114946972591
bypass nozzle out 91.63739135878272 10.537586028692191 501.40148030662095 8.29354 470.3121400450828 0.04773111100213915 0.5727111285608085
2.1093641627000386
HP power balance:  -2424.8691394699526 = 2424.8003095583144  +  0.0  HP extraction
LP power balance:  -993.963308572783 + -511.5859983651519 = -1505.549306937935 1505.5749613589965
 
converged
constraints False
True
converged
CASE #  241
--- 0.6 10000.0 ----------------------------------------------------
fan Nc = 0.8890349388551607      burner temperature = 3359.9974260453814    ambient Ps = 10.106500250052347
burner out 30.083278882625905 322.48532915476216 3359.9974260453814 0.0 0.0 0.257833228119457 0.0
HPT 0.922330679706449
LPT  0.9110330851622647
core nozzle out 35.29910618976069 39.285893951813414 1996.6339859909162 21.448367037454208 1725.4964808449743 0.03340478785086528 1.0
bypass nozzle out 183.63070099606884 18.7888114669315 583.1609470239339 10.1065 491.4694547815212 0.055599632916753704 0.964006050402262
1.8891816269717903
HP power balance:  -9613.753419695224 = 9613.749376456975  +  0.0  HP extraction
LP power balance:  -4817.77514498365 + -1500.5842033198119 = -6318.359348303462 6318.561464382019
 
constraints False
True
converged
CASE #  242
--- 0.6 10000.0 ----------------------------------------------------
fan Nc = 0.8890304286512483      burner temperature = 3360.0049503784935    ambient Ps = 10.106500250052347
burner out 30.08146876041651 322.47307092907687 3360.0049503784935 0.0 0.0 0.2578228480521895 0.0
HPT 0.9223309329769892
LPT  0.9110404951552095
core nozzle out 35.296977478481224 39.28804387168405 1996.6784880549365 21.449889420430527 1725.5365730878382 0.033406381597745616 1.0
bypass nozzle out 183.62153200535207 18.788567306552757 583.1577239013274 10.1065 491.46906771904 0.05559967985044676 0.9639914742397966
1.8892311582222772
HP power balance:  -9612.392924672795 = 9613.069005902085  +  0.0  HP extraction
LP power balance:  -4817.287485700956 + -1500.5147523344272 = -6317.802238035383 6317.712159055525
 
constraints False
True
converged
CASE #  243
--- 0.6 10000.0 ----------------------------------------------------
fan Nc = 0.8890417473625896      burner temperature = 3359.9888215595965    ambient Ps = 10.106500250052347
burner out 30.082542851028514 322.47739294229683 3359.9888215595965 0.0 0.0 0.25782753828438093 0.0
HPT 0.9223306736053448
LPT  0.9110442082029651
core nozzle out 35.29824283298859 39.28792189491533 1996.6603895981873 21.44980170572253 1725.5199946032312 0.0334065668085136 1.0
bypass nozzle out 183.62024915559124 18.78872612626999 583.1598084670302 10.1065 491.46930953606113 0.05559965052865403 0.9640009543299104
1.8892039974518244
HP power balance:  -9613.439608910992 = 9613.449000073197  +  0.0  HP extraction
LP power balance:  -4817.441341356128 + -1500.546002104983 = -6317.987343461111 6317.958234882884
 
converged
CASE #  244
--- 0.6 10000.0 ----------------------------------------------------
fan Nc = 0.850000000964379      burner temperature = 3068.3436030479534    ambient Ps = 10.106500250052347
burner out 27.170543554640908 278.5056499144522 3068.3436030479534 0.0 0.0 0.24388146968208113 0.0
HPT 0.922231776982031
LPT  0.909239627033023
core nozzle out 31.900267439151577 33.1150006348916 1796.9135650361452 18.265661762247124 1545.455586836466 0.031760711381393573 1.0
bypass nozzle out 175.44076505106193 18.07309885895544 574.2765846710413 10.1065 490.80297558099926 0.05568044759589873 0.9202934412274824
1.8823940358303042
HP power balance:  -7920.632165102441 = 7920.632366268806  +  0.0  HP extraction
LP power balance:  -3942.5540223217968 + -1366.8690161128707 = -5309.423038434667 5309.422179849251
 
converged
CASE #  245
--- 0.6 10000.0 ----------------------------------------------------
fan Nc = 0.7999999680424816      burner temperature = 2755.1937412171937    ambient Ps = 10.106500250052347
burner out 23.470781805703112 228.2373797161709 2755.1937412171937 0.0 0.0 0.22259865867752798 0.0
HPT 0.9220639851960324
LPT  0.9046897947143905
core nozzle out 27.573476957117897 26.30915615707631 1587.8945940930623 14.720928665321821 1357.728019447157 0.029141139530323955 1.0
bypass nozzle out 165.19574467764258 17.232632501914416 564.2413165060221 10.1065 490.3506269995658 0.05573529762789015 0.8661046850735514
1.8852082611322987
HP power balance:  -6127.209791270663 = 6127.218739033412  +  0.0  HP extraction
LP power balance:  -3013.01685582561 + -1207.1482926689714 = -4220.165148494581 4220.1500009528345
 
converged
CASE #  246
--- 0.6 10000.0 ----------------------------------------------------
fan Nc = 0.7499999996878579      burner temperature = 2536.844440509561    ambient Ps = 10.106500250052347
burner out 20.574506671642432 192.1365882825899 2536.844440509561 0.0 0.0 0.20354211866893618 0.0
HPT 0.9220173594069544
LPT  0.8995688301494061
core nozzle out 24.180972875489992 22.260695640599344 1457.2084154838883 12.30031496676437 1241.0855067936554 0.026641197358713647 1.0
bypass nozzle out 155.92364039100963 16.51630455004439 555.4051013494463 10.1065 489.72990644047167 0.05581056379190942 0.8168889216123504
1.9185267175717144
HP power balance:  -4953.467363775679 = 4953.5807102178105  +  0.0  HP extraction
LP power balance:  -2277.1745287389144 + -1056.9488338576177 = -3334.1233625965324 3334.0650953173526
 
converged
CASE #  247
--- 0.6 10000.0 ----------------------------------------------------
fan Nc = 0.7000000309959427      burner temperature = 2312.0312623768505    ambient Ps = 10.106500250052347
burner out 17.82376797135259 159.05308730634425 2312.0312623768505 0.0 0.0 0.1848919263450507 0.0
HPT 0.9219538536020286
LPT  0.8972585145291546
core nozzle out 20.956575578352837 19.255869024526547 1334.3668051687487 10.14829725848749 1132.2285251117946 0.0240997342273051 1.0
bypass nozzle out 145.24579337539112 15.722286924905486 546.7675629327306 10.1065 489.7553159596943 0.05580748273230306 0.7609728692639385
1.973093365250999
HP power balance:  -3911.094108905106 = 3911.1031610363293  +  0.0  HP extraction
LP power balance:  -1616.1845677086146 + -876.1351189462825 = -2492.319686654897 2492.342017092455
 
constraints False
True
converged
constraints False
True
converged
CASE #  248
--- 0.5 10000.0 ----------------------------------------------------
fan Nc = 0.9177973206445573      burner temperature = 3359.9991678816973    ambient Ps = 10.10650024189791
burner out 29.64126378411078 317.7701470017624 3359.9991678816973 0.0 0.0 0.2540627210073011 0.0
HPT 0.9223059409365948
LPT  0.9170459636019366
core nozzle out 34.780173570957494 38.8236911459277 1994.2460845386568 21.12082259627859 1723.392764616605 0.03293474422696546 1.0
bypass nozzle out 174.10666082529315 17.975202264208633 574.3633373110744 10.1065 491.7931409183108 0.05556038399305457 0.9144068028195459
1.9898422523682628
HP power balance:  -9462.540021273207 = 9462.483317049964  +  0.0  HP extraction
LP power balance:  -4726.658317578317 + -1537.2307175362046 = -6263.889035114522 6264.270881755975
 
constraints False
True
converged
CASE #  249
--- 0.5 10000.0 ----------------------------------------------------
fan Nc = 0.9177787168859136      burner temperature = 3359.9990163646094    ambient Ps = 10.10650024189791
burner out 29.64190860637006 317.7620562235444 3359.9990163646094 0.0 0.0 0.2540562628881777 0.0
HPT 0.9223059969488716
LPT  0.917048088706934
core nozzle out 34.7809297711836 38.82518807255068 1994.2736188990027 21.121880490171442 1723.417348785013 0.03293592483775422 1.0
bypass nozzle out 174.1140802072214 17.974980727802258 574.3601502343705 10.1065 491.7925716160741 0.055560453024432535 0.914392779777127
1.98988719802908
HP power balance:  -9462.733153473677 = 9462.716127181093  +  0.0  HP extraction
LP power balance:  -4726.618491788676 + -1537.2336656472949 = -6263.852157435971 6263.972989637076
 
converged
CASE #  250
--- 0.5 10000.0 ----------------------------------------------------
fan Nc = 0.9000000000028667      burner temperature = 3272.9813323134445    ambient Ps = 10.10650024189791
burner out 28.789023985394447 304.60850091092334 3272.9813323134445 0.0 0.0 0.2500340650989416 0.0
HPT 0.9223138453178493
LPT  0.9167434304761647
core nozzle out 33.78616173368513 37.55240956153104 1938.9385629601961 20.193890402844506 1673.464161040083 0.032430039736301194 1.0
bypass nozzle out 171.13755548172074 17.720696991868053 570.7886651156431 10.1065 491.21112471922316 0.05563095701671328 0.8981512219135918
1.9998133948364094
HP power balance:  -8972.28868236914 = 8972.637764677742  +  0.0  HP extraction
LP power balance:  -4390.19009023812 + -1475.4035733421138 = -5865.593663580234 5865.485128232492
 
converged
CASE #  251
--- 0.5 10000.0 ----------------------------------------------------
fan Nc = 0.8499999999766167      burner temperature = 2895.1433837089567    ambient Ps = 10.10650024189791
burner out 24.93165203229739 248.38742008832625 2895.1433837089567 0.0 0.0 0.23052802452336704 0.0
HPT 0.9221171724030567
LPT  0.911460629894157
core nozzle out 29.281594196218833 28.62258952001467 1673.9881182261577 16.104922998521147 1434.9583574586504 0.030166480577988534 1.0
bypass nozzle out 160.9586271836543 16.90007789926872 560.2076440314208 10.1065 490.11937624604263 0.05576333819604799 0.843652324625203
1.9858192832462542
HP power balance:  -6866.810585630222 = 6866.798568172463  +  0.0  HP extraction
LP power balance:  -3397.9957020254546 + -1314.1893433600474 = -4712.185045385502 4712.181774321592
 
converged
CASE #  252
--- 0.5 10000.0 ----------------------------------------------------
fan Nc = 0.8000000043129057      burner temperature = 2655.2765264981085    ambient Ps = 10.10650024189791
burner out 21.994199956935052 210.04379940005518 2655.2765264981085 0.0 0.0 0.21257044967816802 0.0
HPT 0.9220144581401156
LPT  0.9073494648529774
core nozzle out 25.843526168708895 24.218326111827942 1523.2088441934204 13.480849963234006 1299.9780042058944 0.02786771075938972 1.0
bypass nozzle out 151.48518169316753 16.190026506933588 551.513200453435 10.1065 489.55753704097464 0.05583146463578251 0.7934773073669414
2.0183730934399207
HP power balance:  -5548.0934555563745 = 5548.058489478527  +  0.0  HP extraction
LP power balance:  -2646.8876168468023 + -1157.2706238978224 = -3804.158240744625 3804.175664638003
 
converged
CASE #  253
--- 0.5 10000.0 ----------------------------------------------------
fan Nc = 0.7500000981938442      burner temperature = 2477.486295447105    ambient Ps = 10.10650024189791
burner out 19.38630360428034 178.9011908960455 2477.486295447105 0.0 0.0 0.19406932648758307 0.0
HPT 0.9220335438749461
LPT  0.90070187929203
core nozzle out 22.786469890530025 20.813053621124165 1424.3627911132623 11.443680441229388 1211.9556863286523 0.02538334468464024 1.0
bypass nozzle out 142.4739539243893 15.508648421502976 544.100891672821 10.1065 489.3399897556388 0.05585784357461439 0.7460944062337955
2.0782477624139637
HP power balance:  -4550.105825374159 = 4550.159083599163  +  0.0  HP extraction
LP power balance:  -2053.601870406536 + -971.7702726681268 = -3025.3721430746627 3025.289098163136
 
converged
CASE #  254
--- 0.5 10000.0 ----------------------------------------------------
fan Nc = 0.7000000198982016      burner temperature = 2266.257151701684    ambient Ps = 10.10650024189791
burner out 16.915681648321332 149.4369568989222 2266.257151701684 0.0 0.0 0.17722796094435223 0.0
HPT 0.9220290831124879
LPT  0.8997097119836305
core nozzle out 19.89024226714681 18.376670262533874 1303.3741018555486 10.1065 1122.3571559454892 0.024212649913302006 0.9485551925340655
bypass nozzle out 132.64392904407703 14.798676985343869 536.2357404802423 10.1065 488.8639789121617 0.05591556280059327 0.694229965734188
2.0450485172579933
HP power balance:  -3664.7720320329795 = 3664.7949387464328  +  0.0  HP extraction
LP power balance:  -1490.7378626767409 + -810.6740061249752 = -2301.411868801716 2301.2562080187336
 
constraints False
True
converged
constraints False
True
converged
CASE #  255
--- 0.4 10000.0 ----------------------------------------------------
fan Nc = 0.9453909893369502      burner temperature = 3359.989478559178    ambient Ps = 10.106500423313031
burner out 29.425854023740094 315.4649145068935 3359.989478559178 0.0 0.0 0.2522200717204851 0.0
HPT 0.9222803509055276
LPT  0.9228490666129702
core nozzle out 34.52723905127618 38.587895106957625 1991.3974355705004 20.954108197016318 1720.8692666223528 0.032722509827940595 1.0
bypass nozzle out 166.71929237600577 17.369686040979094 567.6138917118391 10.1065 491.8663064776187 0.05555151222151946 0.8756606546350025
2.0762909529564713
HP power balance:  -9386.62357596813 = 9386.036034662598  +  0.0  HP extraction
LP power balance:  -4686.5707393419625 + -1576.6012885221157 = -6263.172027864079 6263.270045486199
 
constraints False
True
converged
CASE #  256
--- 0.4 10000.0 ----------------------------------------------------
fan Nc = 0.9453213291963577      burner temperature = 3359.991337793975    ambient Ps = 10.106500423313031
burner out 29.42481661501239 315.43801713339025 3359.991337793975 0.0 0.0 0.2521984243390354 0.0
HPT 0.9222805797519661
LPT  0.9228343640730794
core nozzle out 34.5260193375234 38.586567755586074 1991.4227037031042 20.953162302718816 1720.8920136087615 0.0327206019204743 1.0
bypass nozzle out 166.72237645308041 17.369086823451433 567.6052762787987 10.1065 491.86477081326615 0.05555169843021409 0.8756209302987888
2.076401021599506
HP power balance:  -9386.064729787407 = 9385.758502428298  +  0.0  HP extraction
LP power balance:  -4686.028556825452 + -1576.434954572122 = -6262.463511397575 6262.626395138069
 
converged
CASE #  257
--- 0.4 10000.0 ----------------------------------------------------
fan Nc = 0.899999999895933      burner temperature = 3066.5046531476    ambient Ps = 10.106500423313031
burner out 26.483827418213053 271.39527836454505 3066.5046531476 0.0 0.0 0.2377964321463005 0.0
HPT 0.9221824157428621
LPT  0.9183274819681542
core nozzle out 31.09368447941373 31.88129543048895 1787.1841196432076 17.749002815549183 1536.8006834461073 0.03103982491662633 1.0
bypass nozzle out 158.4754123574617 16.71573588484197 558.9458830969228 10.1065 490.80028173566905 0.05568077424112015 0.8312964011638092
2.0784382804143093
HP power balance:  -7699.7210592014135 = 7699.620407588234  +  0.0  HP extraction
LP power balance:  -3861.957522181808 + -1424.3100979690946 = -5286.267620150903 5286.217214874993
 
converged
CASE #  258
--- 0.4 10000.0 ----------------------------------------------------
fan Nc = 0.8499998256713338      burner temperature = 2787.520742036125    ambient Ps = 10.106500423313031
burner out 23.08013098702744 225.71175639027769 2787.520742036125 0.0 0.0 0.21758608229385168 0.0
HPT 0.9220240920669642
LPT  0.9143432126308122
core nozzle out 27.11237744421688 26.027477093530063 1603.5958211067534 14.553613886175595 1371.831318288482 0.028517785815938737 1.0
bypass nozzle out 147.4607423374953 15.902092411975019 549.4174128308136 10.1065 490.47268363715733 0.055720497514103025 0.7732213259643659
2.1214111823448736
HP power balance:  -6078.35500236693 = 6078.201772367831  +  0.0  HP extraction
LP power balance:  -2995.766313682689 + -1261.1981535516923 = -4256.964467234381 4256.975219136159
 
converged
CASE #  259
--- 0.4 10000.0 ----------------------------------------------------
fan Nc = 0.7999999835230869      burner temperature = 2590.293759331295    ambient Ps = 10.106500423313031
burner out 20.389039383428237 192.3003442202364 2590.293759331295 0.0 0.0 0.19950447349487024 0.0
HPT 0.9220216410958431
LPT  0.9089035277745221
core nozzle out 23.95994475338073 22.272290371348216 1484.9289290042277 12.316992280660141 1265.8460527656673 0.02615737815096287 1.0
bypass nozzle out 138.52854594357424 15.223125394379322 541.4850480835623 10.1065 489.6449316723736 0.05582086750223359 0.7256957712737996
2.179593833368238
HP power balance:  -5001.729935643594 = 5001.619845984633  +  0.0  HP extraction
LP power balance:  -2354.3400505036902 + -1068.040126669643 = -3422.3801771733333 3422.3157777826355
 
converged
CASE #  260
--- 0.4 10000.0 ----------------------------------------------------
fan Nc = 0.7499999998283021      burner temperature = 2426.9889322222994    ambient Ps = 10.106500423313031
burner out 18.27144985067226 166.8827614840757 2426.9889322222994 0.0 0.0 0.1848015844370366 0.0
HPT 0.9220459253272146
LPT  0.9033019399778321
core nozzle out 21.477682860169228 19.76698448674968 1398.297007769102 10.676544195951669 1188.8272897321017 0.02414298316757078 1.0
bypass nozzle out 130.0023220278609 14.62000138456292 534.6204493999569 10.1065 489.07445477434356 0.05589004131506652 0.6805708428953811
2.258529845210291
HP power balance:  -4195.315566940147 = 4195.32353634335  +  0.0  HP extraction
LP power balance:  -1844.2391073648882 + -899.9945672200553 = -2744.2336745849434 2744.1933817666186
 
converged
CASE #  261
--- 0.4 10000.0 ----------------------------------------------------
fan Nc = 0.6999999894042542      burner temperature = 2229.1585744879585    ambient Ps = 10.106500423313031
burner out 15.870148573346535 139.03569771534157 2229.1585744879585 0.0 0.0 0.16764045028121502 0.0
HPT 0.9219969608722953
LPT  0.9015452006022723
core nozzle out 18.661645183034228 17.455437759670215 1284.5207246355899 10.1065 1124.404488062342 0.024168824419501994 0.8907018614777538
bypass nozzle out 120.58779918745668 14.002038692702257 527.6263763734905 10.1065 488.52569601779726 0.055956581670419815 0.6308843924487426
2.1158126734144167
HP power balance:  -3346.846122601488 = 3346.84282846846  +  0.0  HP extraction
LP power balance:  -1366.824717534668 + -754.4208532886742 = -2121.245570823342 2121.2475926305865
 
constraints False
True
converged
constraints False
True
converged
CASE #  262
--- 0.0 5000.0 ----------------------------------------------------
fan Nc = 0.9310982211679891      burner temperature = 3360.0159215144945    ambient Ps = 10.106500423313031
burner out 29.673871632574418 318.09737235978497 3360.0159215144945 0.0 0.0 0.2543227622263821 0.0
HPT 0.9223024655194061
LPT  0.9191472986135129
core nozzle out 34.81817585296831 38.8460046524663 1992.8009944599467 21.137235923653435 1722.1274771508772 0.03298445817504451 1.0
bypass nozzle out 170.749723758571 17.72601113209387 569.1094879116888 12.2277 510.6496019914227 0.0647393709334754 0.7553639532917747
2.3635657062693163
HP power balance:  -9468.322019414247 = 9467.981219092704  +  0.0  HP extraction
LP power balance:  -4735.179976644745 + -1556.0361900731496 = -6291.216166717894 6291.197441717159
 
constraints False
True
converged
CASE #  263
--- 0.0 5000.0 ----------------------------------------------------
fan Nc = 0.931097369682799      burner temperature = 3359.9995561325554    ambient Ps = 10.106500423313031
burner out 29.673088672028094 318.094403804554 3359.9995561325554 0.0 0.0 0.2543216183224888 0.0
HPT 0.9223025509393598
LPT  0.9191413147292415
core nozzle out 34.81725745776137 38.84352298684511 1992.7658550351846 21.13548024603955 1722.0961232136563 0.03298231697969731 1.0
bypass nozzle out 170.7450527909952 17.726187821914664 569.1115371221886 12.2277 510.64965144644805 0.06473936499728393 0.7553768628234188
2.3635050275772658
HP power balance:  -9467.822834431638 = 9467.674203708213  +  0.0  HP extraction
LP power balance:  -4735.193676297696 + -1555.9952410331439 = -6291.188917330839 6291.356272288291
 
converged
CASE #  264
--- 0.0 5000.0 ----------------------------------------------------
fan Nc = 0.9000000034625607      burner temperature = 3173.869231746529    ambient Ps = 10.106500423313031
burner out 27.91614656595168 290.909831263392 3173.869231746529 0.0 0.0 0.24626057699363116 0.0
HPT 0.9222764491895319
LPT  0.9172758471047113
core nozzle out 32.76808906258244 35.22780527464901 1866.2450054853432 19.16971387127281 1608.0063127794645 0.032036288731735786 1.0
bypass nozzle out 164.32493957518955 17.33686397270697 563.7624664827853 12.2277 509.777278378352 0.06484407778477862 0.7264169206279776
2.383451020058401
HP power balance:  -8410.939450904361 = 8410.9414531221  +  0.0  HP extraction
LP power balance:  -4185.459303079804 + -1445.9132736832482 = -5631.372576763052 5631.521650475787
 
converged
CASE #  265
--- 0.0 5000.0 ----------------------------------------------------
fan Nc = 0.8499999224031678      burner temperature = 2855.0799729453606    ambient Ps = 10.106500423313031
burner out 24.337723876894263 240.79461681942024 2855.0799729453606 0.0 0.0 0.2266204047934508 0.0
HPT 0.9221074548503252
LPT  0.9116742957543568
core nozzle out 28.586037916017094 27.75676750118963 1647.8832228126116 15.584325103135324 1411.523063962121 0.02967507210526498 1.0
bypass nozzle out 150.84078175764168 16.582517518556973 554.6357569076454 12.2277 509.22007846248374 0.06491095967111392 0.6664834478095668
2.4479596178016187
HP power balance:  -6596.03585285218 = 6595.797930921124  +  0.0  HP extraction
LP power balance:  -3258.7853567593456 + -1292.65155054484 = -4551.436907304185 4551.532244108788
 
converged
CASE #  266
--- 0.0 5000.0 ----------------------------------------------------
fan Nc = 0.8000000199489444      burner temperature = 2635.115648942301    ambient Ps = 10.106500423313031
burner out 21.615171048234473 205.6262073885093 2635.115648942301 0.0 0.0 0.2097019362005638 0.0
HPT 0.9220392670563117
LPT  0.9069119673007608
core nozzle out 25.39894873397457 23.73379386098005 1510.4166954447976 13.182667550605892 1288.5486864795419 0.027500586847373207 1.0
bypass nozzle out 137.98971033164116 15.907646281905448 547.497485124521 12.2277 509.4505683916292 0.06488329347662336 0.6097956541562712
2.5645691554244148
HP power balance:  -5417.735297640078 = 5417.7148568732455  +  0.0  HP extraction
LP power balance:  -2574.2417486461463 + -1125.084787553043 = -3699.3265361991894 3699.457879065425
 
converged
CASE #  267
--- 0.0 5000.0 ----------------------------------------------------
fan Nc = 0.7499999987495922      burner temperature = 2454.547596773794    ambient Ps = 10.106500423313031
burner out 19.0391939327652 174.88796179617174 2454.547596773794 0.0 0.0 0.19147701172048603 0.0
HPT 0.9220391374701755
LPT  0.8986722653891388
core nozzle out 22.37928348747041 20.07105567639048 1408.4935636429498 12.2277 1225.0568168532805 0.026835502534709753 0.9242456506081286
bypass nozzle out 125.7177548467074 15.282357994620824 541.0197043076054 12.2277 509.4376350382922 0.06488484589442384 0.5555847685670479
2.5416212061285313
HP power balance:  -4425.2871302397525 = 4425.287951906582  +  0.0  HP extraction
LP power balance:  -2010.0803837148746 + -944.6996862673575 = -2954.780069982232 2954.793049325118
 
converged
CASE #  268
--- 0.0 5000.0 ----------------------------------------------------
fan Nc = 0.6999999880616544      burner temperature = 2274.8611265408235    ambient Ps = 10.106500423313031
burner out 16.924600261535897 149.77674478538955 2274.8611265408235 0.0 0.0 0.17696110794885625 0.0
HPT 0.9220612030337034
LPT  0.8958234460492889
core nozzle out 19.900288706432868 18.257730541546838 1306.3226706067685 12.2277 1171.8573580143357 0.028055809707460203 0.802420985995473
bypass nozzle out 113.10533980376769 14.698377238691027 534.7898982591396 12.2277 509.24559842567186 0.06490789645586816 0.49975594401151124
2.4037551152606103
HP power balance:  -3682.579759361483 = 3682.605603384326  +  0.0  HP extraction
LP power balance:  -1525.8140379479878 + -797.8258041527589 = -2323.6398421007466 2323.691351054127
 
constraints False
True
converged
constraints False
True
converged
CASE #  269
--- 0.1 5000.0 ----------------------------------------------------
fan Nc = 0.9285695306941414      burner temperature = 3360.0005757601098    ambient Ps = 12.227699771733665
burner out 29.70715222459271 318.45610807326653 3360.0005757601098 0.0 0.0 0.25461076866353943 0.0
HPT 0.9223047088881791
LPT  0.9186542803501483
core nozzle out 34.857248102119435 38.880470046027845 1993.0063043139319 21.161653390765885 1722.3085476486613 0.03301910376266171 1.0
bypass nozzle out 171.81899707669248 17.791410230165717 569.8453471511832 12.2277 510.6471912886221 0.06473966029523966 0.7601296455517067
2.3488707659509633
HP power balance:  -9478.88403012319 = 9478.893899064038  +  0.0  HP extraction
LP power balance:  -4742.123099932502 + -1553.1839990329115 = -6295.307098965413 6295.281793794889
 
constraints False
True
converged
CASE #  270
--- 0.1 5000.0 ----------------------------------------------------
fan Nc = 0.9285704259025637      burner temperature = 3359.999822981477    ambient Ps = 12.227699771733665
burner out 29.70715565870321 318.45741932277804 3359.999822981477 0.0 0.0 0.25461187407937225 0.0
HPT 0.9223046901188969
LPT  0.9186533358388017
core nozzle out 34.85725244855569 38.880188282540836 1993.0011462616199 21.161454026428608 1722.3039209957967 0.033018881152799474 1.0
bypass nozzle out 171.8188333809456 17.79138164475768 569.845032696712 12.2277 510.647198919552 0.06473965937928297 0.7601275682090126
2.3488742371362092
HP power balance:  -9478.93644975587 = 9478.894033314325  +  0.0  HP extraction
LP power balance:  -4742.097491932044 + -1553.1857279646124 = -6295.283219896657 6295.348643863358
 
converged
CASE #  271
--- 0.1 5000.0 ----------------------------------------------------
fan Nc = 0.900000055357179      burner temperature = 3193.4656124025264    ambient Ps = 12.227699771733665
burner out 28.185591870447556 294.61132197075716 3193.4656124025264 0.0 0.0 0.2478527885651981 0.0
HPT 0.9222859835872086
LPT  0.9173344703038313
core nozzle out 33.08309737333056 35.86471053744164 1880.7807161904668 19.436667641774722 1621.0806636010934 0.03222360990430116 1.0
bypass nozzle out 165.98881467066045 17.434239826925126 564.8895720727854 12.2277 509.8024839736446 0.06484105230377735 0.7337914967989417
2.368259172128722
HP power balance:  -8556.841733911438 = 8556.550590359435  +  0.0  HP extraction
LP power balance:  -4235.684759350107 + -1450.2979160819496 = -5685.982675432057 5686.254774188595
 
converged
CASE #  272
--- 0.1 5000.0 ----------------------------------------------------
fan Nc = 0.8500000011616604      burner temperature = 2863.364832451967    ambient Ps = 12.227699771733665
burner out 24.53170315193681 243.06521236367269 2863.364832451967 0.0 0.0 0.22810202309843322 0.0
HPT 0.9221119888665338
LPT  0.9115467517948653
core nozzle out 28.813444860675794 28.015173829402805 1653.4029455373268 15.73658032546573 1416.4644461971773 0.029861995746675512 1.0
bypass nozzle out 152.73532142814682 16.682979856238735 555.6233803678911 12.2277 509.08566367510986 0.06492709376280148 0.6747727926823097
2.4221310860369036
HP power balance:  -6672.306937590195 = 6672.310497159972  +  0.0  HP extraction
LP power balance:  -3296.366492885724 + -1298.1663942040707 = -4594.532887089795 4594.5183025232645
 
converged
CASE #  273
--- 0.1 5000.0 ----------------------------------------------------
fan Nc = 0.799999758619884      burner temperature = 2644.9685112398492    ambient Ps = 12.227699771733665
burner out 21.7978411904746 207.7497385649197 2644.9685112398492 0.0 0.0 0.21106862135257906 0.0
HPT 0.9220397025202437
LPT  0.9065693652748816
core nozzle out 25.61314036805946 23.967385288285673 1516.7764423370818 13.32655753234007 1294.2336938333538 0.027675402030662825 1.0
bypass nozzle out 140.15555518851738 16.02168761322902 548.4792837073693 12.2277 509.25329513429 0.06490697260362716 0.6192908613814403
2.530913491395678
HP power balance:  -5481.130194293845 = 5481.152199007184  +  0.0  HP extraction
LP power balance:  -2610.3839686742726 + -1136.1825157776134 = -3746.566484451886 3746.6062575529713
 
converged
CASE #  274
--- 0.1 5000.0 ----------------------------------------------------
fan Nc = 0.7500001203261402      burner temperature = 2464.236365232768    ambient Ps = 12.227699771733665
burner out 19.235545462713155 177.03566992830827 2464.236365232768 0.0 0.0 0.19307537755349025 0.0
HPT 0.9220420306347491
LPT  0.8983141596763847
core nozzle out 22.609703015341047 20.32000707295725 1414.0218789520582 12.2277 1226.4751042814719 0.026804371676695176 0.9343665010555419
bypass nozzle out 128.32941774893857 15.406772689951474 541.9918524611062 12.2277 509.12346127582157 0.06492255683671345 0.5669590295208187
2.5199878823996467
HP power balance:  -4489.314765921925 = 4489.289546138832  +  0.0  HP extraction
LP power balance:  -2046.9390492575853 + -954.6523536511904 = -3001.5914029087758 3001.652915975407
 
converged
CASE #  275
--- 0.1 5000.0 ----------------------------------------------------
fan Nc = 0.699999998012387      burner temperature = 2281.4738865009294    ambient Ps = 12.227699771733665
burner out 17.085136026602253 151.41499454460913 2281.4738865009294 0.0 0.0 0.17837641814985336 0.0
HPT 0.9220566191037324
LPT  0.8950314221333779
core nozzle out 20.088819599837965 18.368970507325596 1309.93906583413 12.2277 1172.7639593793604 0.02803417791576886 0.8103661728758996
bypass nozzle out 115.92090364611398 14.819224203200905 535.6488378871705 12.2277 508.85510285997077 0.06495476846588803 0.512026278374391
2.371109266897681
HP power balance:  -3725.5198398995685 = 3725.4860688117024  +  0.0  HP extraction
LP power balance:  -1553.5411791409683 + -806.0612401311874 = -2359.6024192721557 2359.5520080240035
 
constraints False
True
converged
constraints False
True
converged
CASE #  276
--- 0.2 5000.0 ----------------------------------------------------
fan Nc = 0.9208646596278462      burner temperature = 3359.9858228380326    ambient Ps = 12.227707395082996
burner out 29.81364179023194 319.5986911354266 3359.9858228380326 0.0 0.0 0.2555255148095344 0.0
HPT 0.9223113284694857
LPT  0.9171353845696281
core nozzle out 34.98226575092282 38.99364234699663 1993.694277893111 21.241834673401502 1722.9159567735574 0.03313256904593192 1.0
bypass nozzle out 175.10331606734218 17.992671560464764 572.0555583549517 12.2277 510.59001338576115 0.06474652348005201 0.7746195170356212
2.305448970080407
HP power balance:  -9513.955083553288 = 9513.92918985864  +  0.0  HP extraction
LP power balance:  -4763.848490690151 + -1544.2553883797814 = -6308.103879069933 6308.095071985088
 
constraints False
True
converged
CASE #  277
--- 0.2 5000.0 ----------------------------------------------------
fan Nc = 0.9208567812769102      burner temperature = 3360.0101061788273    ambient Ps = 12.227707395082996
burner out 29.813700971706066 319.59888872030587 3360.0101061788273 0.0 0.0 0.2555238382298413 0.0
HPT 0.9223113222913057
LPT  0.91712729354519
core nozzle out 34.98233361310779 38.99199590532206 1993.6935495509895 21.240666803650488 1722.9154475847674 0.03313075698675774 1.0
bypass nozzle out 175.10292104937383 17.992608416523534 572.0545769311364 12.2277 510.58976764250184 0.06474655297713604 0.7746150523748473
2.3054623321441596
HP power balance:  -9514.118285813198 = 9514.02897619676  +  0.0  HP extraction
LP power balance:  -4763.771080529432 + -1544.239672061807 = -6308.010752591239 6308.385146949603
 
converged
CASE #  278
--- 0.2 5000.0 ----------------------------------------------------
fan Nc = 0.8999999977024815      burner temperature = 3263.8488763265145    ambient Ps = 12.227707395082996
burner out 28.87395554832391 305.0749092874033 3263.8488763265145 0.0 0.0 0.25111595529946534 0.0
HPT 0.922321980570706
LPT  0.9164424255514569
core nozzle out 33.88629605704979 37.58697272823937 1932.8213975264237 20.218391352063435 1667.9687467951221 0.032575877161171614 1.0
bypass nozzle out 170.99871300827851 17.733410907348865 568.3620811940647 12.2277 509.8887732668048 0.06483069481711459 0.7559933761763782
2.3288776940239884
HP power balance:  -8972.309076110967 = 8972.295653593812  +  0.0  HP extraction
LP power balance:  -4390.968339952155 + -1473.1257959951386 = -5864.094135947293 5864.105663769504
 
converged
CASE #  279
--- 0.2 5000.0 ----------------------------------------------------
fan Nc = 0.8500000007213339      burner temperature = 2895.081879247904    ambient Ps = 12.227707395082996
burner out 25.150110791647894 250.54652285903785 2895.081879247904 0.0 0.0 0.2325367620488042 0.0
HPT 0.9221319298478177
LPT  0.910812625387155
core nozzle out 29.53805203816625 28.864830995718293 1674.2853308586577 16.247306458801603 1435.2336253843807 0.03042724570897964 1.0
bypass nozzle out 158.29078319557874 16.98665828995889 558.941538460288 12.2277 508.9840283257118 0.06493929326910525 0.6992543019359586
2.351762292630653
HP power balance:  -6929.500520096021 = 6929.513204323424  +  0.0  HP extraction
LP power balance:  -3429.943089349073 + -1313.6526156251628 = -4743.595704974236 4743.592817746951
 
converged
CASE #  280
--- 0.2 5000.0 ----------------------------------------------------
fan Nc = 0.8000000032252644      burner temperature = 2665.108803154521    ambient Ps = 12.227707395082996
burner out 22.283829481484695 213.18476419051393 2665.108803154521 0.0 0.0 0.21496116450735073 0.0
HPT 0.9220350769520511
LPT  0.9061453767954227
core nozzle out 26.183238057600086 24.57804335881447 1529.8847461691762 13.68968206634505 1305.926342616339 0.02817459547312037 1.0
bypass nozzle out 146.2180670445042 16.337866763461378 551.3361062858481 12.2277 508.72837277649097 0.06496998014628708 0.6457927919680797
2.4384286760041287
HP power balance:  -5638.634844803769 = 5638.557863394557  +  0.0  HP extraction
LP power balance:  -2705.701572050548 + -1159.1754439565204 = -3864.877016007068 3864.7473758440174
 
converged
CASE #  281
--- 0.2 5000.0 ----------------------------------------------------
fan Nc = 0.7500001678622907      burner temperature = 2489.946758022564    ambient Ps = 12.227707395082996
burner out 19.754029161116076 182.74093974019928 2489.946758022564 0.0 0.0 0.19723487776564697 0.0
HPT 0.9220497419615803
LPT  0.8979133204414996
core nozzle out 23.218146484810216 21.051478863723048 1429.0556911680485 12.2277 1230.3451175551368 0.026719437983573947 0.9612117008127565
bypass nozzle out 135.07118407234435 15.741804316824911 544.8501041684063 12.2277 508.517825353146 0.064995252599558 0.5964365627301801
2.469233533351842
HP power balance:  -4663.465025789499 = 4663.502812754045  +  0.0  HP extraction
LP power balance:  -2138.094409275845 + -983.7372124382038 = -3121.8316217140487 3121.7063111600323
 
converged
CASE #  282
--- 0.2 5000.0 ----------------------------------------------------
fan Nc = 0.6999999928197089      burner temperature = 2295.674407545251    ambient Ps = 12.227707395082996
burner out 17.43052836717602 154.95568371271722 2295.674407545251 0.0 0.0 0.181404202578228 0.0
HPT 0.9220343438672803
LPT  0.8935739679019767
core nozzle out 20.494444817405398 18.614747600291174 1318.2915677723847 12.2277 1175.0953572116182 0.02797857097182898 0.8276192922727749
bypass nozzle out 122.90198591452247 15.1322216842833 538.1242565952173 12.2277 508.094444683827 0.06504607187823257 0.5424666342953036
2.289468982529269
HP power balance:  -3813.0174570930144 = 3812.986112522138  +  0.0  HP extraction
LP power balance:  -1611.6898752321274 + -827.3417554554912 = -2439.0316306876184 2439.1266520352024
 
constraints False
True
converged
constraints False
True
converged
CASE #  283
--- 0.25 5000.0 ----------------------------------------------------
fan Nc = 0.9149684975659365      burner temperature = 3360.0105407581405    ambient Ps = 12.227700938923018
burner out 29.897042201870374 320.4880018369807 3360.0105407581405 0.0 0.0 0.2562347481367867 0.0
HPT 0.9223166653578538
LPT  0.9159450979774719
core nozzle out 35.080168622218295 39.080821595694324 1994.2405254042685 21.30360433080017 1723.3990672928296 0.03321962687275462 1.0
bypass nozzle out 177.62029172536663 18.148764302750862 573.7246782769823 12.2277 510.5044119541606 0.06475679840123452 0.785682597174645
2.2734780597942317
HP power balance:  -9541.26685785792 = 9541.467040404801  +  0.0  HP extraction
LP power balance:  -4781.056479643897 + -1537.0463545274529 = -6318.10283417135 6318.27990014505
 
constraints False
True
converged
CASE #  284
--- 0.25 5000.0 ----------------------------------------------------
fan Nc = 0.9149898063378075      burner temperature = 3359.999140564934    ambient Ps = 12.227700938923018
burner out 29.89743031005719 320.49230212094506 3359.999140564934 0.0 0.0 0.25623905153593957 0.0
HPT 0.9223165944091678
LPT  0.9159589177598104
core nozzle out 35.08062590045415 39.083659855882715 1994.2564772510793 21.30561528270663 1723.4131217345416 0.033222492454334625 1.0
bypass nozzle out 177.6171734885076 18.14886647058753 573.7265213170233 12.2277 510.50504312217913 0.06475672264080012 0.7856896726199579
2.273465081762399
HP power balance:  -9541.512331443717 = 9541.561203102126  +  0.0  HP extraction
LP power balance:  -4781.128946275307 + -1537.0916587103375 = -6318.220604985644 6318.007397959889
 
converged
CASE #  285
--- 0.25 5000.0 ----------------------------------------------------
fan Nc = 0.8999999999738598      burner temperature = 3291.852080566649    ambient Ps = 12.227700938923018
burner out 29.231300586458286 310.1639591600423 3291.852080566649 0.0 0.0 0.25312519164763286 0.0
HPT 0.9223253144835004
LPT  0.9154034604941139
core nozzle out 34.30376746243175 38.090806055133584 1951.237273668323 20.578774788358796 1684.5641297005266 0.03282914368155706 1.0
bypass nozzle out 174.78749598318447 17.96584657096547 571.0706513379678 12.2277 509.96557975204365 0.06482147557197605 0.772796200382907
2.2884678025764162
HP power balance:  -9156.055876884635 = 9156.064141322637  +  0.0  HP extraction
LP power balance:  -4512.957753661349 + -1486.1463278635815 = -5999.104081524931 5999.053586281099
 
converged
CASE #  286
--- 0.25 5000.0 ----------------------------------------------------
fan Nc = 0.850000000319878      burner temperature = 2926.897416708841    ambient Ps = 12.227700938923018
burner out 25.574282923702864 256.13987899894244 2926.897416708841 0.0 0.0 0.23515178508491763 0.0
HPT 0.9221500721570292
LPT  0.909851274618893
core nozzle out 30.034299741518826 29.545102266931305 1697.5095942627506 16.652015239275165 1456.0742459131588 0.030734443169097393 1.0
bypass nozzle out 162.38951080603735 17.217830715004354 561.5030919652893 12.2277 508.9392875807182 0.06494466359551054 0.7173354393933861
2.307858489546087
HP power balance:  -7109.37414577686 = 7109.343185826941  +  0.0  HP extraction
LP power balance:  -3533.569200878957 + -1325.075674996741 = -4858.644875875698 4858.588365128916
 
converged
CASE #  287
--- 0.25 5000.0 ----------------------------------------------------
fan Nc = 0.8000000106516466      burner temperature = 2679.2733674979318    ambient Ps = 12.227700938923018
burner out 22.612590636360434 216.89573938552894 2679.2733674979318 0.0 0.0 0.21754830369456707 0.0
HPT 0.9220374671141295
LPT  0.9059265031653303
core nozzle out 26.568833341573065 25.002410762261288 1538.957425756031 13.935615312210292 1313.9991060526497 0.028508386085897855 1.0
bypass nozzle out 150.79562028479086 16.57465972797139 553.4857650419526 12.2277 508.2483921922985 0.06502759323265139 0.6657777253267694
2.3731060348331097
HP power balance:  -5746.939744378068 = 5746.926468124656  +  0.0  HP extraction
LP power balance:  -2777.1837938937388 + -1170.989886246454 = -3948.173680140193 3947.7941086810424
 
converged
CASE #  288
--- 0.25 5000.0 ----------------------------------------------------
fan Nc = 0.7500000034742548      burner temperature = 2505.8271578329113    ambient Ps = 12.227700938923018
burner out 20.069386238773046 186.2427690516126 2505.8271578329113 0.0 0.0 0.19973470249830724 0.0
HPT 0.9220502660349607
LPT  0.897823256618436
core nozzle out 23.588203295200532 21.510707589740615 1438.5817587358003 12.2277 1232.853816292857 0.02666438839869873 0.9776138071733136
bypass nozzle out 139.39174309018443 15.966634844841082 546.9474661084515 12.2277 508.29066739041673 0.06502251885106083 0.6153564940939763
2.436942080298428
HP power balance:  -4770.023246788432 = 4770.084834485907  +  0.0  HP extraction
LP power balance:  -2192.3201222525922 + -1003.7672482019813 = -3196.0873704545734 3196.0684310334723
 
converged
CASE #  289
--- 0.25 5000.0 ----------------------------------------------------
fan Nc = 0.6999999363290436      burner temperature = 2305.371039330474    ambient Ps = 12.227700938923018
burner out 17.665093667944923 157.3736323545256 2305.371039330474 0.0 0.0 0.18346063223566567 0.0
HPT 0.9220164313513551
LPT  0.8926690786265227
core nozzle out 20.7699106545697 18.786229804027617 1324.1638985487768 12.2277 1176.76171348522 0.027938830518318268 0.8394151796800924
bypass nozzle out 127.70053972836001 15.358905308054528 540.0400613654668 12.2277 507.6665704177651 0.06509743053284392 0.5634719844019018
2.237917014137182
HP power balance:  -3871.903171910467 = 3871.899285398265  +  0.0  HP extraction
LP power balance:  -1651.316016299769 + -842.7709635320083 = -2494.086979831777 2494.000009138448
 
constraints False
True
converged
constraints False
True
converged
CASE #  290
--- 0.3 5000.0 ----------------------------------------------------
fan Nc = 0.9077325714503434      burner temperature = 3359.997268048925    ambient Ps = 12.227699852769412
burner out 30.007218169297808 321.6623315760312 3359.997268048925 0.0 0.0 0.25717477544532036 0.0
HPT 0.9223222623811236
LPT  0.9144721445494403
core nozzle out 35.20951663833825 39.19343635144495 1994.723463148038 21.38342926186515 1723.823323453957 0.03333591751461885 1.0
bypass nozzle out 180.75019524320004 18.345642799644473 575.7922943734584 12.2277 510.3619886104176 0.06477389377690929 0.7994297916065679
2.2349558556927964
HP power balance:  -9580.317295616016 = 9580.184864741033  +  0.0  HP extraction
LP power balance:  -4804.095782756 + -1527.915160571947 = -6332.010943327947 6332.114689475661
 
constraints False
True
converged
CASE #  291
--- 0.3 5000.0 ----------------------------------------------------
fan Nc = 0.9077133484786999      burner temperature = 3359.9999324852    ambient Ps = 12.227699852769412
burner out 30.00679758039174 321.6536141300827 3359.9999324852 0.0 0.0 0.2571676011720857 0.0
HPT 0.9223223974475023
LPT  0.9144728741705621
core nozzle out 35.209021650006925 39.19466789126147 1994.7532524150802 21.384299200058578 1723.8500117632625 0.03333675809478546 1.0
bypass nozzle out 180.74931624909968 18.34539639225456 575.7886681424303 12.2277 510.36121605086106 0.06477398650886952 0.7994129117601181
2.2350208237599176
HP power balance:  -9580.013105517732 = 9580.020284266662  +  0.0  HP extraction
LP power balance:  -4803.800362205344 + -1527.865888976824 = -6331.666251182168 6331.645750755953
 
converged
CASE #  292
--- 0.3 5000.0 ----------------------------------------------------
fan Nc = 0.900000007407295      burner temperature = 3324.853116241498    ambient Ps = 12.227699852769412
burner out 29.663506152592255 316.3197289546656 3324.853116241498 0.0 0.0 0.25558781517203155 0.0
HPT 0.9223274192544
LPT  0.9141153689767844
core nozzle out 34.80869719200418 38.667037474524456 1972.5990778769774 21.012028263824746 1703.8829431684492 0.0331356449981633 1.0
bypass nozzle out 179.35449568749556 18.253008069530907 574.4209845809456 12.2277 510.06417222112947 0.06480964130904254 0.793056387933251
2.2415222630779605
HP power balance:  -9377.808058320676 = 9377.764512618554  +  0.0  HP extraction
LP power balance:  -4665.182410246414 + -1501.608296783069 = -6166.790707029483 6166.847123907693
 
converged
CASE #  293
--- 0.3 5000.0 ----------------------------------------------------
fan Nc = 0.8499999580936243      burner temperature = 2960.495329747794    ambient Ps = 12.227699852769412
burner out 26.073907578474948 262.6038107879332 2960.495329747794 0.0 0.0 0.23834081051668693 0.0
HPT 0.922170990250572
LPT  0.9092367689590579
core nozzle out 30.61906997616006 30.38086678719004 1720.0940385665815 17.10188452003599 1476.3726852451916 0.03113560772637318 1.0
bypass nozzle out 167.31345275188224 17.503280692158842 564.6814684813837 12.2277 508.8981325665907 0.06494960351904358 0.739054733387912
2.2544555302497025
HP power balance:  -7328.3971227356 = 7328.441415749361  +  0.0  HP extraction
LP power balance:  -3662.7475635298715 + -1339.2222603382536 = -5001.969823868125 5001.536845473023
 
converged
CASE #  294
--- 0.3 5000.0 ----------------------------------------------------
fan Nc = 0.7999999042896025      burner temperature = 2704.4487780129048    ambient Ps = 12.227699852769412
burner out 23.015013213601645 221.76081409279846 2704.4487780129048 0.0 0.0 0.22034302483557427 0.0
HPT 0.9220518089447772
LPT  0.9052796618297159
core nozzle out 27.040388219633936 25.564607981247686 1555.464461316217 14.266687420372488 1328.7221890345436 0.028863851056530637 1.0
bypass nozzle out 156.01261371296303 16.85303162279819 556.3344855321924 12.2277 507.97858566356757 0.06505997868188282 0.6885785567260667
2.307001627966608
HP power balance:  -5898.537643424549 = 5898.571584096119  +  0.0  HP extraction
LP power balance:  -2871.83444262837 + -1184.647004523117 = -4056.4814471514874 4056.519959486287
 
converged
CASE #  295
--- 0.3 5000.0 ----------------------------------------------------
fan Nc = 0.750000016207364      burner temperature = 2528.5635135522903    ambient Ps = 12.227699852769412
burner out 20.456772466823214 190.6936722748546 2528.5635135522903 0.0 0.0 0.20267919519328453 0.0
HPT 0.9220539855958937
LPT  0.8975217721179071
core nozzle out 24.042601645318353 22.107175757756465 1452.914826760505 12.2277 1237.7841592985815 0.02655624418494604 0.9986564166366981
bypass nozzle out 144.53232629917662 16.24386269085204 549.5688813012737 12.2277 508.04582749198863 0.06505190750276495 0.6379136685731757
2.4063350617328614
HP power balance:  -4908.000452475444 = 4907.938008106467  +  0.0  HP extraction
LP power balance:  -2259.315801548055 + -1028.5761877714472 = -3287.891989319502 3288.126211660192
 
converged
CASE #  296
--- 0.3 5000.0 ----------------------------------------------------
fan Nc = 0.6999999999602872      burner temperature = 2313.9089165459923    ambient Ps = 12.227699852769412
burner out 17.87462920040397 159.5388391208442 2313.9089165459923 0.0 0.0 0.185307148980699 0.0
HPT 0.9219944263958452
LPT  0.8921665829191389
core nozzle out 21.01601458476119 18.94122086053901 1329.3989072570564 12.2277 1178.2011790814174 0.027904506459855507 0.8499054152445277
bypass nozzle out 132.3652664640186 15.591441159299492 542.412246269724 12.2277 507.6345701824428 0.06510127158888247 0.5840383577636356
2.1873883494965143
HP power balance:  -3923.9503537445266 = 3923.9501710929926  +  0.0  HP extraction
LP power balance:  -1685.5390533523118 + -858.9163289564742 = -2544.4553823087863 2544.4545516682524
 
constraints False
True
converged
constraints False
True
converged
CASE #  297
--- 0.4 5000.0 ----------------------------------------------------
fan Nc = 0.8907578128044844      burner temperature = 3360.002994240745    ambient Ps = 12.227700240164074
burner out 30.230344004366113 324.07383969221553 3360.002994240745 0.0 0.0 0.2591027602256476 0.0
HPT 0.9223315805199933
LPT  0.911184952672904
core nozzle out 35.47156616912284 39.43293579379441 1995.9493013349177 21.553066144712922 1724.8950911075947 0.033579544265400614 1.0
bypass nozzle out 187.66477635480214 18.80054777002989 581.2221696785341 12.2277 510.6303037482622 0.06474168734248548 0.8302059566840722
2.1521953982070126
HP power balance:  -9667.234298510059 = 9667.305804971182  +  0.0  HP extraction
LP power balance:  -4844.13875714091 + -1505.4105511150367 = -6349.549308255946 6349.848362255331
 
constraints False
True
converged
CASE #  298
--- 0.4 5000.0 ----------------------------------------------------
fan Nc = 0.890812961952787      burner temperature = 3360.000259564322    ambient Ps = 12.227700240164074
burner out 30.232676721885515 324.0906339488787 3360.000259564322 0.0 0.0 0.2591163998015769 0.0
HPT 0.922331470861292
LPT  0.9111964420307946
core nozzle out 35.474305284407265 39.433221011845035 1995.9251646040027 21.553271995025344 1724.873401183424 0.03358028743886073 1.0
bypass nozzle out 187.671483680592 18.801252250896294 581.2320499167397 12.2277 510.63206643559965 0.06474147576339008 0.8302523806008973
2.152058859049337
HP power balance:  -9668.150264157792 = 9668.100935015245  +  0.0  HP extraction
LP power balance:  -4845.0890370026345 + -1505.5675088657813 = -6350.656545868416 6350.629911225448
 
constraints False
True
converged
CASE #  299
--- 0.4 5000.0 ----------------------------------------------------
fan Nc = 0.8908026843621648      burner temperature = 3359.9888394314917    ambient Ps = 12.227700240164074
burner out 30.23199542946658 324.0799373004648 3359.9888394314917 0.0 0.0 0.2591087214562255 0.0
HPT 0.92233151589108
LPT  0.9111905213234663
core nozzle out 35.47350605515224 39.43083373888943 1995.9045013780512 21.55158039285827 1724.8549637960268 0.033578010785554724 1.0
bypass nozzle out 187.66564429436698 18.801054101601572 581.2297113494058 12.2277 510.63197391585567 0.06474148686873096 0.8302392250616291
2.152082369498958
HP power balance:  -9667.809800984687 = 9667.809845666432  +  0.0  HP extraction
LP power balance:  -4844.768289774975 + -1505.520867199916 = -6350.289156974891 6350.688433357886
 
converged
CASE #  300
--- 0.4 5000.0 ----------------------------------------------------
fan Nc = 0.8500003726591248      burner temperature = 3072.738453937541    ambient Ps = 12.227700240164074
burner out 27.385325642543954 280.8821666225193 3072.738453937541 0.0 0.0 0.24561112889619646 0.0
HPT 0.9222470030902297
LPT  0.9091493409198662
core nozzle out 32.15202577447849 33.50813121178615 1800.6461855862703 18.431466358750207 1548.8267882285072 0.03197714826219561 1.0
bypass nozzle out 177.76680084792554 18.149794897102808 572.9963066218199 12.2277 509.82686253344804 0.06483812609359792 0.7858695225273543
2.1654711475164663
HP power balance:  -7995.401729974067 = 7995.574848128081  +  0.0  HP extraction
LP power balance:  -3975.787341785602 + -1368.3819131575333 = -5344.1692549431355 5343.930128793523
 
converged
CASE #  301
--- 0.4 5000.0 ----------------------------------------------------
fan Nc = 0.7999994345621363      burner temperature = 2769.332705291975    ambient Ps = 12.227700240164074
burner out 23.898647251281893 232.96622291575335 2769.332705291975 0.0 0.0 0.22606001989930674 0.0
HPT 0.9220953766987046
LPT  0.9037850627935163
core nozzle out 28.075283487772538 26.855121867435564 1597.4529902782378 15.037126193910545 1366.255511401436 0.0295846353801164 1.0
bypass nozzle out 166.18410223877973 17.437911987173532 563.9777293256294 12.2277 508.9296380536887 0.06494582184868251 0.734135678281738
2.1898908296742707
HP power balance:  -6278.948502296484 = 6279.081060236506  +  0.0  HP extraction
LP power balance:  -3088.402486756836 + -1213.1223695065737 = -4301.52485626341 4301.662149381069
 
converged
CASE #  302
--- 0.4 5000.0 ----------------------------------------------------
fan Nc = 0.7499999963684363      burner temperature = 2540.244384052537    ambient Ps = 12.227700240164074
burner out 21.22220914579944 198.32832837515156 2540.244384052537 0.0 0.0 0.20981696652832074 0.0
HPT 0.9220317766601311
LPT  0.8988987106559577
core nozzle out 24.942041718487452 22.91368761208949 1456.3171620102087 12.682513590246401 1240.3109134116369 0.027486575342508732 1.0
bypass nozzle out 155.2496494724897 16.81303667801625 556.1183505417682 12.2277 508.1942005609192 0.06503409796897136 0.6853505525547416
2.2445922281347266
HP power balance:  -5134.12105677675 = 5133.985653812034  +  0.0  HP extraction
LP power balance:  -2386.2363466416837 + -1066.8496506806712 = -3453.085997322355 3453.189420022995
 
converged
CASE #  303
--- 0.4 5000.0 ----------------------------------------------------
fan Nc = 0.7000000000003118      burner temperature = 2334.2537921914764    ambient Ps = 12.227700240164074
burner out 18.409150422057134 165.04949824342734 2334.2537921914764 0.0 0.0 0.1900375826119811 0.0
HPT 0.9219518909502951
LPT  0.8912554516670356
core nozzle out 21.643932690250384 19.340114301772427 1341.2696031934158 12.2277 1180.4515367954414 0.027850825684451 0.8762264150276863
bypass nozzle out 143.2153148737947 16.168818759458617 548.6104293281345 12.2277 507.86325374847263 0.06507382221598348 0.6320379728554122
2.0852103119269665
HP power balance:  -4067.371310735792 = 4067.3973739123417  +  0.0  HP extraction
LP power balance:  -1764.74371296998 + -902.3474109904685 = -2667.0911239604484 2667.0124564308117
 
constraints False
True
converged
constraints False
True
converged
CASE #  304
--- 0.5 5000.0 ----------------------------------------------------
fan Nc = 0.8717654348552318      burner temperature = 3360.0002651835734    ambient Ps = 12.227656379121537
burner out 30.407010998596803 325.9690423911106 3360.0002651835734 0.0 0.0 0.26061876022429065 0.0
HPT 0.9223391098411584
LPT  0.9077354169464802
core nozzle out 35.67924257168508 39.62560288257944 1997.892080623929 21.689148428154596 1726.594038863827 0.03375833040317481 1.0
bypass nozzle out 194.55049380501663 19.2941169843485 588.5698438492215 12.2277 512.2547986009183 0.06454669578381247 0.8619296891482563
2.0707204783490236
HP power balance:  -9738.051278925106 = 9737.976649952534  +  0.0  HP extraction
LP power balance:  -4867.812532388227 + -1484.2405383972794 = -6352.053070785506 6352.046761631504
 
constraints False
True
converged
CASE #  305
--- 0.5 5000.0 ----------------------------------------------------
fan Nc = 0.8717781856428541      burner temperature = 3360.002030121539    ambient Ps = 12.227656379121537
burner out 30.407600918121137 325.9718543671836 3360.002030121539 0.0 0.0 0.2606208721228023 0.0
HPT 0.9223391362345099
LPT  0.9077375484063936
core nozzle out 35.67993433427987 39.62545915771934 1997.8869147095297 21.689047861394545 1726.5894719343432 0.033758263273835784 1.0
bypass nozzle out 194.55366296903824 19.29436240981945 588.5728067814794 12.2277 512.2549739988742 0.06454667473042425 0.8619453104595635
2.0706799910314833
HP power balance:  -9738.135783638452 = 9738.17116506573  +  0.0  HP extraction
LP power balance:  -4868.124800394941 + -1484.2805241591325 = -6352.405324554074 6352.2685589227085
 
constraints False
True
converged
CASE #  306
--- 0.5 5000.0 ----------------------------------------------------
fan Nc = 0.8717724799082452      burner temperature = 3360.017290411094    ambient Ps = 12.227656379121537
burner out 30.40749449315932 325.97609371323983 3360.017290411094 0.0 0.0 0.26062308603091 0.0
HPT 0.9223391395835998
LPT  0.9077420557955277
core nozzle out 35.679808622037896 39.62823264300483 1997.9233719726105 21.691011077603157 1726.6220464267267 0.03376068071674842 1.0
bypass nozzle out 194.55301507777276 19.29425310554817 588.5714849859942 12.2277 512.2548938637509 0.06454668434921286 0.8619383538808576
2.0707151292748196
HP power balance:  -9738.232704494287 = 9738.199885274511  +  0.0  HP extraction
LP power balance:  -4868.005412056047 + -1484.2680461258228 = -6352.2734581818695 6351.869405684728
 
converged
CASE #  307
--- 0.5 5000.0 ----------------------------------------------------
fan Nc = 0.8499999998933875      burner temperature = 3232.932500781089    ambient Ps = 12.227656379121537
burner out 29.077921454721736 305.8176901569228 3232.932500781089 0.0 0.0 0.2541419574014825 0.0
HPT 0.9223248022762701
LPT  0.9081664604629117
core nozzle out 34.12851283544509 37.66442015864708 1917.319488193453 20.271862642807807 1653.900794951774 0.03293558256952703 1.0
bypass nozzle out 189.18979333571727 18.92074085246241 583.8850605559046 12.2277 511.82576107073277 0.06459819406748096 0.8378559104233836
2.089350995300062
HP power balance:  -8964.121809554415 = 8964.117293684041  +  0.0  HP extraction
LP power balance:  -4369.024695887762 + -1411.568893452599 = -5780.593589340361 5780.58179221227
 
converged
CASE #  308
--- 0.5 5000.0 ----------------------------------------------------
fan Nc = 0.7999999879064426      burner temperature = 2847.564311718349    ambient Ps = 12.227656379121537
burner out 25.218408240250152 249.22256052544375 2847.564311718349 0.0 0.0 0.23516985729593443 0.0
HPT 0.9221434900099169
LPT  0.9023958818308034
core nozzle out 29.62159127312412 28.72909695469781 1648.8661301042166 16.15358394496056 1412.297433134876 0.030742634977113825 1.0
bypass nozzle out 178.5953332644514 18.205192472400668 573.9016024512347 12.2277 510.08299289586955 0.0648073822235817 0.7897132505804094
2.0648838686418154
HP power balance:  -6846.1442037911065 = 6845.658902869476  +  0.0  HP extraction
LP power balance:  -3373.224119922043 + -1248.045502961913 = -4621.269622883956 4621.042347488206
 
converged
CASE #  309
--- 0.5 5000.0 ----------------------------------------------------
fan Nc = 0.7499997991114234      burner temperature = 2588.273643845524    ambient Ps = 12.227656379121537
burner out 22.10873893516809 208.53436485738337 2588.273643845524 0.0 0.0 0.2165188988160132 0.0
HPT 0.9220328288711741
LPT  0.8982437833667853
core nozzle out 25.981881807970673 24.05445745957839 1486.2325968922607 13.3616020139405 1266.9052303490382 0.028352546085051496 1.0
bypass nozzle out 167.59882529743544 17.52427342029447 565.3739127270469 12.2277 509.3150881528675 0.06489955545669818 0.7405895385025739
2.0955085992823133
HP power balance:  -5447.296912746104 = 5447.300324501987  +  0.0  HP extraction
LP power balance:  -2578.4710590256736 + -1097.5509873136848 = -3676.0220463393584 3675.973345094868
 
converged
CASE #  310
--- 0.5 5000.0 ----------------------------------------------------
fan Nc = 0.7000000000209636      burner temperature = 2350.063105153824    ambient Ps = 12.227656379121537
burner out 19.002165553953482 170.97989197443206 2350.063105153824 0.0 0.0 0.19552179265317896 0.0
HPT 0.9219088233040555
LPT  0.8915188339764131
core nozzle out 22.340929417814188 19.775806023381595 1350.7175907359583 12.2277 1179.689403000586 0.027868938287902014 0.9041443371397053
bypass nozzle out 155.27200135748123 16.816248609303255 556.4646168481548 12.2277 508.478032463908 0.06500002902435488 0.685614664405853
1.9816908733731524
HP power balance:  -4230.469850672167 = 4230.473409039935  +  0.0  HP extraction
LP power balance:  -1830.470706802312 + -951.0733587018099 = -2781.544065504122 2781.541077313509
 
constraints False
True
converged
constraints False
True
converged
CASE #  311
--- 0.5 2000.0 ----------------------------------------------------
fan Nc = 0.8688006730395175      burner temperature = 3360.013650735513    ambient Ps = 13.66439611956436
burner out 32.70861097200627 350.7822408477645 3360.013650735513 0.0 0.0 0.28045882562660324 0.0
HPT 0.9222777434986162
LPT  0.9094160495461525
core nozzle out 38.38132684218161 42.407809063524454 1992.9238896656009 23.298195230936663 1722.0473867280004 0.03635860410481636 1.0
bypass nozzle out 212.48665681618513 20.95001398670973 598.4981557665578 13.6644 522.7104356791377 0.07072817293720118 0.8505801094949087
2.0750623702655218
HP power balance:  -10590.83446881358 = 10590.944883362901  +  0.0  HP extraction
LP power balance:  -5196.916388597262 + -1622.3765834092833 = -6819.292972006546 6819.331576951195
 
constraints False
True
converged
CASE #  312
--- 0.5 2000.0 ----------------------------------------------------
fan Nc = 0.8688217997132519      burner temperature = 3360.0024633368766    ambient Ps = 13.66439611956436
burner out 32.711216821186134 350.780175953282 3360.0024633368766 0.0 0.0 0.28045810454807696 0.0
HPT 0.9222775785591953
LPT  0.9094232947913647
core nozzle out 38.38438721903167 42.407287365582604 1992.9116191116814 23.29790799642391 1722.0362400550493 0.03635839073238361 1.0
bypass nozzle out 212.4978023238373 20.95080535893719 598.5021177740036 13.6644 522.7092623395382 0.07072833032352488 0.8506098809445803
2.0749859431956277
HP power balance:  -10591.848534048186 = 10591.802755981511  +  0.0  HP extraction
LP power balance:  -5197.5467461905755 + -1622.573147328812 = -6820.119893519388 6819.902024031226
 
constraints False
True
converged
CASE #  313
--- 0.5 2000.0 ----------------------------------------------------
fan Nc = 0.8687957327816194      burner temperature = 3360.0226257900454    ambient Ps = 13.66439611956436
burner out 32.709307185597204 350.7752676471497 3360.0226257900454 0.0 0.0 0.2804525070362688 0.0
HPT 0.922277636074323
LPT  0.9094144746431575
core nozzle out 38.38214396174026 42.40677660735734 1992.9289710139242 23.297624701922388 1722.0519030678968 0.036357618743999974 1.0
bypass nozzle out 212.49227580412898 20.950058758452634 598.4979025225709 13.6644 522.7099321977921 0.07072824047185021 0.8505819117562644
2.075061529541791
HP power balance:  -10591.272666134051 = 10591.234483031092  +  0.0  HP extraction
LP power balance:  -5197.028333407197 + -1622.4049612539031 = -6819.4332946611 6819.479035681845
 
converged
CASE #  314
--- 0.5 2000.0 ----------------------------------------------------
fan Nc = 0.85      burner temperature = 3277.7924935697706    ambient Ps = 13.66439611956436
burner out 31.262181728294962 331.0856421386049 3277.7924935697706 0.0 0.0 0.2713700276678537 0.0
HPT 0.9223008670843407
LPT  0.9067810591741139
core nozzle out 36.68955895445181 40.02821300871646 1942.773951208288 21.951439743601828 1676.8051223512864 0.03518242379927138 1.0
bypass nozzle out 208.2630148505201 20.50680927383122 595.82491678682 13.6644 522.9515739553347 0.0706958277689239 0.8338619532615142
2.0903772266874108
HP power balance:  -9788.884472410416 = 9788.898876615389  +  0.0  HP extraction
LP power balance:  -4853.8813791405355 + -1511.9313133012586 = -6365.812692441794 6365.889880447975
 
converged
CASE #  315
--- 0.5 2000.0 ----------------------------------------------------
fan Nc = 0.8000000169123287      burner temperature = 3006.6321209550756    ambient Ps = 13.66439611956436
burner out 27.696012010790266 281.07739077178474 3006.6321209550756 0.0 0.0 0.251185336769955 0.0
HPT 0.9222318521581796
LPT  0.9006143176587977
core nozzle out 32.521667472530716 33.501018359026666 1762.785506535995 18.414635454969968 1514.6239809245524 0.032676519504821505 1.0
bypass nozzle out 195.78490299457724 19.59683154752279 588.0626823522998 13.6644 523.5147042913002 0.07062029208140833 0.7843238267919235
2.1197894245810573
HP power balance:  -7922.710452980317 = 7922.440787155172  +  0.0  HP extraction
LP power balance:  -3926.82444358089 + -1297.3984823855642 = -5224.222925966455 5224.381001297711
 
converged
CASE #  316
--- 0.5 2000.0 ----------------------------------------------------
fan Nc = 0.749999810084858      burner temperature = 2694.2836584002425    ambient Ps = 13.66439611956436
burner out 24.076906429047153 231.60250974232576 2694.2836584002425 0.0 0.0 0.2309937147521356 0.0
HPT 0.9220729624565083
LPT  0.8942069409842215
core nozzle out 28.28931649837222 26.685895785066624 1555.2948910092541 14.923570261324887 1328.4625371347634 0.030198953967401774 1.0
bypass nozzle out 184.2766438165206 18.931771954250674 579.158962612808 13.6644 522.2385372503811 0.07079147120045765 0.7373315872196874
2.125130140732598
HP power balance:  -6159.49160903406 = 6159.314267277417  +  0.0  HP extraction
LP power balance:  -3017.3357079216494 + -1146.838601376954 = -4164.1743092986035 4164.085728776286
 
converged
CASE #  317
--- 0.5 2000.0 ----------------------------------------------------
fan Nc = 0.699999964130924      burner temperature = 2432.739811726362    ambient Ps = 13.66439611956436
burner out 20.705234977035886 189.47985838663604 2432.739811726362 0.0 0.0 0.20932887040794526 0.0
HPT 0.92195727458212
LPT  0.8885985345450605
core nozzle out 24.339846374604377 21.829708722685652 1397.2962534368448 13.6644 1223.6397885772164 0.0300236132200071 0.8988606119761181
bypass nozzle out 170.80872390102778 18.216580091304397 570.2226934701504 13.6644 521.4508849975066 0.07089712321499893 0.6829284850122975
1.987048629721748
HP power balance:  -4783.793481647814 = 4783.737536846568  +  0.0  HP extraction
LP power balance:  -2180.402627716166 + -997.9831602986599 = -3178.385788014826 3178.4303655490116
 
constraints False
True
converged
constraints False
True
converged
CASE #  318
--- 0.4 2000.0 ----------------------------------------------------
fan Nc = 0.8613521958924666      burner temperature = 3359.9961346625364    ambient Ps = 13.664400753956075
burner out 30.997736006728545 332.31713614242824 3359.9961346625364 0.0 0.0 0.26569479424839426 0.0
HPT 0.9223504392707987
LPT  0.9048379442212959
core nozzle out 36.372470806864854 40.24621461557582 1997.097941745008 22.106799326475272 1725.8783800025742 0.03442268687105771 1.0
bypass nozzle out 199.60504133961658 19.819897456416413 590.4041442742553 13.6644 523.3522617609245 0.07064208136788436 0.7995292088966273
2.2083977992679102
HP power balance:  -9960.149487991355 = 9960.574303758247  +  0.0  HP extraction
LP power balance:  -4977.953052321025 + -1474.0471718272586 = -6452.000224148283 6452.628823330176
 
constraints False
True
converged
CASE #  319
--- 0.4 2000.0 ----------------------------------------------------
fan Nc = 0.8614910535194658      burner temperature = 3360.0024647644445    ambient Ps = 13.664400753956075
burner out 31.004899498165695 332.37255378015067 3360.0024647644445 0.0 0.0 0.2657386110301742 0.0
HPT 0.9223500307854777
LPT  0.9048653305143146
core nozzle out 36.38087981267977 40.24803299069594 1997.0379250316573 22.107811303906043 1725.8245790248457 0.034425337282638614 1.0
bypass nozzle out 199.64500476665302 19.82171160683257 590.4199022792948 13.6644 523.3479332486183 0.07064266197441908 0.7996522873186309
2.2080349306518268
HP power balance:  -9962.898962740184 = 9963.086970338658  +  0.0  HP extraction
LP power balance:  -4980.231422415657 + -1474.5168270434754 = -6454.748249459132 6454.962167833348
 
constraints False
True
converged
CASE #  320
--- 0.4 2000.0 ----------------------------------------------------
fan Nc = 0.8614567336893998      burner temperature = 3359.9908893932225    ambient Ps = 13.664400753956075
burner out 31.005161961328202 332.38429355068956 3359.9908893932225 0.0 0.0 0.2657489081907063 0.0
HPT 0.9223500397327579
LPT  0.9048636296706178
core nozzle out 36.38118948502222 40.25202694268842 1997.053616028834 22.110007978995423 1725.8384142118446 0.03442848181148325 1.0
bypass nozzle out 199.633508876006 19.82200084800565 590.4177441714426 13.6644 523.3429668331435 0.0706433281463218 0.7996727103107897
2.207997389605804
HP power balance:  -9963.202313265554 = 9963.205644829986  +  0.0  HP extraction
LP power balance:  -4979.822204896086 + -1474.465204816794 = -6454.287409712881 6454.570197884048
 
did not converge
CASE #  321
--- 0.4 2000.0 ----------------------------------------------------
fan Nc = 0.85      burner temperature = 3315.5452912494807    ambient Ps = 13.664400753956075
burner out 30.322738722816727 328.51604640427166 3315.5452912494807 0.0 0.0 0.26618872216931294 0.0
HPT 0.9223378514144465
LPT  0.9041721017255694
core nozzle out 35.58391821336252 40.28030805685312 1973.649776305988 22.127584295356517 1704.6769576156778 0.034879215753867064 1.0
bypass nozzle out 196.61103441722923 19.640461729586402 588.1685209930762 13.6644 523.1605178357188 0.07066780100735737 0.7873740698564609
2.2302359134716228
HP power balance:  -9676.334339575265 = 9597.544513259041  +  0.0  HP extraction
LP power balance:  -4723.079978232145 + -1437.5358630549547 = -6160.615841287099 6154.229423384133
 
constraints False
True
converged
constraints False
True
converged
CASE #  322
--- 0.3 2000.0 ----------------------------------------------------
fan Nc = 0.8735389413373943      burner temperature = 3360.00085729143    ambient Ps = 13.664399912079105
burner out 30.809913305620313 330.27844648821406 3360.00085729143 0.0 0.0 0.264063972685847 0.0
HPT 0.9223487536067955
LPT  0.9067165503839472
core nozzle out 36.15175475179559 40.015142107358834 1996.3119859632827 21.966412462561827 1725.2062895676472 0.03421737960337803 1.0
bypass nozzle out 193.27740157278026 19.432897015199313 584.5997477704074 13.6644 522.0389724928042 0.07081823989005703 0.7731925767278472
2.2860063013449534
HP power balance:  -9887.587020248418 = 9887.606482068219  +  0.0  HP extraction
LP power balance:  -4945.340630450521 + -1485.660719394407 = -6431.001349844928 6431.12459771327
 
constraints False
True
converged
CASE #  323
--- 0.3 2000.0 ----------------------------------------------------
fan Nc = 0.8735524493843487      burner temperature = 3360.0007618695463    ambient Ps = 13.664399912079105
burner out 30.810425975166147 330.2838865806175 3360.0007618695463 0.0 0.0 0.2640683302432053 0.0
HPT 0.9223487241715139
LPT  0.906719220670005
core nozzle out 36.15235670042602 40.015323528446146 1996.305711455136 21.96654227421153 1725.2006615843063 0.03421769351570247 1.0
bypass nozzle out 193.28102176279597 19.433082708638732 584.6023106072682 13.6644 522.039399133739 0.07081818266242378 0.7732054899839133
2.2859637384422378
HP power balance:  -9887.777174485125 = 9887.790191778031  +  0.0  HP extraction
LP power balance:  -4945.630594437917 + -1485.7014834799143 = -6431.332077917832 6431.311718658829
 
constraints False
True
converged
CASE #  324
--- 0.3 2000.0 ----------------------------------------------------
fan Nc = 0.8735584361973622      burner temperature = 3360.0038681008764    ambient Ps = 13.664399912079105
burner out 30.81102618179999 330.2813399636069 3360.0038681008764 0.0 0.0 0.2640660513404259 0.0
HPT 0.9223487298891714
LPT  0.9067206868406865
core nozzle out 36.153060567074036 40.014970547734436 1996.307005905573 21.96629169543374 1725.2018513128808 0.03421727952895421 1.0
bypass nozzle out 193.2822125926583 19.43316646389553 584.6034574552477 13.6644 522.0395832385675 0.07081815796745726 0.7732113155018067
2.2859468147596926
HP power balance:  -9887.93399212944 = 9887.97869285483  +  0.0  HP extraction
LP power balance:  -4945.760157480636 + -1485.7284593871036 = -6431.488616867739 6431.467954087376
 
converged
CASE #  325
--- 0.3 2000.0 ----------------------------------------------------
fan Nc = 0.8500000000000001      burner temperature = 3221.528886530903    ambient Ps = 13.664399912079105
burner out 29.422986718592373 308.8777202094916 3221.528886530903 0.0 0.0 0.25759605768429206 0.0
HPT 0.9223449278792575
LPT  0.9070910893930655
core nozzle out 34.53396438702958 37.943652180581125 1909.45950490274 20.464475808032716 1646.8349972053152 0.033390968066206055 1.0
bypass nozzle out 186.93201773724786 19.06897632828058 579.8454451307724 13.6644 521.4485236106019 0.07089743996046964 0.7473909605093957
2.3162052610484274
HP power balance:  -9034.951681960578 = 9034.961812802747  +  0.0  HP extraction
LP power balance:  -4418.844634930034 + -1409.3269620074334 = -5828.171596937467 5828.227683048865
 
converged
CASE #  326
--- 0.3 2000.0 ----------------------------------------------------
fan Nc = 0.8000000135101961      burner temperature = 2858.5515196173587    ambient Ps = 13.664399912079105
burner out 25.735997808900017 254.76869877675483 2858.5515196173587 0.0 0.0 0.23948461090831258 0.0
HPT 0.9221824994904667
LPT  0.9005205697027163
core nozzle out 30.228517181288815 29.3677043172933 1658.0132599242097 16.532387139735626 1420.529676548106 0.031283248430941116 1.0
bypass nozzle out 174.48009530627508 18.393111002959426 570.8346096017356 13.6644 520.1860021170795 0.07106678872917499 0.6967767085088141
2.3239197786810917
HP power balance:  -7004.263180682494 = 7004.212141506658  +  0.0  HP extraction
LP power balance:  -3463.219595499454 + -1246.140188834838 = -4709.359784334292 4709.15407050719
 
converged
CASE #  327
--- 0.3 2000.0 ----------------------------------------------------
fan Nc = 0.7499998584293257      burner temperature = 2610.238562975203    ambient Ps = 13.664399912079105
burner out 22.780644351203524 215.7324792458775 2610.238562975203 0.0 0.0 0.22210385343992742 0.0
HPT 0.9220706332015853
LPT  0.8948843591771871
core nozzle out 26.77002316524388 24.879865948863856 1501.1178130020355 13.844433328669425 1280.159585832163 0.029073407937240347 1.0
bypass nozzle out 162.44413491944275 17.79161514161101 563.1227243491129 13.6644 519.3438892884541 0.07117974583237711 0.6482147696680521
2.382618853946301
HP power balance:  -5651.720678121324 = 5651.714051378301  +  0.0  HP extraction
LP power balance:  -2708.3812678093213 + -1100.5336859549643 = -3808.9149537642857 3808.807799526474
 
converged
CASE #  328
--- 0.3 2000.0 ----------------------------------------------------
fan Nc = 0.6999995478853951      burner temperature = 2390.3971762950514    ambient Ps = 13.664399912079105
burner out 19.91496024839978 180.66065833547444 2390.3971762950514 0.0 0.0 0.20311731782479148 0.0
HPT 0.9219804891149208
LPT  0.8866638574145979
core nozzle out 23.412077210186936 20.848144247882512 1374.3216285942863 13.6644 1215.412468762627 0.030225244486893163 0.861533796663705
bypass nozzle out 148.9961379031701 17.17329059504324 555.1474403791532 13.6644 518.434601229706 0.0713017135089177 0.5939784888901228
2.1892107355359838
HP power balance:  -4515.531347850952 = 4515.395652971197  +  0.0  HP extraction
LP power balance:  -2002.8510023615859 + -961.5683400247734 = -2964.4193423863594 2964.639495742222
 
constraints False
True
converged
constraints False
True
converged
CASE #  329
--- 0.25 2000.0 ----------------------------------------------------
fan Nc = 0.8788265498159946      burner temperature = 3360.0016651637397    ambient Ps = 13.664399742149199
burner out 30.76064600999284 329.74104151955345 3360.0016651637397 0.0 0.0 0.263634071812608 0.0
HPT 0.9223474275950856
LPT  0.9076017217587458
core nozzle out 36.09382303438407 39.95990784639081 1995.9331121535838 21.927382736778082 1724.8792077446133 0.03416304364977035 1.0
bypass nozzle out 190.91185036135676 19.290925780183326 582.3423221358884 13.6644 521.4399215298741 0.07089859380362164 0.7632841787355238
2.3167770841831574
HP power balance:  -9867.681914160024 = 9867.842636689216  +  0.0  HP extraction
LP power balance:  -4935.862036498543 + -1491.429010246928 = -6427.291046745471 6427.841246521927
 
constraints False
True
converged
CASE #  330
--- 0.25 2000.0 ----------------------------------------------------
fan Nc = 0.8788477142612295      burner temperature = 3360.0026815091715    ambient Ps = 13.664399742149199
burner out 30.760836396725963 329.75553218068944 3360.0026815091715 0.0 0.0 0.2636455804324721 0.0
HPT 0.9223472957732185
LPT  0.9076157298907417
core nozzle out 36.09404782556649 39.964250864925845 1995.9505351136095 21.93046209511412 1724.8946080482465 0.034167536481637215 1.0
bypass nozzle out 190.91040081077918 19.29095324304988 582.3443680215312 13.6644 521.4415107962117 0.07089838062681729 0.7632859236282553
2.31677820105769
HP power balance:  -9867.96810322824 = 9867.953473218093  +  0.0  HP extraction
LP power balance:  -4935.9924143300495 + -1491.4766626604633 = -6427.469076990513 6427.602113821504
 
constraints False
True
converged
CASE #  331
--- 0.25 2000.0 ----------------------------------------------------
fan Nc = 0.8788945348273888      burner temperature = 3359.997056596988    ambient Ps = 13.664399742149199
burner out 30.762406715080683 329.7696919778596 3359.997056596988 0.0 0.0 0.26365734172448796 0.0
HPT 0.922347199926312
LPT  0.9076229064198773
core nozzle out 36.095891871989295 39.96356316784401 1995.919691473408 21.92997887016059 1724.8669858871365 0.03416733088595741 1.0
bypass nozzle out 190.91990961920072 19.291531119459187 582.352724590272 13.6644 521.4431873798311 0.07089815573767834 0.7633266573123292
2.3166336054577337
HP power balance:  -9868.492452659399 = 9868.489356501539  +  0.0  HP extraction
LP power balance:  -4936.881031489064 + -1491.6105995011474 = -6428.491630990212 6428.296690251517
 
converged
CASE #  332
--- 0.25 2000.0 ----------------------------------------------------
fan Nc = 0.849999999751835      burner temperature = 3192.9987087005866    ambient Ps = 13.664399742149199
burner out 29.08688213697678 304.0026262253508 3192.9987087005866 0.0 0.0 0.2557920557459665 0.0
HPT 0.9223386817332285
LPT  0.9080884458292856
core nozzle out 34.14135461826962 37.47953749282166 1890.8909557149098 20.11748919082724 1630.0723328067877 0.033168271399645545 1.0
bypass nozzle out 183.0501657157923 18.849391694458447 576.5837625797278 13.6644 520.7324230274245 0.07099349436639657 0.7313787080727879
2.3573960451227105
HP power balance:  -8857.149406105242 = 8857.456329141007  +  0.0  HP extraction
LP power balance:  -4300.954499367922 + -1397.9242865746955 = -5698.8787859426175 5698.801270518704
 
converged
CASE #  333
--- 0.25 2000.0 ----------------------------------------------------
fan Nc = 0.8000000037860008      burner temperature = 2830.5648242237335    ambient Ps = 13.664399742149199
burner out 25.39583125312383 250.20339906687494 2830.5648242237335 0.0 0.0 0.23752849669243892 0.0
HPT 0.9221732948209953
LPT  0.9011630453994043
core nozzle out 29.830588827100506 28.809685910474556 1637.6599731976144 16.20699789254083 1402.3221542703482 0.031058381815371714 1.0
bypass nozzle out 170.25665352125247 18.175897795671325 567.9410264040039 13.6644 519.7824136555242 0.07112092421073214 0.6796554666323458
2.3692250254015237
HP power balance:  -6856.566960635827 = 6856.438724742646  +  0.0  HP extraction
LP power balance:  -3379.8992249505854 + -1236.0840340573545 = -4615.98325900794 4616.018453567188
 
converged
CASE #  334
--- 0.25 2000.0 ----------------------------------------------------
fan Nc = 0.7499999074146009      burner temperature = 2594.960051023014    ambient Ps = 13.664399742149199
burner out 22.53504926201953 212.7887934800123 2594.960051023014 0.0 0.0 0.22035855144045938 0.0
HPT 0.922070446984594
LPT  0.8950374245591105
core nozzle out 26.48211775197076 24.534787276715264 1491.1513018362725 13.6644 1271.8008470310538 0.028884325755004166 0.9987006049247129
bypass nozzle out 158.11993894842792 17.586553720871642 560.4594565362413 13.6644 519.0255394932398 0.07122244779516647 0.6307632926208073
2.438681760707461
HP power balance:  -5561.518137030023 = 5561.516011977043  +  0.0  HP extraction
LP power balance:  -2651.937971772032 + -1091.9368949945722 = -3743.874866766604 3743.843127506458
 
converged
CASE #  335
--- 0.25 2000.0 ----------------------------------------------------
fan Nc = 0.7000000575261265      burner temperature = 2389.638133331199    ambient Ps = 13.664399742149199
burner out 19.703659121594736 178.6902324864132 2389.638133331199 0.0 0.0 0.20096648790924465 0.0
HPT 0.9219931307049508
LPT  0.8859161375159914
core nozzle out 23.16360259252161 20.642281830693324 1374.8149884054806 13.6644 1218.5332826630524 0.030148828747074686 0.8534555441857941
bypass nozzle out 143.86468818657494 16.954392370855174 552.8676918746863 13.6644 518.6104586823345 0.07127812480708323 0.5736265770572976
2.2479603987852967
HP power balance:  -4465.05026213209 = 4465.069334576205  +  0.0  HP extraction
LP power balance:  -1970.6691110507538 + -951.6259164461671 = -2922.2950274969207 2922.3683240757873
 
constraints False
True
converged
constraints False
True
converged
CASE #  336
--- 0.2 2000.0 ----------------------------------------------------
fan Nc = 0.8834274014164235      burner temperature = 3360.00285758695    ambient Ps = 13.664399980070362
burner out 30.730766385599107 329.4242321488125 3360.00285758695 0.0 0.0 0.26338055466210275 0.0
HPT 0.9223457105205526
LPT  0.9084003242439818
core nozzle out 36.05866914844788 39.92943617315615 1995.5740692647685 21.905907918683607 1724.567280772987 0.03413574448093575 1.0
bypass nozzle out 189.0173025311723 19.178925669408308 580.526800681476 13.6644 520.9356051706869 0.07096624045748418 0.7553632389274008
2.3419827214730904
HP power balance:  -9855.397658661093 = 9855.45107760184  +  0.0  HP extraction
LP power balance:  -4930.979561394019 + -1496.809799234271 = -6427.78936062829 6427.725901482367
 
constraints False
True
converged
CASE #  337
--- 0.2 2000.0 ----------------------------------------------------
fan Nc = 0.8834372175352592      burner temperature = 3359.997079647838    ambient Ps = 13.664399980070362
burner out 30.731166297704313 329.42202000059956 3359.997079647838 0.0 0.0 0.2633792354107334 0.0
HPT 0.9223457315377237
LPT  0.9084010045477114
core nozzle out 36.05913842360258 39.92836857429509 1995.5626081160447 21.90515212936814 1724.557063562005 0.03413476887453737 1.0
bypass nozzle out 189.0192320342133 19.179069821418654 580.5287146552033 13.6644 520.9358672114749 0.07096620530855005 0.7553735405985009
2.3419436745298134
HP power balance:  -9855.393812103825 = 9855.547910438663  +  0.0  HP extraction
LP power balance:  -4931.177761955534 + -1496.8388405291594 = -6428.016602484693 6427.926451732938
 
constraints False
True
converged
CASE #  338
--- 0.2 2000.0 ----------------------------------------------------
fan Nc = 0.8834036151493148      burner temperature = 3360.0222974887038    ambient Ps = 13.664399980070362
burner out 30.73014143403683 329.4272502607973 3360.0222974887038 0.0 0.0 0.26338145456408923 0.0
HPT 0.9223457011220052
LPT  0.9083956853180742
core nozzle out 36.05793499215236 39.930796908560744 1995.5980900927943 21.90687000262389 1724.5887654052249 0.03413681850719653 1.0
bypass nozzle out 189.01500557673603 19.17865451679725 580.5227326085221 13.6644 520.9346839029812 0.07096636403205492 0.7553439092221734
2.342058333814335
HP power balance:  -9855.459999023093 = 9855.336885247645  +  0.0  HP extraction
LP power balance:  -4930.603534474628 + -1496.7502613296833 = -6427.353795804311 6427.435918658313
 
converged
CASE #  339
--- 0.2 2000.0 ----------------------------------------------------
fan Nc = 0.8499999988411541      burner temperature = 3144.0633805447033    ambient Ps = 13.664399980070362
burner out 28.671461922199626 297.3938376213537 3144.0633805447033 0.0 0.0 0.25413148422933796 0.0
HPT 0.9223153702890184
LPT  0.9084952682101772
core nozzle out 33.657013820113264 36.31825240111048 1854.4842552977857 19.619368806674743 1597.3054226435097 0.03300521225810565 1.0
bypass nozzle out 179.96422957025877 18.678222298234637 573.9629493380328 13.6644 520.1025352618753 0.071077984585427 0.7186218309111184
2.3783553338007795
HP power balance:  -8592.127426645404 = 8592.12704449722  +  0.0  HP extraction
LP power balance:  -4207.737089355212 + -1384.9469282075615 = -5592.684017562774 5592.663944675925
 
converged
CASE #  340
--- 0.2 2000.0 ----------------------------------------------------
fan Nc = 0.8000000209093293      burner temperature = 2813.720284263806    ambient Ps = 13.664399980070362
burner out 25.084658064308318 246.4034657433697 2813.720284263806 0.0 0.0 0.2353198851817386 0.0
HPT 0.9221662746073575
LPT  0.9013592531461031
core nozzle out 29.465943591161516 28.373237533297225 1626.7203164239074 15.946183220750342 1392.5184065549877 0.030777332263474476 1.0
bypass nozzle out 166.78806480378054 18.001772084105102 565.5956939095831 13.6644 519.4353202467977 0.0711674817083234 0.6655916356007731
2.412255516391606
HP power balance:  -6724.459770513696 = 6724.639413003071  +  0.0  HP extraction
LP power balance:  -3312.463971994564 + -1228.1524740472646 = -4540.616446041829 4540.602987709586
 
converged
CASE #  341
--- 0.2 2000.0 ----------------------------------------------------
fan Nc = 0.749999990175086      burner temperature = 2581.0186958706227    ambient Ps = 13.664399980070362
burner out 22.316237740604855 210.16318453002955 2581.0186958706227 0.0 0.0 0.21882794615380494 0.0
HPT 0.9220692266784988
LPT  0.8951886018171682
core nozzle out 26.225623929700674 24.210545162350567 1481.922416337392 13.6644 1267.89650082194 0.028972649596461356 0.9873950175148251
bypass nozzle out 154.43252054207713 17.41617311322786 558.2862496893144 13.6644 518.7973230463632 0.07125305968928086 0.6158762453949798
2.46640869028637
HP power balance:  -5481.073110995957 = 5481.059354097202  +  0.0  HP extraction
LP power balance:  -2603.30625314797 + -1084.6574261228902 = -3687.96367927086 3688.14343729538
 
converged
CASE #  342
--- 0.2 2000.0 ----------------------------------------------------
fan Nc = 0.7000000033571568      burner temperature = 2386.7628862027573    ambient Ps = 13.664399980070362
burner out 19.53473467273275 177.048495022224 2386.7628862027573 0.0 0.0 0.1993626627638959 0.0
HPT 0.9220037916048927
LPT  0.8854707396084577
core nozzle out 22.96503589102831 20.469071825287916 1373.7069835678496 13.6644 1219.7706389008524 0.03011853935563209 0.8466176769958975
bypass nozzle out 139.57876304435493 16.77763734421128 551.1060267800387 13.6644 518.8249532226728 0.07124935350577338 0.5566817805500813
2.298461191716725
HP power balance:  -4420.642679281415 = 4420.6319973622985  +  0.0  HP extraction
LP power balance:  -1947.5988369965753 + -938.6482921318301 = -2886.2471291284055 2886.2772266125685
 
constraints False
True
converged
constraints False
True
converged
CASE #  343
--- 0.1 2000.0 ----------------------------------------------------
fan Nc = 0.8889374586028216      burner temperature = 3360.0004193223385    ambient Ps = 13.664400005672286
burner out 30.567510042746328 327.66946069059264 3360.0004193223385 0.0 0.0 0.2619775457332542 0.0
HPT 0.9223449678090259
LPT  0.9093509239701194
core nozzle out 35.866970824470506 39.76464395380581 1995.69891632914 21.78896151439258 1724.6906906569284 0.0339510615116802 1.0
bypass nozzle out 185.2349219511659 18.97031620647637 578.189965272671 13.6644 520.9528187129299 0.07096393151288492 0.7402598201996982
2.389792625917479
HP power balance:  -9793.660286409939 = 9793.711590333283  +  0.0  HP extraction
LP power balance:  -4898.69041546509 + -1499.9404436772352 = -6398.630859142326 6398.595316744637
 
constraints False
True
converged
CASE #  344
--- 0.1 2000.0 ----------------------------------------------------
fan Nc = 0.8889282592883102      burner temperature = 3359.9994148130427    ambient Ps = 13.664400005672286
burner out 30.56683856428273 327.6654476055685 3359.9994148130427 0.0 0.0 0.26197441402397076 0.0
HPT 0.9223450104367494
LPT  0.9093542658155156
core nozzle out 35.866182325198444 39.76623479691899 1995.7166177949646 21.790088406540136 1724.7065243784361 0.03395250573461105 1.0
bypass nozzle out 185.2317756665759 18.970187065165963 578.1882824898289 13.6644 520.9526131541426 0.07096395908558584 0.7402503938183534
2.389833763236891
HP power balance:  -9793.332434822561 = 9793.473089264875  +  0.0  HP extraction
LP power balance:  -4898.477425177281 + -1499.9045545476095 = -6398.38197972489 6398.193947562001
 
constraints False
True
converged
CASE #  345
--- 0.1 2000.0 ----------------------------------------------------
fan Nc = 0.8889256978992444      burner temperature = 3360.0009763205862    ambient Ps = 13.664400005672286
burner out 30.567281527495233 327.6660529260254 3360.0009763205862 0.0 0.0 0.2619747779278915 0.0
HPT 0.9223449976324707
LPT  0.9093521835855537
core nozzle out 35.86670265606067 39.7657676658291 1995.7135899992747 21.78975667001053 1724.7037756046263 0.03395204300294135 1.0
bypass nozzle out 185.2327006305746 18.970129386236568 578.1875264795262 13.6644 520.9525172958898 0.0709639719435666 0.7402461839816824
2.3898458397213074
HP power balance:  -9793.63692931886 = 9793.638381318626  +  0.0  HP extraction
LP power balance:  -4898.452827192508 + -1499.9139283356697 = -6398.366755528178 6398.334060745024
 
converged
CASE #  346
--- 0.1 2000.0 ----------------------------------------------------
fan Nc = 0.8499999893193861      burner temperature = 3086.663373506617    ambient Ps = 13.664400005672286
burner out 27.96764877576427 287.4497672042494 3086.663373506617 0.0 0.0 0.25021470556015807 0.0
HPT 0.9222862672470927
LPT  0.9084246667356262
core nozzle out 32.834484364621126 34.599732740977544 1812.46213089265 18.890249097285384 1559.4756408687583 0.03255338160022362 1.0
bypass nozzle out 174.44881189727695 18.390510118459122 570.6745996202783 13.6644 520.0663881411457 0.07108283319229762 0.6965750565046696
2.426801951001394
HP power balance:  -8205.710478890875 = 8205.030026854809  +  0.0  HP extraction
LP power balance:  -4068.1184141567865 + -1367.7331922604044 = -5435.851606417191 5435.948262442223
 
converged
CASE #  347
--- 0.1 2000.0 ----------------------------------------------------
fan Nc = 0.7999999904161059      burner temperature = 2790.1533646419166    ambient Ps = 13.664400005672286
burner out 24.604657671275024 240.69368318748613 2790.1533646419166 0.0 0.0 0.23180768582700206 0.0
HPT 0.9221540853111005
LPT  0.9017034648828168
core nozzle out 28.903303125072437 27.72990853414735 1611.5778708067994 15.557684890064797 1378.9308884557165 0.030328226154082996 1.0
bypass nozzle out 161.5407471437776 17.74839022077431 562.5031019229376 13.6644 519.2234674142389 0.0711958986632225 0.6445720883279239
2.4801639403734494
HP power balance:  -6527.876266397158 = 6527.91035570818  +  0.0  HP extraction
LP power balance:  -3213.1483234080215 + -1216.5654345602559 = -4429.713757968278 4429.51840009322
 
converged
CASE #  348
--- 0.1 2000.0 ----------------------------------------------------
fan Nc = 0.7500000000284899      burner temperature = 2556.203355479511    ambient Ps = 13.664400005672286
burner out 21.88871129015551 205.16680982494992 2556.203355479511 0.0 0.0 0.21569073968969002 0.0
HPT 0.9220630128994574
LPT  0.8958707685953328
core nozzle out 25.72439343094005 23.607996134784845 1465.4996235641372 13.6644 1261.2910459095085 0.02912209759732831 0.9658652935693598
bypass nozzle out 147.84963580063976 17.12672291575337 555.3869513989655 13.6644 519.1353591732606 0.07120771709340293 0.5898488350744564
2.5122606180994724
HP power balance:  -5331.348599492147 = 5331.348925341737  +  0.0  HP extraction
LP power balance:  -2511.4030159702597 + -1072.4878413713818 = -3583.8908573416415 3583.895356645464
 
converged
CASE #  349
--- 0.1 2000.0 ----------------------------------------------------
fan Nc = 0.6999999998577511      burner temperature = 2378.579552335414    ambient Ps = 13.664400005672286
burner out 19.229104168457184 173.97055282644052 2378.579552335414 0.0 0.0 0.19657542121070185 0.0
HPT 0.9220140134606171
LPT  0.8852361047019539
core nozzle out 22.605950525007124 20.14285114848161 1369.7493131589126 13.6644 1220.3915613660317 0.03010337572153121 0.833587658080519
bypass nozzle out 132.96630728796254 16.50430110148754 548.7551542566857 13.6644 519.3934537238343 0.07117309748924293 0.5305995532205061
2.373648241496761
HP power balance:  -4335.061325413178 = 4335.062218607449  +  0.0  HP extraction
LP power balance:  -1902.2258626236396 + -917.8361593421785 = -2820.062021965818 2820.0628817539628
 
constraints False
True
converged
constraints False
True
converged
CASE #  350
--- 0.0 2000.0 ----------------------------------------------------
fan Nc = 0.8907439691584135      burner temperature = 3359.9985041393725    ambient Ps = 13.664400005672286
burner out 30.508448914511543 327.0404825445201 3359.9985041393725 0.0 0.0 0.2614747379664907 0.0
HPT 0.9223447901584505
LPT  0.9096675143751404
core nozzle out 35.79762472487194 39.70834787884941 1995.7844206600878 21.74899655490279 1724.7708810597778 0.033887207906771466 1.0
bypass nozzle out 183.9209383163744 18.899064935392456 577.4174137856762 13.6644 520.9821396833148 0.07095999853411394 0.7350285251531452
2.4067821346852334
HP power balance:  -9771.55757012079 = 9771.500642371386  +  0.0  HP extraction
LP power balance:  -4886.655073969777 + -1500.7281169069927 = -6387.38319087677 6387.411172100027
 
constraints False
True
converged
CASE #  351
--- 0.0 2000.0 ----------------------------------------------------
fan Nc = 0.8907524759517783      burner temperature = 3359.9987493186636    ambient Ps = 13.664400005672286
burner out 30.50859910245351 327.04211871190375 3359.9987493186636 0.0 0.0 0.261476026743255 0.0
HPT 0.9223447951855349
LPT  0.9096701681061837
core nozzle out 35.797800575084345 39.70867408262435 1995.7843232291114 21.74922865938905 1724.7708267146959 0.03388757056803793 1.0
bypass nozzle out 183.9225096557324 18.899209329606013 577.4192896301453 13.6644 520.9823643089735 0.07095996840387148 0.7350391418451208
2.406746786491895
HP power balance:  -9771.499038915603 = 9771.542876700265  +  0.0  HP extraction
LP power balance:  -4886.83332786086 + -1500.7484959064752 = -6387.581823767335 6387.454277007406
 
constraints False
True
converged
CASE #  352
--- 0.0 2000.0 ----------------------------------------------------
fan Nc = 0.8907442209809087      burner temperature = 3359.985326065395    ambient Ps = 13.664400005672286
burner out 30.507653968705643 327.03886370507183 3359.985326065395 0.0 0.0 0.2614744621103786 0.0
HPT 0.9223448022393108
LPT  0.9096668109848854
core nozzle out 35.79669263285633 39.70775938958279 1995.7724128820532 21.748580421014896 1724.7601175762848 0.03388677102826558 1.0
bypass nozzle out 183.91465067777446 18.899080909373094 577.4176235257235 13.6644 520.9821665656694 0.07095999492823976 0.7350296995036708
2.406771244282876
HP power balance:  -9771.192432236212 = 9771.194413001433  +  0.0  HP extraction
LP power balance:  -4886.510031503549 + -1500.6939448792396 = -6387.203976382789 6387.278650351853
 
converged
CASE #  353
--- 0.0 2000.0 ----------------------------------------------------
fan Nc = 0.8500000061869614      burner temperature = 3070.8060699296857    ambient Ps = 13.664400005672286
burner out 27.761884748212406 284.6273240805848 3070.8060699296857 0.0 0.0 0.24904214903941924 0.0
HPT 0.9222756544216527
LPT  0.9084415614960744
core nozzle out 32.593936827133525 34.123540034951205 1800.9619288066074 18.68849513974697 1549.1265265454185 0.032416573014530166 1.0
bypass nozzle out 172.48795437402404 18.290769120518632 569.5881250652071 13.6644 520.1028373452162 0.07107794406537082 0.688767104997058
2.446713741219759
HP power balance:  -8101.500859467154 = 8101.58848726495  +  0.0  HP extraction
LP power balance:  -4020.6663718704317 + -1363.7369157596356 = -5384.403287630067 5384.239334159395
 
converged
CASE #  354
--- 0.0 2000.0 ----------------------------------------------------
fan Nc = 0.7999997941706651      burner temperature = 2779.0461996769404    ambient Ps = 13.664400005672286
burner out 24.413900255749894 238.36246592661908 2779.0461996769404 0.0 0.0 0.23048726303233694 0.0
HPT 0.9221443061190293
LPT  0.9019846635937409
core nozzle out 28.67980620654982 27.466114144725942 1604.2724017161281 15.397663329004033 1372.3765959645016 0.030159852968763192 1.0
bypass nozzle out 159.3248893323958 17.645110061458702 561.4910711470588 13.6644 519.364668383221 0.07117695862112436 0.635826064118029
2.508411033225605
HP power balance:  -6447.589713513549 = 6447.623614301664  +  0.0  HP extraction
LP power balance:  -3172.7827662869636 + -1211.9483533287391 = -4384.7311196157025 4384.503693637585
 
converged
CASE #  355
--- 0.0 2000.0 ----------------------------------------------------
fan Nc = 0.7500000069584957      burner temperature = 2550.2710051289373    ambient Ps = 13.664400005672286
burner out 21.758742067350674 203.71607978259877 2550.2710051289373 0.0 0.0 0.21465579295753046 0.0
HPT 0.9220622048141353
LPT  0.8959510133382446
core nozzle out 25.571924203290827 23.43786187340725 1461.6532256062 13.6644 1260.1327560471623 0.029148314295716383 0.9596722489591902
bypass nozzle out 145.60472334869053 17.030842933523754 554.5121994826534 13.6644 519.3257417725737 0.07118218005586176 0.5809962933270466
2.5326699175744167
HP power balance:  -5288.783498456196 = 5288.783189623873  +  0.0  HP extraction
LP power balance:  -2485.362300795397 + -1068.4390705002247 = -3553.8013712956217 3553.8104408882
 
converged
CASE #  356
--- 0.0 2000.0 ----------------------------------------------------
fan Nc = 0.6999999999891052      burner temperature = 2375.944994570316    ambient Ps = 13.664400005672286
burner out 19.11639306757224 172.85199025326997 2375.944994570316 0.0 0.0 0.19552858659738553 0.0
HPT 0.9220177356805915
LPT  0.8853427172908135
core nozzle out 22.47351082813006 20.057177236688347 1368.858009111181 13.6644 1221.0798194624658 0.030086537244771592 0.8289248606242278
bypass nozzle out 130.51726575184432 16.403436511441445 547.9810347402354 13.6644 519.6621718909282 0.07113705288250982 0.5209585714934554
2.404087474846131
HP power balance:  -4304.329415675889 = 4304.3295083485355  +  0.0  HP extraction
LP power balance:  -1883.708752653911 + -910.0072983870703 = -2793.7160510409813 2793.517222951974
 
constraints False
True
converged
constraints False
True
converged
CASE #  357
--- 0.5 0.0 ----------------------------------------------------
fan Nc = 0.8793517030211344      burner temperature = 3360.0025775080853    ambient Ps = 14.695899928425801
burner out 35.40343982816769 379.7658499370027 3360.0025775080853 0.0 0.0 0.3036353196146661 0.0
HPT 0.9222054754946996
LPT  0.9144145631385975
core nozzle out 41.544725838435724 45.87707284776295 1992.1555596904036 25.2102242351278 1721.2731473441845 0.03936025733557846 1.0
bypass nozzle out 227.28203024334223 22.696858771985752 605.6133699753215 14.6959 528.8955323509874 0.07517504231219518 0.8510275354859185
2.061605116548423
HP power balance:  -11495.14926713368 = 11495.104840948894  +  0.0  HP extraction
LP power balance:  -5538.741729316089 + -1849.27801346992 = -7388.019742786009 7388.049043898956
 
constraints False
True
converged
CASE #  358
--- 0.5 0.0 ----------------------------------------------------
fan Nc = 0.879374667445218      burner temperature = 3360.007242651284    ambient Ps = 14.695899928425801
burner out 35.40573302388328 379.7769650054789 3360.007242651284 0.0 0.0 0.3036437887878077 0.0
HPT 0.9222054054489012
LPT  0.9144214789404536
core nozzle out 41.54741707469896 45.87848839864865 1992.1569941429254 25.21100420000944 1721.2744073443425 0.03936144642448167 1.0
bypass nozzle out 227.29420346592363 22.69746393185442 605.6171825568458 14.6959 528.8950823518626 0.07517510722951086 0.8510516076685902
2.061548396749702
HP power balance:  -11495.935083339538 = 11495.864436602527  +  0.0  HP extraction
LP power balance:  -5539.395613927746 + -1849.443047619556 = -7388.838661547302 7388.58098209695
 
constraints False
True
converged
CASE #  359
--- 0.5 0.0 ----------------------------------------------------
fan Nc = 0.8793574100089859      burner temperature = 3360.0187422178683    ambient Ps = 14.695899928425801
burner out 35.403958194901925 379.7814617723871 3360.0187422178683 0.0 0.0 0.30364635220859126 0.0
HPT 0.9222054258744691
LPT  0.9144158580312637
core nozzle out 41.54533371359691 45.87908373685747 1992.167706898504 25.211330592323318 1721.2840049011647 0.03936173739817868 1.0
bypass nozzle out 227.28487635550852 22.697045953466635 605.6144418612988 14.6959 528.8953024361305 0.07517507547993824 0.8510349576617028
2.061593655759633
HP power balance:  -11495.539032390434 = 11495.339771241965  +  0.0  HP extraction
LP power balance:  -5538.9105854646905 + -1849.3195441481662 = -7388.230129612857 7388.167070862852
 
converged
CASE #  360
--- 0.5 0.0 ----------------------------------------------------
fan Nc = 0.8500000074152693      burner temperature = 3218.5758067412426    ambient Ps = 14.695899928425801
burner out 33.08059876511205 347.37387482737495 3218.5758067412426 0.0 0.0 0.2899703469981743 0.0
HPT 0.922187844120378
LPT  0.9109994387647414
core nozzle out 38.82969844447897 41.84861447302471 1900.2341719426483 22.94355421058972 1638.3562652028745 0.037634328406364964 1.0
bypass nozzle out 219.8217394129766 22.013397371497504 601.0974774699653 14.6959 529.2263256475884 0.07512732174636946 0.823361175203396
2.082357974219331
HP power balance:  -10239.667370924391 = 10239.31787992318  +  0.0  HP extraction
LP power balance:  -4934.45551213726 + -1690.8739592763045 = -6625.3294714135645 6625.409209485458
 
converged
CASE #  361
--- 0.5 0.0 ----------------------------------------------------
fan Nc = 0.8000000008367708      burner temperature = 2978.6746051709074    ambient Ps = 14.695899928425801
burner out 28.97524175858142 292.7948679566172 2978.6746051709074 0.0 0.0 0.26412654796200435 0.0
HPT 0.9221613448863613
LPT  0.9056658700221294
core nozzle out 34.02632384537248 35.330624960210386 1747.3319953163873 19.17488034198077 1500.6599016839461 0.034335370637624006 1.0
bypass nozzle out 207.71378230179084 20.866375227178423 593.4493116131806 14.6959 529.2598023872287 0.07512249235903287 0.778035804212139
2.116447991327533
HP power balance:  -8213.7767604998 = 8213.77551824696  +  0.0  HP extraction
LP power balance:  -3988.240185627345 + -1404.715723492997 = -5392.955909120342 5392.9755085359175
 
converged
CASE #  362
--- 0.5 0.0 ----------------------------------------------------
fan Nc = 0.7499999909545907      burner temperature = 2737.321067968796    ambient Ps = 14.695899928425801
burner out 25.52408233246366 247.45080955776015 2737.321067968796 0.0 0.0 0.24292393146563704 0.0
HPT 0.9220957010429166
LPT  0.8937397160626248
core nozzle out 29.987513792075028 28.459705999953748 1583.5083527754757 15.983793083972733 1353.7011619195794 0.031732845007628206 1.0
bypass nozzle out 196.0631699340644 19.939711171492377 587.473012446203 14.6959 530.0944420447197 0.07500208642237902 0.7350032846139508
2.1347414571752
HP power balance:  -6662.371274565004 = 6662.323626859984  +  0.0  HP extraction
LP power balance:  -3273.6886490394 + -1177.2359723421011 = -4450.924621381501 4450.882948134481
 
converged
CASE #  363
--- 0.5 0.0 ----------------------------------------------------
fan Nc = 0.7000000054544265      burner temperature = 2484.160670101358    ambient Ps = 14.695899928425801
burner out 22.111561802569213 204.43991339150395 2484.160670101358 0.0 0.0 0.2211762491471038 0.0
HPT 0.9219918223773801
LPT  0.887925062288654
core nozzle out 25.990793041275104 23.652114751410117 1427.6083013637199 14.6959 1249.7549849993306 0.03160206426860706 0.9029736217436346
bypass nozzle out 181.61394234477595 19.219619204891156 579.4108979077872 14.6959 530.157824286007 0.0749929428380059 0.6808791131310582
2.0054601861836145
HP power balance:  -5236.855754833808 = 5236.885387886621  +  0.0  HP extraction
LP power balance:  -2440.7303275694653 + -1027.132437167987 = -3467.8627647374524 3467.7268855580055
 
constraints False
True
converged
constraints False
True
converged
CASE #  364
--- 0.4 0.0 ----------------------------------------------------
fan Nc = 0.8730046184581752      burner temperature = 3360.000768051728    ambient Ps = 14.695901349431548
burner out 33.72058876614958 361.6514552060752 3360.000768051728 0.0 0.0 0.28915059009465577 0.0
HPT 0.9222608503576439
LPT  0.910263439075573
core nozzle out 39.56892339651532 43.71156655163642 1992.774861530008 24.016984059398965 1721.9060259411035 0.03748340959407623 1.0
bypass nozzle out 214.62338982458763 21.51130511725988 597.3119080371713 14.6959 528.8838493076745 0.07517672771949693 0.8036118104027634
2.1835636571317667
HP power balance:  -10932.196458034032 = 10932.112702376971  +  0.0  HP extraction
LP power balance:  -5325.251065261352 + -1694.8390329018334 = -7020.090098163186 7020.086316078193
 
constraints False
True
converged
CASE #  365
--- 0.4 0.0 ----------------------------------------------------
fan Nc = 0.8730083860202031      burner temperature = 3359.9879070602137    ambient Ps = 14.695901349431548
burner out 33.72056063440436 361.63213440041284 3359.9879070602137 0.0 0.0 0.2891362400303875 0.0
HPT 0.9222608598451344
LPT  0.9102620773878095
core nozzle out 39.56889029229037 43.70806107162384 1992.7549744029154 24.01505572923767 1721.888306512675 0.03748078434138616 1.0
bypass nozzle out 214.6219643901676 21.51136970054035 597.3124024443625 14.6959 528.8839101840597 0.07517671893740982 0.8036143137056128
2.1835461723827634
HP power balance:  -10931.907890329807 = 10932.045511799539  +  0.0  HP extraction
LP power balance:  -5325.262904145146 + -1694.8397145544811 = -7020.102618699628 7020.247968123268
 
constraints False
True
converged
CASE #  366
--- 0.4 0.0 ----------------------------------------------------
fan Nc = 0.8729902651668673      burner temperature = 3360.006479715926    ambient Ps = 14.695901349431548
burner out 33.71974794464958 361.6501170802527 3360.006479715926 0.0 0.0 0.289149031324621 0.0
HPT 0.9222608690348197
LPT  0.9102598779104469
core nozzle out 39.567935857806674 43.71182598145363 1992.783958518965 24.017125853784812 1721.914204280203 0.03748345338256827 1.0
bypass nozzle out 214.62278199810154 21.511152686801505 597.3102986523992 14.6959 528.8833004959063 0.07517680689162158 0.8036059796994925
2.183585417514019
HP power balance:  -10931.913282825772 = 10931.855397993833  +  0.0  HP extraction
LP power balance:  -5325.0795564887785 + -1694.7691693747097 = -7019.848725863489 7019.832604659795
 
converged
CASE #  367
--- 0.4 0.0 ----------------------------------------------------
fan Nc = 0.8500000640533906      burner temperature = 3248.730730079545    ambient Ps = 14.695901349431548
burner out 31.940589398432714 336.819710422801 3248.730730079545 0.0 0.0 0.2785301933821669 0.0
HPT 0.9222849551698893
LPT  0.9074501707976259
core nozzle out 37.48809168304884 40.639903559943036 1922.2281597330348 22.29946291215023 1658.2991114154236 0.03613582237618016 1.0
bypass nozzle out 209.0493944226154 20.985101928230044 593.9454807304555 14.6959 528.9938255968083 0.07516086243202344 0.7828351538248837
2.202761178662009
HP power balance:  -9935.226415819203 = 9934.975862608615  +  0.0  HP extraction
LP power balance:  -4885.482968142691 + -1557.5093245406847 = -6442.992292683375 6443.311234973187
 
converged
CASE #  368
--- 0.4 0.0 ----------------------------------------------------
fan Nc = 0.800000000020969      burner temperature = 3012.7910643676964    ambient Ps = 14.695901349431548
burner out 28.37669086231974 288.26225581796416 3012.7910643676964 0.0 0.0 0.25708389408359295 0.0
HPT 0.9222542071268823
LPT  0.9006935248698247
core nozzle out 33.32031670842547 34.67690463744854 1769.2974880616175 18.90690600040429 1520.486910085273 0.03342184835412814 1.0
bypass nozzle out 197.10228109990848 19.982960919979124 586.9185774089847 14.6959 529.1396449979558 0.07513982638201086 0.7382050488789155
2.2443332103248523
HP power balance:  -8134.797731127609 = 8134.706701900301  +  0.0  HP extraction
LP power balance:  -4020.526720064934 + -1302.7628507033758 = -5323.28957076831 5323.365829904117
 
converged
CASE #  369
--- 0.4 0.0 ----------------------------------------------------
fan Nc = 0.7500011670388752      burner temperature = 2732.6310312993187    ambient Ps = 14.695901349431548
burner out 25.011001508639566 242.228674091953 2732.6310312993187 0.0 0.0 0.2382081897995929 0.0
HPT 0.9221290953233293
LPT  0.8911290149568474
core nozzle out 29.384500605610008 27.891298716363092 1581.080353984832 15.651540727676698 1351.5701628332865 0.03112061316158861 1.0
bypass nozzle out 184.68731886376312 19.356069071495835 579.4017811047382 14.6959 528.7387235852872 0.07519766369873035 0.6914542498543136
2.2703688876443473
HP power balance:  -6507.404017339113 = 6507.6255371814195  +  0.0  HP extraction
LP power balance:  -3192.3627378737074 + -1154.1262879907279 = -4346.4890258644355 4346.557654967962
 
converged
CASE #  370
--- 0.4 0.0 ----------------------------------------------------
fan Nc = 0.7000000136113357      burner temperature = 2454.4441351137025    ambient Ps = 14.695901349431548
burner out 21.642741280686895 198.9017954477796 2454.4441351137025 0.0 0.0 0.21777943159322127 0.0
HPT 0.9220084460181258
LPT  0.8875210457090305
core nozzle out 25.440775311144225 23.08220694075464 1409.8375305056404 14.6959 1241.3913750430168 0.03182245029658534 0.8804831303234842
bypass nozzle out 170.52801719170176 18.68714718449185 570.4538020361208 14.6959 527.4619650915895 0.07538185013288153 0.6376218909734623
2.0869492406599197
HP power balance:  -5063.673438992695 = 5063.8696632764195  +  0.0  HP extraction
LP power balance:  -2329.6600849597453 + -1008.241038343243 = -3337.9011233029883 3337.8401757858187
 
constraints False
True
converged
constraints False
True
converged
CASE #  371
--- 0.3 0.0 ----------------------------------------------------
fan Nc = 0.8703879425313528      burner temperature = 3360.0260575582656    ambient Ps = 14.695899958428468
burner out 32.52064490607018 348.7098836064451 3360.0260575582656 0.0 0.0 0.27879988035084785 0.0
HPT 0.9223062755875916
LPT  0.907718656491714
core nozzle out 38.160007870441866 42.16487597781478 1993.1529464503399 23.164872798869546 1722.3127556110655 0.03614489345807844 1.0
bypass nozzle out 205.42604359966862 20.63712504790447 591.1265206840159 14.6959 528.5238332437299 0.0752286639904381 0.7688647711793865
2.2831902792934504
HP power balance:  -10524.689285190181 = 10525.174190541198  +  0.0  HP extraction
LP power balance:  -5192.108538133479 + -1571.6622055369753 = -6763.770743670454 6763.729281287267
 
constraints False
True
converged
CASE #  372
--- 0.3 0.0 ----------------------------------------------------
fan Nc = 0.8703836368214561      burner temperature = 3360.0013021740783    ambient Ps = 14.695899958428468
burner out 32.52090803172387 348.71792920500224 3360.0013021740783 0.0 0.0 0.2788083578252934 0.0
HPT 0.9223062026890614
LPT  0.907719265127461
core nozzle out 38.16032157478764 42.16554507563328 1993.1337229626797 23.165241505277006 1722.2952177033908 0.036145836328390045 1.0
bypass nozzle out 205.41964889950242 20.63745814372274 591.1270073623862 14.6959 528.52225808591 0.07522889122425208 0.7688785489455002
2.2831422465566855
HP power balance:  -10525.277309059187 = 10525.30062113106  +  0.0  HP extraction
LP power balance:  -5192.0189218648065 + -1571.6672909465676 = -6763.686212811374 6763.678199636995
 
constraints False
True
converged
CASE #  373
--- 0.3 0.0 ----------------------------------------------------
fan Nc = 0.8703849168420529      burner temperature = 3360.029945927461    ambient Ps = 14.695899958428468
burner out 32.5207119276758 348.71938882811565 3360.029945927461 0.0 0.0 0.27880716371368536 0.0
HPT 0.9223061791521645
LPT  0.9077180008627488
core nozzle out 38.160089375815026 42.16553890527941 1993.151052380494 23.165236171936552 1722.3108348464705 0.036145501001765924 1.0
bypass nozzle out 205.41777185140808 20.637352310389915 591.1268453320469 14.6959 528.5227517799179 0.07522882000346966 0.7688741723121775
2.283163726813536
HP power balance:  -10525.356195437851 = 10525.335010170958  +  0.0  HP extraction
LP power balance:  -5191.960308485317 + -1571.6513846445578 = -6763.611693129875 6763.71596449928
 
converged
CASE #  374
--- 0.3 0.0 ----------------------------------------------------
fan Nc = 0.85      burner temperature = 3270.4291844276772    ambient Ps = 14.695899958428468
burner out 31.08318228500075 328.771822249093 3270.4291844276772 0.0 0.0 0.27008012334872966 0.0
HPT 0.9223473461586706
LPT  0.9051065509559406
core nozzle out 36.479300429651644 39.82049321960922 1939.0135662149103 21.80433086386142 1673.4676382330722 0.035016329430543607 1.0
bypass nozzle out 200.4735118481424 20.19108448588015 588.3051358817437 14.6959 528.6465337677737 0.07521096309234054 0.750465601568789
2.3081040772999213
HP power balance:  -9701.91785397166 = 9701.797496484807  +  0.0  HP extraction
LP power balance:  -4825.6231785832215 + -1464.765763939698 = -6290.388942522919 6290.459717810891
 
converged
CASE #  375
--- 0.3 0.0 ----------------------------------------------------
fan Nc = 0.7999999998820445      burner temperature = 2984.731792144325    ambient Ps = 14.695899958428468
burner out 27.765172488732144 280.7295474687814 2984.731792144325 0.0 0.0 0.25272411077535023 0.0
HPT 0.9222585482269176
LPT  0.8989016690859982
core nozzle out 32.6037786256012 33.4280025178636 1748.513940257349 18.38155367886559 1501.827579264125 0.0328897887150037 1.0
bypass nozzle out 187.55829898083806 19.492688763116742 580.5387368995983 14.6959 528.3672064662283 0.07525125912317698 0.7019214581798271
2.3486348008288225
HP power balance:  -7883.551157586051 = 7883.567829799945  +  0.0  HP extraction
LP power balance:  -3907.629921383607 + -1281.5114573313788 = -5189.141378714986 5189.214186334231
 
converged
CASE #  376
--- 0.3 0.0 ----------------------------------------------------
fan Nc = 0.7499998289763362      burner temperature = 2695.639926104738    ambient Ps = 14.695899958428468
burner out 24.41075498098809 234.81604225304707 2695.639926104738 0.0 0.0 0.23407848774437293 0.0
HPT 0.9221212743231324
LPT  0.8912226394187691
core nozzle out 28.681027780256453 27.04855904207057 1556.7932832722258 15.13793422716153 1329.8383405087625 0.030600766533725857 1.0
bypass nozzle out 174.9279607905291 18.884874650475 572.5252460581117 14.6959 527.3142691007772 0.07540315690156207 0.6539830318863794
2.385652311077262
HP power balance:  -6253.714404154549 = 6253.761664989892  +  0.0  HP extraction
LP power balance:  -3063.351549361013 + -1135.4614830862895 = -4198.813032447302 4198.869478199636
 
converged
CASE #  377
--- 0.3 0.0 ----------------------------------------------------
fan Nc = 0.7000000109402726      burner temperature = 2450.339496432198    ambient Ps = 14.695899958428468
burner out 21.2824278918524 195.4039453484266 2450.339496432198 0.0 0.0 0.21430128597657072 0.0
HPT 0.9220238287977469
LPT  0.885666966626376
core nozzle out 25.01707880996142 22.737058885096506 1409.4080241209006 14.6959 1245.490988003576 0.03171448257067285 0.8673759340897207
bypass nozzle out 160.27056569390245 18.239043461047995 564.2661649042852 14.6959 526.429528312748 0.07553079047650958 0.5986656123147059
2.195172156858983
HP power balance:  -4957.265401426311 = 4957.203490728558  +  0.0  HP extraction
LP power balance:  -2270.399726326056 + -992.6989385997433 = -3263.0986649257993 3263.1471670236074
 
constraints False
True
converged
constraints False
True
converged
CASE #  378
--- 0.25 0.0 ----------------------------------------------------
fan Nc = 0.8691498190941185      burner temperature = 3359.993171168417    ambient Ps = 14.695894987345689
burner out 32.02457387656819 343.3541557980941 3359.993171168417 0.0 0.0 0.2745198956049518 0.0
HPT 0.9223286585508441
LPT  0.9065993792955113
core nozzle out 37.577519517123626 41.53326507522304 1994.204485521817 22.816779106636655 1723.2830813048556 0.035581704690315144 1.0
bypass nozzle out 201.72051795877783 20.29718249373112 588.672285729792 14.6959 528.3390406695889 0.07525532234866061 0.7549127038927232
2.3263663484337136
HP power balance:  -10340.390922974646 = 10340.478831433185  +  0.0  HP extraction
LP power balance:  -5133.107050242302 + -1527.1591629730592 = -6660.266213215361 6660.453319192069
 
constraints False
True
converged
CASE #  379
--- 0.25 0.0 ----------------------------------------------------
fan Nc = 0.8691266347891008      burner temperature = 3359.998081990968    ambient Ps = 14.695894987345689
burner out 32.023396641562655 343.3464300969614 3359.998081990968 0.0 0.0 0.2745133193708379 0.0
HPT 0.9223287816983277
LPT  0.9066040093025169
core nozzle out 37.576137358606516 41.536395210804265 1994.2451457353259 22.818496621458355 1723.3193893551404 0.03558363473196711 1.0
bypass nozzle out 201.713996739273 20.29651119363748 588.66869826357 14.6959 528.3398285081978 0.0752552086942892 0.7548847602756439
2.3264737104106206
HP power balance:  -10340.070197036152 = 10340.09155840758  +  0.0  HP extraction
LP power balance:  -5132.647148252993 + -1527.0309745893744 = -6659.678122842368 6659.646283013576
 
constraints False
True
converged
CASE #  380
--- 0.25 0.0 ----------------------------------------------------
fan Nc = 0.8691318128493547      burner temperature = 3360.016790235778    ambient Ps = 14.695894987345689
burner out 32.02372910879053 343.34434593337085 3360.016790235778 0.0 0.0 0.27451013454401696 0.0
HPT 0.9223287213331012
LPT  0.9066033675718961
core nozzle out 37.57652609725304 41.53567729991102 1994.2538523029193 22.818100209142173 1723.3272653507322 0.03558285407099116 1.0
bypass nozzle out 201.717101136683 20.296447145201057 588.6689883653498 14.6959 528.3404826803463 0.07525511432277261 0.7548820303059588
2.3264855629413415
HP power balance:  -10340.249444981926 = 10340.24384081535  +  0.0  HP extraction
LP power balance:  -5132.745474879064 + -1527.0502323420014 = -6659.795707221066 6659.825601495242
 
converged
CASE #  381
--- 0.25 0.0 ----------------------------------------------------
fan Nc = 0.8499999999999996      burner temperature = 3276.670795400588    ambient Ps = 14.695894987345689
burner out 30.82881313791757 326.36206197299845 3276.670795400588 0.0 0.0 0.2675889153400477 0.0
HPT 0.9223647469160617
LPT  0.9042063499058641
core nozzle out 36.18004811075816 39.61164580278336 1944.0053380942518 21.656339434561403 1677.9792741420063 0.03468497767746494 1.0
bypass nozzle out 196.60046513535917 19.953323582091578 586.2303404109005 14.6959 528.8159180571532 0.07518652754840953 0.7360868030673792
2.3557165093945964
HP power balance:  -9631.65560367985 = 9631.483261690035  +  0.0  HP extraction
LP power balance:  -4801.89290895613 + -1440.4173003268427 = -6242.310209282972 6242.808911191302
 
converged
CASE #  382
--- 0.25 0.0 ----------------------------------------------------
fan Nc = 0.799999998803685      burner temperature = 2956.329280311283    ambient Ps = 14.695894987345689
burner out 27.402168101681497 275.7515663163526 2956.329280311283 0.0 0.0 0.25062327971596204 0.0
HPT 0.922246377079284
LPT  0.8988265223393571
core nozzle out 32.17925172189358 32.56889957453329 1727.9272499510384 18.01663026574006 1483.3277303262332 0.032646232195849695 1.0
bypass nozzle out 183.27850408114034 19.281107181483236 577.710807841154 14.6959 527.9655053603436 0.07530920891920552 0.6856350711832714
2.3916282637058996
HP power balance:  -7706.4435723970555 = 7706.684246939447  +  0.0  HP extraction
LP power balance:  -3826.2306469826626 + -1273.1991344465746 = -5099.429781429237 5099.180918813363
 
converged
CASE #  383
--- 0.25 0.0 ----------------------------------------------------
fan Nc = 0.7499999434175113      burner temperature = 2681.1299136912944    ambient Ps = 14.695894987345689
burner out 24.144911420363897 231.63378039362152 2681.1299136912944 0.0 0.0 0.2321693899731129 0.0
HPT 0.9221149846280953
LPT  0.8912393409197293
core nozzle out 28.369343708966127 26.689880990385888 1547.471894500591 14.922413286464902 1321.5117022577124 0.030355454335875595 1.0
bypass nozzle out 170.5391459713813 18.68470562427768 569.9230314877279 14.6959 527.0012369998767 0.07544831521985354 0.6373666009657886
2.4414346791781933
HP power balance:  -6145.009383987412 = 6145.098348056617  +  0.0  HP extraction
LP power balance:  -3009.6709023606113 + -1127.537845277803 = -4137.208747638414 4137.271750285223
 
converged
CASE #  384
--- 0.25 0.0 ----------------------------------------------------
fan Nc = 0.699999876904146      burner temperature = 2447.69433934992    ambient Ps = 14.695894987345689
burner out 21.1512225399654 194.0852859334953 2447.69433934992 0.0 0.0 0.21308852725613536 0.0
HPT 0.9220320592870896
LPT  0.8850649125569957
core nozzle out 24.862853747865106 22.61060420117963 1408.644388788779 14.6959 1246.4545471015424 0.031689112990045114 0.8624870947387274
bypass nozzle out 156.11658854116826 18.06627810702239 561.8397805440786 14.6959 525.9941594274582 0.0755935972194588 0.5828999263696341
2.243572112593602
HP power balance:  -4919.1631801638905 = 4919.067514057024  +  0.0  HP extraction
LP power balance:  -2243.858192333927 + -986.6995078465941 = -3230.5577001805214 3230.682119880764
 
constraints False
True
converged
constraints False
True
converged
CASE #  385
--- 0.2 0.0 ----------------------------------------------------
fan Nc = 0.8683781045493724      burner temperature = 3360.00104808077    ambient Ps = 14.695899948967606
burner out 31.67184739758531 339.56672362975166 3360.00104808077 0.0 0.0 0.2714906399149296 0.0
HPT 0.922345106557876
LPT  0.905781283749962
core nozzle out 37.1633369012727 41.09337448331797 1995.035099099291 22.574367553265798 1724.0487523599431 0.03518802614734832 1.0
bypass nozzle out 198.59547435017635 20.051150210044643 586.7497263030438 14.6959 528.280037432099 0.07526383421364549 0.7431900044946249
2.363653842608874
HP power balance:  -10209.882912899544 = 10209.815745185251  +  0.0  HP extraction
LP power balance:  -5090.081393011715 + -1495.3149351724844 = -6585.396328184199 6585.647535087968
 
constraints False
True
converged
CASE #  386
--- 0.2 0.0 ----------------------------------------------------
fan Nc = 0.8683739787625406      burner temperature = 3359.996495303058    ambient Ps = 14.695899948967606
burner out 31.67068779290376 339.54580639974273 3359.996495303058 0.0 0.0 0.27147427966211546 0.0
HPT 0.9223451479401945
LPT  0.9057796793216363
core nozzle out 37.16197551373215 41.09075305257093 1995.0343778205347 22.57292325182769 1724.0481737500254 0.03518578652785199 1.0
bypass nozzle out 198.59107059388194 20.05068300934169 586.748317712971 14.6959 528.283578114747 0.07526332343128952 0.7431561204300409
2.3637533260370276
HP power balance:  -10209.336741031522 = 10209.337407755116  +  0.0  HP extraction
LP power balance:  -5089.844768916962 + -1495.2277793715184 = -6585.07254828848 6585.440985320927
 
constraints False
True
converged
CASE #  387
--- 0.2 0.0 ----------------------------------------------------
fan Nc = 0.8684166684151886      burner temperature = 3359.999523168819    ambient Ps = 14.695899948967606
burner out 31.674058102505985 339.5693562899006 3359.999523168819 0.0 0.0 0.2714928673108431 0.0
HPT 0.922345040966054
LPT  0.9057912498371946
core nozzle out 37.16593106366213 41.093152259192735 1995.024517735708 22.574247190204296 1724.0393072042468 0.03518803111258789 1.0
bypass nozzle out 198.60354983051528 20.051859174926857 586.7546786519355 14.6959 528.2772418038866 0.07526423751371687 0.7432411885171885
2.36349117955678
HP power balance:  -10210.449436366502 = 10210.521082172736  +  0.0  HP extraction
LP power balance:  -5090.706176439793 + -1495.4976476802738 = -6586.203824120067 6586.267069695883
 
converged
CASE #  388
--- 0.2 0.0 ----------------------------------------------------
fan Nc = 0.8499999999999996      burner temperature = 3280.937836163321    ambient Ps = 14.695899948967606
burner out 30.629523556712247 324.44557535335525 3280.937836163321 0.0 0.0 0.2656698625824293 0.0
HPT 0.9223735066547002
LPT  0.9033072656307216
core nozzle out 35.945697702806704 39.44185463109241 1947.4755818772614 21.535966729279192 1681.1133842348488 0.034427471983147766 1.0
bypass nozzle out 193.2751280886329 19.7844440148288 584.478859837365 14.6959 528.9583132262541 0.0751659854814748 0.7237378561046371
2.39764028794469
HP power balance:  -9573.395882518047 = 9573.34119163609  +  0.0  HP extraction
LP power balance:  -4773.606596061962 + -1433.099728690896 = -6206.706324752858 6207.018239263576
 
converged
CASE #  389
--- 0.2 0.0 ----------------------------------------------------
fan Nc = 0.8000000007746922      burner temperature = 2934.426651617728    ambient Ps = 14.695899948967606
burner out 27.109326975945883 271.8277776262237 2934.426651617728 0.0 0.0 0.24891096151438954 0.0
HPT 0.9222369038320023
LPT  0.8987276631021301
core nozzle out 31.836665334509 31.910040522059017 1712.435935861255 17.73525480382843 1469.4015930078015 0.0324416955971635 1.0
bypass nozzle out 179.7348377713619 19.109969774034408 575.4032207106936 14.6959 527.6220754137231 0.07535875246057298 0.6721539970003215
2.4297971745877813
HP power balance:  -7566.272041112373 = 7566.26729409553  +  0.0  HP extraction
LP power balance:  -3759.3282756705585 + -1266.1807821386574 = -5025.509057809216 5025.295705740477
 
converged
CASE #  390
--- 0.2 0.0 ----------------------------------------------------
fan Nc = 0.7499999738573572      burner temperature = 2669.1893777559917    ambient Ps = 14.695899948967606
burner out 23.926391157789205 229.04132809726212 2669.1893777559917 0.0 0.0 0.23059881084486117 0.0
HPT 0.9221109955824269
LPT  0.8912306639004723
core nozzle out 28.113141832242654 26.387889794738985 1539.7280142964855 14.747858641955615 1314.626497287468 0.03015593527118824 1.0
bypass nozzle out 166.899015125192 18.523114598903337 567.8024706984357 14.6959 526.730347690341 0.07548739397767606 0.6236124699578613
2.4898735529829015
HP power balance:  -6057.8961277402905 = 6057.921471269536  +  0.0  HP extraction
LP power balance:  -2964.94390236634 + -1120.9478084284474 = -4085.8917107947873 4085.8977760838143
 
converged
CASE #  391
--- 0.2 0.0 ----------------------------------------------------
fan Nc = 0.7000000004798836      burner temperature = 2444.179941975208    ambient Ps = 14.695899948967606
burner out 20.986046246609035 192.42696976833977 2444.179941975208 0.0 0.0 0.21157702192214617 0.0
HPT 0.9220374320541876
LPT  0.8847115955815374
core nozzle out 24.66877699826648 22.446082773076842 1407.291703005495 14.6959 1247.386967232011 0.0316645770369192 0.8560577301057285
bypass nozzle out 151.75965487101487 17.89191850965857 559.897411136403 14.6959 526.0184355214476 0.07559009512629936 0.5666396934855105
2.291515220446679
HP power balance:  -4872.993382451857 = 4872.989739321386  +  0.0  HP extraction
LP power balance:  -2210.9175799789455 + -980.8752006338907 = -3191.7927806128364 3191.8199023902553
 
constraints False
True
converged
constraints False
True
converged
CASE #  392
--- 0.1 0.0 ----------------------------------------------------
fan Nc = 0.8669054393966644      burner temperature = 3359.9901079573665    ambient Ps = 14.695900094681127
burner out 31.29289417547532 335.4549032321826 3359.9901079573665 0.0 0.0 0.2682035701339075 0.0
HPT 0.9223624681496543
LPT  0.9045477589032067
core nozzle out 36.71841509737754 40.61145813414586 1996.10931972941 22.308719587305713 1725.0294552374764 0.03475415113497621 1.0
bypass nozzle out 193.7739169061574 19.8057636216852 584.290148948863 14.6959 528.5651071682665 0.07522270977355106 0.7253299008535949
2.4218264577665347
HP power balance:  -10069.426434960451 = 10070.254847474465  +  0.0  HP extraction
LP power balance:  -5027.249542301032 + -1475.7816249747577 = -6503.03116727579 6503.097813773283
 
constraints False
True
converged
CASE #  393
--- 0.1 0.0 ----------------------------------------------------
fan Nc = 0.866871539350378      burner temperature = 3359.996268751239    ambient Ps = 14.695900094681127
burner out 31.292806299931044 335.47153185596255 3359.996268751239 0.0 0.0 0.2682163824619785 0.0
HPT 0.9223622984286733
LPT  0.9045427049375807
core nozzle out 36.718315817065715 40.61507436433222 1996.1297235860181 22.310705098195022 1725.0473147444459 0.03475688495400373 1.0
bypass nozzle out 193.7618915034884 19.805168402386734 584.2858757468349 14.6959 528.5673486064729 0.07522238642147418 0.7252859771597309
2.4219802283169343
HP power balance:  -10070.384543724933 = 10070.341300039243  +  0.0  HP extraction
LP power balance:  -5026.651443644739 + -1475.7132810979383 = -6502.364724742677 6502.766853676257
 
constraints False
True
converged
CASE #  394
--- 0.1 0.0 ----------------------------------------------------
fan Nc = 0.8669189372186568      burner temperature = 3359.9557686840812    ambient Ps = 14.695900094681127
burner out 31.29520890135008 335.4684938598751 3359.9557686840812 0.0 0.0 0.2682171657036118 0.0
HPT 0.9223622166321662
LPT  0.9045576201778344
core nozzle out 36.72113828345876 40.61421858835631 1996.0922281878047 22.31023827367993 1725.0136096578399 0.034756837266277193 1.0
bypass nozzle out 193.7811840284384 19.805773885031492 584.2913932570974 14.6959 528.5661403392119 0.07522256072729586 0.7253305957043464
2.4218120757414137
HP power balance:  -10070.944457135487 = 10070.993366990413  +  0.0  HP extraction
LP power balance:  -5027.564686578725 + -1475.8754597224104 = -6503.440146301135 6503.357517083106
 
did not converge
CASE #  395
--- 0.1 0.0 ----------------------------------------------------
fan Nc = 0.8499999999999998      burner temperature = 3268.7133536268266    ambient Ps = 14.695900094681127
burner out 30.285998578559628 325.7966876691614 3268.7133536268266 0.0 0.0 0.2677761859200668 0.0
HPT 0.9223565911304193
LPT  0.9038462106189582
core nozzle out 35.54373162208908 39.869650655662795 1942.158709467032 21.839035148426813 1676.2714498740854 0.03501340938072485 1.0
bypass nozzle out 188.90771056128116 19.556848521844955 580.9757352112687 14.6959 528.1039734300892 0.0752892333794804 0.7067907574808182
2.453895896649728
HP power balance:  -9521.23804717595 = 9437.701229815295  +  0.0  HP extraction
LP power balance:  -4644.799113924379 + -1422.2537051493293 = -6067.052819073708 6064.3270049119155
 
constraints False
True
converged
constraints False
True
converged
CASE #  396
--- 0.0 0.0 ----------------------------------------------------
fan Nc = 0.8659012146155037      burner temperature = 3360.002582054721    ambient Ps = 14.695900094681127
burner out 31.935177164083562 343.86814242988 3360.002582054721 0.0 0.0 0.2749306478805301 0.0
HPT 0.9196263319924639
LPT  0.9038874813937036
core nozzle out 37.47305447868852 41.446840729777314 1996.2005092001275 22.76830469991496 1725.0266948835072 0.03547031444309086 1.0
bypass nozzle out 191.25913922564973 19.677088119012517 582.6723681966839 14.6959 528.4142480493398 0.07524447285819977 0.7158065177376278
2.454494963219465
HP power balance:  -10314.855235814162 = 10314.930399904622  +  0.0  HP extraction
LP power balance:  -4943.589786946494 + -1674.598572670802 = -6618.188359617297 6618.095067987201
 
constraints False
True
converged
CASE #  397
--- 0.0 0.0 ----------------------------------------------------
fan Nc = 0.8659004507941627      burner temperature = 3359.9931615708415    ambient Ps = 14.695900094681127
burner out 31.935105805038067 343.8433637583048 3359.9931615708415 0.0 0.0 0.27491160066553916 0.0
HPT 0.9196268493499944
LPT  0.9038869912545939
core nozzle out 37.472970561719386 41.44368292310701 1996.1958199027154 22.766565032707515 1725.0225341086823 0.035467689773879166 1.0
bypass nozzle out 191.2591509860686 19.677074187167765 582.6721972102027 14.6959 528.4142355359756 0.07524447466338997 0.7158054793199697
2.454495733572549
HP power balance:  -10314.641572616436 = 10314.784611041348  +  0.0  HP extraction
LP power balance:  -4943.5750188624625 + -1674.5782866891402 = -6618.153305551603 6618.123269571081
 
constraints False
True
converged
CASE #  398
--- 0.0 0.0 ----------------------------------------------------
fan Nc = 0.865909482769751      burner temperature = 3359.9788921054037    ambient Ps = 14.695900094681127
burner out 31.935470719138543 343.8302716809466 3359.9788921054037 0.0 0.0 0.2749022903625651 0.0
HPT 0.9196268303286887
LPT  0.9038899209076628
core nozzle out 37.47339801821176 41.44157553616719 1996.181268602458 22.765407096580848 1725.0096264442145 0.035466151128895625 1.0
bypass nozzle out 191.26188127599204 19.67721260817304 582.6740264951163 14.6959 528.4144792888184 0.0752444394993655 0.7158157916154766
2.4544511056929044
HP power balance:  -10314.344771950686 = 10314.804713442722  +  0.0  HP extraction
LP power balance:  -4943.784725713642 + -1674.579307325179 = -6618.364033038821 6618.29015015842
 
converged
CASE #  399
--- 0.0 0.0 ----------------------------------------------------
fan Nc = 0.8500000000000001      burner temperature = 3236.2445810868103    ambient Ps = 14.695900094681127
burner out 31.219074647128632 330.02042473232825 3236.2445810868103 0.0 0.0 0.27397325135270884 0.0
HPT 0.9176189508971765
LPT  0.9038992698526315
core nozzle out 36.641769535313166 39.781450267036234 1918.892230841839 21.77540830182377 1655.2860009875449 0.0353495189824208 1.0
bypass nozzle out 186.46117434548628 19.43539984554543 579.4727279752555 14.6959 527.9834824115286 0.07530661553214707 0.6975537337893936
2.4723365563168875
HP power balance:  -9621.764969122318 = 9621.935363642786  +  0.0  HP extraction
LP power balance:  -4581.515111622712 + -1664.401857828121 = -6245.916969450833 6245.566214165009
 
converged
CASE #  400
--- 0.0 0.0 ----------------------------------------------------
fan Nc = 0.7999999999999998      burner temperature = 2876.0046865943427    ambient Ps = 14.695900094681127
burner out 29.07055979769204 290.04577617868927 2876.0046865943427 0.0 0.0 0.27099921438367 0.0
HPT 0.9110844690391374
LPT  0.9025553603115413
core nozzle out 34.14480343037991 34.59527465583348 1685.445574513593 18.85017153677737 1445.0086532340035 0.03505818892166351 1.0
bypass nozzle out 171.37595652053804 18.722955401159197 570.4929203640337 14.6959 527.1275609874752 0.07543009159734514 0.640583481686613
2.531377442532776
HP power balance:  -7873.964497473497 = 7874.094954737811  +  0.0  HP extraction
LP power balance:  -3598.4883628888365 + -1645.9864299484454 = -5244.474792837282 5244.480490031171
 
did not converge
CASE #  401
--- 0.0 0.0 ----------------------------------------------------
fan Nc = 0.7524037469420568      burner temperature = 2785.8203680977585    ambient Ps = 14.695900094681127
burner out 27.258714875514436 174.64709589458212 2785.8203680977585 0.0 0.0 0.168457333094625 0.0
HPT 0.9042633089290899
LPT  0.8681704425671266
core nozzle out 32.01425643494821 19.43823692654866 1622.9872887266024 14.6959 1496.4117656689446 0.026391883796245796 0.7139797367873294
bypass nozzle out 158.32922871997 18.12288635462467 562.951657666157 14.6959 526.4269176538317 0.07553116709272867 0.5881775682760636
2.001882503343192
HP power balance:  -5595.027273695111 = 6668.69845499797  +  0.0  HP extraction
LP power balance:  -2846.5878373810338 + -1586.7258027317766 = -4433.31364011281 5244.539735249297
 
constraints False
True
converged
1278.8285977840424 401 3.189098833802335
