g.NS.time   S1.L        Mass.xloc
0.01        13.9999196  13.9999196
0.02        13.9995984  13.9995984
0.03        13.9989569  13.9989569
0.04        13.9979964  13.9979964
0.05        13.9967182  13.9967182
0.06000000  13.9951236  13.9951236
0.07        13.9932143  13.9932143
0.08        13.9909919  13.9909919
0.09        13.9884580  13.9884580
0.09999999  13.9856145  13.9856145
0.10999999  13.9824634  13.9824634
0.11999999  13.9790065  13.9790065
0.12999999  13.9752461  13.9752461
0.13999999  13.9711843  13.9711843
0.15        13.9668233  13.9668233
0.16        13.9621655  13.9621655
0.17        13.9572134  13.9572134
0.18000000  13.9519696  13.9519696
0.19000000  13.9464365  13.9464365
0.20000000  13.9406171  13.9406171
0.21000000  13.9345139  13.9345139
0.22000000  13.9281300  13.9281300
0.23000000  13.9214682  13.9214682
0.24000000  13.9145317  13.9145317
0.25000000  13.9073234  13.9073234
0.26000000  13.8998467  13.8998467
0.27000000  13.8921047  13.8921047
0.28000000  13.8841009  13.8841009
0.29000000  13.8758386  13.8758386
0.30000000  13.8673213  13.8673213
0.31000000  13.8585525  13.8585525
0.32000000  13.8495360  13.8495360
0.33000000  13.8402754  13.8402754
0.34000000  13.8307744  13.8307744
0.35000000  13.8210369  13.8210369
0.36000000  13.8110668  13.8110668
0.37000000  13.8008680  13.8008680
0.38000000  13.7904446  13.7904446
0.39000000  13.7798005  13.7798005
0.40000000  13.7689400  13.7689400
0.41000000  13.7578673  13.7578673
0.42000000  13.7465865  13.7465865
0.43000000  13.7351019  13.7351019
0.44000000  13.7234180  13.7234180
0.45000000  13.7115391  13.7115391
0.46000000  13.6994697  13.6994697
0.47000000  13.6872142  13.6872142
0.48000000  13.6747772  13.6747772
0.49000000  13.6621633  13.6621633
0.50000000  13.6493770  13.6493770
0.51000000  13.6364231  13.6364231
0.52000000  13.6233063  13.6233063
0.53000000  13.6100313  13.6100313
0.54000000  13.5966028  13.5966028
0.55000000  13.5830257  13.5830257
0.56000000  13.5693049  13.5693049
0.57000000  13.5554451  13.5554451
0.58000000  13.5414514  13.5414514
0.59000000  13.5273286  13.5273286
0.60000000  13.5130817  13.5130817
0.61000000  13.4987156  13.4987156
0.62000000  13.4842354  13.4842354
0.63000000  13.4696461  13.4696461
0.64000000  13.4549527  13.4549527
0.65000000  13.4401603  13.4401603
0.66000000  13.4252740  13.4252740
0.67000000  13.4102988  13.4102988
0.68000000  13.3952398  13.3952398
0.69000000  13.3801022  13.3801022
0.70000000  13.3648911  13.3648911
0.71000000  13.3496116  13.3496116
0.72000000  13.3342688  13.3342688
0.73000000  13.3188679  13.3188679
0.74000000  13.3034140  13.3034140
0.75000000  13.2879122  13.2879122
0.76000000  13.2723677  13.2723677
0.77000000  13.2567856  13.2567856
0.78000000  13.2411711  13.2411711
0.79000000  13.2255292  13.2255292
0.80000000  13.2098652  13.2098652
0.81000000  13.1941840  13.1941840
0.82000000  13.1784908  13.1784908
0.83000000  13.1627906  13.1627906
0.84000000  13.1470886  13.1470886
0.85000000  13.1313898  13.1313898
0.86000000  13.1156993  13.1156993
0.87000000  13.1000219  13.1000219
0.88000000  13.0843628  13.0843628
0.89000000  13.0687270  13.0687270
0.90000000  13.0531193  13.0531193
0.91000000  13.0375447  13.0375447
0.92000000  13.0220081  13.0220081
0.93000000  13.0065144  13.0065144
0.94000000  12.9910683  12.9910683
0.95000000  12.9756748  12.9756748
0.96000000  12.9603386  12.9603386
0.97000000  12.9450645  12.9450645
0.98000000  12.9298571  12.9298571
0.99000000  12.9147211  12.9147211
1.00000000  12.8996613  12.8996613
1.01000000  12.8846820  12.8846820
1.02000000  12.8697880  12.8697880
1.03000000  12.8549838  12.8549838
1.04000000  12.8402737  12.8402737
1.05000000  12.8256623  12.8256623
1.06000000  12.8111539  12.8111539
1.07000000  12.7967528  12.7967528
1.08000000  12.7824633  12.7824633
1.09000000  12.7682898  12.7682898
1.10000000  12.7542362  12.7542362
1.11000000  12.7403069  12.7403069
1.12000000  12.7265058  12.7265058
1.13000000  12.7128370  12.7128370
1.14000000  12.6993044  12.6993044
1.15000000  12.6859120  12.6859120
1.16000000  12.6726636  12.6726636
1.17000000  12.6595630  12.6595630
1.18000000  12.6466140  12.6466140
1.19000000  12.6338202  12.6338202
1.20000000  12.6211852  12.6211852
1.21000000  12.6087126  12.6087126
1.22000000  12.5964059  12.5964059
1.23000000  12.5842685  12.5842685
1.24000000  12.5723038  12.5723038
1.25000000  12.5605150  12.5605150
1.26000000  12.5489053  12.5489053
1.27000000  12.5374780  12.5374780
1.28000000  12.5262362  12.5262362
1.29000000  12.5151827  12.5151827
1.30000000  12.5043206  12.5043206
1.31000000  12.4936528  12.4936528
1.32000000  12.4831820  12.4831820
1.33000000  12.4729111  12.4729111
1.34000000  12.4628426  12.4628426
1.35000000  12.4529791  12.4529791
1.36000000  12.4433232  12.4433232
1.37000000  12.4338772  12.4338772
1.38000000  12.4246436  12.4246436
1.39000000  12.4156247  12.4156247
1.40000000  12.4068226  12.4068226
1.41000000  12.3982394  12.3982394
1.42000000  12.3898773  12.3898773
1.43000000  12.3817382  12.3817382
1.44000000  12.3738240  12.3738240
1.45000000  12.3661366  12.3661366
1.46000000  12.3586776  12.3586776
1.47000000  12.3514487  12.3514487
1.48000000  12.3444516  12.3444516
1.49000000  12.3376877  12.3376877
1.50000000  12.3311584  12.3311584
1.51000000  12.3248652  12.3248652
1.52000000  12.3188092  12.3188092
1.53000000  12.3129916  12.3129916
1.54000000  12.3074135  12.3074135
1.55000000  12.3020761  12.3020761
1.56000000  12.2969801  12.2969801
1.57000000  12.2921266  12.2921266
1.58000000  12.2875161  12.2875161
1.59000000  12.2831495  12.2831495
1.60000000  12.2790274  12.2790274
1.61000000  12.2751504  12.2751504
1.62000000  12.2715187  12.2715187
1.63000000  12.2681330  12.2681330
1.64000000  12.2649933  12.2649933
1.65000000  12.2621001  12.2621001
1.66000000  12.2594533  12.2594533
1.67000000  12.2570531  12.2570531
1.68000000  12.2548995  12.2548995
1.69000000  12.2529923  12.2529923
1.70000000  12.2513313  12.2513313
1.71000000  12.2499164  12.2499164
1.72000000  12.2487471  12.2487471
1.73000000  12.2478231  12.2478231
1.74000000  12.2471438  12.2471438
1.75000000  12.2467087  12.2467087
1.76000000  12.2465172  12.2465172
1.77000000  12.2465685  12.2465685
1.78000000  12.2468619  12.2468619
1.79000000  12.2473964  12.2473964
1.80000000  12.2481711  12.2481711
1.81000000  12.2491850  12.2491850
1.82000000  12.2504370  12.2504370
1.83000000  12.2519259  12.2519259
1.84000000  12.2536505  12.2536505
1.85000000  12.2556095  12.2556095
1.86000000  12.2578015  12.2578015
1.87000000  12.2602250  12.2602250
1.88000000  12.2628785  12.2628785
1.89000000  12.2657605  12.2657605
1.90000000  12.2688692  12.2688692
1.91000000  12.2722029  12.2722029
1.92000000  12.2757599  12.2757599
1.93000000  12.2795383  12.2795383
1.94000000  12.2835361  12.2835361
1.95000000  12.2877514  12.2877514
1.96000000  12.2921820  12.2921820
1.97000000  12.2968260  12.2968260
1.98000000  12.3016811  12.3016811
1.99000000  12.3067450  12.3067450
2.00000000  12.3120156  12.3120156
2.01000000  12.3174903  12.3174903
2.02000000  12.3231669  12.3231669
2.03000000  12.3290427  12.3290427
2.04000000  12.3351154  12.3351154
2.05000000  12.3413823  12.3413823
2.06        12.3478407  12.3478407
2.07        12.3544880  12.3544880
2.07999999  12.3613215  12.3613215
2.08999999  12.3683383  12.3683383
2.09999999  12.3755356  12.3755356
2.10999999  12.3829105  12.3829105
2.11999999  12.3904600  12.3904600
2.12999999  12.3981813  12.3981813
2.13999999  12.4060711  12.4060711
2.14999999  12.4141266  12.4141266
2.15999999  12.4223444  12.4223444
2.16999999  12.4307216  12.4307216
2.17999999  12.4392548  12.4392548
2.18999999  12.4479408  12.4479408
2.19999999  12.4567764  12.4567764
2.20999999  12.4657582  12.4657582
2.21999999  12.4748828  12.4748828
2.22999999  12.4841470  12.4841470
2.23999999  12.4935471  12.4935471
2.24999999  12.5030799  12.5030799
2.25999999  12.5127418  12.5127418
2.26999999  12.5225292  12.5225292
2.27999999  12.5324386  12.5324386
2.28999999  12.5424665  12.5424665
2.29999999  12.5526093  12.5526093
2.30999999  12.5628632  12.5628632
2.31999999  12.5732247  12.5732247
2.32999999  12.5836901  12.5836901
2.33999999  12.5942557  12.5942557
2.34999999  12.6049177  12.6049177
2.35999999  12.6156725  12.6156725
2.36999999  12.6265163  12.6265163
2.37999999  12.6374452  12.6374452
2.38999999  12.6484556  12.6484556
2.39999999  12.6595435  12.6595435
2.40999999  12.6707053  12.6707053
2.41999999  12.6819370  12.6819370
2.42999999  12.6932349  12.6932349
2.43999999  12.7045951  12.7045951
2.44999999  12.7160137  12.7160137
2.45999999  12.7274869  12.7274869
2.46999999  12.7390108  12.7390108
2.47999999  12.7505816  12.7505816
2.48999999  12.7621953  12.7621953
2.49999999  12.7738482  12.7738482
2.50999999  12.7855363  12.7855363
2.51999999  12.7972558  12.7972558
2.52999999  12.8090027  12.8090027
2.53999999  12.8207734  12.8207734
2.54999999  12.8325637  12.8325637
2.55999999  12.8443700  12.8443700
2.56999999  12.8561884  12.8561884
2.57999999  12.8680150  12.8680150
2.58999999  12.8798461  12.8798461
2.59999999  12.8916777  12.8916777
2.60999999  12.9035061  12.9035061
2.61999999  12.9153275  12.9153275
2.62999999  12.9271381  12.9271381
2.63999999  12.9389342  12.9389342
2.64999999  12.9507120  12.9507120
2.65999999  12.9624678  12.9624678
2.66999999  12.9741978  12.9741978
2.67999999  12.9858985  12.9858985
2.68999999  12.9975660  12.9975660
2.69999999  13.0091969  13.0091969
2.70999999  13.0207873  13.0207873
2.71999999  13.0323339  13.0323339
2.72999999  13.0438329  13.0438329
2.73999999  13.0552809  13.0552809
2.74999999  13.0666743  13.0666743
2.75999999  13.0780097  13.0780097
2.76999999  13.0892835  13.0892835
2.77999999  13.1004924  13.1004924
2.78999999  13.1116330  13.1116330
2.79999999  13.1227018  13.1227018
2.80999999  13.1336957  13.1336957
2.81999999  13.1446112  13.1446112
2.82999999  13.1554452  13.1554452
2.83999999  13.1661943  13.1661943
2.84999999  13.1768555  13.1768555
2.85999999  13.1874255  13.1874255
2.86999999  13.1979014  13.1979014
2.87999999  13.2082799  13.2082799
2.88999999  13.2185581  13.2185581
2.89999999  13.2287330  13.2287330
2.90999999  13.2388017  13.2388017
2.91999999  13.2487613  13.2487613
2.92999999  13.2586088  13.2586088
2.93999999  13.2683416  13.2683416
2.94999999  13.2779568  13.2779568
2.95999999  13.2874518  13.2874518
2.96999999  13.2968239  13.2968239
2.97999999  13.3060704  13.3060704
2.98999999  13.3151888  13.3151888
2.99999999  13.3241765  13.3241765
3.00999999  13.3330312  13.3330312
3.01999999  13.3417504  13.3417504
3.02999999  13.3503316  13.3503316
3.03999999  13.3587727  13.3587727
3.04999999  13.3670713  13.3670713
3.05999999  13.3752252  13.3752252
3.06999999  13.3832323  13.3832323
3.07999999  13.3910904  13.3910904
3.08999999  13.3987976  13.3987976
3.09999999  13.4063518  13.4063518
3.10999999  13.4137511  13.4137511
3.11999999  13.4209936  13.4209936
3.12999999  13.4280775  13.4280775
3.13999999  13.4350011  13.4350011
3.14999999  13.4417625  13.4417625
3.15999999  13.4483602  13.4483602
3.16999999  13.4547925  13.4547925
3.17999999  13.4610580  13.4610580
3.18999999  13.4671551  13.4671551
3.19999999  13.4730825  13.4730825
3.20999999  13.4788387  13.4788387
3.21999999  13.4844225  13.4844225
3.22999999  13.4898326  13.4898326
3.23999999  13.4950679  13.4950679
3.24999999  13.5001272  13.5001272
3.25999999  13.5050095  13.5050095
3.26999999  13.5097137  13.5097137
3.27999999  13.5142390  13.5142390
3.28999999  13.5185844  13.5185844
3.29999999  13.5227491  13.5227491
3.30999999  13.5267324  13.5267324
3.31999999  13.5305336  13.5305336
3.32999999  13.5341520  13.5341520
3.33999999  13.5375871  13.5375871
3.34999999  13.5408384  13.5408384
3.35999999  13.5439053  13.5439053
3.36999999  13.5467875  13.5467875
3.37999999  13.5494847  13.5494847
3.38999999  13.5519966  13.5519966
3.39999999  13.5543229  13.5543229
3.40999999  13.5564636  13.5564636
3.41999999  13.5584186  13.5584186
3.42999999  13.5601877  13.5601877
3.43999999  13.5617711  13.5617711
3.44999999  13.5631688  13.5631688
3.45999999  13.5643810  13.5643810
3.46999999  13.5654079  13.5654079
3.47999999  13.5662497  13.5662497
3.48999999  13.5669067  13.5669067
3.49999999  13.5673795  13.5673795
3.50999999  13.5676683  13.5676683
3.51999999  13.5677737  13.5677737
3.52999999  13.5676962  13.5676962
3.53999999  13.5674366  13.5674366
3.54999999  13.5669953  13.5669953
3.55999999  13.5663732  13.5663732
3.56999999  13.5655710  13.5655710
3.57999999  13.5645896  13.5645896
3.58999999  13.5634299  13.5634299
3.59999999  13.5620928  13.5620928
3.60999999  13.5605793  13.5605793
3.61999999  13.5588904  13.5588904
3.62999999  13.5570273  13.5570273
3.63999999  13.5549912  13.5549912
3.64999999  13.5527832  13.5527832
3.65999999  13.5504046  13.5504046
3.66999999  13.5478567  13.5478567
3.67999999  13.5451409  13.5451409
3.68999999  13.5422585  13.5422585
3.69999999  13.5392112  13.5392112
3.70999999  13.5360003  13.5360003
3.71999999  13.5326274  13.5326274
3.72999999  13.5290941  13.5290941
3.73999999  13.5254021  13.5254021
3.74999999  13.5215531  13.5215531
3.75999999  13.5175488  13.5175488
3.76999999  13.5133910  13.5133910
3.77999999  13.5090816  13.5090816
3.78999999  13.5046223  13.5046223
3.79999999  13.5000152  13.5000152
3.80999999  13.4952621  13.4952621
3.81999999  13.4903652  13.4903652
3.82999999  13.4853263  13.4853263
3.83999999  13.4801476  13.4801476
3.84999999  13.4748312  13.4748312
3.85999999  13.4693793  13.4693793
3.86999999  13.4637940  13.4637940
3.87999999  13.4580776  13.4580776
3.88999999  13.4522323  13.4522323
3.89999999  13.4462604  13.4462604
3.90999999  13.4401642  13.4401642
3.91999999  13.4339462  13.4339462
3.92999999  13.4276086  13.4276086
3.93999999  13.4211540  13.4211540
3.94999999  13.4145847  13.4145847
3.95999999  13.4079033  13.4079033
3.96999999  13.4011123  13.4011123
3.97999999  13.3942141  13.3942141
3.98999999  13.3872114  13.3872114
3.99999999  13.3801067  13.3801067
4.00999999  13.3729026  13.3729026
4.01999999  13.3656019  13.3656019
4.02999999  13.3582071  13.3582071
4.03999999  13.3507209  13.3507209
4.04999999  13.3431461  13.3431461
4.05999999  13.3354852  13.3354852
4.06999999  13.3277412  13.3277412
4.07999999  13.3199167  13.3199167
4.08999999  13.3120145  13.3120145
4.09999999  13.3040375  13.3040375
4.10999999  13.2959883  13.2959883
4.11999999  13.2878698  13.2878698
4.12999999  13.2796850  13.2796850
4.13999999  13.2714365  13.2714365
4.14999999  13.2631273  13.2631273
4.15999999  13.2547602  13.2547602
4.16999999  13.2463381  13.2463381
4.17999999  13.2378639  13.2378639
4.18999999  13.2293405  13.2293405
4.19999999  13.2207707  13.2207707
4.20999999  13.2121575  13.2121575
4.21999999  13.2035039  13.2035039
4.22999999  13.1948126  13.1948126
4.23999999  13.1860866  13.1860866
4.24999999  13.1773289  13.1773289
4.25999999  13.1685423  13.1685423
4.26999999  13.1597298  13.1597298
4.27999999  13.1508942  13.1508942
4.28999999  13.1420386  13.1420386
4.29999999  13.1331658  13.1331658
4.30999999  13.1242786  13.1242786
4.31999999  13.1153801  13.1153801
4.32999999  13.1064732  13.1064732
4.33999999  13.0975606  13.0975606
4.34999999  13.0886453  13.0886453
4.35999999  13.0797302  13.0797302
4.36999999  13.0708181  13.0708181
4.37999999  13.0619119  13.0619119
4.38999999  13.0530144  13.0530144
4.39999999  13.0441284  13.0441284
4.40999999  13.0352569  13.0352569
4.41999999  13.0264025  13.0264025
4.42999999  13.0175681  13.0175681
4.43999999  13.0087565  13.0087565
4.44999999  12.9999704  12.9999704
4.45999999  12.9912125  12.9912125
4.46999999  12.9824856  12.9824856
4.47999999  12.9737924  12.9737924
4.48999999  12.9651355  12.9651355
4.49999999  12.9565177  12.9565177
4.50999999  12.9479416  12.9479416
4.51999999  12.9394098  12.9394098
4.52999999  12.9309249  12.9309249
4.53999999  12.9224894  12.9224894
4.54999999  12.9141060  12.9141060
4.55999999  12.9057772  12.9057772
4.56999999  12.8975054  12.8975054
4.57999999  12.8892931  12.8892931
4.58999999  12.8811429  12.8811429
4.59999999  12.8730570  12.8730570
4.60999999  12.8650380  12.8650380
4.61999999  12.8570881  12.8570881
4.62999999  12.8492097  12.8492097
4.63999999  12.8414051  12.8414051
4.64999999  12.8336765  12.8336765
4.65999999  12.8260263  12.8260263
4.66999999  12.8184566  12.8184566
4.67999999  12.8109696  12.8109696
4.68999999  12.8035674  12.8035674
4.69999999  12.7962522  12.7962522
4.70999999  12.7890259  12.7890259
4.71999999  12.7818908  12.7818908
4.72999999  12.7748486  12.7748486
4.73999999  12.7679015  12.7679015
4.74999999  12.7610513  12.7610513
4.75999999  12.7543000  12.7543000
4.76999999  12.7476493  12.7476493
4.77999999  12.7411012  12.7411012
4.78999999  12.7346573  12.7346573
4.79999999  12.7283194  12.7283194
4.80999999  12.7220892  12.7220892
4.81999999  12.7159684  12.7159684
4.82999999  12.7099586  12.7099586
4.83999999  12.7040613  12.7040613
4.84999999  12.6982782  12.6982782
4.85999999  12.6926106  12.6926106
4.86999999  12.6870600  12.6870600
4.87999999  12.6816278  12.6816278
4.88999999  12.6763155  12.6763155
4.89999999  12.6711243  12.6711243
4.90999999  12.6660555  12.6660555
4.91999999  12.6611104  12.6611104
4.92999999  12.6562901  12.6562901
4.93999999  12.6515957  12.6515957
4.94999999  12.6470285  12.6470285
4.95999999  12.6425894  12.6425894
4.96999999  12.6382794  12.6382794
4.97999999  12.6340996  12.6340996
4.98999999  12.6300509  12.6300509
4.99999999  12.6261341  12.6261341
5.00999999  12.6223500  12.6223500
5.01999999  12.6186996  12.6186996
5.02999999  12.6151834  12.6151834
5.03999999  12.6118022  12.6118022
5.04999999  12.6085567  12.6085567
5.05999999  12.6054475  12.6054475
5.06999999  12.6024751  12.6024751
5.07999999  12.5996400  12.5996400
5.08999999  12.5969427  12.5969427
5.09999999  12.5943837  12.5943837
5.10999999  12.5919633  12.5919633
5.11999999  12.5896818  12.5896818
5.12999999  12.5875396  12.5875396
5.13999999  12.5855368  12.5855368
5.14999999  12.5836738  12.5836738
5.15999999  12.5819505  12.5819505
5.16999999  12.5803671  12.5803671
5.17999999  12.5789238  12.5789238
5.18999999  12.5776204  12.5776204
5.19999999  12.5764570  12.5764570
5.20999999  12.5754335  12.5754335
5.21999999  12.5745498  12.5745498
5.22999999  12.5738056  12.5738056
5.23999999  12.5732009  12.5732009
5.24999999  12.5727353  12.5727353
5.25999999  12.5724086  12.5724086
5.26999999  12.5722203  12.5722203
5.27999999  12.5721702  12.5721702
5.28999999  12.5722577  12.5722577
5.29999999  12.5724825  12.5724825
5.30999999  12.5728440  12.5728440
5.31999999  12.5733416  12.5733416
5.32999999  12.5739748  12.5739748
5.33999999  12.5747429  12.5747429
5.34999999  12.5756453  12.5756453
5.35999999  12.5766811  12.5766811
5.36999999  12.5778497  12.5778497
5.37999999  12.5791502  12.5791502
5.38999999  12.5805819  12.5805819
5.39999999  12.5821437  12.5821437
5.40999999  12.5838349  12.5838349
5.41999999  12.5856544  12.5856544
5.42999999  12.5876013  12.5876013
5.43999999  12.5896744  12.5896744
5.44999999  12.5918728  12.5918728
5.45999999  12.5941954  12.5941954
5.46999999  12.5966409  12.5966409
5.47999999  12.5992082  12.5992082
5.48999999  12.6018961  12.6018961
5.49999999  12.6047033  12.6047033
5.50999999  12.6076286  12.6076286
5.51999999  12.6106706  12.6106706
5.52999999  12.6138280  12.6138280
5.53999999  12.6170994  12.6170994
5.54999999  12.6204833  12.6204833
5.55999999  12.6239783  12.6239783
5.56999999  12.6275830  12.6275830
5.57999999  12.6312959  12.6312959
5.58999999  12.6351153  12.6351153
5.59999999  12.6390397  12.6390397
5.60999999  12.6430676  12.6430676
5.61999999  12.6471972  12.6471972
5.62999999  12.6514270  12.6514270
5.63999999  12.6557552  12.6557552
5.64999999  12.6601802  12.6601802
5.65999999  12.6647001  12.6647001
5.66999999  12.6693134  12.6693134
5.67999999  12.6740181  12.6740181
5.68999999  12.6788125  12.6788125
5.69999999  12.6836947  12.6836947
5.70999999  12.6886629  12.6886629
5.71999999  12.6937152  12.6937152
5.72999999  12.6988497  12.6988497
5.73999999  12.7040645  12.7040645
5.74999999  12.7093577  12.7093577
5.75999999  12.7147273  12.7147273
5.76999999  12.7201714  12.7201714
5.77999999  12.7256879  12.7256879
5.78999999  12.7312748  12.7312748
5.79999999  12.7369302  12.7369302
5.80999999  12.7426520  12.7426520
5.81999999  12.7484381  12.7484381
5.82999999  12.7542864  12.7542864
5.83999999  12.7601950  12.7601950
5.84999999  12.7661616  12.7661616
5.85999999  12.7721842  12.7721842
5.86999999  12.7782607  12.7782607
5.87999999  12.7843890  12.7843890
5.88999999  12.7905668  12.7905668
5.89999999  12.7967921  12.7967921
5.90999999  12.8030628  12.8030628
5.91999999  12.8093766  12.8093766
5.92999999  12.8157313  12.8157313
5.93999999  12.8221249  12.8221249
5.94999999  12.8285551  12.8285551
5.95999999  12.8350197  12.8350197
5.96999999  12.8415166  12.8415166
5.97999999  12.8480435  12.8480435
5.98999999  12.8545984  12.8545984
5.99999999  12.8611788  12.8611788
6.00999999  12.8677828  12.8677828
6.01999999  12.8744080  12.8744080
6.02999999  12.8810523  12.8810523
6.03999999  12.8877135  12.8877135
6.04999999  12.8943894  12.8943894
6.05999999  12.9010777  12.9010777
6.06999999  12.9077764  12.9077764
6.07999999  12.9144832  12.9144832
6.08999999  12.9211958  12.9211958
6.09999999  12.9279123  12.9279123
6.10999999  12.9346303  12.9346303
6.11999999  12.9413478  12.9413478
6.12999999  12.9480625  12.9480625
6.13999999  12.9547723  12.9547723
6.14999999  12.9614751  12.9614751
6.15999999  12.9681687  12.9681687
6.16999999  12.9748511  12.9748511
6.17999999  12.9815200  12.9815200
6.18999999  12.9881735  12.9881735
6.19999999  12.9948093  12.9948093
6.20999999  13.0014255  13.0014255
6.21999999  13.0080200  13.0080200
6.22999999  13.0145907  13.0145907
6.23999999  13.0211356  13.0211356
6.24999999  13.0276526  13.0276526
6.25999999  13.0341399  13.0341399
6.26999999  13.0405952  13.0405952
6.27999999  13.0470168  13.0470168
6.28999999  13.0534027  13.0534027
6.29999999  13.0597508  13.0597508
6.30999999  13.0660593  13.0660593
6.31999999  13.0723263  13.0723263
6.32999999  13.0785499  13.0785499
6.33999999  13.0847283  13.0847283
6.34999999  13.0908595  13.0908595
6.35999999  13.0969419  13.0969419
6.36999999  13.1029735  13.1029735
6.37999999  13.1089526  13.1089526
6.38999999  13.1148775  13.1148775
6.39999999  13.1207464  13.1207464
6.40999999  13.1265577  13.1265577
6.41999999  13.1323096  13.1323096
6.42999999  13.1380004  13.1380004
6.43999999  13.1436286  13.1436286
6.44999999  13.1491925  13.1491925
6.45999999  13.1546906  13.1546906
6.46999999  13.1601213  13.1601213
6.47999999  13.1654831  13.1654831
6.48999999  13.1707744  13.1707744
6.49999999  13.1759938  13.1759938
6.50999999  13.1811399  13.1811399
6.51999999  13.1862112  13.1862112
6.52999999  13.1912063  13.1912063
6.53999999  13.1961239  13.1961239
6.54999999  13.2009627  13.2009627
6.55999999  13.2057213  13.2057213
6.56999999  13.2103985  13.2103985
6.57999999  13.2149930  13.2149930
6.58999999  13.2195036  13.2195036
6.59999999  13.2239292  13.2239292
6.60999999  13.2282686  13.2282686
6.61999999  13.2325206  13.2325206
6.62999999  13.2366842  13.2366842
6.63999999  13.2407584  13.2407584
6.64999999  13.2447420  13.2447420
6.65999999  13.2486342  13.2486342
6.66999999  13.2524340  13.2524340
6.67999999  13.2561403  13.2561403
6.68999999  13.2597525  13.2597525
6.69999999  13.2632695  13.2632695
6.70999999  13.2666906  13.2666906
6.71999999  13.2700149  13.2700149
6.72999999  13.2732418  13.2732418
6.73999999  13.2763705  13.2763705
6.74999999  13.2794002  13.2794002
6.75999999  13.2823304  13.2823304
6.76999999  13.2851605  13.2851605
6.77999999  13.2878898  13.2878898
6.78999999  13.2905177  13.2905177
6.79999999  13.2930438  13.2930438
6.80999999  13.2954676  13.2954676
6.81999999  13.2977886  13.2977886
6.82999999  13.3000065  13.3000065
6.83999999  13.3021208  13.3021208
6.84999999  13.3041311  13.3041311
6.85999999  13.3060372  13.3060372
6.86999999  13.3078389  13.3078389
6.87999999  13.3095357  13.3095357
6.88999999  13.3111276  13.3111276
6.89999999  13.3126144  13.3126144
6.90999999  13.3139959  13.3139959
6.91999999  13.3152721  13.3152721
6.92999999  13.3164428  13.3164428
6.93999999  13.3175080  13.3175080
6.94999999  13.3184677  13.3184677
6.95999999  13.3193219  13.3193219
6.96999999  13.3200708  13.3200708
6.97999999  13.3207144  13.3207144
6.98999999  13.3212528  13.3212528
6.99999999  13.3216862  13.3216862
7.00999999  13.3220148  13.3220148
7.01999999  13.3222388  13.3222388
7.02999999  13.3223585  13.3223585
7.03999999  13.3223742  13.3223742
7.04999999  13.3222863  13.3222863
7.05999999  13.3220950  13.3220950
7.06999999  13.3218008  13.3218008
7.07999999  13.3214041  13.3214041
7.08999999  13.3209053  13.3209053
7.09999999  13.3203050  13.3203050
7.10999999  13.3196037  13.3196037
7.11999999  13.3188018  13.3188018
7.12999999  13.3179001  13.3179001
7.13999999  13.3168991  13.3168991
7.14999999  13.3157994  13.3157994
7.15999999  13.3146018  13.3146018
7.16999999  13.3133068  13.3133068
7.17999999  13.3119154  13.3119154
7.18999999  13.3104281  13.3104281
7.19999999  13.3088458  13.3088458
7.20999999  13.3071693  13.3071693
7.21999999  13.3053995  13.3053995
7.22999999  13.3035372  13.3035372
7.23999999  13.3015833  13.3015833
7.24999999  13.2995387  13.2995387
7.25999999  13.2974044  13.2974044
7.26999999  13.2951814  13.2951814
7.27999999  13.2928706  13.2928706
7.28999999  13.2904731  13.2904731
7.29999999  13.2879900  13.2879900
7.30999999  13.2854222  13.2854222
7.31999999  13.2827710  13.2827710
7.32999999  13.2800374  13.2800374
7.33999999  13.2772225  13.2772225
7.34999999  13.2743276  13.2743276
7.35999999  13.2713538  13.2713538
7.36999999  13.2683023  13.2683023
7.37999999  13.2651744  13.2651744
7.38999999  13.2619713  13.2619713
7.39999999  13.2586943  13.2586943
7.40999999  13.2553447  13.2553447
7.41999999  13.2519237  13.2519237
7.42999999  13.2484328  13.2484328
7.43999999  13.2448732  13.2448732
7.44999999  13.2412464  13.2412464
7.45999999  13.2375536  13.2375536
7.46999999  13.2337964  13.2337964
7.47999999  13.2299761  13.2299761
7.48999999  13.2260941  13.2260941
7.49999999  13.2221520  13.2221520
7.50999999  13.2181511  13.2181511
7.51999999  13.2140929  13.2140929
7.52999999  13.2099790  13.2099790
7.53999999  13.2058108  13.2058108
7.54999999  13.2015898  13.2015898
7.55999999  13.1973176  13.1973176
7.56999999  13.1929957  13.1929957
7.57999999  13.1886257  13.1886257
7.58999999  13.1842090  13.1842090
7.59999999  13.1797474  13.1797474
7.60999999  13.1752423  13.1752423
7.61999999  13.1706953  13.1706953
7.62999999  13.1661081  13.1661081
7.63999999  13.1614823  13.1614823
7.64999999  13.1568194  13.1568194
7.65999999  13.1521211  13.1521211
7.66999999  13.1473890  13.1473890
7.67999999  13.1426247  13.1426247
7.68999999  13.1378299  13.1378299
7.69999999  13.1330062  13.1330062
7.70999999  13.1281553  13.1281553
7.71999999  13.1232787  13.1232787
7.72999999  13.1183782  13.1183782
7.73999999  13.1134554  13.1134554
7.74999999  13.1085120  13.1085120
7.75999999  13.1035495  13.1035495
7.76999999  13.0985697  13.0985697
7.77999999  13.0935743  13.0935743
7.78999999  13.0885648  13.0885648
7.79999999  13.0835430  13.0835430
7.80999999  13.0785104  13.0785104
7.81999999  13.0734688  13.0734688
7.82999999  13.0684198  13.0684198
7.83999999  13.0633650  13.0633650
7.84999999  13.0583061  13.0583061
7.85999999  13.0532447  13.0532447
7.86999999  13.0481824  13.0481824
7.87999999  13.0431210  13.0431210
7.88999999  13.0380619  13.0380619
7.89999999  13.0330069  13.0330069
7.90999999  13.0279576  13.0279576
7.91999999  13.0229154  13.0229154
7.92999999  13.0178821  13.0178821
7.93999999  13.0128593  13.0128593
7.94999999  13.0078484  13.0078484
7.95999999  13.0028512  13.0028512
7.96999999  12.9978691  12.9978691
7.97999999  12.9929036  12.9929036
7.98999999  12.9879565  12.9879565
7.99999999  12.9830291  12.9830291
8.00999999  12.9781230  12.9781230
8.01999999  12.9732397  12.9732397
8.02999999  12.9683807  12.9683807
8.03999999  12.9635475  12.9635475
8.04999999  12.9587415  12.9587415
8.05999999  12.9539643  12.9539643
8.06999999  12.9492172  12.9492172
8.07999999  12.9445017  12.9445017
8.08999999  12.9398192  12.9398192
8.09999999  12.9351710  12.9351710
8.10999999  12.9305587  12.9305587
8.11999999  12.9259835  12.9259835
8.12999999  12.9214468  12.9214468
8.13999999  12.9169500  12.9169500
8.14999999  12.9124943  12.9124943
8.15999999  12.9080811  12.9080811
8.16999999  12.9037116  12.9037116
8.17999999  12.8993871  12.8993871
8.18999999  12.8951088  12.8951088
8.19999999  12.8908780  12.8908780
8.20999999  12.8866959  12.8866959
8.21999999  12.8825636  12.8825636
8.22999999  12.8784824  12.8784824
8.23999999  12.8744534  12.8744534
8.24999999  12.8704777  12.8704777
8.25999999  12.8665564  12.8665564
8.26999999  12.8626905  12.8626905
8.27999999  12.8588813  12.8588813
8.28999999  12.8551297  12.8551297
8.29999999  12.8514367  12.8514367
8.30999999  12.8478033  12.8478033
8.31999999  12.8442305  12.8442305
8.32999999  12.8407193  12.8407193
8.33999999  12.8372706  12.8372706
8.34999999  12.8338853  12.8338853
8.35999999  12.8305642  12.8305642
8.36999999  12.8273083  12.8273083
8.37999999  12.8241184  12.8241184
8.38999999  12.8209953  12.8209953
8.39999999  12.8179397  12.8179397
8.40999999  12.8149525  12.8149525
8.41999999  12.8120344  12.8120344
8.42999999  12.8091861  12.8091861
8.43999999  12.8064083  12.8064083
8.44999999  12.8037016  12.8037016
8.45999999  12.8010667  12.8010667
8.46999999  12.7985043  12.7985043
8.47999999  12.7960149  12.7960149
8.48999999  12.7935990  12.7935990
8.49999999  12.7912573  12.7912573
8.50999999  12.7889902  12.7889902
8.51999999  12.7867982  12.7867982
8.52999999  12.7846818  12.7846818
8.53999999  12.7826414  12.7826414
8.54999999  12.7806774  12.7806774
8.55999999  12.7787903  12.7787903
8.56999999  12.7769803  12.7769803
8.57999999  12.7752479  12.7752479
8.58999999  12.7735932  12.7735932
8.59999999  12.7720167  12.7720167
8.60999999  12.7705185  12.7705185
8.61999999  12.7690989  12.7690989
8.62999999  12.7677581  12.7677581
8.63999999  12.7664962  12.7664962
8.64999999  12.7653135  12.7653135
8.65999999  12.7642100  12.7642100
8.66999999  12.7631858  12.7631858
8.67999999  12.7622411  12.7622411
8.68999999  12.7613759  12.7613759
8.69999999  12.7605901  12.7605901
8.70999999  12.7598838  12.7598838
8.71999999  12.7592570  12.7592570
8.72999999  12.7587095  12.7587095
8.73999999  12.7582414  12.7582414
8.74999999  12.7578526  12.7578526
8.75999999  12.7575428  12.7575428
8.76999999  12.7573119  12.7573119
8.77999999  12.7571598  12.7571598
8.78999999  12.7570863  12.7570863
8.79999999  12.7570910  12.7570910
8.80999999  12.7571739  12.7571739
8.81999999  12.7573345  12.7573345
8.82999999  12.7575726  12.7575726
8.83999999  12.7578879  12.7578879
8.84999999  12.7582800  12.7582800
8.85999999  12.7587486  12.7587486
8.86999999  12.7592931  12.7592931
8.87999999  12.7599134  12.7599134
8.88999999  12.7606088  12.7606088
8.89999999  12.7613789  12.7613789
8.90999999  12.7622232  12.7622232
8.91999999  12.7631413  12.7631413
8.92999999  12.7641326  12.7641326
8.93999999  12.7651965  12.7651965
8.94999999  12.7663324  12.7663324
8.95999999  12.7675398  12.7675398
8.96999999  12.7688181  12.7688181
8.97999999  12.7701665  12.7701665
8.98999999  12.7715846  12.7715846
8.99999999  12.7730714  12.7730714
9.00999999  12.7746265  12.7746265
9.01999999  12.7762490  12.7762490
9.02999999  12.7779382  12.7779382
9.03999999  12.7796933  12.7796933
9.04999999  12.7815137  12.7815137
9.05999999  12.7833984  12.7833984
9.06999999  12.7853467  12.7853467
9.07999999  12.7873577  12.7873577
9.08999999  12.7894306  12.7894306
9.09999999  12.7915646  12.7915646
9.10999999  12.7937587  12.7937587
9.11999999  12.7960120  12.7960120
9.12999999  12.7983237  12.7983237
9.13999999  12.8006927  12.8006927
9.14999999  12.8031182  12.8031182
9.15999999  12.8055992  12.8055992
9.16999999  12.8081348  12.8081348
9.17999999  12.8107238  12.8107238
9.18999999  12.8133654  12.8133654
9.19999999  12.8160584  12.8160584
9.20999999  12.8188020  12.8188020
9.21999999  12.8215950  12.8215950
9.22999999  12.8244363  12.8244363
9.23999999  12.8273250  12.8273250
9.24999999  12.8302598  12.8302598
9.25999999  12.8332398  12.8332398
9.26999999  12.8362638  12.8362638
9.27999999  12.8393308  12.8393308
9.28999999  12.8424395  12.8424395
9.29999999  12.8455889  12.8455889
9.30999999  12.8487778  12.8487778
9.31999999  12.8520050  12.8520050
9.32999999  12.8552695  12.8552695
9.33999999  12.8585700  12.8585700
9.34999999  12.8619053  12.8619053
9.35999999  12.8652743  12.8652743
9.36999999  12.8686758  12.8686758
9.37999999  12.8721086  12.8721086
9.38999999  12.8755714  12.8755714
9.39999999  12.8790631  12.8790631
9.40999999  12.8825825  12.8825825
9.41999999  12.8861283  12.8861283
9.42999999  12.8896993  12.8896993
9.43999999  12.8932943  12.8932943
9.44999999  12.8969120  12.8969120
9.45999999  12.9005512  12.9005512
9.46999999  12.9042107  12.9042107
9.47999999  12.9078893  12.9078893
9.48999999  12.9115856  12.9115856
9.49999999  12.9152984  12.9152984
9.50999999  12.9190266  12.9190266
9.51999999  12.9227688  12.9227688
9.52999999  12.9265238  12.9265238
9.53999999  12.9302903  12.9302903
9.54999999  12.9340671  12.9340671
9.55999999  12.9378530  12.9378530
9.56999999  12.9416467  12.9416467
9.57999999  12.9454470  12.9454470
9.58999999  12.9492526  12.9492526
9.59999999  12.9530623  12.9530623
9.60999999  12.9568748  12.9568748
9.61999999  12.9606889  12.9606889
9.62999999  12.9645034  12.9645034
9.63999999  12.9683170  12.9683170
9.64999999  12.9721286  12.9721286
9.65999999  12.9759368  12.9759368
9.66999999  12.9797406  12.9797406
9.67999999  12.9835386  12.9835386
9.68999999  12.9873298  12.9873298
9.69999999  12.9911128  12.9911128
9.70999999  12.9948865  12.9948865
9.71999999  12.9986497  12.9986497
9.72999999  13.0024013  13.0024013
9.73999999  13.0061400  13.0061400
9.74999999  13.0098648  13.0098648
9.75999999  13.0135744  13.0135744
9.76999999  13.0172677  13.0172677
9.77999999  13.0209435  13.0209435
9.78999999  13.0246009  13.0246009
9.79999999  13.0282386  13.0282386
9.80999999  13.0318555  13.0318555
9.81999999  13.0354505  13.0354505
9.82999999  13.0390226  13.0390226
9.83999999  13.0425706  13.0425706
9.84999999  13.0460936  13.0460936
9.85999999  13.0495904  13.0495904
9.86999999  13.0530600  13.0530600
9.87999999  13.0565015  13.0565015
9.88999999  13.0599137  13.0599137
9.89999999  13.0632956  13.0632956
9.90999999  13.0666464  13.0666464
9.91999999  13.0699650  13.0699650
9.92999999  13.0732504  13.0732504
9.93999999  13.0765017  13.0765017
9.94999999  13.0797179  13.0797179
9.95999999  13.0828982  13.0828982
9.96999999  13.0860416  13.0860416
9.97999999  13.0891473  13.0891473
9.98999999  13.0922143  13.0922143
9.99999999  13.0952418  13.0952418
10.0099999  13.0982289  13.0982289
10.0199999  13.1011749  13.1011749
10.0299999  13.1040789  13.1040789
10.0399999  13.1069401  13.1069401
10.0499999  13.1097577  13.1097577
10.0599999  13.1125310  13.1125310
10.0699999  13.1152592  13.1152592
10.0799999  13.1179416  13.1179416
10.0899999  13.1205774  13.1205774
10.0999999  13.1231660  13.1231660
10.1099999  13.1257067  13.1257067
10.1199999  13.1281988  13.1281988
10.1299999  13.1306417  13.1306417
10.1399999  13.1330348  13.1330348
10.1499999  13.1353774  13.1353774
10.1599999  13.1376689  13.1376689
10.1699999  13.1399088  13.1399088
10.1799999  13.1420966  13.1420966
10.1899999  13.1442316  13.1442316
10.1999999  13.1463134  13.1463134
10.2099999  13.1483415  13.1483415
10.2199999  13.1503153  13.1503153
10.2299999  13.1522346  13.1522346
10.2399999  13.1540987  13.1540987
10.2499999  13.1559072  13.1559072
10.2599999  13.1576599  13.1576599
10.2699999  13.1593562  13.1593562
10.2799999  13.1609959  13.1609959
10.2899999  13.1625785  13.1625785
10.2999999  13.1641038  13.1641038
10.3099999  13.1655714  13.1655714
10.3199999  13.1669811  13.1669811
10.3299999  13.1683325  13.1683325
10.3399999  13.1696255  13.1696255
10.3499999  13.1708599  13.1708599
10.3599999  13.1720353  13.1720353
10.3699999  13.1731517  13.1731517
10.3799999  13.1742088  13.1742088
10.3899999  13.1752065  13.1752065
10.3999999  13.1761447  13.1761447
10.4099999  13.1770232  13.1770232
10.4199999  13.1778420  13.1778420
10.4299999  13.1786010  13.1786010
10.4399999  13.1793002  13.1793002
10.4499999  13.1799395  13.1799395
10.4599999  13.1805189  13.1805189
10.4699999  13.1810383  13.1810383
10.4799999  13.1814980  13.1814980
10.4899999  13.1818978  13.1818978
10.4999999  13.1822378  13.1822378
10.5099999  13.1825182  13.1825182
10.5199999  13.1827390  13.1827390
10.5299999  13.1829003  13.1829003
10.5399999  13.1830023  13.1830023
10.5499999  13.1830452  13.1830452
10.5599999  13.1830291  13.1830291
10.5699999  13.1829542  13.1829542
10.5799999  13.1828208  13.1828208
10.5899999  13.1826290  13.1826290
10.5999999  13.1823791  13.1823791
10.6099999  13.1820713  13.1820713
10.6199999  13.1817061  13.1817061
10.6299999  13.1812836  13.1812836
10.6399999  13.1808042  13.1808042
10.6499999  13.1802682  13.1802682
10.6599999  13.1796760  13.1796760
10.6699999  13.1790279  13.1790279
10.6799999  13.1783244  13.1783244
10.6899999  13.1775658  13.1775658
10.6999999  13.1767526  13.1767526
10.7099999  13.1758851  13.1758851
10.7199999  13.1749639  13.1749639
10.7299999  13.1739895  13.1739895
10.7399999  13.1729622  13.1729622
10.7499999  13.1718826  13.1718826
10.7599999  13.1707513  13.1707513
10.7699999  13.1695687  13.1695687
10.7799999  13.1683354  13.1683354
10.7899999  13.1670519  13.1670519
10.7999999  13.1657189  13.1657189
10.8099999  13.1643368  13.1643368
10.8199999  13.1629064  13.1629064
10.8299999  13.1614283  13.1614283
10.8399999  13.1599030  13.1599030
10.8499999  13.1583311  13.1583311
10.8599999  13.1567135  13.1567135
10.8699999  13.1550507  13.1550507
10.8799999  13.1533433  13.1533433
10.8899999  13.1515922  13.1515922
10.8999999  13.1497980  13.1497980
10.9099999  13.1479613  13.1479613
10.9199999  13.1460831  13.1460831
10.9299999  13.1441639  13.1441639
10.9399999  13.1422045  13.1422045
10.9499999  13.1402057  13.1402057
10.9599999  13.1381683  13.1381683
10.9699999  13.1360930  13.1360930
10.9799999  13.1339806  13.1339806
10.9899999  13.1318319  13.1318319
10.9999999  13.1296478  13.1296478
11.0099999  13.1274290  13.1274290
11.0199999  13.1251764  13.1251764
11.0299999  13.1228908  13.1228908
11.0399999  13.1205730  13.1205730
11.0499999  13.1182240  13.1182240
11.0599999  13.1158444  13.1158444
11.0699999  13.1134353  13.1134353
11.0799999  13.1109975  13.1109975
11.0899999  13.1085318  13.1085318
11.0999999  13.1060391  13.1060391
11.1099999  13.1035204  13.1035204
11.1199999  13.1009765  13.1009765
11.1299999  13.0984083  13.0984083
11.1399999  13.0958168  13.0958168
11.1499999  13.0932028  13.0932028
11.1599999  13.0905672  13.0905672
11.1699999  13.0879109  13.0879109
11.1799999  13.0852350  13.0852350
11.1899999  13.0825402  13.0825402
11.1999999  13.0798276  13.0798276
11.2099999  13.0770981  13.0770981
11.2199999  13.0743525  13.0743525
11.2299999  13.0715919  13.0715919
11.2399999  13.0688171  13.0688171
11.2499999  13.0660291  13.0660291
11.2599999  13.0632288  13.0632288
11.2699999  13.0604173  13.0604173
11.2799999  13.0575953  13.0575953
11.2899999  13.0547639  13.0547639
11.2999999  13.0519240  13.0519240
11.3099999  13.0490766  13.0490766
11.3199999  13.0462225  13.0462225
11.3299999  13.0433627  13.0433627
11.3399999  13.0404982  13.0404982
11.3499999  13.0376299  13.0376299
11.3599999  13.0347587  13.0347587
11.3699999  13.0318855  13.0318855
11.3799999  13.0290113  13.0290113
11.3899999  13.0261371  13.0261371
11.3999999  13.0232637  13.0232637
11.4099999  13.0203920  13.0203920
11.4199999  13.0175231  13.0175231
11.4299999  13.0146577  13.0146577
11.4399999  13.0117968  13.0117968
11.4499999  13.0089413  13.0089413
11.4599999  13.0060921  13.0060921
11.4699999  13.0032502  13.0032502
11.4799999  13.0004163  13.0004163
11.4899999  12.9975914  12.9975914
11.4999999  12.9947763  12.9947763
11.5099999  12.9919720  12.9919720
11.5199999  12.9891793  12.9891793
11.5299999  12.9863990  12.9863990
11.5399999  12.9836320  12.9836320
11.5499999  12.9808792  12.9808792
11.5599999  12.9781414  12.9781414
11.5699999  12.9754194  12.9754194
11.5799999  12.9727141  12.9727141
11.5899999  12.9700262  12.9700262
11.5999999  12.9673566  12.9673566
11.6099999  12.9647061  12.9647061
11.6199999  12.9620754  12.9620754
11.6299999  12.9594654  12.9594654
11.6399999  12.9568769  12.9568769
11.6499999  12.9543105  12.9543105
11.6599999  12.9517670  12.9517670
11.6699999  12.9492472  12.9492472
11.6799999  12.9467518  12.9467518
11.6899999  12.9442816  12.9442816
11.6999999  12.9418372  12.9418372
11.7099999  12.9394194  12.9394194
11.7199999  12.9370288  12.9370288
11.7299999  12.9346662  12.9346662
11.7399999  12.9323321  12.9323321
11.7499999  12.9300273  12.9300273
11.7599999  12.9277525  12.9277525
11.7699999  12.9255081  12.9255081
11.7799999  12.9232949  12.9232949
11.7899999  12.9211135  12.9211135
11.7999999  12.9189644  12.9189644
11.8099999  12.9168483  12.9168483
11.8199999  12.9147658  12.9147658
11.8299999  12.9127173  12.9127173
11.8399999  12.9107035  12.9107035
11.8499999  12.9087248  12.9087248
11.8599999  12.9067819  12.9067819
11.8699999  12.9048751  12.9048751
11.8799999  12.9030051  12.9030051
11.8899999  12.9011723  12.9011723
11.8999999  12.8993771  12.8993771
11.9099999  12.8976200  12.8976200
11.9199999  12.8959015  12.8959015
11.9299999  12.8942220  12.8942220
11.9399999  12.8925819  12.8925819
11.9499999  12.8909816  12.8909816
11.9599999  12.8894215  12.8894215
11.9699999  12.8879019  12.8879019
11.9799999  12.8864233  12.8864233
11.9899999  12.8849859  12.8849859
11.9999999  12.8835901  12.8835901
12.0099999  12.8822362  12.8822362
12.0199999  12.8809245  12.8809245
12.0299999  12.8796554  12.8796554
12.0399999  12.8784290  12.8784290
12.0499999  12.8772456  12.8772456
12.0599999  12.8761054  12.8761054
12.0699999  12.8750088  12.8750088
12.0799999  12.8739559  12.8739559
12.0899999  12.8729469  12.8729469
12.0999999  12.8719819  12.8719819
12.1099999  12.8710612  12.8710612
12.1199999  12.8701850  12.8701850
12.1299999  12.8693532  12.8693532
12.1399999  12.8685662  12.8685662
12.1499999  12.8678239  12.8678239
12.1599999  12.8671265  12.8671265
12.1699999  12.8664740  12.8664740
12.1799999  12.8658666  12.8658666
12.1899999  12.8653042  12.8653042
12.1999999  12.8647870  12.8647870
12.2099999  12.8643149  12.8643149
12.2199999  12.8638879  12.8638879
12.2299999  12.8635060  12.8635060
12.2399999  12.8631693  12.8631693
12.2499999  12.8628776  12.8628776
12.2599999  12.8626309  12.8626309
12.2699999  12.8624292  12.8624292
12.2799999  12.8622723  12.8622723
12.2899999  12.8621602  12.8621602
12.2999999  12.8620928  12.8620928
12.3099999  12.8620700  12.8620700
12.3199999  12.8620915  12.8620915
12.3299999  12.8621574  12.8621574
12.3399999  12.8622673  12.8622673
12.3499999  12.8624211  12.8624211
12.3599999  12.8626187  12.8626187
12.3699999  12.8628598  12.8628598
12.3799999  12.8631442  12.8631442
12.3899999  12.8634717  12.8634717
12.3999999  12.8638420  12.8638420
12.4099999  12.8642549  12.8642549
12.4199999  12.8647101  12.8647101
12.4299999  12.8652073  12.8652073
12.4399999  12.8657463  12.8657463
12.4499999  12.8663267  12.8663267
12.4599999  12.8669482  12.8669482
12.4699999  12.8676104  12.8676104
12.4799999  12.8683131  12.8683131
12.4899999  12.8690559  12.8690559
12.4999999  12.8698384  12.8698384
12.5099999  12.8706602  12.8706602
12.5199999  12.8715209  12.8715209
12.5299999  12.8724202  12.8724202
12.5399999  12.8733576  12.8733576
12.5499999  12.8743326  12.8743326
12.5599999  12.8753450  12.8753450
12.5699999  12.8763942  12.8763942
12.5799999  12.8774797  12.8774797
12.5899999  12.8786011  12.8786011
12.5999999  12.8797579  12.8797579
12.6099999  12.8809497  12.8809497
12.6199999  12.8821759  12.8821759
12.6299999  12.8834361  12.8834361
12.6399999  12.8847296  12.8847296
12.6499999  12.8860561  12.8860561
12.6599999  12.8874149  12.8874149
12.6699999  12.8888056  12.8888056
12.6799999  12.8902275  12.8902275
12.6899999  12.8916801  12.8916801
12.6999999  12.8931629  12.8931629
12.7099999  12.8946753  12.8946753
12.7199999  12.8962167  12.8962167
12.7299999  12.8977864  12.8977864
12.7399999  12.8993840  12.8993840
12.7499999  12.9010088  12.9010088
12.7599999  12.9026602  12.9026602
12.7699999  12.9043376  12.9043376
12.7799999  12.9060403  12.9060403
12.7899999  12.9077677  12.9077677
12.7999999  12.9095193  12.9095193
12.8099999  12.9112943  12.9112943
12.8199999  12.9130921  12.9130921
12.8299999  12.9149121  12.9149121
12.8399999  12.9167536  12.9167536
12.8499999  12.9186159  12.9186159
12.8599999  12.9204984  12.9204984
12.8699999  12.9224004  12.9224004
12.8799999  12.9243212  12.9243212
12.8899999  12.9262602  12.9262602
12.8999999  12.9282167  12.9282167
12.9099999  12.9301899  12.9301899
12.9199999  12.9321792  12.9321792
12.9299999  12.9341840  12.9341840
12.9399999  12.9362034  12.9362034
12.9499999  12.9382369  12.9382369
12.9599999  12.9402837  12.9402837
12.9699999  12.9423431  12.9423431
12.9799999  12.9444144  12.9444144
12.9899999  12.9464969  12.9464969
12.9999999  12.9485900  12.9485900
13.0099999  12.9506928  12.9506928
13.0199999  12.9528047  12.9528047
13.0299999  12.9549250  12.9549250
13.0399999  12.9570530  12.9570530
13.0499999  12.9591880  12.9591880
13.0599999  12.9613292  12.9613292
13.0699999  12.9634759  12.9634759
13.0799999  12.9656275  12.9656275
13.0899999  12.9677832  12.9677832
13.0999999  12.9699424  12.9699424
13.1099999  12.9721042  12.9721042
13.1199999  12.9742681  12.9742681
13.1299999  12.9764333  12.9764333
13.1399999  12.9785992  12.9785992
13.1499999  12.9807649  12.9807649
13.1599999  12.9829298  12.9829298
13.1699999  12.9850933  12.9850933
13.1799999  12.9872546  12.9872546
13.1899999  12.9894131  12.9894131
13.1999999  12.9915681  12.9915681
13.2099999  12.9937188  12.9937188
13.2199999  12.9958646  12.9958646
13.2299999  12.9980049  12.9980049
13.2399999  13.0001389  13.0001389
13.2499999  13.0022660  13.0022660
13.2599999  13.0043855  13.0043855
13.2699999  13.0064969  13.0064969
13.2799999  13.0085993  13.0085993
13.2899999  13.0106922  13.0106922
13.2999999  13.0127750  13.0127750
13.3099999  13.0148470  13.0148470
13.3199999  13.0169075  13.0169075
13.3299999  13.0189559  13.0189559
13.3399999  13.0209917  13.0209917
13.3499999  13.0230142  13.0230142
13.3599999  13.0250228  13.0250228
13.3699999  13.0270169  13.0270169
13.3799999  13.0289959  13.0289959
13.3899999  13.0309592  13.0309592
13.3999999  13.0329063  13.0329063
13.4099999  13.0348365  13.0348365
13.4199999  13.0367493  13.0367493
13.4299999  13.0386442  13.0386442
13.4399999  13.0405205  13.0405205
13.4499999  13.0423778  13.0423778
13.4599999  13.0442155  13.0442155
13.4699999  13.0460331  13.0460331
13.4799999  13.0478300  13.0478300
13.4899999  13.0496058  13.0496058
13.4999999  13.0513599  13.0513599
13.5099999  13.0530919  13.0530919
13.5199999  13.0548012  13.0548012
13.5299999  13.0564874  13.0564874
13.5399999  13.0581501  13.0581501
13.5499999  13.0597887  13.0597887
13.5599999  13.0614028  13.0614028
13.5699999  13.0629920  13.0629920
13.5799999  13.0645559  13.0645559
13.5899999  13.0660939  13.0660939
13.5999999  13.0676058  13.0676058
13.6099999  13.0690911  13.0690911
13.6199999  13.0705494  13.0705494
13.6299999  13.0719803  13.0719803
13.6399999  13.0733835  13.0733835
13.6499999  13.0747586  13.0747586
13.6599999  13.0761052  13.0761052
13.6699999  13.0774230  13.0774230
13.6799999  13.0787118  13.0787118
13.6899999  13.0799710  13.0799710
13.6999999  13.0812006  13.0812006
13.7099999  13.0824000  13.0824000
13.7199999  13.0835691  13.0835691
13.7299999  13.0847076  13.0847076
13.7399999  13.0858152  13.0858152
13.7499999  13.0868917  13.0868917
13.7599999  13.0879368  13.0879368
13.7699999  13.0889502  13.0889502
13.7799999  13.0899318  13.0899318
13.7899999  13.0908813  13.0908813
13.7999999  13.0917986  13.0917986
13.8099999  13.0926834  13.0926834
13.8199999  13.0935356  13.0935356
13.8299999  13.0943549  13.0943549
13.8399999  13.0951413  13.0951413
13.8499999  13.0958946  13.0958946
13.8599999  13.0966146  13.0966146
13.8699999  13.0973013  13.0973013
13.8799999  13.0979545  13.0979545
13.8899999  13.0985740  13.0985740
13.8999999  13.0991600  13.0991600
13.9099999  13.0997121  13.0997121
13.9199999  13.1002304  13.1002304
13.9299999  13.1007149  13.1007149
13.9399999  13.1011654  13.1011654
13.9499999  13.1015819  13.1015819
13.9599999  13.1019644  13.1019644
13.9699999  13.1023130  13.1023130
13.9799999  13.1026275  13.1026275
13.9899999  13.1029080  13.1029080
13.9999999  13.1031546  13.1031546
14.0099999  13.1033671  13.1033671
14.0199999  13.1035458  13.1035458
14.0299999  13.1036906  13.1036906
14.0399999  13.1038017  13.1038017
14.0499999  13.1038790  13.1038790
14.0599999  13.1039226  13.1039226
14.0699999  13.1039327  13.1039327
14.0799999  13.1039094  13.1039094
14.0899999  13.1038527  13.1038527
14.0999999  13.1037629  13.1037629
14.1099999  13.1036399  13.1036399
14.1199999  13.1034841  13.1034841
14.1299999  13.1032955  13.1032955
14.1399999  13.1030742  13.1030742
14.1499999  13.1028206  13.1028206
14.1599999  13.1025347  13.1025347
14.1699999  13.1022168  13.1022168
14.1799999  13.1018671  13.1018671
14.1899999  13.1014857  13.1014857
14.1999999  13.1010729  13.1010729
14.2099999  13.1006290  13.1006290
14.2199999  13.1001541  13.1001541
14.2299999  13.0996486  13.0996486
14.2399999  13.0991127  13.0991127
14.2499999  13.0985466  13.0985466
14.2599999  13.0979507  13.0979507
14.2699999  13.0973252  13.0973252
14.2799999  13.0966704  13.0966704
14.2899999  13.0959867  13.0959867
14.2999999  13.0952742  13.0952742
14.3099999  13.0945335  13.0945335
14.3199999  13.0937648  13.0937648
14.3299999  13.0929683  13.0929683
14.3399999  13.0921446  13.0921446
14.3499999  13.0912939  13.0912939
14.3599999  13.0904166  13.0904166
14.3699999  13.0895130  13.0895130
14.3799999  13.0885835  13.0885835
14.3899999  13.0876286  13.0876286
14.3999999  13.0866486  13.0866486
14.4099999  13.0856439  13.0856439
14.4199999  13.0846148  13.0846148
14.4299999  13.0835619  13.0835619
14.4399999  13.0824855  13.0824855
14.4499999  13.0813860  13.0813860
14.4599999  13.0802640  13.0802640
14.4699999  13.0791197  13.0791197
14.4799999  13.0779536  13.0779536
14.4899999  13.0767663  13.0767663
14.4999999  13.0755581  13.0755581
14.5099999  13.0743295  13.0743295
14.5199999  13.0730809  13.0730809
14.5299999  13.0718129  13.0718129
14.5399999  13.0705258  13.0705258
14.5499999  13.0692203  13.0692203
14.5599999  13.0678966  13.0678966
14.5699999  13.0665554  13.0665554
14.5799999  13.0651972  13.0651972
14.5899999  13.0638223  13.0638223
14.5999999  13.0624313  13.0624313
14.6099999  13.0610247  13.0610247
14.6199999  13.0596031  13.0596031
14.6299999  13.0581668  13.0581668
14.6399999  13.0567165  13.0567165
14.6499999  13.0552526  13.0552526
14.6599999  13.0537756  13.0537756
14.6699999  13.0522861  13.0522861
14.6799999  13.0507846  13.0507846
14.6899999  13.0492716  13.0492716
14.6999999  13.0477476  13.0477476
14.7099999  13.0462131  13.0462131
14.7199999  13.0446688  13.0446688
14.7299999  13.0431150  13.0431150
14.7399999  13.0415524  13.0415524
14.7499999  13.0399814  13.0399814
14.7599999  13.0384027  13.0384027
14.7699999  13.0368166  13.0368166
14.7799999  13.0352238  13.0352238
14.7899999  13.0336249  13.0336249
14.7999999  13.0320202  13.0320202
14.8099999  13.0304105  13.0304105
14.8199999  13.0287961  13.0287961
14.8299999  13.0271776  13.0271776
14.8399999  13.0255557  13.0255557
14.8499999  13.0239307  13.0239307
14.8599999  13.0223032  13.0223032
14.8699999  13.0206739  13.0206739
14.8799999  13.0190431  13.0190431
14.8899999  13.0174114  13.0174114
14.8999999  13.0157794  13.0157794
14.9099999  13.0141475  13.0141475
14.9199999  13.0125164  13.0125164
14.9299999  13.0108864  13.0108864
14.9399999  13.0092582  13.0092582
14.9499999  13.0076323  13.0076323
14.9599999  13.0060091  13.0060091
14.9699999  13.0043893  13.0043893
14.9799999  13.0027732  13.0027732
14.9899999  13.0011614  13.0011614
14.9999999  12.9995544  12.9995544
15.0099999  12.9979528  12.9979528
15.0199999  12.9963569  12.9963569
15.0299999  12.9947674  12.9947674
15.0399999  12.9931846  12.9931846
15.0499999  12.9916091  12.9916091
15.0599999  12.9900414  12.9900414
15.0699999  12.9884819  12.9884819
15.0799999  12.9869312  12.9869312
15.0899999  12.9853896  12.9853896
15.0999999  12.9838577  12.9838577
15.1099999  12.9823358  12.9823358
15.1199999  12.9808246  12.9808246
15.1299999  12.9793244  12.9793244
15.1399999  12.9778356  12.9778356
15.1499999  12.9763588  12.9763588
15.1599999  12.9748943  12.9748943
15.1699999  12.9734426  12.9734426
15.1799999  12.9720041  12.9720041
15.1899999  12.9705792  12.9705792
15.1999999  12.9691683  12.9691683
15.2099999  12.9677719  12.9677719
15.2199999  12.9663904  12.9663904
15.2299999  12.9650241  12.9650241
15.2399999  12.9636734  12.9636734
15.2499999  12.9623387  12.9623387
15.2599999  12.9610205  12.9610205
15.2699999  12.9597190  12.9597190
15.2799999  12.9584346  12.9584346
15.2899999  12.9571678  12.9571678
15.2999999  12.9559187  12.9559187
15.3099999  12.9546879  12.9546879
15.3199999  12.9534756  12.9534756
15.3299999  12.9522821  12.9522821
15.3399999  12.9511078  12.9511078
15.3499999  12.9499530  12.9499530
15.3599999  12.9488180  12.9488180
15.3699999  12.9477031  12.9477031
15.3799999  12.9466086  12.9466086
15.3899999  12.9455348  12.9455348
15.3999999  12.9444819  12.9444819
15.4099999  12.9434503  12.9434503
15.4199999  12.9424402  12.9424402
15.4299999  12.9414518  12.9414518
15.4399999  12.9404854  12.9404854
15.4499999  12.9395413  12.9395413
15.4599999  12.9386196  12.9386196
15.4699999  12.9377206  12.9377206
15.4799999  12.9368445  12.9368445
15.4899999  12.9359916  12.9359916
15.4999999  12.9351619  12.9351619
15.5099999  12.9343558  12.9343558
15.5199999  12.9335733  12.9335733
15.5299999  12.9328148  12.9328148
15.5399999  12.9320802  12.9320802
15.5499999  12.9313699  12.9313699
15.5599999  12.9306839  12.9306839
15.5699999  12.9300224  12.9300224
15.5799999  12.9293855  12.9293855
15.5899999  12.9287734  12.9287734
15.5999999  12.9281861  12.9281861
15.6099999  12.9276238  12.9276238
15.6199999  12.9270866  12.9270866
15.6299999  12.9265745  12.9265745
15.6399999  12.9260877  12.9260877
15.6499999  12.9256262  12.9256262
15.6599999  12.9251901  12.9251901
15.6699999  12.9247795  12.9247795
15.6799999  12.9243943  12.9243943
15.6899999  12.9240347  12.9240347
15.6999999  12.9237007  12.9237007
15.7099999  12.9233922  12.9233922
15.7199999  12.9231094  12.9231094
15.7299999  12.9228522  12.9228522
15.7399999  12.9226207  12.9226207
15.7499999  12.9224147  12.9224147
15.7599999  12.9222344  12.9222344
15.7699999  12.9220796  12.9220796
15.7799999  12.9219504  12.9219504
15.7899999  12.9218467  12.9218467
15.7999999  12.9217685  12.9217685
15.8099999  12.9217156  12.9217156
15.8199999  12.9216881  12.9216881
15.8299999  12.9216858  12.9216858
15.8399999  12.9217088  12.9217088
15.8499999  12.9217568  12.9217568
15.8599999  12.9218298  12.9218298
15.8699999  12.9219277  12.9219277
15.8799999  12.9220504  12.9220504
15.8899999  12.9221977  12.9221977
15.8999999  12.9223696  12.9223696
15.9099999  12.9225659  12.9225659
15.9199999  12.9227865  12.9227865
15.9299999  12.9230311  12.9230311
15.9399999  12.9232998  12.9232998
15.9499999  12.9235922  12.9235922
15.9599999  12.9239082  12.9239082
15.9699999  12.9242477  12.9242477
15.9799999  12.9246104  12.9246104
15.9899999  12.9249962  12.9249962
15.9999999  12.9254049  12.9254049
16.0099999  12.9258363  12.9258363
16.0199999  12.9262901  12.9262901
16.0299999  12.9267661  12.9267661
16.0399999  12.9272641  12.9272641
16.0499999  12.9277840  12.9277840
16.0599999  12.9283253  12.9283253
16.0699999  12.9288880  12.9288880
16.0799999  12.9294717  12.9294717
16.0899999  12.9300762  12.9300762
16.0999999  12.9307013  12.9307013
16.1099999  12.9313466  12.9313466
16.1199999  12.9320119  12.9320119
16.1299999  12.9326969  12.9326969
16.1399999  12.9334014  12.9334014
16.1499999  12.9341250  12.9341250
16.1599999  12.9348674  12.9348674
16.1699999  12.9356284  12.9356284
16.1799999  12.9364077  12.9364077
16.1899999  12.9372049  12.9372049
16.1999999  12.9380197  12.9380197
16.2099999  12.9388518  12.9388518
16.2199999  12.9397009  12.9397009
16.2299999  12.9405666  12.9405666
16.2399999  12.9414487  12.9414487
16.2499999  12.9423468  12.9423468
16.2599999  12.9432605  12.9432605
16.2699999  12.9441895  12.9441895
16.2799999  12.9451334  12.9451334
16.2899999  12.9460920  12.9460920
16.2999999  12.9470648  12.9470648
16.3099999  12.9480515  12.9480515
16.3199999  12.9490518  12.9490518
16.3299999  12.9500651  12.9500651
16.3399999  12.9510913  12.9510913
16.3499999  12.9521299  12.9521299
16.3599999  12.9531806  12.9531806
16.3699999  12.9542429  12.9542429
16.3799999  12.9553165  12.9553165
16.3899999  12.9564011  12.9564011
16.3999999  12.9574962  12.9574962
16.4099999  12.9586014  12.9586014
16.4199999  12.9597163  12.9597163
16.4299999  12.9608407  12.9608407
16.4399999  12.9619740  12.9619740
16.4499999  12.9631158  12.9631158
16.4599999  12.9642659  12.9642659
16.4699999  12.9654238  12.9654238
16.4799999  12.9665890  12.9665890
16.4899999  12.9677613  12.9677613
16.4999999  12.9689401  12.9689401
16.5099999  12.9701252  12.9701252
16.5199999  12.9713160  12.9713160
16.5299999  12.9725122  12.9725122
16.5399999  12.9737134  12.9737134
16.5499999  12.9749192  12.9749192
16.5599999  12.9761292  12.9761292
16.5699999  12.9773430  12.9773430
16.5799999  12.9785601  12.9785601
16.5899999  12.9797803  12.9797803
16.5999999  12.9810030  12.9810030
16.6099999  12.9822279  12.9822279
16.6199999  12.9834545  12.9834545
16.6299999  12.9846826  12.9846826
16.6399999  12.9859116  12.9859116
16.6499999  12.9871412  12.9871412
16.6599999  12.9883710  12.9883710
16.6699999  12.9896005  12.9896005
16.6799999  12.9908295  12.9908295
16.6899999  12.9920574  12.9920574
16.6999999  12.9932840  12.9932840
16.7099999  12.9945087  12.9945087
16.7199999  12.9957313  12.9957313
16.7299999  12.9969514  12.9969514
16.7399999  12.9981685  12.9981685
16.7499999  12.9993822  12.9993822
16.7599999  13.0005923  13.0005923
16.7699999  13.0017983  13.0017983
16.7799999  13.0029998  13.0029998
16.7899999  13.0041965  13.0041965
16.7999999  13.0053881  13.0053881
16.8099999  13.0065740  13.0065740
16.8199999  13.0077540  13.0077540
16.8299999  13.0089278  13.0089278
16.8399999  13.0100949  13.0100949
16.8499999  13.0112550  13.0112550
16.8599999  13.0124077  13.0124077
16.8699999  13.0135528  13.0135528
16.8799999  13.0146898  13.0146898
16.8899999  13.0158184  13.0158184
16.8999999  13.0169384  13.0169384
16.9099999  13.0180492  13.0180492
16.9199999  13.0191508  13.0191508
16.9299999  13.0202426  13.0202426
16.9399999  13.0213244  13.0213244
16.9499999  13.0223958  13.0223958
16.9599999  13.0234567  13.0234567
16.9699999  13.0245065  13.0245065
16.9799999  13.0255451  13.0255451
16.9899999  13.0265722  13.0265722
16.9999999  13.0275874  13.0275874
17.0099999  13.0285905  13.0285905
17.0199999  13.0295812  13.0295812
17.0299999  13.0305592  13.0305592
17.0399999  13.0315242  13.0315242
17.0499999  13.0324760  13.0324760
17.0599999  13.0334143  13.0334143
17.0699999  13.0343388  13.0343388
17.0799999  13.0352493  13.0352493
17.0899999  13.0361456  13.0361456
17.0999999  13.0370273  13.0370273
17.1099999  13.0378943  13.0378943
17.1199999  13.0387464  13.0387464
17.1299999  13.0395833  13.0395833
17.1399999  13.0404047  13.0404047
17.1499999  13.0412105  13.0412105
17.1599999  13.0420005  13.0420005
17.1699999  13.0427744  13.0427744
17.1799999  13.0435321  13.0435321
17.1899999  13.0442734  13.0442734
17.1999999  13.0449980  13.0449980
17.2099999  13.0457059  13.0457059
17.2199999  13.0463968  13.0463968
17.2299999  13.0470705  13.0470705
17.2399999  13.0477270  13.0477270
17.2499999  13.0483660  13.0483660
17.2599999  13.0489874  13.0489874
17.2699999  13.0495911  13.0495911
17.2799999  13.0501768  13.0501768
17.2899999  13.0507446  13.0507446
17.2999999  13.0512942  13.0512942
17.3099999  13.0518256  13.0518256
17.3199999  13.0523386  13.0523386
17.3299999  13.0528331  13.0528331
17.3399999  13.0533091  13.0533091
17.3499999  13.0537664  13.0537664
17.3599999  13.0542049  13.0542049
17.3699999  13.0546246  13.0546246
17.3799999  13.0550254  13.0550254
17.3899999  13.0554072  13.0554072
17.3999999  13.0557700  13.0557700
17.4099999  13.0561137  13.0561137
17.4199999  13.0564382  13.0564382
17.4299999  13.0567436  13.0567436
17.4399999  13.0570297  13.0570297
17.4499999  13.0572966  13.0572966
17.4599999  13.0575442  13.0575442
17.4699999  13.0577725  13.0577725
17.4799999  13.0579815  13.0579815
17.4899999  13.0581712  13.0581712
17.4999999  13.0583416  13.0583416
17.5099999  13.0584927  13.0584927
17.5199999  13.0586245  13.0586245
17.5299999  13.0587370  13.0587370
17.5399999  13.0588303  13.0588303
17.5499999  13.0589043  13.0589043
17.5599999  13.0589592  13.0589592
17.5699999  13.0589950  13.0589950
17.5799999  13.0590117  13.0590117
17.5899999  13.0590094  13.0590094
17.5999999  13.0589881  13.0589881
17.6099999  13.0589479  13.0589479
17.6199999  13.0588889  13.0588889
17.6299999  13.0588111  13.0588111
17.6399999  13.0587147  13.0587147
17.6499999  13.0585998  13.0585998
17.6599999  13.0584663  13.0584663
17.6699999  13.0583145  13.0583145
17.6799999  13.0581445  13.0581445
17.6899999  13.0579562  13.0579562
17.6999999  13.0577500  13.0577500
17.7099999  13.0575259  13.0575259
17.7199999  13.0572840  13.0572840
17.7299999  13.0570244  13.0570244
17.7399999  13.0567474  13.0567474
17.7499999  13.0564530  13.0564530
17.7599999  13.0561414  13.0561414
17.7699999  13.0558128  13.0558128
17.7799999  13.0554673  13.0554673
17.7899999  13.0551050  13.0551050
17.7999999  13.0547263  13.0547263
17.8099999  13.0543311  13.0543311
17.8199999  13.0539197  13.0539197
17.8299999  13.0534924  13.0534924
17.8399999  13.0530492  13.0530492
17.8499999  13.0525904  13.0525904
17.8599999  13.0521161  13.0521161
17.8699999  13.0516266  13.0516266
17.8799999  13.0511221  13.0511221
17.8899999  13.0506028  13.0506028
17.9        13.0500689  13.0500689
17.91       13.0495206  13.0495206
17.92       13.0489582  13.0489582
17.9300000  13.0483818  13.0483818
17.9400000  13.0477918  13.0477918
17.9500000  13.0471882  13.0471882
17.9600000  13.0465714  13.0465714
17.9700000  13.0459417  13.0459417
17.9800000  13.0452992  13.0452992
17.9900000  13.0446442  13.0446442
18.0000000  13.0439770  13.0439770
18.0100000  13.0432977  13.0432977
18.0200000  13.0426067  13.0426067
18.0300000  13.0419043  13.0419043
18.0400000  13.0411907  13.0411907
18.0500000  13.0404660  13.0404660
18.0600000  13.0397308  13.0397308
18.0700000  13.0389851  13.0389851
18.0800000  13.0382293  13.0382293
18.0900000  13.0374636  13.0374636
18.1000000  13.0366883  13.0366883
18.1100000  13.0359037  13.0359037
18.1200000  13.0351101  13.0351101
18.1300000  13.0343078  13.0343078
18.1400000  13.0334971  13.0334971
18.1500000  13.0326781  13.0326781
18.1600000  13.0318513  13.0318513
18.1700000  13.0310169  13.0310169
18.1800000  13.0301753  13.0301753
18.1900000  13.0293266  13.0293266
18.2000000  13.0284712  13.0284712
18.2100000  13.0276094  13.0276094
18.2200000  13.0267416  13.0267416
18.2300000  13.0258679  13.0258679
18.2400000  13.0249887  13.0249887
18.2500000  13.0241043  13.0241043
18.2600000  13.0232150  13.0232150
18.2700000  13.0223211  13.0223211
18.2800000  13.0214229  13.0214229
18.2900000  13.0205207  13.0205207
18.3000000  13.0196148  13.0196148
18.3100000  13.0187055  13.0187055
18.3200000  13.0177931  13.0177931
18.3300000  13.0168779  13.0168779
18.3400000  13.0159603  13.0159603
18.3500000  13.0150404  13.0150404
18.3600000  13.0141187  13.0141187
18.3700000  13.0131954  13.0131954
18.3800000  13.0122709  13.0122709
18.3900000  13.0113453  13.0113453
18.4000000  13.0104191  13.0104191
18.4100000  13.0094925  13.0094925
18.4200000  13.0085659  13.0085659
18.4300000  13.0076395  13.0076395
18.4400000  13.0067136  13.0067136
18.4500000  13.0057885  13.0057885
18.4600000  13.0048645  13.0048645
18.4700000  13.0039419  13.0039419
18.4800000  13.0030211  13.0030211
18.4900000  13.0021022  13.0021022
18.5000000  13.0011856  13.0011856
18.5100000  13.0002715  13.0002715
18.5200000  12.9993603  12.9993603
18.5300000  12.9984523  12.9984523
18.5400000  12.9975477  12.9975477
18.5500000  12.9966467  12.9966467
18.5600000  12.9957498  12.9957498
18.5700000  12.9948570  12.9948570
18.5800000  12.9939688  12.9939688
18.5900000  12.9930854  12.9930854
18.6000000  12.9922071  12.9922071
18.6100000  12.9913341  12.9913341
18.6200000  12.9904667  12.9904667
18.6300000  12.9896051  12.9896051
18.6400000  12.9887497  12.9887497
18.6500000  12.9879006  12.9879006
18.6600000  12.9870581  12.9870581
18.6700000  12.9862225  12.9862225
18.6800000  12.9853940  12.9853940
18.6900000  12.9845729  12.9845729
18.7000000  12.9837594  12.9837594
18.7100000  12.9829537  12.9829537
18.7200000  12.9821561  12.9821561
18.7300000  12.9813668  12.9813668
18.7400000  12.9805860  12.9805860
18.7500000  12.9798139  12.9798139
18.7600000  12.9790509  12.9790509
18.7700000  12.9782970  12.9782970
18.7800000  12.9775525  12.9775525
18.7900000  12.9768176  12.9768176
18.8000000  12.9760925  12.9760925
18.8100000  12.9753775  12.9753775
18.8200000  12.9746727  12.9746727
18.8300000  12.9739782  12.9739782
18.8400000  12.9732944  12.9732944
18.8500000  12.9726214  12.9726214
18.8600000  12.9719593  12.9719593
18.8700000  12.9713084  12.9713084
18.8800000  12.9706687  12.9706687
18.8900000  12.9700406  12.9700406
18.9000000  12.9694241  12.9694241
18.9100000  12.9688194  12.9688194
18.9200000  12.9682267  12.9682267
18.9300000  12.9676461  12.9676461
18.9400000  12.9670778  12.9670778
18.9500000  12.9665219  12.9665219
18.9600000  12.9659785  12.9659785
18.9700000  12.9654478  12.9654478
18.9800000  12.9649300  12.9649300
18.9900000  12.9644250  12.9644250
19.0000000  12.9639332  12.9639332
19.0100000  12.9634545  12.9634545
19.0200000  12.9629891  12.9629891
19.0300000  12.9625370  12.9625370
19.0400000  12.9620985  12.9620985
19.0500000  12.9616736  12.9616736
19.0600000  12.9612623  12.9612623
19.0700000  12.9608649  12.9608649
19.0800000  12.9604813  12.9604813
19.0900000  12.9601116  12.9601116
19.1000000  12.9597559  12.9597559
19.1100000  12.9594144  12.9594144
19.1200000  12.9590869  12.9590869
19.1300000  12.9587737  12.9587737
19.1400000  12.9584747  12.9584747
19.1500000  12.9581900  12.9581900
19.1600000  12.9579197  12.9579197
19.1700000  12.9576638  12.9576638
19.1800000  12.9574223  12.9574223
19.1900000  12.9571953  12.9571953
19.2000000  12.9569828  12.9569828
19.2100000  12.9567848  12.9567848
19.2200000  12.9566013  12.9566013
19.2300000  12.9564323  12.9564323
19.2400000  12.9562779  12.9562779
19.2500000  12.9561381  12.9561381
19.2600000  12.9560128  12.9560128
19.2700000  12.9559020  12.9559020
19.2800000  12.9558058  12.9558058
19.2900000  12.9557241  12.9557241
19.3000000  12.9556569  12.9556569
19.3100000  12.9556041  12.9556041
19.3200000  12.9555658  12.9555658
19.3300000  12.9555419  12.9555419
19.3400000  12.9555324  12.9555324
19.3500000  12.9555372  12.9555372
19.3600000  12.9555563  12.9555563
19.3700000  12.9555896  12.9555896
19.3800000  12.9556370  12.9556370
19.3900000  12.9556986  12.9556986
19.4000000  12.9557742  12.9557742
19.4100000  12.9558638  12.9558638
19.4200000  12.9559673  12.9559673
19.4300000  12.9560846  12.9560846
19.4400000  12.9562157  12.9562157
19.4500000  12.9563604  12.9563604
19.4600000  12.9565187  12.9565187
19.4700000  12.9566904  12.9566904
19.4800000  12.9568755  12.9568755
19.4900000  12.9570739  12.9570739
19.5000000  12.9572854  12.9572854
19.5100000  12.9575100  12.9575100
19.5200000  12.9577476  12.9577476
19.5300000  12.9579979  12.9579979
19.5400000  12.9582609  12.9582609
19.5500000  12.9585366  12.9585366
19.5600000  12.9588246  12.9588246
19.5700000  12.9591250  12.9591250
19.5800000  12.9594375  12.9594375
19.5900000  12.9597621  12.9597621
19.6000000  12.9600986  12.9600986
19.6100000  12.9604468  12.9604468
19.6200000  12.9608066  12.9608066
19.6300000  12.9611778  12.9611778
19.6400000  12.9615604  12.9615604
19.6500000  12.9619540  12.9619540
19.6600000  12.9623587  12.9623587
19.6700000  12.9627741  12.9627741
19.6800000  12.9632001  12.9632001
19.6900000  12.9636367  12.9636367
19.7000000  12.9640835  12.9640835
19.7100000  12.9645404  12.9645404
19.7200000  12.9650072  12.9650072
19.7300000  12.9654838  12.9654838
19.7400000  12.9659700  12.9659700
19.7500000  12.9664655  12.9664655
19.7600000  12.9669702  12.9669702
19.7700000  12.9674839  12.9674839
19.7800000  12.9680064  12.9680064
19.7900000  12.9685375  12.9685375
19.8000000  12.9690771  12.9690771
19.8100000  12.9696248  12.9696248
19.8200000  12.9701805  12.9701805
19.8300000  12.9707441  12.9707441
19.8400000  12.9713152  12.9713152
19.8500000  12.9718937  12.9718937
19.8600000  12.9724794  12.9724794
19.8700000  12.9730720  12.9730720
19.8800000  12.9736714  12.9736714
19.8900000  12.9742774  12.9742774
19.9000000  12.9748896  12.9748896
19.9100000  12.9755080  12.9755080
19.9200000  12.9761323  12.9761323
19.9300000  12.9767622  12.9767622
19.9400000  12.9773975  12.9773975
19.9500000  12.9780381  12.9780381
19.9600000  12.9786837  12.9786837
19.9700000  12.9793341  12.9793341
19.9800000  12.9799890  12.9799890
19.9900000  12.9806482  12.9806482
20.0000000  12.9813116  12.9813116
20.0100000  12.9819788  12.9819788
20.0200000  12.9826496  12.9826496
20.0300000  12.9833239  12.9833239
20.0400000  12.9840014  12.9840014
20.0500000  12.9846818  12.9846818
20.0600000  12.9853650  12.9853650
20.0700000  12.9860507  12.9860507
20.0800000  12.9867387  12.9867387
20.0900000  12.9874287  12.9874287
20.1000000  12.9881205  12.9881205
20.1100000  12.9888140  12.9888140
20.1200000  12.9895088  12.9895088
20.1300000  12.9902047  12.9902047
20.1400000  12.9909016  12.9909016
20.1500000  12.9915991  12.9915991
20.1600000  12.9922971  12.9922971
20.1700000  12.9929954  12.9929954
20.1800000  12.9936936  12.9936936
20.1900000  12.9943916  12.9943916
20.2000000  12.9950892  12.9950892
20.2100000  12.9957861  12.9957861
20.2200000  12.9964821  12.9964821
20.2300000  12.9971771  12.9971771
20.2400000  12.9978707  12.9978707
20.2500000  12.9985627  12.9985627
20.2600000  12.9992530  12.9992530
20.2700000  12.9999413  12.9999413
20.2800000  13.0006274  13.0006274
20.2900000  13.0013111  13.0013111
20.3000000  13.0019922  13.0019922
20.3100000  13.0026705  13.0026705
20.3200000  13.0033457  13.0033457
20.3300000  13.0040177  13.0040177
20.3400000  13.0046862  13.0046862
20.3500000  13.0053511  13.0053511
20.3600000  13.0060121  13.0060121
20.3700000  13.0066690  13.0066690
20.3800000  13.0073217  13.0073217
20.3900000  13.0079700  13.0079700
20.4000000  13.0086136  13.0086136
20.4100000  13.0092523  13.0092523
20.4200000  13.0098861  13.0098861
20.4300000  13.0105146  13.0105146
20.4400000  13.0111377  13.0111377
20.4500000  13.0117552  13.0117552
20.4600000  13.0123670  13.0123670
20.4700000  13.0129728  13.0129728
20.4800000  13.0135726  13.0135726
20.4900000  13.0141660  13.0141660
20.5000000  13.0147529  13.0147529
20.5100000  13.0153333  13.0153333
20.5200000  13.0159068  13.0159068
20.5300000  13.0164734  13.0164734
20.5400000  13.0170328  13.0170328
20.5500000  13.0175850  13.0175850
20.5600000  13.0181298  13.0181298
20.5700000  13.0186670  13.0186670
20.5800000  13.0191964  13.0191964
20.5900000  13.0197180  13.0197180
20.6000000  13.0202316  13.0202316
20.6100000  13.0207370  13.0207370
20.6200000  13.0212341  13.0212341
20.6300000  13.0217228  13.0217228
20.6400000  13.0222029  13.0222029
20.6500000  13.0226744  13.0226744
20.6600000  13.0231371  13.0231371
20.6700000  13.0235908  13.0235908
20.6800000  13.0240355  13.0240355
20.6900000  13.0244710  13.0244710
20.7000000  13.0248973  13.0248973
20.7100000  13.0253142  13.0253142
20.7200000  13.0257216  13.0257216
20.7300000  13.0261194  13.0261194
20.7400000  13.0265076  13.0265076
20.7500000  13.0268860  13.0268860
20.7600000  13.0272545  13.0272545
20.7700000  13.0276131  13.0276131
20.7800000  13.0279617  13.0279617
20.7900000  13.0283001  13.0283001
20.8000000  13.0286284  13.0286284
20.8100000  13.0289464  13.0289464
20.8200000  13.0292541  13.0292541
20.8300000  13.0295514  13.0295514
20.8400000  13.0298382  13.0298382
20.8500000  13.0301145  13.0301145
20.8600000  13.0303803  13.0303803
20.8700000  13.0306354  13.0306354
20.8800000  13.0308799  13.0308799
20.8900000  13.0311136  13.0311136
20.9000000  13.0313366  13.0313366
20.9100000  13.0315488  13.0315488
20.9200000  13.0317502  13.0317502
20.9300000  13.0319408  13.0319408
20.9400000  13.0321204  13.0321204
20.9500000  13.0322892  13.0322892
20.9600000  13.0324470  13.0324470
20.9700000  13.0325939  13.0325939
20.9800000  13.0327298  13.0327298
20.9900000  13.0328548  13.0328548
21.0000000  13.0329688  13.0329688
21.0100000  13.0330718  13.0330718
21.0200000  13.0331639  13.0331639
21.0300000  13.0332451  13.0332451
21.0400000  13.0333153  13.0333153
21.0500000  13.0333745  13.0333745
21.0600000  13.0334228  13.0334228
21.0700000  13.0334603  13.0334603
21.0800000  13.0334868  13.0334868
21.0900000  13.0335025  13.0335025
21.1000000  13.0335074  13.0335074
21.1100000  13.0335015  13.0335015
21.1200000  13.0334849  13.0334849
21.1300000  13.0334575  13.0334575
21.1400000  13.0334195  13.0334195
21.1500000  13.0333708  13.0333708
21.1600000  13.0333116  13.0333116
21.1700000  13.0332418  13.0332418
21.1800000  13.0331616  13.0331616
21.1900000  13.0330710  13.0330710
21.2000000  13.0329701  13.0329701
21.2100000  13.0328589  13.0328589
21.2200000  13.0327375  13.0327375
21.2300000  13.0326059  13.0326059
21.2400000  13.0324643  13.0324643
21.2500000  13.0323127  13.0323127
21.2600000  13.0321512  13.0321512
21.2700000  13.0319799  13.0319799
21.2800000  13.0317988  13.0317988
21.2900000  13.0316082  13.0316082
21.3000000  13.0314079  13.0314079
21.3100000  13.0311983  13.0311983
21.3200000  13.0309792  13.0309792
21.3300000  13.0307509  13.0307509
21.3400000  13.0305135  13.0305135
21.3500000  13.0302670  13.0302670
21.3600000  13.0300116  13.0300116
21.3700000  13.0297473  13.0297473
21.3800000  13.0294744  13.0294744
21.3900000  13.0291928  13.0291928
21.4000000  13.0289028  13.0289028
21.4100000  13.0286044  13.0286044
21.4200000  13.0282977  13.0282977
21.4300000  13.0279830  13.0279830
21.4400000  13.0276603  13.0276603
21.4500000  13.0273297  13.0273297
21.4600000  13.0269914  13.0269914
21.4700000  13.0266455  13.0266455
21.4800000  13.0262921  13.0262921
21.4900000  13.0259315  13.0259315
21.5000000  13.0255636  13.0255636
21.5100000  13.0251888  13.0251888
21.5200000  13.0248070  13.0248070
21.5300000  13.0244185  13.0244185
21.5400000  13.0240234  13.0240234
21.5500000  13.0236218  13.0236218
21.5600000  13.0232139  13.0232139
21.5700000  13.0227999  13.0227999
21.5800000  13.0223799  13.0223799
21.5900000  13.0219540  13.0219540
21.6000000  13.0215225  13.0215225
21.6100000  13.0210854  13.0210854
21.6200000  13.0206429  13.0206429
21.6300000  13.0201953  13.0201953
21.6400000  13.0197425  13.0197425
21.6500000  13.0192849  13.0192849
21.6600000  13.0188226  13.0188226
21.6700000  13.0183557  13.0183557
21.6800000  13.0178844  13.0178844
21.6900000  13.0174088  13.0174088
21.7000000  13.0169292  13.0169292
21.7100000  13.0164457  13.0164457
21.7200000  13.0159585  13.0159585
21.7300000  13.0154677  13.0154677
21.7400000  13.0149735  13.0149735
21.7500000  13.0144760  13.0144760
21.7600000  13.0139756  13.0139756
21.7700000  13.0134722  13.0134722
21.7800000  13.0129661  13.0129661
21.7900000  13.0124575  13.0124575
21.8000000  13.0119465  13.0119465
21.8100000  13.0114333  13.0114333
21.8200000  13.0109181  13.0109181
21.8300000  13.0104011  13.0104011
21.8400000  13.0098823  13.0098823
21.8500000  13.0093621  13.0093621
21.8600000  13.0088405  13.0088405
21.8700000  13.0083177  13.0083177
21.8800000  13.0077940  13.0077940
21.8900000  13.0072694  13.0072694
21.9000000  13.0067442  13.0067442
21.9100000  13.0062185  13.0062185
21.9200000  13.0056925  13.0056925
21.9300000  13.0051663  13.0051663
21.9400000  13.0046402  13.0046402
21.9500000  13.0041143  13.0041143
21.9600000  13.0035888  13.0035888
21.9700000  13.0030637  13.0030637
21.9800000  13.0025394  13.0025394
21.9900000  13.0020160  13.0020160
22.0000000  13.0014936  13.0014936
22.0100000  13.0009724  13.0009724
22.0200000  13.0004525  13.0004525
22.0300000  12.9999342  12.9999342
22.0400000  12.9994176  12.9994176
22.0500000  12.9989028  12.9989028
22.0600000  12.9983900  12.9983900
22.0700000  12.9978794  12.9978794
22.0800000  12.9973711  12.9973711
22.0900000  12.9968653  12.9968653
22.1000000  12.9963621  12.9963621
22.1100000  12.9958617  12.9958617
22.1200000  12.9953643  12.9953643
22.1300000  12.9948699  12.9948699
22.1400000  12.9943788  12.9943788
22.1500000  12.9938911  12.9938911
22.1600000  12.9934069  12.9934069
22.1700000  12.9929263  12.9929263
22.1800000  12.9924496  12.9924496
22.1900000  12.9919769  12.9919769
22.2000000  12.9915082  12.9915082
22.2100000  12.9910438  12.9910438
22.2200000  12.9905838  12.9905838
22.2300000  12.9901282  12.9901282
22.2400000  12.9896773  12.9896773
22.2500000  12.9892312  12.9892312
22.2600000  12.9887899  12.9887899
22.2700000  12.9883537  12.9883537
22.2800000  12.9879227  12.9879227
22.2900000  12.9874969  12.9874969
22.3000000  12.9870764  12.9870764
22.3100000  12.9866615  12.9866615
22.3200000  12.9862523  12.9862523
22.3300000  12.9858487  12.9858487
22.3400000  12.9854510  12.9854510
22.3500000  12.9850592  12.9850592
22.3600000  12.9846736  12.9846736
22.3700000  12.9842940  12.9842940
22.3800000  12.9839208  12.9839208
22.3900000  12.9835539  12.9835539
22.4000000  12.9831935  12.9831935
22.4100000  12.9828396  12.9828396
22.4200000  12.9824924  12.9824924
22.4300000  12.9821520  12.9821520
22.4400000  12.9818183  12.9818183
22.4500000  12.9814916  12.9814916
22.4600000  12.9811719  12.9811719
22.4700000  12.9808593  12.9808593
22.4800000  12.9805538  12.9805538
22.4900000  12.9802556  12.9802556
22.5000000  12.9799646  12.9799646
22.5100000  12.9796811  12.9796811
22.5200000  12.9794050  12.9794050
22.5300000  12.9791364  12.9791364
22.5400000  12.9788753  12.9788753
22.5500000  12.9786219  12.9786219
22.5600000  12.9783762  12.9783762
22.5700000  12.9781382  12.9781382
22.5800000  12.9779080  12.9779080
22.5900000  12.9776857  12.9776857
22.6000000  12.9774712  12.9774712
22.6100000  12.9772647  12.9772647
22.6200000  12.9770662  12.9770662
22.6300000  12.9768756  12.9768756
22.6400000  12.9766931  12.9766931
22.6500000  12.9765187  12.9765187
22.6600000  12.9763524  12.9763524
22.6700000  12.9761942  12.9761942
22.6800000  12.9760442  12.9760442
22.6900000  12.9759024  12.9759024
22.7000000  12.9757688  12.9757688
22.7100000  12.9756433  12.9756433
22.7200000  12.9755262  12.9755262
22.7300000  12.9754172  12.9754172
22.7400000  12.9753166  12.9753166
22.7500000  12.9752241  12.9752241
22.7600000  12.9751400  12.9751400
22.7700000  12.9750641  12.9750641
22.7800000  12.9749964  12.9749964
22.7900000  12.9749371  12.9749371
22.8000000  12.9748859  12.9748859
22.8100000  12.9748430  12.9748430
22.8200000  12.9748084  12.9748084
22.8300000  12.9747819  12.9747819
22.8400000  12.9747636  12.9747636
22.8500000  12.9747535  12.9747535
22.8600000  12.9747516  12.9747516
22.8700000  12.9747577  12.9747577
22.8800000  12.9747720  12.9747720
22.8900000  12.9747943  12.9747943
22.9000000  12.9748247  12.9748247
22.9100000  12.9748630  12.9748630
22.9200000  12.9749094  12.9749094
22.9300000  12.9749636  12.9749636
22.9400000  12.9750257  12.9750257
22.9500000  12.9750956  12.9750956
22.9600000  12.9751733  12.9751733
22.9700000  12.9752588  12.9752588
22.9800000  12.9753519  12.9753519
22.9900000  12.9754526  12.9754526
23.0000000  12.9755610  12.9755610
23.0100000  12.9756768  12.9756768
23.0200000  12.9758000  12.9758000
23.0300000  12.9759307  12.9759307
23.0400000  12.9760687  12.9760687
23.0500000  12.9762139  12.9762139
23.0600000  12.9763663  12.9763663
23.0700000  12.9765258  12.9765258
23.0800000  12.9766923  12.9766923
23.0900000  12.9768658  12.9768658
23.1000000  12.9770462  12.9770462
23.1100000  12.9772333  12.9772333
23.1200000  12.9774272  12.9774272
23.1300000  12.9776277  12.9776277
23.1400000  12.9778348  12.9778348
23.1500000  12.9780483  12.9780483
23.1600000  12.9782682  12.9782682
23.1700000  12.9784944  12.9784944
23.1800000  12.9787268  12.9787268
23.1900000  12.9789652  12.9789652
23.2000000  12.9792097  12.9792097
23.2100000  12.9794600  12.9794600
23.2200000  12.9797162  12.9797162
23.2300000  12.9799780  12.9799780
23.2400000  12.9802454  12.9802454
23.2500000  12.9805184  12.9805184
23.2600000  12.9807967  12.9807967
23.2700000  12.9810803  12.9810803
23.2800000  12.9813690  12.9813690
23.2900000  12.9816628  12.9816628
23.3000000  12.9819616  12.9819616
23.3100000  12.9822652  12.9822652
23.3200000  12.9825736  12.9825736
23.3300000  12.9828865  12.9828865
23.3400000  12.9832039  12.9832039
23.3500000  12.9835258  12.9835258
23.3600000  12.9838518  12.9838518
23.3700000  12.9841821  12.9841821
23.3800000  12.9845163  12.9845163
23.3900000  12.9848545  12.9848545
23.4000000  12.9851964  12.9851964
23.4100000  12.9855420  12.9855420
23.4200000  12.9858911  12.9858911
23.4300000  12.9862436  12.9862436
23.4400000  12.9865995  12.9865995
23.4500000  12.9869585  12.9869585
23.4600000  12.9873205  12.9873205
23.4700000  12.9876854  12.9876854
23.4800000  12.9880532  12.9880532
23.4900000  12.9884235  12.9884235
23.5000000  12.9887965  12.9887965
23.5100000  12.9891718  12.9891718
23.5200000  12.9895494  12.9895494
23.5300000  12.9899291  12.9899291
23.5400000  12.9903109  12.9903109
23.5500000  12.9906945  12.9906945
23.5600000  12.9910799  12.9910799
23.5700000  12.9914669  12.9914669
23.5800000  12.9918555  12.9918555
23.5900000  12.9922454  12.9922454
23.6000000  12.9926365  12.9926365
23.6100000  12.9930288  12.9930288
23.6200000  12.9934220  12.9934220
23.6300000  12.9938161  12.9938161
23.6400000  12.9942109  12.9942109
23.6500000  12.9946062  12.9946062
23.6600000  12.9950021  12.9950021
23.6700000  12.9953983  12.9953983
23.6800000  12.9957947  12.9957947
23.6900000  12.9961912  12.9961912
23.7000000  12.9965876  12.9965876
23.7100000  12.9969838  12.9969838
23.7200000  12.9973798  12.9973798
23.7300000  12.9977753  12.9977753
23.7400000  12.9981702  12.9981702
23.7500000  12.9985645  12.9985645
23.7600000  12.9989580  12.9989580
23.7700000  12.9993505  12.9993505
23.7800000  12.9997420  12.9997420
23.7900000  13.0001323  13.0001323
23.8000000  13.0005213  13.0005213
23.8100000  13.0009089  13.0009089
23.8200000  13.0012949  13.0012949
23.8300000  13.0016793  13.0016793
23.8400000  13.0020619  13.0020619
23.8500000  13.0024427  13.0024427
23.8600000  13.0028214  13.0028214
23.8700000  13.0031980  13.0031980
23.8800000  13.0035723  13.0035723
23.8900000  13.0039443  13.0039443
23.9000000  13.0043139  13.0043139
23.9100000  13.0046808  13.0046808
23.9200000  13.0050451  13.0050451
23.9300000  13.0054066  13.0054066
23.9400000  13.0057652  13.0057652
23.9500000  13.0061208  13.0061208
23.9600000  13.0064733  13.0064733
23.9700000  13.0068225  13.0068225
23.9800000  13.0071685  13.0071685
23.9900000  13.0075110  13.0075110
24.0000000  13.0078500  13.0078500
24.0100000  13.0081854  13.0081854
24.0200000  13.0085171  13.0085171
24.0300000  13.0088450  13.0088450
24.0400000  13.0091689  13.0091689
24.0500000  13.0094889  13.0094889
24.0600000  13.0098049  13.0098049
24.0700000  13.0101166  13.0101166
24.0800000  13.0104241  13.0104241
24.0900000  13.0107273  13.0107273
24.1000000  13.0110260  13.0110260
24.1100000  13.0113202  13.0113202
24.1200000  13.0116099  13.0116099
24.1300000  13.0118948  13.0118948
24.1400000  13.0121751  13.0121751
24.1500000  13.0124505  13.0124505
24.1600000  13.0127211  13.0127211
24.1700000  13.0129866  13.0129866
24.1800000  13.0132472  13.0132472
24.1900000  13.0135026  13.0135026
24.2000000  13.0137529  13.0137529
24.2100000  13.0139980  13.0139980
24.2200000  13.0142378  13.0142378
24.2300000  13.0144722  13.0144722
24.2400000  13.0147012  13.0147012
24.2500000  13.0149248  13.0149248
24.2600000  13.0151429  13.0151429
24.2700000  13.0153553  13.0153553
24.2800000  13.0155622  13.0155622
24.2900000  13.0157634  13.0157634
24.3000000  13.0159589  13.0159589
24.3100000  13.0161486  13.0161486
24.3200000  13.0163325  13.0163325
24.3300000  13.0165106  13.0165106
24.3400000  13.0166828  13.0166828
24.3500000  13.0168491  13.0168491
24.3600000  13.0170094  13.0170094
24.3700000  13.0171638  13.0171638
24.3800000  13.0173121  13.0173121
24.3900000  13.0174544  13.0174544
24.4000000  13.0175906  13.0175906
24.4100000  13.0177207  13.0177207
24.4200000  13.0178448  13.0178448
24.4300000  13.0179626  13.0179626
24.4400000  13.0180744  13.0180744
24.4500000  13.0181799  13.0181799
24.4600000  13.0182793  13.0182793
24.4700000  13.0183725  13.0183725
24.4800000  13.0184595  13.0184595
24.4900000  13.0185402  13.0185402
24.5000000  13.0186148  13.0186148
24.5100000  13.0186831  13.0186831
24.5200000  13.0187452  13.0187452
24.5300000  13.0188010  13.0188010
24.5400000  13.0188507  13.0188507
24.5500000  13.0188941  13.0188941
24.5600000  13.0189313  13.0189313
24.5700000  13.0189623  13.0189623
24.5800000  13.0189871  13.0189871
24.5900000  13.0190058  13.0190058
24.6000000  13.0190182  13.0190182
24.6100000  13.0190245  13.0190245
24.6200000  13.0190247  13.0190247
24.6300000  13.0190188  13.0190188
24.6400000  13.0190067  13.0190067
24.6500000  13.0189886  13.0189886
24.6600000  13.0189645  13.0189645
24.6700000  13.0189343  13.0189343
24.6800000  13.0188981  13.0188981
24.6900000  13.0188560  13.0188560
24.7000000  13.0188079  13.0188079
24.7100000  13.0187540  13.0187540
24.7200000  13.0186942  13.0186942
24.7300000  13.0186286  13.0186286
24.7400000  13.0185572  13.0185572
24.7500000  13.0184801  13.0184801
24.7600000  13.0183972  13.0183972
24.7700000  13.0183088  13.0183088
24.7800000  13.0182147  13.0182147
24.7900000  13.0181151  13.0181151
24.8000000  13.0180100  13.0180100
24.8100000  13.0178994  13.0178994
24.8200000  13.0177834  13.0177834
24.8300000  13.0176621  13.0176621
24.8400000  13.0175355  13.0175355
24.8500000  13.0174036  13.0174036
24.8600000  13.0172666  13.0172666
24.8700000  13.0171245  13.0171245
24.8800000  13.0169773  13.0169773
24.8900000  13.0168252  13.0168252
24.9000000  13.0166681  13.0166681
24.9100000  13.0165062  13.0165062
24.9200000  13.0163395  13.0163395
24.9300000  13.0161681  13.0161681
24.9400000  13.0159920  13.0159920
24.9500000  13.0158114  13.0158114
24.9600000  13.0156262  13.0156262
24.9700000  13.0154366  13.0154366
24.9800000  13.0152427  13.0152427
24.9900000  13.0150445  13.0150445
25.0000000  13.0148421  13.0148421
25.0100000  13.0146356  13.0146356
25.0200000  13.0144250  13.0144250
25.0300000  13.0142105  13.0142105
25.0400000  13.0139921  13.0139921
25.0500000  13.0137699  13.0137699
25.0600000  13.0135440  13.0135440
25.0700000  13.0133144  13.0133144
25.0800000  13.0130813  13.0130813
25.0900000  13.0128448  13.0128448
25.1000000  13.0126049  13.0126049
25.1100000  13.0123617  13.0123617
25.1200000  13.0121153  13.0121153
25.1300000  13.0118659  13.0118659
25.1400000  13.0116134  13.0116134
25.1500000  13.0113579  13.0113579
25.1600000  13.0110997  13.0110997
25.1700000  13.0108387  13.0108387
25.1800000  13.0105751  13.0105751
25.1900000  13.0103089  13.0103089
25.2000000  13.0100403  13.0100403
25.2100000  13.0097693  13.0097693
25.2200000  13.0094960  13.0094960
25.2300000  13.0092206  13.0092206
25.2400000  13.0089430  13.0089430
25.2500000  13.0086635  13.0086635
25.2600000  13.0083821  13.0083821
25.2700000  13.0080989  13.0080989
25.2800000  13.0078141  13.0078141
25.2900000  13.0075276  13.0075276
25.3000000  13.0072396  13.0072396
25.3100000  13.0069502  13.0069502
25.3200000  13.0066596  13.0066596
25.3300000  13.0063677  13.0063677
25.3400000  13.0060747  13.0060747
25.3500000  13.0057807  13.0057807
25.3600000  13.0054858  13.0054858
25.3700000  13.0051900  13.0051900
25.3800000  13.0048936  13.0048936
25.3900000  13.0045965  13.0045965
25.4000000  13.0042989  13.0042989
25.4100000  13.0040009  13.0040009
25.4200000  13.0037026  13.0037026
25.4300000  13.0034040  13.0034040
25.4400000  13.0031053  13.0031053
25.4500000  13.0028065  13.0028065
25.4600000  13.0025078  13.0025078
25.4700000  13.0022093  13.0022093
25.4800000  13.0019110  13.0019110
25.4900000  13.0016131  13.0016131
25.5000000  13.0013156  13.0013156
25.5100000  13.0010186  13.0010186
25.5200000  13.0007222  13.0007222
25.5300000  13.0004266  13.0004266
25.5400000  13.0001318  13.0001318
25.5500000  12.9998379  12.9998379
25.5600000  12.9995450  12.9995450
25.5700000  12.9992532  12.9992532
25.5800000  12.9989625  12.9989625
25.5900000  12.9986732  12.9986732
25.6000000  12.9983851  12.9983851
25.6100000  12.9980986  12.9980986
25.6200000  12.9978135  12.9978135
25.6300000  12.9975301  12.9975301
25.6400000  12.9972484  12.9972484
25.6500000  12.9969685  12.9969685
25.6600000  12.9966904  12.9966904
25.6700000  12.9964143  12.9964143
25.6800000  12.9961403  12.9961403
25.6900000  12.9958683  12.9958683
25.7000000  12.9955986  12.9955986
25.7100000  12.9953312  12.9953312
25.7200000  12.9950661  12.9950661
25.7300000  12.9948034  12.9948034
25.7400000  12.9945433  12.9945433
25.7500000  12.9942857  12.9942857
25.7600000  12.9940309  12.9940309
25.7700000  12.9937787  12.9937787
25.7800000  12.9935294  12.9935294
25.7900000  12.9932829  12.9932829
25.8000000  12.9930394  12.9930394
25.8100000  12.9927990  12.9927990
25.8200000  12.9925616  12.9925616
25.8300000  12.9923273  12.9923273
25.8400000  12.9920963  12.9920963
25.8500000  12.9918686  12.9918686
25.8600000  12.9916442  12.9916442
25.8700000  12.9914232  12.9914232
25.8800000  12.9912057  12.9912057
25.8900000  12.9909917  12.9909917
25.9000000  12.9907813  12.9907813
25.9100000  12.9905746  12.9905746
25.9200000  12.9903715  12.9903715
25.9300000  12.9901722  12.9901722
25.9400000  12.9899767  12.9899767
25.9500000  12.9897850  12.9897850
25.9600000  12.9895972  12.9895972
25.9700000  12.9894134  12.9894134
25.9800000  12.9892336  12.9892336
25.9900000  12.9890578  12.9890578
26.0000000  12.9888861  12.9888861
26.0100000  12.9887185  12.9887185
26.0200000  12.9885551  12.9885551
26.0300000  12.9883959  12.9883959
26.0400000  12.9882409  12.9882409
26.0500000  12.9880902  12.9880902
26.0600000  12.9879438  12.9879438
26.0700000  12.9878018  12.9878018
26.0800000  12.9876641  12.9876641
26.0900000  12.9875309  12.9875309
26.1000000  12.9874021  12.9874021
26.1100000  12.9872777  12.9872777
26.1200000  12.9871579  12.9871579
26.1300000  12.9870425  12.9870425
26.1400000  12.9869317  12.9869317
26.1500000  12.9868255  12.9868255
26.1600000  12.9867238  12.9867238
26.1700000  12.9866267  12.9866267
26.1800000  12.9865342  12.9865342
26.1900000  12.9864464  12.9864464
26.2000000  12.9863632  12.9863632
26.2100000  12.9862846  12.9862846
26.2200000  12.9862107  12.9862107
26.2300000  12.9861415  12.9861415
26.2400000  12.9860770  12.9860770
26.2500000  12.9860171  12.9860171
26.2600000  12.9859619  12.9859619
26.2700000  12.9859114  12.9859114
26.2800000  12.9858657  12.9858657
26.2900000  12.9858246  12.9858246
26.3000000  12.9857881  12.9857881
26.3100000  12.9857564  12.9857564
26.3200000  12.9857294  12.9857294
26.3300000  12.9857070  12.9857070
26.3400000  12.9856893  12.9856893
26.3500000  12.9856762  12.9856762
26.3600000  12.9856678  12.9856678
26.3700000  12.9856641  12.9856641
26.3800000  12.9856649  12.9856649
26.3900000  12.9856704  12.9856704
26.4000000  12.9856804  12.9856804
26.4100000  12.9856950  12.9856950
26.4200000  12.9857142  12.9857142
26.4300000  12.9857379  12.9857379
26.4400000  12.9857661  12.9857661
26.4500000  12.9857988  12.9857988
26.4600000  12.9858360  12.9858360
26.4700000  12.9858775  12.9858775
26.4800000  12.9859235  12.9859235
26.4900000  12.9859739  12.9859739
26.5000000  12.9860286  12.9860286
26.5100000  12.9860877  12.9860877
26.5200000  12.9861510  12.9861510
26.5300000  12.9862185  12.9862185
26.5400000  12.9862903  12.9862903
26.5500000  12.9863663  12.9863663
26.5600000  12.9864463  12.9864463
26.5700000  12.9865305  12.9865305
26.5800000  12.9866188  12.9866188
26.5900000  12.9867111  12.9867111
26.6000000  12.9868073  12.9868073
26.6100000  12.9869075  12.9869075
26.6200000  12.9870115  12.9870115
26.6300000  12.9871194  12.9871194
26.6400000  12.9872311  12.9872311
26.6500000  12.9873466  12.9873466
26.6600000  12.9874657  12.9874657
26.6700000  12.9875885  12.9875885
26.6800000  12.9877149  12.9877149
26.6900000  12.9878448  12.9878448
26.7000000  12.9879782  12.9879782
26.7100000  12.9881150  12.9881150
26.7200000  12.9882553  12.9882553
26.7300000  12.9883988  12.9883988
26.7400000  12.9885456  12.9885456
26.7500000  12.9886957  12.9886957
26.7600000  12.9888488  12.9888488
26.7700000  12.9890051  12.9890051
26.7800000  12.9891644  12.9891644
26.7900000  12.9893267  12.9893267
26.8000000  12.9894919  12.9894919
26.8100000  12.9896599  12.9896599
26.8200000  12.9898307  12.9898307
26.8300000  12.9900043  12.9900043
26.8400000  12.9901804  12.9901804
26.8500000  12.9903592  12.9903592
26.8600000  12.9905405  12.9905405
26.8700000  12.9907243  12.9907243
26.8800000  12.9909105  12.9909105
26.8900000  12.9910989  12.9910989
26.9000000  12.9912897  12.9912897
26.9100000  12.9914826  12.9914826
26.9200000  12.9916776  12.9916776
26.9300000  12.9918747  12.9918747
26.9400000  12.9920738  12.9920738
26.9500000  12.9922747  12.9922747
26.9600000  12.9924776  12.9924776
26.9700000  12.9926821  12.9926821
26.9800000  12.9928884  12.9928884
26.9900000  12.9930963  12.9930963
27.0000000  12.9933057  12.9933057
27.0100000  12.9935167  12.9935167
27.0200000  12.9937290  12.9937290
27.0300000  12.9939427  12.9939427
27.0400000  12.9941576  12.9941576
27.0500000  12.9943737  12.9943737
27.0600000  12.9945909  12.9945909
27.0700000  12.9948092  12.9948092
27.0800000  12.9950284  12.9950284
27.0900000  12.9952485  12.9952485
27.1000000  12.9954695  12.9954695
27.1100000  12.9956912  12.9956912
27.1200000  12.9959135  12.9959135
27.1300000  12.9961365  12.9961365
27.1400000  12.9963600  12.9963600
27.1500000  12.9965839  12.9965839
27.1600000  12.9968082  12.9968082
27.1700000  12.9970329  12.9970329
27.1800000  12.9972577  12.9972577
27.1900000  12.9974827  12.9974827
27.2000000  12.9977078  12.9977078
27.2100000  12.9979329  12.9979329
27.2200000  12.9981580  12.9981580
27.2300000  12.9983829  12.9983829
27.2400000  12.9986076  12.9986076
27.2500000  12.9988321  12.9988321
27.2600000  12.9990562  12.9990562
27.2700000  12.9992798  12.9992798
27.2800000  12.9995030  12.9995030
27.2900000  12.9997257  12.9997257
27.3000000  12.9999477  12.9999477
27.3100000  13.0001690  13.0001690
27.3200000  13.0003895  13.0003895
27.3300000  13.0006092  13.0006092
27.3400000  13.0008281  13.0008281
27.3500000  13.0010459  13.0010459
27.3600000  13.0012627  13.0012627
27.3700000  13.0014784  13.0014784
27.3800000  13.0016929  13.0016929
27.3900000  13.0019062  13.0019062
27.4000000  13.0021182  13.0021182
27.4100000  13.0023289  13.0023289
27.4200000  13.0025381  13.0025381
27.4300000  13.0027458  13.0027458
27.4400000  13.0029520  13.0029520
27.4500000  13.0031565  13.0031565
27.4600000  13.0033594  13.0033594
27.4700000  13.0035606  13.0035606
27.4800000  13.0037599  13.0037599
27.4900000  13.0039574  13.0039574
27.5000000  13.0041530  13.0041530
27.5100000  13.0043467  13.0043467
27.5200000  13.0045383  13.0045383
27.5300000  13.0047279  13.0047279
27.5400000  13.0049153  13.0049153
27.5500000  13.0051005  13.0051005
27.5600000  13.0052835  13.0052835
27.5700000  13.0054642  13.0054642
27.5800000  13.0056426  13.0056426
27.5900000  13.0058186  13.0058186
27.6000000  13.0059922  13.0059922
27.6100000  13.0061632  13.0061632
27.6200000  13.0063318  13.0063318
27.6300000  13.0064977  13.0064977
27.6400000  13.0066611  13.0066611
27.6500000  13.0068218  13.0068218
27.6600000  13.0069797  13.0069797
27.6700000  13.0071349  13.0071349
27.6800000  13.0072873  13.0072873
27.6900000  13.0074369  13.0074369
27.7000000  13.0075837  13.0075837
27.7100000  13.0077275  13.0077275
27.7200000  13.0078683  13.0078683
27.7300000  13.0080062  13.0080062
27.7400000  13.0081411  13.0081411
27.7500000  13.0082729  13.0082729
27.7600000  13.0084016  13.0084016
27.7700000  13.0085272  13.0085272
27.7800000  13.0086497  13.0086497
27.7900000  13.0087690  13.0087690
27.8000000  13.0088851  13.0088851
27.8100000  13.0089979  13.0089979
27.8200000  13.0091075  13.0091075
27.8300000  13.0092139  13.0092139
27.8400000  13.0093169  13.0093169
27.8500000  13.0094166  13.0094166
27.8600000  13.0095129  13.0095129
27.8700000  13.0096059  13.0096059
27.8800000  13.0096955  13.0096955
27.8900000  13.0097817  13.0097817
27.9000000  13.0098645  13.0098645
27.9100000  13.0099438  13.0099438
27.9200000  13.0100197  13.0100197
27.9300000  13.0100921  13.0100921
27.9400000  13.0101610  13.0101610
27.9500000  13.0102265  13.0102265
27.9600000  13.0102884  13.0102884
27.9700000  13.0103469  13.0103469
27.9800000  13.0104018  13.0104018
27.9900000  13.0104532  13.0104532
28.0000000  13.0105011  13.0105011
28.0100000  13.0105455  13.0105455
28.0200000  13.0105863  13.0105863
28.0300000  13.0106236  13.0106236
28.0400000  13.0106573  13.0106573
28.0500000  13.0106876  13.0106876
28.0600000  13.0107143  13.0107143
28.0700000  13.0107374  13.0107374
28.0800000  13.0107570  13.0107570
28.0900000  13.0107732  13.0107732
28.1000000  13.0107857  13.0107857
28.1100000  13.0107948  13.0107948
28.1200000  13.0108004  13.0108004
28.1300000  13.0108025  13.0108025
28.1400000  13.0108011  13.0108011
28.1500000  13.0107963  13.0107963
28.1600000  13.0107880  13.0107880
28.1700000  13.0107762  13.0107762
28.1800000  13.0107611  13.0107611
28.1900000  13.0107425  13.0107425
28.2000000  13.0107205  13.0107205
28.2100000  13.0106952  13.0106952
28.2200000  13.0106665  13.0106665
28.2300000  13.0106344  13.0106344
28.2400000  13.0105991  13.0105991
28.2500000  13.0105604  13.0105604
28.2600000  13.0105185  13.0105185
28.2700000  13.0104733  13.0104733
28.2800000  13.0104249  13.0104249
28.2900000  13.0103733  13.0103733
28.3000000  13.0103186  13.0103186
28.3100000  13.0102607  13.0102607
28.3200000  13.0101997  13.0101997
28.3300000  13.0101356  13.0101356
28.3400000  13.0100685  13.0100685
28.3500000  13.0099983  13.0099983
28.3600000  13.0099251  13.0099251
28.3700000  13.0098490  13.0098490
28.3800000  13.0097700  13.0097700
28.3900000  13.0096881  13.0096881
28.4000000  13.0096033  13.0096033
28.4100000  13.0095157  13.0095157
28.4200000  13.0094254  13.0094254
28.4300000  13.0093323  13.0093323
28.4400000  13.0092365  13.0092365
28.4500000  13.0091380  13.0091380
28.4600000  13.0090369  13.0090369
28.4700000  13.0089333  13.0089333
28.4800000  13.0088271  13.0088271
28.4900000  13.0087184  13.0087184
28.5000000  13.0086072  13.0086072
28.5100000  13.0084937  13.0084937
28.5200000  13.0083778  13.0083778
28.5300000  13.0082595  13.0082595
28.5400000  13.0081390  13.0081390
28.5500000  13.0080162  13.0080162
28.5600000  13.0078913  13.0078913
28.5700000  13.0077643  13.0077643
28.5800000  13.0076351  13.0076351
28.5900000  13.0075039  13.0075039
28.6000000  13.0073707  13.0073707
28.6100000  13.0072356  13.0072356
28.6200000  13.0070986  13.0070986
28.6300000  13.0069597  13.0069597
28.6400000  13.0068191  13.0068191
28.6500000  13.0066767  13.0066767
28.6600000  13.0065326  13.0065326
28.6700000  13.0063869  13.0063869
28.6800000  13.0062396  13.0062396
28.6900000  13.0060908  13.0060908
28.7000000  13.0059405  13.0059405
28.7100000  13.0057887  13.0057887
28.7200000  13.0056356  13.0056356
28.7300000  13.0054812  13.0054812
28.7400000  13.0053255  13.0053255
28.7500000  13.0051686  13.0051686
28.7600000  13.0050105  13.0050105
28.7700000  13.0048514  13.0048514
28.7800000  13.0046912  13.0046912
28.7900000  13.0045299  13.0045299
28.8000000  13.0043678  13.0043678
28.8100000  13.0042048  13.0042048
28.8200000  13.0040409  13.0040409
28.8300000  13.0038763  13.0038763
28.8400000  13.0037110  13.0037110
28.8500000  13.0035449  13.0035449
28.8600000  13.0033783  13.0033783
28.8700000  13.0032112  13.0032112
28.8800000  13.0030435  13.0030435
28.8900000  13.0028754  13.0028754
28.9000000  13.0027069  13.0027069
28.9100000  13.0025381  13.0025381
28.9200000  13.0023691  13.0023691
28.9300000  13.0021998  13.0021998
28.9400000  13.0020303  13.0020303
28.9500000  13.0018607  13.0018607
28.9600000  13.0016911  13.0016911
28.9700000  13.0015215  13.0015215
28.9800000  13.0013519  13.0013519
28.9900000  13.0011825  13.0011825
29.0000000  13.0010132  13.0010132
29.0100000  13.0008441  13.0008441
29.0200000  13.0006753  13.0006753
29.0300000  13.0005068  13.0005068
29.0400000  13.0003387  13.0003387
29.0500000  13.0001711  13.0001711
29.0600000  13.0000039  13.0000039
29.0700000  12.9998372  12.9998372
29.0800000  12.9996712  12.9996712
29.0900000  12.9995058  12.9995058
29.1000000  12.9993410  12.9993410
29.1100000  12.9991770  12.9991770
29.1200000  12.9990139  12.9990139
29.1300000  12.9988515  12.9988515
29.1400000  12.9986900  12.9986900
29.1500000  12.9985295  12.9985295
29.1600000  12.9983700  12.9983700
29.1700000  12.9982115  12.9982115
29.1800000  12.9980541  12.9980541
29.1900000  12.9978978  12.9978978
29.2000000  12.9977427  12.9977427
29.2100000  12.9975888  12.9975888
29.2200000  12.9974362  12.9974362
29.2300000  12.9972849  12.9972849
29.2400000  12.9971350  12.9971350
29.2500000  12.9969865  12.9969865
29.2600000  12.9968394  12.9968394
29.2700000  12.9966938  12.9966938
29.2800000  12.9965497  12.9965497
29.2900000  12.9964072  12.9964072
29.3000000  12.9962663  12.9962663
29.3100000  12.9961271  12.9961271
29.3200000  12.9959896  12.9959896
29.3300000  12.9958538  12.9958538
29.3400000  12.9957198  12.9957198
29.3500000  12.9955875  12.9955875
29.3600000  12.9954571  12.9954571
29.3700000  12.9953286  12.9953286
29.3800000  12.9952021  12.9952021
29.3900000  12.9950774  12.9950774
29.4000000  12.9949548  12.9949548
29.4100000  12.9948341  12.9948341
29.4200000  12.9947155  12.9947155
29.4300000  12.9945990  12.9945990
29.4400000  12.9944846  12.9944846
29.4500000  12.9943723  12.9943723
29.4600000  12.9942623  12.9942623
29.4700000  12.9941544  12.9941544
29.4800000  12.9940487  12.9940487
29.4900000  12.9939453  12.9939453
29.5000000  12.9938442  12.9938442
29.5100000  12.9937453  12.9937453
29.5200000  12.9936488  12.9936488
29.5300000  12.9935547  12.9935547
29.5400000  12.9934629  12.9934629
29.5500000  12.9933735  12.9933735
29.5600000  12.9932865  12.9932865
29.5700000  12.9932020  12.9932020
29.5800000  12.9931200  12.9931200
29.5900000  12.9930404  12.9930404
29.6000000  12.9929633  12.9929633
29.6100000  12.9928887  12.9928887
29.6200000  12.9928166  12.9928166
29.6300000  12.9927471  12.9927471
29.6400000  12.9926801  12.9926801
29.6500000  12.9926157  12.9926157
29.6600000  12.9925539  12.9925539
29.6700000  12.9924947  12.9924947
29.6800000  12.9924380  12.9924380
29.6900000  12.9923840  12.9923840
29.7000000  12.9923326  12.9923326
29.7100000  12.9922839  12.9922839
29.7200000  12.9922378  12.9922378
29.7300000  12.9921943  12.9921943
29.7400000  12.9921535  12.9921535
29.7500000  12.9921153  12.9921153
29.7600000  12.9920798  12.9920798
29.7700000  12.9920469  12.9920469
29.7800000  12.9920167  12.9920167
29.7900000  12.9919892  12.9919892
29.8000000  12.9919643  12.9919643
29.8100000  12.9919421  12.9919421
29.8200000  12.9919225  12.9919225
29.8300000  12.9919057  12.9919057
29.8400000  12.9918914  12.9918914
29.8500000  12.9918799  12.9918799
29.8600000  12.9918709  12.9918709
29.8700000  12.9918646  12.9918646
29.8800000  12.9918610  12.9918610
29.8900000  12.9918600  12.9918600
29.9000000  12.9918616  12.9918616
29.9100000  12.9918658  12.9918658
29.9200000  12.9918726  12.9918726
29.9300000  12.9918820  12.9918820
29.9400000  12.9918939  12.9918939
29.9500000  12.9919085  12.9919085
29.9600000  12.9919256  12.9919256
29.9700000  12.9919452  12.9919452
29.9800000  12.9919674  12.9919674
29.9900000  12.9919921  12.9919921
30.0000000  12.9920192  12.9920192
30.0100000  12.9920489  12.9920489
30.0200000  12.9920810  12.9920810
30.0300000  12.9921156  12.9921156
30.0400000  12.9921525  12.9921525
30.0500000  12.9921919  12.9921919
30.0600000  12.9922337  12.9922337
30.0700000  12.9922778  12.9922778
30.0800000  12.9923243  12.9923243
30.0900000  12.9923731  12.9923731
30.1000000  12.9924241  12.9924241
30.1100000  12.9924775  12.9924775
30.1200000  12.9925331  12.9925331
30.1300000  12.9925909  12.9925909
30.1400000  12.9926509  12.9926509
30.1500000  12.9927131  12.9927131
30.1600000  12.9927774  12.9927774
30.1700000  12.9928439  12.9928439
30.1800000  12.9929124  12.9929124
30.1900000  12.9929830  12.9929830
30.2000000  12.9930556  12.9930556
30.2100000  12.9931302  12.9931302
30.2200000  12.9932068  12.9932068
30.2300000  12.9932853  12.9932853
30.2400000  12.9933657  12.9933657
30.2500000  12.9934480  12.9934480
30.2600000  12.9935322  12.9935322
30.2700000  12.9936181  12.9936181
30.2800000  12.9937059  12.9937059
30.2900000  12.9937953  12.9937953
30.3000000  12.9938865  12.9938865
30.3100000  12.9939793  12.9939793
30.3200000  12.9940738  12.9940738
30.3300000  12.9941699  12.9941699
30.3400000  12.9942676  12.9942676
30.3500000  12.9943667  12.9943667
30.3600000  12.9944674  12.9944674
30.3700000  12.9945695  12.9945695
30.3800000  12.9946731  12.9946731
30.3900000  12.9947780  12.9947780
30.4000000  12.9948843  12.9948843
30.4100000  12.9949918  12.9949918
30.4200000  12.9951006  12.9951006
30.4300000  12.9952107  12.9952107
30.4400000  12.9953219  12.9953219
30.4500000  12.9954343  12.9954343
30.4600000  12.9955478  12.9955478
30.4700000  12.9956624  12.9956624
30.4800000  12.9957780  12.9957780
30.4900000  12.9958945  12.9958945
30.5000000  12.9960121  12.9960121
30.5100000  12.9961305  12.9961305
30.5200000  12.9962498  12.9962498
30.5300000  12.9963699  12.9963699
30.5400000  12.9964908  12.9964908
30.5500000  12.9966124  12.9966124
30.5600000  12.9967347  12.9967347
30.5700000  12.9968577  12.9968577
30.5800000  12.9969813  12.9969813
30.5900000  12.9971054  12.9971054
30.6000000  12.9972301  12.9972301
30.6100000  12.9973553  12.9973553
30.6200000  12.9974810  12.9974810
30.6300000  12.9976070  12.9976070
30.6400000  12.9977334  12.9977334
30.6500000  12.9978602  12.9978602
30.6600000  12.9979872  12.9979872
30.6700000  12.9981144  12.9981144
30.6800000  12.9982419  12.9982419
30.6900000  12.9983695  12.9983695
30.7000000  12.9984972  12.9984972
30.7100000  12.9986250  12.9986250
30.7200000  12.9987528  12.9987528
30.7300000  12.9988806  12.9988806
30.7400000  12.9990083  12.9990083
30.7500000  12.9991360  12.9991360
30.7600000  12.9992635  12.9992635
30.7700000  12.9993909  12.9993909
30.7800000  12.9995180  12.9995180
30.7900000  12.9996449  12.9996449
30.8000000  12.9997715  12.9997715
30.8100000  12.9998978  12.9998978
30.8200000  13.0000237  13.0000237
30.8300000  13.0001492  13.0001492
30.8400000  13.0002742  13.0002742
30.8500000  13.0003987  13.0003987
30.8600000  13.0005227  13.0005227
30.8700000  13.0006462  13.0006462
30.8800000  13.0007690  13.0007690
30.8900000  13.0008912  13.0008912
30.9000000  13.0010127  13.0010127
30.9100000  13.0011335  13.0011335
30.9200000  13.0012536  13.0012536
30.9300000  13.0013729  13.0013729
30.9400000  13.0014913  13.0014913
30.9500000  13.0016089  13.0016089
30.9600000  13.0017255  13.0017255
30.9700000  13.0018413  13.0018413
30.9800000  13.0019561  13.0019561
30.9900000  13.0020699  13.0020699
31.0000000  13.0021826  13.0021826
31.0100000  13.0022943  13.0022943
31.0200000  13.0024049  13.0024049
31.0300000  13.0025144  13.0025144
31.0400000  13.0026227  13.0026227
31.0500000  13.0027298  13.0027298
31.0600000  13.0028357  13.0028357
31.0700000  13.0029403  13.0029403
31.0800000  13.0030437  13.0030437
31.0900000  13.0031457  13.0031457
31.1000000  13.0032465  13.0032465
31.1100000  13.0033458  13.0033458
31.1200000  13.0034437  13.0034437
31.1300000  13.0035403  13.0035403
31.1400000  13.0036353  13.0036353
31.1500000  13.0037289  13.0037289
31.1600000  13.0038211  13.0038211
31.1700000  13.0039116  13.0039116
31.1800000  13.0040007  13.0040007
31.1900000  13.0040881  13.0040881
31.2000000  13.0041740  13.0041740
31.2100000  13.0042582  13.0042582
31.2200000  13.0043408  13.0043408
31.2300000  13.0044218  13.0044218
31.2400000  13.0045010  13.0045010
31.2500000  13.0045786  13.0045786
31.2600000  13.0046544  13.0046544
31.2700000  13.0047285  13.0047285
31.2800000  13.0048009  13.0048009
31.2900000  13.0048715  13.0048715
31.3000000  13.0049402  13.0049402
31.3100000  13.0050072  13.0050072
31.3200000  13.0050723  13.0050723
31.3300000  13.0051356  13.0051356
31.3400000  13.0051971  13.0051971
31.3500000  13.0052567  13.0052567
31.3600000  13.0053144  13.0053144
31.3700000  13.0053702  13.0053702
31.3800000  13.0054241  13.0054241
31.3900000  13.0054760  13.0054760
31.4000000  13.0055261  13.0055261
31.4100000  13.0055742  13.0055742
31.4200000  13.0056204  13.0056204
31.4300000  13.0056646  13.0056646
31.4400000  13.0057068  13.0057068
31.4500000  13.0057471  13.0057471
31.4600000  13.0057854  13.0057854
31.4700000  13.0058217  13.0058217
31.4800000  13.0058561  13.0058561
31.4900000  13.0058884  13.0058884
31.5000000  13.0059187  13.0059187
31.5100000  13.0059471  13.0059471
31.5200000  13.0059734  13.0059734
31.5300000  13.0059978  13.0059978
31.5400000  13.0060201  13.0060201
31.5500000  13.0060404  13.0060404
31.5600000  13.0060587  13.0060587
31.5700000  13.0060750  13.0060750
31.5800000  13.0060893  13.0060893
31.5900000  13.0061016  13.0061016
31.6000000  13.0061119  13.0061119
31.6100000  13.0061202  13.0061202
31.6200000  13.0061265  13.0061265
31.6300000  13.0061308  13.0061308
31.6400000  13.0061332  13.0061332
31.6500000  13.0061335  13.0061335
31.6600000  13.0061319  13.0061319
31.6700000  13.0061283  13.0061283
31.6800000  13.0061228  13.0061228
31.6900000  13.0061153  13.0061153
31.7000000  13.0061058  13.0061058
31.7100000  13.0060945  13.0060945
31.7200000  13.0060812  13.0060812
31.7300000  13.0060660  13.0060660
31.7400000  13.0060489  13.0060489
31.7500000  13.0060299  13.0060299
31.7600000  13.0060090  13.0060090
31.7700000  13.0059863  13.0059863
31.7800000  13.0059617  13.0059617
31.7900000  13.0059353  13.0059353
31.8000000  13.0059070  13.0059070
31.8100000  13.0058769  13.0058769
31.8200000  13.0058451  13.0058451
31.8300000  13.0058115  13.0058115
31.8400000  13.0057761  13.0057761
31.8500000  13.0057390  13.0057390
31.8600000  13.0057001  13.0057001
31.8700000  13.0056595  13.0056595
31.8800000  13.0056173  13.0056173
31.8900000  13.0055734  13.0055734
31.9000000  13.0055278  13.0055278
31.9100000  13.0054806  13.0054806
31.9200000  13.0054318  13.0054318
31.9300000  13.0053814  13.0053814
31.9400000  13.0053294  13.0053294
31.9500000  13.0052759  13.0052759
31.9600000  13.0052209  13.0052209
31.9700000  13.0051643  13.0051643
31.9800000  13.0051063  13.0051063
31.9900000  13.0050468  13.0050468
32.0000000  13.0049859  13.0049859
32.0100000  13.0049236  13.0049236
32.0200000  13.0048599  13.0048599
32.0300000  13.0047949  13.0047949
32.0400000  13.0047285  13.0047285
32.0500000  13.0046608  13.0046608
32.0600000  13.0045918  13.0045918
32.0700000  13.0045216  13.0045216
32.0800000  13.0044501  13.0044501
32.0900000  13.0043775  13.0043775
32.1000000  13.0043037  13.0043037
32.1100000  13.0042287  13.0042287
32.1200000  13.0041526  13.0041526
32.1300000  13.0040754  13.0040754
32.1400000  13.0039972  13.0039972
32.1500000  13.0039179  13.0039179
32.1600000  13.0038376  13.0038376
32.1700000  13.0037564  13.0037564
32.1800000  13.0036742  13.0036742
32.1900000  13.0035910  13.0035910
32.2000000  13.0035070  13.0035070
32.2100000  13.0034222  13.0034222
32.2200000  13.0033365  13.0033365
32.2300000  13.0032500  13.0032500
32.2400000  13.0031627  13.0031627
32.2500000  13.0030747  13.0030747
32.2600000  13.0029860  13.0029860
32.2700000  13.0028967  13.0028967
32.2800000  13.0028066  13.0028066
32.2900000  13.0027160  13.0027160
32.3000000  13.0026248  13.0026248
32.3100000  13.0025330  13.0025330
32.3200000  13.0024407  13.0024407
32.3300000  13.0023480  13.0023480
32.3400000  13.0022548  13.0022548
32.3500000  13.0021611  13.0021611
32.3600000  13.0020671  13.0020671
32.3700000  13.0019726  13.0019726
32.3800000  13.0018779  13.0018779
32.3900000  13.0017829  13.0017829
32.4000000  13.0016876  13.0016876
32.4100000  13.0015920  13.0015920
32.4200000  13.0014963  13.0014963
32.4300000  13.0014004  13.0014004
32.4400000  13.0013043  13.0013043
32.4500000  13.0012081  13.0012081
32.4600000  13.0011119  13.0011119
32.4700000  13.0010156  13.0010156
32.4800000  13.0009193  13.0009193
32.4900000  13.0008230  13.0008230
32.5000000  13.0007267  13.0007267
32.5100000  13.0006305  13.0006305
32.5200000  13.0005345  13.0005345
32.5300000  13.0004385  13.0004385
32.5400000  13.0003428  13.0003428
32.5500000  13.0002472  13.0002472
32.5600000  13.0001518  13.0001518
32.5700000  13.0000568  13.0000568
32.5800000  12.9999620  12.9999620
32.5900000  12.9998675  12.9998675
32.6000000  12.9997733  12.9997733
32.6100000  12.9996796  12.9996796
32.6200000  12.9995862  12.9995862
32.6300000  12.9994933  12.9994933
32.6400000  12.9994008  12.9994008
32.6500000  12.9993089  12.9993089
32.6600000  12.9992174  12.9992174
32.6700000  12.9991265  12.9991265
32.6800000  12.9990362  12.9990362
32.6900000  12.9989464  12.9989464
32.7000000  12.9988573  12.9988573
32.7100000  12.9987689  12.9987689
32.7200000  12.9986811  12.9986811
32.7300000  12.9985940  12.9985940
32.7400000  12.9985077  12.9985077
32.7500000  12.9984221  12.9984221
32.7600000  12.9983373  12.9983373
32.7700000  12.9982533  12.9982533
32.7800000  12.9981702  12.9981702
32.7900000  12.9980879  12.9980879
32.8000000  12.9980064  12.9980064
32.8100000  12.9979259  12.9979259
32.8200000  12.9978463  12.9978463
32.8300000  12.9977677  12.9977677
32.8400000  12.9976900  12.9976900
32.8500000  12.9976133  12.9976133
32.8600000  12.9975377  12.9975377
32.8700000  12.9974630  12.9974630
32.8800000  12.9973894  12.9973894
32.8900000  12.9973169  12.9973169
32.9000000  12.9972455  12.9972455
32.9100000  12.9971752  12.9971752
32.9200000  12.9971061  12.9971061
32.9300000  12.9970381  12.9970381
32.9400000  12.9969712  12.9969712
32.9500000  12.9969056  12.9969056
32.9600000  12.9968411  12.9968411
32.9700000  12.9967779  12.9967779
32.9800000  12.9967159  12.9967159
32.9900000  12.9966552  12.9966552
33.0000000  12.9965958  12.9965958
33.0100000  12.9965376  12.9965376
33.0200000  12.9964807  12.9964807
33.0300000  12.9964252  12.9964252
33.0400000  12.9963709  12.9963709
33.0500000  12.9963180  12.9963180
33.0600000  12.9962665  12.9962665
33.0700000  12.9962163  12.9962163
33.0800000  12.9961675  12.9961675
33.0900000  12.9961201  12.9961201
33.1000000  12.9960741  12.9960741
33.1100000  12.9960295  12.9960295
33.1200000  12.9959864  12.9959864
33.1300000  12.9959446  12.9959446
33.1400000  12.9959043  12.9959043
33.1500000  12.9958655  12.9958655
33.1600000  12.9958281  12.9958281
33.1700000  12.9957921  12.9957921
33.1800000  12.9957576  12.9957576
33.1900000  12.9957246  12.9957246
33.2000000  12.9956931  12.9956931
33.2100000  12.9956631  12.9956631
33.2200000  12.9956345  12.9956345
33.2300000  12.9956075  12.9956075
33.2400000  12.9955819  12.9955819
33.2500000  12.9955579  12.9955579
33.2600000  12.9955353  12.9955353
33.2700000  12.9955143  12.9955143
33.2800000  12.9954948  12.9954948
33.2900000  12.9954768  12.9954768
33.3000000  12.9954603  12.9954603
33.3100000  12.9954453  12.9954453
33.3200000  12.9954318  12.9954318
33.3300000  12.9954198  12.9954198
33.3400000  12.9954094  12.9954094
33.3500000  12.9954004  12.9954004
33.3600000  12.9953930  12.9953930
33.3700000  12.9953870  12.9953870
33.3800000  12.9953826  12.9953826
33.3900000  12.9953797  12.9953797
33.4000000  12.9953782  12.9953782
33.4100000  12.9953783  12.9953783
33.4200000  12.9953798  12.9953798
33.4300000  12.9953828  12.9953828
33.4400000  12.9953873  12.9953873
33.4500000  12.9953933  12.9953933
33.4600000  12.9954007  12.9954007
33.4700000  12.9954096  12.9954096
33.4800000  12.9954199  12.9954199
33.4900000  12.9954317  12.9954317
33.5000000  12.9954449  12.9954449
33.5100000  12.9954595  12.9954595
33.5200000  12.9954755  12.9954755
33.5300000  12.9954929  12.9954929
33.5400000  12.9955118  12.9955118
33.5500000  12.9955320  12.9955320
33.5600000  12.9955535  12.9955535
33.5700000  12.9955765  12.9955765
33.5800000  12.9956008  12.9956008
33.5900000  12.9956264  12.9956264
33.6000000  12.9956533  12.9956533
33.6100000  12.9956816  12.9956816
33.6200000  12.9957111  12.9957111
33.6300000  12.9957420  12.9957420
33.6400000  12.9957741  12.9957741
33.6500000  12.9958074  12.9958074
33.6600000  12.9958420  12.9958420
33.6700000  12.9958779  12.9958779
33.6800000  12.9959149  12.9959149
33.6900000  12.9959531  12.9959531
33.7000000  12.9959925  12.9959925
33.7100000  12.9960331  12.9960331
33.7200000  12.9960748  12.9960748
33.7300000  12.9961177  12.9961177
33.7400000  12.9961616  12.9961616
33.7500000  12.9962067  12.9962067
33.7600000  12.9962528  12.9962528
33.7700000  12.9963000  12.9963000
33.7800000  12.9963482  12.9963482
33.7900000  12.9963974  12.9963974
33.8000000  12.9964476  12.9964476
33.8100000  12.9964988  12.9964988
33.8200000  12.9965510  12.9965510
33.8300000  12.9966041  12.9966041
33.8400000  12.9966582  12.9966582
33.8500000  12.9967131  12.9967131
33.8600000  12.9967689  12.9967689
33.8700000  12.9968256  12.9968256
33.8800000  12.9968831  12.9968831
33.8900000  12.9969414  12.9969414
33.9000000  12.9970006  12.9970006
33.9100000  12.9970605  12.9970605
33.9200000  12.9971211  12.9971211
33.9300000  12.9971825  12.9971825
33.9400000  12.9972446  12.9972446
33.9500000  12.9973074  12.9973074
33.9600000  12.9973708  12.9973708
33.9700000  12.9974349  12.9974349
33.9800000  12.9974996  12.9974996
33.9900000  12.9975649  12.9975649
34.0000000  12.9976308  12.9976308
34.0100000  12.9976972  12.9976972
34.0200000  12.9977641  12.9977641
34.0300000  12.9978316  12.9978316
34.0400000  12.9978995  12.9978995
34.0500000  12.9979679  12.9979679
34.0600000  12.9980367  12.9980367
34.0700000  12.9981060  12.9981060
34.0800000  12.9981756  12.9981756
34.0900000  12.9982455  12.9982455
34.1000000  12.9983159  12.9983159
34.1100000  12.9983865  12.9983865
34.1200000  12.9984574  12.9984574
34.1300000  12.9985286  12.9985286
34.1400000  12.9986001  12.9986001
34.1500000  12.9986717  12.9986717
34.1600000  12.9987436  12.9987436
34.1700000  12.9988156  12.9988156
34.1800000  12.9988878  12.9988878
34.1900000  12.9989601  12.9989601
34.2000000  12.9990325  12.9990325
34.2100000  12.9991050  12.9991050
34.2200000  12.9991775  12.9991775
34.2300000  12.9992501  12.9992501
34.2400000  12.9993226  12.9993226
34.2500000  12.9993952  12.9993952
34.2600000  12.9994677  12.9994677
34.2700000  12.9995402  12.9995402
34.2800000  12.9996125  12.9996125
34.2900000  12.9996848  12.9996848
34.3000000  12.9997569  12.9997569
34.3100000  12.9998289  12.9998289
34.3200000  12.9999007  12.9999007
34.3300000  12.9999723  12.9999723
34.3400000  13.0000437  13.0000437
34.3500000  13.0001149  13.0001149
34.3600000  13.0001857  13.0001857
34.3700000  13.0002563  13.0002563
34.3800000  13.0003266  13.0003266
34.3900000  13.0003966  13.0003966
34.4000000  13.0004661  13.0004661
34.4100000  13.0005354  13.0005354
34.4200000  13.0006042  13.0006042
34.4300000  13.0006726  13.0006726
34.4400000  13.0007406  13.0007406
34.4500000  13.0008081  13.0008081
34.4600000  13.0008751  13.0008751
34.4700000  13.0009417  13.0009417
34.4800000  13.0010077  13.0010077
34.4900000  13.0010732  13.0010732
34.5000000  13.0011381  13.0011381
34.5100000  13.0012025  13.0012025
34.5200000  13.0012663  13.0012663
34.5300000  13.0013294  13.0013294
34.5400000  13.0013920  13.0013920
34.5500000  13.0014538  13.0014538
34.5600000  13.0015150  13.0015150
34.5700000  13.0015756  13.0015756
34.5800000  13.0016354  13.0016354
34.5900000  13.0016945  13.0016945
34.6000000  13.0017529  13.0017529
34.6100000  13.0018105  13.0018105
34.6200000  13.0018674  13.0018674
34.6300000  13.0019234  13.0019234
34.6400000  13.0019787  13.0019787
34.6500000  13.0020332  13.0020332
34.6600000  13.0020868  13.0020868
34.6700000  13.0021396  13.0021396
34.6800000  13.0021915  13.0021915
34.6900000  13.0022426  13.0022426
34.7000000  13.0022927  13.0022927
34.7100000  13.0023420  13.0023420
34.7200000  13.0023904  13.0023904
34.7300000  13.0024378  13.0024378
34.7400000  13.0024843  13.0024843
34.7500000  13.0025299  13.0025299
34.7600000  13.0025745  13.0025745
34.7700000  13.0026181  13.0026181
34.7800000  13.0026608  13.0026608
34.7900000  13.0027024  13.0027024
34.8000000  13.0027431  13.0027431
34.8100000  13.0027827  13.0027827
34.8200000  13.0028213  13.0028213
34.8300000  13.0028589  13.0028589
34.8400000  13.0028954  13.0028954
34.8500000  13.0029309  13.0029309
34.8600000  13.0029654  13.0029654
34.8700000  13.0029987  13.0029987
34.8800000  13.0030310  13.0030310
34.8900000  13.0030623  13.0030623
34.9000000  13.0030924  13.0030924
34.9100000  13.0031215  13.0031215
34.9200000  13.0031494  13.0031494
34.9300000  13.0031763  13.0031763
34.9400000  13.0032020  13.0032020
34.9500000  13.0032266  13.0032266
34.9600000  13.0032501  13.0032501
34.9700000  13.0032725  13.0032725
34.9800000  13.0032938  13.0032938
34.9900000  13.0033140  13.0033140
35.0000000  13.0033330  13.0033330
35.0100000  13.0033509  13.0033509
35.0200000  13.0033676  13.0033676
35.0300000  13.0033832  13.0033832
35.0400000  13.0033977  13.0033977
35.0500000  13.0034110  13.0034110
35.0600000  13.0034232  13.0034232
35.0700000  13.0034343  13.0034343
35.0800000  13.0034442  13.0034442
35.0900000  13.0034529  13.0034529
35.1000000  13.0034606  13.0034606
35.1100000  13.0034671  13.0034671
35.1200000  13.0034725  13.0034725
35.1300000  13.0034767  13.0034767
35.1400000  13.0034798  13.0034798
35.1500000  13.0034818  13.0034818
35.1600000  13.0034826  13.0034826
35.1700000  13.0034823  13.0034823
35.1800000  13.0034809  13.0034809
35.1900000  13.0034784  13.0034784
35.2000000  13.0034748  13.0034748
35.2100000  13.0034701  13.0034701
35.2200000  13.0034643  13.0034643
35.2300000  13.0034573  13.0034573
35.2400000  13.0034493  13.0034493
35.2500000  13.0034402  13.0034402
35.2600000  13.0034301  13.0034301
35.2700000  13.0034188  13.0034188
35.2800000  13.0034065  13.0034065
35.2900000  13.0033932  13.0033932
35.3000000  13.0033788  13.0033788
35.3100000  13.0033633  13.0033633
35.3200000  13.0033468  13.0033468
35.3300000  13.0033293  13.0033293
35.3400000  13.0033108  13.0033108
35.3500000  13.0032913  13.0032913
35.3600000  13.0032708  13.0032708
35.3700000  13.0032493  13.0032493
35.3800000  13.0032268  13.0032268
35.3900000  13.0032034  13.0032034
35.4000000  13.0031790  13.0031790
35.4100000  13.0031536  13.0031536
35.4200000  13.0031274  13.0031274
35.4300000  13.0031002  13.0031002
35.4400000  13.0030721  13.0030721
35.4500000  13.0030431  13.0030431
35.4600000  13.0030132  13.0030132
35.4700000  13.0029825  13.0029825
35.4800000  13.0029508  13.0029508
35.4900000  13.0029184  13.0029184
35.5000000  13.0028851  13.0028851
35.5100000  13.0028510  13.0028510
35.5200000  13.0028160  13.0028160
35.5300000  13.0027803  13.0027803
35.5400000  13.0027438  13.0027438
35.5500000  13.0027066  13.0027066
35.5600000  13.0026686  13.0026686
35.5700000  13.0026298  13.0026298
35.5800000  13.0025904  13.0025904
35.5900000  13.0025502  13.0025502
35.6000000  13.0025093  13.0025093
35.6100000  13.0024678  13.0024678
35.6200000  13.0024256  13.0024256
35.6300000  13.0023827  13.0023827
35.6400000  13.0023393  13.0023393
35.6500000  13.0022952  13.0022952
35.6600000  13.0022505  13.0022505
35.6700000  13.0022053  13.0022053
35.6800000  13.0021594  13.0021594
35.6900000  13.0021131  13.0021131
35.7000000  13.0020662  13.0020662
35.7100000  13.0020188  13.0020188
35.7200000  13.0019708  13.0019708
35.7300000  13.0019225  13.0019225
35.7400000  13.0018736  13.0018736
35.7500000  13.0018243  13.0018243
35.7600000  13.0017746  13.0017746
35.7700000  13.0017245  13.0017245
35.7800000  13.0016739  13.0016739
35.7900000  13.0016230  13.0016230
35.8000000  13.0015718  13.0015718
35.8100000  13.0015202  13.0015202
35.8200000  13.0014682  13.0014682
35.8300000  13.0014160  13.0014160
35.8400000  13.0013635  13.0013635
35.8500000  13.0013107  13.0013107
35.8600000  13.0012577  13.0012577
35.8700000  13.0012044  13.0012044
35.8800000  13.0011509  13.0011509
35.8900000  13.0010972  13.0010972
35.9000000  13.0010434  13.0010434
35.9100000  13.0009893  13.0009893
35.9200000  13.0009352  13.0009352
35.9300000  13.0008809  13.0008809
35.9400000  13.0008264  13.0008264
35.9500000  13.0007719  13.0007719
35.9600000  13.0007174  13.0007174
35.9700000  13.0006627  13.0006627
35.9800000  13.0006081  13.0006081
35.9900000  13.0005534  13.0005534
36.0000000  13.0004987  13.0004987
36.0100000  13.0004440  13.0004440
36.0200000  13.0003894  13.0003894
36.0300000  13.0003348  13.0003348
36.0400000  13.0002803  13.0002803
36.0500000  13.0002259  13.0002259
36.0600000  13.0001715  13.0001715
36.0700000  13.0001173  13.0001173
36.0800000  13.0000632  13.0000632
36.0900000  13.0000093  13.0000093
36.1000000  12.9999556  12.9999556
36.1100000  12.9999020  12.9999020
36.1200000  12.9998486  12.9998486
36.1300000  12.9997955  12.9997955
36.1400000  12.9997426  12.9997426
36.1500000  12.9996899  12.9996899
36.1600000  12.9996376  12.9996376
36.1700000  12.9995855  12.9995855
36.1800000  12.9995337  12.9995337
36.1900000  12.9994822  12.9994822
36.2000000  12.9994310  12.9994310
36.2100000  12.9993802  12.9993802
36.2200000  12.9993298  12.9993298
36.2300000  12.9992797  12.9992797
36.2400000  12.9992301  12.9992301
36.2500000  12.9991808  12.9991808
36.2600000  12.9991320  12.9991320
36.2700000  12.9990836  12.9990836
36.2800000  12.9990356  12.9990356
36.2900000  12.9989881  12.9989881
36.3000000  12.9989411  12.9989411
36.3100000  12.9988946  12.9988946
36.3200000  12.9988486  12.9988486
36.3300000  12.9988031  12.9988031
36.3400000  12.9987581  12.9987581
36.3500000  12.9987137  12.9987137
36.3600000  12.9986698  12.9986698
36.3700000  12.9986265  12.9986265
36.3800000  12.9985838  12.9985838
36.3900000  12.9985417  12.9985417
36.4000000  12.9985001  12.9985001
36.4100000  12.9984592  12.9984592
36.4200000  12.9984190  12.9984190
36.4300000  12.9983793  12.9983793
36.4400000  12.9983403  12.9983403
36.4500000  12.9983020  12.9983020
36.4600000  12.9982643  12.9982643
36.4700000  12.9982273  12.9982273
36.4800000  12.9981911  12.9981911
36.4900000  12.9981555  12.9981555
36.5000000  12.9981206  12.9981206
36.5100000  12.9980864  12.9980864
36.5200000  12.9980529  12.9980529
36.5300000  12.9980202  12.9980202
36.5400000  12.9979882  12.9979882
36.5500000  12.9979570  12.9979570
36.5600000  12.9979266  12.9979266
36.5700000  12.9978968  12.9978968
36.5800000  12.9978679  12.9978679
36.5900000  12.9978398  12.9978398
36.6000000  12.9978124  12.9978124
36.6100000  12.9977858  12.9977858
36.6200000  12.9977600  12.9977600
36.6300000  12.9977351  12.9977351
36.6400000  12.9977109  12.9977109
36.6500000  12.9976875  12.9976875
36.6600000  12.9976650  12.9976650
36.6700000  12.9976433  12.9976433
36.6800000  12.9976224  12.9976224
36.6900000  12.9976023  12.9976023
36.7000000  12.9975831  12.9975831
36.7100000  12.9975647  12.9975647
36.7200000  12.9975472  12.9975472
36.7300000  12.9975305  12.9975305
36.7400000  12.9975147  12.9975147
36.7500000  12.9974997  12.9974997
36.7600000  12.9974855  12.9974855
36.7700000  12.9974722  12.9974722
36.7800000  12.9974598  12.9974598
36.7900000  12.9974482  12.9974482
36.8000000  12.9974375  12.9974375
36.8100000  12.9974276  12.9974276
36.8200000  12.9974186  12.9974186
36.8300000  12.9974105  12.9974105
36.8400000  12.9974032  12.9974032
36.8500000  12.9973967  12.9973967
36.8600000  12.9973912  12.9973912
36.8700000  12.9973865  12.9973865
36.8800000  12.9973826  12.9973826
36.8900000  12.9973796  12.9973796
36.9000000  12.9973774  12.9973774
36.9100000  12.9973761  12.9973761
36.9200000  12.9973757  12.9973757
36.9300000  12.9973761  12.9973761
36.9400000  12.9973773  12.9973773
36.9500000  12.9973794  12.9973794
36.9600000  12.9973823  12.9973823
36.9700000  12.9973860  12.9973860
36.9800000  12.9973906  12.9973906
36.9900000  12.9973959  12.9973959
37.0000000  12.9974022  12.9974022
37.0100000  12.9974092  12.9974092
37.0200000  12.9974170  12.9974170
37.0300000  12.9974257  12.9974257
37.0400000  12.9974351  12.9974351
37.0500000  12.9974453  12.9974453
37.0600000  12.9974563  12.9974563
37.0700000  12.9974682  12.9974682
37.0800000  12.9974807  12.9974807
37.0900000  12.9974941  12.9974941
37.1000000  12.9975082  12.9975082
37.1100000  12.9975231  12.9975231
37.1200000  12.9975387  12.9975387
37.1300000  12.9975550  12.9975550
37.1400000  12.9975721  12.9975721
37.1500000  12.9975899  12.9975899
37.1600000  12.9976085  12.9976085
37.1700000  12.9976277  12.9976277
37.1800000  12.9976477  12.9976477
37.1900000  12.9976683  12.9976683
37.2000000  12.9976896  12.9976896
37.2100000  12.9977116  12.9977116
37.2200000  12.9977343  12.9977343
37.2300000  12.9977576  12.9977576
37.2400000  12.9977815  12.9977815
37.2500000  12.9978061  12.9978061
37.2600000  12.9978313  12.9978313
37.2700000  12.9978572  12.9978572
37.2800000  12.9978836  12.9978836
37.2900000  12.9979107  12.9979107
37.3000000  12.9979383  12.9979383
37.3100000  12.9979665  12.9979665
37.3200000  12.9979952  12.9979952
37.3300000  12.9980246  12.9980246
37.3400000  12.9980544  12.9980544
37.3500000  12.9980848  12.9980848
37.3600000  12.9981157  12.9981157
37.3700000  12.9981471  12.9981471
37.3800000  12.9981790  12.9981790
37.3900000  12.9982114  12.9982114
37.4000000  12.9982442  12.9982442
37.4100000  12.9982775  12.9982775
37.4200000  12.9983113  12.9983113
37.4300000  12.9983455  12.9983455
37.4400000  12.9983801  12.9983801
37.4500000  12.9984151  12.9984151
37.4600000  12.9984506  12.9984506
37.4700000  12.9984864  12.9984864
37.4800000  12.9985225  12.9985225
37.4900000  12.9985591  12.9985591
37.5000000  12.9985960  12.9985960
37.5100000  12.9986332  12.9986332
37.5200000  12.9986707  12.9986707
37.5300000  12.9987086  12.9987086
37.5400000  12.9987467  12.9987467
37.5500000  12.9987851  12.9987851
37.5600000  12.9988238  12.9988238
37.5700000  12.9988627  12.9988627
37.5800000  12.9989019  12.9989019
37.5900000  12.9989413  12.9989413
37.6000000  12.9989809  12.9989809
37.6100000  12.9990207  12.9990207
37.6200000  12.9990607  12.9990607
37.6300000  12.9991009  12.9991009
37.6400000  12.9991413  12.9991413
37.6500000  12.9991817  12.9991817
37.6600000  12.9992224  12.9992224
37.6700000  12.9992631  12.9992631
37.6800000  12.9993039  12.9993039
37.6900000  12.9993449  12.9993449
37.7000000  12.9993859  12.9993859
37.7100000  12.9994270  12.9994270
37.7200000  12.9994681  12.9994681
37.7300000  12.9995093  12.9995093
37.7400000  12.9995505  12.9995505
37.7500000  12.9995917  12.9995917
37.7600000  12.9996329  12.9996329
37.7700000  12.9996741  12.9996741
37.7800000  12.9997152  12.9997152
37.7900000  12.9997563  12.9997563
37.8000000  12.9997974  12.9997974
37.8100000  12.9998384  12.9998384
37.8200000  12.9998793  12.9998793
37.8300000  12.9999202  12.9999202
37.8400000  12.9999609  12.9999609
37.8500000  13.0000015  13.0000015
37.8600000  13.0000420  13.0000420
37.8700000  13.0000823  13.0000823
37.8800000  13.0001225  13.0001225
37.8900000  13.0001625  13.0001625
37.9000000  13.0002023  13.0002023
37.9100000  13.0002419  13.0002419
37.9200000  13.0002814  13.0002814
37.9300000  13.0003206  13.0003206
37.9400000  13.0003596  13.0003596
37.9500000  13.0003983  13.0003983
37.9600000  13.0004368  13.0004368
37.9700000  13.0004750  13.0004750
37.9800000  13.0005130  13.0005130
37.9900000  13.0005506  13.0005506
38.0000000  13.0005880  13.0005880
38.0100000  13.0006250  13.0006250
38.0200000  13.0006618  13.0006618
38.0300000  13.0006982  13.0006982
38.0400000  13.0007342  13.0007342
38.0500000  13.0007699  13.0007699
38.0600000  13.0008053  13.0008053
38.0700000  13.0008403  13.0008403
38.0800000  13.0008749  13.0008749
38.0900000  13.0009091  13.0009091
38.1000000  13.0009429  13.0009429
38.1100000  13.0009762  13.0009762
38.1200000  13.0010092  13.0010092
38.1300000  13.0010417  13.0010417
38.1400000  13.0010738  13.0010738
38.1500000  13.0011055  13.0011055
38.1600000  13.0011367  13.0011367
38.1700000  13.0011674  13.0011674
38.1800000  13.0011976  13.0011976
38.1900000  13.0012274  13.0012274
38.2000000  13.0012567  13.0012567
38.2100000  13.0012855  13.0012855
38.2200000  13.0013137  13.0013137
38.2300000  13.0013415  13.0013415
38.2400000  13.0013687  13.0013687
38.2500000  13.0013954  13.0013954
38.2600000  13.0014216  13.0014216
38.2700000  13.0014473  13.0014473
38.2800000  13.0014724  13.0014724
38.2900000  13.0014969  13.0014969
38.3000000  13.0015209  13.0015209
38.3100000  13.0015443  13.0015443
38.3200000  13.0015671  13.0015671
38.3300000  13.0015894  13.0015894
38.3400000  13.0016110  13.0016110
38.3500000  13.0016321  13.0016321
38.3600000  13.0016526  13.0016526
38.3700000  13.0016725  13.0016725
38.3800000  13.0016918  13.0016918
38.3900000  13.0017105  13.0017105
38.4000000  13.0017286  13.0017286
38.4100000  13.0017461  13.0017461
38.4200000  13.0017629  13.0017629
38.4300000  13.0017792  13.0017792
38.4400000  13.0017948  13.0017948
38.4500000  13.0018097  13.0018097
38.4600000  13.0018241  13.0018241
38.4700000  13.0018378  13.0018378
38.4800000  13.0018509  13.0018509
38.4900000  13.0018633  13.0018633
38.5000000  13.0018751  13.0018751
38.5100000  13.0018863  13.0018863
38.5200000  13.0018968  13.0018968
38.5300000  13.0019067  13.0019067
38.5400000  13.0019159  13.0019159
38.5500000  13.0019245  13.0019245
38.5600000  13.0019325  13.0019325
38.5700000  13.0019398  13.0019398
38.5800000  13.0019464  13.0019464
38.5900000  13.0019524  13.0019524
38.6000000  13.0019578  13.0019578
38.6100000  13.0019625  13.0019625
38.6200000  13.0019665  13.0019665
38.6300000  13.0019700  13.0019700
38.6400000  13.0019727  13.0019727
38.6500000  13.0019749  13.0019749
38.6600000  13.0019763  13.0019763
38.6700000  13.0019772  13.0019772
38.6800000  13.0019774  13.0019774
38.6900000  13.0019770  13.0019770
38.7000000  13.0019759  13.0019759
38.7100000  13.0019742  13.0019742
38.7200000  13.0019719  13.0019719
38.7300000  13.0019689  13.0019689
38.7400000  13.0019654  13.0019654
38.7500000  13.0019612  13.0019612
38.7600000  13.0019564  13.0019564
38.7700000  13.0019510  13.0019510
38.7800000  13.0019449  13.0019449
38.7900000  13.0019383  13.0019383
38.8000000  13.0019310  13.0019310
38.8100000  13.0019232  13.0019232
38.8200000  13.0019148  13.0019148
38.8300000  13.0019058  13.0019058
38.8400000  13.0018962  13.0018962
38.8500000  13.0018860  13.0018860
38.8600000  13.0018752  13.0018752
38.8700000  13.0018639  13.0018639
38.8800000  13.0018520  13.0018520
38.8900000  13.0018396  13.0018396
38.9000000  13.0018266  13.0018266
38.9100000  13.0018130  13.0018130
38.9200000  13.0017990  13.0017990
38.9300000  13.0017843  13.0017843
38.9400000  13.0017692  13.0017692
38.9500000  13.0017535  13.0017535
38.9600000  13.0017374  13.0017374
38.9700000  13.0017207  13.0017207
38.9800000  13.0017035  13.0017035
38.9900000  13.0016858  13.0016858
39.0000000  13.0016677  13.0016677
39.0100000  13.0016491  13.0016491
39.0200000  13.0016299  13.0016299
39.0300000  13.0016104  13.0016104
39.0400000  13.0015904  13.0015904
39.0500000  13.0015699  13.0015699
39.0600000  13.0015490  13.0015490
39.0700000  13.0015276  13.0015276
39.0800000  13.0015059  13.0015059
39.0900000  13.0014837  13.0014837
39.1000000  13.0014611  13.0014611
39.1100000  13.0014382  13.0014382
39.1200000  13.0014148  13.0014148
39.1300000  13.0013910  13.0013910
39.1400000  13.0013669  13.0013669
39.1500000  13.0013425  13.0013425
39.1600000  13.0013176  13.0013176
39.1700000  13.0012924  13.0012924
39.1800000  13.0012669  13.0012669
39.1900000  13.0012411  13.0012411
39.2000000  13.0012150  13.0012150
39.2100000  13.0011885  13.0011885
39.2200000  13.0011617  13.0011617
39.2300000  13.0011347  13.0011347
39.2400000  13.0011074  13.0011074
39.2500000  13.0010798  13.0010798
39.2600000  13.0010520  13.0010520
39.2700000  13.0010239  13.0010239
39.2800000  13.0009955  13.0009955
39.2900000  13.0009670  13.0009670
39.3000000  13.0009382  13.0009382
39.3100000  13.0009092  13.0009092
39.3200000  13.0008800  13.0008800
39.3300000  13.0008506  13.0008506
39.3400000  13.0008211  13.0008211
39.3500000  13.0007913  13.0007913
39.3600000  13.0007615  13.0007615
39.3700000  13.0007314  13.0007314
39.3800000  13.0007012  13.0007012
39.3900000  13.0006709  13.0006709
39.4000000  13.0006405  13.0006405
39.4100000  13.0006100  13.0006100
39.4200000  13.0005794  13.0005794
39.4300000  13.0005487  13.0005487
39.4400000  13.0005179  13.0005179
39.4500000  13.0004870  13.0004870
39.4600000  13.0004561  13.0004561
39.4700000  13.0004251  13.0004251
39.4800000  13.0003941  13.0003941
39.4900000  13.0003631  13.0003631
39.5000000  13.0003321  13.0003321
39.5100000  13.0003010  13.0003010
39.5200000  13.0002700  13.0002700
39.5300000  13.0002389  13.0002389
39.5400000  13.0002079  13.0002079
39.5500000  13.0001769  13.0001769
39.5600000  13.0001460  13.0001460
39.5700000  13.0001151  13.0001151
39.5800000  13.0000843  13.0000843
39.5900000  13.0000535  13.0000535
39.6000000  13.0000229  13.0000229
39.6100000  12.9999923  12.9999923
39.6200000  12.9999618  12.9999618
39.6300000  12.9999315  12.9999315
39.6400000  12.9999012  12.9999012
39.6500000  12.9998711  12.9998711
39.6600000  12.9998411  12.9998411
39.6700000  12.9998113  12.9998113
39.6800000  12.9997816  12.9997816
39.6900000  12.9997521  12.9997521
39.7000000  12.9997228  12.9997228
39.7100000  12.9996936  12.9996936
39.7200000  12.9996646  12.9996646
39.7300000  12.9996359  12.9996359
39.7400000  12.9996073  12.9996073
39.7500000  12.9995790  12.9995790
39.7600000  12.9995509  12.9995509
39.7700000  12.9995230  12.9995230
39.7800000  12.9994954  12.9994954
39.7900000  12.9994680  12.9994680
39.8000000  12.9994409  12.9994409
39.8100000  12.9994141  12.9994141
39.8200000  12.9993875  12.9993875
39.8300000  12.9993612  12.9993612
39.8400000  12.9993352  12.9993352
39.8500000  12.9993095  12.9993095
39.8600000  12.9992841  12.9992841
39.8700000  12.9992590  12.9992590
39.8800000  12.9992342  12.9992342
39.8900000  12.9992098  12.9992098
39.9000000  12.9991857  12.9991857
39.9100000  12.9991619  12.9991619
39.9200000  12.9991385  12.9991385
39.9300000  12.9991154  12.9991154
39.9400000  12.9990927  12.9990927
39.9500000  12.9990703  12.9990703
39.9600000  12.9990483  12.9990483
39.9700000  12.9990267  12.9990267
39.9800000  12.9990055  12.9990055
39.9900000  12.9989847  12.9989847
40.0000000  12.9989642  12.9989642
40.0100000  12.9989442  12.9989442
40.0200000  12.9989245  12.9989245
40.0300000  12.9989053  12.9989053
40.0400000  12.9988865  12.9988865
40.0500000  12.9988681  12.9988681
40.0600000  12.9988501  12.9988501
40.0700000  12.9988326  12.9988326
40.0800000  12.9988155  12.9988155
40.0900000  12.9987988  12.9987988
40.1000000  12.9987825  12.9987825
40.1100000  12.9987667  12.9987667
40.1200000  12.9987514  12.9987514
40.1300000  12.9987365  12.9987365
40.1400000  12.9987221  12.9987221
40.1500000  12.9987081  12.9987081
40.1600000  12.9986945  12.9986945
40.1700000  12.9986815  12.9986815
40.1800000  12.9986689  12.9986689
40.1900000  12.9986567  12.9986567
40.2000000  12.9986451  12.9986451
40.2100000  12.9986339  12.9986339
40.2200000  12.9986232  12.9986232
40.2300000  12.9986130  12.9986130
40.2400000  12.9986032  12.9986032
40.2500000  12.9985939  12.9985939
40.2600000  12.9985851  12.9985851
40.2700000  12.9985768  12.9985768
40.2800000  12.9985690  12.9985690
40.2900000  12.9985617  12.9985617
40.3000000  12.9985548  12.9985548
40.3100000  12.9985484  12.9985484
40.3200000  12.9985425  12.9985425
40.3300000  12.9985372  12.9985372
40.3400000  12.9985322  12.9985322
40.3500000  12.9985278  12.9985278
40.3600000  12.9985239  12.9985239
40.3700000  12.9985205  12.9985205
40.3800000  12.9985175  12.9985175
40.3900000  12.9985150  12.9985150
40.4000000  12.9985130  12.9985130
40.4100000  12.9985115  12.9985115
40.4200000  12.9985105  12.9985105
40.4300000  12.9985100  12.9985100
40.4400000  12.9985099  12.9985099
40.4500000  12.9985103  12.9985103
40.4600000  12.9985112  12.9985112
40.4700000  12.9985126  12.9985126
40.4800000  12.9985145  12.9985145
40.4900000  12.9985168  12.9985168
40.5000000  12.9985196  12.9985196
40.5100000  12.9985228  12.9985228
40.5200000  12.9985266  12.9985266
40.5300000  12.9985308  12.9985308
40.5400000  12.9985354  12.9985354
40.5500000  12.9985405  12.9985405
40.5600000  12.9985460  12.9985460
40.5700000  12.9985520  12.9985520
40.5800000  12.9985585  12.9985585
40.5900000  12.9985654  12.9985654
40.6000000  12.9985727  12.9985727
40.6100000  12.9985805  12.9985805
40.6200000  12.9985887  12.9985887
40.6300000  12.9985973  12.9985973
40.6400000  12.9986063  12.9986063
40.6500000  12.9986158  12.9986158
40.6600000  12.9986257  12.9986257
40.6700000  12.9986360  12.9986360
40.6800000  12.9986467  12.9986467
40.6900000  12.9986578  12.9986578
40.7000000  12.9986693  12.9986693
40.7100000  12.9986811  12.9986811
40.7200000  12.9986934  12.9986934
40.7300000  12.9987060  12.9987060
40.7400000  12.9987191  12.9987191
40.7500000  12.9987325  12.9987325
40.7600000  12.9987462  12.9987462
40.7700000  12.9987603  12.9987603
40.7800000  12.9987748  12.9987748
40.7900000  12.9987896  12.9987896
40.8000000  12.9988048  12.9988048
40.8100000  12.9988203  12.9988203
40.8200000  12.9988361  12.9988361
40.8300000  12.9988522  12.9988522
40.8400000  12.9988687  12.9988687
40.8500000  12.9988855  12.9988855
40.8600000  12.9989026  12.9989026
40.8700000  12.9989199  12.9989199
40.8800000  12.9989376  12.9989376
40.8900000  12.9989556  12.9989556
40.9000000  12.9989738  12.9989738
40.9100000  12.9989923  12.9989923
40.9200000  12.9990111  12.9990111
40.9300000  12.9990301  12.9990301
40.9400000  12.9990494  12.9990494
40.9500000  12.9990689  12.9990689
40.9600000  12.9990886  12.9990886
40.9700000  12.9991086  12.9991086
40.9800000  12.9991288  12.9991288
40.9900000  12.9991492  12.9991492
41.0000000  12.9991699  12.9991699
41.0100000  12.9991907  12.9991907
41.0200000  12.9992117  12.9992117
41.0300000  12.9992329  12.9992329
41.0400000  12.9992543  12.9992543
41.0500000  12.9992759  12.9992759
41.0600000  12.9992976  12.9992976
41.0700000  12.9993195  12.9993195
41.0800000  12.9993415  12.9993415
41.0900000  12.9993637  12.9993637
41.1000000  12.9993860  12.9993860
41.1100000  12.9994084  12.9994084
41.1200000  12.9994309  12.9994309
41.1300000  12.9994536  12.9994536
41.1400000  12.9994763  12.9994763
41.1500000  12.9994992  12.9994992
41.1600000  12.9995221  12.9995221
41.1700000  12.9995452  12.9995452
41.1800000  12.9995683  12.9995683
41.1900000  12.9995914  12.9995914
41.2000000  12.9996146  12.9996146
41.2100000  12.9996379  12.9996379
41.2200000  12.9996612  12.9996612
41.2300000  12.9996845  12.9996845
41.2400000  12.9997079  12.9997079
41.2500000  12.9997313  12.9997313
41.2600000  12.9997547  12.9997547
41.2700000  12.9997781  12.9997781
41.2800000  12.9998015  12.9998015
41.2900000  12.9998248  12.9998248
41.3000000  12.9998482  12.9998482
41.3100000  12.9998715  12.9998715
41.3200000  12.9998948  12.9998948
41.3300000  12.9999181  12.9999181
41.3400000  12.9999413  12.9999413
41.3500000  12.9999645  12.9999645
41.3600000  12.9999876  12.9999876
41.3700000  13.0000106  13.0000106
41.3800000  13.0000335  13.0000335
41.3900000  13.0000564  13.0000564
41.4000000  13.0000792  13.0000792
41.4100000  13.0001019  13.0001019
41.4200000  13.0001244  13.0001244
41.4300000  13.0001469  13.0001469
41.4400000  13.0001692  13.0001692
41.4500000  13.0001914  13.0001914
41.4600000  13.0002135  13.0002135
41.4700000  13.0002354  13.0002354
41.4800000  13.0002572  13.0002572
41.4900000  13.0002789  13.0002789
41.5000000  13.0003003  13.0003003
41.5100000  13.0003217  13.0003217
41.5200000  13.0003428  13.0003428
41.5300000  13.0003638  13.0003638
41.5400000  13.0003845  13.0003845
41.5500000  13.0004051  13.0004051
41.5600000  13.0004255  13.0004255
41.5700000  13.0004457  13.0004457
41.5800000  13.0004657  13.0004657
41.5900000  13.0004854  13.0004854
41.6000000  13.0005050  13.0005050
41.6100000  13.0005243  13.0005243
41.6200000  13.0005434  13.0005434
41.6300000  13.0005623  13.0005623
41.6400000  13.0005809  13.0005809
41.6500000  13.0005992  13.0005992
41.6600000  13.0006174  13.0006174
41.6700000  13.0006352  13.0006352
41.6800000  13.0006528  13.0006528
41.6900000  13.0006701  13.0006701
41.7000000  13.0006872  13.0006872
41.7100000  13.0007040  13.0007040
41.7200000  13.0007205  13.0007205
41.7300000  13.0007367  13.0007367
41.7400000  13.0007526  13.0007526
41.7500000  13.0007683  13.0007683
41.7600000  13.0007836  13.0007836
41.7700000  13.0007987  13.0007987
41.7800000  13.0008134  13.0008134
41.7900000  13.0008278  13.0008278
41.8000000  13.0008419  13.0008419
41.8100000  13.0008557  13.0008557
41.8200000  13.0008692  13.0008692
41.8300000  13.0008824  13.0008824
41.8400000  13.0008952  13.0008952
41.8500000  13.0009077  13.0009077
41.8600000  13.0009198  13.0009198
41.8700000  13.0009317  13.0009317
41.8800000  13.0009432  13.0009432
41.8900000  13.0009543  13.0009543
41.9000000  13.0009651  13.0009651
41.9100000  13.0009756  13.0009756
41.9200000  13.0009857  13.0009857
41.9300000  13.0009955  13.0009955
41.9400000  13.0010049  13.0010049
41.9500000  13.0010140  13.0010140
41.9600000  13.0010227  13.0010227
41.9700000  13.0010310  13.0010310
41.9800000  13.0010390  13.0010390
41.9900000  13.0010467  13.0010467
42.0000000  13.0010539  13.0010539
42.0100000  13.0010609  13.0010609
42.0200000  13.0010674  13.0010674
42.0300000  13.0010736  13.0010736
42.0400000  13.0010794  13.0010794
42.0500000  13.0010849  13.0010849
42.0600000  13.0010900  13.0010900
42.0700000  13.0010947  13.0010947
42.0800000  13.0010990  13.0010990
42.0900000  13.0011030  13.0011030
42.1000000  13.0011066  13.0011066
42.1100000  13.0011099  13.0011099
42.1200000  13.0011128  13.0011128
42.1300000  13.0011153  13.0011153
42.1400000  13.0011174  13.0011174
42.1500000  13.0011192  13.0011192
42.1600000  13.0011206  13.0011206
42.1700000  13.0011217  13.0011217
42.1800000  13.0011224  13.0011224
42.1900000  13.0011227  13.0011227
42.2000000  13.0011227  13.0011227
42.2100000  13.0011223  13.0011223
42.2200000  13.0011215  13.0011215
42.2300000  13.0011204  13.0011204
42.2400000  13.0011189  13.0011189
42.2500000  13.0011171  13.0011171
42.2600000  13.0011149  13.0011149
42.2700000  13.0011124  13.0011124
42.2800000  13.0011095  13.0011095
42.2900000  13.0011063  13.0011063
42.3000000  13.0011027  13.0011027
42.3100000  13.0010988  13.0010988
42.3200000  13.0010946  13.0010946
42.3300000  13.0010900  13.0010900
42.3400000  13.0010850  13.0010850
42.3500000  13.0010798  13.0010798
42.3600000  13.0010742  13.0010742
42.3700000  13.0010683  13.0010683
42.3800000  13.0010620  13.0010620
42.3900000  13.0010555  13.0010555
42.4000000  13.0010486  13.0010486
42.4100000  13.0010414  13.0010414
42.4200000  13.0010339  13.0010339
42.4300000  13.0010261  13.0010261
42.4400000  13.0010179  13.0010179
42.4500000  13.0010095  13.0010095
42.4600000  13.0010008  13.0010008
42.4700000  13.0009918  13.0009918
42.4800000  13.0009825  13.0009825
42.4900000  13.0009729  13.0009729
42.5000000  13.0009630  13.0009630
42.5100000  13.0009528  13.0009528
42.5200000  13.0009424  13.0009424
42.5300000  13.0009317  13.0009317
42.5400000  13.0009208  13.0009208
42.5500000  13.0009096  13.0009096
42.5600000  13.0008981  13.0008981
42.5700000  13.0008863  13.0008863
42.5800000  13.0008744  13.0008744
42.5900000  13.0008622  13.0008622
42.6000000  13.0008497  13.0008497
42.6100000  13.0008370  13.0008370
42.6200000  13.0008241  13.0008241
42.6300000  13.0008110  13.0008110
42.6400000  13.0007976  13.0007976
42.6500000  13.0007840  13.0007840
42.6600000  13.0007702  13.0007702
42.6700000  13.0007563  13.0007563
42.6800000  13.0007421  13.0007421
42.6900000  13.0007277  13.0007277
42.7000000  13.0007131  13.0007131
42.7100000  13.0006984  13.0006984
42.7200000  13.0006835  13.0006835
42.7300000  13.0006684  13.0006684
42.7400000  13.0006531  13.0006531
42.7500000  13.0006377  13.0006377
42.7600000  13.0006221  13.0006221
42.7700000  13.0006064  13.0006064
42.7800000  13.0005905  13.0005905
42.7900000  13.0005745  13.0005745
42.8000000  13.0005584  13.0005584
42.8100000  13.0005421  13.0005421
42.8200000  13.0005257  13.0005257
42.8300000  13.0005092  13.0005092
42.8400000  13.0004926  13.0004926
42.8500000  13.0004758  13.0004758
42.8600000  13.0004590  13.0004590
42.8700000  13.0004421  13.0004421
42.8800000  13.0004251  13.0004251
42.8900000  13.0004080  13.0004080
42.9000000  13.0003908  13.0003908
42.9100000  13.0003736  13.0003736
42.9200000  13.0003563  13.0003563
42.9300000  13.0003390  13.0003390
42.9400000  13.0003215  13.0003215
42.9500000  13.0003041  13.0003041
42.9600000  13.0002866  13.0002866
42.9700000  13.0002690  13.0002690
42.9800000  13.0002515  13.0002515
42.9900000  13.0002339  13.0002339
43.0000000  13.0002163  13.0002163
43.0100000  13.0001987  13.0001987
43.0200000  13.0001810  13.0001810
43.0300000  13.0001634  13.0001634
43.0400000  13.0001458  13.0001458
43.0500000  13.0001282  13.0001282
43.06       13.0001106  13.0001106
43.07       13.0000930  13.0000930
43.08       13.0000754  13.0000754
43.0899999  13.0000579  13.0000579
43.0999999  13.0000404  13.0000404
43.1099999  13.0000230  13.0000230
43.1199999  13.0000056  13.0000056
43.1299999  12.9999882  12.9999882
43.1399999  12.9999710  12.9999710
43.1499999  12.9999538  12.9999538
43.1599999  12.9999366  12.9999366
43.1699999  12.9999195  12.9999195
43.1799999  12.9999026  12.9999026
43.1899999  12.9998857  12.9998857
43.1999999  12.9998688  12.9998688
43.2099999  12.9998521  12.9998521
43.2199999  12.9998355  12.9998355
43.2299999  12.9998190  12.9998190
43.2399999  12.9998026  12.9998026
43.2499999  12.9997863  12.9997863
43.2599999  12.9997702  12.9997702
43.2699999  12.9997541  12.9997541
43.2799999  12.9997382  12.9997382
43.2899999  12.9997225  12.9997225
43.2999999  12.9997069  12.9997069
43.3099999  12.9996914  12.9996914
43.3199999  12.9996760  12.9996760
43.3299999  12.9996609  12.9996609
43.3399999  12.9996458  12.9996458
43.3499999  12.9996310  12.9996310
43.3599999  12.9996163  12.9996163
43.3699999  12.9996018  12.9996018
43.3799999  12.9995874  12.9995874
43.3899999  12.9995732  12.9995732
43.3999999  12.9995593  12.9995593
43.4099999  12.9995455  12.9995455
43.4199999  12.9995318  12.9995318
43.4299999  12.9995184  12.9995184
43.4399999  12.9995052  12.9995052
43.4499999  12.9994922  12.9994922
43.4599999  12.9994794  12.9994794
43.4699999  12.9994668  12.9994668
43.4799999  12.9994544  12.9994544
43.4899999  12.9994422  12.9994422
43.4999999  12.9994303  12.9994303
43.5099999  12.9994185  12.9994185
43.5199999  12.9994070  12.9994070
43.5299999  12.9993957  12.9993957
43.5399999  12.9993847  12.9993847
43.5499999  12.9993739  12.9993739
43.5599999  12.9993633  12.9993633
43.5699999  12.9993529  12.9993529
43.5799999  12.9993428  12.9993428
43.5899999  12.9993330  12.9993330
43.5999999  12.9993233  12.9993233
43.6099999  12.9993140  12.9993140
43.6199999  12.9993049  12.9993049
43.6299999  12.9992960  12.9992960
43.6399999  12.9992874  12.9992874
43.6499999  12.9992791  12.9992791
43.6599999  12.9992710  12.9992710
43.6699999  12.9992631  12.9992631
43.6799999  12.9992556  12.9992556
43.6899999  12.9992483  12.9992483
43.6999999  12.9992412  12.9992412
43.7099999  12.9992344  12.9992344
43.7199999  12.9992279  12.9992279
43.7299999  12.9992217  12.9992217
43.7399999  12.9992157  12.9992157
43.7499999  12.9992100  12.9992100
43.7599999  12.9992046  12.9992046
43.7699999  12.9991995  12.9991995
43.7799999  12.9991946  12.9991946
43.7899999  12.9991900  12.9991900
43.7999999  12.9991857  12.9991857
43.8099999  12.9991816  12.9991816
43.8199999  12.9991778  12.9991778
43.8299999  12.9991743  12.9991743
43.8399999  12.9991711  12.9991711
43.8499999  12.9991682  12.9991682
43.8599999  12.9991655  12.9991655
43.8699999  12.9991631  12.9991631
43.8799999  12.9991610  12.9991610
43.8899999  12.9991591  12.9991591
43.8999999  12.9991576  12.9991576
43.9099999  12.9991563  12.9991563
43.9199999  12.9991553  12.9991553
43.9299999  12.9991546  12.9991546
43.9399999  12.9991541  12.9991541
43.9499999  12.9991539  12.9991539
43.9599999  12.9991540  12.9991540
43.9699999  12.9991543  12.9991543
43.9799999  12.9991550  12.9991550
43.9899999  12.9991559  12.9991559
43.9999999  12.9991570  12.9991570
44.0099999  12.9991585  12.9991585
44.0199999  12.9991602  12.9991602
44.0299999  12.9991621  12.9991621
44.0399999  12.9991643  12.9991643
44.0499999  12.9991668  12.9991668
44.0599999  12.9991696  12.9991696
44.0699999  12.9991726  12.9991726
44.0799999  12.9991758  12.9991758
44.0899999  12.9991794  12.9991794
44.0999999  12.9991831  12.9991831
44.1099999  12.9991871  12.9991871
44.1199999  12.9991914  12.9991914
44.1299999  12.9991959  12.9991959
44.1399999  12.9992007  12.9992007
44.1499999  12.9992057  12.9992057
44.1599999  12.9992109  12.9992109
44.1699999  12.9992164  12.9992164
44.1799999  12.9992221  12.9992221
44.1899999  12.9992280  12.9992280
44.1999999  12.9992342  12.9992342
44.2099999  12.9992406  12.9992406
44.2199999  12.9992472  12.9992472
44.2299999  12.9992541  12.9992541
44.2399999  12.9992611  12.9992611
44.2499999  12.9992684  12.9992684
44.2599999  12.9992759  12.9992759
44.2699999  12.9992836  12.9992836
44.2799999  12.9992915  12.9992915
44.2899999  12.9992996  12.9992996
44.2999999  12.9993079  12.9993079
44.3099999  12.9993164  12.9993164
44.3199999  12.9993251  12.9993251
44.3299999  12.9993339  12.9993339
44.3399999  12.9993430  12.9993430
44.3499999  12.9993522  12.9993522
44.3599999  12.9993617  12.9993617
44.3699999  12.9993713  12.9993713
44.3799999  12.9993810  12.9993810
44.3899999  12.9993910  12.9993910
44.3999999  12.9994011  12.9994011
44.4099999  12.9994113  12.9994113
44.4199999  12.9994217  12.9994217
44.4299999  12.9994323  12.9994323
44.4399999  12.9994430  12.9994430
44.4499999  12.9994539  12.9994539
44.4599999  12.9994649  12.9994649
44.4699999  12.9994760  12.9994760
44.4799999  12.9994873  12.9994873
44.4899999  12.9994987  12.9994987
44.4999999  12.9995102  12.9995102
44.5099999  12.9995219  12.9995219
44.5199999  12.9995336  12.9995336
44.5299999  12.9995455  12.9995455
44.5399999  12.9995575  12.9995575
44.5499999  12.9995696  12.9995696
44.5599999  12.9995818  12.9995818
44.5699999  12.9995941  12.9995941
44.5799999  12.9996064  12.9996064
44.5899999  12.9996189  12.9996189
44.5999999  12.9996314  12.9996314
44.6099999  12.9996440  12.9996440
44.6199999  12.9996567  12.9996567
44.6299999  12.9996695  12.9996695
44.6399999  12.9996823  12.9996823
44.6499999  12.9996952  12.9996952
44.6599999  12.9997082  12.9997082
44.6699999  12.9997212  12.9997212
44.6799999  12.9997342  12.9997342
44.6899999  12.9997473  12.9997473
44.6999999  12.9997604  12.9997604
44.7099999  12.9997736  12.9997736
44.7199999  12.9997868  12.9997868
44.7299999  12.9998000  12.9998000
44.7399999  12.9998132  12.9998132
44.7499999  12.9998265  12.9998265
44.7599999  12.9998398  12.9998398
44.7699999  12.9998530  12.9998530
44.7799999  12.9998663  12.9998663
44.7899999  12.9998796  12.9998796
44.7999999  12.9998929  12.9998929
44.8099999  12.9999062  12.9999062
44.8199999  12.9999194  12.9999194
44.8299999  12.9999327  12.9999327
44.8399999  12.9999459  12.9999459
44.8499999  12.9999591  12.9999591
44.8599999  12.9999723  12.9999723
44.8699999  12.9999854  12.9999854
44.8799999  12.9999985  12.9999985
44.8899999  13.0000115  13.0000115
44.8999999  13.0000245  13.0000245
44.9099999  13.0000375  13.0000375
44.9199999  13.0000504  13.0000504
44.9299999  13.0000633  13.0000633
44.9399999  13.0000760  13.0000760
44.9499999  13.0000888  13.0000888
44.9599999  13.0001014  13.0001014
44.9699999  13.0001140  13.0001140
44.9799999  13.0001265  13.0001265
44.9899999  13.0001389  13.0001389
44.9999999  13.0001513  13.0001513
45.0099999  13.0001635  13.0001635
45.0199999  13.0001757  13.0001757
45.0299999  13.0001877  13.0001877
45.0399999  13.0001997  13.0001997
45.0499999  13.0002115  13.0002115
45.0599999  13.0002233  13.0002233
45.0699999  13.0002349  13.0002349
45.0799999  13.0002465  13.0002465
45.0899999  13.0002579  13.0002579
45.0999999  13.0002692  13.0002692
45.1099999  13.0002803  13.0002803
45.1199999  13.0002914  13.0002914
45.1299999  13.0003023  13.0003023
45.1399999  13.0003131  13.0003131
45.1499999  13.0003237  13.0003237
45.1599999  13.0003342  13.0003342
45.1699999  13.0003446  13.0003446
45.1799999  13.0003548  13.0003548
45.1899999  13.0003649  13.0003649
45.1999999  13.0003748  13.0003748
45.2099999  13.0003846  13.0003846
45.2199999  13.0003942  13.0003942
45.2299999  13.0004037  13.0004037
45.2399999  13.0004130  13.0004130
45.2499999  13.0004221  13.0004221
45.2599999  13.0004311  13.0004311
45.2699999  13.0004399  13.0004399
45.2799999  13.0004486  13.0004486
45.2899999  13.0004570  13.0004570
45.2999999  13.0004653  13.0004653
45.3099999  13.0004734  13.0004734
45.3199999  13.0004814  13.0004814
45.3299999  13.0004891  13.0004891
45.3399999  13.0004967  13.0004967
45.3499999  13.0005041  13.0005041
45.3599999  13.0005113  13.0005113
45.3699999  13.0005183  13.0005183
45.3799999  13.0005251  13.0005251
45.3899999  13.0005318  13.0005318
45.3999999  13.0005382  13.0005382
45.4099999  13.0005445  13.0005445
45.4199999  13.0005505  13.0005505
45.4299999  13.0005564  13.0005564
45.4399999  13.0005621  13.0005621
45.4499999  13.0005675  13.0005675
45.4599999  13.0005728  13.0005728
45.4699999  13.0005778  13.0005778
45.4799999  13.0005827  13.0005827
45.4899999  13.0005874  13.0005874
45.4999999  13.0005918  13.0005918
45.5099999  13.0005961  13.0005961
45.5199999  13.0006001  13.0006001
45.5299999  13.0006039  13.0006039
45.5399999  13.0006076  13.0006076
45.5499999  13.0006110  13.0006110
45.5599999  13.0006142  13.0006142
45.5699999  13.0006172  13.0006172
45.5799999  13.0006200  13.0006200
45.5899999  13.0006226  13.0006226
45.5999999  13.0006250  13.0006250
45.6099999  13.0006272  13.0006272
45.6199999  13.0006291  13.0006291
45.6299999  13.0006309  13.0006309
45.6399999  13.0006324  13.0006324
45.6499999  13.0006338  13.0006338
45.6599999  13.0006349  13.0006349
45.6699999  13.0006358  13.0006358
45.6799999  13.0006366  13.0006366
45.6899999  13.0006371  13.0006371
45.6999999  13.0006374  13.0006374
45.7099999  13.0006375  13.0006375
45.7199999  13.0006374  13.0006374
45.7299999  13.0006371  13.0006371
45.7399999  13.0006365  13.0006365
45.7499999  13.0006358  13.0006358
45.7599999  13.0006349  13.0006349
45.7699999  13.0006338  13.0006338
45.7799999  13.0006325  13.0006325
45.7899999  13.0006309  13.0006309
45.7999999  13.0006292  13.0006292
45.8099999  13.0006273  13.0006273
45.8199999  13.0006252  13.0006252
45.8299999  13.0006229  13.0006229
45.8399999  13.0006204  13.0006204
45.8499999  13.0006177  13.0006177
45.8599999  13.0006148  13.0006148
45.8699999  13.0006118  13.0006118
45.8799999  13.0006085  13.0006085
45.8899999  13.0006051  13.0006051
45.8999999  13.0006014  13.0006014
45.9099999  13.0005976  13.0005976
45.9199999  13.0005936  13.0005936
45.9299999  13.0005895  13.0005895
45.9399999  13.0005851  13.0005851
45.9499999  13.0005806  13.0005806
45.9599999  13.0005759  13.0005759
45.9699999  13.0005711  13.0005711
45.9799999  13.0005661  13.0005661
45.9899999  13.0005609  13.0005609
45.9999999  13.0005555  13.0005555
46.0099999  13.0005500  13.0005500
46.0199999  13.0005443  13.0005443
46.0299999  13.0005385  13.0005385
46.0399999  13.0005325  13.0005325
46.0499999  13.0005264  13.0005264
46.0599999  13.0005201  13.0005201
46.0699999  13.0005137  13.0005137
46.0799999  13.0005071  13.0005071
46.0899999  13.0005004  13.0005004
46.0999999  13.0004935  13.0004935
46.1099999  13.0004865  13.0004865
46.1199999  13.0004794  13.0004794
46.1299999  13.0004721  13.0004721
46.1399999  13.0004647  13.0004647
46.1499999  13.0004572  13.0004572
46.1599999  13.0004496  13.0004496
46.1699999  13.0004418  13.0004418
46.1799999  13.0004340  13.0004340
46.1899999  13.0004260  13.0004260
46.1999999  13.0004179  13.0004179
46.2099999  13.0004097  13.0004097
46.2199999  13.0004014  13.0004014
46.2299999  13.0003929  13.0003929
46.2399999  13.0003844  13.0003844
46.2499999  13.0003758  13.0003758
46.2599999  13.0003671  13.0003671
46.2699999  13.0003583  13.0003583
46.2799999  13.0003494  13.0003494
46.2899999  13.0003405  13.0003405
46.2999999  13.0003314  13.0003314
46.3099999  13.0003223  13.0003223
46.3199999  13.0003131  13.0003131
46.3299999  13.0003038  13.0003038
46.3399999  13.0002945  13.0002945
46.3499999  13.0002851  13.0002851
46.3599999  13.0002756  13.0002756
46.3699999  13.0002661  13.0002661
46.3799999  13.0002565  13.0002565
46.3899999  13.0002469  13.0002469
46.3999999  13.0002372  13.0002372
46.4099999  13.0002275  13.0002275
46.4199999  13.0002177  13.0002177
46.4299999  13.0002079  13.0002079
46.4399999  13.0001981  13.0001981
46.4499999  13.0001882  13.0001882
46.4599999  13.0001783  13.0001783
46.4699999  13.0001684  13.0001684
46.4799999  13.0001585  13.0001585
46.4899999  13.0001485  13.0001485
46.4999999  13.0001385  13.0001385
46.5099999  13.0001285  13.0001285
46.5199999  13.0001185  13.0001185
46.5299999  13.0001085  13.0001085
46.5399999  13.0000985  13.0000985
46.5499999  13.0000885  13.0000885
46.5599999  13.0000785  13.0000785
46.5699999  13.0000685  13.0000685
46.5799999  13.0000585  13.0000585
46.5899999  13.0000485  13.0000485
46.5999999  13.0000386  13.0000386
46.6099999  13.0000286  13.0000286
46.6199999  13.0000187  13.0000187
46.6299999  13.0000088  13.0000088
46.6399999  12.9999990  12.9999990
46.6499999  12.9999891  12.9999891
46.6599999  12.9999793  12.9999793
46.6699999  12.9999696  12.9999696
46.6799999  12.9999599  12.9999599
46.6899999  12.9999502  12.9999502
46.6999999  12.9999406  12.9999406
46.7099999  12.9999310  12.9999310
46.7199999  12.9999215  12.9999215
46.7299999  12.9999120  12.9999120
46.7399999  12.9999026  12.9999026
46.7499999  12.9998933  12.9998933
46.7599999  12.9998840  12.9998840
46.7699999  12.9998748  12.9998748
46.7799999  12.9998656  12.9998656
46.7899999  12.9998565  12.9998565
46.7999999  12.9998475  12.9998475
46.8099999  12.9998386  12.9998386
46.8199999  12.9998298  12.9998298
46.8299999  12.9998210  12.9998210
46.8399999  12.9998124  12.9998124
46.8499999  12.9998038  12.9998038
46.8599999  12.9997953  12.9997953
46.8699999  12.9997869  12.9997869
46.8799999  12.9997786  12.9997786
46.8899999  12.9997704  12.9997704
46.8999999  12.9997623  12.9997623
46.9099999  12.9997543  12.9997543
46.9199999  12.9997464  12.9997464
46.9299999  12.9997386  12.9997386
46.9399999  12.9997309  12.9997309
46.9499999  12.9997233  12.9997233
46.9599999  12.9997159  12.9997159
46.9699999  12.9997085  12.9997085
46.9799999  12.9997013  12.9997013
46.9899999  12.9996942  12.9996942
46.9999999  12.9996872  12.9996872
47.0099999  12.9996804  12.9996804
47.0199999  12.9996736  12.9996736
47.0299999  12.9996670  12.9996670
47.0399999  12.9996605  12.9996605
47.0499999  12.9996542  12.9996542
47.0599999  12.9996480  12.9996480
47.0699999  12.9996419  12.9996419
47.0799999  12.9996359  12.9996359
47.0899999  12.9996301  12.9996301
47.0999999  12.9996244  12.9996244
47.1099999  12.9996189  12.9996189
47.1199999  12.9996135  12.9996135
47.1299999  12.9996082  12.9996082
47.1399999  12.9996031  12.9996031
47.1499999  12.9995982  12.9995982
47.1599999  12.9995933  12.9995933
47.1699999  12.9995887  12.9995887
47.1799999  12.9995841  12.9995841
47.1899999  12.9995797  12.9995797
47.1999999  12.9995755  12.9995755
47.2099999  12.9995714  12.9995714
47.2199999  12.9995675  12.9995675
47.2299999  12.9995637  12.9995637
47.2399999  12.9995601  12.9995601
47.2499999  12.9995566  12.9995566
47.2599999  12.9995533  12.9995533
47.2699999  12.9995501  12.9995501
47.2799999  12.9995471  12.9995471
47.2899999  12.9995442  12.9995442
47.2999999  12.9995415  12.9995415
47.3099999  12.9995390  12.9995390
47.3199999  12.9995366  12.9995366
47.3299999  12.9995344  12.9995344
47.3399999  12.9995323  12.9995323
47.3499999  12.9995304  12.9995304
47.3599999  12.9995286  12.9995286
47.3699999  12.9995270  12.9995270
47.3799999  12.9995256  12.9995256
47.3899999  12.9995243  12.9995243
47.3999999  12.9995231  12.9995231
47.4099999  12.9995221  12.9995221
47.4199999  12.9995213  12.9995213
47.4299999  12.9995207  12.9995207
47.4399999  12.9995202  12.9995202
47.4499999  12.9995198  12.9995198
47.4599999  12.9995196  12.9995196
47.4699999  12.9995196  12.9995196
47.4799999  12.9995197  12.9995197
47.4899999  12.9995199  12.9995199
47.4999999  12.9995204  12.9995204
47.5099999  12.9995209  12.9995209
47.5199999  12.9995217  12.9995217
47.5299999  12.9995225  12.9995225
47.5399999  12.9995236  12.9995236
47.5499999  12.9995248  12.9995248
47.5599999  12.9995261  12.9995261
47.5699999  12.9995276  12.9995276
47.5799999  12.9995292  12.9995292
47.5899999  12.9995309  12.9995309
47.5999999  12.9995329  12.9995329
47.6099999  12.9995349  12.9995349
47.6199999  12.9995371  12.9995371
47.6299999  12.9995395  12.9995395
47.6399999  12.9995419  12.9995419
47.6499999  12.9995446  12.9995446
47.6599999  12.9995473  12.9995473
47.6699999  12.9995502  12.9995502
47.6799999  12.9995532  12.9995532
47.6899999  12.9995564  12.9995564
47.6999999  12.9995597  12.9995597
47.7099999  12.9995631  12.9995631
47.7199999  12.9995667  12.9995667
47.7299999  12.9995704  12.9995704
47.7399999  12.9995742  12.9995742
47.7499999  12.9995781  12.9995781
47.7599999  12.9995822  12.9995822
47.7699999  12.9995864  12.9995864
47.7799999  12.9995907  12.9995907
47.7899999  12.9995951  12.9995951
47.7999999  12.9995996  12.9995996
47.8099999  12.9996043  12.9996043
47.8199999  12.9996090  12.9996090
47.8299999  12.9996139  12.9996139
47.8399999  12.9996189  12.9996189
47.8499999  12.9996240  12.9996240
47.8599999  12.9996291  12.9996291
47.8699999  12.9996344  12.9996344
47.8799999  12.9996398  12.9996398
47.8899999  12.9996453  12.9996453
47.8999999  12.9996509  12.9996509
47.9099999  12.9996566  12.9996566
47.9199999  12.9996624  12.9996624
47.9299999  12.9996682  12.9996682
47.9399999  12.9996742  12.9996742
47.9499999  12.9996802  12.9996802
47.9599999  12.9996863  12.9996863
47.9699999  12.9996925  12.9996925
47.9799999  12.9996988  12.9996988
47.9899999  12.9997052  12.9997052
47.9999999  12.9997116  12.9997116
48.0099999  12.9997181  12.9997181
48.0199999  12.9997247  12.9997247
48.0299999  12.9997313  12.9997313
48.0399999  12.9997380  12.9997380
48.0499999  12.9997448  12.9997448
48.0599999  12.9997516  12.9997516
48.0699999  12.9997585  12.9997585
48.0799999  12.9997655  12.9997655
48.0899999  12.9997725  12.9997725
48.0999999  12.9997795  12.9997795
48.1099999  12.9997866  12.9997866
48.1199999  12.9997937  12.9997937
48.1299999  12.9998009  12.9998009
48.1399999  12.9998081  12.9998081
48.1499999  12.9998154  12.9998154
48.1599999  12.9998227  12.9998227
48.1699999  12.9998300  12.9998300
48.1799999  12.9998374  12.9998374
48.1899999  12.9998448  12.9998448
48.1999999  12.9998522  12.9998522
48.2099999  12.9998597  12.9998597
48.2199999  12.9998671  12.9998671
48.2299999  12.9998746  12.9998746
48.2399999  12.9998821  12.9998821
48.2499999  12.9998896  12.9998896
48.2599999  12.9998971  12.9998971
48.2699999  12.9999047  12.9999047
48.2799999  12.9999122  12.9999122
48.2899999  12.9999197  12.9999197
48.2999999  12.9999273  12.9999273
48.3099999  12.9999348  12.9999348
48.3199999  12.9999424  12.9999424
48.3299999  12.9999499  12.9999499
48.3399999  12.9999574  12.9999574
48.3499999  12.9999649  12.9999649
48.3599999  12.9999724  12.9999724
48.3699999  12.9999799  12.9999799
48.3799999  12.9999874  12.9999874
48.3899999  12.9999948  12.9999948
48.3999999  13.0000023  13.0000023
48.4099999  13.0000097  13.0000097
48.4199999  13.0000170  13.0000170
48.4299999  13.0000244  13.0000244
48.4399999  13.0000317  13.0000317
48.4499999  13.0000390  13.0000390
48.4599999  13.0000462  13.0000462
48.4699999  13.0000534  13.0000534
48.4799999  13.0000606  13.0000606
48.4899999  13.0000677  13.0000677
48.4999999  13.0000748  13.0000748
48.5099999  13.0000818  13.0000818
48.5199999  13.0000888  13.0000888
48.5299999  13.0000958  13.0000958
48.5399999  13.0001026  13.0001026
48.5499999  13.0001095  13.0001095
48.5599999  13.0001162  13.0001162
48.5699999  13.0001229  13.0001229
48.5799999  13.0001296  13.0001296
48.5899999  13.0001362  13.0001362
48.5999999  13.0001427  13.0001427
48.6099999  13.0001491  13.0001491
48.6199999  13.0001555  13.0001555
48.6299999  13.0001618  13.0001618
48.6399999  13.0001681  13.0001681
48.6499999  13.0001742  13.0001742
48.6599999  13.0001803  13.0001803
48.6699999  13.0001863  13.0001863
48.6799999  13.0001923  13.0001923
48.6899999  13.0001981  13.0001981
48.6999999  13.0002039  13.0002039
48.7099999  13.0002096  13.0002096
48.7199999  13.0002152  13.0002152
48.7299999  13.0002207  13.0002207
48.7399999  13.0002261  13.0002261
48.7499999  13.0002315  13.0002315
48.7599999  13.0002367  13.0002367
48.7699999  13.0002418  13.0002418
48.7799999  13.0002469  13.0002469
48.7899999  13.0002519  13.0002519
48.7999999  13.0002567  13.0002567
48.8099999  13.0002615  13.0002615
48.8199999  13.0002662  13.0002662
48.8299999  13.0002707  13.0002707
48.8399999  13.0002752  13.0002752
48.8499999  13.0002795  13.0002795
48.8599999  13.0002838  13.0002838
48.8699999  13.0002880  13.0002880
48.8799999  13.0002920  13.0002920
48.8899999  13.0002959  13.0002959
48.8999999  13.0002998  13.0002998
48.9099999  13.0003035  13.0003035
48.9199999  13.0003071  13.0003071
48.9299999  13.0003106  13.0003106
48.9399999  13.0003140  13.0003140
48.9499999  13.0003173  13.0003173
48.9599999  13.0003204  13.0003204
48.9699999  13.0003235  13.0003235
48.9799999  13.0003264  13.0003264
48.9899999  13.0003293  13.0003293
48.9999999  13.0003320  13.0003320
49.0099999  13.0003346  13.0003346
49.0199999  13.0003370  13.0003370
49.0299999  13.0003394  13.0003394
49.0399999  13.0003417  13.0003417
49.0499999  13.0003438  13.0003438
49.0599999  13.0003458  13.0003458
49.0699999  13.0003477  13.0003477
49.0799999  13.0003495  13.0003495
49.0899999  13.0003511  13.0003511
49.0999999  13.0003527  13.0003527
49.1099999  13.0003541  13.0003541
49.1199999  13.0003554  13.0003554
49.1299999  13.0003566  13.0003566
49.1399999  13.0003576  13.0003576
49.1499999  13.0003586  13.0003586
49.1599999  13.0003594  13.0003594
49.1699999  13.0003601  13.0003601
49.1799999  13.0003607  13.0003607
49.1899999  13.0003612  13.0003612
49.1999999  13.0003616  13.0003616
49.2099999  13.0003618  13.0003618
49.2199999  13.0003619  13.0003619
49.2299999  13.0003619  13.0003619
49.2399999  13.0003618  13.0003618
49.2499999  13.0003616  13.0003616
49.2599999  13.0003612  13.0003612
49.2699999  13.0003608  13.0003608
49.2799999  13.0003602  13.0003602
49.2899999  13.0003595  13.0003595
49.2999999  13.0003587  13.0003587
49.3099999  13.0003578  13.0003578
49.3199999  13.0003568  13.0003568
49.3299999  13.0003557  13.0003557
49.3399999  13.0003544  13.0003544
49.3499999  13.0003531  13.0003531
49.3599999  13.0003516  13.0003516
49.3699999  13.0003500  13.0003500
49.3799999  13.0003483  13.0003483
49.3899999  13.0003466  13.0003466
49.3999999  13.0003447  13.0003447
49.4099999  13.0003427  13.0003427
49.4199999  13.0003406  13.0003406
49.4299999  13.0003384  13.0003384
49.4399999  13.0003361  13.0003361
49.4499999  13.0003337  13.0003337
49.4599999  13.0003311  13.0003311
49.4699999  13.0003285  13.0003285
49.4799999  13.0003258  13.0003258
49.4899999  13.0003230  13.0003230
49.4999999  13.0003201  13.0003201
49.5099999  13.0003172  13.0003172
49.5199999  13.0003141  13.0003141
49.5299999  13.0003109  13.0003109
49.5399999  13.0003077  13.0003077
49.5499999  13.0003043  13.0003043
49.5599999  13.0003009  13.0003009
49.5699999  13.0002974  13.0002974
49.5799999  13.0002937  13.0002937
49.5899999  13.0002901  13.0002901
49.5999999  13.0002863  13.0002863
49.6099999  13.0002824  13.0002824
49.6199999  13.0002785  13.0002785
49.6299999  13.0002745  13.0002745
49.6399999  13.0002704  13.0002704
49.6499999  13.0002663  13.0002663
49.6599999  13.0002621  13.0002621
49.6699999  13.0002578  13.0002578
49.6799999  13.0002534  13.0002534
49.6899999  13.0002490  13.0002490
49.6999999  13.0002445  13.0002445
49.7099999  13.0002399  13.0002399
49.7199999  13.0002353  13.0002353
49.7299999  13.0002306  13.0002306
49.7399999  13.0002258  13.0002258
49.7499999  13.0002210  13.0002210
49.7599999  13.0002162  13.0002162
49.7699999  13.0002113  13.0002113
49.7799999  13.0002063  13.0002063
49.7899999  13.0002013  13.0002013
49.7999999  13.0001962  13.0001962
49.8099999  13.0001911  13.0001911
49.8199999  13.0001860  13.0001860
49.8299999  13.0001808  13.0001808
49.8399999  13.0001755  13.0001755
49.8499999  13.0001702  13.0001702
49.8599999  13.0001649  13.0001649
49.8699999  13.0001596  13.0001596
49.8799999  13.0001542  13.0001542
49.8899999  13.0001488  13.0001488
49.8999999  13.0001433  13.0001433
49.9099999  13.0001378  13.0001378
49.9199999  13.0001323  13.0001323
49.9299999  13.0001268  13.0001268
49.9399999  13.0001213  13.0001213
49.9499999  13.0001157  13.0001157
49.9599999  13.0001101  13.0001101
49.9699999  13.0001045  13.0001045
49.9799999  13.0000988  13.0000988
49.9899999  13.0000932  13.0000932
49.9999999  13.0000876  13.0000876
50.0099999  13.0000819  13.0000819
50.0199999  13.0000762  13.0000762
50.0299999  13.0000705  13.0000705
50.0399999  13.0000649  13.0000649
50.0499999  13.0000592  13.0000592
50.0599999  13.0000535  13.0000535
50.0699999  13.0000478  13.0000478
50.0799999  13.0000421  13.0000421
50.0899999  13.0000365  13.0000365
50.0999999  13.0000308  13.0000308
50.1099999  13.0000251  13.0000251
50.1199999  13.0000195  13.0000195
50.1299999  13.0000138  13.0000138
50.1399999  13.0000082  13.0000082
50.1499999  13.0000026  13.0000026
50.1599999  12.9999970  12.9999970
50.1699999  12.9999914  12.9999914
50.1799999  12.9999859  12.9999859
50.1899999  12.9999804  12.9999804
50.1999999  12.9999749  12.9999749
50.2099999  12.9999694  12.9999694
50.2199999  12.9999639  12.9999639
50.2299999  12.9999585  12.9999585
50.2399999  12.9999531  12.9999531
50.2499999  12.9999477  12.9999477
50.2599999  12.9999424  12.9999424
50.2699999  12.9999371  12.9999371
50.2799999  12.9999319  12.9999319
50.2899999  12.9999267  12.9999267
50.2999999  12.9999215  12.9999215
50.3099999  12.9999163  12.9999163
50.3199999  12.9999113  12.9999113
50.3299999  12.9999062  12.9999062
50.3399999  12.9999012  12.9999012
50.3499999  12.9998963  12.9998963
50.3599999  12.9998914  12.9998914
50.3699999  12.9998865  12.9998865
50.3799999  12.9998817  12.9998817
50.3899999  12.9998770  12.9998770
50.3999999  12.9998723  12.9998723
50.4099999  12.9998676  12.9998676
50.4199999  12.9998631  12.9998631
50.4299999  12.9998585  12.9998585
50.4399999  12.9998541  12.9998541
50.4499999  12.9998497  12.9998497
50.4599999  12.9998454  12.9998454
50.4699999  12.9998411  12.9998411
50.4799999  12.9998369  12.9998369
50.4899999  12.9998327  12.9998327
50.4999999  12.9998287  12.9998287
50.5099999  12.9998247  12.9998247
50.5199999  12.9998207  12.9998207
50.5299999  12.9998169  12.9998169
50.5399999  12.9998131  12.9998131
50.5499999  12.9998093  12.9998093
50.5599999  12.9998057  12.9998057
50.5699999  12.9998021  12.9998021
50.5799999  12.9997986  12.9997986
50.5899999  12.9997952  12.9997952
50.5999999  12.9997919  12.9997919
50.6099999  12.9997886  12.9997886
50.6199999  12.9997854  12.9997854
50.6299999  12.9997823  12.9997823
50.6399999  12.9997792  12.9997792
50.6499999  12.9997763  12.9997763
50.6599999  12.9997734  12.9997734
50.6699999  12.9997706  12.9997706
50.6799999  12.9997679  12.9997679
50.6899999  12.9997653  12.9997653
50.6999999  12.9997628  12.9997628
50.7099999  12.9997603  12.9997603
50.7199999  12.9997580  12.9997580
50.7299999  12.9997557  12.9997557
50.7399999  12.9997535  12.9997535
50.7499999  12.9997514  12.9997514
50.7599999  12.9997493  12.9997493
50.7699999  12.9997474  12.9997474
50.7799999  12.9997456  12.9997456
50.7899999  12.9997438  12.9997438
50.7999999  12.9997421  12.9997421
50.8099999  12.9997405  12.9997405
50.8199999  12.9997390  12.9997390
50.8299999  12.9997376  12.9997376
50.8399999  12.9997363  12.9997363
50.8499999  12.9997351  12.9997351
50.8599999  12.9997339  12.9997339
50.8699999  12.9997329  12.9997329
50.8799999  12.9997319  12.9997319
50.8899999  12.9997311  12.9997311
50.8999999  12.9997303  12.9997303
50.9099999  12.9997296  12.9997296
50.9199999  12.9997290  12.9997290
50.9299999  12.9997284  12.9997284
50.9399999  12.9997280  12.9997280
50.9499999  12.9997277  12.9997277
50.9599999  12.9997274  12.9997274
50.9699999  12.9997273  12.9997273
50.9799999  12.9997272  12.9997272
50.9899999  12.9997272  12.9997272
50.9999999  12.9997273  12.9997273
51.0099999  12.9997275  12.9997275
51.0199999  12.9997278  12.9997278
51.0299999  12.9997281  12.9997281
51.0399999  12.9997286  12.9997286
51.0499999  12.9997291  12.9997291
51.0599999  12.9997297  12.9997297
51.0699999  12.9997304  12.9997304
51.0799999  12.9997312  12.9997312
51.0899999  12.9997321  12.9997321
51.0999999  12.9997331  12.9997331
51.1099999  12.9997341  12.9997341
51.1199999  12.9997352  12.9997352
51.1299999  12.9997364  12.9997364
51.1399999  12.9997377  12.9997377
51.1499999  12.9997391  12.9997391
51.1599999  12.9997405  12.9997405
51.1699999  12.9997420  12.9997420
51.1799999  12.9997436  12.9997436
51.1899999  12.9997453  12.9997453
51.1999999  12.9997471  12.9997471
51.2099999  12.9997489  12.9997489
51.2199999  12.9997508  12.9997508
51.2299999  12.9997528  12.9997528
51.2399999  12.9997548  12.9997548
51.2499999  12.9997569  12.9997569
51.2599999  12.9997591  12.9997591
51.2699999  12.9997614  12.9997614
51.2799999  12.9997637  12.9997637
51.2899999  12.9997661  12.9997661
51.2999999  12.9997686  12.9997686
51.3099999  12.9997712  12.9997712
51.3199999  12.9997738  12.9997738
51.3299999  12.9997764  12.9997764
51.3399999  12.9997791  12.9997791
51.3499999  12.9997819  12.9997819
51.3599999  12.9997848  12.9997848
51.3699999  12.9997877  12.9997877
51.3799999  12.9997907  12.9997907
51.3899999  12.9997937  12.9997937
51.3999999  12.9997968  12.9997968
51.4099999  12.9997999  12.9997999
51.4199999  12.9998031  12.9998031
51.4299999  12.9998064  12.9998064
51.4399999  12.9998097  12.9998097
51.4499999  12.9998130  12.9998130
51.4599999  12.9998164  12.9998164
51.4699999  12.9998199  12.9998199
51.4799999  12.9998234  12.9998234
51.4899999  12.9998269  12.9998269
51.4999999  12.9998305  12.9998305
51.5099999  12.9998341  12.9998341
51.5199999  12.9998378  12.9998378
51.5299999  12.9998415  12.9998415
51.5399999  12.9998453  12.9998453
51.5499999  12.9998490  12.9998490
51.5599999  12.9998529  12.9998529
51.5699999  12.9998567  12.9998567
51.5799999  12.9998606  12.9998606
51.5899999  12.9998645  12.9998645
51.5999999  12.9998685  12.9998685
51.6099999  12.9998725  12.9998725
51.6199999  12.9998765  12.9998765
51.6299999  12.9998805  12.9998805
51.6399999  12.9998846  12.9998846
51.6499999  12.9998887  12.9998887
51.6599999  12.9998928  12.9998928
51.6699999  12.9998969  12.9998969
51.6799999  12.9999011  12.9999011
51.6899999  12.9999052  12.9999052
51.6999999  12.9999094  12.9999094
51.7099999  12.9999136  12.9999136
51.7199999  12.9999179  12.9999179
51.7299999  12.9999221  12.9999221
51.7399999  12.9999263  12.9999263
51.7499999  12.9999306  12.9999306
51.7599999  12.9999348  12.9999348
51.7699999  12.9999391  12.9999391
51.7799999  12.9999434  12.9999434
51.7899999  12.9999477  12.9999477
51.7999999  12.9999519  12.9999519
51.8099999  12.9999562  12.9999562
51.8199999  12.9999605  12.9999605
51.8299999  12.9999648  12.9999648
51.8399999  12.9999691  12.9999691
51.8499999  12.9999733  12.9999733
51.8599999  12.9999776  12.9999776
51.8699999  12.9999819  12.9999819
51.8799999  12.9999861  12.9999861
51.8899999  12.9999904  12.9999904
51.8999999  12.9999946  12.9999946
51.9099999  12.9999988  12.9999988
51.9199999  13.0000031  13.0000031
51.9299999  13.0000072  13.0000072
51.9399999  13.0000114  13.0000114
51.9499999  13.0000156  13.0000156
51.9599999  13.0000197  13.0000197
51.9699999  13.0000239  13.0000239
51.9799999  13.0000280  13.0000280
51.9899999  13.0000321  13.0000321
51.9999999  13.0000361  13.0000361
52.0099999  13.0000401  13.0000401
52.0199999  13.0000442  13.0000442
52.0299999  13.0000481  13.0000481
52.0399999  13.0000521  13.0000521
52.0499999  13.0000560  13.0000560
52.0599999  13.0000599  13.0000599
52.0699999  13.0000638  13.0000638
52.0799999  13.0000676  13.0000676
52.0899999  13.0000714  13.0000714
52.0999999  13.0000751  13.0000751
52.1099999  13.0000789  13.0000789
52.1199999  13.0000826  13.0000826
52.1299999  13.0000862  13.0000862
52.1399999  13.0000898  13.0000898
52.1499999  13.0000934  13.0000934
52.1599999  13.0000969  13.0000969
52.1699999  13.0001004  13.0001004
52.1799999  13.0001038  13.0001038
52.1899999  13.0001072  13.0001072
52.1999999  13.0001106  13.0001106
52.2099999  13.0001139  13.0001139
52.2199999  13.0001171  13.0001171
52.2299999  13.0001203  13.0001203
52.2399999  13.0001235  13.0001235
52.2499999  13.0001266  13.0001266
52.2599999  13.0001297  13.0001297
52.2699999  13.0001327  13.0001327
52.2799999  13.0001356  13.0001356
52.2899999  13.0001385  13.0001385
52.2999999  13.0001414  13.0001414
52.3099999  13.0001442  13.0001442
52.3199999  13.0001469  13.0001469
52.3299999  13.0001496  13.0001496
52.3399999  13.0001522  13.0001522
52.3499999  13.0001548  13.0001548
52.3599999  13.0001573  13.0001573
52.3699999  13.0001597  13.0001597
52.3799999  13.0001621  13.0001621
52.3899999  13.0001645  13.0001645
52.3999999  13.0001667  13.0001667
52.4099999  13.0001689  13.0001689
52.4199999  13.0001711  13.0001711
52.4299999  13.0001732  13.0001732
52.4399999  13.0001752  13.0001752
52.4499999  13.0001772  13.0001772
52.4599999  13.0001791  13.0001791
52.4699999  13.0001809  13.0001809
52.4799999  13.0001827  13.0001827
52.4899999  13.0001844  13.0001844
52.4999999  13.0001860  13.0001860
52.5099999  13.0001876  13.0001876
52.5199999  13.0001891  13.0001891
52.5299999  13.0001905  13.0001905
52.5399999  13.0001919  13.0001919
52.5499999  13.0001932  13.0001932
52.5599999  13.0001945  13.0001945
52.5699999  13.0001957  13.0001957
52.5799999  13.0001968  13.0001968
52.5899999  13.0001978  13.0001978
52.5999999  13.0001988  13.0001988
52.6099999  13.0001997  13.0001997
52.6199999  13.0002006  13.0002006
52.6299999  13.0002013  13.0002013
52.6399999  13.0002021  13.0002021
52.6499999  13.0002027  13.0002027
52.6599999  13.0002033  13.0002033
52.6699999  13.0002038  13.0002038
52.6799999  13.0002042  13.0002042
52.6899999  13.0002046  13.0002046
52.6999999  13.0002049  13.0002049
52.7099999  13.0002052  13.0002052
52.7199999  13.0002053  13.0002053
52.7299999  13.0002054  13.0002054
52.7399999  13.0002055  13.0002055
52.7499999  13.0002055  13.0002055
52.7599999  13.0002054  13.0002054
52.7699999  13.0002052  13.0002052
52.7799999  13.0002050  13.0002050
52.7899999  13.0002047  13.0002047
52.7999999  13.0002044  13.0002044
52.8099999  13.0002039  13.0002039
52.8199999  13.0002035  13.0002035
52.8299999  13.0002029  13.0002029
52.8399999  13.0002023  13.0002023
52.8499999  13.0002016  13.0002016
52.8599999  13.0002009  13.0002009
52.8699999  13.0002001  13.0002001
52.8799999  13.0001992  13.0001992
52.8899999  13.0001983  13.0001983
52.8999999  13.0001973  13.0001973
52.9099999  13.0001963  13.0001963
52.9199999  13.0001952  13.0001952
52.9299999  13.0001940  13.0001940
52.9399999  13.0001928  13.0001928
52.9499999  13.0001916  13.0001916
52.9599999  13.0001902  13.0001902
52.9699999  13.0001888  13.0001888
52.9799999  13.0001874  13.0001874
52.9899999  13.0001859  13.0001859
52.9999999  13.0001843  13.0001843
53.0099999  13.0001827  13.0001827
53.0199999  13.0001810  13.0001810
53.0299999  13.0001793  13.0001793
53.0399999  13.0001776  13.0001776
53.0499999  13.0001757  13.0001757
53.0599999  13.0001739  13.0001739
53.0699999  13.0001719  13.0001719
53.0799999  13.0001700  13.0001700
53.0899999  13.0001680  13.0001680
53.0999999  13.0001659  13.0001659
53.1099999  13.0001638  13.0001638
53.1199999  13.0001616  13.0001616
53.1299999  13.0001594  13.0001594
53.1399999  13.0001572  13.0001572
53.1499999  13.0001549  13.0001549
53.1599999  13.0001525  13.0001525
53.1699999  13.0001502  13.0001502
53.1799999  13.0001477  13.0001477
53.1899999  13.0001453  13.0001453
53.1999999  13.0001428  13.0001428
53.2099999  13.0001403  13.0001403
53.2199999  13.0001377  13.0001377
53.2299999  13.0001351  13.0001351
53.2399999  13.0001324  13.0001324
53.2499999  13.0001298  13.0001298
53.2599999  13.0001271  13.0001271
53.2699999  13.0001243  13.0001243
53.2799999  13.0001215  13.0001215
53.2899999  13.0001187  13.0001187
53.2999999  13.0001159  13.0001159
53.3099999  13.0001131  13.0001131
53.3199999  13.0001102  13.0001102
53.3299999  13.0001073  13.0001073
53.3399999  13.0001043  13.0001043
53.3499999  13.0001014  13.0001014
53.3599999  13.0000984  13.0000984
53.3699999  13.0000954  13.0000954
53.3799999  13.0000923  13.0000923
53.3899999  13.0000893  13.0000893
53.3999999  13.0000862  13.0000862
53.4099999  13.0000831  13.0000831
53.4199999  13.0000800  13.0000800
53.4299999  13.0000769  13.0000769
53.4399999  13.0000738  13.0000738
53.4499999  13.0000706  13.0000706
53.4599999  13.0000675  13.0000675
53.4699999  13.0000643  13.0000643
53.4799999  13.0000611  13.0000611
53.4899999  13.0000579  13.0000579
53.4999999  13.0000547  13.0000547
53.5099999  13.0000515  13.0000515
53.5199999  13.0000483  13.0000483
53.5299999  13.0000451  13.0000451
53.5399999  13.0000419  13.0000419
53.5499999  13.0000387  13.0000387
53.5599999  13.0000354  13.0000354
53.5699999  13.0000322  13.0000322
53.5799999  13.0000290  13.0000290
53.5899999  13.0000258  13.0000258
53.5999999  13.0000225  13.0000225
53.6099999  13.0000193  13.0000193
53.6199999  13.0000161  13.0000161
53.6299999  13.0000129  13.0000129
53.6399999  13.0000097  13.0000097
53.6499999  13.0000065  13.0000065
53.6599999  13.0000033  13.0000033
53.6699999  13.0000001  13.0000001
53.6799999  12.9999969  12.9999969
53.6899999  12.9999938  12.9999938
53.6999999  12.9999906  12.9999906
53.7099999  12.9999875  12.9999875
53.7199999  12.9999844  12.9999844
53.7299999  12.9999813  12.9999813
53.7399999  12.9999782  12.9999782
53.7499999  12.9999751  12.9999751
53.7599999  12.9999721  12.9999721
53.7699999  12.9999690  12.9999690
53.7799999  12.9999660  12.9999660
53.7899999  12.9999630  12.9999630
53.7999999  12.9999600  12.9999600
53.8099999  12.9999571  12.9999571
53.8199999  12.9999542  12.9999542
53.8299999  12.9999512  12.9999512
53.8399999  12.9999484  12.9999484
53.8499999  12.9999455  12.9999455
53.8599999  12.9999427  12.9999427
53.8699999  12.9999399  12.9999399
53.8799999  12.9999371  12.9999371
53.8899999  12.9999344  12.9999344
53.8999999  12.9999317  12.9999317
53.9099999  12.9999290  12.9999290
53.9199999  12.9999263  12.9999263
53.9299999  12.9999237  12.9999237
53.9399999  12.9999211  12.9999211
53.9499999  12.9999186  12.9999186
53.9599999  12.9999161  12.9999161
53.9699999  12.9999136  12.9999136
53.9799999  12.9999111  12.9999111
53.9899999  12.9999087  12.9999087
53.9999999  12.9999064  12.9999064
54.0099999  12.9999040  12.9999040
54.0199999  12.9999017  12.9999017
54.0299999  12.9998995  12.9998995
54.0399999  12.9998972  12.9998972
54.0499999  12.9998951  12.9998951
54.0599999  12.9998929  12.9998929
54.0699999  12.9998908  12.9998908
54.0799999  12.9998888  12.9998888
54.0899999  12.9998868  12.9998868
54.0999999  12.9998848  12.9998848
54.1099999  12.9998829  12.9998829
54.1199999  12.9998810  12.9998810
54.1299999  12.9998792  12.9998792
54.1399999  12.9998774  12.9998774
54.1499999  12.9998756  12.9998756
54.1599999  12.9998739  12.9998739
54.1699999  12.9998723  12.9998723
54.1799999  12.9998707  12.9998707
54.1899999  12.9998691  12.9998691
54.1999999  12.9998676  12.9998676
54.2099999  12.9998661  12.9998661
54.2199999  12.9998647  12.9998647
54.2299999  12.9998633  12.9998633
54.2399999  12.9998620  12.9998620
54.2499999  12.9998607  12.9998607
54.2599999  12.9998595  12.9998595
54.2699999  12.9998583  12.9998583
54.2799999  12.9998572  12.9998572
54.2899999  12.9998561  12.9998561
54.2999999  12.9998551  12.9998551
54.3099999  12.9998541  12.9998541
54.3199999  12.9998532  12.9998532
54.3299999  12.9998523  12.9998523
54.3399999  12.9998515  12.9998515
54.3499999  12.9998507  12.9998507
54.3599999  12.9998500  12.9998500
54.3699999  12.9998493  12.9998493
54.3799999  12.9998486  12.9998486
54.3899999  12.9998481  12.9998481
54.3999999  12.9998475  12.9998475
54.4099999  12.9998471  12.9998471
54.4199999  12.9998467  12.9998467
54.4299999  12.9998463  12.9998463
54.4399999  12.9998460  12.9998460
54.4499999  12.9998457  12.9998457
54.4599999  12.9998455  12.9998455
54.4699999  12.9998453  12.9998453
54.4799999  12.9998452  12.9998452
54.4899999  12.9998451  12.9998451
54.4999999  12.9998451  12.9998451
54.5099999  12.9998451  12.9998451
54.5199999  12.9998452  12.9998452
54.5299999  12.9998453  12.9998453
54.5399999  12.9998455  12.9998455
54.5499999  12.9998457  12.9998457
54.5599999  12.9998460  12.9998460
54.5699999  12.9998463  12.9998463
54.5799999  12.9998467  12.9998467
54.5899999  12.9998471  12.9998471
54.5999999  12.9998476  12.9998476
54.6099999  12.9998481  12.9998481
54.6199999  12.9998487  12.9998487
54.6299999  12.9998493  12.9998493
54.6399999  12.9998499  12.9998499
54.6499999  12.9998506  12.9998506
54.6599999  12.9998514  12.9998514
54.6699999  12.9998522  12.9998522
54.6799999  12.9998530  12.9998530
54.6899999  12.9998539  12.9998539
54.6999999  12.9998548  12.9998548
54.7099999  12.9998558  12.9998558
54.7199999  12.9998568  12.9998568
54.7299999  12.9998579  12.9998579
54.7399999  12.9998590  12.9998590
54.7499999  12.9998601  12.9998601
54.7599999  12.9998613  12.9998613
54.7699999  12.9998625  12.9998625
54.7799999  12.9998638  12.9998638
54.7899999  12.9998651  12.9998651
54.7999999  12.9998664  12.9998664
54.8099999  12.9998678  12.9998678
54.8199999  12.9998692  12.9998692
54.8299999  12.9998707  12.9998707
54.8399999  12.9998722  12.9998722
54.8499999  12.9998737  12.9998737
54.8599999  12.9998752  12.9998752
54.8699999  12.9998768  12.9998768
54.8799999  12.9998785  12.9998785
54.8899999  12.9998802  12.9998802
54.8999999  12.9998819  12.9998819
54.9099999  12.9998836  12.9998836
54.9199999  12.9998854  12.9998854
54.9299999  12.9998871  12.9998871
54.9399999  12.9998890  12.9998890
54.9499999  12.9998908  12.9998908
54.9599999  12.9998927  12.9998927
54.9699999  12.9998946  12.9998946
54.9799999  12.9998966  12.9998966
54.9899999  12.9998985  12.9998985
54.9999999  12.9999005  12.9999005
55.0099999  12.9999026  12.9999026
55.0199999  12.9999046  12.9999046
55.0299999  12.9999067  12.9999067
55.0399999  12.9999088  12.9999088
55.0499999  12.9999109  12.9999109
55.0599999  12.9999130  12.9999130
55.0699999  12.9999152  12.9999152
55.0799999  12.9999174  12.9999174
55.0899999  12.9999196  12.9999196
55.0999999  12.9999218  12.9999218
55.1099999  12.9999240  12.9999240
55.1199999  12.9999263  12.9999263
55.1299999  12.9999285  12.9999285
55.1399999  12.9999308  12.9999308
55.1499999  12.9999331  12.9999331
55.1599999  12.9999354  12.9999354
55.1699999  12.9999378  12.9999378
55.1799999  12.9999401  12.9999401
55.1899999  12.9999425  12.9999425
55.1999999  12.9999448  12.9999448
55.2099999  12.9999472  12.9999472
55.2199999  12.9999496  12.9999496
55.2299999  12.9999520  12.9999520
55.2399999  12.9999544  12.9999544
55.2499999  12.9999568  12.9999568
55.2599999  12.9999592  12.9999592
55.2699999  12.9999616  12.9999616
55.2799999  12.9999640  12.9999640
55.2899999  12.9999664  12.9999664
55.2999999  12.9999689  12.9999689
55.3099999  12.9999713  12.9999713
55.3199999  12.9999737  12.9999737
55.3299999  12.9999762  12.9999762
55.3399999  12.9999786  12.9999786
55.3499999  12.9999810  12.9999810
55.3599999  12.9999834  12.9999834
55.3699999  12.9999859  12.9999859
55.3799999  12.9999883  12.9999883
55.3899999  12.9999907  12.9999907
55.3999999  12.9999931  12.9999931
55.4099999  12.9999955  12.9999955
55.4199999  12.9999979  12.9999979
55.4299999  13.0000003  13.0000003
55.4399999  13.0000027  13.0000027
55.4499999  13.0000051  13.0000051
55.4599999  13.0000075  13.0000075
55.4699999  13.0000098  13.0000098
55.4799999  13.0000122  13.0000122
55.4899999  13.0000145  13.0000145
55.4999999  13.0000168  13.0000168
55.5099999  13.0000192  13.0000192
55.5199999  13.0000215  13.0000215
55.5299999  13.0000237  13.0000237
55.5399999  13.0000260  13.0000260
55.5499999  13.0000283  13.0000283
55.5599999  13.0000305  13.0000305
55.5699999  13.0000327  13.0000327
55.5799999  13.0000349  13.0000349
55.5899999  13.0000371  13.0000371
55.5999999  13.0000393  13.0000393
55.6099999  13.0000414  13.0000414
55.6199999  13.0000435  13.0000435
55.6299999  13.0000457  13.0000457
55.6399999  13.0000477  13.0000477
55.6499999  13.0000498  13.0000498
55.6599999  13.0000518  13.0000518
55.6699999  13.0000538  13.0000538
55.6799999  13.0000558  13.0000558
55.6899999  13.0000578  13.0000578
55.6999999  13.0000598  13.0000598
55.7099999  13.0000617  13.0000617
55.7199999  13.0000636  13.0000636
55.7299999  13.0000654  13.0000654
55.7399999  13.0000673  13.0000673
55.7499999  13.0000691  13.0000691
55.7599999  13.0000709  13.0000709
55.7699999  13.0000726  13.0000726
55.7799999  13.0000743  13.0000743
55.7899999  13.0000760  13.0000760
55.7999999  13.0000777  13.0000777
55.8099999  13.0000793  13.0000793
55.8199999  13.0000809  13.0000809
55.8299999  13.0000825  13.0000825
55.8399999  13.0000840  13.0000840
55.8499999  13.0000855  13.0000855
55.8599999  13.0000870  13.0000870
55.8699999  13.0000885  13.0000885
55.8799999  13.0000899  13.0000899
55.8899999  13.0000913  13.0000913
55.8999999  13.0000926  13.0000926
55.9099999  13.0000939  13.0000939
55.9199999  13.0000952  13.0000952
55.9299999  13.0000964  13.0000964
55.9399999  13.0000976  13.0000976
55.9499999  13.0000988  13.0000988
55.9599999  13.0000999  13.0000999
55.9699999  13.0001010  13.0001010
55.9799999  13.0001021  13.0001021
55.9899999  13.0001031  13.0001031
55.9999999  13.0001041  13.0001041
56.0099999  13.0001051  13.0001051
56.0199999  13.0001060  13.0001060
56.0299999  13.0001069  13.0001069
56.0399999  13.0001077  13.0001077
56.0499999  13.0001085  13.0001085
56.0599999  13.0001093  13.0001093
56.0699999  13.0001100  13.0001100
56.0799999  13.0001107  13.0001107
56.0899999  13.0001114  13.0001114
56.0999999  13.0001120  13.0001120
56.1099999  13.0001125  13.0001125
56.1199999  13.0001131  13.0001131
56.1299999  13.0001136  13.0001136
56.1399999  13.0001141  13.0001141
56.1499999  13.0001145  13.0001145
56.1599999  13.0001149  13.0001149
56.1699999  13.0001152  13.0001152
56.1799999  13.0001155  13.0001155
56.1899999  13.0001158  13.0001158
56.1999999  13.0001160  13.0001160
56.2099999  13.0001162  13.0001162
56.2199999  13.0001164  13.0001164
56.2299999  13.0001165  13.0001165
56.2399999  13.0001166  13.0001166
56.2499999  13.0001166  13.0001166
56.2599999  13.0001166  13.0001166
56.2699999  13.0001166  13.0001166
56.2799999  13.0001166  13.0001166
56.2899999  13.0001164  13.0001164
56.2999999  13.0001163  13.0001163
56.3099999  13.0001161  13.0001161
56.3199999  13.0001159  13.0001159
56.3299999  13.0001157  13.0001157
56.3399999  13.0001154  13.0001154
56.3499999  13.0001150  13.0001150
56.3599999  13.0001147  13.0001147
56.3699999  13.0001143  13.0001143
56.3799999  13.0001139  13.0001139
56.3899999  13.0001134  13.0001134
56.3999999  13.0001129  13.0001129
56.4099999  13.0001124  13.0001124
56.4199999  13.0001118  13.0001118
56.4299999  13.0001112  13.0001112
56.4399999  13.0001105  13.0001105
56.4499999  13.0001099  13.0001099
56.4599999  13.0001092  13.0001092
56.4699999  13.0001084  13.0001084
56.4799999  13.0001077  13.0001077
56.4899999  13.0001068  13.0001068
56.4999999  13.0001060  13.0001060
56.5099999  13.0001051  13.0001051
56.5199999  13.0001043  13.0001043
56.5299999  13.0001033  13.0001033
56.5399999  13.0001024  13.0001024
56.5499999  13.0001014  13.0001014
56.5599999  13.0001004  13.0001004
56.5699999  13.0000993  13.0000993
56.5799999  13.0000982  13.0000982
56.5899999  13.0000971  13.0000971
56.5999999  13.0000960  13.0000960
56.6099999  13.0000948  13.0000948
56.6199999  13.0000937  13.0000937
56.6299999  13.0000924  13.0000924
56.6399999  13.0000912  13.0000912
56.6499999  13.0000900  13.0000900
56.6599999  13.0000887  13.0000887
56.6699999  13.0000874  13.0000874
56.6799999  13.0000860  13.0000860
56.6899999  13.0000847  13.0000847
56.6999999  13.0000833  13.0000833
56.7099999  13.0000819  13.0000819
56.7199999  13.0000804  13.0000804
56.7299999  13.0000790  13.0000790
56.7399999  13.0000775  13.0000775
56.7499999  13.0000760  13.0000760
56.7599999  13.0000745  13.0000745
56.7699999  13.0000730  13.0000730
56.7799999  13.0000715  13.0000715
56.7899999  13.0000699  13.0000699
56.7999999  13.0000683  13.0000683
56.8099999  13.0000667  13.0000667
56.8199999  13.0000651  13.0000651
56.8299999  13.0000635  13.0000635
56.8399999  13.0000618  13.0000618
56.8499999  13.0000602  13.0000602
56.8599999  13.0000585  13.0000585
56.8699999  13.0000568  13.0000568
56.8799999  13.0000551  13.0000551
56.8899999  13.0000534  13.0000534
56.8999999  13.0000517  13.0000517
56.9099999  13.0000499  13.0000499
56.9199999  13.0000482  13.0000482
56.9299999  13.0000464  13.0000464
56.9399999  13.0000447  13.0000447
56.9499999  13.0000429  13.0000429
56.9599999  13.0000411  13.0000411
56.9699999  13.0000393  13.0000393
56.9799999  13.0000375  13.0000375
56.9899999  13.0000357  13.0000357
56.9999999  13.0000339  13.0000339
57.0099999  13.0000321  13.0000321
57.0199999  13.0000303  13.0000303
57.0299999  13.0000285  13.0000285
57.0399999  13.0000266  13.0000266
57.0499999  13.0000248  13.0000248
57.0599999  13.0000230  13.0000230
57.0699999  13.0000212  13.0000212
57.0799999  13.0000193  13.0000193
57.0899999  13.0000175  13.0000175
57.0999999  13.0000157  13.0000157
57.1099999  13.0000138  13.0000138
57.1199999  13.0000120  13.0000120
57.1299999  13.0000102  13.0000102
57.1399999  13.0000083  13.0000083
57.1499999  13.0000065  13.0000065
57.1599999  13.0000047  13.0000047
57.1699999  13.0000029  13.0000029
57.1799999  13.0000011  13.0000011
57.1899999  12.9999993  12.9999993
57.1999999  12.9999975  12.9999975
57.2099999  12.9999957  12.9999957
57.2199999  12.9999939  12.9999939
57.2299999  12.9999921  12.9999921
57.2399999  12.9999904  12.9999904
57.2499999  12.9999886  12.9999886
57.2599999  12.9999868  12.9999868
57.2699999  12.9999851  12.9999851
57.2799999  12.9999834  12.9999834
57.2899999  12.9999817  12.9999817
57.2999999  12.9999800  12.9999800
57.3099999  12.9999783  12.9999783
57.3199999  12.9999766  12.9999766
57.3299999  12.9999749  12.9999749
57.3399999  12.9999732  12.9999732
57.3499999  12.9999716  12.9999716
57.3599999  12.9999700  12.9999700
57.3699999  12.9999684  12.9999684
57.3799999  12.9999668  12.9999668
57.3899999  12.9999652  12.9999652
57.3999999  12.9999636  12.9999636
57.4099999  12.9999621  12.9999621
57.4199999  12.9999605  12.9999605
57.4299999  12.9999590  12.9999590
57.4399999  12.9999575  12.9999575
57.4499999  12.9999560  12.9999560
57.4599999  12.9999546  12.9999546
57.4699999  12.9999531  12.9999531
57.4799999  12.9999517  12.9999517
57.4899999  12.9999503  12.9999503
57.4999999  12.9999489  12.9999489
57.5099999  12.9999476  12.9999476
57.5199999  12.9999462  12.9999462
57.5299999  12.9999449  12.9999449
57.5399999  12.9999436  12.9999436
57.5499999  12.9999424  12.9999424
57.5599999  12.9999411  12.9999411
57.5699999  12.9999399  12.9999399
57.5799999  12.9999387  12.9999387
57.5899999  12.9999375  12.9999375
57.5999999  12.9999363  12.9999363
57.6099999  12.9999352  12.9999352
57.6199999  12.9999341  12.9999341
57.6299999  12.9999330  12.9999330
57.6399999  12.9999320  12.9999320
57.6499999  12.9999309  12.9999309
57.6599999  12.9999299  12.9999299
57.6699999  12.9999289  12.9999289
57.6799999  12.9999280  12.9999280
57.6899999  12.9999271  12.9999271
57.6999999  12.9999262  12.9999262
57.7099999  12.9999253  12.9999253
57.7199999  12.9999244  12.9999244
57.7299999  12.9999236  12.9999236
57.7399999  12.9999228  12.9999228
57.7499999  12.9999220  12.9999220
57.7599999  12.9999213  12.9999213
57.7699999  12.9999206  12.9999206
57.7799999  12.9999199  12.9999199
57.7899999  12.9999193  12.9999193
57.7999999  12.9999186  12.9999186
57.8099999  12.9999180  12.9999180
57.8199999  12.9999175  12.9999175
57.8299999  12.9999169  12.9999169
57.8399999  12.9999164  12.9999164
57.8499999  12.9999159  12.9999159
57.8599999  12.9999154  12.9999154
57.8699999  12.9999150  12.9999150
57.8799999  12.9999146  12.9999146
57.8899999  12.9999142  12.9999142
57.8999999  12.9999139  12.9999139
57.9099999  12.9999136  12.9999136
57.9199999  12.9999133  12.9999133
57.9299999  12.9999130  12.9999130
57.9399999  12.9999128  12.9999128
57.9499999  12.9999126  12.9999126
57.9599999  12.9999124  12.9999124
57.9699999  12.9999123  12.9999123
57.9799999  12.9999122  12.9999122
57.9899999  12.9999121  12.9999121
57.9999999  12.9999120  12.9999120
58.0099999  12.9999120  12.9999120
58.0199999  12.9999120  12.9999120
58.0299999  12.9999120  12.9999120
58.0399999  12.9999121  12.9999121
58.0499999  12.9999122  12.9999122
58.0599999  12.9999123  12.9999123
58.0699999  12.9999124  12.9999124
58.0799999  12.9999126  12.9999126
58.0899999  12.9999128  12.9999128
58.0999999  12.9999130  12.9999130
58.1099999  12.9999133  12.9999133
58.1199999  12.9999136  12.9999136
58.1299999  12.9999139  12.9999139
58.1399999  12.9999142  12.9999142
58.1499999  12.9999145  12.9999145
58.1599999  12.9999149  12.9999149
58.1699999  12.9999153  12.9999153
58.1799999  12.9999158  12.9999158
58.1899999  12.9999162  12.9999162
58.1999999  12.9999167  12.9999167
58.2099999  12.9999172  12.9999172
58.2199999  12.9999178  12.9999178
58.2299999  12.9999183  12.9999183
58.2399999  12.9999189  12.9999189
58.2499999  12.9999195  12.9999195
58.2599999  12.9999202  12.9999202
58.2699999  12.9999208  12.9999208
58.2799999  12.9999215  12.9999215
58.2899999  12.9999222  12.9999222
58.2999999  12.9999229  12.9999229
58.3099999  12.9999237  12.9999237
58.3199999  12.9999245  12.9999245
58.3299999  12.9999252  12.9999252
58.3399999  12.9999261  12.9999261
58.3499999  12.9999269  12.9999269
58.3599999  12.9999278  12.9999278
58.3699999  12.9999286  12.9999286
58.3799999  12.9999295  12.9999295
58.3899999  12.9999304  12.9999304
58.3999999  12.9999314  12.9999314
58.4099999  12.9999323  12.9999323
58.4199999  12.9999333  12.9999333
58.4299999  12.9999343  12.9999343
58.4399999  12.9999353  12.9999353
58.4499999  12.9999363  12.9999363
58.4599999  12.9999374  12.9999374
58.4699999  12.9999384  12.9999384
58.4799999  12.9999395  12.9999395
58.4899999  12.9999406  12.9999406
58.4999999  12.9999417  12.9999417
58.5099999  12.9999429  12.9999429
58.5199999  12.9999440  12.9999440
58.5299999  12.9999451  12.9999451
58.5399999  12.9999463  12.9999463
58.5499999  12.9999475  12.9999475
58.5599999  12.9999487  12.9999487
58.5699999  12.9999499  12.9999499
58.5799999  12.9999511  12.9999511
58.5899999  12.9999523  12.9999523
58.5999999  12.9999536  12.9999536
58.6099999  12.9999548  12.9999548
58.6199999  12.9999561  12.9999561
58.6299999  12.9999574  12.9999574
58.6399999  12.9999587  12.9999587
58.6499999  12.9999600  12.9999600
58.6599999  12.9999613  12.9999613
58.6699999  12.9999626  12.9999626
58.6799999  12.9999639  12.9999639
58.6899999  12.9999652  12.9999652
58.6999999  12.9999665  12.9999665
58.7099999  12.9999679  12.9999679
58.7199999  12.9999692  12.9999692
58.7299999  12.9999706  12.9999706
58.7399999  12.9999719  12.9999719
58.7499999  12.9999733  12.9999733
58.7599999  12.9999746  12.9999746
58.7699999  12.9999760  12.9999760
58.7799999  12.9999774  12.9999774
58.7899999  12.9999788  12.9999788
58.7999999  12.9999801  12.9999801
58.8099999  12.9999815  12.9999815
58.8199999  12.9999829  12.9999829
58.8299999  12.9999843  12.9999843
58.8399999  12.9999856  12.9999856
58.8499999  12.9999870  12.9999870
58.8599999  12.9999884  12.9999884
58.8699999  12.9999898  12.9999898
58.8799999  12.9999912  12.9999912
58.8899999  12.9999925  12.9999925
58.8999999  12.9999939  12.9999939
58.9099999  12.9999953  12.9999953
58.9199999  12.9999967  12.9999967
58.9299999  12.9999980  12.9999980
58.9399999  12.9999994  12.9999994
58.9499999  13.0000007  13.0000007
58.9599999  13.0000021  13.0000021
58.9699999  13.0000034  13.0000034
58.9799999  13.0000048  13.0000048
58.9899999  13.0000061  13.0000061
58.9999999  13.0000075  13.0000075
59.0099999  13.0000088  13.0000088
59.0199999  13.0000101  13.0000101
59.0299999  13.0000114  13.0000114
59.0399999  13.0000127  13.0000127
59.0499999  13.0000140  13.0000140
59.0599999  13.0000153  13.0000153
59.0699999  13.0000166  13.0000166
59.0799999  13.0000178  13.0000178
59.0899999  13.0000191  13.0000191
59.0999999  13.0000203  13.0000203
59.1099999  13.0000216  13.0000216
59.1199999  13.0000228  13.0000228
59.1299999  13.0000240  13.0000240
59.1399999  13.0000252  13.0000252
59.1499999  13.0000264  13.0000264
59.1599999  13.0000276  13.0000276
59.1699999  13.0000287  13.0000287
59.1799999  13.0000299  13.0000299
59.1899999  13.0000310  13.0000310
59.1999999  13.0000322  13.0000322
59.2099999  13.0000333  13.0000333
59.2199999  13.0000344  13.0000344
59.2299999  13.0000355  13.0000355
59.2399999  13.0000365  13.0000365
59.2499999  13.0000376  13.0000376
59.2599999  13.0000386  13.0000386
59.2699999  13.0000396  13.0000396
59.2799999  13.0000406  13.0000406
59.2899999  13.0000416  13.0000416
59.2999999  13.0000426  13.0000426
59.3099999  13.0000435  13.0000435
59.3199999  13.0000445  13.0000445
59.3299999  13.0000454  13.0000454
59.3399999  13.0000463  13.0000463
59.3499999  13.0000472  13.0000472
59.3599999  13.0000481  13.0000481
59.3699999  13.0000489  13.0000489
59.3799999  13.0000497  13.0000497
59.3899999  13.0000506  13.0000506
59.3999999  13.0000513  13.0000513
59.4099999  13.0000521  13.0000521
59.4199999  13.0000529  13.0000529
59.4299999  13.0000536  13.0000536
59.4399999  13.0000543  13.0000543
59.4499999  13.0000550  13.0000550
59.4599999  13.0000557  13.0000557
59.4699999  13.0000564  13.0000564
59.4799999  13.0000570  13.0000570
59.4899999  13.0000576  13.0000576
59.4999999  13.0000582  13.0000582
59.5099999  13.0000588  13.0000588
59.5199999  13.0000593  13.0000593
59.5299999  13.0000599  13.0000599
59.5399999  13.0000604  13.0000604
59.5499999  13.0000609  13.0000609
59.5599999  13.0000613  13.0000613
59.5699999  13.0000618  13.0000618
59.5799999  13.0000622  13.0000622
59.5899999  13.0000626  13.0000626
59.5999999  13.0000630  13.0000630
59.6099999  13.0000634  13.0000634
59.6199999  13.0000637  13.0000637
59.6299999  13.0000640  13.0000640
59.6399999  13.0000643  13.0000643
59.6499999  13.0000646  13.0000646
59.6599999  13.0000648  13.0000648
59.6699999  13.0000651  13.0000651
59.6799999  13.0000653  13.0000653
59.6899999  13.0000655  13.0000655
59.6999999  13.0000656  13.0000656
59.7099999  13.0000658  13.0000658
59.7199999  13.0000659  13.0000659
59.7299999  13.0000660  13.0000660
59.7399999  13.0000661  13.0000661
59.7499999  13.0000662  13.0000662
59.7599999  13.0000662  13.0000662
59.7699999  13.0000662  13.0000662
59.7799999  13.0000662  13.0000662
59.7899999  13.0000662  13.0000662
59.7999999  13.0000661  13.0000661
59.8099999  13.0000661  13.0000661
59.8199999  13.0000660  13.0000660
59.8299999  13.0000659  13.0000659
59.8399999  13.0000657  13.0000657
59.8499999  13.0000656  13.0000656
59.8599999  13.0000654  13.0000654
59.8699999  13.0000652  13.0000652
59.8799999  13.0000650  13.0000650
59.8899999  13.0000648  13.0000648
59.8999999  13.0000645  13.0000645
59.9099999  13.0000642  13.0000642
59.9199999  13.0000640  13.0000640
59.9299999  13.0000636  13.0000636
59.9399999  13.0000633  13.0000633
59.9499999  13.0000630  13.0000630
59.9599999  13.0000626  13.0000626
59.9699999  13.0000622  13.0000622
59.9799999  13.0000618  13.0000618
59.9899999  13.0000614  13.0000614
59.9999999  13.0000609  13.0000609
60.0099999  13.0000604  13.0000604
60.0199999  13.0000600  13.0000600
60.0299999  13.0000595  13.0000595
60.0399999  13.0000589  13.0000589
60.0499999  13.0000584  13.0000584
60.0599999  13.0000579  13.0000579
60.0699999  13.0000573  13.0000573
60.0799999  13.0000567  13.0000567
60.0899999  13.0000561  13.0000561
60.0999999  13.0000555  13.0000555
60.1099999  13.0000549  13.0000549
60.1199999  13.0000542  13.0000542
60.1299999  13.0000535  13.0000535
60.1399999  13.0000529  13.0000529
60.1499999  13.0000522  13.0000522
60.1599999  13.0000515  13.0000515
60.1699999  13.0000507  13.0000507
60.1799999  13.0000500  13.0000500
60.1899999  13.0000493  13.0000493
60.1999999  13.0000485  13.0000485
60.2099999  13.0000477  13.0000477
60.2199999  13.0000469  13.0000469
60.2299999  13.0000461  13.0000461
60.2399999  13.0000453  13.0000453
60.2499999  13.0000445  13.0000445
60.2599999  13.0000436  13.0000436
60.2699999  13.0000428  13.0000428
60.2799999  13.0000419  13.0000419
60.2899999  13.0000411  13.0000411
60.2999999  13.0000402  13.0000402
60.3099999  13.0000393  13.0000393
60.3199999  13.0000384  13.0000384
60.3299999  13.0000375  13.0000375
60.3399999  13.0000366  13.0000366
60.3499999  13.0000356  13.0000356
60.3599999  13.0000347  13.0000347
60.3699999  13.0000337  13.0000337
60.3799999  13.0000328  13.0000328
60.3899999  13.0000318  13.0000318
60.3999999  13.0000309  13.0000309
60.4099999  13.0000299  13.0000299
60.4199999  13.0000289  13.0000289
60.4299999  13.0000279  13.0000279
60.4399999  13.0000269  13.0000269
60.4499999  13.0000259  13.0000259
60.4599999  13.0000249  13.0000249
60.4699999  13.0000239  13.0000239
60.4799999  13.0000229  13.0000229
60.4899999  13.0000219  13.0000219
60.4999999  13.0000209  13.0000209
60.5099999  13.0000198  13.0000198
60.5199999  13.0000188  13.0000188
60.5299999  13.0000178  13.0000178
60.5399999  13.0000167  13.0000167
60.5499999  13.0000157  13.0000157
60.5599999  13.0000147  13.0000147
60.5699999  13.0000136  13.0000136
60.5799999  13.0000126  13.0000126
60.5899999  13.0000115  13.0000115
60.5999999  13.0000105  13.0000105
60.6099999  13.0000095  13.0000095
60.6199999  13.0000084  13.0000084
60.6299999  13.0000074  13.0000074
60.6399999  13.0000063  13.0000063
60.6499999  13.0000053  13.0000053
60.6599999  13.0000043  13.0000043
60.6699999  13.0000032  13.0000032
60.6799999  13.0000022  13.0000022
60.6899999  13.0000012  13.0000012
60.6999999  13.0000002  13.0000002
60.7099999  12.9999991  12.9999991
60.7199999  12.9999981  12.9999981
60.7299999  12.9999971  12.9999971
60.7399999  12.9999961  12.9999961
60.7499999  12.9999951  12.9999951
60.7599999  12.9999941  12.9999941
60.7699999  12.9999931  12.9999931
60.7799999  12.9999921  12.9999921
60.7899999  12.9999911  12.9999911
60.7999999  12.9999901  12.9999901
60.8099999  12.9999892  12.9999892
60.8199999  12.9999882  12.9999882
60.8299999  12.9999872  12.9999872
60.8399999  12.9999863  12.9999863
60.8499999  12.9999853  12.9999853
60.8599999  12.9999844  12.9999844
60.8699999  12.9999835  12.9999835
60.8799999  12.9999825  12.9999825
60.8899999  12.9999816  12.9999816
60.8999999  12.9999807  12.9999807
60.9099999  12.9999798  12.9999798
60.9199999  12.9999789  12.9999789
60.9299999  12.9999781  12.9999781
60.9399999  12.9999772  12.9999772
60.9499999  12.9999763  12.9999763
60.9599999  12.9999755  12.9999755
60.9699999  12.9999747  12.9999747
60.9799999  12.9999738  12.9999738
60.9899999  12.9999730  12.9999730
60.9999999  12.9999722  12.9999722
61.0099999  12.9999714  12.9999714
61.0199999  12.9999707  12.9999707
61.0299999  12.9999699  12.9999699
61.0399999  12.9999691  12.9999691
61.0499999  12.9999684  12.9999684
61.0599999  12.9999677  12.9999677
61.0699999  12.9999669  12.9999669
61.0799999  12.9999662  12.9999662
61.0899999  12.9999656  12.9999656
61.0999999  12.9999649  12.9999649
61.1099999  12.9999642  12.9999642
61.1199999  12.9999636  12.9999636
61.1299999  12.9999629  12.9999629
61.1399999  12.9999623  12.9999623
61.1499999  12.9999617  12.9999617
61.1599999  12.9999611  12.9999611
61.1699999  12.9999605  12.9999605
61.1799999  12.9999600  12.9999600
61.1899999  12.9999594  12.9999594
61.1999999  12.9999589  12.9999589
61.2099999  12.9999583  12.9999583
61.2199999  12.9999578  12.9999578
61.2299999  12.9999573  12.9999573
61.2399999  12.9999569  12.9999569
61.2499999  12.9999564  12.9999564
61.2599999  12.9999560  12.9999560
61.2699999  12.9999555  12.9999555
61.2799999  12.9999551  12.9999551
61.2899999  12.9999547  12.9999547
61.2999999  12.9999543  12.9999543
61.3099999  12.9999540  12.9999540
61.3199999  12.9999536  12.9999536
61.3299999  12.9999533  12.9999533
61.3399999  12.9999530  12.9999530
61.3499999  12.9999527  12.9999527
61.3599999  12.9999524  12.9999524
61.3699999  12.9999521  12.9999521
61.3799999  12.9999519  12.9999519
61.3899999  12.9999516  12.9999516
61.3999999  12.9999514  12.9999514
61.4099999  12.9999512  12.9999512
61.4199999  12.9999510  12.9999510
61.4299999  12.9999508  12.9999508
61.4399999  12.9999507  12.9999507
61.4499999  12.9999505  12.9999505
61.4599999  12.9999504  12.9999504
61.4699999  12.9999503  12.9999503
61.4799999  12.9999502  12.9999502
61.4899999  12.9999502  12.9999502
61.4999999  12.9999501  12.9999501
61.5099999  12.9999501  12.9999501
61.5199999  12.9999500  12.9999500
61.5299999  12.9999500  12.9999500
61.5399999  12.9999500  12.9999500
61.5499999  12.9999500  12.9999500
61.5599999  12.9999501  12.9999501
61.5699999  12.9999501  12.9999501
61.5799999  12.9999502  12.9999502
61.5899999  12.9999503  12.9999503
61.5999999  12.9999504  12.9999504
61.6099999  12.9999505  12.9999505
61.6199999  12.9999507  12.9999507
61.6299999  12.9999508  12.9999508
61.6399999  12.9999510  12.9999510
61.6499999  12.9999511  12.9999511
61.6599999  12.9999513  12.9999513
61.6699999  12.9999515  12.9999515
61.6799999  12.9999518  12.9999518
61.6899999  12.9999520  12.9999520
61.6999999  12.9999523  12.9999523
61.7099999  12.9999525  12.9999525
61.7199999  12.9999528  12.9999528
61.7299999  12.9999531  12.9999531
61.7399999  12.9999534  12.9999534
61.7499999  12.9999537  12.9999537
61.7599999  12.9999541  12.9999541
61.7699999  12.9999544  12.9999544
61.7799999  12.9999548  12.9999548
61.7899999  12.9999552  12.9999552
61.7999999  12.9999556  12.9999556
61.8099999  12.9999560  12.9999560
61.8199999  12.9999564  12.9999564
61.8299999  12.9999568  12.9999568
61.8399999  12.9999573  12.9999573
61.8499999  12.9999577  12.9999577
61.8599999  12.9999582  12.9999582
61.8699999  12.9999587  12.9999587
61.8799999  12.9999592  12.9999592
61.8899999  12.9999597  12.9999597
61.8999999  12.9999602  12.9999602
61.9099999  12.9999607  12.9999607
61.9199999  12.9999612  12.9999612
61.9299999  12.9999618  12.9999618
61.9399999  12.9999624  12.9999624
61.9499999  12.9999629  12.9999629
61.9599999  12.9999635  12.9999635
61.9699999  12.9999641  12.9999641
61.9799999  12.9999647  12.9999647
61.9899999  12.9999653  12.9999653
61.9999999  12.9999659  12.9999659
62.0099999  12.9999665  12.9999665
62.0199999  12.9999672  12.9999672
62.0299999  12.9999678  12.9999678
62.0399999  12.9999685  12.9999685
62.0499999  12.9999691  12.9999691
62.0599999  12.9999698  12.9999698
62.0699999  12.9999705  12.9999705
62.0799999  12.9999711  12.9999711
62.0899999  12.9999718  12.9999718
62.0999999  12.9999725  12.9999725
62.1099999  12.9999732  12.9999732
62.1199999  12.9999739  12.9999739
62.1299999  12.9999746  12.9999746
62.1399999  12.9999754  12.9999754
62.1499999  12.9999761  12.9999761
62.1599999  12.9999768  12.9999768
62.1699999  12.9999776  12.9999776
62.1799999  12.9999783  12.9999783
62.1899999  12.9999790  12.9999790
62.1999999  12.9999798  12.9999798
62.2099999  12.9999805  12.9999805
62.2199999  12.9999813  12.9999813
62.2299999  12.9999821  12.9999821
62.2399999  12.9999828  12.9999828
62.2499999  12.9999836  12.9999836
62.2599999  12.9999844  12.9999844
62.2699999  12.9999851  12.9999851
62.2799999  12.9999859  12.9999859
62.2899999  12.9999867  12.9999867
62.2999999  12.9999875  12.9999875
62.3099999  12.9999882  12.9999882
62.3199999  12.9999890  12.9999890
62.3299999  12.9999898  12.9999898
62.3399999  12.9999906  12.9999906
62.3499999  12.9999914  12.9999914
62.3599999  12.9999922  12.9999922
62.3699999  12.9999929  12.9999929
62.3799999  12.9999937  12.9999937
62.3899999  12.9999945  12.9999945
62.3999999  12.9999953  12.9999953
62.4099999  12.9999961  12.9999961
62.4199999  12.9999969  12.9999969
62.4299999  12.9999976  12.9999976
62.4399999  12.9999984  12.9999984
62.4499999  12.9999992  12.9999992
62.4599999  13.0000000  13.0000000
62.4699999  13.0000007  13.0000007
62.4799999  13.0000015  13.0000015
62.4899999  13.0000023  13.0000023
62.4999999  13.0000030  13.0000030
62.5099999  13.0000038  13.0000038
62.5199999  13.0000045  13.0000045
62.5299999  13.0000053  13.0000053
62.5399999  13.0000060  13.0000060
62.5499999  13.0000068  13.0000068
62.5599999  13.0000075  13.0000075
62.5699999  13.0000082  13.0000082
62.5799999  13.0000090  13.0000090
62.5899999  13.0000097  13.0000097
62.5999999  13.0000104  13.0000104
62.6099999  13.0000111  13.0000111
62.6199999  13.0000118  13.0000118
62.6299999  13.0000125  13.0000125
62.6399999  13.0000132  13.0000132
62.6499999  13.0000139  13.0000139
62.6599999  13.0000146  13.0000146
62.6699999  13.0000153  13.0000153
62.6799999  13.0000159  13.0000159
62.6899999  13.0000166  13.0000166
62.6999999  13.0000172  13.0000172
62.7099999  13.0000179  13.0000179
62.7199999  13.0000185  13.0000185
62.7299999  13.0000191  13.0000191
62.7399999  13.0000198  13.0000198
62.7499999  13.0000204  13.0000204
62.7599999  13.0000210  13.0000210
62.7699999  13.0000216  13.0000216
62.7799999  13.0000221  13.0000221
62.7899999  13.0000227  13.0000227
62.7999999  13.0000233  13.0000233
62.8099999  13.0000238  13.0000238
62.8199999  13.0000244  13.0000244
62.8299999  13.0000249  13.0000249
62.8399999  13.0000255  13.0000255
62.8499999  13.0000260  13.0000260
62.8599999  13.0000265  13.0000265
62.8699999  13.0000270  13.0000270
62.8799999  13.0000275  13.0000275
62.8899999  13.0000280  13.0000280
62.8999999  13.0000284  13.0000284
62.9099999  13.0000289  13.0000289
62.9199999  13.0000293  13.0000293
62.9299999  13.0000298  13.0000298
62.9399999  13.0000302  13.0000302
62.9499999  13.0000306  13.0000306
62.9599999  13.0000310  13.0000310
62.9699999  13.0000314  13.0000314
62.9799999  13.0000318  13.0000318
62.9899999  13.0000321  13.0000321
62.9999999  13.0000325  13.0000325
63.0099999  13.0000328  13.0000328
63.0199999  13.0000332  13.0000332
63.0299999  13.0000335  13.0000335
63.0399999  13.0000338  13.0000338
63.0499999  13.0000341  13.0000341
63.0599999  13.0000344  13.0000344
63.0699999  13.0000346  13.0000346
63.0799999  13.0000349  13.0000349
63.0899999  13.0000352  13.0000352
63.0999999  13.0000354  13.0000354
63.1099999  13.0000356  13.0000356
63.1199999  13.0000358  13.0000358
63.1299999  13.0000360  13.0000360
63.1399999  13.0000362  13.0000362
63.1499999  13.0000364  13.0000364
63.1599999  13.0000366  13.0000366
63.1699999  13.0000367  13.0000367
63.1799999  13.0000369  13.0000369
63.1899999  13.0000370  13.0000370
63.1999999  13.0000371  13.0000371
63.2099999  13.0000372  13.0000372
63.2199999  13.0000373  13.0000373
63.2299999  13.0000374  13.0000374
63.2399999  13.0000374  13.0000374
63.2499999  13.0000375  13.0000375
63.2599999  13.0000375  13.0000375
63.2699999  13.0000376  13.0000376
63.2799999  13.0000376  13.0000376
63.2899999  13.0000376  13.0000376
63.2999999  13.0000376  13.0000376
63.3099999  13.0000375  13.0000375
63.3199999  13.0000375  13.0000375
63.3299999  13.0000375  13.0000375
63.3399999  13.0000374  13.0000374
63.3499999  13.0000373  13.0000373
63.3599999  13.0000373  13.0000373
63.3699999  13.0000372  13.0000372
63.3799999  13.0000371  13.0000371
63.3899999  13.0000370  13.0000370
63.3999999  13.0000368  13.0000368
63.4099999  13.0000367  13.0000367
63.4199999  13.0000365  13.0000365
63.4299999  13.0000364  13.0000364
63.4399999  13.0000362  13.0000362
63.4499999  13.0000360  13.0000360
63.4599999  13.0000358  13.0000358
63.4699999  13.0000356  13.0000356
63.4799999  13.0000354  13.0000354
63.4899999  13.0000352  13.0000352
63.4999999  13.0000350  13.0000350
63.5099999  13.0000347  13.0000347
63.5199999  13.0000345  13.0000345
63.5299999  13.0000342  13.0000342
63.5399999  13.0000339  13.0000339
63.5499999  13.0000336  13.0000336
63.5599999  13.0000333  13.0000333
63.5699999  13.0000330  13.0000330
63.5799999  13.0000327  13.0000327
63.5899999  13.0000324  13.0000324
63.5999999  13.0000320  13.0000320
63.6099999  13.0000317  13.0000317
63.6199999  13.0000313  13.0000313
63.6299999  13.0000310  13.0000310
63.6399999  13.0000306  13.0000306
63.6499999  13.0000302  13.0000302
63.6599999  13.0000298  13.0000298
63.6699999  13.0000294  13.0000294
63.6799999  13.0000290  13.0000290
63.6899999  13.0000286  13.0000286
63.6999999  13.0000282  13.0000282
63.7099999  13.0000278  13.0000278
63.7199999  13.0000273  13.0000273
63.7299999  13.0000269  13.0000269
63.7399999  13.0000264  13.0000264
63.7499999  13.0000260  13.0000260
63.7599999  13.0000255  13.0000255
63.7699999  13.0000250  13.0000250
63.7799999  13.0000246  13.0000246
63.7899999  13.0000241  13.0000241
63.7999999  13.0000236  13.0000236
63.8099999  13.0000231  13.0000231
63.8199999  13.0000226  13.0000226
63.8299999  13.0000221  13.0000221
63.8399999  13.0000216  13.0000216
63.8499999  13.0000210  13.0000210
63.8599999  13.0000205  13.0000205
63.8699999  13.0000200  13.0000200
63.8799999  13.0000194  13.0000194
63.8899999  13.0000189  13.0000189
63.8999999  13.0000184  13.0000184
63.9099999  13.0000178  13.0000178
63.9199999  13.0000173  13.0000173
63.9299999  13.0000167  13.0000167
63.9399999  13.0000162  13.0000162
63.9499999  13.0000156  13.0000156
63.9599999  13.0000150  13.0000150
63.9699999  13.0000145  13.0000145
63.9799999  13.0000139  13.0000139
63.9899999  13.0000133  13.0000133
63.9999999  13.0000127  13.0000127
64.0099999  13.0000122  13.0000122
64.0199999  13.0000116  13.0000116
64.0299999  13.0000110  13.0000110
64.0399999  13.0000104  13.0000104
64.0499999  13.0000098  13.0000098
64.0599999  13.0000092  13.0000092
64.0699999  13.0000086  13.0000086
64.0799999  13.0000081  13.0000081
64.0899999  13.0000075  13.0000075
64.0999999  13.0000069  13.0000069
64.1099999  13.0000063  13.0000063
64.1199999  13.0000057  13.0000057
64.1299999  13.0000051  13.0000051
64.1399999  13.0000045  13.0000045
64.1499999  13.0000039  13.0000039
64.1599999  13.0000033  13.0000033
64.1699999  13.0000027  13.0000027
64.1799999  13.0000022  13.0000022
64.1899999  13.0000016  13.0000016
64.1999999  13.0000010  13.0000010
64.2099999  13.0000004  13.0000004
64.2199999  12.9999998  12.9999998
64.2299999  12.9999992  12.9999992
64.2399999  12.9999987  12.9999987
64.2499999  12.9999981  12.9999981
64.2599999  12.9999975  12.9999975
64.2699999  12.9999969  12.9999969
64.2799999  12.9999964  12.9999964
64.2899999  12.9999958  12.9999958
64.2999999  12.9999952  12.9999952
64.3099999  12.9999947  12.9999947
64.3199999  12.9999941  12.9999941
64.3299999  12.9999936  12.9999936
64.3399999  12.9999930  12.9999930
64.3499999  12.9999925  12.9999925
64.3599999  12.9999920  12.9999920
64.3699999  12.9999914  12.9999914
64.3799999  12.9999909  12.9999909
64.3899999  12.9999904  12.9999904
64.3999999  12.9999898  12.9999898
64.4099999  12.9999893  12.9999893
64.4199999  12.9999888  12.9999888
64.4299999  12.9999883  12.9999883
64.4399999  12.9999878  12.9999878
64.4499999  12.9999873  12.9999873
64.4599999  12.9999868  12.9999868
64.4699999  12.9999863  12.9999863
64.4799999  12.9999859  12.9999859
64.4899999  12.9999854  12.9999854
64.4999999  12.9999849  12.9999849
64.5099999  12.9999845  12.9999845
64.5199999  12.9999840  12.9999840
64.5299999  12.9999836  12.9999836
64.5399999  12.9999831  12.9999831
64.5499999  12.9999827  12.9999827
64.5599999  12.9999823  12.9999823
64.5699999  12.9999819  12.9999819
64.5799999  12.9999814  12.9999814
64.5899999  12.9999810  12.9999810
64.5999999  12.9999806  12.9999806
64.6099999  12.9999803  12.9999803
64.6199999  12.9999799  12.9999799
64.6299999  12.9999795  12.9999795
64.6399999  12.9999791  12.9999791
64.6499999  12.9999788  12.9999788
64.6599999  12.9999784  12.9999784
64.6699999  12.9999781  12.9999781
64.6799999  12.9999777  12.9999777
64.6899999  12.9999774  12.9999774
64.6999999  12.9999771  12.9999771
64.7099999  12.9999768  12.9999768
64.7199999  12.9999765  12.9999765
64.7299999  12.9999762  12.9999762
64.7399999  12.9999759  12.9999759
64.7499999  12.9999756  12.9999756
64.7599999  12.9999754  12.9999754
64.7699999  12.9999751  12.9999751
64.7799999  12.9999749  12.9999749
64.7899999  12.9999746  12.9999746
64.7999999  12.9999744  12.9999744
64.8099999  12.9999742  12.9999742
64.8199999  12.9999740  12.9999740
64.8299999  12.9999738  12.9999738
64.8399999  12.9999736  12.9999736
64.8499999  12.9999734  12.9999734
64.8599999  12.9999732  12.9999732
64.8699999  12.9999730  12.9999730
64.8799999  12.9999729  12.9999729
64.8899999  12.9999727  12.9999727
64.8999999  12.9999726  12.9999726
64.9099999  12.9999725  12.9999725
64.9199999  12.9999723  12.9999723
64.9299999  12.9999722  12.9999722
64.9399999  12.9999721  12.9999721
64.9499999  12.9999720  12.9999720
64.9599999  12.9999719  12.9999719
64.9699999  12.9999719  12.9999719
64.9799999  12.9999718  12.9999718
64.9899999  12.9999717  12.9999717
64.9999999  12.9999717  12.9999717
65.0099999  12.9999717  12.9999717
65.0199999  12.9999716  12.9999716
65.0299999  12.9999716  12.9999716
65.0399999  12.9999716  12.9999716
65.0499999  12.9999716  12.9999716
65.0599999  12.9999716  12.9999716
65.0699999  12.9999716  12.9999716
65.0799999  12.9999717  12.9999717
65.0899999  12.9999717  12.9999717
65.0999999  12.9999717  12.9999717
65.1099999  12.9999718  12.9999718
65.1199999  12.9999718  12.9999718
65.1299999  12.9999719  12.9999719
65.1399999  12.9999720  12.9999720
65.1499999  12.9999721  12.9999721
65.1599999  12.9999722  12.9999722
65.1699999  12.9999723  12.9999723
65.1799999  12.9999724  12.9999724
65.1899999  12.9999725  12.9999725
65.1999999  12.9999727  12.9999727
65.2099999  12.9999728  12.9999728
65.2199999  12.9999729  12.9999729
65.2299999  12.9999731  12.9999731
65.2399999  12.9999733  12.9999733
65.2499999  12.9999734  12.9999734
65.2599999  12.9999736  12.9999736
65.2699999  12.9999738  12.9999738
65.2799999  12.9999740  12.9999740
65.2899999  12.9999742  12.9999742
65.2999999  12.9999744  12.9999744
65.3099999  12.9999746  12.9999746
65.3199999  12.9999749  12.9999749
65.3299999  12.9999751  12.9999751
65.3399999  12.9999753  12.9999753
65.3499999  12.9999756  12.9999756
65.3599999  12.9999758  12.9999758
65.3699999  12.9999761  12.9999761
65.3799999  12.9999764  12.9999764
65.3899999  12.9999766  12.9999766
65.3999999  12.9999769  12.9999769
65.4099999  12.9999772  12.9999772
65.4199999  12.9999775  12.9999775
65.4299999  12.9999778  12.9999778
65.4399999  12.9999781  12.9999781
65.4499999  12.9999784  12.9999784
65.4599999  12.9999787  12.9999787
65.4699999  12.9999791  12.9999791
65.4799999  12.9999794  12.9999794
65.4899999  12.9999797  12.9999797
65.4999999  12.9999801  12.9999801
65.5099999  12.9999804  12.9999804
65.5199999  12.9999808  12.9999808
65.5299999  12.9999811  12.9999811
65.5399999  12.9999815  12.9999815
65.5499999  12.9999819  12.9999819
65.5599999  12.9999822  12.9999822
65.5699999  12.9999826  12.9999826
65.5799999  12.9999830  12.9999830
65.5899999  12.9999834  12.9999834
65.5999999  12.9999838  12.9999838
65.6099999  12.9999841  12.9999841
65.6199999  12.9999845  12.9999845
65.6299999  12.9999849  12.9999849
65.6399999  12.9999853  12.9999853
65.6499999  12.9999858  12.9999858
65.6599999  12.9999862  12.9999862
65.6699999  12.9999866  12.9999866
65.6799999  12.9999870  12.9999870
65.6899999  12.9999874  12.9999874
65.6999999  12.9999878  12.9999878
65.7099999  12.9999883  12.9999883
65.7199999  12.9999887  12.9999887
65.7299999  12.9999891  12.9999891
65.7399999  12.9999895  12.9999895
65.7499999  12.9999900  12.9999900
65.7599999  12.9999904  12.9999904
65.7699999  12.9999908  12.9999908
65.7799999  12.9999913  12.9999913
65.7899999  12.9999917  12.9999917
65.7999999  12.9999922  12.9999922
65.8099999  12.9999926  12.9999926
65.8199999  12.9999930  12.9999930
65.8299999  12.9999935  12.9999935
65.8399999  12.9999939  12.9999939
65.8499999  12.9999944  12.9999944
65.8599999  12.9999948  12.9999948
65.8699999  12.9999953  12.9999953
65.8799999  12.9999957  12.9999957
65.8899999  12.9999962  12.9999962
65.8999999  12.9999966  12.9999966
65.9099999  12.9999971  12.9999971
65.9199999  12.9999975  12.9999975
65.9299999  12.9999979  12.9999979
65.9399999  12.9999984  12.9999984
65.9499999  12.9999988  12.9999988
65.9599999  12.9999993  12.9999993
65.9699999  12.9999997  12.9999997
65.9799999  13.0000001  13.0000001
65.9899999  13.0000006  13.0000006
65.9999999  13.0000010  13.0000010
66.0099999  13.0000014  13.0000014
66.0199999  13.0000019  13.0000019
66.0299999  13.0000023  13.0000023
66.0399999  13.0000027  13.0000027
66.0499999  13.0000032  13.0000032
66.0599999  13.0000036  13.0000036
66.0699999  13.0000040  13.0000040
66.0799999  13.0000044  13.0000044
66.0899999  13.0000048  13.0000048
66.0999999  13.0000052  13.0000052
66.1099999  13.0000057  13.0000057
66.1199999  13.0000061  13.0000061
66.1299999  13.0000065  13.0000065
66.1399999  13.0000069  13.0000069
66.1499999  13.0000073  13.0000073
66.1599999  13.0000076  13.0000076
66.1699999  13.0000080  13.0000080
66.1799999  13.0000084  13.0000084
66.1899999  13.0000088  13.0000088
66.1999999  13.0000092  13.0000092
66.2099999  13.0000095  13.0000095
66.2199999  13.0000099  13.0000099
66.2299999  13.0000103  13.0000103
66.2399999  13.0000106  13.0000106
66.2499999  13.0000110  13.0000110
66.2599999  13.0000113  13.0000113
66.2699999  13.0000117  13.0000117
66.2799999  13.0000120  13.0000120
66.2899999  13.0000124  13.0000124
66.2999999  13.0000127  13.0000127
66.3099999  13.0000130  13.0000130
66.3199999  13.0000133  13.0000133
66.3299999  13.0000137  13.0000137
66.3399999  13.0000140  13.0000140
66.3499999  13.0000143  13.0000143
66.3599999  13.0000146  13.0000146
66.3699999  13.0000149  13.0000149
66.3799999  13.0000151  13.0000151
66.3899999  13.0000154  13.0000154
66.3999999  13.0000157  13.0000157
66.4099999  13.0000160  13.0000160
66.4199999  13.0000162  13.0000162
66.4299999  13.0000165  13.0000165
66.4399999  13.0000167  13.0000167
66.4499999  13.0000170  13.0000170
66.4599999  13.0000172  13.0000172
66.4699999  13.0000174  13.0000174
66.4799999  13.0000177  13.0000177
66.4899999  13.0000179  13.0000179
66.4999999  13.0000181  13.0000181
66.5099999  13.0000183  13.0000183
66.5199999  13.0000185  13.0000185
66.5299999  13.0000187  13.0000187
66.5399999  13.0000189  13.0000189
66.5499999  13.0000191  13.0000191
66.5599999  13.0000192  13.0000192
66.5699999  13.0000194  13.0000194
66.5799999  13.0000196  13.0000196
66.5899999  13.0000197  13.0000197
66.5999999  13.0000199  13.0000199
66.6099999  13.0000200  13.0000200
66.6199999  13.0000201  13.0000201
66.6299999  13.0000203  13.0000203
66.6399999  13.0000204  13.0000204
66.6499999  13.0000205  13.0000205
66.6599999  13.0000206  13.0000206
66.6699999  13.0000207  13.0000207
66.6799999  13.0000208  13.0000208
66.6899999  13.0000209  13.0000209
66.6999999  13.0000209  13.0000209
66.7099999  13.0000210  13.0000210
66.7199999  13.0000211  13.0000211
66.7299999  13.0000211  13.0000211
66.7399999  13.0000212  13.0000212
66.7499999  13.0000212  13.0000212
66.7599999  13.0000212  13.0000212
66.7699999  13.0000213  13.0000213
66.7799999  13.0000213  13.0000213
66.7899999  13.0000213  13.0000213
66.7999999  13.0000213  13.0000213
66.8099999  13.0000213  13.0000213
66.8199999  13.0000213  13.0000213
66.8299999  13.0000213  13.0000213
66.8399999  13.0000213  13.0000213
66.8499999  13.0000212  13.0000212
66.8599999  13.0000212  13.0000212
66.8699999  13.0000212  13.0000212
66.8799999  13.0000211  13.0000211
66.8899999  13.0000211  13.0000211
66.8999999  13.0000210  13.0000210
66.9099999  13.0000209  13.0000209
66.9199999  13.0000209  13.0000209
66.9299999  13.0000208  13.0000208
66.9399999  13.0000207  13.0000207
66.9499999  13.0000206  13.0000206
66.9599999  13.0000205  13.0000205
66.9699999  13.0000204  13.0000204
66.9799999  13.0000203  13.0000203
66.9899999  13.0000202  13.0000202
66.9999999  13.0000200  13.0000200
67.0099999  13.0000199  13.0000199
67.0199999  13.0000198  13.0000198
67.0299999  13.0000196  13.0000196
67.0399999  13.0000195  13.0000195
67.0499999  13.0000193  13.0000193
67.0599999  13.0000192  13.0000192
67.0699999  13.0000190  13.0000190
67.0799999  13.0000188  13.0000188
67.0899999  13.0000186  13.0000186
67.0999999  13.0000185  13.0000185
67.1099999  13.0000183  13.0000183
67.1199999  13.0000181  13.0000181
67.1299999  13.0000179  13.0000179
67.1399999  13.0000177  13.0000177
67.1499999  13.0000175  13.0000175
67.1599999  13.0000173  13.0000173
67.1699999  13.0000170  13.0000170
67.1799999  13.0000168  13.0000168
67.1899999  13.0000166  13.0000166
67.1999999  13.0000164  13.0000164
67.2099999  13.0000161  13.0000161
67.2199999  13.0000159  13.0000159
67.2299999  13.0000156  13.0000156
67.2399999  13.0000154  13.0000154
67.2499999  13.0000151  13.0000151
67.2599999  13.0000149  13.0000149
67.2699999  13.0000146  13.0000146
67.2799999  13.0000143  13.0000143
67.2899999  13.0000141  13.0000141
67.2999999  13.0000138  13.0000138
67.3099999  13.0000135  13.0000135
67.3199999  13.0000132  13.0000132
67.3299999  13.0000130  13.0000130
67.3399999  13.0000127  13.0000127
67.3499999  13.0000124  13.0000124
67.3599999  13.0000121  13.0000121
67.3699999  13.0000118  13.0000118
67.3799999  13.0000115  13.0000115
67.3899999  13.0000112  13.0000112
67.3999999  13.0000109  13.0000109
67.4099999  13.0000106  13.0000106
67.4199999  13.0000103  13.0000103
67.4299999  13.0000100  13.0000100
67.4399999  13.0000096  13.0000096
67.4499999  13.0000093  13.0000093
67.4599999  13.0000090  13.0000090
67.4699999  13.0000087  13.0000087
67.4799999  13.0000084  13.0000084
67.4899999  13.0000080  13.0000080
67.4999999  13.0000077  13.0000077
67.5099999  13.0000074  13.0000074
67.5199999  13.0000071  13.0000071
67.5299999  13.0000067  13.0000067
67.5399999  13.0000064  13.0000064
67.5499999  13.0000061  13.0000061
67.5599999  13.0000057  13.0000057
67.5699999  13.0000054  13.0000054
67.5799999  13.0000051  13.0000051
67.5899999  13.0000047  13.0000047
67.5999999  13.0000044  13.0000044
67.6099999  13.0000041  13.0000041
67.6199999  13.0000037  13.0000037
67.6299999  13.0000034  13.0000034
67.6399999  13.0000031  13.0000031
67.6499999  13.0000027  13.0000027
67.6599999  13.0000024  13.0000024
67.6699999  13.0000021  13.0000021
67.6799999  13.0000017  13.0000017
67.6899999  13.0000014  13.0000014
67.6999999  13.0000011  13.0000011
67.7099999  13.0000007  13.0000007
67.7199999  13.0000004  13.0000004
67.7299999  13.0000001  13.0000001
67.7399999  12.9999997  12.9999997
67.7499999  12.9999994  12.9999994
67.7599999  12.9999991  12.9999991
67.7699999  12.9999988  12.9999988
67.7799999  12.9999984  12.9999984
67.7899999  12.9999981  12.9999981
67.7999999  12.9999978  12.9999978
67.8099999  12.9999975  12.9999975
67.8199999  12.9999971  12.9999971
67.8299999  12.9999968  12.9999968
67.8399999  12.9999965  12.9999965
67.8499999  12.9999962  12.9999962
67.8599999  12.9999959  12.9999959
67.8699999  12.9999956  12.9999956
67.8799999  12.9999953  12.9999953
67.8899999  12.9999950  12.9999950
67.8999999  12.9999947  12.9999947
67.9099999  12.9999944  12.9999944
67.9199999  12.9999941  12.9999941
67.9299999  12.9999938  12.9999938
67.9399999  12.9999935  12.9999935
67.9499999  12.9999932  12.9999932
67.9599999  12.9999929  12.9999929
67.9699999  12.9999927  12.9999927
67.9799999  12.9999924  12.9999924
67.9899999  12.9999921  12.9999921
67.9999999  12.9999918  12.9999918
68.0099999  12.9999916  12.9999916
68.0199999  12.9999913  12.9999913
68.0299999  12.9999911  12.9999911
68.0399999  12.9999908  12.9999908
68.0499999  12.9999905  12.9999905
68.0599999  12.9999903  12.9999903
68.0699999  12.9999901  12.9999901
68.0799999  12.9999898  12.9999898
68.0899999  12.9999896  12.9999896
68.0999999  12.9999893  12.9999893
68.1099999  12.9999891  12.9999891
68.1199999  12.9999889  12.9999889
68.1299999  12.9999887  12.9999887
68.1399999  12.9999885  12.9999885
68.1499999  12.9999882  12.9999882
68.1599999  12.9999880  12.9999880
68.1699999  12.9999878  12.9999878
68.1799999  12.9999876  12.9999876
68.1899999  12.9999875  12.9999875
68.1999999  12.9999873  12.9999873
68.2099999  12.9999871  12.9999871
68.2199999  12.9999869  12.9999869
68.2299999  12.9999867  12.9999867
68.2399999  12.9999866  12.9999866
68.2499999  12.9999864  12.9999864
68.2599999  12.9999862  12.9999862
68.2699999  12.9999861  12.9999861
68.2799999  12.9999859  12.9999859
68.2899999  12.9999858  12.9999858
68.2999999  12.9999857  12.9999857
68.3099999  12.9999855  12.9999855
68.3199999  12.9999854  12.9999854
68.3299999  12.9999853  12.9999853
68.3399999  12.9999851  12.9999851
68.3499999  12.9999850  12.9999850
68.3599999  12.9999849  12.9999849
68.3699999  12.9999848  12.9999848
68.3799999  12.9999847  12.9999847
68.3899999  12.9999846  12.9999846
68.3999999  12.9999845  12.9999845
68.4099999  12.9999845  12.9999845
68.4199999  12.9999844  12.9999844
68.4299999  12.9999843  12.9999843
68.4399999  12.9999842  12.9999842
68.4499999  12.9999842  12.9999842
68.4599999  12.9999841  12.9999841
68.4699999  12.9999841  12.9999841
68.4799999  12.9999840  12.9999840
68.4899999  12.9999840  12.9999840
68.4999999  12.9999840  12.9999840
68.5099999  12.9999839  12.9999839
68.5199999  12.9999839  12.9999839
68.5299999  12.9999839  12.9999839
68.5399999  12.9999839  12.9999839
68.5499999  12.9999839  12.9999839
68.5599999  12.9999839  12.9999839
68.5699999  12.9999839  12.9999839
68.5799999  12.9999839  12.9999839
68.5899999  12.9999839  12.9999839
68.5999999  12.9999839  12.9999839
68.6099999  12.9999839  12.9999839
68.6199999  12.9999839  12.9999839
68.6299999  12.9999840  12.9999840
68.6399999  12.9999840  12.9999840
68.6499999  12.9999841  12.9999841
68.6599999  12.9999841  12.9999841
68.6699999  12.9999841  12.9999841
68.6799999  12.9999842  12.9999842
68.6899999  12.9999843  12.9999843
68.6999999  12.9999843  12.9999843
68.7099999  12.9999844  12.9999844
68.7199999  12.9999845  12.9999845
68.7299999  12.9999846  12.9999846
68.7399999  12.9999847  12.9999847
68.7499999  12.9999847  12.9999847
68.7599999  12.9999848  12.9999848
68.7699999  12.9999849  12.9999849
68.7799999  12.9999850  12.9999850
68.7899999  12.9999851  12.9999851
68.7999999  12.9999853  12.9999853
68.8099999  12.9999854  12.9999854
68.8199999  12.9999855  12.9999855
68.8299999  12.9999856  12.9999856
68.8399999  12.9999858  12.9999858
68.8499999  12.9999859  12.9999859
68.8599999  12.9999860  12.9999860
68.8699999  12.9999862  12.9999862
68.8799999  12.9999863  12.9999863
68.8899999  12.9999865  12.9999865
68.8999999  12.9999866  12.9999866
68.9099999  12.9999868  12.9999868
68.9199999  12.9999869  12.9999869
68.9299999  12.9999871  12.9999871
68.9399999  12.9999873  12.9999873
68.9499999  12.9999874  12.9999874
68.9599999  12.9999876  12.9999876
68.9699999  12.9999878  12.9999878
68.9799999  12.9999880  12.9999880
68.9899999  12.9999882  12.9999882
68.9999999  12.9999884  12.9999884
69.0099999  12.9999886  12.9999886
69.0199999  12.9999887  12.9999887
69.0299999  12.9999889  12.9999889
69.0399999  12.9999891  12.9999891
69.0499999  12.9999893  12.9999893
69.0599999  12.9999896  12.9999896
69.0699999  12.9999898  12.9999898
69.0799999  12.9999900  12.9999900
69.0899999  12.9999902  12.9999902
69.0999999  12.9999904  12.9999904
69.1099999  12.9999906  12.9999906
69.1199999  12.9999908  12.9999908
69.1299999  12.9999911  12.9999911
69.1399999  12.9999913  12.9999913
69.1499999  12.9999915  12.9999915
69.1599999  12.9999918  12.9999918
69.1699999  12.9999920  12.9999920
69.1799999  12.9999922  12.9999922
69.1899999  12.9999925  12.9999925
69.1999999  12.9999927  12.9999927
69.2099999  12.9999929  12.9999929
69.2199999  12.9999932  12.9999932
69.2299999  12.9999934  12.9999934
69.2399999  12.9999937  12.9999937
69.2499999  12.9999939  12.9999939
69.2599999  12.9999941  12.9999941
69.2699999  12.9999944  12.9999944
69.2799999  12.9999946  12.9999946
69.2899999  12.9999949  12.9999949
69.2999999  12.9999951  12.9999951
69.3099999  12.9999954  12.9999954
69.3199999  12.9999956  12.9999956
69.3299999  12.9999959  12.9999959
69.3399999  12.9999961  12.9999961
69.3499999  12.9999964  12.9999964
69.3599999  12.9999966  12.9999966
69.3699999  12.9999969  12.9999969
69.3799999  12.9999971  12.9999971
69.3899999  12.9999974  12.9999974
69.3999999  12.9999977  12.9999977
69.4099999  12.9999979  12.9999979
69.4199999  12.9999982  12.9999982
69.4299999  12.9999984  12.9999984
69.4399999  12.9999987  12.9999987
69.4499999  12.9999989  12.9999989
69.4599999  12.9999992  12.9999992
69.4699999  12.9999994  12.9999994
69.4799999  12.9999997  12.9999997
69.4899999  12.9999999  12.9999999
69.4999999  13.0000002  13.0000002
69.5099999  13.0000004  13.0000004
69.5199999  13.0000007  13.0000007
69.5299999  13.0000009  13.0000009
69.5399999  13.0000011  13.0000011
69.5499999  13.0000014  13.0000014
69.5599999  13.0000016  13.0000016
69.5699999  13.0000019  13.0000019
69.5799999  13.0000021  13.0000021
69.5899999  13.0000024  13.0000024
69.5999999  13.0000026  13.0000026
69.6099999  13.0000028  13.0000028
69.6199999  13.0000031  13.0000031
69.6299999  13.0000033  13.0000033
69.6399999  13.0000035  13.0000035
69.6499999  13.0000037  13.0000037
69.6599999  13.0000040  13.0000040
69.6699999  13.0000042  13.0000042
69.6799999  13.0000044  13.0000044
69.6899999  13.0000046  13.0000046
69.6999999  13.0000049  13.0000049
69.7099999  13.0000051  13.0000051
69.7199999  13.0000053  13.0000053
69.7299999  13.0000055  13.0000055
69.7399999  13.0000057  13.0000057
69.7499999  13.0000059  13.0000059
69.7599999  13.0000061  13.0000061
69.7699999  13.0000063  13.0000063
69.7799999  13.0000065  13.0000065
69.7899999  13.0000067  13.0000067
69.7999999  13.0000069  13.0000069
69.8099999  13.0000071  13.0000071
69.8199999  13.0000073  13.0000073
69.8299999  13.0000074  13.0000074
69.8399999  13.0000076  13.0000076
69.8499999  13.0000078  13.0000078
69.8599999  13.0000080  13.0000080
69.8699999  13.0000081  13.0000081
69.8799999  13.0000083  13.0000083
69.8899999  13.0000085  13.0000085
69.8999999  13.0000086  13.0000086
69.9099999  13.0000088  13.0000088
69.9199999  13.0000090  13.0000090
69.9299999  13.0000091  13.0000091
69.9399999  13.0000093  13.0000093
69.9499999  13.0000094  13.0000094
69.9599999  13.0000095  13.0000095
69.9699999  13.0000097  13.0000097
69.9799999  13.0000098  13.0000098
69.9899999  13.0000099  13.0000099
69.9999999  13.0000101  13.0000101
70.0099999  13.0000102  13.0000102
70.0199999  13.0000103  13.0000103
70.0299999  13.0000104  13.0000104
70.0399999  13.0000105  13.0000105
70.0499999  13.0000106  13.0000106
70.0599999  13.0000107  13.0000107
70.0699999  13.0000108  13.0000108
70.0799999  13.0000109  13.0000109
70.0899999  13.0000110  13.0000110
70.0999999  13.0000111  13.0000111
70.1099999  13.0000112  13.0000112
70.1199999  13.0000113  13.0000113
70.1299999  13.0000114  13.0000114
70.1399999  13.0000114  13.0000114
70.1499999  13.0000115  13.0000115
70.1599999  13.0000116  13.0000116
70.1699999  13.0000116  13.0000116
70.1799999  13.0000117  13.0000117
70.1899999  13.0000117  13.0000117
70.1999999  13.0000118  13.0000118
70.2099999  13.0000118  13.0000118
70.2199999  13.0000119  13.0000119
70.2299999  13.0000119  13.0000119
70.2399999  13.0000120  13.0000120
70.2499999  13.0000120  13.0000120
70.2599999  13.0000120  13.0000120
70.2699999  13.0000120  13.0000120
70.2799999  13.0000120  13.0000120
70.2899999  13.0000121  13.0000121
70.2999999  13.0000121  13.0000121
70.3099999  13.0000121  13.0000121
70.3199999  13.0000121  13.0000121
70.3299999  13.0000121  13.0000121
70.3399999  13.0000121  13.0000121
70.3499999  13.0000121  13.0000121
70.3599999  13.0000120  13.0000120
70.3699999  13.0000120  13.0000120
70.3799999  13.0000120  13.0000120
70.3899999  13.0000120  13.0000120
70.3999999  13.0000120  13.0000120
70.4099999  13.0000119  13.0000119
70.4199999  13.0000119  13.0000119
70.4299999  13.0000118  13.0000118
70.4399999  13.0000118  13.0000118
70.4499999  13.0000118  13.0000118
70.4599999  13.0000117  13.0000117
70.4699999  13.0000117  13.0000117
70.4799999  13.0000116  13.0000116
70.4899999  13.0000115  13.0000115
70.4999999  13.0000115  13.0000115
70.5099999  13.0000114  13.0000114
70.5199999  13.0000113  13.0000113
70.5299999  13.0000112  13.0000112
70.5399999  13.0000112  13.0000112
70.5499999  13.0000111  13.0000111
70.5599999  13.0000110  13.0000110
70.5699999  13.0000109  13.0000109
70.5799999  13.0000108  13.0000108
70.5899999  13.0000107  13.0000107
70.5999999  13.0000106  13.0000106
70.6099999  13.0000105  13.0000105
70.6199999  13.0000104  13.0000104
70.6299999  13.0000103  13.0000103
70.6399999  13.0000102  13.0000102
70.6499999  13.0000101  13.0000101
70.6599999  13.0000100  13.0000100
70.6699999  13.0000098  13.0000098
70.6799999  13.0000097  13.0000097
70.6899999  13.0000096  13.0000096
70.6999999  13.0000095  13.0000095
70.7099999  13.0000093  13.0000093
70.7199999  13.0000092  13.0000092
70.7299999  13.0000091  13.0000091
70.7399999  13.0000089  13.0000089
70.7499999  13.0000088  13.0000088
70.7599999  13.0000087  13.0000087
70.7699999  13.0000085  13.0000085
70.7799999  13.0000084  13.0000084
70.7899999  13.0000082  13.0000082
70.7999999  13.0000081  13.0000081
70.8099999  13.0000079  13.0000079
70.8199999  13.0000077  13.0000077
70.8299999  13.0000076  13.0000076
70.8399999  13.0000074  13.0000074
70.8499999  13.0000073  13.0000073
70.8599999  13.0000071  13.0000071
70.8699999  13.0000069  13.0000069
70.8799999  13.0000068  13.0000068
70.8899999  13.0000066  13.0000066
70.8999999  13.0000064  13.0000064
70.9099999  13.0000063  13.0000063
70.9199999  13.0000061  13.0000061
70.9299999  13.0000059  13.0000059
70.9399999  13.0000057  13.0000057
70.9499999  13.0000056  13.0000056
70.9599999  13.0000054  13.0000054
70.9699999  13.0000052  13.0000052
70.9799999  13.0000050  13.0000050
70.9899999  13.0000048  13.0000048
70.9999999  13.0000047  13.0000047
71.0099999  13.0000045  13.0000045
71.0199999  13.0000043  13.0000043
71.0299999  13.0000041  13.0000041
71.0399999  13.0000039  13.0000039
71.0499999  13.0000037  13.0000037
71.0599999  13.0000035  13.0000035
71.0699999  13.0000033  13.0000033
71.0799999  13.0000032  13.0000032
71.0899999  13.0000030  13.0000030
71.0999999  13.0000028  13.0000028
71.1099999  13.0000026  13.0000026
71.1199999  13.0000024  13.0000024
71.1299999  13.0000022  13.0000022
71.1399999  13.0000020  13.0000020
71.1499999  13.0000018  13.0000018
71.1599999  13.0000016  13.0000016
71.1699999  13.0000014  13.0000014
71.1799999  13.0000013  13.0000013
71.1899999  13.0000011  13.0000011
71.1999999  13.0000009  13.0000009
71.2099999  13.0000007  13.0000007
71.2199999  13.0000005  13.0000005
71.2299999  13.0000003  13.0000003
71.2399999  13.0000001  13.0000001
71.2499999  12.9999999  12.9999999
71.2599999  12.9999997  12.9999997
71.2699999  12.9999996  12.9999996
71.2799999  12.9999994  12.9999994
71.2899999  12.9999992  12.9999992
71.2999999  12.9999990  12.9999990
71.3099999  12.9999988  12.9999988
71.3199999  12.9999986  12.9999986
71.3299999  12.9999985  12.9999985
71.3399999  12.9999983  12.9999983
71.3499999  12.9999981  12.9999981
71.3599999  12.9999979  12.9999979
71.3699999  12.9999977  12.9999977
71.3799999  12.9999976  12.9999976
71.3899999  12.9999974  12.9999974
71.3999999  12.9999972  12.9999972
71.4099999  12.9999971  12.9999971
71.4199999  12.9999969  12.9999969
71.4299999  12.9999967  12.9999967
71.4399999  12.9999966  12.9999966
71.4499999  12.9999964  12.9999964
71.4599999  12.9999962  12.9999962
71.4699999  12.9999961  12.9999961
71.4799999  12.9999959  12.9999959
71.4899999  12.9999957  12.9999957
71.4999999  12.9999956  12.9999956
71.5099999  12.9999954  12.9999954
71.5199999  12.9999953  12.9999953
71.5299999  12.9999951  12.9999951
71.5399999  12.9999950  12.9999950
71.5499999  12.9999948  12.9999948
71.5599999  12.9999947  12.9999947
71.5699999  12.9999945  12.9999945
71.5799999  12.9999944  12.9999944
71.5899999  12.9999943  12.9999943
71.5999999  12.9999941  12.9999941
71.6099999  12.9999940  12.9999940
71.6199999  12.9999939  12.9999939
71.6299999  12.9999937  12.9999937
71.6399999  12.9999936  12.9999936
71.6499999  12.9999935  12.9999935
71.6599999  12.9999934  12.9999934
71.6699999  12.9999933  12.9999933
71.6799999  12.9999931  12.9999931
71.6899999  12.9999930  12.9999930
71.6999999  12.9999929  12.9999929
71.7099999  12.9999928  12.9999928
71.7199999  12.9999927  12.9999927
71.7299999  12.9999926  12.9999926
71.7399999  12.9999925  12.9999925
71.7499999  12.9999924  12.9999924
71.7599999  12.9999923  12.9999923
71.7699999  12.9999922  12.9999922
71.7799999  12.9999921  12.9999921
71.7899999  12.9999920  12.9999920
71.7999999  12.9999920  12.9999920
71.8099999  12.9999919  12.9999919
71.8199999  12.9999918  12.9999918
71.8299999  12.9999917  12.9999917
71.8399999  12.9999917  12.9999917
71.8499999  12.9999916  12.9999916
71.8599999  12.9999915  12.9999915
71.8699999  12.9999915  12.9999915
71.8799999  12.9999914  12.9999914
71.8899999  12.9999913  12.9999913
71.8999999  12.9999913  12.9999913
71.9099999  12.9999912  12.9999912
71.9199999  12.9999912  12.9999912
71.9299999  12.9999911  12.9999911
71.9399999  12.9999911  12.9999911
71.9499999  12.9999911  12.9999911
71.9599999  12.9999910  12.9999910
71.9699999  12.9999910  12.9999910
71.9799999  12.9999910  12.9999910
71.9899999  12.9999909  12.9999909
71.9999999  12.9999909  12.9999909
72.0099999  12.9999909  12.9999909
72.0199999  12.9999909  12.9999909
72.0299999  12.9999908  12.9999908
72.0399999  12.9999908  12.9999908
72.0499999  12.9999908  12.9999908
72.0599999  12.9999908  12.9999908
72.0699999  12.9999908  12.9999908
72.0799999  12.9999908  12.9999908
72.0899999  12.9999908  12.9999908
72.0999999  12.9999908  12.9999908
72.1099999  12.9999908  12.9999908
72.1199999  12.9999908  12.9999908
72.13       12.9999908  12.9999908
72.14       12.9999909  12.9999909
72.15       12.9999909  12.9999909
72.1600000  12.9999909  12.9999909
72.1700000  12.9999909  12.9999909
72.1800000  12.9999910  12.9999910
72.1900000  12.9999910  12.9999910
72.2000000  12.9999910  12.9999910
72.2100000  12.9999911  12.9999911
72.2200000  12.9999911  12.9999911
72.2300000  12.9999911  12.9999911
72.2400000  12.9999912  12.9999912
72.2500000  12.9999912  12.9999912
72.2600000  12.9999913  12.9999913
72.2700000  12.9999913  12.9999913
72.2800000  12.9999914  12.9999914
72.2900000  12.9999914  12.9999914
72.3000000  12.9999915  12.9999915
72.3100000  12.9999916  12.9999916
72.3200000  12.9999916  12.9999916
72.3300000  12.9999917  12.9999917
72.3400000  12.9999918  12.9999918
72.3500000  12.9999918  12.9999918
72.3600000  12.9999919  12.9999919
72.3700000  12.9999920  12.9999920
72.3800000  12.9999921  12.9999921
72.3900000  12.9999922  12.9999922
72.4000000  12.9999922  12.9999922
72.4100000  12.9999923  12.9999923
72.4200000  12.9999924  12.9999924
72.4300000  12.9999925  12.9999925
72.4400000  12.9999926  12.9999926
72.4500000  12.9999927  12.9999927
72.4600000  12.9999928  12.9999928
72.4700000  12.9999929  12.9999929
72.4800000  12.9999930  12.9999930
72.4900000  12.9999931  12.9999931
72.5000000  12.9999932  12.9999932
72.5100000  12.9999933  12.9999933
72.5200000  12.9999934  12.9999934
72.5300000  12.9999935  12.9999935
72.5400000  12.9999936  12.9999936
72.5500000  12.9999937  12.9999937
72.5600000  12.9999939  12.9999939
72.5700000  12.9999940  12.9999940
72.5800000  12.9999941  12.9999941
72.5900000  12.9999942  12.9999942
72.6000000  12.9999943  12.9999943
72.6100000  12.9999945  12.9999945
72.6200000  12.9999946  12.9999946
72.6300000  12.9999947  12.9999947
72.6400000  12.9999948  12.9999948
72.6500000  12.9999950  12.9999950
72.6600000  12.9999951  12.9999951
72.6700000  12.9999952  12.9999952
72.6800000  12.9999954  12.9999954
72.6900000  12.9999955  12.9999955
72.7000000  12.9999956  12.9999956
72.7100000  12.9999958  12.9999958
72.7200000  12.9999959  12.9999959
72.7300000  12.9999960  12.9999960
72.7400000  12.9999962  12.9999962
72.7500000  12.9999963  12.9999963
72.7600000  12.9999964  12.9999964
72.7700000  12.9999966  12.9999966
72.7800000  12.9999967  12.9999967
72.7900000  12.9999969  12.9999969
72.8000000  12.9999970  12.9999970
72.8100000  12.9999971  12.9999971
72.8200000  12.9999973  12.9999973
72.8300000  12.9999974  12.9999974
72.8400000  12.9999976  12.9999976
72.8500000  12.9999977  12.9999977
72.8600000  12.9999978  12.9999978
72.8700000  12.9999980  12.9999980
72.8800000  12.9999981  12.9999981
72.8900000  12.9999983  12.9999983
72.9000000  12.9999984  12.9999984
72.9100000  12.9999986  12.9999986
72.9200000  12.9999987  12.9999987
72.9300000  12.9999989  12.9999989
72.9400000  12.9999990  12.9999990
72.9500000  12.9999991  12.9999991
72.9600000  12.9999993  12.9999993
72.9700000  12.9999994  12.9999994
72.9800000  12.9999996  12.9999996
72.9900000  12.9999997  12.9999997
73.0000000  12.9999998  12.9999998
73.0100000  13.0000000  13.0000000
73.0200000  13.0000001  13.0000001
73.0300000  13.0000003  13.0000003
73.0400000  13.0000004  13.0000004
73.0500000  13.0000006  13.0000006
73.0600000  13.0000007  13.0000007
73.0700000  13.0000008  13.0000008
73.0800000  13.0000010  13.0000010
73.0900000  13.0000011  13.0000011
73.1000000  13.0000012  13.0000012
73.1100000  13.0000014  13.0000014
73.1200000  13.0000015  13.0000015
73.1300000  13.0000016  13.0000016
73.1400000  13.0000018  13.0000018
73.1500000  13.0000019  13.0000019
73.1600000  13.0000020  13.0000020
73.1700000  13.0000022  13.0000022
73.1800000  13.0000023  13.0000023
73.1900000  13.0000024  13.0000024
73.2000000  13.0000025  13.0000025
73.2100000  13.0000027  13.0000027
73.2200000  13.0000028  13.0000028
73.2300000  13.0000029  13.0000029
73.2400000  13.0000030  13.0000030
73.2500000  13.0000031  13.0000031
73.2600000  13.0000033  13.0000033
73.2700000  13.0000034  13.0000034
73.2800000  13.0000035  13.0000035
73.2900000  13.0000036  13.0000036
73.3000000  13.0000037  13.0000037
73.3100000  13.0000038  13.0000038
73.3200000  13.0000039  13.0000039
73.3300000  13.0000040  13.0000040
73.3400000  13.0000041  13.0000041
73.3500000  13.0000043  13.0000043
73.3600000  13.0000044  13.0000044
73.3700000  13.0000045  13.0000045
73.3800000  13.0000045  13.0000045
73.3900000  13.0000046  13.0000046
73.4000000  13.0000047  13.0000047
73.4100000  13.0000048  13.0000048
73.4200000  13.0000049  13.0000049
73.4300000  13.0000050  13.0000050
73.4400000  13.0000051  13.0000051
73.4500000  13.0000052  13.0000052
73.4600000  13.0000053  13.0000053
73.4700000  13.0000053  13.0000053
73.4800000  13.0000054  13.0000054
73.4900000  13.0000055  13.0000055
73.5000000  13.0000056  13.0000056
73.5100000  13.0000057  13.0000057
73.5200000  13.0000057  13.0000057
73.5300000  13.0000058  13.0000058
73.5400000  13.0000059  13.0000059
73.5500000  13.0000059  13.0000059
73.5600000  13.0000060  13.0000060
73.5700000  13.0000060  13.0000060
73.5800000  13.0000061  13.0000061
73.5900000  13.0000062  13.0000062
73.6000000  13.0000062  13.0000062
73.6100000  13.0000063  13.0000063
73.6200000  13.0000063  13.0000063
73.6300000  13.0000064  13.0000064
73.6400000  13.0000064  13.0000064
73.6500000  13.0000065  13.0000065
73.6600000  13.0000065  13.0000065
73.6700000  13.0000065  13.0000065
73.6800000  13.0000066  13.0000066
73.6900000  13.0000066  13.0000066
73.7000000  13.0000066  13.0000066
73.7100000  13.0000067  13.0000067
73.7200000  13.0000067  13.0000067
73.7300000  13.0000067  13.0000067
73.7400000  13.0000067  13.0000067
73.7500000  13.0000068  13.0000068
73.7600000  13.0000068  13.0000068
73.7700000  13.0000068  13.0000068
73.7800000  13.0000068  13.0000068
73.7900000  13.0000068  13.0000068
73.8000000  13.0000068  13.0000068
73.8100000  13.0000068  13.0000068
73.8200000  13.0000068  13.0000068
73.8300000  13.0000068  13.0000068
73.8400000  13.0000068  13.0000068
73.8500000  13.0000068  13.0000068
73.8600000  13.0000068  13.0000068
73.8700000  13.0000068  13.0000068
73.8800000  13.0000068  13.0000068
73.8900000  13.0000068  13.0000068
73.9000000  13.0000068  13.0000068
73.9100000  13.0000068  13.0000068
73.9200000  13.0000068  13.0000068
73.9300000  13.0000067  13.0000067
73.9400000  13.0000067  13.0000067
73.9500000  13.0000067  13.0000067
73.9600000  13.0000067  13.0000067
73.9700000  13.0000066  13.0000066
73.9800000  13.0000066  13.0000066
73.9900000  13.0000066  13.0000066
74.0000000  13.0000065  13.0000065
74.0100000  13.0000065  13.0000065
74.0200000  13.0000065  13.0000065
74.0300000  13.0000064  13.0000064
74.0400000  13.0000064  13.0000064
74.0500000  13.0000063  13.0000063
74.0600000  13.0000063  13.0000063
74.0700000  13.0000063  13.0000063
74.0800000  13.0000062  13.0000062
74.0900000  13.0000062  13.0000062
74.1000000  13.0000061  13.0000061
74.1100000  13.0000060  13.0000060
74.1200000  13.0000060  13.0000060
74.1300000  13.0000059  13.0000059
74.1400000  13.0000059  13.0000059
74.1500000  13.0000058  13.0000058
74.1600000  13.0000057  13.0000057
74.1700000  13.0000057  13.0000057
74.1800000  13.0000056  13.0000056
74.1900000  13.0000055  13.0000055
74.2000000  13.0000055  13.0000055
74.2100000  13.0000054  13.0000054
74.2200000  13.0000053  13.0000053
74.2300000  13.0000053  13.0000053
74.2400000  13.0000052  13.0000052
74.2500000  13.0000051  13.0000051
74.2600000  13.0000050  13.0000050
74.2700000  13.0000049  13.0000049
74.2800000  13.0000049  13.0000049
74.2900000  13.0000048  13.0000048
74.3000000  13.0000047  13.0000047
74.3100000  13.0000046  13.0000046
74.3200000  13.0000045  13.0000045
74.3300000  13.0000044  13.0000044
74.3400000  13.0000043  13.0000043
74.3500000  13.0000043  13.0000043
74.3600000  13.0000042  13.0000042
74.3700000  13.0000041  13.0000041
74.3800000  13.0000040  13.0000040
74.3900000  13.0000039  13.0000039
74.4000000  13.0000038  13.0000038
74.4100000  13.0000037  13.0000037
74.4200000  13.0000036  13.0000036
74.4300000  13.0000035  13.0000035
74.4400000  13.0000034  13.0000034
74.4500000  13.0000033  13.0000033
74.4600000  13.0000032  13.0000032
74.4700000  13.0000031  13.0000031
74.4800000  13.0000030  13.0000030
74.4900000  13.0000029  13.0000029
74.5000000  13.0000028  13.0000028
74.5100000  13.0000027  13.0000027
74.5200000  13.0000026  13.0000026
74.5300000  13.0000025  13.0000025
74.5400000  13.0000024  13.0000024
74.5500000  13.0000023  13.0000023
74.5600000  13.0000022  13.0000022
74.5700000  13.0000020  13.0000020
74.5800000  13.0000019  13.0000019
74.5900000  13.0000018  13.0000018
74.6000000  13.0000017  13.0000017
74.6100000  13.0000016  13.0000016
74.6200000  13.0000015  13.0000015
74.6300000  13.0000014  13.0000014
74.6400000  13.0000013  13.0000013
74.6500000  13.0000012  13.0000012
74.6600000  13.0000011  13.0000011
74.6700000  13.0000010  13.0000010
74.6800000  13.0000009  13.0000009
74.6900000  13.0000008  13.0000008
74.7000000  13.0000006  13.0000006
74.7100000  13.0000005  13.0000005
74.7200000  13.0000004  13.0000004
74.7300000  13.0000003  13.0000003
74.7400000  13.0000002  13.0000002
74.7500000  13.0000001  13.0000001
74.7600000  13.0000000  13.0000000
74.7700000  12.9999999  12.9999999
74.7800000  12.9999998  12.9999998
74.7900000  12.9999997  12.9999997
74.8000000  12.9999996  12.9999996
74.8100000  12.9999995  12.9999995
74.8200000  12.9999994  12.9999994
74.8300000  12.9999993  12.9999993
74.8400000  12.9999992  12.9999992
74.8500000  12.9999991  12.9999991
74.8600000  12.9999990  12.9999990
74.8700000  12.9999989  12.9999989
74.8800000  12.9999988  12.9999988
74.8900000  12.9999987  12.9999987
74.9000000  12.9999986  12.9999986
74.9100000  12.9999985  12.9999985
74.9200000  12.9999984  12.9999984
74.9300000  12.9999983  12.9999983
74.9400000  12.9999982  12.9999982
74.9500000  12.9999981  12.9999981
74.9600000  12.9999980  12.9999980
74.9700000  12.9999979  12.9999979
74.9800000  12.9999978  12.9999978
74.9900000  12.9999977  12.9999977
75.0000000  12.9999976  12.9999976
75.0100000  12.9999975  12.9999975
75.0200000  12.9999974  12.9999974
75.0300000  12.9999973  12.9999973
75.0400000  12.9999973  12.9999973
75.0500000  12.9999972  12.9999972
75.0600000  12.9999971  12.9999971
75.0700000  12.9999970  12.9999970
75.0800000  12.9999969  12.9999969
75.0900000  12.9999968  12.9999968
75.1000000  12.9999968  12.9999968
75.1100000  12.9999967  12.9999967
75.1200000  12.9999966  12.9999966
75.1300000  12.9999965  12.9999965
75.1400000  12.9999965  12.9999965
75.1500000  12.9999964  12.9999964
75.1600000  12.9999963  12.9999963
75.1700000  12.9999963  12.9999963
75.1800000  12.9999962  12.9999962
75.1900000  12.9999961  12.9999961
75.2000000  12.9999961  12.9999961
75.2100000  12.9999960  12.9999960
75.2200000  12.9999959  12.9999959
75.2300000  12.9999959  12.9999959
75.2400000  12.9999958  12.9999958
75.2500000  12.9999958  12.9999958
75.2600000  12.9999957  12.9999957
75.2700000  12.9999956  12.9999956
75.2800000  12.9999956  12.9999956
75.2900000  12.9999955  12.9999955
75.3000000  12.9999955  12.9999955
75.3100000  12.9999954  12.9999954
75.3200000  12.9999954  12.9999954
75.3300000  12.9999953  12.9999953
75.3400000  12.9999953  12.9999953
75.3500000  12.9999953  12.9999953
75.3600000  12.9999952  12.9999952
75.3700000  12.9999952  12.9999952
75.3800000  12.9999951  12.9999951
75.3900000  12.9999951  12.9999951
75.4000000  12.9999951  12.9999951
75.4100000  12.9999950  12.9999950
75.4200000  12.9999950  12.9999950
75.4300000  12.9999950  12.9999950
75.4400000  12.9999950  12.9999950
75.4500000  12.9999949  12.9999949
75.4600000  12.9999949  12.9999949
75.4700000  12.9999949  12.9999949
75.4800000  12.9999949  12.9999949
75.4900000  12.9999949  12.9999949
75.5000000  12.9999948  12.9999948
75.5100000  12.9999948  12.9999948
75.5200000  12.9999948  12.9999948
75.5300000  12.9999948  12.9999948
75.5400000  12.9999948  12.9999948
75.5500000  12.9999948  12.9999948
75.5600000  12.9999948  12.9999948
75.5700000  12.9999948  12.9999948
75.5800000  12.9999948  12.9999948
75.5900000  12.9999948  12.9999948
75.6000000  12.9999948  12.9999948
75.6100000  12.9999948  12.9999948
75.6200000  12.9999948  12.9999948
75.6300000  12.9999948  12.9999948
75.6400000  12.9999948  12.9999948
75.6500000  12.9999948  12.9999948
75.6600000  12.9999948  12.9999948
75.6700000  12.9999948  12.9999948
75.6800000  12.9999948  12.9999948
75.6900000  12.9999948  12.9999948
75.7000000  12.9999949  12.9999949
75.7100000  12.9999949  12.9999949
75.7200000  12.9999949  12.9999949
75.7300000  12.9999949  12.9999949
75.7400000  12.9999949  12.9999949
75.7500000  12.9999950  12.9999950
75.7600000  12.9999950  12.9999950
75.7700000  12.9999950  12.9999950
75.7800000  12.9999950  12.9999950
75.7900000  12.9999951  12.9999951
75.8000000  12.9999951  12.9999951
75.8100000  12.9999951  12.9999951
75.8200000  12.9999952  12.9999952
75.8300000  12.9999952  12.9999952
75.8400000  12.9999952  12.9999952
75.8500000  12.9999953  12.9999953
75.8600000  12.9999953  12.9999953
75.8700000  12.9999954  12.9999954
75.8800000  12.9999954  12.9999954
75.8900000  12.9999955  12.9999955
75.9000000  12.9999955  12.9999955
75.9100000  12.9999955  12.9999955
75.9200000  12.9999956  12.9999956
75.9300000  12.9999956  12.9999956
75.9400000  12.9999957  12.9999957
75.9500000  12.9999957  12.9999957
75.9600000  12.9999958  12.9999958
75.9700000  12.9999959  12.9999959
75.9800000  12.9999959  12.9999959
75.9900000  12.9999960  12.9999960
76.0000000  12.9999960  12.9999960
76.0100000  12.9999961  12.9999961
76.0200000  12.9999961  12.9999961
76.0300000  12.9999962  12.9999962
76.0400000  12.9999963  12.9999963
76.0500000  12.9999963  12.9999963
76.0600000  12.9999964  12.9999964
76.0700000  12.9999965  12.9999965
76.0800000  12.9999965  12.9999965
76.0900000  12.9999966  12.9999966
76.1000000  12.9999967  12.9999967
76.1100000  12.9999967  12.9999967
76.1200000  12.9999968  12.9999968
76.1300000  12.9999969  12.9999969
76.1400000  12.9999969  12.9999969
76.1500000  12.9999970  12.9999970
76.1600000  12.9999971  12.9999971
76.1700000  12.9999971  12.9999971
76.1800000  12.9999972  12.9999972
76.1900000  12.9999973  12.9999973
76.2000000  12.9999974  12.9999974
76.2100000  12.9999974  12.9999974
76.2200000  12.9999975  12.9999975
76.2300000  12.9999976  12.9999976
76.2400000  12.9999977  12.9999977
76.2500000  12.9999978  12.9999978
76.2600000  12.9999978  12.9999978
76.2700000  12.9999979  12.9999979
76.2800000  12.9999980  12.9999980
76.2900000  12.9999981  12.9999981
76.3000000  12.9999981  12.9999981
76.3100000  12.9999982  12.9999982
76.3200000  12.9999983  12.9999983
76.3300000  12.9999984  12.9999984
76.3400000  12.9999985  12.9999985
76.3500000  12.9999985  12.9999985
76.3600000  12.9999986  12.9999986
76.3700000  12.9999987  12.9999987
76.3800000  12.9999988  12.9999988
76.3900000  12.9999989  12.9999989
76.4000000  12.9999990  12.9999990
76.4100000  12.9999990  12.9999990
76.4200000  12.9999991  12.9999991
76.4300000  12.9999992  12.9999992
76.4400000  12.9999993  12.9999993
76.4500000  12.9999994  12.9999994
76.4600000  12.9999994  12.9999994
76.4700000  12.9999995  12.9999995
76.4800000  12.9999996  12.9999996
76.4900000  12.9999997  12.9999997
76.5000000  12.9999998  12.9999998
76.5100000  12.9999998  12.9999998
76.5200000  12.9999999  12.9999999
76.5300000  13.0000000  13.0000000
76.5400000  13.0000001  13.0000001
76.5500000  13.0000002  13.0000002
76.5600000  13.0000002  13.0000002
76.5700000  13.0000003  13.0000003
76.5800000  13.0000004  13.0000004
76.5900000  13.0000005  13.0000005
76.6000000  13.0000006  13.0000006
76.6100000  13.0000006  13.0000006
76.6200000  13.0000007  13.0000007
76.6300000  13.0000008  13.0000008
76.6400000  13.0000009  13.0000009
76.6500000  13.0000009  13.0000009
76.6600000  13.0000010  13.0000010
76.6700000  13.0000011  13.0000011
76.6800000  13.0000012  13.0000012
76.6900000  13.0000012  13.0000012
76.7000000  13.0000013  13.0000013
76.7100000  13.0000014  13.0000014
76.7200000  13.0000014  13.0000014
76.7300000  13.0000015  13.0000015
76.7400000  13.0000016  13.0000016
76.7500000  13.0000017  13.0000017
76.7600000  13.0000017  13.0000017
76.7700000  13.0000018  13.0000018
76.7800000  13.0000019  13.0000019
76.7900000  13.0000019  13.0000019
76.8000000  13.0000020  13.0000020
76.8100000  13.0000021  13.0000021
76.8200000  13.0000021  13.0000021
76.8300000  13.0000022  13.0000022
76.8400000  13.0000022  13.0000022
76.8500000  13.0000023  13.0000023
76.8600000  13.0000024  13.0000024
76.8700000  13.0000024  13.0000024
76.8800000  13.0000025  13.0000025
76.8900000  13.0000025  13.0000025
76.9000000  13.0000026  13.0000026
76.9100000  13.0000026  13.0000026
76.9200000  13.0000027  13.0000027
76.9300000  13.0000027  13.0000027
76.9400000  13.0000028  13.0000028
76.9500000  13.0000028  13.0000028
76.9600000  13.0000029  13.0000029
76.9700000  13.0000029  13.0000029
76.9800000  13.0000030  13.0000030
76.9900000  13.0000030  13.0000030
77.0000000  13.0000031  13.0000031
77.0100000  13.0000031  13.0000031
77.0200000  13.0000032  13.0000032
77.0300000  13.0000032  13.0000032
77.0400000  13.0000032  13.0000032
77.0500000  13.0000033  13.0000033
77.0600000  13.0000033  13.0000033
77.0700000  13.0000034  13.0000034
77.0800000  13.0000034  13.0000034
77.0900000  13.0000034  13.0000034
77.1000000  13.0000035  13.0000035
77.1100000  13.0000035  13.0000035
77.1200000  13.0000035  13.0000035
77.1300000  13.0000035  13.0000035
77.1400000  13.0000036  13.0000036
77.1500000  13.0000036  13.0000036
77.1600000  13.0000036  13.0000036
77.1700000  13.0000037  13.0000037
77.1800000  13.0000037  13.0000037
77.1900000  13.0000037  13.0000037
77.2000000  13.0000037  13.0000037
77.2100000  13.0000037  13.0000037
77.2200000  13.0000038  13.0000038
77.2300000  13.0000038  13.0000038
77.2400000  13.0000038  13.0000038
77.2500000  13.0000038  13.0000038
77.2600000  13.0000038  13.0000038
77.2700000  13.0000038  13.0000038
77.2800000  13.0000038  13.0000038
77.2900000  13.0000038  13.0000038
77.3000000  13.0000038  13.0000038
77.3100000  13.0000038  13.0000038
77.3200000  13.0000039  13.0000039
77.3300000  13.0000039  13.0000039
77.3400000  13.0000039  13.0000039
77.3500000  13.0000039  13.0000039
77.3600000  13.0000039  13.0000039
77.3700000  13.0000039  13.0000039
77.3800000  13.0000039  13.0000039
77.3900000  13.0000039  13.0000039
77.4000000  13.0000038  13.0000038
77.4100000  13.0000038  13.0000038
77.4200000  13.0000038  13.0000038
77.4300000  13.0000038  13.0000038
77.4400000  13.0000038  13.0000038
77.4500000  13.0000038  13.0000038
77.4600000  13.0000038  13.0000038
77.4700000  13.0000038  13.0000038
77.4800000  13.0000038  13.0000038
77.4900000  13.0000037  13.0000037
77.5000000  13.0000037  13.0000037
77.5100000  13.0000037  13.0000037
77.5200000  13.0000037  13.0000037
77.5300000  13.0000037  13.0000037
77.5400000  13.0000036  13.0000036
77.5500000  13.0000036  13.0000036
77.5600000  13.0000036  13.0000036
77.5700000  13.0000036  13.0000036
77.5800000  13.0000035  13.0000035
77.5900000  13.0000035  13.0000035
77.6000000  13.0000035  13.0000035
77.6100000  13.0000035  13.0000035
77.6200000  13.0000034  13.0000034
77.6300000  13.0000034  13.0000034
77.6400000  13.0000034  13.0000034
77.6500000  13.0000033  13.0000033
77.6600000  13.0000033  13.0000033
77.6700000  13.0000033  13.0000033
77.6800000  13.0000032  13.0000032
77.6900000  13.0000032  13.0000032
77.7000000  13.0000031  13.0000031
77.7100000  13.0000031  13.0000031
77.7200000  13.0000031  13.0000031
77.7300000  13.0000030  13.0000030
77.7400000  13.0000030  13.0000030
77.7500000  13.0000029  13.0000029
77.7600000  13.0000029  13.0000029
77.7700000  13.0000029  13.0000029
77.7800000  13.0000028  13.0000028
77.7900000  13.0000028  13.0000028
77.8000000  13.0000027  13.0000027
77.8100000  13.0000027  13.0000027
77.8200000  13.0000026  13.0000026
77.8300000  13.0000026  13.0000026
77.8400000  13.0000025  13.0000025
77.8500000  13.0000025  13.0000025
77.8600000  13.0000024  13.0000024
77.8700000  13.0000024  13.0000024
77.8800000  13.0000023  13.0000023
77.8900000  13.0000023  13.0000023
77.9000000  13.0000022  13.0000022
77.9100000  13.0000022  13.0000022
77.9200000  13.0000021  13.0000021
77.9300000  13.0000020  13.0000020
77.9400000  13.0000020  13.0000020
77.9500000  13.0000019  13.0000019
77.9600000  13.0000019  13.0000019
77.9700000  13.0000018  13.0000018
77.9800000  13.0000018  13.0000018
77.9900000  13.0000017  13.0000017
78.0000000  13.0000017  13.0000017
78.0100000  13.0000016  13.0000016
78.0200000  13.0000015  13.0000015
78.0300000  13.0000015  13.0000015
78.0400000  13.0000014  13.0000014
78.0500000  13.0000014  13.0000014
78.0600000  13.0000013  13.0000013
78.0700000  13.0000012  13.0000012
78.0800000  13.0000012  13.0000012
78.0900000  13.0000011  13.0000011
78.1000000  13.0000011  13.0000011
78.1100000  13.0000010  13.0000010
78.1200000  13.0000009  13.0000009
78.1300000  13.0000009  13.0000009
78.1400000  13.0000008  13.0000008
78.1500000  13.0000007  13.0000007
78.1600000  13.0000007  13.0000007
78.1700000  13.0000006  13.0000006
78.1800000  13.0000006  13.0000006
78.1900000  13.0000005  13.0000005
78.2000000  13.0000004  13.0000004
78.2100000  13.0000004  13.0000004
78.2200000  13.0000003  13.0000003
78.2300000  13.0000003  13.0000003
78.2400000  13.0000002  13.0000002
78.2500000  13.0000001  13.0000001
78.2600000  13.0000001  13.0000001
78.2700000  13.0000000  13.0000000
78.2800000  13.0000000  13.0000000
78.2900000  12.9999999  12.9999999
78.3000000  12.9999998  12.9999998
78.3100000  12.9999998  12.9999998
78.3200000  12.9999997  12.9999997
78.3300000  12.9999997  12.9999997
78.3400000  12.9999996  12.9999996
78.3500000  12.9999995  12.9999995
78.3600000  12.9999995  12.9999995
78.3700000  12.9999994  12.9999994
78.3800000  12.9999994  12.9999994
78.3900000  12.9999993  12.9999993
78.4000000  12.9999992  12.9999992
78.4100000  12.9999992  12.9999992
78.4200000  12.9999991  12.9999991
78.4300000  12.9999991  12.9999991
78.4400000  12.9999990  12.9999990
78.4500000  12.9999990  12.9999990
78.4600000  12.9999989  12.9999989
78.4700000  12.9999989  12.9999989
78.4800000  12.9999988  12.9999988
78.4900000  12.9999988  12.9999988
78.5000000  12.9999987  12.9999987
78.5100000  12.9999987  12.9999987
78.5200000  12.9999986  12.9999986
78.5300000  12.9999986  12.9999986
78.5400000  12.9999985  12.9999985
78.5500000  12.9999985  12.9999985
78.5600000  12.9999984  12.9999984
78.5700000  12.9999984  12.9999984
78.5800000  12.9999983  12.9999983
78.5900000  12.9999983  12.9999983
78.6000000  12.9999982  12.9999982
78.6100000  12.9999982  12.9999982
78.6200000  12.9999981  12.9999981
78.6300000  12.9999981  12.9999981
78.6400000  12.9999980  12.9999980
78.6500000  12.9999980  12.9999980
78.6600000  12.9999980  12.9999980
78.6700000  12.9999979  12.9999979
78.6800000  12.9999979  12.9999979
78.6900000  12.9999978  12.9999978
78.7000000  12.9999978  12.9999978
78.7100000  12.9999978  12.9999978
78.7200000  12.9999977  12.9999977
78.7300000  12.9999977  12.9999977
78.7400000  12.9999977  12.9999977
78.7500000  12.9999976  12.9999976
78.7600000  12.9999976  12.9999976
78.7700000  12.9999976  12.9999976
78.7800000  12.9999975  12.9999975
78.7900000  12.9999975  12.9999975
78.8000000  12.9999975  12.9999975
78.8100000  12.9999974  12.9999974
78.8200000  12.9999974  12.9999974
78.8300000  12.9999974  12.9999974
78.8400000  12.9999974  12.9999974
78.8500000  12.9999973  12.9999973
78.8600000  12.9999973  12.9999973
78.8700000  12.9999973  12.9999973
78.8800000  12.9999973  12.9999973
78.8900000  12.9999972  12.9999972
78.9000000  12.9999972  12.9999972
78.9100000  12.9999972  12.9999972
78.9200000  12.9999972  12.9999972
78.9300000  12.9999972  12.9999972
78.9400000  12.9999971  12.9999971
78.9500000  12.9999971  12.9999971
78.9600000  12.9999971  12.9999971
78.9700000  12.9999971  12.9999971
78.9800000  12.9999971  12.9999971
78.9900000  12.9999971  12.9999971
79.0000000  12.9999971  12.9999971
79.0100000  12.9999971  12.9999971
79.0200000  12.9999970  12.9999970
79.0300000  12.9999970  12.9999970
79.0400000  12.9999970  12.9999970
79.0500000  12.9999970  12.9999970
79.0600000  12.9999970  12.9999970
79.0700000  12.9999970  12.9999970
79.0800000  12.9999970  12.9999970
79.0900000  12.9999970  12.9999970
79.1000000  12.9999970  12.9999970
79.1100000  12.9999970  12.9999970
79.1200000  12.9999970  12.9999970
79.1300000  12.9999970  12.9999970
79.1400000  12.9999970  12.9999970
79.1500000  12.9999970  12.9999970
79.1600000  12.9999970  12.9999970
79.1700000  12.9999970  12.9999970
79.1800000  12.9999970  12.9999970
79.1900000  12.9999970  12.9999970
79.2000000  12.9999970  12.9999970
79.2100000  12.9999971  12.9999971
79.2200000  12.9999971  12.9999971
79.2300000  12.9999971  12.9999971
79.2400000  12.9999971  12.9999971
79.2500000  12.9999971  12.9999971
79.2600000  12.9999971  12.9999971
79.2700000  12.9999971  12.9999971
79.2800000  12.9999971  12.9999971
79.2900000  12.9999972  12.9999972
79.3000000  12.9999972  12.9999972
79.3100000  12.9999972  12.9999972
79.3200000  12.9999972  12.9999972
79.3300000  12.9999972  12.9999972
79.3400000  12.9999972  12.9999972
79.3500000  12.9999973  12.9999973
79.3600000  12.9999973  12.9999973
79.3700000  12.9999973  12.9999973
79.3800000  12.9999973  12.9999973
79.3900000  12.9999974  12.9999974
79.4000000  12.9999974  12.9999974
79.4100000  12.9999974  12.9999974
79.4200000  12.9999974  12.9999974
79.4300000  12.9999975  12.9999975
79.4400000  12.9999975  12.9999975
79.4500000  12.9999975  12.9999975
79.4600000  12.9999975  12.9999975
79.4700000  12.9999976  12.9999976
79.4800000  12.9999976  12.9999976
79.4900000  12.9999976  12.9999976
79.5000000  12.9999977  12.9999977
79.5100000  12.9999977  12.9999977
79.5200000  12.9999977  12.9999977
79.5300000  12.9999978  12.9999978
79.5400000  12.9999978  12.9999978
79.5500000  12.9999978  12.9999978
79.5600000  12.9999979  12.9999979
79.5700000  12.9999979  12.9999979
79.5800000  12.9999979  12.9999979
79.5900000  12.9999980  12.9999980
79.6000000  12.9999980  12.9999980
79.6100000  12.9999981  12.9999981
79.6200000  12.9999981  12.9999981
79.6300000  12.9999981  12.9999981
79.6400000  12.9999982  12.9999982
79.6500000  12.9999982  12.9999982
79.6600000  12.9999983  12.9999983
79.6700000  12.9999983  12.9999983
79.6800000  12.9999983  12.9999983
79.6900000  12.9999984  12.9999984
79.7000000  12.9999984  12.9999984
79.7100000  12.9999985  12.9999985
79.7200000  12.9999985  12.9999985
79.7300000  12.9999985  12.9999985
79.7400000  12.9999986  12.9999986
79.7500000  12.9999986  12.9999986
79.7600000  12.9999987  12.9999987
79.7700000  12.9999987  12.9999987
79.7800000  12.9999988  12.9999988
79.7900000  12.9999988  12.9999988
79.8000000  12.9999989  12.9999989
79.8100000  12.9999989  12.9999989
79.8200000  12.9999989  12.9999989
79.8300000  12.9999990  12.9999990
79.8400000  12.9999990  12.9999990
79.8500000  12.9999991  12.9999991
79.8600000  12.9999991  12.9999991
79.8700000  12.9999992  12.9999992
79.8800000  12.9999992  12.9999992
79.8900000  12.9999993  12.9999993
79.9000000  12.9999993  12.9999993
79.9100000  12.9999994  12.9999994
79.9200000  12.9999994  12.9999994
79.9300000  12.9999994  12.9999994
79.9400000  12.9999995  12.9999995
79.9500000  12.9999995  12.9999995
79.9600000  12.9999996  12.9999996
79.9700000  12.9999996  12.9999996
79.9800000  12.9999997  12.9999997
79.9900000  12.9999997  12.9999997
80.0000000  12.9999998  12.9999998
80.0100000  12.9999998  12.9999998
80.0200000  12.9999999  12.9999999
80.0300000  12.9999999  12.9999999
80.0400000  13.0000000  13.0000000
80.0500000  13.0000000  13.0000000
80.0600000  13.0000000  13.0000000
80.0700000  13.0000001  13.0000001
80.0800000  13.0000001  13.0000001
80.0900000  13.0000002  13.0000002
80.1000000  13.0000002  13.0000002
80.1100000  13.0000003  13.0000003
80.1200000  13.0000003  13.0000003
80.1300000  13.0000004  13.0000004
80.1400000  13.0000004  13.0000004
80.1500000  13.0000004  13.0000004
80.1600000  13.0000005  13.0000005
80.1700000  13.0000005  13.0000005
80.1800000  13.0000006  13.0000006
80.1900000  13.0000006  13.0000006
80.2000000  13.0000007  13.0000007
80.2100000  13.0000007  13.0000007
80.2200000  13.0000007  13.0000007
80.2300000  13.0000008  13.0000008
80.2400000  13.0000008  13.0000008
80.2500000  13.0000009  13.0000009
80.2600000  13.0000009  13.0000009
80.2700000  13.0000009  13.0000009
80.2800000  13.0000010  13.0000010
80.2900000  13.0000010  13.0000010
80.3000000  13.0000010  13.0000010
80.3100000  13.0000011  13.0000011
80.3200000  13.0000011  13.0000011
80.3300000  13.0000012  13.0000012
80.3400000  13.0000012  13.0000012
80.3500000  13.0000012  13.0000012
80.3600000  13.0000013  13.0000013
80.3700000  13.0000013  13.0000013
80.3800000  13.0000013  13.0000013
80.3900000  13.0000014  13.0000014
80.4000000  13.0000014  13.0000014
80.4100000  13.0000014  13.0000014
80.4200000  13.0000015  13.0000015
80.4300000  13.0000015  13.0000015
80.4400000  13.0000015  13.0000015
80.4500000  13.0000015  13.0000015
80.4600000  13.0000016  13.0000016
80.4700000  13.0000016  13.0000016
80.4800000  13.0000016  13.0000016
80.4900000  13.0000017  13.0000017
80.5000000  13.0000017  13.0000017
80.5100000  13.0000017  13.0000017
80.5200000  13.0000017  13.0000017
80.5300000  13.0000018  13.0000018
80.5400000  13.0000018  13.0000018
80.5500000  13.0000018  13.0000018
80.5600000  13.0000018  13.0000018
80.5700000  13.0000019  13.0000019
80.5800000  13.0000019  13.0000019
80.5900000  13.0000019  13.0000019
80.6000000  13.0000019  13.0000019
80.6100000  13.0000019  13.0000019
80.6200000  13.0000019  13.0000019
80.6300000  13.0000020  13.0000020
80.6400000  13.0000020  13.0000020
80.6500000  13.0000020  13.0000020
80.6600000  13.0000020  13.0000020
80.6700000  13.0000020  13.0000020
80.6800000  13.0000020  13.0000020
80.6900000  13.0000021  13.0000021
80.7000000  13.0000021  13.0000021
80.7100000  13.0000021  13.0000021
80.7200000  13.0000021  13.0000021
80.7300000  13.0000021  13.0000021
80.7400000  13.0000021  13.0000021
80.7500000  13.0000021  13.0000021
80.7600000  13.0000021  13.0000021
80.7700000  13.0000021  13.0000021
80.7800000  13.0000021  13.0000021
80.7900000  13.0000021  13.0000021
80.8000000  13.0000022  13.0000022
80.8100000  13.0000022  13.0000022
80.8200000  13.0000022  13.0000022
80.8300000  13.0000022  13.0000022
80.8400000  13.0000022  13.0000022
80.8500000  13.0000022  13.0000022
80.8600000  13.0000022  13.0000022
80.8700000  13.0000022  13.0000022
80.8800000  13.0000022  13.0000022
80.8900000  13.0000022  13.0000022
80.9000000  13.0000022  13.0000022
80.9100000  13.0000022  13.0000022
80.9200000  13.0000022  13.0000022
80.9300000  13.0000022  13.0000022
80.9400000  13.0000022  13.0000022
80.9500000  13.0000021  13.0000021
80.9600000  13.0000021  13.0000021
80.9700000  13.0000021  13.0000021
80.9800000  13.0000021  13.0000021
80.9900000  13.0000021  13.0000021
81.0000000  13.0000021  13.0000021
81.0100000  13.0000021  13.0000021
81.0200000  13.0000021  13.0000021
81.0300000  13.0000021  13.0000021
81.0400000  13.0000021  13.0000021
81.0500000  13.0000021  13.0000021
81.0600000  13.0000020  13.0000020
81.0700000  13.0000020  13.0000020
81.0800000  13.0000020  13.0000020
81.0900000  13.0000020  13.0000020
81.1000000  13.0000020  13.0000020
81.1100000  13.0000020  13.0000020
81.1200000  13.0000020  13.0000020
81.1300000  13.0000019  13.0000019
81.1400000  13.0000019  13.0000019
81.1500000  13.0000019  13.0000019
81.1600000  13.0000019  13.0000019
81.1700000  13.0000019  13.0000019
81.1800000  13.0000018  13.0000018
81.1900000  13.0000018  13.0000018
81.2000000  13.0000018  13.0000018
81.2100000  13.0000018  13.0000018
81.2200000  13.0000018  13.0000018
81.2300000  13.0000017  13.0000017
81.2400000  13.0000017  13.0000017
81.2500000  13.0000017  13.0000017
81.2600000  13.0000017  13.0000017
81.2700000  13.0000016  13.0000016
81.2800000  13.0000016  13.0000016
81.2900000  13.0000016  13.0000016
81.3000000  13.0000016  13.0000016
81.3100000  13.0000015  13.0000015
81.3200000  13.0000015  13.0000015
81.3300000  13.0000015  13.0000015
81.3400000  13.0000015  13.0000015
81.3500000  13.0000014  13.0000014
81.3600000  13.0000014  13.0000014
81.3700000  13.0000014  13.0000014
81.3800000  13.0000013  13.0000013
81.3900000  13.0000013  13.0000013
81.4000000  13.0000013  13.0000013
81.4100000  13.0000013  13.0000013
81.4200000  13.0000012  13.0000012
81.4300000  13.0000012  13.0000012
81.4400000  13.0000012  13.0000012
81.4500000  13.0000011  13.0000011
81.4600000  13.0000011  13.0000011
81.4700000  13.0000011  13.0000011
81.4800000  13.0000010  13.0000010
81.4900000  13.0000010  13.0000010
81.5000000  13.0000010  13.0000010
81.5100000  13.0000009  13.0000009
81.5200000  13.0000009  13.0000009
81.5300000  13.0000009  13.0000009
81.5400000  13.0000008  13.0000008
81.5500000  13.0000008  13.0000008
81.5600000  13.0000008  13.0000008
81.5700000  13.0000007  13.0000007
81.5800000  13.0000007  13.0000007
81.5900000  13.0000007  13.0000007
81.6000000  13.0000006  13.0000006
81.6100000  13.0000006  13.0000006
81.6200000  13.0000006  13.0000006
81.6300000  13.0000005  13.0000005
81.6400000  13.0000005  13.0000005
81.6500000  13.0000005  13.0000005
81.6600000  13.0000004  13.0000004
81.6700000  13.0000004  13.0000004
81.6800000  13.0000004  13.0000004
81.6900000  13.0000003  13.0000003
81.7000000  13.0000003  13.0000003
81.7100000  13.0000002  13.0000002
81.7200000  13.0000002  13.0000002
81.7300000  13.0000002  13.0000002
81.7400000  13.0000001  13.0000001
81.7500000  13.0000001  13.0000001
81.7600000  13.0000001  13.0000001
81.7700000  13.0000000  13.0000000
81.7800000  13.0000000  13.0000000
81.7900000  13.0000000  13.0000000
81.8000000  12.9999999  12.9999999
81.8100000  12.9999999  12.9999999
81.8200000  12.9999999  12.9999999
81.8300000  12.9999998  12.9999998
81.8400000  12.9999998  12.9999998
81.8500000  12.9999998  12.9999998
81.8600000  12.9999997  12.9999997
81.8700000  12.9999997  12.9999997
81.8800000  12.9999997  12.9999997
81.8900000  12.9999996  12.9999996
81.9000000  12.9999996  12.9999996
81.9100000  12.9999996  12.9999996
81.9200000  12.9999995  12.9999995
81.9300000  12.9999995  12.9999995
81.9400000  12.9999995  12.9999995
81.9500000  12.9999994  12.9999994
81.9600000  12.9999994  12.9999994
81.9700000  12.9999994  12.9999994
81.9800000  12.9999993  12.9999993
81.9900000  12.9999993  12.9999993
82.0000000  12.9999993  12.9999993
82.0100000  12.9999993  12.9999993
82.0200000  12.9999992  12.9999992
82.0300000  12.9999992  12.9999992
82.0400000  12.9999992  12.9999992
82.0500000  12.9999991  12.9999991
82.0600000  12.9999991  12.9999991
82.0700000  12.9999991  12.9999991
82.0800000  12.9999991  12.9999991
82.0900000  12.9999990  12.9999990
82.1000000  12.9999990  12.9999990
82.1100000  12.9999990  12.9999990
82.1200000  12.9999990  12.9999990
82.1300000  12.9999989  12.9999989
82.1400000  12.9999989  12.9999989
82.1500000  12.9999989  12.9999989
82.1600000  12.9999989  12.9999989
82.1700000  12.9999988  12.9999988
82.1800000  12.9999988  12.9999988
82.1900000  12.9999988  12.9999988
82.2000000  12.9999988  12.9999988
82.2100000  12.9999987  12.9999987
82.2200000  12.9999987  12.9999987
82.2300000  12.9999987  12.9999987
82.2400000  12.9999987  12.9999987
82.2500000  12.9999987  12.9999987
82.2600000  12.9999986  12.9999986
82.2700000  12.9999986  12.9999986
82.2800000  12.9999986  12.9999986
82.2900000  12.9999986  12.9999986
82.3000000  12.9999986  12.9999986
82.3100000  12.9999985  12.9999985
82.3200000  12.9999985  12.9999985
82.3300000  12.9999985  12.9999985
82.3400000  12.9999985  12.9999985
82.3500000  12.9999985  12.9999985
82.3600000  12.9999985  12.9999985
82.3700000  12.9999985  12.9999985
82.3800000  12.9999984  12.9999984
82.3900000  12.9999984  12.9999984
82.4000000  12.9999984  12.9999984
82.4100000  12.9999984  12.9999984
82.4200000  12.9999984  12.9999984
82.4300000  12.9999984  12.9999984
82.4400000  12.9999984  12.9999984
82.4500000  12.9999984  12.9999984
82.4600000  12.9999984  12.9999984
82.4700000  12.9999983  12.9999983
82.4800000  12.9999983  12.9999983
82.4900000  12.9999983  12.9999983
82.5000000  12.9999983  12.9999983
82.5100000  12.9999983  12.9999983
82.5200000  12.9999983  12.9999983
82.5300000  12.9999983  12.9999983
82.5400000  12.9999983  12.9999983
82.5500000  12.9999983  12.9999983
82.5600000  12.9999983  12.9999983
82.5700000  12.9999983  12.9999983
82.5800000  12.9999983  12.9999983
82.5900000  12.9999983  12.9999983
82.6000000  12.9999983  12.9999983
82.6100000  12.9999983  12.9999983
82.6200000  12.9999983  12.9999983
82.6300000  12.9999983  12.9999983
82.6400000  12.9999983  12.9999983
82.6500000  12.9999983  12.9999983
82.6600000  12.9999983  12.9999983
82.6700000  12.9999983  12.9999983
82.6800000  12.9999983  12.9999983
82.6900000  12.9999983  12.9999983
82.7000000  12.9999983  12.9999983
82.7100000  12.9999983  12.9999983
82.7200000  12.9999983  12.9999983
82.7300000  12.9999983  12.9999983
82.7400000  12.9999983  12.9999983
82.7500000  12.9999983  12.9999983
82.7600000  12.9999983  12.9999983
82.7700000  12.9999983  12.9999983
82.7800000  12.9999983  12.9999983
82.7900000  12.9999983  12.9999983
82.8000000  12.9999984  12.9999984
82.8100000  12.9999984  12.9999984
82.8200000  12.9999984  12.9999984
82.8300000  12.9999984  12.9999984
82.8400000  12.9999984  12.9999984
82.8500000  12.9999984  12.9999984
82.8600000  12.9999984  12.9999984
82.8700000  12.9999984  12.9999984
82.8800000  12.9999984  12.9999984
82.8900000  12.9999985  12.9999985
82.9000000  12.9999985  12.9999985
82.9100000  12.9999985  12.9999985
82.9200000  12.9999985  12.9999985
82.9300000  12.9999985  12.9999985
82.9400000  12.9999985  12.9999985
82.9500000  12.9999985  12.9999985
82.9600000  12.9999986  12.9999986
82.9700000  12.9999986  12.9999986
82.9800000  12.9999986  12.9999986
82.9900000  12.9999986  12.9999986
83.0000000  12.9999986  12.9999986
83.0100000  12.9999986  12.9999986
83.0200000  12.9999987  12.9999987
83.0300000  12.9999987  12.9999987
83.0400000  12.9999987  12.9999987
83.0500000  12.9999987  12.9999987
83.0600000  12.9999987  12.9999987
83.0700000  12.9999988  12.9999988
83.0800000  12.9999988  12.9999988
83.0900000  12.9999988  12.9999988
83.1000000  12.9999988  12.9999988
83.1100000  12.9999988  12.9999988
83.1200000  12.9999989  12.9999989
83.1300000  12.9999989  12.9999989
83.1400000  12.9999989  12.9999989
83.1500000  12.9999989  12.9999989
83.1600000  12.9999990  12.9999990
83.1700000  12.9999990  12.9999990
83.1800000  12.9999990  12.9999990
83.1900000  12.9999990  12.9999990
83.2000000  12.9999990  12.9999990
83.2100000  12.9999991  12.9999991
83.2200000  12.9999991  12.9999991
83.2300000  12.9999991  12.9999991
83.2400000  12.9999991  12.9999991
83.2500000  12.9999992  12.9999992
83.2600000  12.9999992  12.9999992
83.2700000  12.9999992  12.9999992
83.2800000  12.9999992  12.9999992
83.2900000  12.9999993  12.9999993
83.3000000  12.9999993  12.9999993
83.3100000  12.9999993  12.9999993
83.3200000  12.9999993  12.9999993
83.3300000  12.9999994  12.9999994
83.3400000  12.9999994  12.9999994
83.3500000  12.9999994  12.9999994
83.3600000  12.9999994  12.9999994
83.3700000  12.9999995  12.9999995
83.3800000  12.9999995  12.9999995
83.3900000  12.9999995  12.9999995
83.4000000  12.9999995  12.9999995
83.4100000  12.9999996  12.9999996
83.4200000  12.9999996  12.9999996
83.4300000  12.9999996  12.9999996
83.4400000  12.9999997  12.9999997
83.4500000  12.9999997  12.9999997
83.4600000  12.9999997  12.9999997
83.4700000  12.9999997  12.9999997
83.4800000  12.9999998  12.9999998
83.4900000  12.9999998  12.9999998
83.5000000  12.9999998  12.9999998
83.5100000  12.9999998  12.9999998
83.5200000  12.9999999  12.9999999
83.5300000  12.9999999  12.9999999
83.5400000  12.9999999  12.9999999
83.5500000  12.9999999  12.9999999
83.5600000  13.0000000  13.0000000
83.5700000  13.0000000  13.0000000
83.5800000  13.0000000  13.0000000
83.5900000  13.0000000  13.0000000
83.6000000  13.0000001  13.0000001
83.6100000  13.0000001  13.0000001
83.6200000  13.0000001  13.0000001
83.6300000  13.0000001  13.0000001
83.6400000  13.0000002  13.0000002
83.6500000  13.0000002  13.0000002
83.6600000  13.0000002  13.0000002
83.6700000  13.0000002  13.0000002
83.6800000  13.0000003  13.0000003
83.6900000  13.0000003  13.0000003
83.7000000  13.0000003  13.0000003
83.7100000  13.0000003  13.0000003
83.7200000  13.0000004  13.0000004
83.7300000  13.0000004  13.0000004
83.7400000  13.0000004  13.0000004
83.7500000  13.0000004  13.0000004
83.7600000  13.0000005  13.0000005
83.7700000  13.0000005  13.0000005
83.7800000  13.0000005  13.0000005
83.7900000  13.0000005  13.0000005
83.8000000  13.0000005  13.0000005
83.8100000  13.0000006  13.0000006
83.8200000  13.0000006  13.0000006
83.8300000  13.0000006  13.0000006
83.8400000  13.0000006  13.0000006
83.8500000  13.0000006  13.0000006
83.8600000  13.0000007  13.0000007
83.8700000  13.0000007  13.0000007
83.8800000  13.0000007  13.0000007
83.8900000  13.0000007  13.0000007
83.9000000  13.0000007  13.0000007
83.9100000  13.0000008  13.0000008
83.9200000  13.0000008  13.0000008
83.9300000  13.0000008  13.0000008
83.9400000  13.0000008  13.0000008
83.9500000  13.0000008  13.0000008
83.9600000  13.0000008  13.0000008
83.9700000  13.0000009  13.0000009
83.9800000  13.0000009  13.0000009
83.9900000  13.0000009  13.0000009
84.0000000  13.0000009  13.0000009
84.0100000  13.0000009  13.0000009
84.0200000  13.0000009  13.0000009
84.0300000  13.0000010  13.0000010
84.0400000  13.0000010  13.0000010
84.0500000  13.0000010  13.0000010
84.0600000  13.0000010  13.0000010
84.0700000  13.0000010  13.0000010
84.0800000  13.0000010  13.0000010
84.0900000  13.0000010  13.0000010
84.1000000  13.0000010  13.0000010
84.1100000  13.0000011  13.0000011
84.1200000  13.0000011  13.0000011
84.1300000  13.0000011  13.0000011
84.1400000  13.0000011  13.0000011
84.1500000  13.0000011  13.0000011
84.1600000  13.0000011  13.0000011
84.1700000  13.0000011  13.0000011
84.1800000  13.0000011  13.0000011
84.1900000  13.0000011  13.0000011
84.2000000  13.0000011  13.0000011
84.2100000  13.0000011  13.0000011
84.2200000  13.0000012  13.0000012
84.2300000  13.0000012  13.0000012
84.2400000  13.0000012  13.0000012
84.2500000  13.0000012  13.0000012
84.2600000  13.0000012  13.0000012
84.2700000  13.0000012  13.0000012
84.2800000  13.0000012  13.0000012
84.2900000  13.0000012  13.0000012
84.3000000  13.0000012  13.0000012
84.3100000  13.0000012  13.0000012
84.3200000  13.0000012  13.0000012
84.3300000  13.0000012  13.0000012
84.3400000  13.0000012  13.0000012
84.3500000  13.0000012  13.0000012
84.3600000  13.0000012  13.0000012
84.3700000  13.0000012  13.0000012
84.3800000  13.0000012  13.0000012
84.3900000  13.0000012  13.0000012
84.4000000  13.0000012  13.0000012
84.4100000  13.0000012  13.0000012
84.4200000  13.0000012  13.0000012
84.4300000  13.0000012  13.0000012
84.4400000  13.0000012  13.0000012
84.4500000  13.0000012  13.0000012
84.4600000  13.0000012  13.0000012
84.4700000  13.0000012  13.0000012
84.4800000  13.0000012  13.0000012
84.4900000  13.0000012  13.0000012
84.5000000  13.0000012  13.0000012
84.5100000  13.0000012  13.0000012
84.5200000  13.0000012  13.0000012
84.5300000  13.0000012  13.0000012
84.5400000  13.0000012  13.0000012
84.5500000  13.0000012  13.0000012
84.5600000  13.0000011  13.0000011
84.5700000  13.0000011  13.0000011
84.5800000  13.0000011  13.0000011
84.5900000  13.0000011  13.0000011
84.6000000  13.0000011  13.0000011
84.6100000  13.0000011  13.0000011
84.6200000  13.0000011  13.0000011
84.6300000  13.0000011  13.0000011
84.6400000  13.0000011  13.0000011
84.6500000  13.0000011  13.0000011
84.6600000  13.0000011  13.0000011
84.6700000  13.0000011  13.0000011
84.6800000  13.0000010  13.0000010
84.6900000  13.0000010  13.0000010
84.7000000  13.0000010  13.0000010
84.7100000  13.0000010  13.0000010
84.7200000  13.0000010  13.0000010
84.7300000  13.0000010  13.0000010
84.7400000  13.0000010  13.0000010
84.7500000  13.0000010  13.0000010
84.7600000  13.0000009  13.0000009
84.7700000  13.0000009  13.0000009
84.7800000  13.0000009  13.0000009
84.7900000  13.0000009  13.0000009
84.8000000  13.0000009  13.0000009
84.8100000  13.0000009  13.0000009
84.8200000  13.0000009  13.0000009
84.8300000  13.0000008  13.0000008
84.8400000  13.0000008  13.0000008
84.8500000  13.0000008  13.0000008
84.8600000  13.0000008  13.0000008
84.8700000  13.0000008  13.0000008
84.8800000  13.0000008  13.0000008
84.8900000  13.0000007  13.0000007
84.9000000  13.0000007  13.0000007
84.9100000  13.0000007  13.0000007
84.9200000  13.0000007  13.0000007
84.9300000  13.0000007  13.0000007
84.9400000  13.0000007  13.0000007
84.9500000  13.0000006  13.0000006
84.9600000  13.0000006  13.0000006
84.9700000  13.0000006  13.0000006
84.9800000  13.0000006  13.0000006
84.9900000  13.0000006  13.0000006
85.0000000  13.0000006  13.0000006
85.0100000  13.0000005  13.0000005
85.0200000  13.0000005  13.0000005
85.0300000  13.0000005  13.0000005
85.0400000  13.0000005  13.0000005
85.0500000  13.0000005  13.0000005
85.0600000  13.0000004  13.0000004
85.0700000  13.0000004  13.0000004
85.0800000  13.0000004  13.0000004
85.0900000  13.0000004  13.0000004
85.1000000  13.0000004  13.0000004
85.1100000  13.0000003  13.0000003
85.1200000  13.0000003  13.0000003
85.1300000  13.0000003  13.0000003
85.1400000  13.0000003  13.0000003
85.1500000  13.0000003  13.0000003
85.1600000  13.0000003  13.0000003
85.1700000  13.0000002  13.0000002
85.1800000  13.0000002  13.0000002
85.1900000  13.0000002  13.0000002
85.2000000  13.0000002  13.0000002
85.2100000  13.0000002  13.0000002
85.2200000  13.0000001  13.0000001
85.2300000  13.0000001  13.0000001
85.2400000  13.0000001  13.0000001
85.2500000  13.0000001  13.0000001
85.2600000  13.0000001  13.0000001
85.2700000  13.0000000  13.0000000
85.2800000  13.0000000  13.0000000
85.2900000  13.0000000  13.0000000
85.3000000  13.0000000  13.0000000
85.3100000  13.0000000  13.0000000
85.3200000  12.9999999  12.9999999
85.3300000  12.9999999  12.9999999
85.3400000  12.9999999  12.9999999
85.3500000  12.9999999  12.9999999
85.3600000  12.9999999  12.9999999
85.3700000  12.9999998  12.9999998
85.3800000  12.9999998  12.9999998
85.3900000  12.9999998  12.9999998
85.4000000  12.9999998  12.9999998
85.4100000  12.9999998  12.9999998
85.4200000  12.9999997  12.9999997
85.4300000  12.9999997  12.9999997
85.4400000  12.9999997  12.9999997
85.4500000  12.9999997  12.9999997
85.4600000  12.9999997  12.9999997
85.4700000  12.9999997  12.9999997
85.4800000  12.9999996  12.9999996
85.4900000  12.9999996  12.9999996
85.5000000  12.9999996  12.9999996
85.5100000  12.9999996  12.9999996
85.5200000  12.9999996  12.9999996
85.5300000  12.9999996  12.9999996
85.5400000  12.9999995  12.9999995
85.5500000  12.9999995  12.9999995
85.5600000  12.9999995  12.9999995
85.5700000  12.9999995  12.9999995
85.5800000  12.9999995  12.9999995
85.5900000  12.9999995  12.9999995
85.6000000  12.9999994  12.9999994
85.6100000  12.9999994  12.9999994
85.6200000  12.9999994  12.9999994
85.6300000  12.9999994  12.9999994
85.6400000  12.9999994  12.9999994
85.6500000  12.9999994  12.9999994
85.6600000  12.9999993  12.9999993
85.6700000  12.9999993  12.9999993
85.6800000  12.9999993  12.9999993
85.6900000  12.9999993  12.9999993
85.7000000  12.9999993  12.9999993
85.7100000  12.9999993  12.9999993
85.7200000  12.9999993  12.9999993
85.7300000  12.9999993  12.9999993
85.7400000  12.9999992  12.9999992
85.7500000  12.9999992  12.9999992
85.7600000  12.9999992  12.9999992
85.7700000  12.9999992  12.9999992
85.7800000  12.9999992  12.9999992
85.7900000  12.9999992  12.9999992
85.8000000  12.9999992  12.9999992
85.8100000  12.9999992  12.9999992
85.8200000  12.9999992  12.9999992
85.8300000  12.9999991  12.9999991
85.8400000  12.9999991  12.9999991
85.8500000  12.9999991  12.9999991
85.8600000  12.9999991  12.9999991
85.8700000  12.9999991  12.9999991
85.8800000  12.9999991  12.9999991
85.8900000  12.9999991  12.9999991
85.9000000  12.9999991  12.9999991
85.9100000  12.9999991  12.9999991
85.9200000  12.9999991  12.9999991
85.9300000  12.9999991  12.9999991
85.9400000  12.9999991  12.9999991
85.9500000  12.9999991  12.9999991
85.9600000  12.9999991  12.9999991
85.9700000  12.9999990  12.9999990
85.9800000  12.9999990  12.9999990
85.9900000  12.9999990  12.9999990
86.0000000  12.9999990  12.9999990
86.0100000  12.9999990  12.9999990
86.0200000  12.9999990  12.9999990
86.0300000  12.9999990  12.9999990
86.0400000  12.9999990  12.9999990
86.0500000  12.9999990  12.9999990
86.0600000  12.9999990  12.9999990
86.0700000  12.9999990  12.9999990
86.0800000  12.9999990  12.9999990
86.0900000  12.9999990  12.9999990
86.1000000  12.9999990  12.9999990
86.1100000  12.9999990  12.9999990
86.1200000  12.9999990  12.9999990
86.1300000  12.9999990  12.9999990
86.1400000  12.9999990  12.9999990
86.1500000  12.9999990  12.9999990
86.1600000  12.9999990  12.9999990
86.1700000  12.9999990  12.9999990
86.1800000  12.9999990  12.9999990
86.1900000  12.9999990  12.9999990
86.2000000  12.9999990  12.9999990
86.2100000  12.9999990  12.9999990
86.2200000  12.9999990  12.9999990
86.2300000  12.9999990  12.9999990
86.2400000  12.9999990  12.9999990
86.2500000  12.9999990  12.9999990
86.2600000  12.9999990  12.9999990
86.2700000  12.9999990  12.9999990
86.2800000  12.9999990  12.9999990
86.2900000  12.9999990  12.9999990
86.3000000  12.9999990  12.9999990
86.3100000  12.9999990  12.9999990
86.3200000  12.9999990  12.9999990
86.3300000  12.9999991  12.9999991
86.3400000  12.9999991  12.9999991
86.3500000  12.9999991  12.9999991
86.3600000  12.9999991  12.9999991
86.3700000  12.9999991  12.9999991
86.3800000  12.9999991  12.9999991
86.3900000  12.9999991  12.9999991
86.4000000  12.9999991  12.9999991
86.4100000  12.9999991  12.9999991
86.4200000  12.9999991  12.9999991
86.4300000  12.9999991  12.9999991
86.4400000  12.9999991  12.9999991
86.4500000  12.9999991  12.9999991
86.4600000  12.9999991  12.9999991
86.4700000  12.9999992  12.9999992
86.4800000  12.9999992  12.9999992
86.4900000  12.9999992  12.9999992
86.5000000  12.9999992  12.9999992
86.5100000  12.9999992  12.9999992
86.5200000  12.9999992  12.9999992
86.5300000  12.9999992  12.9999992
86.5400000  12.9999992  12.9999992
86.5500000  12.9999992  12.9999992
86.5600000  12.9999992  12.9999992
86.5700000  12.9999993  12.9999993
86.5800000  12.9999993  12.9999993
86.5900000  12.9999993  12.9999993
86.6000000  12.9999993  12.9999993
86.6100000  12.9999993  12.9999993
86.6200000  12.9999993  12.9999993
86.6300000  12.9999993  12.9999993
86.6400000  12.9999993  12.9999993
86.6500000  12.9999994  12.9999994
86.6600000  12.9999994  12.9999994
86.6700000  12.9999994  12.9999994
86.6800000  12.9999994  12.9999994
86.6900000  12.9999994  12.9999994
86.7000000  12.9999994  12.9999994
86.7100000  12.9999994  12.9999994
86.7200000  12.9999994  12.9999994
86.7300000  12.9999995  12.9999995
86.7400000  12.9999995  12.9999995
86.7500000  12.9999995  12.9999995
86.7600000  12.9999995  12.9999995
86.7700000  12.9999995  12.9999995
86.7800000  12.9999995  12.9999995
86.7900000  12.9999995  12.9999995
86.8000000  12.9999996  12.9999996
86.8100000  12.9999996  12.9999996
86.8200000  12.9999996  12.9999996
86.8300000  12.9999996  12.9999996
86.8400000  12.9999996  12.9999996
86.8500000  12.9999996  12.9999996
86.8600000  12.9999996  12.9999996
86.8700000  12.9999997  12.9999997
86.8800000  12.9999997  12.9999997
86.8900000  12.9999997  12.9999997
86.9000000  12.9999997  12.9999997
86.9100000  12.9999997  12.9999997
86.9200000  12.9999997  12.9999997
86.9300000  12.9999997  12.9999997
86.9400000  12.9999998  12.9999998
86.9500000  12.9999998  12.9999998
86.9600000  12.9999998  12.9999998
86.9700000  12.9999998  12.9999998
86.9800000  12.9999998  12.9999998
86.9900000  12.9999998  12.9999998
87.0000000  12.9999998  12.9999998
87.0100000  12.9999999  12.9999999
87.0200000  12.9999999  12.9999999
87.0300000  12.9999999  12.9999999
87.0400000  12.9999999  12.9999999
87.0500000  12.9999999  12.9999999
87.0600000  12.9999999  12.9999999
87.0700000  12.9999999  12.9999999
87.0800000  13.0000000  13.0000000
87.0900000  13.0000000  13.0000000
87.1000000  13.0000000  13.0000000
87.1100000  13.0000000  13.0000000
87.1200000  13.0000000  13.0000000
87.1300000  13.0000000  13.0000000
87.1400000  13.0000001  13.0000001
87.1500000  13.0000001  13.0000001
87.1600000  13.0000001  13.0000001
87.1700000  13.0000001  13.0000001
87.1800000  13.0000001  13.0000001
87.1900000  13.0000001  13.0000001
87.2000000  13.0000001  13.0000001
87.2100000  13.0000001  13.0000001
87.2200000  13.0000002  13.0000002
87.2300000  13.0000002  13.0000002
87.2400000  13.0000002  13.0000002
87.2500000  13.0000002  13.0000002
87.2600000  13.0000002  13.0000002
87.2700000  13.0000002  13.0000002
87.2800000  13.0000002  13.0000002
87.2900000  13.0000003  13.0000003
87.3000000  13.0000003  13.0000003
87.3100000  13.0000003  13.0000003
87.3200000  13.0000003  13.0000003
87.3300000  13.0000003  13.0000003
87.3400000  13.0000003  13.0000003
87.3500000  13.0000003  13.0000003
87.3600000  13.0000003  13.0000003
87.3700000  13.0000003  13.0000003
87.3800000  13.0000004  13.0000004
87.3900000  13.0000004  13.0000004
87.4000000  13.0000004  13.0000004
87.4100000  13.0000004  13.0000004
87.4200000  13.0000004  13.0000004
87.4300000  13.0000004  13.0000004
87.4400000  13.0000004  13.0000004
87.4500000  13.0000004  13.0000004
87.4600000  13.0000004  13.0000004
87.4700000  13.0000005  13.0000005
87.4800000  13.0000005  13.0000005
87.4900000  13.0000005  13.0000005
87.5000000  13.0000005  13.0000005
87.5100000  13.0000005  13.0000005
87.5200000  13.0000005  13.0000005
87.5300000  13.0000005  13.0000005
87.5400000  13.0000005  13.0000005
87.5500000  13.0000005  13.0000005
87.5600000  13.0000005  13.0000005
87.5700000  13.0000005  13.0000005
87.5800000  13.0000005  13.0000005
87.5900000  13.0000006  13.0000006
87.6000000  13.0000006  13.0000006
87.6100000  13.0000006  13.0000006
87.6200000  13.0000006  13.0000006
87.6300000  13.0000006  13.0000006
87.6400000  13.0000006  13.0000006
87.6500000  13.0000006  13.0000006
87.6600000  13.0000006  13.0000006
87.6700000  13.0000006  13.0000006
87.6800000  13.0000006  13.0000006
87.6900000  13.0000006  13.0000006
87.7000000  13.0000006  13.0000006
87.7100000  13.0000006  13.0000006
87.7200000  13.0000006  13.0000006
87.7300000  13.0000006  13.0000006
87.7400000  13.0000006  13.0000006
87.7500000  13.0000006  13.0000006
87.7600000  13.0000006  13.0000006
87.7700000  13.0000006  13.0000006
87.7800000  13.0000006  13.0000006
87.7900000  13.0000007  13.0000007
87.8000000  13.0000007  13.0000007
87.8100000  13.0000007  13.0000007
87.8200000  13.0000007  13.0000007
87.8300000  13.0000007  13.0000007
87.8400000  13.0000007  13.0000007
87.8500000  13.0000007  13.0000007
87.8600000  13.0000007  13.0000007
87.8700000  13.0000007  13.0000007
87.8800000  13.0000007  13.0000007
87.8900000  13.0000007  13.0000007
87.9000000  13.0000007  13.0000007
87.9100000  13.0000007  13.0000007
87.9200000  13.0000007  13.0000007
87.9300000  13.0000007  13.0000007
87.9400000  13.0000007  13.0000007
87.9500000  13.0000007  13.0000007
87.9600000  13.0000007  13.0000007
87.9700000  13.0000007  13.0000007
87.9800000  13.0000007  13.0000007
87.9900000  13.0000007  13.0000007
88.0000000  13.0000007  13.0000007
88.0100000  13.0000007  13.0000007
88.0200000  13.0000006  13.0000006
88.0300000  13.0000006  13.0000006
88.0400000  13.0000006  13.0000006
88.0500000  13.0000006  13.0000006
88.0600000  13.0000006  13.0000006
88.0700000  13.0000006  13.0000006
88.0800000  13.0000006  13.0000006
88.0900000  13.0000006  13.0000006
88.1000000  13.0000006  13.0000006
88.1100000  13.0000006  13.0000006
88.1200000  13.0000006  13.0000006
88.1300000  13.0000006  13.0000006
88.1400000  13.0000006  13.0000006
88.1500000  13.0000006  13.0000006
88.1600000  13.0000006  13.0000006
88.1700000  13.0000006  13.0000006
88.1800000  13.0000006  13.0000006
88.1900000  13.0000006  13.0000006
88.2000000  13.0000006  13.0000006
88.2100000  13.0000006  13.0000006
88.2200000  13.0000006  13.0000006
88.2300000  13.0000005  13.0000005
88.2400000  13.0000005  13.0000005
88.2500000  13.0000005  13.0000005
88.2600000  13.0000005  13.0000005
88.2700000  13.0000005  13.0000005
88.2800000  13.0000005  13.0000005
88.2900000  13.0000005  13.0000005
88.3000000  13.0000005  13.0000005
88.3100000  13.0000005  13.0000005
88.3200000  13.0000005  13.0000005
88.3300000  13.0000005  13.0000005
88.3400000  13.0000005  13.0000005
88.3500000  13.0000005  13.0000005
88.3600000  13.0000004  13.0000004
88.3700000  13.0000004  13.0000004
88.3800000  13.0000004  13.0000004
88.3900000  13.0000004  13.0000004
88.4000000  13.0000004  13.0000004
88.4100000  13.0000004  13.0000004
88.4200000  13.0000004  13.0000004
88.4300000  13.0000004  13.0000004
88.4400000  13.0000004  13.0000004
88.4500000  13.0000004  13.0000004
88.4600000  13.0000004  13.0000004
88.4700000  13.0000003  13.0000003
88.4800000  13.0000003  13.0000003
88.4900000  13.0000003  13.0000003
88.5000000  13.0000003  13.0000003
88.5100000  13.0000003  13.0000003
88.5200000  13.0000003  13.0000003
88.5300000  13.0000003  13.0000003
88.5400000  13.0000003  13.0000003
88.5500000  13.0000003  13.0000003
88.5600000  13.0000002  13.0000002
88.5700000  13.0000002  13.0000002
88.5800000  13.0000002  13.0000002
88.5900000  13.0000002  13.0000002
88.6000000  13.0000002  13.0000002
88.6100000  13.0000002  13.0000002
88.6200000  13.0000002  13.0000002
88.6300000  13.0000002  13.0000002
88.6400000  13.0000002  13.0000002
88.6500000  13.0000001  13.0000001
88.6600000  13.0000001  13.0000001
88.6700000  13.0000001  13.0000001
88.6800000  13.0000001  13.0000001
88.6900000  13.0000001  13.0000001
88.7000000  13.0000001  13.0000001
88.7100000  13.0000001  13.0000001
88.7200000  13.0000001  13.0000001
88.7300000  13.0000001  13.0000001
88.7400000  13.0000000  13.0000000
88.7500000  13.0000000  13.0000000
88.7600000  13.0000000  13.0000000
88.7700000  13.0000000  13.0000000
88.7800000  13.0000000  13.0000000
88.7900000  13.0000000  13.0000000
88.8000000  13.0000000  13.0000000
88.8100000  13.0000000  13.0000000
88.8200000  13.0000000  13.0000000
88.8300000  12.9999999  12.9999999
88.8400000  12.9999999  12.9999999
88.8500000  12.9999999  12.9999999
88.8600000  12.9999999  12.9999999
88.8700000  12.9999999  12.9999999
88.8800000  12.9999999  12.9999999
88.8900000  12.9999999  12.9999999
88.9000000  12.9999999  12.9999999
88.9100000  12.9999999  12.9999999
88.9200000  12.9999999  12.9999999
88.9300000  12.9999998  12.9999998
88.9400000  12.9999998  12.9999998
88.9500000  12.9999998  12.9999998
88.9600000  12.9999998  12.9999998
88.9700000  12.9999998  12.9999998
88.9800000  12.9999998  12.9999998
88.9900000  12.9999998  12.9999998
89.0000000  12.9999998  12.9999998
89.0100000  12.9999998  12.9999998
89.0200000  12.9999997  12.9999997
89.0300000  12.9999997  12.9999997
89.0400000  12.9999997  12.9999997
89.0500000  12.9999997  12.9999997
89.0600000  12.9999997  12.9999997
89.0700000  12.9999997  12.9999997
89.0800000  12.9999997  12.9999997
89.0900000  12.9999997  12.9999997
89.1000000  12.9999997  12.9999997
89.1100000  12.9999997  12.9999997
89.1200000  12.9999997  12.9999997
89.1300000  12.9999996  12.9999996
89.1400000  12.9999996  12.9999996
89.1500000  12.9999996  12.9999996
89.1600000  12.9999996  12.9999996
89.1700000  12.9999996  12.9999996
89.1800000  12.9999996  12.9999996
89.1900000  12.9999996  12.9999996
89.2000000  12.9999996  12.9999996
89.2100000  12.9999996  12.9999996
89.2200000  12.9999996  12.9999996
89.2300000  12.9999996  12.9999996
89.2400000  12.9999996  12.9999996
89.2500000  12.9999996  12.9999996
89.2600000  12.9999995  12.9999995
89.2700000  12.9999995  12.9999995
89.2800000  12.9999995  12.9999995
89.2900000  12.9999995  12.9999995
89.3000000  12.9999995  12.9999995
89.3100000  12.9999995  12.9999995
89.3200000  12.9999995  12.9999995
89.3300000  12.9999995  12.9999995
89.3400000  12.9999995  12.9999995
89.3500000  12.9999995  12.9999995
89.3600000  12.9999995  12.9999995
89.3700000  12.9999995  12.9999995
89.3800000  12.9999995  12.9999995
89.3900000  12.9999995  12.9999995
89.4000000  12.9999995  12.9999995
89.4100000  12.9999995  12.9999995
89.4200000  12.9999995  12.9999995
89.4300000  12.9999995  12.9999995
89.4400000  12.9999995  12.9999995
89.4500000  12.9999994  12.9999994
89.4600000  12.9999994  12.9999994
89.4700000  12.9999994  12.9999994
89.4800000  12.9999994  12.9999994
89.4900000  12.9999994  12.9999994
89.5000000  12.9999994  12.9999994
89.5100000  12.9999994  12.9999994
89.5200000  12.9999994  12.9999994
89.5300000  12.9999994  12.9999994
89.5400000  12.9999994  12.9999994
89.5500000  12.9999994  12.9999994
89.5600000  12.9999994  12.9999994
89.5700000  12.9999994  12.9999994
89.5800000  12.9999994  12.9999994
89.5900000  12.9999994  12.9999994
89.6000000  12.9999994  12.9999994
89.6100000  12.9999994  12.9999994
89.6200000  12.9999994  12.9999994
89.6300000  12.9999994  12.9999994
89.6400000  12.9999994  12.9999994
89.6500000  12.9999994  12.9999994
89.6600000  12.9999994  12.9999994
89.6700000  12.9999994  12.9999994
89.6800000  12.9999994  12.9999994
89.6900000  12.9999994  12.9999994
89.7000000  12.9999994  12.9999994
89.7100000  12.9999994  12.9999994
89.7200000  12.9999994  12.9999994
89.7300000  12.9999994  12.9999994
89.7400000  12.9999994  12.9999994
89.7500000  12.9999994  12.9999994
89.7600000  12.9999994  12.9999994
89.7700000  12.9999994  12.9999994
89.7800000  12.9999994  12.9999994
89.7900000  12.9999994  12.9999994
89.8000000  12.9999994  12.9999994
89.8100000  12.9999994  12.9999994
89.8200000  12.9999994  12.9999994
89.8300000  12.9999994  12.9999994
89.8400000  12.9999994  12.9999994
89.8500000  12.9999994  12.9999994
89.8600000  12.9999994  12.9999994
89.8700000  12.9999994  12.9999994
89.8800000  12.9999995  12.9999995
89.8900000  12.9999995  12.9999995
89.9000000  12.9999995  12.9999995
89.9100000  12.9999995  12.9999995
89.9200000  12.9999995  12.9999995
89.9300000  12.9999995  12.9999995
89.9400000  12.9999995  12.9999995
89.9500000  12.9999995  12.9999995
89.9600000  12.9999995  12.9999995
89.9700000  12.9999995  12.9999995
89.9800000  12.9999995  12.9999995
89.9900000  12.9999995  12.9999995
90.0000000  12.9999995  12.9999995
90.0100000  12.9999995  12.9999995
90.0200000  12.9999995  12.9999995
90.0300000  12.9999995  12.9999995
90.0400000  12.9999995  12.9999995
90.0500000  12.9999995  12.9999995
90.0600000  12.9999995  12.9999995
90.0700000  12.9999995  12.9999995
90.0800000  12.9999996  12.9999996
90.0900000  12.9999996  12.9999996
90.1000000  12.9999996  12.9999996
90.1100000  12.9999996  12.9999996
90.1200000  12.9999996  12.9999996
90.1300000  12.9999996  12.9999996
90.1400000  12.9999996  12.9999996
90.1500000  12.9999996  12.9999996
90.1600000  12.9999996  12.9999996
90.1700000  12.9999996  12.9999996
90.1800000  12.9999996  12.9999996
90.1900000  12.9999996  12.9999996
90.2000000  12.9999996  12.9999996
90.2100000  12.9999996  12.9999996
90.2200000  12.9999996  12.9999996
90.2300000  12.9999997  12.9999997
90.2400000  12.9999997  12.9999997
90.2500000  12.9999997  12.9999997
90.2600000  12.9999997  12.9999997
90.2700000  12.9999997  12.9999997
90.2800000  12.9999997  12.9999997
90.2900000  12.9999997  12.9999997
90.3000000  12.9999997  12.9999997
90.3100000  12.9999997  12.9999997
90.3200000  12.9999997  12.9999997
90.3300000  12.9999997  12.9999997
90.3400000  12.9999997  12.9999997
90.3500000  12.9999998  12.9999998
90.3600000  12.9999998  12.9999998
90.3700000  12.9999998  12.9999998
90.3800000  12.9999998  12.9999998
90.3900000  12.9999998  12.9999998
90.4000000  12.9999998  12.9999998
90.4100000  12.9999998  12.9999998
90.4200000  12.9999998  12.9999998
90.4300000  12.9999998  12.9999998
90.4400000  12.9999998  12.9999998
90.4500000  12.9999998  12.9999998
90.4600000  12.9999998  12.9999998
90.4700000  12.9999999  12.9999999
90.4800000  12.9999999  12.9999999
90.4900000  12.9999999  12.9999999
90.5000000  12.9999999  12.9999999
90.5100000  12.9999999  12.9999999
90.5200000  12.9999999  12.9999999
90.5300000  12.9999999  12.9999999
90.5400000  12.9999999  12.9999999
90.5500000  12.9999999  12.9999999
90.5600000  12.9999999  12.9999999
90.5700000  12.9999999  12.9999999
90.5800000  12.9999999  12.9999999
90.5900000  13.0000000  13.0000000
90.6000000  13.0000000  13.0000000
90.6100000  13.0000000  13.0000000
90.6200000  13.0000000  13.0000000
90.6300000  13.0000000  13.0000000
90.6400000  13.0000000  13.0000000
90.6500000  13.0000000  13.0000000
90.6600000  13.0000000  13.0000000
90.6700000  13.0000000  13.0000000
90.6800000  13.0000000  13.0000000
90.6900000  13.0000000  13.0000000
90.7000000  13.0000000  13.0000000
90.7100000  13.0000001  13.0000001
90.7200000  13.0000001  13.0000001
90.7300000  13.0000001  13.0000001
90.7400000  13.0000001  13.0000001
90.7500000  13.0000001  13.0000001
90.7600000  13.0000001  13.0000001
90.7700000  13.0000001  13.0000001
90.7800000  13.0000001  13.0000001
90.7900000  13.0000001  13.0000001
90.8000000  13.0000001  13.0000001
90.8100000  13.0000001  13.0000001
90.8200000  13.0000001  13.0000001
90.8300000  13.0000001  13.0000001
90.8400000  13.0000001  13.0000001
90.8500000  13.0000002  13.0000002
90.8600000  13.0000002  13.0000002
90.8700000  13.0000002  13.0000002
90.8800000  13.0000002  13.0000002
90.8900000  13.0000002  13.0000002
90.9000000  13.0000002  13.0000002
90.9100000  13.0000002  13.0000002
90.9200000  13.0000002  13.0000002
90.9300000  13.0000002  13.0000002
90.9400000  13.0000002  13.0000002
90.9500000  13.0000002  13.0000002
90.9600000  13.0000002  13.0000002
90.9700000  13.0000002  13.0000002
90.9800000  13.0000002  13.0000002
90.9900000  13.0000002  13.0000002
91.0000000  13.0000002  13.0000002
91.0100000  13.0000002  13.0000002
91.0200000  13.0000003  13.0000003
91.0300000  13.0000003  13.0000003
91.0400000  13.0000003  13.0000003
91.0500000  13.0000003  13.0000003
91.0600000  13.0000003  13.0000003
91.0700000  13.0000003  13.0000003
91.0800000  13.0000003  13.0000003
91.0900000  13.0000003  13.0000003
91.1000000  13.0000003  13.0000003
91.1100000  13.0000003  13.0000003
91.1200000  13.0000003  13.0000003
91.1300000  13.0000003  13.0000003
91.1400000  13.0000003  13.0000003
91.1500000  13.0000003  13.0000003
91.1600000  13.0000003  13.0000003
91.1700000  13.0000003  13.0000003
91.1800000  13.0000003  13.0000003
91.1900000  13.0000003  13.0000003
91.2000000  13.0000003  13.0000003
91.2100000  13.0000003  13.0000003
91.2200000  13.0000003  13.0000003
91.2300000  13.0000003  13.0000003
91.2400000  13.0000003  13.0000003
91.2500000  13.0000003  13.0000003
91.2600000  13.0000003  13.0000003
91.2700000  13.0000003  13.0000003
91.2800000  13.0000003  13.0000003
91.2900000  13.0000003  13.0000003
91.3000000  13.0000003  13.0000003
91.3100000  13.0000003  13.0000003
91.3200000  13.0000004  13.0000004
91.3300000  13.0000004  13.0000004
91.3400000  13.0000004  13.0000004
91.3500000  13.0000004  13.0000004
91.3600000  13.0000004  13.0000004
91.3700000  13.0000004  13.0000004
91.3800000  13.0000004  13.0000004
91.3900000  13.0000004  13.0000004
91.4000000  13.0000004  13.0000004
91.4100000  13.0000004  13.0000004
91.4200000  13.0000004  13.0000004
91.4300000  13.0000004  13.0000004
91.4400000  13.0000004  13.0000004
91.4500000  13.0000004  13.0000004
91.4600000  13.0000004  13.0000004
91.4700000  13.0000004  13.0000004
91.4800000  13.0000004  13.0000004
91.4900000  13.0000004  13.0000004
91.5000000  13.0000004  13.0000004
91.5100000  13.0000004  13.0000004
91.5200000  13.0000003  13.0000003
91.5300000  13.0000003  13.0000003
91.5400000  13.0000003  13.0000003
91.5500000  13.0000003  13.0000003
91.5600000  13.0000003  13.0000003
91.5700000  13.0000003  13.0000003
91.5800000  13.0000003  13.0000003
91.5900000  13.0000003  13.0000003
91.6000000  13.0000003  13.0000003
91.6100000  13.0000003  13.0000003
91.6200000  13.0000003  13.0000003
91.6300000  13.0000003  13.0000003
91.6400000  13.0000003  13.0000003
91.6500000  13.0000003  13.0000003
91.6600000  13.0000003  13.0000003
91.6700000  13.0000003  13.0000003
91.6800000  13.0000003  13.0000003
91.6900000  13.0000003  13.0000003
91.7000000  13.0000003  13.0000003
91.7100000  13.0000003  13.0000003
91.7200000  13.0000003  13.0000003
91.7300000  13.0000003  13.0000003
91.7400000  13.0000003  13.0000003
91.7500000  13.0000003  13.0000003
91.7600000  13.0000003  13.0000003
91.7700000  13.0000003  13.0000003
91.7800000  13.0000003  13.0000003
91.7900000  13.0000003  13.0000003
91.8000000  13.0000003  13.0000003
91.8100000  13.0000003  13.0000003
91.8200000  13.0000003  13.0000003
91.8300000  13.0000003  13.0000003
91.8400000  13.0000002  13.0000002
91.8500000  13.0000002  13.0000002
91.8600000  13.0000002  13.0000002
91.8700000  13.0000002  13.0000002
91.8800000  13.0000002  13.0000002
91.8900000  13.0000002  13.0000002
91.9000000  13.0000002  13.0000002
91.9100000  13.0000002  13.0000002
91.9200000  13.0000002  13.0000002
91.9300000  13.0000002  13.0000002
91.9400000  13.0000002  13.0000002
91.9500000  13.0000002  13.0000002
91.9600000  13.0000002  13.0000002
91.9700000  13.0000002  13.0000002
91.9800000  13.0000002  13.0000002
91.9900000  13.0000002  13.0000002
92.0000000  13.0000002  13.0000002
92.0100000  13.0000002  13.0000002
92.0200000  13.0000002  13.0000002
92.0300000  13.0000001  13.0000001
92.0400000  13.0000001  13.0000001
92.0500000  13.0000001  13.0000001
92.0600000  13.0000001  13.0000001
92.0700000  13.0000001  13.0000001
92.0800000  13.0000001  13.0000001
92.0900000  13.0000001  13.0000001
92.1000000  13.0000001  13.0000001
92.1100000  13.0000001  13.0000001
92.1200000  13.0000001  13.0000001
92.1300000  13.0000001  13.0000001
92.1400000  13.0000001  13.0000001
92.1500000  13.0000001  13.0000001
92.1600000  13.0000001  13.0000001
92.1700000  13.0000001  13.0000001
92.1800000  13.0000001  13.0000001
92.1900000  13.0000000  13.0000000
92.2000000  13.0000000  13.0000000
92.2100000  13.0000000  13.0000000
92.2200000  13.0000000  13.0000000
92.2300000  13.0000000  13.0000000
92.2400000  13.0000000  13.0000000
92.2500000  13.0000000  13.0000000
92.2600000  13.0000000  13.0000000
92.2700000  13.0000000  13.0000000
92.2800000  13.0000000  13.0000000
92.2900000  13.0000000  13.0000000
92.3000000  13.0000000  13.0000000
92.3100000  13.0000000  13.0000000
92.3200000  13.0000000  13.0000000
92.3300000  13.0000000  13.0000000
92.3400000  13.0000000  13.0000000
92.3500000  12.9999999  12.9999999
92.3600000  12.9999999  12.9999999
92.3700000  12.9999999  12.9999999
92.3800000  12.9999999  12.9999999
92.3900000  12.9999999  12.9999999
92.4000000  12.9999999  12.9999999
92.4100000  12.9999999  12.9999999
92.4200000  12.9999999  12.9999999
92.4300000  12.9999999  12.9999999
92.4400000  12.9999999  12.9999999
92.4500000  12.9999999  12.9999999
92.4600000  12.9999999  12.9999999
92.4700000  12.9999999  12.9999999
92.4800000  12.9999999  12.9999999
92.4900000  12.9999999  12.9999999
92.5000000  12.9999999  12.9999999
92.5100000  12.9999998  12.9999998
92.5200000  12.9999998  12.9999998
92.5300000  12.9999998  12.9999998
92.5400000  12.9999998  12.9999998
92.5500000  12.9999998  12.9999998
92.5600000  12.9999998  12.9999998
92.5700000  12.9999998  12.9999998
92.5800000  12.9999998  12.9999998
92.5900000  12.9999998  12.9999998
92.6000000  12.9999998  12.9999998
92.6100000  12.9999998  12.9999998
92.6200000  12.9999998  12.9999998
92.6300000  12.9999998  12.9999998
92.6400000  12.9999998  12.9999998
92.6500000  12.9999998  12.9999998
92.6600000  12.9999998  12.9999998
92.6700000  12.9999998  12.9999998
92.6800000  12.9999998  12.9999998
92.6900000  12.9999998  12.9999998
92.7000000  12.9999998  12.9999998
92.7100000  12.9999997  12.9999997
92.7200000  12.9999997  12.9999997
92.7300000  12.9999997  12.9999997
92.7400000  12.9999997  12.9999997
92.7500000  12.9999997  12.9999997
92.7600000  12.9999997  12.9999997
92.7700000  12.9999997  12.9999997
92.7800000  12.9999997  12.9999997
92.7900000  12.9999997  12.9999997
92.8000000  12.9999997  12.9999997
92.8100000  12.9999997  12.9999997
92.8200000  12.9999997  12.9999997
92.8300000  12.9999997  12.9999997
92.8400000  12.9999997  12.9999997
92.8500000  12.9999997  12.9999997
92.8600000  12.9999997  12.9999997
92.8700000  12.9999997  12.9999997
92.8800000  12.9999997  12.9999997
92.8900000  12.9999997  12.9999997
92.9000000  12.9999997  12.9999997
92.9100000  12.9999997  12.9999997
92.9200000  12.9999997  12.9999997
92.9300000  12.9999997  12.9999997
92.9400000  12.9999997  12.9999997
92.9500000  12.9999997  12.9999997
92.9600000  12.9999997  12.9999997
92.9700000  12.9999997  12.9999997
92.9800000  12.9999997  12.9999997
92.9900000  12.9999997  12.9999997
93.0000000  12.9999997  12.9999997
93.0100000  12.9999997  12.9999997
93.0200000  12.9999997  12.9999997
93.0300000  12.9999997  12.9999997
93.0400000  12.9999997  12.9999997
93.0500000  12.9999997  12.9999997
93.0600000  12.9999997  12.9999997
93.0700000  12.9999996  12.9999996
93.0800000  12.9999996  12.9999996
93.0900000  12.9999996  12.9999996
93.1000000  12.9999996  12.9999996
93.1100000  12.9999996  12.9999996
93.1200000  12.9999996  12.9999996
93.1300000  12.9999996  12.9999996
93.1400000  12.9999996  12.9999996
93.1500000  12.9999996  12.9999996
93.1600000  12.9999996  12.9999996
93.1700000  12.9999996  12.9999996
93.1800000  12.9999996  12.9999996
93.1900000  12.9999996  12.9999996
93.2000000  12.9999996  12.9999996
93.2100000  12.9999996  12.9999996
93.2200000  12.9999996  12.9999996
93.2300000  12.9999996  12.9999996
93.2400000  12.9999996  12.9999996
93.2500000  12.9999996  12.9999996
93.2600000  12.9999996  12.9999996
93.2700000  12.9999996  12.9999996
93.2800000  12.9999996  12.9999996
93.2900000  12.9999997  12.9999997
93.3000000  12.9999997  12.9999997
93.3100000  12.9999997  12.9999997
93.3200000  12.9999997  12.9999997
93.3300000  12.9999997  12.9999997
93.3400000  12.9999997  12.9999997
93.3500000  12.9999997  12.9999997
93.3600000  12.9999997  12.9999997
93.3700000  12.9999997  12.9999997
93.3800000  12.9999997  12.9999997
93.3900000  12.9999997  12.9999997
93.4000000  12.9999997  12.9999997
93.4100000  12.9999997  12.9999997
93.4200000  12.9999997  12.9999997
93.4300000  12.9999997  12.9999997
93.4400000  12.9999997  12.9999997
93.4500000  12.9999997  12.9999997
93.4600000  12.9999997  12.9999997
93.4700000  12.9999997  12.9999997
93.4800000  12.9999997  12.9999997
93.4900000  12.9999997  12.9999997
93.5000000  12.9999997  12.9999997
93.5100000  12.9999997  12.9999997
93.5200000  12.9999997  12.9999997
93.5300000  12.9999997  12.9999997
93.5400000  12.9999997  12.9999997
93.5500000  12.9999997  12.9999997
93.5600000  12.9999997  12.9999997
93.5700000  12.9999997  12.9999997
93.5800000  12.9999997  12.9999997
93.5900000  12.9999997  12.9999997
93.6000000  12.9999997  12.9999997
93.6100000  12.9999997  12.9999997
93.6200000  12.9999997  12.9999997
93.6300000  12.9999997  12.9999997
93.6400000  12.9999997  12.9999997
93.6500000  12.9999997  12.9999997
93.6600000  12.9999997  12.9999997
93.6700000  12.9999998  12.9999998
93.6800000  12.9999998  12.9999998
93.6900000  12.9999998  12.9999998
93.7000000  12.9999998  12.9999998
93.7100000  12.9999998  12.9999998
93.7200000  12.9999998  12.9999998
93.7300000  12.9999998  12.9999998
93.7400000  12.9999998  12.9999998
93.7500000  12.9999998  12.9999998
93.7600000  12.9999998  12.9999998
93.7700000  12.9999998  12.9999998
93.7800000  12.9999998  12.9999998
93.7900000  12.9999998  12.9999998
93.8000000  12.9999998  12.9999998
93.8100000  12.9999998  12.9999998
93.8200000  12.9999998  12.9999998
93.8300000  12.9999998  12.9999998
93.8400000  12.9999998  12.9999998
93.8500000  12.9999998  12.9999998
93.8600000  12.9999998  12.9999998
93.8700000  12.9999998  12.9999998
93.8800000  12.9999998  12.9999998
93.8900000  12.9999998  12.9999998
93.9000000  12.9999999  12.9999999
93.9100000  12.9999999  12.9999999
93.9200000  12.9999999  12.9999999
93.9300000  12.9999999  12.9999999
93.9400000  12.9999999  12.9999999
93.9500000  12.9999999  12.9999999
93.9600000  12.9999999  12.9999999
93.9700000  12.9999999  12.9999999
93.9800000  12.9999999  12.9999999
93.9900000  12.9999999  12.9999999
94.0000000  12.9999999  12.9999999
94.0100000  12.9999999  12.9999999
94.0200000  12.9999999  12.9999999
94.0300000  12.9999999  12.9999999
94.0400000  12.9999999  12.9999999
94.0500000  12.9999999  12.9999999
94.0600000  12.9999999  12.9999999
94.0700000  12.9999999  12.9999999
94.0800000  12.9999999  12.9999999
94.0900000  12.9999999  12.9999999
94.1000000  12.9999999  12.9999999
94.1100000  13.0000000  13.0000000
94.1200000  13.0000000  13.0000000
94.1300000  13.0000000  13.0000000
94.1400000  13.0000000  13.0000000
94.1500000  13.0000000  13.0000000
94.1600000  13.0000000  13.0000000
94.1700000  13.0000000  13.0000000
94.1800000  13.0000000  13.0000000
94.1900000  13.0000000  13.0000000
94.2000000  13.0000000  13.0000000
94.2100000  13.0000000  13.0000000
94.2200000  13.0000000  13.0000000
94.2300000  13.0000000  13.0000000
94.2400000  13.0000000  13.0000000
94.2500000  13.0000000  13.0000000
94.2600000  13.0000000  13.0000000
94.2700000  13.0000000  13.0000000
94.2800000  13.0000000  13.0000000
94.2900000  13.0000000  13.0000000
94.3000000  13.0000000  13.0000000
94.3100000  13.0000000  13.0000000
94.3200000  13.0000000  13.0000000
94.3300000  13.0000001  13.0000001
94.3400000  13.0000001  13.0000001
94.3500000  13.0000001  13.0000001
94.3600000  13.0000001  13.0000001
94.3700000  13.0000001  13.0000001
94.3800000  13.0000001  13.0000001
94.3900000  13.0000001  13.0000001
94.4000000  13.0000001  13.0000001
94.4100000  13.0000001  13.0000001
94.4200000  13.0000001  13.0000001
94.4300000  13.0000001  13.0000001
94.4400000  13.0000001  13.0000001
94.4500000  13.0000001  13.0000001
94.4600000  13.0000001  13.0000001
94.4700000  13.0000001  13.0000001
94.4800000  13.0000001  13.0000001
94.4900000  13.0000001  13.0000001
94.5000000  13.0000001  13.0000001
94.5100000  13.0000001  13.0000001
94.5200000  13.0000001  13.0000001
94.5300000  13.0000001  13.0000001
94.5400000  13.0000001  13.0000001
94.5500000  13.0000001  13.0000001
94.5600000  13.0000001  13.0000001
94.5700000  13.0000001  13.0000001
94.5800000  13.0000001  13.0000001
94.5900000  13.0000001  13.0000001
94.6000000  13.0000001  13.0000001
94.6100000  13.0000001  13.0000001
94.6200000  13.0000001  13.0000001
94.6300000  13.0000001  13.0000001
94.6400000  13.0000001  13.0000001
94.6500000  13.0000002  13.0000002
94.6600000  13.0000002  13.0000002
94.6700000  13.0000002  13.0000002
94.6800000  13.0000002  13.0000002
94.6900000  13.0000002  13.0000002
94.7000000  13.0000002  13.0000002
94.7100000  13.0000002  13.0000002
94.7200000  13.0000002  13.0000002
94.7300000  13.0000002  13.0000002
94.7400000  13.0000002  13.0000002
94.7500000  13.0000002  13.0000002
94.7600000  13.0000002  13.0000002
94.7700000  13.0000002  13.0000002
94.7800000  13.0000002  13.0000002
94.7900000  13.0000002  13.0000002
94.8000000  13.0000002  13.0000002
94.8100000  13.0000002  13.0000002
94.8200000  13.0000002  13.0000002
94.8300000  13.0000002  13.0000002
94.8400000  13.0000002  13.0000002
94.8500000  13.0000002  13.0000002
94.8600000  13.0000002  13.0000002
94.8700000  13.0000002  13.0000002
94.8800000  13.0000002  13.0000002
94.8900000  13.0000002  13.0000002
94.9000000  13.0000002  13.0000002
94.9100000  13.0000002  13.0000002
94.9200000  13.0000002  13.0000002
94.9300000  13.0000002  13.0000002
94.9400000  13.0000002  13.0000002
94.9500000  13.0000002  13.0000002
94.9600000  13.0000002  13.0000002
94.9700000  13.0000002  13.0000002
94.9800000  13.0000002  13.0000002
94.9900000  13.0000002  13.0000002
95.0000000  13.0000002  13.0000002
95.0100000  13.0000002  13.0000002
95.0200000  13.0000002  13.0000002
95.0300000  13.0000002  13.0000002
95.0400000  13.0000002  13.0000002
95.0500000  13.0000002  13.0000002
95.0600000  13.0000002  13.0000002
95.0700000  13.0000002  13.0000002
95.0800000  13.0000002  13.0000002
95.0900000  13.0000002  13.0000002
95.1000000  13.0000002  13.0000002
95.1100000  13.0000002  13.0000002
95.1200000  13.0000002  13.0000002
95.1300000  13.0000002  13.0000002
95.1400000  13.0000002  13.0000002
95.1500000  13.0000002  13.0000002
95.1600000  13.0000002  13.0000002
95.1700000  13.0000002  13.0000002
95.1800000  13.0000002  13.0000002
95.1900000  13.0000002  13.0000002
95.2000000  13.0000002  13.0000002
95.2100000  13.0000002  13.0000002
95.2200000  13.0000002  13.0000002
95.2300000  13.0000001  13.0000001
95.2400000  13.0000001  13.0000001
95.2500000  13.0000001  13.0000001
95.2600000  13.0000001  13.0000001
95.2700000  13.0000001  13.0000001
95.2800000  13.0000001  13.0000001
95.2900000  13.0000001  13.0000001
95.3000000  13.0000001  13.0000001
95.3100000  13.0000001  13.0000001
95.3200000  13.0000001  13.0000001
95.3300000  13.0000001  13.0000001
95.3400000  13.0000001  13.0000001
95.3500000  13.0000001  13.0000001
95.3600000  13.0000001  13.0000001
95.3700000  13.0000001  13.0000001
95.3800000  13.0000001  13.0000001
95.3900000  13.0000001  13.0000001
95.4000000  13.0000001  13.0000001
95.4100000  13.0000001  13.0000001
95.4200000  13.0000001  13.0000001
95.4300000  13.0000001  13.0000001
95.4400000  13.0000001  13.0000001
95.4500000  13.0000001  13.0000001
95.4600000  13.0000001  13.0000001
95.4700000  13.0000001  13.0000001
95.4800000  13.0000001  13.0000001
95.4900000  13.0000001  13.0000001
95.5000000  13.0000001  13.0000001
95.5100000  13.0000001  13.0000001
95.5200000  13.0000001  13.0000001
95.5300000  13.0000001  13.0000001
95.5400000  13.0000001  13.0000001
95.5500000  13.0000001  13.0000001
95.5600000  13.0000001  13.0000001
95.5700000  13.0000001  13.0000001
95.5800000  13.0000000  13.0000000
95.5900000  13.0000000  13.0000000
95.6000000  13.0000000  13.0000000
95.6100000  13.0000000  13.0000000
95.6200000  13.0000000  13.0000000
95.6300000  13.0000000  13.0000000
95.6400000  13.0000000  13.0000000
95.6500000  13.0000000  13.0000000
95.6600000  13.0000000  13.0000000
95.6700000  13.0000000  13.0000000
95.6800000  13.0000000  13.0000000
95.6900000  13.0000000  13.0000000
95.7000000  13.0000000  13.0000000
95.7100000  13.0000000  13.0000000
95.7200000  13.0000000  13.0000000
95.7300000  13.0000000  13.0000000
95.7400000  13.0000000  13.0000000
95.7500000  13.0000000  13.0000000
95.7600000  13.0000000  13.0000000
95.7700000  13.0000000  13.0000000
95.7800000  13.0000000  13.0000000
95.7900000  13.0000000  13.0000000
95.8000000  13.0000000  13.0000000
95.8100000  13.0000000  13.0000000
95.8200000  13.0000000  13.0000000
95.8300000  13.0000000  13.0000000
95.8400000  13.0000000  13.0000000
95.8500000  13.0000000  13.0000000
95.8600000  12.9999999  12.9999999
95.8700000  12.9999999  12.9999999
95.8800000  12.9999999  12.9999999
95.8900000  12.9999999  12.9999999
95.9000000  12.9999999  12.9999999
95.9100000  12.9999999  12.9999999
95.9200000  12.9999999  12.9999999
95.9300000  12.9999999  12.9999999
95.9400000  12.9999999  12.9999999
95.9500000  12.9999999  12.9999999
95.9600000  12.9999999  12.9999999
95.9700000  12.9999999  12.9999999
95.9800000  12.9999999  12.9999999
95.9900000  12.9999999  12.9999999
96.0000000  12.9999999  12.9999999
96.0100000  12.9999999  12.9999999
96.0200000  12.9999999  12.9999999
96.0300000  12.9999999  12.9999999
96.0400000  12.9999999  12.9999999
96.0500000  12.9999999  12.9999999
96.0600000  12.9999999  12.9999999
96.0700000  12.9999999  12.9999999
96.0800000  12.9999999  12.9999999
96.0900000  12.9999999  12.9999999
96.1000000  12.9999999  12.9999999
96.1100000  12.9999999  12.9999999
96.1200000  12.9999999  12.9999999
96.1300000  12.9999999  12.9999999
96.1400000  12.9999999  12.9999999
96.1500000  12.9999999  12.9999999
96.1600000  12.9999999  12.9999999
96.1700000  12.9999999  12.9999999
96.1800000  12.9999998  12.9999998
96.1900000  12.9999998  12.9999998
96.2000000  12.9999998  12.9999998
96.2100000  12.9999998  12.9999998
96.2200000  12.9999998  12.9999998
96.2300000  12.9999998  12.9999998
96.2400000  12.9999998  12.9999998
96.2500000  12.9999998  12.9999998
96.2600000  12.9999998  12.9999998
96.2700000  12.9999998  12.9999998
96.2800000  12.9999998  12.9999998
96.2900000  12.9999998  12.9999998
96.3000000  12.9999998  12.9999998
96.3100000  12.9999998  12.9999998
96.3200000  12.9999998  12.9999998
96.3300000  12.9999998  12.9999998
96.3400000  12.9999998  12.9999998
96.3500000  12.9999998  12.9999998
96.3600000  12.9999998  12.9999998
96.3700000  12.9999998  12.9999998
96.3800000  12.9999998  12.9999998
96.3900000  12.9999998  12.9999998
96.4000000  12.9999998  12.9999998
96.4100000  12.9999998  12.9999998
96.4200000  12.9999998  12.9999998
96.4300000  12.9999998  12.9999998
96.4400000  12.9999998  12.9999998
96.4500000  12.9999998  12.9999998
96.4600000  12.9999998  12.9999998
96.4700000  12.9999998  12.9999998
96.4800000  12.9999998  12.9999998
96.4900000  12.9999998  12.9999998
96.5000000  12.9999998  12.9999998
96.5100000  12.9999998  12.9999998
96.5200000  12.9999998  12.9999998
96.5300000  12.9999998  12.9999998
96.5400000  12.9999998  12.9999998
96.5500000  12.9999998  12.9999998
96.5600000  12.9999998  12.9999998
96.5700000  12.9999998  12.9999998
96.5800000  12.9999998  12.9999998
96.5900000  12.9999998  12.9999998
96.6000000  12.9999998  12.9999998
96.6100000  12.9999998  12.9999998
96.6200000  12.9999998  12.9999998
96.6300000  12.9999998  12.9999998
96.6400000  12.9999998  12.9999998
96.6500000  12.9999998  12.9999998
96.6600000  12.9999998  12.9999998
96.6700000  12.9999998  12.9999998
96.6800000  12.9999998  12.9999998
96.6900000  12.9999998  12.9999998
96.7000000  12.9999998  12.9999998
96.7100000  12.9999998  12.9999998
96.7200000  12.9999998  12.9999998
96.7300000  12.9999998  12.9999998
96.7400000  12.9999998  12.9999998
96.7500000  12.9999998  12.9999998
96.7600000  12.9999998  12.9999998
96.7700000  12.9999998  12.9999998
96.7800000  12.9999998  12.9999998
96.7900000  12.9999998  12.9999998
96.8000000  12.9999998  12.9999998
96.8100000  12.9999998  12.9999998
96.8200000  12.9999998  12.9999998
96.8300000  12.9999998  12.9999998
96.8400000  12.9999998  12.9999998
96.8500000  12.9999998  12.9999998
96.8600000  12.9999998  12.9999998
96.8700000  12.9999998  12.9999998
96.8800000  12.9999998  12.9999998
96.8900000  12.9999998  12.9999998
96.9000000  12.9999998  12.9999998
96.9100000  12.9999998  12.9999998
96.9200000  12.9999998  12.9999998
96.9300000  12.9999998  12.9999998
96.9400000  12.9999998  12.9999998
96.9500000  12.9999998  12.9999998
96.9600000  12.9999998  12.9999998
96.9700000  12.9999998  12.9999998
96.9800000  12.9999998  12.9999998
96.9900000  12.9999998  12.9999998
97.0000000  12.9999998  12.9999998
97.0100000  12.9999998  12.9999998
97.0200000  12.9999998  12.9999998
97.0300000  12.9999998  12.9999998
97.0400000  12.9999998  12.9999998
97.0500000  12.9999998  12.9999998
97.0600000  12.9999998  12.9999998
97.0700000  12.9999998  12.9999998
97.0800000  12.9999998  12.9999998
97.0900000  12.9999998  12.9999998
97.1000000  12.9999998  12.9999998
97.1100000  12.9999998  12.9999998
97.1200000  12.9999998  12.9999998
97.1300000  12.9999998  12.9999998
97.1400000  12.9999998  12.9999998
97.1500000  12.9999998  12.9999998
97.1600000  12.9999998  12.9999998
97.1700000  12.9999998  12.9999998
97.1800000  12.9999998  12.9999998
97.1900000  12.9999998  12.9999998
97.2000000  12.9999998  12.9999998
97.2100000  12.9999998  12.9999998
97.2200000  12.9999998  12.9999998
97.2300000  12.9999998  12.9999998
97.2400000  12.9999999  12.9999999
97.2500000  12.9999999  12.9999999
97.2600000  12.9999999  12.9999999
97.2700000  12.9999999  12.9999999
97.2800000  12.9999999  12.9999999
97.2900000  12.9999999  12.9999999
97.3000000  12.9999999  12.9999999
97.3100000  12.9999999  12.9999999
97.3200000  12.9999999  12.9999999
97.3300000  12.9999999  12.9999999
97.3400000  12.9999999  12.9999999
97.3500000  12.9999999  12.9999999
97.3600000  12.9999999  12.9999999
97.3700000  12.9999999  12.9999999
97.3800000  12.9999999  12.9999999
97.3900000  12.9999999  12.9999999
97.4000000  12.9999999  12.9999999
97.4100000  12.9999999  12.9999999
97.4200000  12.9999999  12.9999999
97.4300000  12.9999999  12.9999999
97.4400000  12.9999999  12.9999999
97.4500000  12.9999999  12.9999999
97.4600000  12.9999999  12.9999999
97.4700000  12.9999999  12.9999999
97.4800000  12.9999999  12.9999999
97.4900000  12.9999999  12.9999999
97.5000000  12.9999999  12.9999999
97.5100000  12.9999999  12.9999999
97.5200000  12.9999999  12.9999999
97.5300000  12.9999999  12.9999999
97.5400000  12.9999999  12.9999999
97.5500000  12.9999999  12.9999999
97.5600000  12.9999999  12.9999999
97.5700000  12.9999999  12.9999999
97.5800000  12.9999999  12.9999999
97.5900000  12.9999999  12.9999999
97.6000000  12.9999999  12.9999999
97.6100000  12.9999999  12.9999999
97.6200000  13.0000000  13.0000000
97.6300000  13.0000000  13.0000000
97.6400000  13.0000000  13.0000000
97.6500000  13.0000000  13.0000000
97.6600000  13.0000000  13.0000000
97.6700000  13.0000000  13.0000000
97.6800000  13.0000000  13.0000000
97.6900000  13.0000000  13.0000000
97.7000000  13.0000000  13.0000000
97.7100000  13.0000000  13.0000000
97.7200000  13.0000000  13.0000000
97.7300000  13.0000000  13.0000000
97.7400000  13.0000000  13.0000000
97.7500000  13.0000000  13.0000000
97.7600000  13.0000000  13.0000000
97.7700000  13.0000000  13.0000000
97.7800000  13.0000000  13.0000000
97.7900000  13.0000000  13.0000000
97.8000000  13.0000000  13.0000000
97.8100000  13.0000000  13.0000000
97.8200000  13.0000000  13.0000000
97.8300000  13.0000000  13.0000000
97.8400000  13.0000000  13.0000000
97.8500000  13.0000000  13.0000000
97.8600000  13.0000000  13.0000000
97.8700000  13.0000000  13.0000000
97.8800000  13.0000000  13.0000000
97.8900000  13.0000000  13.0000000
97.9000000  13.0000000  13.0000000
97.9100000  13.0000000  13.0000000
97.9200000  13.0000000  13.0000000
97.9300000  13.0000000  13.0000000
97.9400000  13.0000000  13.0000000
97.9500000  13.0000000  13.0000000
97.9600000  13.0000000  13.0000000
97.9700000  13.0000000  13.0000000
97.9800000  13.0000000  13.0000000
97.9900000  13.0000000  13.0000000
98.0000000  13.0000000  13.0000000
98.0100000  13.0000000  13.0000000
98.0200000  13.0000000  13.0000000
98.0300000  13.0000000  13.0000000
98.0400000  13.0000000  13.0000000
98.0500000  13.0000000  13.0000000
98.0600000  13.0000000  13.0000000
98.0700000  13.0000001  13.0000001
98.0800000  13.0000001  13.0000001
98.0900000  13.0000001  13.0000001
98.1000000  13.0000001  13.0000001
98.1100000  13.0000001  13.0000001
98.1200000  13.0000001  13.0000001
98.1300000  13.0000001  13.0000001
98.1400000  13.0000001  13.0000001
98.1500000  13.0000001  13.0000001
98.1600000  13.0000001  13.0000001
98.1700000  13.0000001  13.0000001
98.1800000  13.0000001  13.0000001
98.1900000  13.0000001  13.0000001
98.2000000  13.0000001  13.0000001
98.2100000  13.0000001  13.0000001
98.2200000  13.0000001  13.0000001
98.2300000  13.0000001  13.0000001
98.2400000  13.0000001  13.0000001
98.2500000  13.0000001  13.0000001
98.2600000  13.0000001  13.0000001
98.2700000  13.0000001  13.0000001
98.2800000  13.0000001  13.0000001
98.2900000  13.0000001  13.0000001
98.3000000  13.0000001  13.0000001
98.3100000  13.0000001  13.0000001
98.3200000  13.0000001  13.0000001
98.3300000  13.0000001  13.0000001
98.3400000  13.0000001  13.0000001
98.3500000  13.0000001  13.0000001
98.3600000  13.0000001  13.0000001
98.3700000  13.0000001  13.0000001
98.3800000  13.0000001  13.0000001
98.3900000  13.0000001  13.0000001
98.4000000  13.0000001  13.0000001
98.4100000  13.0000001  13.0000001
98.4200000  13.0000001  13.0000001
98.4300000  13.0000001  13.0000001
98.4400000  13.0000001  13.0000001
98.4500000  13.0000001  13.0000001
98.4600000  13.0000001  13.0000001
98.4700000  13.0000001  13.0000001
98.4800000  13.0000001  13.0000001
98.4900000  13.0000001  13.0000001
98.5000000  13.0000001  13.0000001
98.5100000  13.0000001  13.0000001
98.5200000  13.0000001  13.0000001
98.5300000  13.0000001  13.0000001
98.5400000  13.0000001  13.0000001
98.5500000  13.0000001  13.0000001
98.5600000  13.0000001  13.0000001
98.5700000  13.0000001  13.0000001
98.5800000  13.0000001  13.0000001
98.5900000  13.0000001  13.0000001
98.6000000  13.0000001  13.0000001
98.6100000  13.0000001  13.0000001
98.6200000  13.0000001  13.0000001
98.6300000  13.0000001  13.0000001
98.6400000  13.0000001  13.0000001
98.6500000  13.0000001  13.0000001
98.6600000  13.0000001  13.0000001
98.6700000  13.0000001  13.0000001
98.6800000  13.0000001  13.0000001
98.6900000  13.0000001  13.0000001
98.7000000  13.0000001  13.0000001
98.7100000  13.0000001  13.0000001
98.7200000  13.0000001  13.0000001
98.7300000  13.0000001  13.0000001
98.7400000  13.0000001  13.0000001
98.7500000  13.0000001  13.0000001
98.7600000  13.0000001  13.0000001
98.7700000  13.0000001  13.0000001
98.7800000  13.0000001  13.0000001
98.7900000  13.0000001  13.0000001
98.8000000  13.0000001  13.0000001
98.8100000  13.0000001  13.0000001
98.8200000  13.0000001  13.0000001
98.8300000  13.0000001  13.0000001
98.8400000  13.0000001  13.0000001
98.8500000  13.0000000  13.0000000
98.8600000  13.0000000  13.0000000
98.8700000  13.0000000  13.0000000
98.8800000  13.0000000  13.0000000
98.8900000  13.0000000  13.0000000
98.9000000  13.0000000  13.0000000
98.9100000  13.0000000  13.0000000
98.9200000  13.0000000  13.0000000
98.9300000  13.0000000  13.0000000
98.9400000  13.0000000  13.0000000
98.9500000  13.0000000  13.0000000
98.9600000  13.0000000  13.0000000
98.9700000  13.0000000  13.0000000
98.9800000  13.0000000  13.0000000
98.9900000  13.0000000  13.0000000
99.0000000  13.0000000  13.0000000
99.0100000  13.0000000  13.0000000
99.0200000  13.0000000  13.0000000
99.0300000  13.0000000  13.0000000
99.0400000  13.0000000  13.0000000
99.0500000  13.0000000  13.0000000
99.0600000  13.0000000  13.0000000
99.0700000  13.0000000  13.0000000
99.0800000  13.0000000  13.0000000
99.0900000  13.0000000  13.0000000
99.1000000  13.0000000  13.0000000
99.1100000  13.0000000  13.0000000
99.1200000  13.0000000  13.0000000
99.1300000  13.0000000  13.0000000
99.1400000  13.0000000  13.0000000
99.1500000  13.0000000  13.0000000
99.1600000  13.0000000  13.0000000
99.1700000  13.0000000  13.0000000
99.1800000  13.0000000  13.0000000
99.1900000  13.0000000  13.0000000
99.2000000  13.0000000  13.0000000
99.2100000  13.0000000  13.0000000
99.2200000  13.0000000  13.0000000
99.2300000  13.0000000  13.0000000
99.2400000  13.0000000  13.0000000
99.2500000  13.0000000  13.0000000
99.2600000  13.0000000  13.0000000
99.2700000  13.0000000  13.0000000
99.2800000  13.0000000  13.0000000
99.2900000  13.0000000  13.0000000
99.3000000  13.0000000  13.0000000
99.3100000  13.0000000  13.0000000
99.3200000  13.0000000  13.0000000
99.3300000  13.0000000  13.0000000
99.3400000  13.0000000  13.0000000
99.3500000  13.0000000  13.0000000
99.3600000  13.0000000  13.0000000
99.3700000  13.0000000  13.0000000
99.3800000  12.9999999  12.9999999
99.3900000  12.9999999  12.9999999
99.4000000  12.9999999  12.9999999
99.4100000  12.9999999  12.9999999
99.4200000  12.9999999  12.9999999
99.4300000  12.9999999  12.9999999
99.4400000  12.9999999  12.9999999
99.4500000  12.9999999  12.9999999
99.4600000  12.9999999  12.9999999
99.4700000  12.9999999  12.9999999
99.4800000  12.9999999  12.9999999
99.4900000  12.9999999  12.9999999
99.5000000  12.9999999  12.9999999
99.5100000  12.9999999  12.9999999
99.5200000  12.9999999  12.9999999
99.5300000  12.9999999  12.9999999
99.5400000  12.9999999  12.9999999
99.5500000  12.9999999  12.9999999
99.5600000  12.9999999  12.9999999
99.5700000  12.9999999  12.9999999
99.5800000  12.9999999  12.9999999
99.5900000  12.9999999  12.9999999
99.6000000  12.9999999  12.9999999
99.6100000  12.9999999  12.9999999
99.6200000  12.9999999  12.9999999
99.6300000  12.9999999  12.9999999
99.6400000  12.9999999  12.9999999
99.6500000  12.9999999  12.9999999
99.6600000  12.9999999  12.9999999
99.6700000  12.9999999  12.9999999
99.6800000  12.9999999  12.9999999
99.6900000  12.9999999  12.9999999
99.7000000  12.9999999  12.9999999
99.7100000  12.9999999  12.9999999
99.7200000  12.9999999  12.9999999
99.7300000  12.9999999  12.9999999
99.7400000  12.9999999  12.9999999
99.7500000  12.9999999  12.9999999
99.7600000  12.9999999  12.9999999
99.7700000  12.9999999  12.9999999
99.7800000  12.9999999  12.9999999
99.7900000  12.9999999  12.9999999
99.8000000  12.9999999  12.9999999
99.8100000  12.9999999  12.9999999
99.8200000  12.9999999  12.9999999
99.8300000  12.9999999  12.9999999
99.8400000  12.9999999  12.9999999
99.8500000  12.9999999  12.9999999
99.8600000  12.9999999  12.9999999
99.8700000  12.9999999  12.9999999
99.8800000  12.9999999  12.9999999
99.8900000  12.9999999  12.9999999
99.9000000  12.9999999  12.9999999
99.9100000  12.9999999  12.9999999
99.9200000  12.9999999  12.9999999
99.9300000  12.9999999  12.9999999
99.9400000  12.9999999  12.9999999
99.9500000  12.9999999  12.9999999
99.9600000  12.9999999  12.9999999
99.9700000  12.9999999  12.9999999
99.9800000  12.9999999  12.9999999
99.9900000  12.9999999  12.9999999
100.000000  12.9999999  12.9999999
g.NS.time   S1.L        Mass.xloc
0.01        9.00032145  9.00032145
0.02        9.00160614  9.00160614
0.03        9.00417201  9.00417201
0.04        9.00801412  9.00801412
0.05        9.01312712  9.01312712
0.06000000  9.01950530  9.01950530
0.07        9.02714253  9.02714253
0.08        9.03603231  9.03603231
0.09        9.04616776  9.04616776
0.09999999  9.05754161  9.05754161
0.10999999  9.07014623  9.07014623
0.11999999  9.08397361  9.08397361
0.12999999  9.09901537  9.09901537
0.13999999  9.11526277  9.11526277
0.15        9.13270673  9.13270673
0.16        9.15133777  9.15133777
0.17        9.17114610  9.17114610
0.18000000  9.19212157  9.19212157
0.19000000  9.21425367  9.21425367
0.20000000  9.23753159  9.23753159
0.21000000  9.26194414  9.26194414
0.22000000  9.28747985  9.28747985
0.23000000  9.31412688  9.31412688
0.24000000  9.34187310  9.34187310
0.25000000  9.37070606  9.37070606
0.26000000  9.40061299  9.40061299
0.27000000  9.43158083  9.43158083
0.28000000  9.46359622  9.46359622
0.29000000  9.49664548  9.49664548
0.30000000  9.53071469  9.53071469
0.31000000  9.56578961  9.56578961
0.32000000  9.60185572  9.60185572
0.33000000  9.63889825  9.63889825
0.34000000  9.67690215  9.67690215
0.35000000  9.71585212  9.71585212
0.36000000  9.75573260  9.75573260
0.37000000  9.79652776  9.79652776
0.38000000  9.83822157  9.83822157
0.39000000  9.88079772  9.88079772
0.40000000  9.92423970  9.92423970
0.41000000  9.96853075  9.96853075
0.42000000  10.0136539  10.0136539
0.43000000  10.0595920  10.0595920
0.44000000  10.1063276  10.1063276
0.45000000  10.1538432  10.1538432
0.46000000  10.2021209  10.2021209
0.47000000  10.2511429  10.2511429
0.48000000  10.3008909  10.3008909
0.49000000  10.3513467  10.3513467
0.50000000  10.4024917  10.4024917
0.51000000  10.4543072  10.4543072
0.52000000  10.5067745  10.5067745
0.53000000  10.5598747  10.5598747
0.54000000  10.6135885  10.6135885
0.55000000  10.6678968  10.6678968
0.56000000  10.7227802  10.7227802
0.57000000  10.7782192  10.7782192
0.58000000  10.8341941  10.8341941
0.59000000  10.8906854  10.8906854
0.60000000  10.9476731  10.9476731
0.61000000  11.0051374  11.0051374
0.62000000  11.0630582  11.0630582
0.63000000  11.1214154  11.1214154
0.64000000  11.1801889  11.1801889
0.65000000  11.2393585  11.2393585
0.66000000  11.2989039  11.2989039
0.67000000  11.3588047  11.3588047
0.68000000  11.4190405  11.4190405
0.69000000  11.4795908  11.4795908
0.70000000  11.5404353  11.5404353
0.71000000  11.6015534  11.6015534
0.72000000  11.6629245  11.6629245
0.73000000  11.7245282  11.7245282
0.74000000  11.7863439  11.7863439
0.75000000  11.8483510  11.8483510
0.76000000  11.9105289  11.9105289
0.77000000  11.9728572  11.9728572
0.78000000  12.0353154  12.0353154
0.79000000  12.0978828  12.0978828
0.80000000  12.1605391  12.1605391
0.81000000  12.2232639  12.2232639
0.82000000  12.2860367  12.2860367
0.83000000  12.3488372  12.3488372
0.84000000  12.4116452  12.4116452
0.85000000  12.4744404  12.4744404
0.86000000  12.5372027  12.5372027
0.87000000  12.5999120  12.5999120
0.88000000  12.6625484  12.6625484
0.89000000  12.7250918  12.7250918
0.90000000  12.7875226  12.7875226
0.91000000  12.8498210  12.8498210
0.92000000  12.9119674  12.9119674
0.93000000  12.9739423  12.9739423
0.94000000  13.0357264  13.0357264
0.95000000  13.0973004  13.0973004
0.96000000  13.1586452  13.1586452
0.97000000  13.2197418  13.2197418
0.98000000  13.2805714  13.2805714
0.99000000  13.3411152  13.3411152
1.00000000  13.4013547  13.4013547
1.01000000  13.4612716  13.4612716
1.02000000  13.5208476  13.5208476
1.03000000  13.5800647  13.5800647
1.04000000  13.6389049  13.6389049
1.05000000  13.6973506  13.6973506
1.06000000  13.7553843  13.7553843
1.07000000  13.8129886  13.8129886
1.08000000  13.8701464  13.8701464
1.09000000  13.9268407  13.9268407
1.10000000  13.9830548  13.9830548
1.11000000  14.0387722  14.0387722
1.12000000  14.0939766  14.0939766
1.13000000  14.1486519  14.1486519
1.14000000  14.2027822  14.2027822
1.15000000  14.2563518  14.2563518
1.16000000  14.3093454  14.3093454
1.17000000  14.3617477  14.3617477
1.18000000  14.4135438  14.4135438
1.19000000  14.4647190  14.4647190
1.20000000  14.5152589  14.5152589
1.21000000  14.5651492  14.5651492
1.22000000  14.6143760  14.6143760
1.23000000  14.6629256  14.6629256
1.24000000  14.7107846  14.7107846
1.25000000  14.7579398  14.7579398
1.26000000  14.8043784  14.8043784
1.27000000  14.8500876  14.8500876
1.28000000  14.8950551  14.8950551
1.29000000  14.9392690  14.9392690
1.30000000  14.9827173  14.9827173
1.31000000  15.0253885  15.0253885
1.32000000  15.0672716  15.0672716
1.33000000  15.1083554  15.1083554
1.34000000  15.1486295  15.1486295
1.35000000  15.1880834  15.1880834
1.36000000  15.2267071  15.2267071
1.37000000  15.2644908  15.2644908
1.38000000  15.3014252  15.3014252
1.39000000  15.3375010  15.3375010
1.40000000  15.3727095  15.3727095
1.41000000  15.4070420  15.4070420
1.42000000  15.4404904  15.4404904
1.43000000  15.4730468  15.4730468
1.44000000  15.5047036  15.5047036
1.45000000  15.5354534  15.5354534
1.46000000  15.5652894  15.5652894
1.47000000  15.5942048  15.5942048
1.48000000  15.6221933  15.6221933
1.49000000  15.6492489  15.6492489
1.50000000  15.6753660  15.6753660
1.51000000  15.7005391  15.7005391
1.52000000  15.7247631  15.7247631
1.53000000  15.7480334  15.7480334
1.54000000  15.7703456  15.7703456
1.55000000  15.7916954  15.7916954
1.56000000  15.8120792  15.8120792
1.57000000  15.8314935  15.8314935
1.58000000  15.8499353  15.8499353
1.59000000  15.8674016  15.8674016
1.60000000  15.8838900  15.8838900
1.61000000  15.8993983  15.8993983
1.62000000  15.9139248  15.9139248
1.63000000  15.9274679  15.9274679
1.64000000  15.9400264  15.9400264
1.65000000  15.9515994  15.9515994
1.66000000  15.9621864  15.9621864
1.67000000  15.9717872  15.9717872
1.68000000  15.9804018  15.9804018
1.69000000  15.9880306  15.9880306
1.70000000  15.9946744  15.9946744
1.71000000  16.0003342  16.0003342
1.72000000  16.0050113  16.0050113
1.73000000  16.0087074  16.0087074
1.74000000  16.0114245  16.0114245
1.75000000  16.0131648  16.0131648
1.76000000  16.0139308  16.0139308
1.77000000  16.0137256  16.0137256
1.78000000  16.0125523  16.0125523
1.79000000  16.0104143  16.0104143
1.80000000  16.0073154  16.0073154
1.81000000  16.0032598  16.0032598
1.82000000  15.9982519  15.9982519
1.83000000  15.9922962  15.9922962
1.84000000  15.9853977  15.9853977
1.85000000  15.9775618  15.9775618
1.86000000  15.9687939  15.9687939
1.87000000  15.9590999  15.9590999
1.88000000  15.9484857  15.9484857
1.89000000  15.9369579  15.9369579
1.90000000  15.9245231  15.9245231
1.91000000  15.9111881  15.9111881
1.92000000  15.8969602  15.8969602
1.93000000  15.8818467  15.8818467
1.94000000  15.8658554  15.8658554
1.95000000  15.8489943  15.8489943
1.96000000  15.8312716  15.8312716
1.97000000  15.8126957  15.8126957
1.98000000  15.7932754  15.7932754
1.99000000  15.7730196  15.7730196
2.00000000  15.7519375  15.7519375
2.01000000  15.7300385  15.7300385
2.02000000  15.7073323  15.7073323
2.03000000  15.6838289  15.6838289
2.04000000  15.6595382  15.6595382
2.05000000  15.6344707  15.6344707
2.06        15.6086370  15.6086370
2.07        15.5820477  15.5820477
2.07999999  15.5547138  15.5547138
2.08999999  15.5266466  15.5266466
2.09999999  15.4978574  15.4978574
2.10999999  15.4683579  15.4683579
2.11999999  15.4381596  15.4381596
2.12999999  15.4072747  15.4072747
2.13999999  15.3757152  15.3757152
2.14999999  15.3434935  15.3434935
2.15999999  15.3106220  15.3106220
2.16999999  15.2771135  15.2771135
2.17999999  15.2429806  15.2429806
2.18999999  15.2082365  15.2082365
2.19999999  15.1728942  15.1728942
2.20999999  15.1369670  15.1369670
2.21999999  15.1004684  15.1004684
2.22999999  15.0634119  15.0634119
2.23999999  15.0258112  15.0258112
2.24999999  14.9876801  14.9876801
2.25999999  14.9490327  14.9490327
2.26999999  14.9098830  14.9098830
2.27999999  14.8702452  14.8702452
2.28999999  14.8301336  14.8301336
2.29999999  14.7895627  14.7895627
2.30999999  14.7485468  14.7485468
2.31999999  14.7071008  14.7071008
2.32999999  14.6652392  14.6652392
2.33999999  14.6229769  14.6229769
2.34999999  14.5803288  14.5803288
2.35999999  14.5373097  14.5373097
2.36999999  14.4939347  14.4939347
2.37999999  14.4502190  14.4502190
2.38999999  14.4061775  14.4061775
2.39999999  14.3618257  14.3618257
2.40999999  14.3171786  14.3171786
2.41999999  14.2722516  14.2722516
2.42999999  14.2270601  14.2270601
2.43999999  14.1816194  14.1816194
2.44999999  14.1359450  14.1359450
2.45999999  14.0900522  14.0900522
2.46999999  14.0439565  14.0439565
2.47999999  13.9976734  13.9976734
2.48999999  13.9512184  13.9512184
2.49999999  13.9046069  13.9046069
2.50999999  13.8578545  13.8578545
2.51999999  13.8109766  13.8109766
2.52999999  13.7639888  13.7639888
2.53999999  13.7169063  13.7169063
2.54999999  13.6697448  13.6697448
2.55999999  13.6225196  13.6225196
2.56999999  13.5752460  13.5752460
2.57999999  13.5279396  13.5279396
2.58999999  13.4806154  13.4806154
2.59999999  13.4332889  13.4332889
2.60999999  13.3859753  13.3859753
2.61999999  13.3386897  13.3386897
2.62999999  13.2914472  13.2914472
2.63999999  13.2442629  13.2442629
2.64999999  13.1971517  13.1971517
2.65999999  13.1501286  13.1501286
2.66999999  13.1032084  13.1032084
2.67999999  13.0564059  13.0564059
2.68999999  13.0097356  13.0097356
2.69999999  12.9632123  12.9632123
2.70999999  12.9168504  12.9168504
2.71999999  12.8706642  12.8706642
2.72999999  12.8246680  12.8246680
2.73999999  12.7788761  12.7788761
2.74999999  12.7333024  12.7333024
2.75999999  12.6879610  12.6879610
2.76999999  12.6428657  12.6428657
2.77999999  12.5980301  12.5980301
2.78999999  12.5534678  12.5534678
2.79999999  12.5091924  12.5091924
2.80999999  12.4652170  12.4652170
2.81999999  12.4215549  12.4215549
2.82999999  12.3782191  12.3782191
2.83999999  12.3352225  12.3352225
2.84999999  12.2925778  12.2925778
2.85999999  12.2502976  12.2502976
2.86999999  12.2083943  12.2083943
2.87999999  12.1668802  12.1668802
2.88999999  12.1257674  12.1257674
2.89999999  12.0850677  12.0850677
2.90999999  12.0447929  12.0447929
2.91999999  12.0049547  12.0049547
2.92999999  11.9655645  11.9655645
2.93999999  11.9266333  11.9266333
2.94999999  11.8881724  11.8881724
2.95999999  11.8501925  11.8501925
2.96999999  11.8127043  11.8127043
2.97999999  11.7757182  11.7757182
2.98999999  11.7392446  11.7392446
2.99999999  11.7032936  11.7032936
3.00999999  11.6678749  11.6678749
3.01999999  11.6329983  11.6329983
3.02999999  11.5986733  11.5986733
3.03999999  11.5649091  11.5649091
3.04999999  11.5317147  11.5317147
3.05999999  11.4990990  11.4990990
3.06999999  11.4670706  11.4670706
3.07999999  11.4356380  11.4356380
3.08999999  11.4048093  11.4048093
3.09999999  11.3745924  11.3745924
3.10999999  11.3449952  11.3449952
3.11999999  11.3160252  11.3160252
3.12999999  11.2876896  11.2876896
3.13999999  11.2599955  11.2599955
3.14999999  11.2329498  11.2329498
3.15999999  11.2065591  11.2065591
3.16999999  11.1808297  11.1808297
3.17999999  11.1557678  11.1557678
3.18999999  11.1313793  11.1313793
3.19999999  11.1076699  11.1076699
3.20999999  11.0846449  11.0846449
3.21999999  11.0623098  11.0623098
3.22999999  11.0406693  11.0406693
3.23999999  11.0197282  11.0197282
3.24999999  10.9994909  10.9994909
3.25999999  10.9799619  10.9799619
3.26999999  10.9611449  10.9611449
3.27999999  10.9430439  10.9430439
3.28999999  10.9256622  10.9256622
3.29999999  10.9090033  10.9090033
3.30999999  10.8930700  10.8930700
3.31999999  10.8778653  10.8778653
3.32999999  10.8633916  10.8633916
3.33999999  10.8496512  10.8496512
3.34999999  10.8366463  10.8366463
3.35999999  10.8243786  10.8243786
3.36999999  10.8128497  10.8128497
3.37999999  10.8020610  10.8020610
3.38999999  10.7920134  10.7920134
3.39999999  10.7827080  10.7827080
3.40999999  10.7741452  10.7741452
3.41999999  10.7663254  10.7663254
3.42999999  10.7592488  10.7592488
3.43999999  10.7529153  10.7529153
3.44999999  10.7473245  10.7473245
3.45999999  10.7424758  10.7424758
3.46999999  10.7383683  10.7383683
3.47999999  10.7350011  10.7350011
3.48999999  10.7323728  10.7323728
3.49999999  10.7304819  10.7304819
3.50999999  10.7293266  10.7293266
3.51999999  10.7289050  10.7289050
3.52999999  10.7292148  10.7292148
3.53999999  10.7302535  10.7302535
3.54999999  10.7320185  10.7320185
3.55999999  10.7345070  10.7345070
3.56999999  10.7377156  10.7377156
3.57999999  10.7416412  10.7416412
3.58999999  10.7462801  10.7462801
3.59999999  10.7516286  10.7516286
3.60999999  10.7576827  10.7576827
3.61999999  10.7644381  10.7644381
3.62999999  10.7718904  10.7718904
3.63999999  10.7800350  10.7800350
3.64999999  10.7888670  10.7888670
3.65999999  10.7983814  10.7983814
3.66999999  10.8085730  10.8085730
3.67999999  10.8194363  10.8194363
3.68999999  10.8309656  10.8309656
3.69999999  10.8431551  10.8431551
3.70999999  10.8559987  10.8559987
3.71999999  10.8694902  10.8694902
3.72999999  10.8836233  10.8836233
3.73999999  10.8983912  10.8983912
3.74999999  10.9137873  10.9137873
3.75999999  10.9298044  10.9298044
3.76999999  10.9464356  10.9464356
3.77999999  10.9636734  10.9636734
3.78999999  10.9815105  10.9815105
3.79999999  10.9999390  10.9999390
3.80999999  11.0189512  11.0189512
3.81999999  11.0385391  11.0385391
3.82999999  11.0586946  11.0586946
3.83999999  11.0794094  11.0794094
3.84999999  11.1006749  11.1006749
3.85999999  11.1224826  11.1224826
3.86999999  11.1448238  11.1448238
3.87999999  11.1676895  11.1676895
3.88999999  11.1910707  11.1910707
3.89999999  11.2149583  11.2149583
3.90999999  11.2393429  11.2393429
3.91999999  11.2642150  11.2642150
3.92999999  11.2895652  11.2895652
3.93999999  11.3153837  11.3153837
3.94999999  11.3416608  11.3416608
3.95999999  11.3683865  11.3683865
3.96999999  11.3955507  11.3955507
3.97999999  11.4231434  11.4231434
3.98999999  11.4511543  11.4511543
3.99999999  11.4795731  11.4795731
4.00999999  11.5083892  11.5083892
4.01999999  11.5375922  11.5375922
4.02999999  11.5671714  11.5671714
4.03999999  11.5971161  11.5971161
4.04999999  11.6274155  11.6274155
4.05999999  11.6580588  11.6580588
4.06999999  11.6890349  11.6890349
4.07999999  11.7203329  11.7203329
4.08999999  11.7519416  11.7519416
4.09999999  11.7838499  11.7838499
4.10999999  11.8160466  11.8160466
4.11999999  11.8485204  11.8485204
4.12999999  11.8812599  11.8812599
4.13999999  11.9142538  11.9142538
4.14999999  11.9474907  11.9474907
4.15999999  11.9809590  11.9809590
4.16999999  12.0146474  12.0146474
4.17999999  12.0485442  12.0485442
4.18999999  12.0826379  12.0826379
4.19999999  12.1169169  12.1169169
4.20999999  12.1513696  12.1513696
4.21999999  12.1859843  12.1859843
4.22999999  12.2207494  12.2207494
4.23999999  12.2556533  12.2556533
4.24999999  12.2906842  12.2906842
4.25999999  12.3258306  12.3258306
4.26999999  12.3610806  12.3610806
4.27999999  12.3964228  12.3964228
4.28999999  12.4318454  12.4318454
4.29999999  12.4673367  12.4673367
4.30999999  12.5028852  12.5028852
4.31999999  12.5384792  12.5384792
4.32999999  12.5741071  12.5741071
4.33999999  12.6097574  12.6097574
4.34999999  12.6454186  12.6454186
4.35999999  12.6810791  12.6810791
4.36999999  12.7167275  12.7167275
4.37999999  12.7523523  12.7523523
4.38999999  12.7879423  12.7879423
4.39999999  12.8234860  12.8234860
4.40999999  12.8589722  12.8589722
4.41999999  12.8943896  12.8943896
4.42999999  12.9297272  12.9297272
4.43999999  12.9649737  12.9649737
4.44999999  13.0001183  13.0001183
4.45999999  13.0351497  13.0351497
4.46999999  13.0700573  13.0700573
4.47999999  13.1048302  13.1048302
4.48999999  13.1394576  13.1394576
4.49999999  13.1739288  13.1739288
4.50999999  13.2082333  13.2082333
4.51999999  13.2423606  13.2423606
4.52999999  13.2763003  13.2763003
4.53999999  13.3100420  13.3100420
4.54999999  13.3435757  13.3435757
4.55999999  13.3768911  13.3768911
4.56999999  13.4099782  13.4099782
4.57999999  13.4428272  13.4428272
4.58999999  13.4754283  13.4754283
4.59999999  13.5077717  13.5077717
4.60999999  13.5398479  13.5398479
4.61999999  13.5716475  13.5716475
4.62999999  13.6031611  13.6031611
4.63999999  13.6343795  13.6343795
4.64999999  13.6652936  13.6652936
4.65999999  13.6958945  13.6958945
4.66999999  13.7261733  13.7261733
4.67999999  13.7561214  13.7561214
4.68999999  13.7857301  13.7857301
4.69999999  13.8149910  13.8149910
4.70999999  13.8438960  13.8438960
4.71999999  13.8724367  13.8724367
4.72999999  13.9006052  13.9006052
4.73999999  13.9283937  13.9283937
4.74999999  13.9557944  13.9557944
4.75999999  13.9827998  13.9827998
4.76999999  14.0094024  14.0094024
4.77999999  14.0355951  14.0355951
4.78999999  14.0613706  14.0613706
4.79999999  14.0867221  14.0867221
4.80999999  14.1116428  14.1116428
4.81999999  14.1361260  14.1361260
4.82999999  14.1601653  14.1601653
4.83999999  14.1837544  14.1837544
4.84999999  14.2068871  14.2068871
4.85999999  14.2295575  14.2295575
4.86999999  14.2517598  14.2517598
4.87999999  14.2734884  14.2734884
4.88999999  14.2947377  14.2947377
4.89999999  14.3155025  14.3155025
4.90999999  14.3357776  14.3357776
4.91999999  14.3555582  14.3555582
4.92999999  14.3748395  14.3748395
4.93999999  14.3936168  14.3936168
4.94999999  14.4118858  14.4118858
4.95999999  14.4296422  14.4296422
4.96999999  14.4468820  14.4468820
4.97999999  14.4636012  14.4636012
4.98999999  14.4797962  14.4797962
4.99999999  14.4954634  14.4954634
5.00999999  14.5105996  14.5105996
5.01999999  14.5252015  14.5252015
5.02999999  14.5392662  14.5392662
5.03999999  14.5527908  14.5527908
5.04999999  14.5657728  14.5657728
5.05999999  14.5782098  14.5782098
5.06999999  14.5900995  14.5900995
5.07999999  14.6014398  14.6014398
5.08999999  14.6122288  14.6122288
5.09999999  14.6224649  14.6224649
5.10999999  14.6321466  14.6321466
5.11999999  14.6412724  14.6412724
5.12999999  14.6498414  14.6498414
5.13999999  14.6578524  14.6578524
5.14999999  14.6653047  14.6653047
5.15999999  14.6721978  14.6721978
5.16999999  14.6785312  14.6785312
5.17999999  14.6843046  14.6843046
5.18999999  14.6895181  14.6895181
5.19999999  14.6941717  14.6941717
5.20999999  14.6982657  14.6982657
5.21999999  14.7018006  14.7018006
5.22999999  14.7047772  14.7047772
5.23999999  14.7071961  14.7071961
5.24999999  14.7090585  14.7090585
5.25999999  14.7103655  14.7103655
5.26999999  14.7111185  14.7111185
5.27999999  14.7113190  14.7113190
5.28999999  14.7109688  14.7109688
5.29999999  14.7100697  14.7100697
5.30999999  14.7086237  14.7086237
5.31999999  14.7066332  14.7066332
5.32999999  14.7041004  14.7041004
5.33999999  14.7010280  14.7010280
5.34999999  14.6974187  14.6974187
5.35999999  14.6932753  14.6932753
5.36999999  14.6886010  14.6886010
5.37999999  14.6833988  14.6833988
5.38999999  14.6776723  14.6776723
5.39999999  14.6714248  14.6714248
5.40999999  14.6646601  14.6646601
5.41999999  14.6573821  14.6573821
5.42999999  14.6495947  14.6495947
5.43999999  14.6413020  14.6413020
5.44999999  14.6325084  14.6325084
5.45999999  14.6232183  14.6232183
5.46999999  14.6134362  14.6134362
5.47999999  14.6031670  14.6031670
5.48999999  14.5924154  14.5924154
5.49999999  14.5811865  14.5811865
5.50999999  14.5694853  14.5694853
5.51999999  14.5573173  14.5573173
5.52999999  14.5446878  14.5446878
5.53999999  14.5316023  14.5316023
5.54999999  14.5180666  14.5180666
5.55999999  14.5040864  14.5040864
5.56999999  14.4896676  14.4896676
5.57999999  14.4748163  14.4748163
5.58999999  14.4595386  14.4595386
5.59999999  14.4438409  14.4438409
5.60999999  14.4277295  14.4277295
5.61999999  14.4112110  14.4112110
5.62999999  14.3942919  14.3942919
5.63999999  14.3769790  14.3769790
5.64999999  14.3592791  14.3592791
5.65999999  14.3411992  14.3411992
5.66999999  14.3227462  14.3227462
5.67999999  14.3039274  14.3039274
5.68999999  14.2847498  14.2847498
5.69999999  14.2652210  14.2652210
5.70999999  14.2453482  14.2453482
5.71999999  14.2251390  14.2251390
5.72999999  14.2046009  14.2046009
5.73999999  14.1837416  14.1837416
5.74999999  14.1625688  14.1625688
5.75999999  14.1410904  14.1410904
5.76999999  14.1193142  14.1193142
5.77999999  14.0972482  14.0972482
5.78999999  14.0749004  14.0749004
5.79999999  14.0522789  14.0522789
5.80999999  14.0293919  14.0293919
5.81999999  14.0062475  14.0062475
5.82999999  13.9828541  13.9828541
5.83999999  13.9592199  13.9592199
5.84999999  13.9353533  13.9353533
5.85999999  13.9112628  13.9112628
5.86999999  13.8869569  13.8869569
5.87999999  13.8624439  13.8624439
5.88999999  13.8377325  13.8377325
5.89999999  13.8128312  13.8128312
5.90999999  13.7877487  13.7877487
5.91999999  13.7624935  13.7624935
5.92999999  13.7370745  13.7370745
5.93999999  13.7115002  13.7115002
5.94999999  13.6857795  13.6857795
5.95999999  13.6599209  13.6599209
5.96999999  13.6339334  13.6339334
5.97999999  13.6078256  13.6078256
5.98999999  13.5816063  13.5816063
5.99999999  13.5552844  13.5552844
6.00999999  13.5288686  13.5288686
6.01999999  13.5023676  13.5023676
6.02999999  13.4757904  13.4757904
6.03999999  13.4491457  13.4491457
6.04999999  13.4224422  13.4224422
6.05999999  13.3956888  13.3956888
6.06999999  13.3688942  13.3688942
6.07999999  13.3420671  13.3420671
6.08999999  13.3152164  13.3152164
6.09999999  13.2883506  13.2883506
6.10999999  13.2614784  13.2614784
6.11999999  13.2346086  13.2346086
6.12999999  13.2077498  13.2077498
6.13999999  13.1809105  13.1809105
6.14999999  13.1540993  13.1540993
6.15999999  13.1273248  13.1273248
6.16999999  13.1005954  13.1005954
6.17999999  13.0739197  13.0739197
6.18999999  13.0473059  13.0473059
6.19999999  13.0207624  13.0207624
6.20999999  12.9942976  12.9942976
6.21999999  12.9679197  12.9679197
6.22999999  12.9416369  12.9416369
6.23999999  12.9154574  12.9154574
6.24999999  12.8893892  12.8893892
6.25999999  12.8634403  12.8634403
6.26999999  12.8376188  12.8376188
6.27999999  12.8119324  12.8119324
6.28999999  12.7863891  12.7863891
6.29999999  12.7609966  12.7609966
6.30999999  12.7357625  12.7357625
6.31999999  12.7106945  12.7106945
6.32999999  12.6858000  12.6858000
6.33999999  12.6610866  12.6610866
6.34999999  12.6365616  12.6365616
6.35999999  12.6122322  12.6122322
6.36999999  12.5881057  12.5881057
6.37999999  12.5641892  12.5641892
6.38999999  12.5404896  12.5404896
6.39999999  12.5170140  12.5170140
6.40999999  12.4937690  12.4937690
6.41999999  12.4707615  12.4707615
6.42999999  12.4479981  12.4479981
6.43999999  12.4254853  12.4254853
6.44999999  12.4032296  12.4032296
6.45999999  12.3812372  12.3812372
6.46999999  12.3595145  12.3595145
6.47999999  12.3380675  12.3380675
6.48999999  12.3169021  12.3169021
6.49999999  12.2960245  12.2960245
6.50999999  12.2754402  12.2754402
6.51999999  12.2551550  12.2551550
6.52999999  12.2351744  12.2351744
6.53999999  12.2155040  12.2155040
6.54999999  12.1961489  12.1961489
6.55999999  12.1771145  12.1771145
6.56999999  12.1584058  12.1584058
6.57999999  12.1400277  12.1400277
6.58999999  12.1219852  12.1219852
6.59999999  12.1042829  12.1042829
6.60999999  12.0869255  12.0869255
6.61999999  12.0699174  12.0699174
6.62999999  12.0532629  12.0532629
6.63999999  12.0369663  12.0369663
6.64999999  12.0210316  12.0210316
6.65999999  12.0054629  12.0054629
6.66999999  11.9902639  11.9902639
6.67999999  11.9754384  11.9754384
6.68999999  11.9609899  11.9609899
6.69999999  11.9469218  11.9469218
6.70999999  11.9332375  11.9332375
6.71999999  11.9199400  11.9199400
6.72999999  11.9070325  11.9070325
6.73999999  11.8945179  11.8945179
6.74999999  11.8823988  11.8823988
6.75999999  11.8706780  11.8706780
6.76999999  11.8593578  11.8593578
6.77999999  11.8484407  11.8484407
6.78999999  11.8379289  11.8379289
6.79999999  11.8278244  11.8278244
6.80999999  11.8181293  11.8181293
6.81999999  11.8088452  11.8088452
6.82999999  11.7999738  11.7999738
6.83999999  11.7915167  11.7915167
6.84999999  11.7834753  11.7834753
6.85999999  11.7758508  11.7758508
6.86999999  11.7686443  11.7686443
6.87999999  11.7618568  11.7618568
6.88999999  11.7554892  11.7554892
6.89999999  11.7495420  11.7495420
6.90999999  11.7440160  11.7440160
6.91999999  11.7389114  11.7389114
6.92999999  11.7342287  11.7342287
6.93999999  11.7299679  11.7299679
6.94999999  11.7261290  11.7261290
6.95999999  11.7227120  11.7227120
6.96999999  11.7197165  11.7197165
6.97999999  11.7171423  11.7171423
6.98999999  11.7149887  11.7149887
6.99999999  11.7132551  11.7132551
7.00999999  11.7119407  11.7119407
7.01999999  11.7110446  11.7110446
7.02999999  11.7105657  11.7105657
7.03999999  11.7105028  11.7105028
7.04999999  11.7108547  11.7108547
7.05999999  11.7116198  11.7116198
7.06999999  11.7127967  11.7127967
7.07999999  11.7143835  11.7143835
7.08999999  11.7163785  11.7163785
7.09999999  11.7187797  11.7187797
7.10999999  11.7215851  11.7215851
7.11999999  11.7247924  11.7247924
7.12999999  11.7283993  11.7283993
7.13999999  11.7324034  11.7324034
7.14999999  11.7368020  11.7368020
7.15999999  11.7415927  11.7415927
7.16999999  11.7467724  11.7467724
7.17999999  11.7523383  11.7523383
7.18999999  11.7582874  11.7582874
7.19999999  11.7646166  11.7646166
7.20999999  11.7713225  11.7713225
7.21999999  11.7784018  11.7784018
7.22999999  11.7858511  11.7858511
7.23999999  11.7936667  11.7936667
7.24999999  11.8018450  11.8018450
7.25999999  11.8103821  11.8103821
7.26999999  11.8192743  11.8192743
7.27999999  11.8285173  11.8285173
7.28999999  11.8381073  11.8381073
7.29999999  11.8480399  11.8480399
7.30999999  11.8583109  11.8583109
7.31999999  11.8689159  11.8689159
7.32999999  11.8798503  11.8798503
7.33999999  11.8911098  11.8911098
7.34999999  11.9026894  11.9026894
7.35999999  11.9145846  11.9145846
7.36999999  11.9267905  11.9267905
7.37999999  11.9393021  11.9393021
7.38999999  11.9521145  11.9521145
7.39999999  11.9652225  11.9652225
7.40999999  11.9786211  11.9786211
7.41999999  11.9923049  11.9923049
7.42999999  12.0062686  12.0062686
7.43999999  12.0205069  12.0205069
7.44999999  12.0350143  12.0350143
7.45999999  12.0497852  12.0497852
7.46999999  12.0648141  12.0648141
7.47999999  12.0800954  12.0800954
7.48999999  12.0956232  12.0956232
7.49999999  12.1113918  12.1113918
7.50999999  12.1273954  12.1273954
7.51999999  12.1436280  12.1436280
7.52999999  12.1600838  12.1600838
7.53999999  12.1767566  12.1767566
7.54999999  12.1936405  12.1936405
7.55999999  12.2107293  12.2107293
7.56999999  12.2280169  12.2280169
7.57999999  12.2454971  12.2454971
7.58999999  12.2631637  12.2631637
7.59999999  12.2810103  12.2810103
7.60999999  12.2990306  12.2990306
7.61999999  12.3172184  12.3172184
7.62999999  12.3355672  12.3355672
7.63999999  12.3540706  12.3540706
7.64999999  12.3727221  12.3727221
7.65999999  12.3915154  12.3915154
7.66999999  12.4104438  12.4104438
7.67999999  12.4295009  12.4295009
7.68999999  12.4486801  12.4486801
7.69999999  12.4679749  12.4679749
7.70999999  12.4873787  12.4873787
7.71999999  12.5068849  12.5068849
7.72999999  12.5264869  12.5264869
7.73999999  12.5461781  12.5461781
7.74999999  12.5659519  12.5659519
7.75999999  12.5858017  12.5858017
7.76999999  12.6057208  12.6057208
7.77999999  12.6257026  12.6257026
7.78999999  12.6457405  12.6457405
7.79999999  12.6658279  12.6658279
7.80999999  12.6859581  12.6859581
7.81999999  12.7061246  12.7061246
7.82999999  12.7263207  12.7263207
7.83999999  12.7465398  12.7465398
7.84999999  12.7667755  12.7667755
7.85999999  12.7870210  12.7870210
7.86999999  12.8072700  12.8072700
7.87999999  12.8275158  12.8275158
7.88999999  12.8477520  12.8477520
7.89999999  12.8679720  12.8679720
7.90999999  12.8881695  12.8881695
7.91999999  12.9083381  12.9083381
7.92999999  12.9284712  12.9284712
7.93999999  12.9485626  12.9485626
7.94999999  12.9686060  12.9686060
7.95999999  12.9885951  12.9885951
7.96999999  13.0085235  13.0085235
7.97999999  13.0283852  13.0283852
7.98999999  13.0481739  13.0481739
7.99999999  13.0678834  13.0678834
8.00999999  13.0875078  13.0875078
8.01999999  13.1070410  13.1070410
8.02999999  13.1264770  13.1264770
8.03999999  13.1458099  13.1458099
8.04999999  13.1650337  13.1650337
8.05999999  13.1841427  13.1841427
8.06999999  13.2031311  13.2031311
8.07999999  13.2219931  13.2219931
8.08999999  13.2407231  13.2407231
8.09999999  13.2593156  13.2593156
8.10999999  13.2777649  13.2777649
8.11999999  13.2960656  13.2960656
8.12999999  13.3142124  13.3142124
8.13999999  13.3321997  13.3321997
8.14999999  13.3500225  13.3500225
8.15999999  13.3676755  13.3676755
8.16999999  13.3851535  13.3851535
8.17999999  13.4024515  13.4024515
8.18999999  13.4195646  13.4195646
8.19999999  13.4364878  13.4364878
8.20999999  13.4532162  13.4532162
8.21999999  13.4697452  13.4697452
8.22999999  13.4860701  13.4860701
8.23999999  13.5021862  13.5021862
8.24999999  13.5180891  13.5180891
8.25999999  13.5337743  13.5337743
8.26999999  13.5492376  13.5492376
8.27999999  13.5644745  13.5644745
8.28999999  13.5794811  13.5794811
8.29999999  13.5942531  13.5942531
8.30999999  13.6087866  13.6087866
8.31999999  13.6230776  13.6230776
8.32999999  13.6371225  13.6371225
8.33999999  13.6509174  13.6509174
8.34999999  13.6644587  13.6644587
8.35999999  13.6777429  13.6777429
8.36999999  13.6907665  13.6907665
8.37999999  13.7035262  13.7035262
8.38999999  13.7160187  13.7160187
8.39999999  13.7282409  13.7282409
8.40999999  13.7401897  13.7401897
8.41999999  13.7518622  13.7518622
8.42999999  13.7632554  13.7632554
8.43999999  13.7743667  13.7743667
8.44999999  13.7851933  13.7851933
8.45999999  13.7957328  13.7957328
8.46999999  13.8059825  13.8059825
8.47999999  13.8159402  13.8159402
8.48999999  13.8256036  13.8256036
8.49999999  13.8349706  13.8349706
8.50999999  13.8440390  13.8440390
8.51999999  13.8528070  13.8528070
8.52999999  13.8612726  13.8612726
8.53999999  13.8694342  13.8694342
8.54999999  13.8772900  13.8772900
8.55999999  13.8848386  13.8848386
8.56999999  13.8920785  13.8920785
8.57999999  13.8990083  13.8990083
8.58999999  13.9056269  13.9056269
8.59999999  13.9119330  13.9119330
8.60999999  13.9179258  13.9179258
8.61999999  13.9236042  13.9236042
8.62999999  13.9289675  13.9289675
8.63999999  13.9340149  13.9340149
8.64999999  13.9387458  13.9387458
8.65999999  13.9431598  13.9431598
8.66999999  13.9472564  13.9472564
8.67999999  13.9510353  13.9510353
8.68999999  13.9544963  13.9544963
8.69999999  13.9576394  13.9576394
8.70999999  13.9604646  13.9604646
8.71999999  13.9629719  13.9629719
8.72999999  13.9651616  13.9651616
8.73999999  13.9670340  13.9670340
8.74999999  13.9685895  13.9685895
8.75999999  13.9698287  13.9698287
8.76999999  13.9707521  13.9707521
8.77999999  13.9713605  13.9713605
8.78999999  13.9716547  13.9716547
8.79999999  13.9716357  13.9716357
8.80999999  13.9713043  13.9713043
8.81999999  13.9706618  13.9706618
8.82999999  13.9697093  13.9697093
8.83999999  13.9684481  13.9684481
8.84999999  13.9668797  13.9668797
8.85999999  13.9650055  13.9650055
8.86999999  13.9628272  13.9628272
8.87999999  13.9603463  13.9603463
8.88999999  13.9575647  13.9575647
8.89999999  13.9544842  13.9544842
8.90999999  13.9511068  13.9511068
8.91999999  13.9474345  13.9474345
8.92999999  13.9434695  13.9434695
8.93999999  13.9392139  13.9392139
8.94999999  13.9346701  13.9346701
8.95999999  13.9298405  13.9298405
8.96999999  13.9247274  13.9247274
8.97999999  13.9193336  13.9193336
8.98999999  13.9136615  13.9136615
8.99999999  13.9077140  13.9077140
9.00999999  13.9014938  13.9014938
9.01999999  13.8950038  13.8950038
9.02999999  13.8882470  13.8882470
9.03999999  13.8812264  13.8812264
9.04999999  13.8739450  13.8739450
9.05999999  13.8664061  13.8664061
9.06999999  13.8586130  13.8586130
9.07999999  13.8505689  13.8505689
9.08999999  13.8422772  13.8422772
9.09999999  13.8337414  13.8337414
9.10999999  13.8249651  13.8249651
9.11999999  13.8159518  13.8159518
9.12999999  13.8067051  13.8067051
9.13999999  13.7972289  13.7972289
9.14999999  13.7875268  13.7875268
9.15999999  13.7776028  13.7776028
9.16999999  13.7674607  13.7674607
9.17999999  13.7571045  13.7571045
9.18999999  13.7465382  13.7465382
9.19999999  13.7357660  13.7357660
9.20999999  13.7247918  13.7247918
9.21999999  13.7136199  13.7136199
9.22999999  13.7022545  13.7022545
9.23999999  13.6906999  13.6906999
9.24999999  13.6789605  13.6789605
9.25999999  13.6670405  13.6670405
9.26999999  13.6549444  13.6549444
9.27999999  13.6426766  13.6426766
9.28999999  13.6302417  13.6302417
9.29999999  13.6176442  13.6176442
9.30999999  13.6048886  13.6048886
9.31999999  13.5919796  13.5919796
9.32999999  13.5789218  13.5789218
9.33999999  13.5657198  13.5657198
9.34999999  13.5523785  13.5523785
9.35999999  13.5389024  13.5389024
9.36999999  13.5252965  13.5252965
9.37999999  13.5115654  13.5115654
9.38999999  13.4977140  13.4977140
9.39999999  13.4837472  13.4837472
9.40999999  13.4696697  13.4696697
9.41999999  13.4554866  13.4554866
9.42999999  13.4412026  13.4412026
9.43999999  13.4268226  13.4268226
9.44999999  13.4123517  13.4123517
9.45999999  13.3977948  13.3977948
9.46999999  13.3831568  13.3831568
9.47999999  13.3684427  13.3684427
9.48999999  13.3536574  13.3536574
9.49999999  13.3388060  13.3388060
9.50999999  13.3238934  13.3238934
9.51999999  13.3089246  13.3089246
9.52999999  13.2939047  13.2939047
9.53999999  13.2788385  13.2788385
9.54999999  13.2637312  13.2637312
9.55999999  13.2485876  13.2485876
9.56999999  13.2334128  13.2334128
9.57999999  13.2182117  13.2182117
9.58999999  13.2029894  13.2029894
9.59999999  13.1877507  13.1877507
9.60999999  13.1725007  13.1725007
9.61999999  13.1572443  13.1572443
9.62999999  13.1419863  13.1419863
9.63999999  13.1267318  13.1267318
9.64999999  13.1114855  13.1114855
9.65999999  13.0962524  13.0962524
9.66999999  13.0810374  13.0810374
9.67999999  13.0658452  13.0658452
9.68999999  13.0506807  13.0506807
9.69999999  13.0355486  13.0355486
9.70999999  13.0204537  13.0204537
9.71999999  13.0054008  13.0054008
9.72999999  12.9903946  12.9903946
9.73999999  12.9754397  12.9754397
9.74999999  12.9605407  12.9605407
9.75999999  12.9457023  12.9457023
9.76999999  12.9309291  12.9309291
9.77999999  12.9162256  12.9162256
9.78999999  12.9015962  12.9015962
9.79999999  12.8870455  12.8870455
9.80999999  12.8725779  12.8725779
9.81999999  12.8581978  12.8581978
9.82999999  12.8439095  12.8439095
9.83999999  12.8297173  12.8297173
9.84999999  12.8156254  12.8156254
9.85999999  12.8016382  12.8016382
9.86999999  12.7877596  12.7877596
9.87999999  12.7739939  12.7739939
9.88999999  12.7603451  12.7603451
9.89999999  12.7468172  12.7468172
9.90999999  12.7334142  12.7334142
9.91999999  12.7201399  12.7201399
9.92999999  12.7069983  12.7069983
9.93999999  12.6939931  12.6939931
9.94999999  12.6811281  12.6811281
9.95999999  12.6684070  12.6684070
9.96999999  12.6558333  12.6558333
9.97999999  12.6434107  12.6434107
9.98999999  12.6311427  12.6311427
9.99999999  12.6190326  12.6190326
10.0099999  12.6070840  12.6070840
10.0199999  12.5953000  12.5953000
10.0299999  12.5836841  12.5836841
10.0399999  12.5722393  12.5722393
10.0499999  12.5609688  12.5609688
10.0599999  12.5498757  12.5498757
10.0699999  12.5389629  12.5389629
10.0799999  12.5282334  12.5282334
10.0899999  12.5176900  12.5176900
10.0999999  12.5073356  12.5073356
10.1099999  12.4971729  12.4971729
10.1199999  12.4872044  12.4872044
10.1299999  12.4774328  12.4774328
10.1399999  12.4678607  12.4678607
10.1499999  12.4584903  12.4584903
10.1599999  12.4493242  12.4493242
10.1699999  12.4403645  12.4403645
10.1799999  12.4316135  12.4316135
10.1899999  12.4230734  12.4230734
10.1999999  12.4147462  12.4147462
10.2099999  12.4066339  12.4066339
10.2199999  12.3987384  12.3987384
10.2299999  12.3910615  12.3910615
10.2399999  12.3836051  12.3836051
10.2499999  12.3763708  12.3763708
10.2599999  12.3693602  12.3693602
10.2699999  12.3625749  12.3625749
10.2799999  12.3560163  12.3560163
10.2899999  12.3496858  12.3496858
10.2999999  12.3435847  12.3435847
10.3099999  12.3377142  12.3377142
10.3199999  12.3320755  12.3320755
10.3299999  12.3266696  12.3266696
10.3399999  12.3214976  12.3214976
10.3499999  12.3165603  12.3165603
10.3599999  12.3118585  12.3118585
10.3699999  12.3073931  12.3073931
10.3799999  12.3031646  12.3031646
10.3899999  12.2991738  12.2991738
10.3999999  12.2954211  12.2954211
10.4099999  12.2919069  12.2919069
10.4199999  12.2886316  12.2886316
10.4299999  12.2855956  12.2855956
10.4399999  12.2827990  12.2827990
10.4499999  12.2802419  12.2802419
10.4599999  12.2779243  12.2779243
10.4699999  12.2758464  12.2758464
10.4799999  12.2740079  12.2740079
10.4899999  12.2724087  12.2724087
10.4999999  12.2710485  12.2710485
10.5099999  12.2699271  12.2699271
10.5199999  12.2690439  12.2690439
10.5299999  12.2683985  12.2683985
10.5399999  12.2679904  12.2679904
10.5499999  12.2678189  12.2678189
10.5599999  12.2678833  12.2678833
10.5699999  12.2681829  12.2681829
10.5799999  12.2687167  12.2687167
10.5899999  12.2694839  12.2694839
10.5999999  12.2704835  12.2704835
10.6099999  12.2717144  12.2717144
10.6199999  12.2731754  12.2731754
10.6299999  12.2748653  12.2748653
10.6399999  12.2767830  12.2767830
10.6499999  12.2789269  12.2789269
10.6599999  12.2812958  12.2812958
10.6699999  12.2838880  12.2838880
10.6799999  12.2867022  12.2867022
10.6899999  12.2897365  12.2897365
10.6999999  12.2929895  12.2929895
10.7099999  12.2964592  12.2964592
10.7199999  12.3001440  12.3001440
10.7299999  12.3040419  12.3040419
10.7399999  12.3081510  12.3081510
10.7499999  12.3124693  12.3124693
10.7599999  12.3169947  12.3169947
10.7699999  12.3217251  12.3217251
10.7799999  12.3266583  12.3266583
10.7899999  12.3317922  12.3317922
10.7999999  12.3371243  12.3371243
10.8099999  12.3426524  12.3426524
10.8199999  12.3483740  12.3483740
10.8299999  12.3542867  12.3542867
10.8399999  12.3603879  12.3603879
10.8499999  12.3666752  12.3666752
10.8599999  12.3731458  12.3731458
10.8699999  12.3797971  12.3797971
10.8799999  12.3866264  12.3866264
10.8899999  12.3936310  12.3936310
10.8999999  12.4008079  12.4008079
10.9099999  12.4081544  12.4081544
10.9199999  12.4156675  12.4156675
10.9299999  12.4233443  12.4233443
10.9399999  12.4311818  12.4311818
10.9499999  12.4391770  12.4391770
10.9599999  12.4473267  12.4473267
10.9699999  12.4556279  12.4556279
10.9799999  12.4640774  12.4640774
10.9899999  12.4726721  12.4726721
10.9999999  12.4814086  12.4814086
11.0099999  12.4902837  12.4902837
11.0199999  12.4992941  12.4992941
11.0299999  12.5084366  12.5084366
11.0399999  12.5177076  12.5177076
11.0499999  12.5271039  12.5271039
11.0599999  12.5366220  12.5366220
11.0699999  12.5462585  12.5462585
11.0799999  12.5560099  12.5560099
11.0899999  12.5658726  12.5658726
11.0999999  12.5758432  12.5758432
11.1099999  12.5859180  12.5859180
11.1199999  12.5960936  12.5960936
11.1299999  12.6063664  12.6063664
11.1399999  12.6167326  12.6167326
11.1499999  12.6271887  12.6271887
11.1599999  12.6377311  12.6377311
11.1699999  12.6483560  12.6483560
11.1799999  12.6590598  12.6590598
11.1899999  12.6698388  12.6698388
11.1999999  12.6806892  12.6806892
11.2099999  12.6916075  12.6916075
11.2199999  12.7025897  12.7025897
11.2299999  12.7136323  12.7136323
11.2399999  12.7247314  12.7247314
11.2499999  12.7358834  12.7358834
11.2599999  12.7470844  12.7470844
11.2699999  12.7583307  12.7583307
11.2799999  12.7696185  12.7696185
11.2899999  12.7809441  12.7809441
11.2999999  12.7923037  12.7923037
11.3099999  12.8036935  12.8036935
11.3199999  12.8151099  12.8151099
11.3299999  12.8265490  12.8265490
11.3399999  12.8380070  12.8380070
11.3499999  12.8494803  12.8494803
11.3599999  12.8609651  12.8609651
11.3699999  12.8724577  12.8724577
11.3799999  12.8839544  12.8839544
11.3899999  12.8954513  12.8954513
11.3999999  12.9069450  12.9069450
11.4099999  12.9184316  12.9184316
11.4199999  12.9299075  12.9299075
11.4299999  12.9413690  12.9413690
11.4399999  12.9528126  12.9528126
11.4499999  12.9642345  12.9642345
11.4599999  12.9756312  12.9756312
11.4699999  12.9869991  12.9869991
11.4799999  12.9983346  12.9983346
11.4899999  13.0096343  13.0096343
11.4999999  13.0208945  13.0208945
11.5099999  13.0321118  13.0321118
11.5199999  13.0432827  13.0432827
11.5299999  13.0544038  13.0544038
11.5399999  13.0654717  13.0654717
11.5499999  13.0764829  13.0764829
11.5599999  13.0874342  13.0874342
11.5699999  13.0983221  13.0983221
11.5799999  13.1091435  13.1091435
11.5899999  13.1198949  13.1198949
11.5999999  13.1305733  13.1305733
11.6099999  13.1411754  13.1411754
11.6199999  13.1516980  13.1516980
11.6299999  13.1621380  13.1621380
11.6399999  13.1724923  13.1724923
11.6499999  13.1827579  13.1827579
11.6599999  13.1929318  13.1929318
11.6699999  13.2030109  13.2030109
11.6799999  13.2129924  13.2129924
11.6899999  13.2228733  13.2228733
11.6999999  13.2326508  13.2326508
11.7099999  13.2423221  13.2423221
11.7199999  13.2518844  13.2518844
11.7299999  13.2613350  13.2613350
11.7399999  13.2706712  13.2706712
11.7499999  13.2798904  13.2798904
11.7599999  13.2889899  13.2889899
11.7699999  13.2979674  13.2979674
11.7799999  13.3068202  13.3068202
11.7899999  13.3155459  13.3155459
11.7999999  13.3241421  13.3241421
11.8099999  13.3326065  13.3326065
11.8199999  13.3409367  13.3409367
11.8299999  13.3491306  13.3491306
11.8399999  13.3571859  13.3571859
11.8499999  13.3651005  13.3651005
11.8599999  13.3728723  13.3728723
11.8699999  13.3804993  13.3804993
11.8799999  13.3879794  13.3879794
11.8899999  13.3953107  13.3953107
11.8999999  13.4024915  13.4024915
11.9099999  13.4095197  13.4095197
11.9199999  13.4163937  13.4163937
11.9299999  13.4231118  13.4231118
11.9399999  13.4296722  13.4296722
11.9499999  13.4360735  13.4360735
11.9599999  13.4423139  13.4423139
11.9699999  13.4483922  13.4483922
11.9799999  13.4543067  13.4543067
11.9899999  13.4600563  13.4600563
11.9999999  13.4656394  13.4656394
12.0099999  13.4710549  13.4710549
12.0199999  13.4763016  13.4763016
12.0299999  13.4813783  13.4813783
12.0399999  13.4862839  13.4862839
12.0499999  13.4910175  13.4910175
12.0599999  13.4955780  13.4955780
12.0699999  13.4999645  13.4999645
12.0799999  13.5041762  13.5041762
12.0899999  13.5082123  13.5082123
12.0999999  13.5120721  13.5120721
12.1099999  13.5157548  13.5157548
12.1199999  13.5192599  13.5192599
12.1299999  13.5225868  13.5225868
12.1399999  13.5257351  13.5257351
12.1499999  13.5287042  13.5287042
12.1599999  13.5314938  13.5314938
12.1699999  13.5341036  13.5341036
12.1799999  13.5365333  13.5365333
12.1899999  13.5387828  13.5387828
12.1999999  13.5408518  13.5408518
12.2099999  13.5427403  13.5427403
12.2199999  13.5444482  13.5444482
12.2299999  13.5459757  13.5459757
12.2399999  13.5473227  13.5473227
12.2499999  13.5484895  13.5484895
12.2599999  13.5494762  13.5494762
12.2699999  13.5502831  13.5502831
12.2799999  13.5509105  13.5509105
12.2899999  13.5513588  13.5513588
12.2999999  13.5516284  13.5516284
12.3099999  13.5517198  13.5517198
12.3199999  13.5516336  13.5516336
12.3299999  13.5513703  13.5513703
12.3399999  13.5509307  13.5509307
12.3499999  13.5503153  13.5503153
12.3599999  13.5495251  13.5495251
12.3699999  13.5485607  13.5485607
12.3799999  13.5474230  13.5474230
12.3899999  13.5461131  13.5461131
12.3999999  13.5446318  13.5446318
12.4099999  13.5429802  13.5429802
12.4199999  13.5411594  13.5411594
12.4299999  13.5391705  13.5391705
12.4399999  13.5370146  13.5370146
12.4499999  13.5346930  13.5346930
12.4599999  13.5322071  13.5322071
12.4699999  13.5295580  13.5295580
12.4799999  13.5267472  13.5267472
12.4899999  13.5237762  13.5237762
12.4999999  13.5206463  13.5206463
12.5099999  13.5173591  13.5173591
12.5199999  13.5139161  13.5139161
12.5299999  13.5103191  13.5103191
12.5399999  13.5065695  13.5065695
12.5499999  13.5026692  13.5026692
12.5599999  13.4986198  13.4986198
12.5699999  13.4944231  13.4944231
12.5799999  13.4900810  13.4900810
12.5899999  13.4855953  13.4855953
12.5999999  13.4809680  13.4809680
12.6099999  13.4762009  13.4762009
12.6199999  13.4712960  13.4712960
12.6299999  13.4662554  13.4662554
12.6399999  13.4610812  13.4610812
12.6499999  13.4557753  13.4557753
12.6599999  13.4503400  13.4503400
12.6699999  13.4447774  13.4447774
12.6799999  13.4390897  13.4390897
12.6899999  13.4332792  13.4332792
12.6999999  13.4273480  13.4273480
12.7099999  13.4212986  13.4212986
12.7199999  13.4151331  13.4151331
12.7299999  13.4088540  13.4088540
12.7399999  13.4024637  13.4024637
12.7499999  13.3959645  13.3959645
12.7599999  13.3893590  13.3893590
12.7699999  13.3826495  13.3826495
12.7799999  13.3758386  13.3758386
12.7899999  13.3689288  13.3689288
12.7999999  13.3619226  13.3619226
12.8099999  13.3548225  13.3548225
12.8199999  13.3476313  13.3476313
12.8299999  13.3403513  13.3403513
12.8399999  13.3329854  13.3329854
12.8499999  13.3255362  13.3255362
12.8599999  13.3180062  13.3180062
12.8699999  13.3103982  13.3103982
12.8799999  13.3027149  13.3027149
12.8899999  13.2949589  13.2949589
12.8999999  13.2871331  13.2871331
12.9099999  13.2792402  13.2792402
12.9199999  13.2712828  13.2712828
12.9299999  13.2632639  13.2632639
12.9399999  13.2551860  13.2551860
12.9499999  13.2470521  13.2470521
12.9599999  13.2388650  13.2388650
12.9699999  13.2306274  13.2306274
12.9799999  13.2223421  13.2223421
12.9899999  13.2140120  13.2140120
12.9999999  13.2056398  13.2056398
13.0099999  13.1972285  13.1972285
13.0199999  13.1887808  13.1887808
13.0299999  13.1802996  13.1802996
13.0399999  13.1717877  13.1717877
13.0499999  13.1632479  13.1632479
13.0599999  13.1546831  13.1546831
13.0699999  13.1460961  13.1460961
13.0799999  13.1374897  13.1374897
13.0899999  13.1288669  13.1288669
13.0999999  13.1202303  13.1202303
13.1099999  13.1115828  13.1115828
13.1199999  13.1029272  13.1029272
13.1299999  13.0942664  13.0942664
13.1399999  13.0856031  13.0856031
13.1499999  13.0769402  13.0769402
13.1599999  13.0682804  13.0682804
13.1699999  13.0596264  13.0596264
13.1799999  13.0509812  13.0509812
13.1899999  13.0423473  13.0423473
13.1999999  13.0337275  13.0337275
13.2099999  13.0251246  13.0251246
13.2199999  13.0165413  13.0165413
13.2299999  13.0079803  13.0079803
13.2399999  12.9994443  12.9994443
13.2499999  12.9909358  12.9909358
13.2599999  12.9824576  12.9824576
13.2699999  12.9740123  12.9740123
13.2799999  12.9656025  12.9656025
13.2899999  12.9572308  12.9572308
13.2999999  12.9488998  12.9488998
13.3099999  12.9406119  12.9406119
13.3199999  12.9323698  12.9323698
13.3299999  12.9241760  12.9241760
13.3399999  12.9160328  12.9160328
13.3499999  12.9079428  12.9079428
13.3599999  12.8999085  12.8999085
13.3699999  12.8919321  12.8919321
13.3799999  12.8840161  12.8840161
13.3899999  12.8761628  12.8761628
13.3999999  12.8683746  12.8683746
13.4099999  12.8606537  12.8606537
13.4199999  12.8530024  12.8530024
13.4299999  12.8454230  12.8454230
13.4399999  12.8379177  12.8379177
13.4499999  12.8304885  12.8304885
13.4599999  12.8231378  12.8231378
13.4699999  12.8158675  12.8158675
13.4799999  12.8086798  12.8086798
13.4899999  12.8015767  12.8015767
13.4999999  12.7945602  12.7945602
13.5099999  12.7876323  12.7876323
13.5199999  12.7807950  12.7807950
13.5299999  12.7740500  12.7740500
13.5399999  12.7673994  12.7673994
13.5499999  12.7608450  12.7608450
13.5599999  12.7543885  12.7543885
13.5699999  12.7480317  12.7480317
13.5799999  12.7417763  12.7417763
13.5899999  12.7356241  12.7356241
13.5999999  12.7295766  12.7295766
13.6099999  12.7236355  12.7236355
13.6199999  12.7178023  12.7178023
13.6299999  12.7120786  12.7120786
13.6399999  12.7064659  12.7064659
13.6499999  12.7009655  12.7009655
13.6599999  12.6955790  12.6955790
13.6699999  12.6903076  12.6903076
13.6799999  12.6851527  12.6851527
13.6899999  12.6801156  12.6801156
13.6999999  12.6751975  12.6751975
13.7099999  12.6703997  12.6703997
13.7199999  12.6657232  12.6657232
13.7299999  12.6611692  12.6611692
13.7399999  12.6567388  12.6567388
13.7499999  12.6524329  12.6524329
13.7599999  12.6482527  12.6482527
13.7699999  12.6441989  12.6441989
13.7799999  12.6402725  12.6402725
13.7899999  12.6364744  12.6364744
13.7999999  12.6328054  12.6328054
13.8099999  12.6292662  12.6292662
13.8199999  12.6258575  12.6258575
13.8299999  12.6225801  12.6225801
13.8399999  12.6194345  12.6194345
13.8499999  12.6164214  12.6164214
13.8599999  12.6135413  12.6135413
13.8699999  12.6107946  12.6107946
13.8799999  12.6081819  12.6081819
13.8899999  12.6057036  12.6057036
13.8999999  12.6033599  12.6033599
13.9099999  12.6011513  12.6011513
13.9199999  12.5990781  12.5990781
13.9299999  12.5971403  12.5971403
13.9399999  12.5953383  12.5953383
13.9499999  12.5936722  12.5936722
13.9599999  12.5921420  12.5921420
13.9699999  12.5907479  12.5907479
13.9799999  12.5894898  12.5894898
13.9899999  12.5883677  12.5883677
13.9999999  12.5873815  12.5873815
14.0099999  12.5865312  12.5865312
14.0199999  12.5858164  12.5858164
14.0299999  12.5852372  12.5852372
14.0399999  12.5847931  12.5847931
14.0499999  12.5844839  12.5844839
14.0599999  12.5843093  12.5843093
14.0699999  12.5842689  12.5842689
14.0799999  12.5843622  12.5843622
14.0899999  12.5845889  12.5845889
14.0999999  12.5849483  12.5849483
14.1099999  12.5854400  12.5854400
14.1199999  12.5860634  12.5860634
14.1299999  12.5868179  12.5868179
14.1399999  12.5877028  12.5877028
14.1499999  12.5887173  12.5887173
14.1599999  12.5898608  12.5898608
14.1699999  12.5911325  12.5911325
14.1799999  12.5925315  12.5925315
14.1899999  12.5940570  12.5940570
14.1999999  12.5957081  12.5957081
14.2099999  12.5974838  12.5974838
14.2199999  12.5993832  12.5993832
14.2299999  12.6014053  12.6014053
14.2399999  12.6035491  12.6035491
14.2499999  12.6058133  12.6058133
14.2599999  12.6081971  12.6081971
14.2699999  12.6106991  12.6106991
14.2799999  12.6133182  12.6133182
14.2899999  12.6160531  12.6160531
14.2999999  12.6189028  12.6189028
14.3099999  12.6218657  12.6218657
14.3199999  12.6249407  12.6249407
14.3299999  12.6281264  12.6281264
14.3399999  12.6314213  12.6314213
14.3499999  12.6348242  12.6348242
14.3599999  12.6383335  12.6383335
14.3699999  12.6419478  12.6419478
14.3799999  12.6456656  12.6456656
14.3899999  12.6494853  12.6494853
14.3999999  12.6534054  12.6534054
14.4099999  12.6574243  12.6574243
14.4199999  12.6615405  12.6615405
14.4299999  12.6657522  12.6657522
14.4399999  12.6700578  12.6700578
14.4499999  12.6744556  12.6744556
14.4599999  12.6789439  12.6789439
14.4699999  12.6835211  12.6835211
14.4799999  12.6881852  12.6881852
14.4899999  12.6929346  12.6929346
14.4999999  12.6977674  12.6977674
14.5099999  12.7026819  12.7026819
14.5199999  12.7076761  12.7076761
14.5299999  12.7127482  12.7127482
14.5399999  12.7178964  12.7178964
14.5499999  12.7231187  12.7231187
14.5599999  12.7284132  12.7284132
14.5699999  12.7337780  12.7337780
14.5799999  12.7392111  12.7392111
14.5899999  12.7447107  12.7447107
14.5999999  12.7502745  12.7502745
14.6099999  12.7559008  12.7559008
14.6199999  12.7615875  12.7615875
14.6299999  12.7673325  12.7673325
14.6399999  12.7731339  12.7731339
14.6499999  12.7789895  12.7789895
14.6599999  12.7848973  12.7848973
14.6699999  12.7908553  12.7908553
14.6799999  12.7968614  12.7968614
14.6899999  12.8029135  12.8029135
14.6999999  12.8090095  12.8090095
14.7099999  12.8151472  12.8151472
14.7199999  12.8213247  12.8213247
14.7299999  12.8275398  12.8275398
14.7399999  12.8337903  12.8337903
14.7499999  12.8400741  12.8400741
14.7599999  12.8463891  12.8463891
14.7699999  12.8527333  12.8527333
14.7799999  12.8591044  12.8591044
14.7899999  12.8655002  12.8655002
14.7999999  12.8719188  12.8719188
14.8099999  12.8783579  12.8783579
14.8199999  12.8848154  12.8848154
14.8299999  12.8912892  12.8912892
14.8399999  12.8977771  12.8977771
14.8499999  12.9042770  12.9042770
14.8599999  12.9107868  12.9107868
14.8699999  12.9173043  12.9173043
14.8799999  12.9238275  12.9238275
14.8899999  12.9303542  12.9303542
14.8999999  12.9368823  12.9368823
14.9099999  12.9434097  12.9434097
14.9199999  12.9499343  12.9499343
14.9299999  12.9564541  12.9564541
14.9399999  12.9629668  12.9629668
14.9499999  12.9694706  12.9694706
14.9599999  12.9759632  12.9759632
14.9699999  12.9824427  12.9824427
14.9799999  12.9889070  12.9889070
14.9899999  12.9953542  12.9953542
14.9999999  13.0017820  13.0017820
15.0099999  13.0081887  13.0081887
15.0199999  13.0145721  13.0145721
15.0299999  13.0209303  13.0209303
15.0399999  13.0272613  13.0272613
15.0499999  13.0335633  13.0335633
15.0599999  13.0398341  13.0398341
15.0699999  13.0460720  13.0460720
15.0799999  13.0522751  13.0522751
15.0899999  13.0584414  13.0584414
15.0999999  13.0645691  13.0645691
15.1099999  13.0706564  13.0706564
15.1199999  13.0767013  13.0767013
15.1299999  13.0827022  13.0827022
15.1399999  13.0886572  13.0886572
15.1499999  13.0945646  13.0945646
15.1599999  13.1004225  13.1004225
15.1699999  13.1062294  13.1062294
15.1799999  13.1119834  13.1119834
15.1899999  13.1176830  13.1176830
15.1999999  13.1233264  13.1233264
15.2099999  13.1289120  13.1289120
15.2199999  13.1344382  13.1344382
15.2299999  13.1399034  13.1399034
15.2399999  13.1453061  13.1453061
15.2499999  13.1506448  13.1506448
15.2599999  13.1559178  13.1559178
15.2699999  13.1611238  13.1611238
15.2799999  13.1662612  13.1662612
15.2899999  13.1713287  13.1713287
15.2999999  13.1763248  13.1763248
15.3099999  13.1812481  13.1812481
15.3199999  13.1860974  13.1860974
15.3299999  13.1908713  13.1908713
15.3399999  13.1955684  13.1955684
15.3499999  13.2001876  13.2001876
15.3599999  13.2047276  13.2047276
15.3699999  13.2091872  13.2091872
15.3799999  13.2135652  13.2135652
15.3899999  13.2178605  13.2178605
15.3999999  13.2220720  13.2220720
15.4099999  13.2261985  13.2261985
15.4199999  13.2302390  13.2302390
15.4299999  13.2341926  13.2341926
15.4399999  13.2380581  13.2380581
15.4499999  13.2418347  13.2418347
15.4599999  13.2455214  13.2455214
15.4699999  13.2491174  13.2491174
15.4799999  13.2526217  13.2526217
15.4899999  13.2560335  13.2560335
15.4999999  13.2593521  13.2593521
15.5099999  13.2625766  13.2625766
15.5199999  13.2657064  13.2657064
15.5299999  13.2687406  13.2687406
15.5399999  13.2716788  13.2716788
15.5499999  13.2745201  13.2745201
15.5599999  13.2772641  13.2772641
15.5699999  13.2799101  13.2799101
15.5799999  13.2824577  13.2824577
15.5899999  13.2849062  13.2849062
15.5999999  13.2872553  13.2872553
15.6099999  13.2895045  13.2895045
15.6199999  13.2916535  13.2916535
15.6299999  13.2937017  13.2937017
15.6399999  13.2956490  13.2956490
15.6499999  13.2974949  13.2974949
15.6599999  13.2992393  13.2992393
15.6699999  13.3008819  13.3008819
15.6799999  13.3024225  13.3024225
15.6899999  13.3038609  13.3038609
15.6999999  13.3051970  13.3051970
15.7099999  13.3064308  13.3064308
15.7199999  13.3075620  13.3075620
15.7299999  13.3085908  13.3085908
15.7399999  13.3095170  13.3095170
15.7499999  13.3103408  13.3103408
15.7599999  13.3110621  13.3110621
15.7699999  13.3116812  13.3116812
15.7799999  13.3121980  13.3121980
15.7899999  13.3126129  13.3126129
15.7999999  13.3129259  13.3129259
15.8099999  13.3131373  13.3131373
15.8199999  13.3132474  13.3132474
15.8299999  13.3132564  13.3132564
15.8399999  13.3131647  13.3131647
15.8499999  13.3129727  13.3129727
15.8599999  13.3126806  13.3126806
15.8699999  13.3122890  13.3122890
15.8799999  13.3117982  13.3117982
15.8899999  13.3112088  13.3112088
15.8999999  13.3105212  13.3105212
15.9099999  13.3097361  13.3097361
15.9199999  13.3088538  13.3088538
15.9299999  13.3078752  13.3078752
15.9399999  13.3068007  13.3068007
15.9499999  13.3056310  13.3056310
15.9599999  13.3043669  13.3043669
15.9699999  13.3030090  13.3030090
15.9799999  13.3015580  13.3015580
15.9899999  13.3000148  13.3000148
15.9999999  13.2983801  13.2983801
16.0099999  13.2966547  13.2966547
16.0199999  13.2948395  13.2948395
16.0299999  13.2929354  13.2929354
16.0399999  13.2909432  13.2909432
16.0499999  13.2888639  13.2888639
16.0599999  13.2866985  13.2866985
16.0699999  13.2844478  13.2844478
16.0799999  13.2821129  13.2821129
16.0899999  13.2796949  13.2796949
16.0999999  13.2771947  13.2771947
16.1099999  13.2746134  13.2746134
16.1199999  13.2719522  13.2719522
16.1299999  13.2692121  13.2692121
16.1399999  13.2663943  13.2663943
16.1499999  13.2634998  13.2634998
16.1599999  13.2605300  13.2605300
16.1699999  13.2574860  13.2574860
16.1799999  13.2543690  13.2543690
16.1899999  13.2511803  13.2511803
16.1999999  13.2479210  13.2479210
16.2099999  13.2445926  13.2445926
16.2199999  13.2411962  13.2411962
16.2299999  13.2377332  13.2377332
16.2399999  13.2342049  13.2342049
16.2499999  13.2306127  13.2306127
16.2599999  13.2269578  13.2269578
16.2699999  13.2232418  13.2232418
16.2799999  13.2194660  13.2194660
16.2899999  13.2156317  13.2156317
16.2999999  13.2117405  13.2117405
16.3099999  13.2077937  13.2077937
16.3199999  13.2037927  13.2037927
16.3299999  13.1997392  13.1997392
16.3399999  13.1956344  13.1956344
16.3499999  13.1914800  13.1914800
16.3599999  13.1872774  13.1872774
16.3699999  13.1830281  13.1830281
16.3799999  13.1787336  13.1787336
16.3899999  13.1743954  13.1743954
16.3999999  13.1700151  13.1700151
16.4099999  13.1655943  13.1655943
16.4199999  13.1611344  13.1611344
16.4299999  13.1566371  13.1566371
16.4399999  13.1521039  13.1521039
16.4499999  13.1475364  13.1475364
16.4599999  13.1429361  13.1429361
16.4699999  13.1383047  13.1383047
16.4799999  13.1336437  13.1336437
16.4899999  13.1289547  13.1289547
16.4999999  13.1242393  13.1242393
16.5099999  13.1194991  13.1194991
16.5199999  13.1147358  13.1147358
16.5299999  13.1099509  13.1099509
16.5399999  13.1051461  13.1051461
16.5499999  13.1003229  13.1003229
16.5599999  13.0954829  13.0954829
16.5699999  13.0906278  13.0906278
16.5799999  13.0857592  13.0857592
16.5899999  13.0808787  13.0808787
16.5999999  13.0759878  13.0759878
16.6099999  13.0710883  13.0710883
16.6199999  13.0661816  13.0661816
16.6299999  13.0612695  13.0612695
16.6399999  13.0563534  13.0563534
16.6499999  13.0514350  13.0514350
16.6599999  13.0465159  13.0465159
16.6699999  13.0415977  13.0415977
16.6799999  13.0366819  13.0366819
16.6899999  13.0317701  13.0317701
16.6999999  13.0268639  13.0268639
16.7099999  13.0219648  13.0219648
16.7199999  13.0170744  13.0170744
16.7299999  13.0121943  13.0121943
16.7399999  13.0073259  13.0073259
16.7499999  13.0024708  13.0024708
16.7599999  12.9976305  12.9976305
16.7699999  12.9928066  12.9928066
16.7799999  12.9880004  12.9880004
16.7899999  12.9832136  12.9832136
16.7999999  12.9784475  12.9784475
16.8099999  12.9737037  12.9737037
16.8199999  12.9689836  12.9689836
16.8299999  12.9642887  12.9642887
16.8399999  12.9596203  12.9596203
16.8499999  12.9549799  12.9549799
16.8599999  12.9503689  12.9503689
16.8699999  12.9457887  12.9457887
16.8799999  12.9412406  12.9412406
16.8899999  12.9367260  12.9367260
16.8999999  12.9322463  12.9322463
16.9099999  12.9278028  12.9278028
16.9199999  12.9233967  12.9233967
16.9299999  12.9190295  12.9190295
16.9399999  12.9147023  12.9147023
16.9499999  12.9104164  12.9104164
16.9599999  12.9061731  12.9061731
16.9699999  12.9019736  12.9019736
16.9799999  12.8978192  12.8978192
16.9899999  12.8937109  12.8937109
16.9999999  12.8896500  12.8896500
17.0099999  12.8856376  12.8856376
17.0199999  12.8816749  12.8816749
17.0299999  12.8777630  12.8777630
17.0399999  12.8739029  12.8739029
17.0499999  12.8700958  12.8700958
17.0599999  12.8663427  12.8663427
17.0699999  12.8626446  12.8626446
17.0799999  12.8590025  12.8590025
17.0899999  12.8554175  12.8554175
17.0999999  12.8518904  12.8518904
17.1099999  12.8484224  12.8484224
17.1199999  12.8450142  12.8450142
17.1299999  12.8416667  12.8416667
17.1399999  12.8383810  12.8383810
17.1499999  12.8351577  12.8351577
17.1599999  12.8319978  12.8319978
17.1699999  12.8289021  12.8289021
17.1799999  12.8258713  12.8258713
17.1899999  12.8229062  12.8229062
17.1999999  12.8200076  12.8200076
17.2099999  12.8171762  12.8171762
17.2199999  12.8144127  12.8144127
17.2299999  12.8117176  12.8117176
17.2399999  12.8090918  12.8090918
17.2499999  12.8065358  12.8065358
17.2599999  12.8040502  12.8040502
17.2699999  12.8016355  12.8016355
17.2799999  12.7992924  12.7992924
17.2899999  12.7970214  12.7970214
17.2999999  12.7948229  12.7948229
17.3099999  12.7926974  12.7926974
17.3199999  12.7906454  12.7906454
17.3299999  12.7886673  12.7886673
17.3399999  12.7867634  12.7867634
17.3499999  12.7849343  12.7849343
17.3599999  12.7831801  12.7831801
17.3699999  12.7815013  12.7815013
17.3799999  12.7798982  12.7798982
17.3899999  12.7783709  12.7783709
17.3999999  12.7769198  12.7769198
17.4099999  12.7755451  12.7755451
17.4199999  12.7742469  12.7742469
17.4299999  12.7730255  12.7730255
17.4399999  12.7718809  12.7718809
17.4499999  12.7708134  12.7708134
17.4599999  12.7698230  12.7698230
17.4699999  12.7689098  12.7689098
17.4799999  12.7680737  12.7680737
17.4899999  12.7673150  12.7673150
17.4999999  12.7666334  12.7666334
17.5099999  12.7660291  12.7660291
17.5199999  12.7655019  12.7655019
17.5299999  12.7650518  12.7650518
17.5399999  12.7646787  12.7646787
17.5499999  12.7643824  12.7643824
17.5599999  12.7641628  12.7641628
17.5699999  12.7640197  12.7640197
17.5799999  12.7639530  12.7639530
17.5899999  12.7639623  12.7639623
17.5999999  12.7640475  12.7640475
17.6099999  12.7642082  12.7642082
17.6199999  12.7644443  12.7644443
17.6299999  12.7647553  12.7647553
17.6399999  12.7651409  12.7651409
17.6499999  12.7656007  12.7656007
17.6599999  12.7661345  12.7661345
17.6699999  12.7667417  12.7667417
17.6799999  12.7674219  12.7674219
17.6899999  12.7681748  12.7681748
17.6999999  12.7689997  12.7689997
17.7099999  12.7698962  12.7698962
17.7199999  12.7708638  12.7708638
17.7299999  12.7719020  12.7719020
17.7399999  12.7730101  12.7730101
17.7499999  12.7741877  12.7741877
17.7599999  12.7754340  12.7754340
17.7699999  12.7767485  12.7767485
17.7799999  12.7781306  12.7781306
17.7899999  12.7795796  12.7795796
17.7999999  12.7810947  12.7810947
17.8099999  12.7826754  12.7826754
17.8199999  12.7843208  12.7843208
17.8299999  12.7860303  12.7860303
17.8399999  12.7878030  12.7878030
17.8499999  12.7896383  12.7896383
17.8599999  12.7915353  12.7915353
17.8699999  12.7934932  12.7934932
17.8799999  12.7955112  12.7955112
17.8899999  12.7975884  12.7975884
17.9        12.7997240  12.7997240
17.91       12.8019172  12.8019172
17.92       12.8041670  12.8041670
17.9300000  12.8064725  12.8064725
17.9400000  12.8088327  12.8088327
17.9500000  12.8112469  12.8112469
17.9600000  12.8137140  12.8137140
17.9700000  12.8162330  12.8162330
17.9800000  12.8188030  12.8188030
17.9900000  12.8214230  12.8214230
18.0000000  12.8240919  12.8240919
18.0100000  12.8268089  12.8268089
18.0200000  12.8295728  12.8295728
18.0300000  12.8323825  12.8323825
18.0400000  12.8352371  12.8352371
18.0500000  12.8381356  12.8381356
18.0600000  12.8410767  12.8410767
18.0700000  12.8440594  12.8440594
18.0800000  12.8470827  12.8470827
18.0900000  12.8501455  12.8501455
18.1000000  12.8532465  12.8532465
18.1100000  12.8563848  12.8563848
18.1200000  12.8595592  12.8595592
18.1300000  12.8627684  12.8627684
18.1400000  12.8660115  12.8660115
18.1500000  12.8692873  12.8692873
18.1600000  12.8725945  12.8725945
18.1700000  12.8759320  12.8759320
18.1800000  12.8792987  12.8792987
18.1900000  12.8826934  12.8826934
18.2000000  12.8861149  12.8861149
18.2100000  12.8895620  12.8895620
18.2200000  12.8930335  12.8930335
18.2300000  12.8965282  12.8965282
18.2400000  12.9000449  12.9000449
18.2500000  12.9035825  12.9035825
18.2600000  12.9071397  12.9071397
18.2700000  12.9107154  12.9107154
18.2800000  12.9143082  12.9143082
18.2900000  12.9179170  12.9179170
18.3000000  12.9215406  12.9215406
18.3100000  12.9251778  12.9251778
18.3200000  12.9288273  12.9288273
18.3300000  12.9324880  12.9324880
18.3400000  12.9361587  12.9361587
18.3500000  12.9398380  12.9398380
18.3600000  12.9435249  12.9435249
18.3700000  12.9472180  12.9472180
18.3800000  12.9509163  12.9509163
18.3900000  12.9546184  12.9546184
18.4000000  12.9583233  12.9583233
18.4100000  12.9620296  12.9620296
18.4200000  12.9657362  12.9657362
18.4300000  12.9694419  12.9694419
18.4400000  12.9731455  12.9731455
18.4500000  12.9768459  12.9768459
18.4600000  12.9805418  12.9805418
18.4700000  12.9842321  12.9842321
18.4800000  12.9879155  12.9879155
18.4900000  12.9915911  12.9915911
18.5000000  12.9952575  12.9952575
18.5100000  12.9989136  12.9989136
18.5200000  13.0025584  13.0025584
18.5300000  13.0061906  13.0061906
18.5400000  13.0098091  13.0098091
18.5500000  13.0134129  13.0134129
18.5600000  13.0170007  13.0170007
18.5700000  13.0205716  13.0205716
18.5800000  13.0241244  13.0241244
18.5900000  13.0276580  13.0276580
18.6000000  13.0311713  13.0311713
18.6100000  13.0346633  13.0346633
18.6200000  13.0381330  13.0381330
18.6300000  13.0415792  13.0415792
18.6400000  13.0450011  13.0450011
18.6500000  13.0483974  13.0483974
18.6600000  13.0517673  13.0517673
18.6700000  13.0551097  13.0551097
18.6800000  13.0584236  13.0584236
18.6900000  13.0617081  13.0617081
18.7000000  13.0649622  13.0649622
18.7100000  13.0681849  13.0681849
18.7200000  13.0713754  13.0713754
18.7300000  13.0745327  13.0745327
18.7400000  13.0776559  13.0776559
18.7500000  13.0807441  13.0807441
18.7600000  13.0837963  13.0837963
18.7700000  13.0868119  13.0868119
18.7800000  13.0897898  13.0897898
18.7900000  13.0927293  13.0927293
18.8000000  13.0956296  13.0956296
18.8100000  13.0984898  13.0984898
18.8200000  13.1013091  13.1013091
18.8300000  13.1040868  13.1040868
18.8400000  13.1068221  13.1068221
18.8500000  13.1095143  13.1095143
18.8600000  13.1121626  13.1121626
18.8700000  13.1147663  13.1147663
18.8800000  13.1173248  13.1173248
18.8900000  13.1198374  13.1198374
18.9000000  13.1223033  13.1223033
18.9100000  13.1247220  13.1247220
18.9200000  13.1270929  13.1270929
18.9300000  13.1294152  13.1294152
18.9400000  13.1316885  13.1316885
18.9500000  13.1339122  13.1339122
18.9600000  13.1360857  13.1360857
18.9700000  13.1382084  13.1382084
18.9800000  13.1402799  13.1402799
18.9900000  13.1422996  13.1422996
19.0000000  13.1442671  13.1442671
19.0100000  13.1461819  13.1461819
19.0200000  13.1480435  13.1480435
19.0300000  13.1498516  13.1498516
19.0400000  13.1516057  13.1516057
19.0500000  13.1533054  13.1533054
19.0600000  13.1549504  13.1549504
19.0700000  13.1565402  13.1565402
19.0800000  13.1580747  13.1580747
19.0900000  13.1595534  13.1595534
19.1000000  13.1609760  13.1609760
19.1100000  13.1623423  13.1623423
19.1200000  13.1636521  13.1636521
19.1300000  13.1649050  13.1649050
19.1400000  13.1661009  13.1661009
19.1500000  13.1672396  13.1672396
19.1600000  13.1683208  13.1683208
19.1700000  13.1693445  13.1693445
19.1800000  13.1703104  13.1703104
19.1900000  13.1712185  13.1712185
19.2000000  13.1720686  13.1720686
19.2100000  13.1728607  13.1728607
19.2200000  13.1735946  13.1735946
19.2300000  13.1742704  13.1742704
19.2400000  13.1748880  13.1748880
19.2500000  13.1754474  13.1754474
19.2600000  13.1759486  13.1759486
19.2700000  13.1763916  13.1763916
19.2800000  13.1767765  13.1767765
19.2900000  13.1771034  13.1771034
19.3000000  13.1773722  13.1773722
19.3100000  13.1775832  13.1775832
19.3200000  13.1777364  13.1777364
19.3300000  13.1778320  13.1778320
19.3400000  13.1778701  13.1778701
19.3500000  13.1778509  13.1778509
19.3600000  13.1777746  13.1777746
19.3700000  13.1776414  13.1776414
19.3800000  13.1774516  13.1774516
19.3900000  13.1772053  13.1772053
19.4000000  13.1769028  13.1769028
19.4100000  13.1765444  13.1765444
19.4200000  13.1761304  13.1761304
19.4300000  13.1756612  13.1756612
19.4400000  13.1751370  13.1751370
19.4500000  13.1745581  13.1745581
19.4600000  13.1739250  13.1739250
19.4700000  13.1732381  13.1732381
19.4800000  13.1724976  13.1724976
19.4900000  13.1717041  13.1717041
19.5000000  13.1708580  13.1708580
19.5100000  13.1699596  13.1699596
19.5200000  13.1690095  13.1690095
19.5300000  13.1680081  13.1680081
19.5400000  13.1669560  13.1669560
19.5500000  13.1658535  13.1658535
19.5600000  13.1647013  13.1647013
19.5700000  13.1634998  13.1634998
19.5800000  13.1622497  13.1622497
19.5900000  13.1609514  13.1609514
19.6000000  13.1596055  13.1596055
19.6100000  13.1582126  13.1582126
19.6200000  13.1567734  13.1567734
19.6300000  13.1552884  13.1552884
19.6400000  13.1537583  13.1537583
19.6500000  13.1521836  13.1521836
19.6600000  13.1505651  13.1505651
19.6700000  13.1489034  13.1489034
19.6800000  13.1471992  13.1471992
19.6900000  13.1454531  13.1454531
19.7000000  13.1436659  13.1436659
19.7100000  13.1418383  13.1418383
19.7200000  13.1399709  13.1399709
19.7300000  13.1380645  13.1380645
19.7400000  13.1361199  13.1361199
19.7500000  13.1341378  13.1341378
19.7600000  13.1321189  13.1321189
19.7700000  13.1300641  13.1300641
19.7800000  13.1279740  13.1279740
19.7900000  13.1258496  13.1258496
19.8000000  13.1236915  13.1236915
19.8100000  13.1215005  13.1215005
19.8200000  13.1192776  13.1192776
19.8300000  13.1170235  13.1170235
19.8400000  13.1147390  13.1147390
19.8500000  13.1124249  13.1124249
19.8600000  13.1100822  13.1100822
19.8700000  13.1077116  13.1077116
19.8800000  13.1053140  13.1053140
19.8900000  13.1028902  13.1028902
19.9000000  13.1004412  13.1004412
19.9100000  13.0979677  13.0979677
19.9200000  13.0954707  13.0954707
19.9300000  13.0929511  13.0929511
19.9400000  13.0904096  13.0904096
19.9500000  13.0878473  13.0878473
19.9600000  13.0852650  13.0852650
19.9700000  13.0826635  13.0826635
19.9800000  13.0800439  13.0800439
19.9900000  13.0774069  13.0774069
20.0000000  13.0747535  13.0747535
20.0100000  13.0720847  13.0720847
20.0200000  13.0694012  13.0694012
20.0300000  13.0667041  13.0667041
20.0400000  13.0639942  13.0639942
20.0500000  13.0612724  13.0612724
20.0600000  13.0585397  13.0585397
20.0700000  13.0557969  13.0557969
20.0800000  13.0530450  13.0530450
20.0900000  13.0502850  13.0502850
20.1000000  13.0475176  13.0475176
20.1100000  13.0447438  13.0447438
20.1200000  13.0419646  13.0419646
20.1300000  13.0391808  13.0391808
20.1400000  13.0363934  13.0363934
20.1500000  13.0336033  13.0336033
20.1600000  13.0308113  13.0308113
20.1700000  13.0280183  13.0280183
20.1800000  13.0252254  13.0252254
20.1900000  13.0224333  13.0224333
20.2000000  13.0196430  13.0196430
20.2100000  13.0168553  13.0168553
20.2200000  13.0140712  13.0140712
20.2300000  13.0112915  13.0112915
20.2400000  13.0085171  13.0085171
20.2500000  13.0057489  13.0057489
20.2600000  13.0029878  13.0029878
20.2700000  13.0002345  13.0002345
20.2800000  12.9974901  12.9974901
20.2900000  12.9947552  12.9947552
20.3000000  12.9920309  12.9920309
20.3100000  12.9893178  12.9893178
20.3200000  12.9866169  12.9866169
20.3300000  12.9839290  12.9839290
20.3400000  12.9812550  12.9812550
20.3500000  12.9785955  12.9785955
20.3600000  12.9759514  12.9759514
20.3700000  12.9733236  12.9733236
20.3800000  12.9707128  12.9707128
20.3900000  12.9681199  12.9681199
20.4000000  12.9655455  12.9655455
20.4100000  12.9629904  12.9629904
20.4200000  12.9604555  12.9604555
20.4300000  12.9579414  12.9579414
20.4400000  12.9554489  12.9554489
20.4500000  12.9529788  12.9529788
20.4600000  12.9505317  12.9505317
20.4700000  12.9481084  12.9481084
20.4800000  12.9457095  12.9457095
20.4900000  12.9433358  12.9433358
20.5000000  12.9409880  12.9409880
20.5100000  12.9386667  12.9386667
20.5200000  12.9363725  12.9363725
20.5300000  12.9341062  12.9341062
20.5400000  12.9318684  12.9318684
20.5500000  12.9296596  12.9296596
20.5600000  12.9274806  12.9274806
20.5700000  12.9253319  12.9253319
20.5800000  12.9232140  12.9232140
20.5900000  12.9211277  12.9211277
20.6000000  12.9190734  12.9190734
20.6100000  12.9170518  12.9170518
20.6200000  12.9150633  12.9150633
20.6300000  12.9131085  12.9131085
20.6400000  12.9111880  12.9111880
20.6500000  12.9093021  12.9093021
20.6600000  12.9074515  12.9074515
20.6700000  12.9056366  12.9056366
20.6800000  12.9038578  12.9038578
20.6900000  12.9021156  12.9021156
20.7000000  12.9004106  12.9004106
20.7100000  12.8987430  12.8987430
20.7200000  12.8971133  12.8971133
20.7300000  12.8955220  12.8955220
20.7400000  12.8939693  12.8939693
20.7500000  12.8924557  12.8924557
20.7600000  12.8909816  12.8909816
20.7700000  12.8895472  12.8895472
20.7800000  12.8881530  12.8881530
20.7900000  12.8867992  12.8867992
20.8000000  12.8854861  12.8854861
20.8100000  12.8842141  12.8842141
20.8200000  12.8829833  12.8829833
20.8300000  12.8817942  12.8817942
20.8400000  12.8806468  12.8806468
20.8500000  12.8795416  12.8795416
20.8600000  12.8784786  12.8784786
20.8700000  12.8774580  12.8774580
20.8800000  12.8764802  12.8764802
20.8900000  12.8755452  12.8755452
20.9000000  12.8746532  12.8746532
20.9100000  12.8738044  12.8738044
20.9200000  12.8729988  12.8729988
20.9300000  12.8722367  12.8722367
20.9400000  12.8715181  12.8715181
20.9500000  12.8708431  12.8708431
20.9600000  12.8702118  12.8702118
20.9700000  12.8696243  12.8696243
20.9800000  12.8690805  12.8690805
20.9900000  12.8685806  12.8685806
21.0000000  12.8681246  12.8681246
21.0100000  12.8677124  12.8677124
21.0200000  12.8673440  12.8673440
21.0300000  12.8670195  12.8670195
21.0400000  12.8667387  12.8667387
21.0500000  12.8665017  12.8665017
21.0600000  12.8663084  12.8663084
21.0700000  12.8661587  12.8661587
21.0800000  12.8660525  12.8660525
21.0900000  12.8659897  12.8659897
21.1000000  12.8659701  12.8659701
21.1100000  12.8659937  12.8659937
21.1200000  12.8660603  12.8660603
21.1300000  12.8661698  12.8661698
21.1400000  12.8663219  12.8663219
21.1500000  12.8665165  12.8665165
21.1600000  12.8667534  12.8667534
21.1700000  12.8670324  12.8670324
21.1800000  12.8673532  12.8673532
21.1900000  12.8677156  12.8677156
21.2000000  12.8681194  12.8681194
21.2100000  12.8685642  12.8685642
21.2200000  12.8690499  12.8690499
21.2300000  12.8695761  12.8695761
21.2400000  12.8701426  12.8701426
21.2500000  12.8707490  12.8707490
21.2600000  12.8713950  12.8713950
21.2700000  12.8720802  12.8720802
21.2800000  12.8728044  12.8728044
21.2900000  12.8735671  12.8735671
21.3000000  12.8743680  12.8743680
21.3100000  12.8752067  12.8752067
21.3200000  12.8760829  12.8760829
21.3300000  12.8769960  12.8769960
21.3400000  12.8779458  12.8779458
21.3500000  12.8789317  12.8789317
21.3600000  12.8799534  12.8799534
21.3700000  12.8810104  12.8810104
21.3800000  12.8821023  12.8821023
21.3900000  12.8832285  12.8832285
21.4000000  12.8843887  12.8843887
21.4100000  12.8855823  12.8855823
21.4200000  12.8868088  12.8868088
21.4300000  12.8880678  12.8880678
21.4400000  12.8893587  12.8893587
21.4500000  12.8906810  12.8906810
21.4600000  12.8920343  12.8920343
21.4700000  12.8934178  12.8934178
21.4800000  12.8948312  12.8948312
21.4900000  12.8962739  12.8962739
21.5000000  12.8977452  12.8977452
21.5100000  12.8992447  12.8992447
21.5200000  12.9007718  12.9007718
21.5300000  12.9023259  12.9023259
21.5400000  12.9039063  12.9039063
21.5500000  12.9055126  12.9055126
21.5600000  12.9071441  12.9071441
21.5700000  12.9088002  12.9088002
21.5800000  12.9104802  12.9104802
21.5900000  12.9121837  12.9121837
21.6000000  12.9139099  12.9139099
21.6100000  12.9156582  12.9156582
21.6200000  12.9174281  12.9174281
21.6300000  12.9192187  12.9192187
21.6400000  12.9210296  12.9210296
21.6500000  12.9228601  12.9228601
21.6600000  12.9247095  12.9247095
21.6700000  12.9265771  12.9265771
21.6800000  12.9284623  12.9284623
21.6900000  12.9303645  12.9303645
21.7000000  12.9322829  12.9322829
21.7100000  12.9342169  12.9342169
21.7200000  12.9361659  12.9361659
21.7300000  12.9381291  12.9381291
21.7400000  12.9401059  12.9401059
21.7500000  12.9420956  12.9420956
21.7600000  12.9440975  12.9440975
21.7700000  12.9461110  12.9461110
21.7800000  12.9481352  12.9481352
21.7900000  12.9501697  12.9501697
21.8000000  12.9522136  12.9522136
21.8100000  12.9542664  12.9542664
21.8200000  12.9563272  12.9563272
21.8300000  12.9583955  12.9583955
21.8400000  12.9604704  12.9604704
21.8500000  12.9625514  12.9625514
21.8600000  12.9646378  12.9646378
21.8700000  12.9667288  12.9667288
21.8800000  12.9688238  12.9688238
21.8900000  12.9709221  12.9709221
21.9000000  12.9730230  12.9730230
21.9100000  12.9751258  12.9751258
21.9200000  12.9772298  12.9772298
21.9300000  12.9793344  12.9793344
21.9400000  12.9814389  12.9814389
21.9500000  12.9835425  12.9835425
21.9600000  12.9856447  12.9856447
21.9700000  12.9877448  12.9877448
21.9800000  12.9898420  12.9898420
21.9900000  12.9919358  12.9919358
22.0000000  12.9940254  12.9940254
22.0100000  12.9961103  12.9961103
22.0200000  12.9981897  12.9981897
22.0300000  13.0002629  13.0002629
22.0400000  13.0023295  13.0023295
22.0500000  13.0043886  13.0043886
22.0600000  13.0064397  13.0064397
22.0700000  13.0084822  13.0084822
22.0800000  13.0105153  13.0105153
22.0900000  13.0125385  13.0125385
22.1000000  13.0145513  13.0145513
22.1100000  13.0165528  13.0165528
22.1200000  13.0185426  13.0185426
22.1300000  13.0205201  13.0205201
22.1400000  13.0224845  13.0224845
22.1500000  13.0244355  13.0244355
22.1600000  13.0263723  13.0263723
22.1700000  13.0282944  13.0282944
22.1800000  13.0302013  13.0302013
22.1900000  13.0320923  13.0320923
22.2000000  13.0339669  13.0339669
22.2100000  13.0358246  13.0358246
22.2200000  13.0376647  13.0376647
22.2300000  13.0394869  13.0394869
22.2400000  13.0412905  13.0412905
22.2500000  13.0430750  13.0430750
22.2600000  13.0448400  13.0448400
22.2700000  13.0465848  13.0465848
22.2800000  13.0483091  13.0483091
22.2900000  13.0500123  13.0500123
22.3000000  13.0516940  13.0516940
22.3100000  13.0533536  13.0533536
22.3200000  13.0549907  13.0549907
22.3300000  13.0566049  13.0566049
22.3400000  13.0581958  13.0581958
22.3500000  13.0597628  13.0597628
22.3600000  13.0613055  13.0613055
22.3700000  13.0628236  13.0628236
22.3800000  13.0643166  13.0643166
22.3900000  13.0657841  13.0657841
22.4000000  13.0672258  13.0672258
22.4100000  13.0686412  13.0686412
22.4200000  13.0700301  13.0700301
22.4300000  13.0713919  13.0713919
22.4400000  13.0727264  13.0727264
22.4500000  13.0740332  13.0740332
22.4600000  13.0753121  13.0753121
22.4700000  13.0765626  13.0765626
22.4800000  13.0777845  13.0777845
22.4900000  13.0789774  13.0789774
22.5000000  13.0801412  13.0801412
22.5100000  13.0812754  13.0812754
22.5200000  13.0823799  13.0823799
22.5300000  13.0834543  13.0834543
22.5400000  13.0844984  13.0844984
22.5500000  13.0855121  13.0855121
22.5600000  13.0864949  13.0864949
22.5700000  13.0874468  13.0874468
22.5800000  13.0883676  13.0883676
22.5900000  13.0892570  13.0892570
22.6000000  13.0901148  13.0901148
22.6100000  13.0909409  13.0909409
22.6200000  13.0917351  13.0917351
22.6300000  13.0924973  13.0924973
22.6400000  13.0932273  13.0932273
22.6500000  13.0939249  13.0939249
22.6600000  13.0945902  13.0945902
22.6700000  13.0952229  13.0952229
22.6800000  13.0958229  13.0958229
22.6900000  13.0963902  13.0963902
22.7000000  13.0969247  13.0969247
22.7100000  13.0974264  13.0974264
22.7200000  13.0978951  13.0978951
22.7300000  13.0983308  13.0983308
22.7400000  13.0987335  13.0987335
22.7500000  13.0991032  13.0991032
22.7600000  13.0994398  13.0994398
22.7700000  13.0997434  13.0997434
22.7800000  13.1000140  13.1000140
22.7900000  13.1002515  13.1002515
22.8000000  13.1004560  13.1004560
22.8100000  13.1006276  13.1006276
22.8200000  13.1007663  13.1007663
22.8300000  13.1008722  13.1008722
22.8400000  13.1009453  13.1009453
22.8500000  13.1009857  13.1009857
22.8600000  13.1009935  13.1009935
22.8700000  13.1009688  13.1009688
22.8800000  13.1009117  13.1009117
22.8900000  13.1008224  13.1008224
22.9000000  13.1007010  13.1007010
22.9100000  13.1005476  13.1005476
22.9200000  13.1003623  13.1003623
22.9300000  13.1001454  13.1001454
22.9400000  13.0998970  13.0998970
22.9500000  13.0996173  13.0996173
22.9600000  13.0993064  13.0993064
22.9700000  13.0989647  13.0989647
22.9800000  13.0985922  13.0985922
22.9900000  13.0981892  13.0981892
23.0000000  13.0977559  13.0977559
23.0100000  13.0972927  13.0972927
23.0200000  13.0967996  13.0967996
23.0300000  13.0962770  13.0962770
23.0400000  13.0957251  13.0957251
23.0500000  13.0951443  13.0951443
23.0600000  13.0945347  13.0945347
23.0700000  13.0938967  13.0938967
23.0800000  13.0932305  13.0932305
23.0900000  13.0925366  13.0925366
23.1000000  13.0918151  13.0918151
23.1100000  13.0910664  13.0910664
23.1200000  13.0902909  13.0902909
23.1300000  13.0894888  13.0894888
23.1400000  13.0886605  13.0886605
23.1500000  13.0878064  13.0878064
23.1600000  13.0869268  13.0869268
23.1700000  13.0860221  13.0860221
23.1800000  13.0850927  13.0850927
23.1900000  13.0841388  13.0841388
23.2000000  13.0831611  13.0831611
23.2100000  13.0821597  13.0821597
23.2200000  13.0811351  13.0811351
23.2300000  13.0800877  13.0800877
23.2400000  13.0790180  13.0790180
23.2500000  13.0779263  13.0779263
23.2600000  13.0768130  13.0768130
23.2700000  13.0756787  13.0756787
23.2800000  13.0745236  13.0745236
23.2900000  13.0733484  13.0733484
23.3000000  13.0721533  13.0721533
23.3100000  13.0709389  13.0709389
23.3200000  13.0697055  13.0697055
23.3300000  13.0684537  13.0684537
23.3400000  13.0671840  13.0671840
23.3500000  13.0658967  13.0658967
23.3600000  13.0645924  13.0645924
23.3700000  13.0632715  13.0632715
23.3800000  13.0619345  13.0619345
23.3900000  13.0605819  13.0605819
23.4000000  13.0592142  13.0592142
23.4100000  13.0578319  13.0578319
23.4200000  13.0564353  13.0564353
23.4300000  13.0550252  13.0550252
23.4400000  13.0536019  13.0536019
23.4500000  13.0521659  13.0521659
23.4600000  13.0507178  13.0507178
23.4700000  13.0492580  13.0492580
23.4800000  13.0477871  13.0477871
23.4900000  13.0463056  13.0463056
23.5000000  13.0448139  13.0448139
23.5100000  13.0433126  13.0433126
23.5200000  13.0418022  13.0418022
23.5300000  13.0402833  13.0402833
23.5400000  13.0387563  13.0387563
23.5500000  13.0372217  13.0372217
23.5600000  13.0356801  13.0356801
23.5700000  13.0341320  13.0341320
23.5800000  13.0325779  13.0325779
23.5900000  13.0310183  13.0310183
23.6000000  13.0294537  13.0294537
23.6100000  13.0278847  13.0278847
23.6200000  13.0263118  13.0263118
23.6300000  13.0247355  13.0247355
23.6400000  13.0231563  13.0231563
23.6500000  13.0215748  13.0215748
23.6600000  13.0199913  13.0199913
23.6700000  13.0184066  13.0184066
23.6800000  13.0168210  13.0168210
23.6900000  13.0152351  13.0152351
23.7000000  13.0136495  13.0136495
23.7100000  13.0120645  13.0120645
23.7200000  13.0104807  13.0104807
23.7300000  13.0088987  13.0088987
23.7400000  13.0073189  13.0073189
23.7500000  13.0057418  13.0057418
23.7600000  13.0041679  13.0041679
23.7700000  13.0025978  13.0025978
23.7800000  13.0010319  13.0010319
23.7900000  12.9994707  12.9994707
23.8000000  12.9979146  12.9979146
23.8100000  12.9963643  12.9963643
23.8200000  12.9948200  12.9948200
23.8300000  12.9932825  12.9932825
23.8400000  12.9917520  12.9917520
23.8500000  12.9902291  12.9902291
23.8600000  12.9887142  12.9887142
23.8700000  12.9872078  12.9872078
23.8800000  12.9857104  12.9857104
23.8900000  12.9842224  12.9842224
23.9000000  12.9827442  12.9827442
23.9100000  12.9812764  12.9812764
23.9200000  12.9798192  12.9798192
23.9300000  12.9783733  12.9783733
23.9400000  12.9769389  12.9769389
23.9500000  12.9755166  12.9755166
23.9600000  12.9741067  12.9741067
23.9700000  12.9727097  12.9727097
23.9800000  12.9713259  12.9713259
23.9900000  12.9699558  12.9699558
24.0000000  12.9685998  12.9685998
24.0100000  12.9672582  12.9672582
24.0200000  12.9659315  12.9659315
24.0300000  12.9646199  12.9646199
24.0400000  12.9633240  12.9633240
24.0500000  12.9620440  12.9620440
24.0600000  12.9607803  12.9607803
24.0700000  12.9595333  12.9595333
24.0800000  12.9583034  12.9583034
24.0900000  12.9570907  12.9570907
24.1000000  12.9558958  12.9558958
24.1100000  12.9547189  12.9547189
24.1200000  12.9535603  12.9535603
24.1300000  12.9524204  12.9524204
24.1400000  12.9512994  12.9512994
24.1500000  12.9501977  12.9501977
24.1600000  12.9491155  12.9491155
24.1700000  12.9480532  12.9480532
24.1800000  12.9470110  12.9470110
24.1900000  12.9459892  12.9459892
24.2000000  12.9449880  12.9449880
24.2100000  12.9440077  12.9440077
24.2200000  12.9430486  12.9430486
24.2300000  12.9421109  12.9421109
24.2400000  12.9411948  12.9411948
24.2500000  12.9403005  12.9403005
24.2600000  12.9394283  12.9394283
24.2700000  12.9385784  12.9385784
24.2800000  12.9377510  12.9377510
24.2900000  12.9369462  12.9369462
24.3000000  12.9361643  12.9361643
24.3100000  12.9354054  12.9354054
24.3200000  12.9346697  12.9346697
24.3300000  12.9339574  12.9339574
24.3400000  12.9332686  12.9332686
24.3500000  12.9326035  12.9326035
24.3600000  12.9319621  12.9319621
24.3700000  12.9313447  12.9313447
24.3800000  12.9307514  12.9307514
24.3900000  12.9301822  12.9301822
24.4000000  12.9296373  12.9296373
24.4100000  12.9291168  12.9291168
24.4200000  12.9286207  12.9286207
24.4300000  12.9281492  12.9281492
24.4400000  12.9277023  12.9277023
24.4500000  12.9272800  12.9272800
24.4600000  12.9268825  12.9268825
24.4700000  12.9265098  12.9265098
24.4800000  12.9261619  12.9261619
24.4900000  12.9258389  12.9258389
24.5000000  12.9255407  12.9255407
24.5100000  12.9252674  12.9252674
24.5200000  12.9250190  12.9250190
24.5300000  12.9247956  12.9247956
24.5400000  12.9245970  12.9245970
24.5500000  12.9244233  12.9244233
24.5600000  12.9242744  12.9242744
24.5700000  12.9241504  12.9241504
24.5800000  12.9240512  12.9240512
24.5900000  12.9239766  12.9239766
24.6000000  12.9239268  12.9239268
24.6100000  12.9239016  12.9239016
24.6200000  12.9239009  12.9239009
24.6300000  12.9239247  12.9239247
24.6400000  12.9239729  12.9239729
24.6500000  12.9240453  12.9240453
24.6600000  12.9241419  12.9241419
24.6700000  12.9242626  12.9242626
24.6800000  12.9244073  12.9244073
24.6900000  12.9245758  12.9245758
24.7000000  12.9247680  12.9247680
24.7100000  12.9249838  12.9249838
24.7200000  12.9252230  12.9252230
24.7300000  12.9254854  12.9254854
24.7400000  12.9257710  12.9257710
24.7500000  12.9260795  12.9260795
24.7600000  12.9264108  12.9264108
24.7700000  12.9267647  12.9267647
24.7800000  12.9271409  12.9271409
24.7900000  12.9275394  12.9275394
24.8000000  12.9279599  12.9279599
24.8100000  12.9284022  12.9284022
24.8200000  12.9288661  12.9288661
24.8300000  12.9293514  12.9293514
24.8400000  12.9298578  12.9298578
24.8500000  12.9303852  12.9303852
24.8600000  12.9309332  12.9309332
24.8700000  12.9315017  12.9315017
24.8800000  12.9320904  12.9320904
24.8900000  12.9326989  12.9326989
24.9000000  12.9333272  12.9333272
24.9100000  12.9339749  12.9339749
24.9200000  12.9346417  12.9346417
24.9300000  12.9353274  12.9353274
24.9400000  12.9360317  12.9360317
24.9500000  12.9367543  12.9367543
24.9600000  12.9374949  12.9374949
24.9700000  12.9382532  12.9382532
24.9800000  12.9390289  12.9390289
24.9900000  12.9398217  12.9398217
25.0000000  12.9406314  12.9406314
25.0100000  12.9414574  12.9414574
25.0200000  12.9422997  12.9422997
25.0300000  12.9431578  12.9431578
25.0400000  12.9440314  12.9440314
25.0500000  12.9449202  12.9449202
25.0600000  12.9458239  12.9458239
25.0700000  12.9467420  12.9467420
25.0800000  12.9476744  12.9476744
25.0900000  12.9486205  12.9486205
25.1000000  12.9495801  12.9495801
25.1100000  12.9505529  12.9505529
25.1200000  12.9515384  12.9515384
25.1300000  12.9525363  12.9525363
25.1400000  12.9535463  12.9535463
25.1500000  12.9545680  12.9545680
25.1600000  12.9556009  12.9556009
25.1700000  12.9566449  12.9566449
25.1800000  12.9576994  12.9576994
25.1900000  12.9587641  12.9587641
25.2000000  12.9598387  12.9598387
25.2100000  12.9609227  12.9609227
25.2200000  12.9620158  12.9620158
25.2300000  12.9631175  12.9631175
25.2400000  12.9642276  12.9642276
25.2500000  12.9653457  12.9653457
25.2600000  12.9664712  12.9664712
25.2700000  12.9676040  12.9676040
25.2800000  12.9687435  12.9687435
25.2900000  12.9698894  12.9698894
25.3000000  12.9710413  12.9710413
25.3100000  12.9721988  12.9721988
25.3200000  12.9733615  12.9733615
25.3300000  12.9745290  12.9745290
25.3400000  12.9757010  12.9757010
25.3500000  12.9768770  12.9768770
25.3600000  12.9780567  12.9780567
25.3700000  12.9792396  12.9792396
25.3800000  12.9804254  12.9804254
25.3900000  12.9816137  12.9816137
25.4000000  12.9828040  12.9828040
25.4100000  12.9839961  12.9839961
25.4200000  12.9851895  12.9851895
25.4300000  12.9863838  12.9863838
25.4400000  12.9875787  12.9875787
25.4500000  12.9887737  12.9887737
25.4600000  12.9899684  12.9899684
25.4700000  12.9911626  12.9911626
25.4800000  12.9923557  12.9923557
25.4900000  12.9935475  12.9935475
25.5000000  12.9947375  12.9947375
25.5100000  12.9959254  12.9959254
25.5200000  12.9971108  12.9971108
25.5300000  12.9982933  12.9982933
25.5400000  12.9994725  12.9994725
25.5500000  13.0006481  13.0006481
25.5600000  13.0018198  13.0018198
25.5700000  13.0029870  13.0029870
25.5800000  13.0041496  13.0041496
25.5900000  13.0053071  13.0053071
25.6000000  13.0064592  13.0064592
25.6100000  13.0076055  13.0076055
25.6200000  13.0087456  13.0087456
25.6300000  13.0098793  13.0098793
25.6400000  13.0110062  13.0110062
25.6500000  13.0121259  13.0121259
25.6600000  13.0132381  13.0132381
25.6700000  13.0143425  13.0143425
25.6800000  13.0154387  13.0154387
25.6900000  13.0165264  13.0165264
25.7000000  13.0176053  13.0176053
25.7100000  13.0186751  13.0186751
25.7200000  13.0197355  13.0197355
25.7300000  13.0207861  13.0207861
25.7400000  13.0218266  13.0218266
25.7500000  13.0228568  13.0228568
25.7600000  13.0238763  13.0238763
25.7700000  13.0248849  13.0248849
25.7800000  13.0258822  13.0258822
25.7900000  13.0268680  13.0268680
25.8000000  13.0278420  13.0278420
25.8100000  13.0288039  13.0288039
25.8200000  13.0297534  13.0297534
25.8300000  13.0306904  13.0306904
25.8400000  13.0316145  13.0316145
25.8500000  13.0325254  13.0325254
25.8600000  13.0334229  13.0334229
25.8700000  13.0343069  13.0343069
25.8800000  13.0351769  13.0351769
25.8900000  13.0360328  13.0360328
25.9000000  13.0368745  13.0368745
25.9100000  13.0377015  13.0377015
25.9200000  13.0385138  13.0385138
25.9300000  13.0393111  13.0393111
25.9400000  13.0400931  13.0400931
25.9500000  13.0408598  13.0408598
25.9600000  13.0416109  13.0416109
25.9700000  13.0423462  13.0423462
25.9800000  13.0430655  13.0430655
25.9900000  13.0437687  13.0437687
26.0000000  13.0444555  13.0444555
26.0100000  13.0451258  13.0451258
26.0200000  13.0457795  13.0457795
26.0300000  13.0464163  13.0464163
26.0400000  13.0470362  13.0470362
26.0500000  13.0476390  13.0476390
26.0600000  13.0482245  13.0482245
26.0700000  13.0487926  13.0487926
26.0800000  13.0493433  13.0493433
26.0900000  13.0498763  13.0498763
26.1000000  13.0503915  13.0503915
26.1100000  13.0508889  13.0508889
26.1200000  13.0513683  13.0513683
26.1300000  13.0518297  13.0518297
26.1400000  13.0522729  13.0522729
26.1500000  13.0526979  13.0526979
26.1600000  13.0531046  13.0531046
26.1700000  13.0534930  13.0534930
26.1800000  13.0538628  13.0538628
26.1900000  13.0542142  13.0542142
26.2000000  13.0545470  13.0545470
26.2100000  13.0548613  13.0548613
26.2200000  13.0551568  13.0551568
26.2300000  13.0554337  13.0554337
26.2400000  13.0556919  13.0556919
26.2500000  13.0559313  13.0559313
26.2600000  13.0561520  13.0561520
26.2700000  13.0563540  13.0563540
26.2800000  13.0565371  13.0565371
26.2900000  13.0567015  13.0567015
26.3000000  13.0568472  13.0568472
26.3100000  13.0569741  13.0569741
26.3200000  13.0570823  13.0570823
26.3300000  13.0571718  13.0571718
26.3400000  13.0572426  13.0572426
26.3500000  13.0572948  13.0572948
26.3600000  13.0573284  13.0573284
26.3700000  13.0573435  13.0573435
26.3800000  13.0573401  13.0573401
26.3900000  13.0573182  13.0573182
26.4000000  13.0572781  13.0572781
26.4100000  13.0572196  13.0572196
26.4200000  13.0571429  13.0571429
26.4300000  13.0570481  13.0570481
26.4400000  13.0569353  13.0569353
26.4500000  13.0568045  13.0568045
26.4600000  13.0566559  13.0566559
26.4700000  13.0564896  13.0564896
26.4800000  13.0563056  13.0563056
26.4900000  13.0561041  13.0561041
26.5000000  13.0558853  13.0558853
26.5100000  13.0556491  13.0556491
26.5200000  13.0553959  13.0553959
26.5300000  13.0551256  13.0551256
26.5400000  13.0548385  13.0548385
26.5500000  13.0545347  13.0545347
26.5600000  13.0542144  13.0542144
26.5700000  13.0538776  13.0538776
26.5800000  13.0535246  13.0535246
26.5900000  13.0531555  13.0531555
26.6000000  13.0527706  13.0527706
26.6100000  13.0523699  13.0523699
26.6200000  13.0519536  13.0519536
26.6300000  13.0515220  13.0515220
26.6400000  13.0510753  13.0510753
26.6500000  13.0506135  13.0506135
26.6600000  13.0501370  13.0501370
26.6700000  13.0496458  13.0496458
26.6800000  13.0491403  13.0491403
26.6900000  13.0486206  13.0486206
26.7000000  13.0480870  13.0480870
26.7100000  13.0475396  13.0475396
26.7200000  13.0469787  13.0469787
26.7300000  13.0464045  13.0464045
26.7400000  13.0458172  13.0458172
26.7500000  13.0452171  13.0452171
26.7600000  13.0446044  13.0446044
26.7700000  13.0439793  13.0439793
26.7800000  13.0433421  13.0433421
26.7900000  13.0426930  13.0426930
26.8000000  13.0420323  13.0420323
26.8100000  13.0413601  13.0413601
26.8200000  13.0406769  13.0406769
26.8300000  13.0399827  13.0399827
26.8400000  13.0392780  13.0392780
26.8500000  13.0385628  13.0385628
26.8600000  13.0378376  13.0378376
26.8700000  13.0371026  13.0371026
26.8800000  13.0363579  13.0363579
26.8900000  13.0356040  13.0356040
26.9000000  13.0348411  13.0348411
26.9100000  13.0340694  13.0340694
26.9200000  13.0332893  13.0332893
26.9300000  13.0325009  13.0325009
26.9400000  13.0317047  13.0317047
26.9500000  13.0309008  13.0309008
26.9600000  13.0300895  13.0300895
26.9700000  13.0292712  13.0292712
26.9800000  13.0284461  13.0284461
26.9900000  13.0276146  13.0276146
27.0000000  13.0267768  13.0267768
27.0100000  13.0259331  13.0259331
27.0200000  13.0250838  13.0250838
27.0300000  13.0242291  13.0242291
27.0400000  13.0233694  13.0233694
27.0500000  13.0225050  13.0225050
27.0600000  13.0216361  13.0216361
27.0700000  13.0207630  13.0207630
27.0800000  13.0198861  13.0198861
27.0900000  13.0190056  13.0190056
27.1000000  13.0181218  13.0181218
27.1100000  13.0172351  13.0172351
27.1200000  13.0163456  13.0163456
27.1300000  13.0154538  13.0154538
27.1400000  13.0145598  13.0145598
27.1500000  13.0136641  13.0136641
27.1600000  13.0127668  13.0127668
27.1700000  13.0118683  13.0118683
27.1800000  13.0109689  13.0109689
27.1900000  13.0100689  13.0100689
27.2000000  13.0091685  13.0091685
27.2100000  13.0082680  13.0082680
27.2200000  13.0073678  13.0073678
27.2300000  13.0064681  13.0064681
27.2400000  13.0055692  13.0055692
27.2500000  13.0046715  13.0046715
27.2600000  13.0037751  13.0037751
27.2700000  13.0028804  13.0028804
27.2800000  13.0019876  13.0019876
27.2900000  13.0010971  13.0010971
27.3000000  13.0002090  13.0002090
27.3100000  12.9993238  12.9993238
27.3200000  12.9984416  12.9984416
27.3300000  12.9975628  12.9975628
27.3400000  12.9966875  12.9966875
27.3500000  12.9958162  12.9958162
27.3600000  12.9949490  12.9949490
27.3700000  12.9940862  12.9940862
27.3800000  12.9932280  12.9932280
27.3900000  12.9923749  12.9923749
27.4000000  12.9915269  12.9915269
27.4100000  12.9906843  12.9906843
27.4200000  12.9898475  12.9898475
27.4300000  12.9890166  12.9890166
27.4400000  12.9881919  12.9881919
27.4500000  12.9873737  12.9873737
27.4600000  12.9865621  12.9865621
27.4700000  12.9857575  12.9857575
27.4800000  12.9849600  12.9849600
27.4900000  12.9841700  12.9841700
27.5000000  12.9833876  12.9833876
27.5100000  12.9826130  12.9826130
27.5200000  12.9818465  12.9818465
27.5300000  12.9810883  12.9810883
27.5400000  12.9803386  12.9803386
27.5500000  12.9795977  12.9795977
27.5600000  12.9788656  12.9788656
27.5700000  12.9781428  12.9781428
27.5800000  12.9774293  12.9774293
27.5900000  12.9767253  12.9767253
27.6000000  12.9760311  12.9760311
27.6100000  12.9753468  12.9753468
27.6200000  12.9746726  12.9746726
27.6300000  12.9740088  12.9740088
27.6400000  12.9733554  12.9733554
27.6500000  12.9727127  12.9727127
27.6600000  12.9720809  12.9720809
27.6700000  12.9714600  12.9714600
27.6800000  12.9708504  12.9708504
27.6900000  12.9702520  12.9702520
27.7000000  12.9696651  12.9696651
27.7100000  12.9690899  12.9690899
27.7200000  12.9685265  12.9685265
27.7300000  12.9679750  12.9679750
27.7400000  12.9674355  12.9674355
27.7500000  12.9669083  12.9669083
27.7600000  12.9663934  12.9663934
27.7700000  12.9658909  12.9658909
27.7800000  12.9654010  12.9654010
27.7900000  12.9649239  12.9649239
27.8000000  12.9644595  12.9644595
27.8100000  12.9640080  12.9640080
27.8200000  12.9635696  12.9635696
27.8300000  12.9631443  12.9631443
27.8400000  12.9627322  12.9627322
27.8500000  12.9623334  12.9623334
27.8600000  12.9619480  12.9619480
27.8700000  12.9615761  12.9615761
27.8800000  12.9612177  12.9612177
27.8900000  12.9608730  12.9608730
27.9000000  12.9605419  12.9605419
27.9100000  12.9602246  12.9602246
27.9200000  12.9599210  12.9599210
27.9300000  12.9596314  12.9596314
27.9400000  12.9593556  12.9593556
27.9500000  12.9590938  12.9590938
27.9600000  12.9588460  12.9588460
27.9700000  12.9586122  12.9586122
27.9800000  12.9583925  12.9583925
27.9900000  12.9581868  12.9581868
28.0000000  12.9579953  12.9579953
28.0100000  12.9578179  12.9578179
28.0200000  12.9576546  12.9576546
28.0300000  12.9575054  12.9575054
28.0400000  12.9573704  12.9573704
28.0500000  12.9572495  12.9572495
28.0600000  12.9571427  12.9571427
28.0700000  12.9570501  12.9570501
28.0800000  12.9569716  12.9569716
28.0900000  12.9569071  12.9569071
28.1000000  12.9568568  12.9568568
28.1100000  12.9568204  12.9568204
28.1200000  12.9567981  12.9567981
28.1300000  12.9567897  12.9567897
28.1400000  12.9567952  12.9567952
28.1500000  12.9568146  12.9568146
28.1600000  12.9568478  12.9568478
28.1700000  12.9568948  12.9568948
28.1800000  12.9569554  12.9569554
28.1900000  12.9570298  12.9570298
28.2000000  12.9571177  12.9571177
28.2100000  12.9572191  12.9572191
28.2200000  12.9573339  12.9573339
28.2300000  12.9574620  12.9574620
28.2400000  12.9576035  12.9576035
28.2500000  12.9577581  12.9577581
28.2600000  12.9579258  12.9579258
28.2700000  12.9581065  12.9581065
28.2800000  12.9583000  12.9583000
28.2900000  12.9585064  12.9585064
28.3000000  12.9587254  12.9587254
28.3100000  12.9589570  12.9589570
28.3200000  12.9592010  12.9592010
28.3300000  12.9594574  12.9594574
28.3400000  12.9597259  12.9597259
28.3500000  12.9600066  12.9600066
28.3600000  12.9602992  12.9602992
28.3700000  12.9606036  12.9606036
28.3800000  12.9609197  12.9609197
28.3900000  12.9612474  12.9612474
28.4000000  12.9615865  12.9615865
28.4100000  12.9619368  12.9619368
28.4200000  12.9622982  12.9622982
28.4300000  12.9626706  12.9626706
28.4400000  12.9630538  12.9630538
28.4500000  12.9634477  12.9634477
28.4600000  12.9638520  12.9638520
28.4700000  12.9642666  12.9642666
28.4800000  12.9646914  12.9646914
28.4900000  12.9651262  12.9651262
28.5000000  12.9655708  12.9655708
28.5100000  12.9660250  12.9660250
28.5200000  12.9664887  12.9664887
28.5300000  12.9669617  12.9669617
28.5400000  12.9674438  12.9674438
28.5500000  12.9679348  12.9679348
28.5600000  12.9684345  12.9684345
28.5700000  12.9689427  12.9689427
28.5800000  12.9694594  12.9694594
28.5900000  12.9699841  12.9699841
28.6000000  12.9705169  12.9705169
28.6100000  12.9710573  12.9710573
28.6200000  12.9716054  12.9716054
28.6300000  12.9721608  12.9721608
28.6400000  12.9727234  12.9727234
28.6500000  12.9732930  12.9732930
28.6600000  12.9738693  12.9738693
28.6700000  12.9744521  12.9744521
28.6800000  12.9750413  12.9750413
28.6900000  12.9756366  12.9756366
28.7000000  12.9762379  12.9762379
28.7100000  12.9768448  12.9768448
28.7200000  12.9774573  12.9774573
28.7300000  12.9780750  12.9780750
28.7400000  12.9786978  12.9786978
28.7500000  12.9793254  12.9793254
28.7600000  12.9799576  12.9799576
28.7700000  12.9805943  12.9805943
28.7800000  12.9812351  12.9812351
28.7900000  12.9818800  12.9818800
28.8000000  12.9825285  12.9825285
28.8100000  12.9831806  12.9831806
28.8200000  12.9838361  12.9838361
28.8300000  12.9844946  12.9844946
28.8400000  12.9851559  12.9851559
28.8500000  12.9858200  12.9858200
28.8600000  12.9864864  12.9864864
28.8700000  12.9871551  12.9871551
28.8800000  12.9878257  12.9878257
28.8900000  12.9884981  12.9884981
28.9000000  12.9891720  12.9891720
28.9100000  12.9898472  12.9898472
28.9200000  12.9905235  12.9905235
28.9300000  12.9912007  12.9912007
28.9400000  12.9918786  12.9918786
28.9500000  12.9925569  12.9925569
28.9600000  12.9932354  12.9932354
28.9700000  12.9939138  12.9939138
28.9800000  12.9945921  12.9945921
28.9900000  12.9952699  12.9952699
29.0000000  12.9959471  12.9959471
29.0100000  12.9966234  12.9966234
29.0200000  12.9972986  12.9972986
29.0300000  12.9979725  12.9979725
29.0400000  12.9986449  12.9986449
29.0500000  12.9993155  12.9993155
29.0600000  12.9999842  12.9999842
29.0700000  13.0006508  13.0006508
29.0800000  13.0013150  13.0013150
29.0900000  13.0019767  13.0019767
29.1000000  13.0026356  13.0026356
29.1100000  13.0032916  13.0032916
29.1200000  13.0039443  13.0039443
29.1300000  13.0045937  13.0045937
29.1400000  13.0052396  13.0052396
29.1500000  13.0058817  13.0058817
29.1600000  13.0065198  13.0065198
29.1700000  13.0071538  13.0071538
29.1800000  13.0077834  13.0077834
29.1900000  13.0084085  13.0084085
29.2000000  13.0090289  13.0090289
29.2100000  13.0096444  13.0096444
29.2200000  13.0102549  13.0102549
29.2300000  13.0108600  13.0108600
29.2400000  13.0114598  13.0114598
29.2500000  13.0120539  13.0120539
29.2600000  13.0126422  13.0126422
29.2700000  13.0132246  13.0132246
29.2800000  13.0138009  13.0138009
29.2900000  13.0143708  13.0143708
29.3000000  13.0149344  13.0149344
29.3100000  13.0154913  13.0154913
29.3200000  13.0160414  13.0160414
29.3300000  13.0165846  13.0165846
29.3400000  13.0171207  13.0171207
29.3500000  13.0176496  13.0176496
29.3600000  13.0181712  13.0181712
29.3700000  13.0186852  13.0186852
29.3800000  13.0191915  13.0191915
29.3900000  13.0196901  13.0196901
29.4000000  13.0201807  13.0201807
29.4100000  13.0206633  13.0206633
29.4200000  13.0211377  13.0211377
29.4300000  13.0216037  13.0216037
29.4400000  13.0220613  13.0220613
29.4500000  13.0225104  13.0225104
29.4600000  13.0229507  13.0229507
29.4700000  13.0233823  13.0233823
29.4800000  13.0238050  13.0238050
29.4900000  13.0242186  13.0242186
29.5000000  13.0246231  13.0246231
29.5100000  13.0250185  13.0250185
29.5200000  13.0254045  13.0254045
29.5300000  13.0257811  13.0257811
29.5400000  13.0261482  13.0261482
29.5500000  13.0265057  13.0265057
29.5600000  13.0268536  13.0268536
29.5700000  13.0271917  13.0271917
29.5800000  13.0275199  13.0275199
29.5900000  13.0278383  13.0278383
29.6000000  13.0281467  13.0281467
29.6100000  13.0284451  13.0284451
29.6200000  13.0287333  13.0287333
29.6300000  13.0290114  13.0290114
29.6400000  13.0292793  13.0292793
29.6500000  13.0295369  13.0295369
29.6600000  13.0297842  13.0297842
29.6700000  13.0300211  13.0300211
29.6800000  13.0302476  13.0302476
29.6900000  13.0304636  13.0304636
29.7000000  13.0306692  13.0306692
29.7100000  13.0308642  13.0308642
29.7200000  13.0310487  13.0310487
29.7300000  13.0312226  13.0312226
29.7400000  13.0313859  13.0313859
29.7500000  13.0315386  13.0315386
29.7600000  13.0316807  13.0316807
29.7700000  13.0318121  13.0318121
29.7800000  13.0319329  13.0319329
29.7900000  13.0320431  13.0320431
29.8000000  13.0321425  13.0321425
29.8100000  13.0322314  13.0322314
29.8200000  13.0323096  13.0323096
29.8300000  13.0323771  13.0323771
29.8400000  13.0324340  13.0324340
29.8500000  13.0324803  13.0324803
29.8600000  13.0325160  13.0325160
29.8700000  13.0325412  13.0325412
29.8800000  13.0325558  13.0325558
29.8900000  13.0325599  13.0325599
29.9000000  13.0325535  13.0325535
29.9100000  13.0325367  13.0325367
29.9200000  13.0325095  13.0325095
29.9300000  13.0324719  13.0324719
29.9400000  13.0324240  13.0324240
29.9500000  13.0323658  13.0323658
29.9600000  13.0322974  13.0322974
29.9700000  13.0322188  13.0322188
29.9800000  13.0321302  13.0321302
29.9900000  13.0320314  13.0320314
30.0000000  13.0319228  13.0319228
30.0100000  13.0318042  13.0318042
30.0200000  13.0316757  13.0316757
30.0300000  13.0315375  13.0315375
30.0400000  13.0313896  13.0313896
30.0500000  13.0312321  13.0312321
30.0600000  13.0310650  13.0310650
30.0700000  13.0308885  13.0308885
30.0800000  13.0307027  13.0307027
30.0900000  13.0305075  13.0305075
30.1000000  13.0303032  13.0303032
30.1100000  13.0300898  13.0300898
30.1200000  13.0298674  13.0298674
30.1300000  13.0296361  13.0296361
30.1400000  13.0293961  13.0293961
30.1500000  13.0291473  13.0291473
30.1600000  13.0288900  13.0288900
30.1700000  13.0286243  13.0286243
30.1800000  13.0283502  13.0283502
30.1900000  13.0280678  13.0280678
30.2000000  13.0277774  13.0277774
30.2100000  13.0274789  13.0274789
30.2200000  13.0271726  13.0271726
30.2300000  13.0268585  13.0268585
30.2400000  13.0265368  13.0265368
30.2500000  13.0262076  13.0262076
30.2600000  13.0258710  13.0258710
30.2700000  13.0255272  13.0255272
30.2800000  13.0251763  13.0251763
30.2900000  13.0248185  13.0248185
30.3000000  13.0244538  13.0244538
30.3100000  13.0240824  13.0240824
30.3200000  13.0237045  13.0237045
30.3300000  13.0233201  13.0233201
30.3400000  13.0229295  13.0229295
30.3500000  13.0225328  13.0225328
30.3600000  13.0221301  13.0221301
30.3700000  13.0217216  13.0217216
30.3800000  13.0213075  13.0213075
30.3900000  13.0208878  13.0208878
30.4000000  13.0204627  13.0204627
30.4100000  13.0200325  13.0200325
30.4200000  13.0195972  13.0195972
30.4300000  13.0191569  13.0191569
30.4400000  13.0187120  13.0187120
30.4500000  13.0182624  13.0182624
30.4600000  13.0178084  13.0178084
30.4700000  13.0173502  13.0173502
30.4800000  13.0168879  13.0168879
30.4900000  13.0164216  13.0164216
30.5000000  13.0159515  13.0159515
30.5100000  13.0154778  13.0154778
30.5200000  13.0150007  13.0150007
30.5300000  13.0145203  13.0145203
30.5400000  13.0140367  13.0140367
30.5500000  13.0135502  13.0135502
30.5600000  13.0130609  13.0130609
30.5700000  13.0125690  13.0125690
30.5800000  13.0120746  13.0120746
30.5900000  13.0115780  13.0115780
30.6000000  13.0110792  13.0110792
30.6100000  13.0105784  13.0105784
30.6200000  13.0100759  13.0100759
30.6300000  13.0095717  13.0095717
30.6400000  13.0090661  13.0090661
30.6500000  13.0085591  13.0085591
30.6600000  13.0080511  13.0080511
30.6700000  13.0075421  13.0075421
30.6800000  13.0070323  13.0070323
30.6900000  13.0065219  13.0065219
30.7000000  13.0060111  13.0060111
30.7100000  13.0054999  13.0054999
30.7200000  13.0049886  13.0049886
30.7300000  13.0044774  13.0044774
30.7400000  13.0039664  13.0039664
30.7500000  13.0034557  13.0034557
30.7600000  13.0029456  13.0029456
30.7700000  13.0024361  13.0024361
30.7800000  13.0019276  13.0019276
30.7900000  13.0014200  13.0014200
30.8000000  13.0009136  13.0009136
30.8100000  13.0004085  13.0004085
30.8200000  12.9999050  12.9999050
30.8300000  12.9994031  12.9994031
30.8400000  12.9989029  12.9989029
30.8500000  12.9984048  12.9984048
30.8600000  12.9979088  12.9979088
30.8700000  12.9974150  12.9974150
30.8800000  12.9969236  12.9969236
30.8900000  12.9964348  12.9964348
30.9000000  12.9959488  12.9959488
30.9100000  12.9954656  12.9954656
30.9200000  12.9949854  12.9949854
30.9300000  12.9945083  12.9945083
30.9400000  12.9940346  12.9940346
30.9500000  12.9935643  12.9935643
30.9600000  12.9930976  12.9930976
30.9700000  12.9926346  12.9926346
30.9800000  12.9921755  12.9921755
30.9900000  12.9917203  12.9917203
31.0000000  12.9912693  12.9912693
31.0100000  12.9908225  12.9908225
31.0200000  12.9903801  12.9903801
31.0300000  12.9899423  12.9899423
31.0400000  12.9895090  12.9895090
31.0500000  12.9890806  12.9890806
31.0600000  12.9886570  12.9886570
31.0700000  12.9882384  12.9882384
31.0800000  12.9878250  12.9878250
31.0900000  12.9874168  12.9874168
31.1000000  12.9870139  12.9870139
31.1100000  12.9866166  12.9866166
31.1200000  12.9862248  12.9862248
31.1300000  12.9858387  12.9858387
31.1400000  12.9854584  12.9854584
31.1500000  12.9850840  12.9850840
31.1600000  12.9847155  12.9847155
31.1700000  12.9843532  12.9843532
31.1800000  12.9839971  12.9839971
31.1900000  12.9836473  12.9836473
31.2000000  12.9833038  12.9833038
31.2100000  12.9829668  12.9829668
31.2200000  12.9826364  12.9826364
31.2300000  12.9823126  12.9823126
31.2400000  12.9819956  12.9819956
31.2500000  12.9816853  12.9816853
31.2600000  12.9813820  12.9813820
31.2700000  12.9810856  12.9810856
31.2800000  12.9807962  12.9807962
31.2900000  12.9805139  12.9805139
31.3000000  12.9802388  12.9802388
31.3100000  12.9799710  12.9799710
31.3200000  12.9797104  12.9797104
31.3300000  12.9794572  12.9794572
31.3400000  12.9792114  12.9792114
31.3500000  12.9789731  12.9789731
31.3600000  12.9787423  12.9787423
31.3700000  12.9785191  12.9785191
31.3800000  12.9783035  12.9783035
31.3900000  12.9780956  12.9780956
31.4000000  12.9778954  12.9778954
31.4100000  12.9777030  12.9777030
31.4200000  12.9775183  12.9775183
31.4300000  12.9773414  12.9773414
31.4400000  12.9771724  12.9771724
31.4500000  12.9770113  12.9770113
31.4600000  12.9768581  12.9768581
31.4700000  12.9767128  12.9767128
31.4800000  12.9765755  12.9765755
31.4900000  12.9764461  12.9764461
31.5000000  12.9763248  12.9763248
31.5100000  12.9762114  12.9762114
31.5200000  12.9761061  12.9761061
31.5300000  12.9760087  12.9760087
31.5400000  12.9759194  12.9759194
31.5500000  12.9758381  12.9758381
31.5600000  12.9757649  12.9757649
31.5700000  12.9756996  12.9756996
31.5800000  12.9756424  12.9756424
31.5900000  12.9755932  12.9755932
31.6000000  12.9755521  12.9755521
31.6100000  12.9755189  12.9755189
31.6200000  12.9754936  12.9754936
31.6300000  12.9754764  12.9754764
31.6400000  12.9754670  12.9754670
31.6500000  12.9754656  12.9754656
31.6600000  12.9754721  12.9754721
31.6700000  12.9754865  12.9754865
31.6800000  12.9755086  12.9755086
31.6900000  12.9755386  12.9755386
31.7000000  12.9755764  12.9755764
31.7100000  12.9756219  12.9756219
31.7200000  12.9756750  12.9756750
31.7300000  12.9757358  12.9757358
31.7400000  12.9758043  12.9758043
31.7500000  12.9758802  12.9758802
31.7600000  12.9759637  12.9759637
31.7700000  12.9760547  12.9760547
31.7800000  12.9761530  12.9761530
31.7900000  12.9762587  12.9762587
31.8000000  12.9763717  12.9763717
31.8100000  12.9764920  12.9764920
31.8200000  12.9766194  12.9766194
31.8300000  12.9767539  12.9767539
31.8400000  12.9768954  12.9768954
31.8500000  12.9770439  12.9770439
31.8600000  12.9771993  12.9771993
31.8700000  12.9773616  12.9773616
31.8800000  12.9775306  12.9775306
31.8900000  12.9777063  12.9777063
31.9000000  12.9778885  12.9778885
31.9100000  12.9780773  12.9780773
31.9200000  12.9782726  12.9782726
31.9300000  12.9784742  12.9784742
31.9400000  12.9786821  12.9786821
31.9500000  12.9788961  12.9788961
31.9600000  12.9791163  12.9791163
31.9700000  12.9793424  12.9793424
31.9800000  12.9795745  12.9795745
31.9900000  12.9798124  12.9798124
32.0000000  12.9800560  12.9800560
32.0100000  12.9803053  12.9803053
32.0200000  12.9805601  12.9805601
32.0300000  12.9808203  12.9808203
32.0400000  12.9810858  12.9810858
32.0500000  12.9813566  12.9813566
32.0600000  12.9816324  12.9816324
32.0700000  12.9819133  12.9819133
32.0800000  12.9821992  12.9821992
32.0900000  12.9824898  12.9824898
32.1000000  12.9827851  12.9827851
32.1100000  12.9830850  12.9830850
32.1200000  12.9833893  12.9833893
32.1300000  12.9836981  12.9836981
32.1400000  12.9840111  12.9840111
32.1500000  12.9843282  12.9843282
32.1600000  12.9846493  12.9846493
32.1700000  12.9849743  12.9849743
32.1800000  12.9853031  12.9853031
32.1900000  12.9856356  12.9856356
32.2000000  12.9859717  12.9859717
32.2100000  12.9863111  12.9863111
32.2200000  12.9866539  12.9866539
32.2300000  12.9869999  12.9869999
32.2400000  12.9873489  12.9873489
32.2500000  12.9877009  12.9877009
32.2600000  12.9880557  12.9880557
32.2700000  12.9884131  12.9884131
32.2800000  12.9887732  12.9887732
32.2900000  12.9891357  12.9891357
32.3000000  12.9895006  12.9895006
32.3100000  12.9898676  12.9898676
32.3200000  12.9902368  12.9902368
32.3300000  12.9906078  12.9906078
32.3400000  12.9909807  12.9909807
32.3500000  12.9913553  12.9913553
32.3600000  12.9917315  12.9917315
32.3700000  12.9921092  12.9921092
32.3800000  12.9924881  12.9924881
32.3900000  12.9928683  12.9928683
32.4000000  12.9932495  12.9932495
32.4100000  12.9936316  12.9936316
32.4200000  12.9940146  12.9940146
32.4300000  12.9943983  12.9943983
32.4400000  12.9947825  12.9947825
32.4500000  12.9951672  12.9951672
32.4600000  12.9955522  12.9955522
32.4700000  12.9959374  12.9959374
32.4800000  12.9963227  12.9963227
32.4900000  12.9967079  12.9967079
32.5000000  12.9970929  12.9970929
32.5100000  12.9974776  12.9974776
32.5200000  12.9978619  12.9978619
32.5300000  12.9982457  12.9982457
32.5400000  12.9986287  12.9986287
32.5500000  12.9990110  12.9990110
32.5600000  12.9993924  12.9993924
32.5700000  12.9997727  12.9997727
32.5800000  13.0001519  13.0001519
32.5900000  13.0005299  13.0005299
32.6000000  13.0009064  13.0009064
32.6100000  13.0012815  13.0012815
32.6200000  13.0016549  13.0016549
32.6300000  13.0020266  13.0020266
32.6400000  13.0023964  13.0023964
32.6500000  13.0027643  13.0027643
32.6600000  13.0031301  13.0031301
32.6700000  13.0034937  13.0034937
32.6800000  13.0038551  13.0038551
32.6900000  13.0042140  13.0042140
32.7000000  13.0045704  13.0045704
32.7100000  13.0049243  13.0049243
32.7200000  13.0052754  13.0052754
32.7300000  13.0056236  13.0056236
32.7400000  13.0059690  13.0059690
32.7500000  13.0063113  13.0063113
32.7600000  13.0066505  13.0066505
32.7700000  13.0069864  13.0069864
32.7800000  13.0073191  13.0073191
32.7900000  13.0076483  13.0076483
32.8000000  13.0079740  13.0079740
32.8100000  13.0082960  13.0082960
32.8200000  13.0086144  13.0086144
32.8300000  13.0089290  13.0089290
32.8400000  13.0092397  13.0092397
32.8500000  13.0095465  13.0095465
32.8600000  13.0098491  13.0098491
32.8700000  13.0101477  13.0101477
32.8800000  13.0104420  13.0104420
32.8900000  13.0107320  13.0107320
32.9000000  13.0110177  13.0110177
32.9100000  13.0112988  13.0112988
32.9200000  13.0115755  13.0115755
32.9300000  13.0118475  13.0118475
32.9400000  13.0121149  13.0121149
32.9500000  13.0123774  13.0123774
32.9600000  13.0126352  13.0126352
32.9700000  13.0128881  13.0128881
32.9800000  13.0131360  13.0131360
32.9900000  13.0133789  13.0133789
33.0000000  13.0136167  13.0136167
33.0100000  13.0138494  13.0138494
33.0200000  13.0140769  13.0140769
33.0300000  13.0142991  13.0142991
33.0400000  13.0145160  13.0145160
33.0500000  13.0147276  13.0147276
33.0600000  13.0149337  13.0149337
33.0700000  13.0151344  13.0151344
33.0800000  13.0153296  13.0153296
33.0900000  13.0155192  13.0155192
33.1000000  13.0157032  13.0157032
33.1100000  13.0158816  13.0158816
33.1200000  13.0160542  13.0160542
33.1300000  13.0162212  13.0162212
33.1400000  13.0163824  13.0163824
33.1500000  13.0165379  13.0165379
33.1600000  13.0166875  13.0166875
33.1700000  13.0168313  13.0168313
33.1800000  13.0169692  13.0169692
33.1900000  13.0171012  13.0171012
33.2000000  13.0172273  13.0172273
33.2100000  13.0173474  13.0173474
33.2200000  13.0174616  13.0174616
33.2300000  13.0175698  13.0175698
33.2400000  13.0176720  13.0176720
33.2500000  13.0177682  13.0177682
33.2600000  13.0178584  13.0178584
33.2700000  13.0179425  13.0179425
33.2800000  13.0180206  13.0180206
33.2900000  13.0180927  13.0180927
33.3000000  13.0181587  13.0181587
33.3100000  13.0182187  13.0182187
33.3200000  13.0182726  13.0182726
33.3300000  13.0183205  13.0183205
33.3400000  13.0183623  13.0183623
33.3500000  13.0183981  13.0183981
33.3600000  13.0184278  13.0184278
33.3700000  13.0184516  13.0184516
33.3800000  13.0184693  13.0184693
33.3900000  13.0184810  13.0184810
33.4000000  13.0184868  13.0184868
33.4100000  13.0184866  13.0184866
33.4200000  13.0184804  13.0184804
33.4300000  13.0184684  13.0184684
33.4400000  13.0184504  13.0184504
33.4500000  13.0184266  13.0184266
33.4600000  13.0183969  13.0183969
33.4700000  13.0183614  13.0183614
33.4800000  13.0183201  13.0183201
33.4900000  13.0182730  13.0182730
33.5000000  13.0182203  13.0182203
33.5100000  13.0181618  13.0181618
33.5200000  13.0180977  13.0180977
33.5300000  13.0180280  13.0180280
33.5400000  13.0179527  13.0179527
33.5500000  13.0178719  13.0178719
33.5600000  13.0177856  13.0177856
33.5700000  13.0176938  13.0176938
33.5800000  13.0175967  13.0175967
33.5900000  13.0174942  13.0174942
33.6000000  13.0173864  13.0173864
33.6100000  13.0172734  13.0172734
33.6200000  13.0171552  13.0171552
33.6300000  13.0170319  13.0170319
33.6400000  13.0169034  13.0169034
33.6500000  13.0167700  13.0167700
33.6600000  13.0166316  13.0166316
33.6700000  13.0164883  13.0164883
33.6800000  13.0163402  13.0163402
33.6900000  13.0161872  13.0161872
33.7000000  13.0160296  13.0160296
33.7100000  13.0158673  13.0158673
33.7200000  13.0157005  13.0157005
33.7300000  13.0155291  13.0155291
33.7400000  13.0153533  13.0153533
33.7500000  13.0151731  13.0151731
33.7600000  13.0149886  13.0149886
33.7700000  13.0147999  13.0147999
33.7800000  13.0146071  13.0146071
33.7900000  13.0144101  13.0144101
33.8000000  13.0142092  13.0142092
33.8100000  13.0140044  13.0140044
33.8200000  13.0137957  13.0137957
33.8300000  13.0135832  13.0135832
33.8400000  13.0133671  13.0133671
33.8500000  13.0131473  13.0131473
33.8600000  13.0129240  13.0129240
33.8700000  13.0126973  13.0126973
33.8800000  13.0124673  13.0124673
33.8900000  13.0122340  13.0122340
33.9000000  13.0119975  13.0119975
33.9100000  13.0117579  13.0117579
33.9200000  13.0115153  13.0115153
33.9300000  13.0112697  13.0112697
33.9400000  13.0110214  13.0110214
33.9500000  13.0107702  13.0107702
33.9600000  13.0105165  13.0105165
33.9700000  13.0102602  13.0102602
33.9800000  13.0100013  13.0100013
33.9900000  13.0097402  13.0097402
34.0000000  13.0094767  13.0094767
34.0100000  13.0092110  13.0092110
34.0200000  13.0089432  13.0089432
34.0300000  13.0086734  13.0086734
34.0400000  13.0084017  13.0084017
34.0500000  13.0081281  13.0081281
34.0600000  13.0078529  13.0078529
34.0700000  13.0075759  13.0075759
34.0800000  13.0072975  13.0072975
34.0900000  13.0070176  13.0070176
34.1000000  13.0067363  13.0067363
34.1100000  13.0064538  13.0064538
34.1200000  13.0061701  13.0061701
34.1300000  13.0058853  13.0058853
34.1400000  13.0055995  13.0055995
34.1500000  13.0053129  13.0053129
34.1600000  13.0050255  13.0050255
34.1700000  13.0047374  13.0047374
34.1800000  13.0044487  13.0044487
34.1900000  13.0041595  13.0041595
34.2000000  13.0038699  13.0038699
34.2100000  13.0035799  13.0035799
34.2200000  13.0032898  13.0032898
34.2300000  13.0029995  13.0029995
34.2400000  13.0027092  13.0027092
34.2500000  13.0024190  13.0024190
34.2600000  13.0021289  13.0021289
34.2700000  13.0018391  13.0018391
34.2800000  13.0015496  13.0015496
34.2900000  13.0012605  13.0012605
34.3000000  13.0009720  13.0009720
34.3100000  13.0006840  13.0006840
34.3200000  13.0003968  13.0003968
34.3300000  13.0001104  13.0001104
34.3400000  12.9998249  12.9998249
34.3500000  12.9995403  12.9995403
34.3600000  12.9992568  12.9992568
34.3700000  12.9989744  12.9989744
34.3800000  12.9986933  12.9986933
34.3900000  12.9984135  12.9984135
34.4000000  12.9981352  12.9981352
34.4100000  12.9978583  12.9978583
34.4200000  12.9975830  12.9975830
34.4300000  12.9973093  12.9973093
34.4400000  12.9970374  12.9970374
34.4500000  12.9967674  12.9967674
34.4600000  12.9964992  12.9964992
34.4700000  12.9962330  12.9962330
34.4800000  12.9959689  12.9959689
34.4900000  12.9957069  12.9957069
34.5000000  12.9954472  12.9954472
34.5100000  12.9951897  12.9951897
34.5200000  12.9949347  12.9949347
34.5300000  12.9946820  12.9946820
34.5400000  12.9944319  12.9944319
34.5500000  12.9941844  12.9941844
34.5600000  12.9939396  12.9939396
34.5700000  12.9936975  12.9936975
34.5800000  12.9934582  12.9934582
34.5900000  12.9932217  12.9932217
34.6000000  12.9929882  12.9929882
34.6100000  12.9927577  12.9927577
34.6200000  12.9925303  12.9925303
34.6300000  12.9923060  12.9923060
34.6400000  12.9920849  12.9920849
34.6500000  12.9918671  12.9918671
34.6600000  12.9916526  12.9916526
34.6700000  12.9914414  12.9914414
34.6800000  12.9912337  12.9912337
34.6900000  12.9910295  12.9910295
34.7000000  12.9908288  12.9908288
34.7100000  12.9906317  12.9906317
34.7200000  12.9904382  12.9904382
34.7300000  12.9902484  12.9902484
34.7400000  12.9900624  12.9900624
34.7500000  12.9898802  12.9898802
34.7600000  12.9897018  12.9897018
34.7700000  12.9895273  12.9895273
34.7800000  12.9893567  12.9893567
34.7900000  12.9891901  12.9891901
34.8000000  12.9890275  12.9890275
34.8100000  12.9888690  12.9888690
34.8200000  12.9887145  12.9887145
34.8300000  12.9885642  12.9885642
34.8400000  12.9884180  12.9884180
34.8500000  12.9882761  12.9882761
34.8600000  12.9881383  12.9881383
34.8700000  12.9880048  12.9880048
34.8800000  12.9878756  12.9878756
34.8900000  12.9877507  12.9877507
34.9000000  12.9876301  12.9876301
34.9100000  12.9875139  12.9875139
34.9200000  12.9874021  12.9874021
34.9300000  12.9872947  12.9872947
34.9400000  12.9871917  12.9871917
34.9500000  12.9870932  12.9870932
34.9600000  12.9869992  12.9869992
34.9700000  12.9869096  12.9869096
34.9800000  12.9868245  12.9868245
34.9900000  12.9867439  12.9867439
35.0000000  12.9866679  12.9866679
35.0100000  12.9865963  12.9865963
35.0200000  12.9865294  12.9865294
35.0300000  12.9864669  12.9864669
35.0400000  12.9864090  12.9864090
35.0500000  12.9863557  12.9863557
35.0600000  12.9863069  12.9863069
35.0700000  12.9862627  12.9862627
35.0800000  12.9862231  12.9862231
35.0900000  12.9861880  12.9861880
35.1000000  12.9861574  12.9861574
35.1100000  12.9861314  12.9861314
35.1200000  12.9861099  12.9861099
35.1300000  12.9860930  12.9860930
35.1400000  12.9860806  12.9860806
35.1500000  12.9860727  12.9860727
35.1600000  12.9860693  12.9860693
35.1700000  12.9860705  12.9860705
35.1800000  12.9860760  12.9860760
35.1900000  12.9860861  12.9860861
35.2000000  12.9861005  12.9861005
35.2100000  12.9861194  12.9861194
35.2200000  12.9861427  12.9861427
35.2300000  12.9861704  12.9861704
35.2400000  12.9862025  12.9862025
35.2500000  12.9862388  12.9862388
35.2600000  12.9862795  12.9862795
35.2700000  12.9863245  12.9863245
35.2800000  12.9863737  12.9863737
35.2900000  12.9864271  12.9864271
35.3000000  12.9864847  12.9864847
35.3100000  12.9865465  12.9865465
35.3200000  12.9866124  12.9866124
35.3300000  12.9866824  12.9866824
35.3400000  12.9867565  12.9867565
35.3500000  12.9868345  12.9868345
35.3600000  12.9869166  12.9869166
35.3700000  12.9870026  12.9870026
35.3800000  12.9870925  12.9870925
35.3900000  12.9871862  12.9871862
35.4000000  12.9872838  12.9872838
35.4100000  12.9873852  12.9873852
35.4200000  12.9874902  12.9874902
35.4300000  12.9875990  12.9875990
35.4400000  12.9877114  12.9877114
35.4500000  12.9878274  12.9878274
35.4600000  12.9879469  12.9879469
35.4700000  12.9880699  12.9880699
35.4800000  12.9881964  12.9881964
35.4900000  12.9883262  12.9883262
35.5000000  12.9884594  12.9884594
35.5100000  12.9885959  12.9885959
35.5200000  12.9887356  12.9887356
35.5300000  12.9888784  12.9888784
35.5400000  12.9890244  12.9890244
35.5500000  12.9891734  12.9891734
35.5600000  12.9893255  12.9893255
35.5700000  12.9894805  12.9894805
35.5800000  12.9896383  12.9896383
35.5900000  12.9897990  12.9897990
35.6000000  12.9899625  12.9899625
35.6100000  12.9901286  12.9901286
35.6200000  12.9902974  12.9902974
35.6300000  12.9904688  12.9904688
35.6400000  12.9906427  12.9906427
35.6500000  12.9908190  12.9908190
35.6600000  12.9909977  12.9909977
35.6700000  12.9911787  12.9911787
35.6800000  12.9913620  12.9913620
35.6900000  12.9915475  12.9915475
35.7000000  12.9917351  12.9917351
35.7100000  12.9919247  12.9919247
35.7200000  12.9921164  12.9921164
35.7300000  12.9923099  12.9923099
35.7400000  12.9925053  12.9925053
35.7500000  12.9927025  12.9927025
35.7600000  12.9929014  12.9929014
35.7700000  12.9931019  12.9931019
35.7800000  12.9933040  12.9933040
35.7900000  12.9935077  12.9935077
35.8000000  12.9937127  12.9937127
35.8100000  12.9939191  12.9939191
35.8200000  12.9941268  12.9941268
35.8300000  12.9943357  12.9943357
35.8400000  12.9945458  12.9945458
35.8500000  12.9947569  12.9947569
35.8600000  12.9949691  12.9949691
35.8700000  12.9951822  12.9951822
35.8800000  12.9953961  12.9953961
35.8900000  12.9956109  12.9956109
35.9000000  12.9958263  12.9958263
35.9100000  12.9960425  12.9960425
35.9200000  12.9962591  12.9962591
35.9300000  12.9964763  12.9964763
35.9400000  12.9966940  12.9966940
35.9500000  12.9969120  12.9969120
35.9600000  12.9971303  12.9971303
35.9700000  12.9973488  12.9973488
35.9800000  12.9975674  12.9975674
35.9900000  12.9977862  12.9977862
36.0000000  12.9980049  12.9980049
36.0100000  12.9982236  12.9982236
36.0200000  12.9984421  12.9984421
36.0300000  12.9986605  12.9986605
36.0400000  12.9988786  12.9988786
36.0500000  12.9990963  12.9990963
36.0600000  12.9993136  12.9993136
36.0700000  12.9995305  12.9995305
36.0800000  12.9997468  12.9997468
36.0900000  12.9999625  12.9999625
36.1000000  13.0001775  13.0001775
36.1100000  13.0003917  13.0003917
36.1200000  13.0006052  13.0006052
36.1300000  13.0008178  13.0008178
36.1400000  13.0010294  13.0010294
36.1500000  13.0012400  13.0012400
36.1600000  13.0014495  13.0014495
36.1700000  13.0016579  13.0016579
36.1800000  13.0018651  13.0018651
36.1900000  13.0020710  13.0020710
36.2000000  13.0022756  13.0022756
36.2100000  13.0024788  13.0024788
36.2200000  13.0026806  13.0026806
36.2300000  13.0028808  13.0028808
36.2400000  13.0030795  13.0030795
36.2500000  13.0032765  13.0032765
36.2600000  13.0034719  13.0034719
36.2700000  13.0036655  13.0036655
36.2800000  13.0038573  13.0038573
36.2900000  13.0040473  13.0040473
36.3000000  13.0042354  13.0042354
36.3100000  13.0044214  13.0044214
36.3200000  13.0046055  13.0046055
36.3300000  13.0047875  13.0047875
36.3400000  13.0049674  13.0049674
36.3500000  13.0051450  13.0051450
36.3600000  13.0053205  13.0053205
36.3700000  13.0054937  13.0054937
36.3800000  13.0056646  13.0056646
36.3900000  13.0058331  13.0058331
36.4000000  13.0059992  13.0059992
36.4100000  13.0061628  13.0061628
36.4200000  13.0063239  13.0063239
36.4300000  13.0064825  13.0064825
36.4400000  13.0066384  13.0066384
36.4500000  13.0067918  13.0067918
36.4600000  13.0069424  13.0069424
36.4700000  13.0070904  13.0070904
36.4800000  13.0072355  13.0072355
36.4900000  13.0073779  13.0073779
36.5000000  13.0075175  13.0075175
36.5100000  13.0076542  13.0076542
36.5200000  13.0077880  13.0077880
36.5300000  13.0079189  13.0079189
36.5400000  13.0080468  13.0080468
36.5500000  13.0081717  13.0081717
36.5600000  13.0082935  13.0082935
36.5700000  13.0084124  13.0084124
36.5800000  13.0085281  13.0085281
36.5900000  13.0086407  13.0086407
36.6000000  13.0087502  13.0087502
36.6100000  13.0088565  13.0088565
36.6200000  13.0089596  13.0089596
36.6300000  13.0090595  13.0090595
36.6400000  13.0091562  13.0091562
36.6500000  13.0092496  13.0092496
36.6600000  13.0093398  13.0093398
36.6700000  13.0094266  13.0094266
36.6800000  13.0095102  13.0095102
36.6900000  13.0095904  13.0095904
36.7000000  13.0096673  13.0096673
36.7100000  13.0097408  13.0097408
36.7200000  13.0098110  13.0098110
36.7300000  13.0098777  13.0098777
36.7400000  13.0099411  13.0099411
36.7500000  13.0100011  13.0100011
36.7600000  13.0100577  13.0100577
36.7700000  13.0101109  13.0101109
36.7800000  13.0101606  13.0101606
36.7900000  13.0102069  13.0102069
36.8000000  13.0102498  13.0102498
36.8100000  13.0102893  13.0102893
36.8200000  13.0103253  13.0103253
36.8300000  13.0103579  13.0103579
36.8400000  13.0103871  13.0103871
36.8500000  13.0104128  13.0104128
36.8600000  13.0104351  13.0104351
36.8700000  13.0104539  13.0104539
36.8800000  13.0104694  13.0104694
36.8900000  13.0104814  13.0104814
36.9000000  13.0104900  13.0104900
36.9100000  13.0104953  13.0104953
36.9200000  13.0104971  13.0104971
36.9300000  13.0104955  13.0104955
36.9400000  13.0104906  13.0104906
36.9500000  13.0104823  13.0104823
36.9600000  13.0104707  13.0104707
36.9700000  13.0104558  13.0104558
36.9800000  13.0104375  13.0104375
36.9900000  13.0104160  13.0104160
37.0000000  13.0103911  13.0103911
37.0100000  13.0103630  13.0103630
37.0200000  13.0103317  13.0103317
37.0300000  13.0102971  13.0102971
37.0400000  13.0102594  13.0102594
37.0500000  13.0102184  13.0102184
37.0600000  13.0101744  13.0101744
37.0700000  13.0101271  13.0101271
37.0800000  13.0100768  13.0100768
37.0900000  13.0100234  13.0100234
37.1000000  13.0099670  13.0099670
37.1100000  13.0099075  13.0099075
37.1200000  13.0098451  13.0098451
37.1300000  13.0097796  13.0097796
37.1400000  13.0097113  13.0097113
37.1500000  13.0096400  13.0096400
37.1600000  13.0095659  13.0095659
37.1700000  13.0094889  13.0094889
37.1800000  13.0094091  13.0094091
37.1900000  13.0093266  13.0093266
37.2000000  13.0092413  13.0092413
37.2100000  13.0091534  13.0091534
37.2200000  13.0090627  13.0090627
37.2300000  13.0089695  13.0089695
37.2400000  13.0088736  13.0088736
37.2500000  13.0087753  13.0087753
37.2600000  13.0086744  13.0086744
37.2700000  13.0085710  13.0085710
37.2800000  13.0084653  13.0084653
37.2900000  13.0083571  13.0083571
37.3000000  13.0082466  13.0082466
37.3100000  13.0081338  13.0081338
37.3200000  13.0080188  13.0080188
37.3300000  13.0079015  13.0079015
37.3400000  13.0077821  13.0077821
37.3500000  13.0076606  13.0076606
37.3600000  13.0075370  13.0075370
37.3700000  13.0074114  13.0074114
37.3800000  13.0072838  13.0072838
37.3900000  13.0071542  13.0071542
37.4000000  13.0070228  13.0070228
37.4100000  13.0068896  13.0068896
37.4200000  13.0067545  13.0067545
37.4300000  13.0066178  13.0066178
37.4400000  13.0064793  13.0064793
37.4500000  13.0063392  13.0063392
37.4600000  13.0061975  13.0061975
37.4700000  13.0060543  13.0060543
37.4800000  13.0059096  13.0059096
37.4900000  13.0057634  13.0057634
37.5000000  13.0056159  13.0056159
37.5100000  13.0054670  13.0054670
37.5200000  13.0053169  13.0053169
37.5300000  13.0051655  13.0051655
37.5400000  13.0050130  13.0050130
37.5500000  13.0048593  13.0048593
37.5600000  13.0047046  13.0047046
37.5700000  13.0045488  13.0045488
37.5800000  13.0043921  13.0043921
37.5900000  13.0042345  13.0042345
37.6000000  13.0040761  13.0040761
37.6100000  13.0039168  13.0039168
37.6200000  13.0037568  13.0037568
37.6300000  13.0035961  13.0035961
37.6400000  13.0034347  13.0034347
37.6500000  13.0032728  13.0032728
37.6600000  13.0031103  13.0031103
37.6700000  13.0029474  13.0029474
37.6800000  13.0027840  13.0027840
37.6900000  13.0026203  13.0026203
37.7000000  13.0024562  13.0024562
37.7100000  13.0022919  13.0022919
37.7200000  13.0021274  13.0021274
37.7300000  13.0019627  13.0019627
37.7400000  13.0017979  13.0017979
37.7500000  13.0016331  13.0016331
37.7600000  13.0014683  13.0014683
37.7700000  13.0013035  13.0013035
37.7800000  13.0011388  13.0011388
37.7900000  13.0009744  13.0009744
37.8000000  13.0008101  13.0008101
37.8100000  13.0006461  13.0006461
37.8200000  13.0004824  13.0004824
37.8300000  13.0003191  13.0003191
37.8400000  13.0001562  13.0001562
37.8500000  12.9999937  12.9999937
37.8600000  12.9998318  12.9998318
37.8700000  12.9996705  12.9996705
37.8800000  12.9995098  12.9995098
37.8900000  12.9993498  12.9993498
37.9000000  12.9991905  12.9991905
37.9100000  12.9990320  12.9990320
37.9200000  12.9988743  12.9988743
37.9300000  12.9987174  12.9987174
37.9400000  12.9985615  12.9985615
37.9500000  12.9984065  12.9984065
37.9600000  12.9982526  12.9982526
37.9700000  12.9980997  12.9980997
37.9800000  12.9979479  12.9979479
37.9900000  12.9977973  12.9977973
38.0000000  12.9976478  12.9976478
38.0100000  12.9974996  12.9974996
38.0200000  12.9973527  12.9973527
38.0300000  12.9972070  12.9972070
38.0400000  12.9970628  12.9970628
38.0500000  12.9969200  12.9969200
38.0600000  12.9967786  12.9967786
38.0700000  12.9966387  12.9966387
38.0800000  12.9965003  12.9965003
38.0900000  12.9963635  12.9963635
38.1000000  12.9962283  12.9962283
38.1100000  12.9960948  12.9960948
38.1200000  12.9959629  12.9959629
38.1300000  12.9958328  12.9958328
38.1400000  12.9957044  12.9957044
38.1500000  12.9955778  12.9955778
38.1600000  12.9954531  12.9954531
38.1700000  12.9953302  12.9953302
38.1800000  12.9952092  12.9952092
38.1900000  12.9950901  12.9950901
38.2000000  12.9949730  12.9949730
38.2100000  12.9948579  12.9948579
38.2200000  12.9947448  12.9947448
38.2300000  12.9946338  12.9946338
38.2400000  12.9945248  12.9945248
38.2500000  12.9944180  12.9944180
38.2600000  12.9943132  12.9943132
38.2700000  12.9942107  12.9942107
38.2800000  12.9941103  12.9941103
38.2900000  12.9940122  12.9940122
38.3000000  12.9939163  12.9939163
38.3100000  12.9938227  12.9938227
38.3200000  12.9937313  12.9937313
38.3300000  12.9936423  12.9936423
38.3400000  12.9935556  12.9935556
38.3500000  12.9934712  12.9934712
38.3600000  12.9933892  12.9933892
38.3700000  12.9933096  12.9933096
38.3800000  12.9932324  12.9932324
38.3900000  12.9931577  12.9931577
38.4000000  12.9930853  12.9930853
38.4100000  12.9930155  12.9930155
38.4200000  12.9929481  12.9929481
38.4300000  12.9928831  12.9928831
38.4400000  12.9928207  12.9928207
38.4500000  12.9927608  12.9927608
38.4600000  12.9927034  12.9927034
38.4700000  12.9926485  12.9926485
38.4800000  12.9925962  12.9925962
38.4900000  12.9925464  12.9925464
38.5000000  12.9924992  12.9924992
38.5100000  12.9924546  12.9924546
38.5200000  12.9924125  12.9924125
38.5300000  12.9923730  12.9923730
38.5400000  12.9923360  12.9923360
38.5500000  12.9923017  12.9923017
38.5600000  12.9922699  12.9922699
38.5700000  12.9922407  12.9922407
38.5800000  12.9922141  12.9922141
38.5900000  12.9921901  12.9921901
38.6000000  12.9921687  12.9921687
38.6100000  12.9921499  12.9921499
38.6200000  12.9921336  12.9921336
38.6300000  12.9921199  12.9921199
38.6400000  12.9921088  12.9921088
38.6500000  12.9921003  12.9921003
38.6600000  12.9920944  12.9920944
38.6700000  12.9920910  12.9920910
38.6800000  12.9920902  12.9920902
38.6900000  12.9920919  12.9920919
38.7000000  12.9920961  12.9920961
38.7100000  12.9921029  12.9921029
38.7200000  12.9921122  12.9921122
38.7300000  12.9921240  12.9921240
38.7400000  12.9921382  12.9921382
38.7500000  12.9921550  12.9921550
38.7600000  12.9921742  12.9921742
38.7700000  12.9921959  12.9921959
38.7800000  12.9922201  12.9922201
38.7900000  12.9922466  12.9922466
38.8000000  12.9922756  12.9922756
38.8100000  12.9923069  12.9923069
38.8200000  12.9923407  12.9923407
38.8300000  12.9923767  12.9923767
38.8400000  12.9924151  12.9924151
38.8500000  12.9924559  12.9924559
38.8600000  12.9924989  12.9924989
38.8700000  12.9925442  12.9925442
38.8800000  12.9925917  12.9925917
38.8900000  12.9926415  12.9926415
38.9000000  12.9926935  12.9926935
38.9100000  12.9927476  12.9927476
38.9200000  12.9928039  12.9928039
38.9300000  12.9928624  12.9928624
38.9400000  12.9929229  12.9929229
38.9500000  12.9929856  12.9929856
38.9600000  12.9930503  12.9930503
38.9700000  12.9931170  12.9931170
38.9800000  12.9931857  12.9931857
38.9900000  12.9932564  12.9932564
39.0000000  12.9933290  12.9933290
39.0100000  12.9934035  12.9934035
39.0200000  12.9934800  12.9934800
39.0300000  12.9935582  12.9935582
39.0400000  12.9936383  12.9936383
39.0500000  12.9937202  12.9937202
39.0600000  12.9938038  12.9938038
39.0700000  12.9938892  12.9938892
39.0800000  12.9939762  12.9939762
39.0900000  12.9940649  12.9940649
39.1000000  12.9941552  12.9941552
39.1100000  12.9942471  12.9942471
39.1200000  12.9943406  12.9943406
39.1300000  12.9944356  12.9944356
39.1400000  12.9945320  12.9945320
39.1500000  12.9946299  12.9946299
39.1600000  12.9947293  12.9947293
39.1700000  12.9948300  12.9948300
39.1800000  12.9949320  12.9949320
39.1900000  12.9950353  12.9950353
39.2000000  12.9951399  12.9951399
39.2100000  12.9952458  12.9952458
39.2200000  12.9953528  12.9953528
39.2300000  12.9954609  12.9954609
39.2400000  12.9955702  12.9955702
39.2500000  12.9956806  12.9956806
39.2600000  12.9957919  12.9957919
39.2700000  12.9959043  12.9959043
39.2800000  12.9960177  12.9960177
39.2900000  12.9961319  12.9961319
39.3000000  12.9962470  12.9962470
39.3100000  12.9963630  12.9963630
39.3200000  12.9964798  12.9964798
39.3300000  12.9965973  12.9965973
39.3400000  12.9967155  12.9967155
39.3500000  12.9968344  12.9968344
39.3600000  12.9969539  12.9969539
39.3700000  12.9970741  12.9970741
39.3800000  12.9971948  12.9971948
39.3900000  12.9973160  12.9973160
39.4000000  12.9974377  12.9974377
39.4100000  12.9975598  12.9975598
39.4200000  12.9976823  12.9976823
39.4300000  12.9978051  12.9978051
39.4400000  12.9979283  12.9979283
39.4500000  12.9980517  12.9980517
39.4600000  12.9981754  12.9981754
39.4700000  12.9982992  12.9982992
39.4800000  12.9984232  12.9984232
39.4900000  12.9985473  12.9985473
39.5000000  12.9986715  12.9986715
39.5100000  12.9987957  12.9987957
39.5200000  12.9989199  12.9989199
39.5300000  12.9990441  12.9990441
39.5400000  12.9991681  12.9991681
39.5500000  12.9992920  12.9992920
39.5600000  12.9994158  12.9994158
39.5700000  12.9995393  12.9995393
39.5800000  12.9996626  12.9996626
39.5900000  12.9997856  12.9997856
39.6000000  12.9999083  12.9999083
39.6100000  13.0000306  13.0000306
39.6200000  13.0001525  13.0001525
39.6300000  13.0002739  13.0002739
39.6400000  13.0003949  13.0003949
39.6500000  13.0005154  13.0005154
39.6600000  13.0006353  13.0006353
39.6700000  13.0007546  13.0007546
39.6800000  13.0008733  13.0008733
39.6900000  13.0009914  13.0009914
39.7000000  13.0011087  13.0011087
39.7100000  13.0012253  13.0012253
39.7200000  13.0013412  13.0013412
39.7300000  13.0014562  13.0014562
39.7400000  13.0015704  13.0015704
39.7500000  13.0016837  13.0016837
39.7600000  13.0017961  13.0017961
39.7700000  13.0019076  13.0019076
39.7800000  13.0020181  13.0020181
39.7900000  13.0021276  13.0021276
39.8000000  13.0022361  13.0022361
39.8100000  13.0023435  13.0023435
39.8200000  13.0024498  13.0024498
39.8300000  13.0025550  13.0025550
39.8400000  13.0026590  13.0026590
39.8500000  13.0027618  13.0027618
39.8600000  13.0028634  13.0028634
39.8700000  13.0029638  13.0029638
39.8800000  13.0030629  13.0030629
39.8900000  13.0031607  13.0031607
39.9000000  13.0032571  13.0032571
39.9100000  13.0033522  13.0033522
39.9200000  13.0034459  13.0034459
39.9300000  13.0035382  13.0035382
39.9400000  13.0036291  13.0036291
39.9500000  13.0037185  13.0037185
39.9600000  13.0038064  13.0038064
39.9700000  13.0038928  13.0038928
39.9800000  13.0039777  13.0039777
39.9900000  13.0040611  13.0040611
40.0000000  13.0041428  13.0041428
40.0100000  13.0042230  13.0042230
40.0200000  13.0043016  13.0043016
40.0300000  13.0043785  13.0043785
40.0400000  13.0044537  13.0044537
40.0500000  13.0045273  13.0045273
40.0600000  13.0045992  13.0045992
40.0700000  13.0046694  13.0046694
40.0800000  13.0047379  13.0047379
40.0900000  13.0048046  13.0048046
40.1000000  13.0048696  13.0048696
40.1100000  13.0049328  13.0049328
40.1200000  13.0049942  13.0049942
40.1300000  13.0050538  13.0050538
40.1400000  13.0051115  13.0051115
40.1500000  13.0051675  13.0051675
40.1600000  13.0052216  13.0052216
40.1700000  13.0052739  13.0052739
40.1800000  13.0053243  13.0053243
40.1900000  13.0053728  13.0053728
40.2000000  13.0054194  13.0054194
40.2100000  13.0054642  13.0054642
40.2200000  13.0055070  13.0055070
40.2300000  13.0055479  13.0055479
40.2400000  13.0055870  13.0055870
40.2500000  13.0056241  13.0056241
40.2600000  13.0056592  13.0056592
40.2700000  13.0056925  13.0056925
40.2800000  13.0057238  13.0057238
40.2900000  13.0057531  13.0057531
40.3000000  13.0057806  13.0057806
40.3100000  13.0058060  13.0058060
40.3200000  13.0058296  13.0058296
40.3300000  13.0058511  13.0058511
40.3400000  13.0058708  13.0058708
40.3500000  13.0058884  13.0058884
40.3600000  13.0059042  13.0059042
40.3700000  13.0059179  13.0059179
40.3800000  13.0059298  13.0059298
40.3900000  13.0059397  13.0059397
40.4000000  13.0059476  13.0059476
40.4100000  13.0059536  13.0059536
40.4200000  13.0059577  13.0059577
40.4300000  13.0059598  13.0059598
40.4400000  13.0059601  13.0059601
40.4500000  13.0059584  13.0059584
40.4600000  13.0059548  13.0059548
40.4700000  13.0059493  13.0059493
40.4800000  13.0059419  13.0059419
40.4900000  13.0059326  13.0059326
40.5000000  13.0059214  13.0059214
40.5100000  13.0059084  13.0059084
40.5200000  13.0058935  13.0058935
40.5300000  13.0058767  13.0058767
40.5400000  13.0058582  13.0058582
40.5500000  13.0058378  13.0058378
40.5600000  13.0058156  13.0058156
40.5700000  13.0057916  13.0057916
40.5800000  13.0057658  13.0057658
40.5900000  13.0057382  13.0057382
40.6000000  13.0057089  13.0057089
40.6100000  13.0056779  13.0056779
40.6200000  13.0056451  13.0056451
40.6300000  13.0056106  13.0056106
40.6400000  13.0055744  13.0055744
40.6500000  13.0055365  13.0055365
40.6600000  13.0054970  13.0054970
40.6700000  13.0054559  13.0054559
40.6800000  13.0054131  13.0054131
40.6900000  13.0053687  13.0053687
40.7000000  13.0053227  13.0053227
40.7100000  13.0052752  13.0052752
40.7200000  13.0052261  13.0052261
40.7300000  13.0051756  13.0051756
40.7400000  13.0051235  13.0051235
40.7500000  13.0050699  13.0050699
40.7600000  13.0050149  13.0050149
40.7700000  13.0049584  13.0049584
40.7800000  13.0049005  13.0049005
40.7900000  13.0048412  13.0048412
40.8000000  13.0047806  13.0047806
40.8100000  13.0047186  13.0047186
40.8200000  13.0046553  13.0046553
40.8300000  13.0045908  13.0045908
40.8400000  13.0045249  13.0045249
40.8500000  13.0044578  13.0044578
40.8600000  13.0043895  13.0043895
40.8700000  13.0043200  13.0043200
40.8800000  13.0042493  13.0042493
40.8900000  13.0041775  13.0041775
40.9000000  13.0041046  13.0041046
40.9100000  13.0040306  13.0040306
40.9200000  13.0039555  13.0039555
40.9300000  13.0038794  13.0038794
40.9400000  13.0038023  13.0038023
40.9500000  13.0037242  13.0037242
40.9600000  13.0036452  13.0036452
40.9700000  13.0035653  13.0035653
40.9800000  13.0034845  13.0034845
40.9900000  13.0034028  13.0034028
41.0000000  13.0033203  13.0033203
41.0100000  13.0032369  13.0032369
41.0200000  13.0031529  13.0031529
41.0300000  13.0030680  13.0030680
41.0400000  13.0029825  13.0029825
41.0500000  13.0028962  13.0028962
41.0600000  13.0028094  13.0028094
41.0700000  13.0027218  13.0027218
41.0800000  13.0026337  13.0026337
41.0900000  13.0025451  13.0025451
41.1000000  13.0024559  13.0024559
41.1100000  13.0023662  13.0023662
41.1200000  13.0022760  13.0022760
41.1300000  13.0021854  13.0021854
41.1400000  13.0020944  13.0020944
41.1500000  13.0020029  13.0020029
41.1600000  13.0019112  13.0019112
41.1700000  13.0018191  13.0018191
41.1800000  13.0017267  13.0017267
41.1900000  13.0016341  13.0016341
41.2000000  13.0015413  13.0015413
41.2100000  13.0014482  13.0014482
41.2200000  13.0013550  13.0013550
41.2300000  13.0012616  13.0012616
41.2400000  13.0011682  13.0011682
41.2500000  13.0010747  13.0010747
41.2600000  13.0009811  13.0009811
41.2700000  13.0008875  13.0008875
41.2800000  13.0007939  13.0007939
41.2900000  13.0007004  13.0007004
41.3000000  13.0006069  13.0006069
41.3100000  13.0005136  13.0005136
41.3200000  13.0004204  13.0004204
41.3300000  13.0003273  13.0003273
41.3400000  13.0002345  13.0002345
41.3500000  13.0001418  13.0001418
41.3600000  13.0000494  13.0000494
41.3700000  12.9999573  12.9999573
41.3800000  12.9998656  12.9998656
41.3900000  12.9997741  12.9997741
41.4000000  12.9996830  12.9996830
41.4100000  12.9995923  12.9995923
41.4200000  12.9995021  12.9995021
41.4300000  12.9994122  12.9994122
41.4400000  12.9993229  12.9993229
41.4500000  12.9992341  12.9992341
41.4600000  12.9991458  12.9991458
41.4700000  12.9990580  12.9990580
41.4800000  12.9989709  12.9989709
41.4900000  12.9988843  12.9988843
41.5000000  12.9987984  12.9987984
41.5100000  12.9987131  12.9987131
41.5200000  12.9986286  12.9986286
41.5300000  12.9985447  12.9985447
41.5400000  12.9984616  12.9984616
41.5500000  12.9983793  12.9983793
41.5600000  12.9982977  12.9982977
41.5700000  12.9982169  12.9982169
41.5800000  12.9981370  12.9981370
41.5900000  12.9980580  12.9980580
41.6000000  12.9979798  12.9979798
41.6100000  12.9979025  12.9979025
41.6200000  12.9978261  12.9978261
41.6300000  12.9977507  12.9977507
41.6400000  12.9976762  12.9976762
41.6500000  12.9976028  12.9976028
41.6600000  12.9975303  12.9975303
41.6700000  12.9974589  12.9974589
41.6800000  12.9973885  12.9973885
41.6900000  12.9973192  12.9973192
41.7000000  12.9972509  12.9972509
41.7100000  12.9971838  12.9971838
41.7200000  12.9971178  12.9971178
41.7300000  12.9970529  12.9970529
41.7400000  12.9969892  12.9969892
41.7500000  12.9969266  12.9969266
41.7600000  12.9968653  12.9968653
41.7700000  12.9968051  12.9968051
41.7800000  12.9967462  12.9967462
41.7900000  12.9966885  12.9966885
41.8000000  12.9966320  12.9966320
41.8100000  12.9965768  12.9965768
41.8200000  12.9965229  12.9965229
41.8300000  12.9964703  12.9964703
41.8400000  12.9964190  12.9964190
41.8500000  12.9963690  12.9963690
41.8600000  12.9963204  12.9963204
41.8700000  12.9962730  12.9962730
41.8800000  12.9962270  12.9962270
41.8900000  12.9961824  12.9961824
41.9000000  12.9961392  12.9961392
41.9100000  12.9960973  12.9960973
41.9200000  12.9960568  12.9960568
41.9300000  12.9960178  12.9960178
41.9400000  12.9959801  12.9959801
41.9500000  12.9959438  12.9959438
41.9600000  12.9959090  12.9959090
41.9700000  12.9958756  12.9958756
41.9800000  12.9958436  12.9958436
41.9900000  12.9958130  12.9958130
42.0000000  12.9957840  12.9957840
42.0100000  12.9957563  12.9957563
42.0200000  12.9957301  12.9957301
42.0300000  12.9957054  12.9957054
42.0400000  12.9956821  12.9956821
42.0500000  12.9956603  12.9956603
42.0600000  12.9956399  12.9956399
42.0700000  12.9956210  12.9956210
42.0800000  12.9956036  12.9956036
42.0900000  12.9955877  12.9955877
42.1000000  12.9955732  12.9955732
42.1100000  12.9955602  12.9955602
42.1200000  12.9955487  12.9955487
42.1300000  12.9955386  12.9955386
42.1400000  12.9955300  12.9955300
42.1500000  12.9955228  12.9955228
42.1600000  12.9955172  12.9955172
42.1700000  12.9955130  12.9955130
42.1800000  12.9955102  12.9955102
42.1900000  12.9955089  12.9955089
42.2000000  12.9955090  12.9955090
42.2100000  12.9955106  12.9955106
42.2200000  12.9955136  12.9955136
42.2300000  12.9955181  12.9955181
42.2400000  12.9955240  12.9955240
42.2500000  12.9955313  12.9955313
42.2600000  12.9955400  12.9955400
42.2700000  12.9955501  12.9955501
42.2800000  12.9955616  12.9955616
42.2900000  12.9955745  12.9955745
42.3000000  12.9955888  12.9955888
42.3100000  12.9956045  12.9956045
42.3200000  12.9956215  12.9956215
42.3300000  12.9956398  12.9956398
42.3400000  12.9956596  12.9956596
42.3500000  12.9956806  12.9956806
42.3600000  12.9957030  12.9957030
42.3700000  12.9957267  12.9957267
42.3800000  12.9957516  12.9957516
42.3900000  12.9957779  12.9957779
42.4000000  12.9958054  12.9958054
42.4100000  12.9958342  12.9958342
42.4200000  12.9958643  12.9958643
42.4300000  12.9958955  12.9958955
42.4400000  12.9959280  12.9959280
42.4500000  12.9959617  12.9959617
42.4600000  12.9959966  12.9959966
42.4700000  12.9960327  12.9960327
42.4800000  12.9960699  12.9960699
42.4900000  12.9961083  12.9961083
42.5000000  12.9961477  12.9961477
42.5100000  12.9961884  12.9961884
42.5200000  12.9962300  12.9962300
42.5300000  12.9962728  12.9962728
42.5400000  12.9963167  12.9963167
42.5500000  12.9963615  12.9963615
42.5600000  12.9964074  12.9964074
42.5700000  12.9964544  12.9964544
42.5800000  12.9965023  12.9965023
42.5900000  12.9965511  12.9965511
42.6000000  12.9966010  12.9966010
42.6100000  12.9966517  12.9966517
42.6200000  12.9967034  12.9967034
42.6300000  12.9967559  12.9967559
42.6400000  12.9968094  12.9968094
42.6500000  12.9968637  12.9968637
42.6600000  12.9969188  12.9969188
42.6700000  12.9969747  12.9969747
42.6800000  12.9970315  12.9970315
42.6900000  12.9970890  12.9970890
42.7000000  12.9971472  12.9971472
42.7100000  12.9972062  12.9972062
42.7200000  12.9972659  12.9972659
42.7300000  12.9973263  12.9973263
42.7400000  12.9973873  12.9973873
42.7500000  12.9974490  12.9974490
42.7600000  12.9975113  12.9975113
42.7700000  12.9975742  12.9975742
42.7800000  12.9976377  12.9976377
42.7900000  12.9977017  12.9977017
42.8000000  12.9977663  12.9977663
42.8100000  12.9978314  12.9978314
42.8200000  12.9978970  12.9978970
42.8300000  12.9979630  12.9979630
42.8400000  12.9980295  12.9980295
42.8500000  12.9980964  12.9980964
42.8600000  12.9981637  12.9981637
42.8700000  12.9982313  12.9982313
42.8800000  12.9982994  12.9982994
42.8900000  12.9983677  12.9983677
42.9000000  12.9984364  12.9984364
42.9100000  12.9985053  12.9985053
42.9200000  12.9985745  12.9985745
42.9300000  12.9986439  12.9986439
42.9400000  12.9987136  12.9987136
42.9500000  12.9987834  12.9987834
42.9600000  12.9988534  12.9988534
42.9700000  12.9989236  12.9989236
42.9800000  12.9989938  12.9989938
42.9900000  12.9990642  12.9990642
43.0000000  12.9991346  12.9991346
43.0100000  12.9992051  12.9992051
43.0200000  12.9992756  12.9992756
43.0300000  12.9993461  12.9993461
43.0400000  12.9994167  12.9994167
43.0500000  12.9994871  12.9994871
43.06       12.9995575  12.9995575
43.07       12.9996278  12.9996278
43.08       12.9996981  12.9996981
43.0899999  12.9997681  12.9997681
43.0999999  12.9998381  12.9998381
43.1099999  12.9999078  12.9999078
43.1199999  12.9999774  12.9999774
43.1299999  13.0000468  13.0000468
43.1399999  13.0001159  13.0001159
43.1499999  13.0001847  13.0001847
43.1599999  13.0002533  13.0002533
43.1699999  13.0003216  13.0003216
43.1799999  13.0003895  13.0003895
43.1899999  13.0004571  13.0004571
43.1999999  13.0005244  13.0005244
43.2099999  13.0005912  13.0005912
43.2199999  13.0006577  13.0006577
43.2299999  13.0007237  13.0007237
43.2399999  13.0007893  13.0007893
43.2499999  13.0008544  13.0008544
43.2599999  13.0009190  13.0009190
43.2699999  13.0009832  13.0009832
43.2799999  13.0010468  13.0010468
43.2899999  13.0011098  13.0011098
43.2999999  13.0011723  13.0011723
43.3099999  13.0012343  13.0012343
43.3199999  13.0012956  13.0012956
43.3299999  13.0013563  13.0013563
43.3399999  13.0014164  13.0014164
43.3499999  13.0014759  13.0014759
43.3599999  13.0015346  13.0015346
43.3699999  13.0015927  13.0015927
43.3799999  13.0016501  13.0016501
43.3899999  13.0017068  13.0017068
43.3999999  13.0017627  13.0017627
43.4099999  13.0018179  13.0018179
43.4199999  13.0018724  13.0018724
43.4299999  13.0019260  13.0019260
43.4399999  13.0019789  13.0019789
43.4499999  13.0020310  13.0020310
43.4599999  13.0020822  13.0020822
43.4699999  13.0021326  13.0021326
43.4799999  13.0021822  13.0021822
43.4899999  13.0022309  13.0022309
43.4999999  13.0022787  13.0022787
43.5099999  13.0023257  13.0023257
43.5199999  13.0023717  13.0023717
43.5299999  13.0024168  13.0024168
43.5399999  13.0024611  13.0024611
43.5499999  13.0025043  13.0025043
43.5599999  13.0025467  13.0025467
43.5699999  13.0025880  13.0025880
43.5799999  13.0026285  13.0026285
43.5899999  13.0026679  13.0026679
43.5999999  13.0027064  13.0027064
43.6099999  13.0027438  13.0027438
43.6199999  13.0027803  13.0027803
43.6299999  13.0028157  13.0028157
43.6399999  13.0028501  13.0028501
43.6499999  13.0028835  13.0028835
43.6599999  13.0029159  13.0029159
43.6699999  13.0029472  13.0029472
43.6799999  13.0029775  13.0029775
43.6899999  13.0030067  13.0030067
43.6999999  13.0030349  13.0030349
43.7099999  13.0030620  13.0030620
43.7199999  13.0030880  13.0030880
43.7299999  13.0031130  13.0031130
43.7399999  13.0031368  13.0031368
43.7499999  13.0031596  13.0031596
43.7599999  13.0031813  13.0031813
43.7699999  13.0032019  13.0032019
43.7799999  13.0032214  13.0032214
43.7899999  13.0032398  13.0032398
43.7999999  13.0032571  13.0032571
43.8099999  13.0032733  13.0032733
43.8199999  13.0032884  13.0032884
43.8299999  13.0033024  13.0033024
43.8399999  13.0033153  13.0033153
43.8499999  13.0033271  13.0033271
43.8599999  13.0033378  13.0033378
43.8699999  13.0033473  13.0033473
43.8799999  13.0033558  13.0033558
43.8899999  13.0033632  13.0033632
43.8999999  13.0033694  13.0033694
43.9099999  13.0033745  13.0033745
43.9199999  13.0033786  13.0033786
43.9299999  13.0033815  13.0033815
43.9399999  13.0033834  13.0033834
43.9499999  13.0033841  13.0033841
43.9599999  13.0033838  13.0033838
43.9699999  13.0033824  13.0033824
43.9799999  13.0033799  13.0033799
43.9899999  13.0033763  13.0033763
43.9999999  13.0033716  13.0033716
44.0099999  13.0033659  13.0033659
44.0199999  13.0033591  13.0033591
44.0299999  13.0033513  13.0033513
44.0399999  13.0033424  13.0033424
44.0499999  13.0033324  13.0033324
44.0599999  13.0033214  13.0033214
44.0699999  13.0033094  13.0033094
44.0799999  13.0032964  13.0032964
44.0899999  13.0032823  13.0032823
44.0999999  13.0032672  13.0032672
44.1099999  13.0032512  13.0032512
44.1199999  13.0032341  13.0032341
44.1299999  13.0032161  13.0032161
44.1399999  13.0031970  13.0031970
44.1499999  13.0031770  13.0031770
44.1599999  13.0031561  13.0031561
44.1699999  13.0031342  13.0031342
44.1799999  13.0031114  13.0031114
44.1899999  13.0030876  13.0030876
44.1999999  13.0030629  13.0030629
44.2099999  13.0030373  13.0030373
44.2199999  13.0030109  13.0030109
44.2299999  13.0029835  13.0029835
44.2399999  13.0029553  13.0029553
44.2499999  13.0029262  13.0029262
44.2599999  13.0028962  13.0028962
44.2699999  13.0028655  13.0028655
44.2799999  13.0028339  13.0028339
44.2899999  13.0028015  13.0028015
44.2999999  13.0027683  13.0027683
44.3099999  13.0027343  13.0027343
44.3199999  13.0026995  13.0026995
44.3299999  13.0026640  13.0026640
44.3399999  13.0026278  13.0026278
44.3499999  13.0025908  13.0025908
44.3599999  13.0025531  13.0025531
44.3699999  13.0025147  13.0025147
44.3799999  13.0024756  13.0024756
44.3899999  13.0024359  13.0024359
44.3999999  13.0023955  13.0023955
44.4099999  13.0023544  13.0023544
44.4199999  13.0023128  13.0023128
44.4299999  13.0022705  13.0022705
44.4399999  13.0022276  13.0022276
44.4499999  13.0021842  13.0021842
44.4599999  13.0021402  13.0021402
44.4699999  13.0020956  13.0020956
44.4799999  13.0020505  13.0020505
44.4899999  13.0020049  13.0020049
44.4999999  13.0019588  13.0019588
44.5099999  13.0019122  13.0019122
44.5199999  13.0018652  13.0018652
44.5299999  13.0018177  13.0018177
44.5399999  13.0017698  13.0017698
44.5499999  13.0017214  13.0017214
44.5599999  13.0016727  13.0016727
44.5699999  13.0016235  13.0016235
44.5799999  13.0015741  13.0015741
44.5899999  13.0015242  13.0015242
44.5999999  13.0014741  13.0014741
44.6099999  13.0014236  13.0014236
44.6199999  13.0013728  13.0013728
44.6299999  13.0013218  13.0013218
44.6399999  13.0012705  13.0012705
44.6499999  13.0012189  13.0012189
44.6599999  13.0011671  13.0011671
44.6699999  13.0011151  13.0011151
44.6799999  13.0010630  13.0010630
44.6899999  13.0010106  13.0010106
44.6999999  13.0009581  13.0009581
44.7099999  13.0009054  13.0009054
44.7199999  13.0008527  13.0008527
44.7299999  13.0007998  13.0007998
44.7399999  13.0007468  13.0007468
44.7499999  13.0006938  13.0006938
44.7599999  13.0006407  13.0006407
44.7699999  13.0005876  13.0005876
44.7799999  13.0005345  13.0005345
44.7899999  13.0004813  13.0004813
44.7999999  13.0004282  13.0004282
44.8099999  13.0003751  13.0003751
44.8199999  13.0003221  13.0003221
44.8299999  13.0002691  13.0002691
44.8399999  13.0002162  13.0002162
44.8499999  13.0001634  13.0001634
44.8599999  13.0001107  13.0001107
44.8699999  13.0000582  13.0000582
44.8799999  13.0000058  13.0000058
44.8899999  12.9999536  12.9999536
44.8999999  12.9999016  12.9999016
44.9099999  12.9998497  12.9998497
44.9199999  12.9997981  12.9997981
44.9299999  12.9997467  12.9997467
44.9399999  12.9996956  12.9996956
44.9499999  12.9996447  12.9996447
44.9599999  12.9995941  12.9995941
44.9699999  12.9995437  12.9995437
44.9799999  12.9994937  12.9994937
44.9899999  12.9994441  12.9994441
44.9999999  12.9993947  12.9993947
45.0099999  12.9993457  12.9993457
45.0199999  12.9992971  12.9992971
45.0299999  12.9992489  12.9992489
45.0399999  12.9992010  12.9992010
45.0499999  12.9991536  12.9991536
45.0599999  12.9991066  12.9991066
45.0699999  12.9990600  12.9990600
45.0799999  12.9990139  12.9990139
45.0899999  12.9989682  12.9989682
45.0999999  12.9989231  12.9989231
45.1099999  12.9988784  12.9988784
45.1199999  12.9988342  12.9988342
45.1299999  12.9987905  12.9987905
45.1399999  12.9987474  12.9987474
45.1499999  12.9987048  12.9987048
45.1599999  12.9986628  12.9986628
45.1699999  12.9986213  12.9986213
45.1799999  12.9985804  12.9985804
45.1899999  12.9985401  12.9985401
45.1999999  12.9985004  12.9985004
45.2099999  12.9984613  12.9984613
45.2199999  12.9984228  12.9984228
45.2299999  12.9983849  12.9983849
45.2399999  12.9983477  12.9983477
45.2499999  12.9983112  12.9983112
45.2599999  12.9982753  12.9982753
45.2699999  12.9982400  12.9982400
45.2799999  12.9982055  12.9982055
45.2899999  12.9981716  12.9981716
45.2999999  12.9981385  12.9981385
45.3099999  12.9981060  12.9981060
45.3199999  12.9980743  12.9980743
45.3299999  12.9980432  12.9980432
45.3399999  12.9980129  12.9980129
45.3499999  12.9979834  12.9979834
45.3599999  12.9979546  12.9979546
45.3699999  12.9979265  12.9979265
45.3799999  12.9978992  12.9978992
45.3899999  12.9978726  12.9978726
45.3999999  12.9978469  12.9978469
45.4099999  12.9978218  12.9978218
45.4199999  12.9977976  12.9977976
45.4299999  12.9977742  12.9977742
45.4399999  12.9977515  12.9977515
45.4499999  12.9977297  12.9977297
45.4599999  12.9977086  12.9977086
45.4699999  12.9976884  12.9976884
45.4799999  12.9976690  12.9976690
45.4899999  12.9976503  12.9976503
45.4999999  12.9976325  12.9976325
45.5099999  12.9976155  12.9976155
45.5199999  12.9975994  12.9975994
45.5299999  12.9975840  12.9975840
45.5399999  12.9975695  12.9975695
45.5499999  12.9975558  12.9975558
45.5599999  12.9975429  12.9975429
45.5699999  12.9975309  12.9975309
45.5799999  12.9975197  12.9975197
45.5899999  12.9975093  12.9975093
45.5999999  12.9974998  12.9974998
45.6099999  12.9974911  12.9974911
45.6199999  12.9974832  12.9974832
45.6299999  12.9974762  12.9974762
45.6399999  12.9974700  12.9974700
45.6499999  12.9974646  12.9974646
45.6599999  12.9974601  12.9974601
45.6699999  12.9974564  12.9974564
45.6799999  12.9974535  12.9974535
45.6899999  12.9974515  12.9974515
45.6999999  12.9974503  12.9974503
45.7099999  12.9974499  12.9974499
45.7199999  12.9974503  12.9974503
45.7299999  12.9974515  12.9974515
45.7399999  12.9974536  12.9974536
45.7499999  12.9974565  12.9974565
45.7599999  12.9974602  12.9974602
45.7699999  12.9974646  12.9974646
45.7799999  12.9974699  12.9974699
45.7899999  12.9974760  12.9974760
45.7999999  12.9974829  12.9974829
45.8099999  12.9974905  12.9974905
45.8199999  12.9974990  12.9974990
45.8299999  12.9975082  12.9975082
45.8399999  12.9975182  12.9975182
45.8499999  12.9975290  12.9975290
45.8599999  12.9975405  12.9975405
45.8699999  12.9975527  12.9975527
45.8799999  12.9975658  12.9975658
45.8899999  12.9975795  12.9975795
45.8999999  12.9975940  12.9975940
45.9099999  12.9976092  12.9976092
45.9199999  12.9976252  12.9976252
45.9299999  12.9976418  12.9976418
45.9399999  12.9976592  12.9976592
45.9499999  12.9976772  12.9976772
45.9599999  12.9976960  12.9976960
45.9699999  12.9977154  12.9977154
45.9799999  12.9977355  12.9977355
45.9899999  12.9977562  12.9977562
45.9999999  12.9977776  12.9977776
46.0099999  12.9977997  12.9977997
46.0199999  12.9978224  12.9978224
46.0299999  12.9978457  12.9978457
46.0399999  12.9978697  12.9978697
46.0499999  12.9978942  12.9978942
46.0599999  12.9979193  12.9979193
46.0699999  12.9979451  12.9979451
46.0799999  12.9979714  12.9979714
46.0899999  12.9979983  12.9979983
46.0999999  12.9980257  12.9980257
46.1099999  12.9980537  12.9980537
46.1199999  12.9980822  12.9980822
46.1299999  12.9981112  12.9981112
46.1399999  12.9981408  12.9981408
46.1499999  12.9981708  12.9981708
46.1599999  12.9982014  12.9982014
46.1699999  12.9982324  12.9982324
46.1799999  12.9982639  12.9982639
46.1899999  12.9982959  12.9982959
46.1999999  12.9983283  12.9983283
46.2099999  12.9983611  12.9983611
46.2199999  12.9983943  12.9983943
46.2299999  12.9984280  12.9984280
46.2399999  12.9984621  12.9984621
46.2499999  12.9984965  12.9984965
46.2599999  12.9985313  12.9985313
46.2699999  12.9985665  12.9985665
46.2799999  12.9986020  12.9986020
46.2899999  12.9986379  12.9986379
46.2999999  12.9986741  12.9986741
46.3099999  12.9987106  12.9987106
46.3199999  12.9987474  12.9987474
46.3299999  12.9987844  12.9987844
46.3399999  12.9988218  12.9988218
46.3499999  12.9988594  12.9988594
46.3599999  12.9988972  12.9988972
46.3699999  12.9989353  12.9989353
46.3799999  12.9989736  12.9989736
46.3899999  12.9990121  12.9990121
46.3999999  12.9990508  12.9990508
46.4099999  12.9990897  12.9990897
46.4199999  12.9991288  12.9991288
46.4299999  12.9991680  12.9991680
46.4399999  12.9992073  12.9992073
46.4499999  12.9992468  12.9992468
46.4599999  12.9992864  12.9992864
46.4699999  12.9993261  12.9993261
46.4799999  12.9993659  12.9993659
46.4899999  12.9994057  12.9994057
46.4999999  12.9994456  12.9994456
46.5099999  12.9994856  12.9994856
46.5199999  12.9995256  12.9995256
46.5299999  12.9995656  12.9995656
46.5399999  12.9996057  12.9996057
46.5499999  12.9996457  12.9996457
46.5599999  12.9996858  12.9996858
46.5699999  12.9997257  12.9997257
46.5799999  12.9997657  12.9997657
46.5899999  12.9998056  12.9998056
46.5999999  12.9998454  12.9998454
46.6099999  12.9998852  12.9998852
46.6199999  12.9999249  12.9999249
46.6299999  12.9999644  12.9999644
46.6399999  13.0000039  13.0000039
46.6499999  13.0000432  13.0000432
46.6599999  13.0000824  13.0000824
46.6699999  13.0001214  13.0001214
46.6799999  13.0001603  13.0001603
46.6899999  13.0001990  13.0001990
46.6999999  13.0002375  13.0002375
46.7099999  13.0002758  13.0002758
46.7199999  13.0003139  13.0003139
46.7299999  13.0003517  13.0003517
46.7399999  13.0003894  13.0003894
46.7499999  13.0004267  13.0004267
46.7599999  13.0004639  13.0004639
46.7699999  13.0005007  13.0005007
46.7799999  13.0005373  13.0005373
46.7899999  13.0005736  13.0005736
46.7999999  13.0006096  13.0006096
46.8099999  13.0006453  13.0006453
46.8199999  13.0006806  13.0006806
46.8299999  13.0007156  13.0007156
46.8399999  13.0007503  13.0007503
46.8499999  13.0007846  13.0007846
46.8599999  13.0008186  13.0008186
46.8699999  13.0008522  13.0008522
46.8799999  13.0008854  13.0008854
46.8899999  13.0009182  13.0009182
46.8999999  13.0009506  13.0009506
46.9099999  13.0009826  13.0009826
46.9199999  13.0010142  13.0010142
46.9299999  13.0010454  13.0010454
46.9399999  13.0010761  13.0010761
46.9499999  13.0011064  13.0011064
46.9599999  13.0011362  13.0011362
46.9699999  13.0011656  13.0011656
46.9799999  13.0011945  13.0011945
46.9899999  13.0012229  13.0012229
46.9999999  13.0012508  13.0012508
47.0099999  13.0012783  13.0012783
47.0199999  13.0013052  13.0013052
47.0299999  13.0013317  13.0013317
47.0399999  13.0013576  13.0013576
47.0499999  13.0013830  13.0013830
47.0599999  13.0014079  13.0014079
47.0699999  13.0014322  13.0014322
47.0799999  13.0014560  13.0014560
47.0899999  13.0014793  13.0014793
47.0999999  13.0015020  13.0015020
47.1099999  13.0015241  13.0015241
47.1199999  13.0015457  13.0015457
47.1299999  13.0015668  13.0015668
47.1399999  13.0015872  13.0015872
47.1499999  13.0016071  13.0016071
47.1599999  13.0016264  13.0016264
47.1699999  13.0016451  13.0016451
47.1799999  13.0016633  13.0016633
47.1899999  13.0016808  13.0016808
47.1999999  13.0016977  13.0016977
47.2099999  13.0017141  13.0017141
47.2199999  13.0017298  13.0017298
47.2299999  13.0017449  13.0017449
47.2399999  13.0017594  13.0017594
47.2499999  13.0017733  13.0017733
47.2599999  13.0017866  13.0017866
47.2699999  13.0017993  13.0017993
47.2799999  13.0018114  13.0018114
47.2899999  13.0018228  13.0018228
47.2999999  13.0018336  13.0018336
47.3099999  13.0018438  13.0018438
47.3199999  13.0018534  13.0018534
47.3299999  13.0018623  13.0018623
47.3399999  13.0018706  13.0018706
47.3499999  13.0018783  13.0018783
47.3599999  13.0018853  13.0018853
47.3699999  13.0018917  13.0018917
47.3799999  13.0018975  13.0018975
47.3899999  13.0019027  13.0019027
47.3999999  13.0019072  13.0019072
47.4099999  13.0019112  13.0019112
47.4199999  13.0019144  13.0019144
47.4299999  13.0019171  13.0019171
47.4399999  13.0019191  13.0019191
47.4499999  13.0019205  13.0019205
47.4599999  13.0019213  13.0019213
47.4699999  13.0019215  13.0019215
47.4799999  13.0019210  13.0019210
47.4899999  13.0019200  13.0019200
47.4999999  13.0019183  13.0019183
47.5099999  13.0019160  13.0019160
47.5199999  13.0019131  13.0019131
47.5299999  13.0019096  13.0019096
47.5399999  13.0019055  13.0019055
47.5499999  13.0019007  13.0019007
47.5599999  13.0018954  13.0018954
47.5699999  13.0018895  13.0018895
47.5799999  13.0018831  13.0018831
47.5899999  13.0018760  13.0018760
47.5999999  13.0018683  13.0018683
47.6099999  13.0018601  13.0018601
47.6199999  13.0018513  13.0018513
47.6299999  13.0018419  13.0018419
47.6399999  13.0018320  13.0018320
47.6499999  13.0018215  13.0018215
47.6599999  13.0018105  13.0018105
47.6699999  13.0017989  13.0017989
47.6799999  13.0017868  13.0017868
47.6899999  13.0017741  13.0017741
47.6999999  13.0017609  13.0017609
47.7099999  13.0017472  13.0017472
47.7199999  13.0017330  13.0017330
47.7299999  13.0017182  13.0017182
47.7399999  13.0017030  13.0017030
47.7499999  13.0016873  13.0016873
47.7599999  13.0016710  13.0016710
47.7699999  13.0016543  13.0016543
47.7799999  13.0016371  13.0016371
47.7899999  13.0016194  13.0016194
47.7999999  13.0016013  13.0016013
47.8099999  13.0015827  13.0015827
47.8199999  13.0015637  13.0015637
47.8299999  13.0015442  13.0015442
47.8399999  13.0015243  13.0015243
47.8499999  13.0015039  13.0015039
47.8599999  13.0014832  13.0014832
47.8699999  13.0014620  13.0014620
47.8799999  13.0014404  13.0014404
47.8899999  13.0014184  13.0014184
47.8999999  13.0013961  13.0013961
47.9099999  13.0013734  13.0013734
47.9199999  13.0013503  13.0013503
47.9299999  13.0013268  13.0013268
47.9399999  13.0013030  13.0013030
47.9499999  13.0012789  13.0012789
47.9599999  13.0012544  13.0012544
47.9699999  13.0012296  13.0012296
47.9799999  13.0012044  13.0012044
47.9899999  13.0011790  13.0011790
47.9999999  13.0011533  13.0011533
48.0099999  13.0011273  13.0011273
48.0199999  13.0011010  13.0011010
48.0299999  13.0010744  13.0010744
48.0399999  13.0010476  13.0010476
48.0499999  13.0010205  13.0010205
48.0599999  13.0009932  13.0009932
48.0699999  13.0009657  13.0009657
48.0799999  13.0009379  13.0009379
48.0899999  13.0009099  13.0009099
48.0999999  13.0008817  13.0008817
48.1099999  13.0008534  13.0008534
48.1199999  13.0008248  13.0008248
48.1299999  13.0007961  13.0007961
48.1399999  13.0007672  13.0007672
48.1499999  13.0007381  13.0007381
48.1599999  13.0007089  13.0007089
48.1699999  13.0006796  13.0006796
48.1799999  13.0006501  13.0006501
48.1899999  13.0006206  13.0006206
48.1999999  13.0005909  13.0005909
48.2099999  13.0005611  13.0005611
48.2199999  13.0005313  13.0005313
48.2299999  13.0005014  13.0005014
48.2399999  13.0004714  13.0004714
48.2499999  13.0004413  13.0004413
48.2599999  13.0004112  13.0004112
48.2699999  13.0003811  13.0003811
48.2799999  13.0003510  13.0003510
48.2899999  13.0003208  13.0003208
48.2999999  13.0002906  13.0002906
48.3099999  13.0002605  13.0002605
48.3199999  13.0002303  13.0002303
48.3299999  13.0002002  13.0002002
48.3399999  13.0001701  13.0001701
48.3499999  13.0001400  13.0001400
48.3599999  13.0001100  13.0001100
48.3699999  13.0000801  13.0000801
48.3799999  13.0000502  13.0000502
48.3899999  13.0000204  13.0000204
48.3999999  12.9999907  12.9999907
48.4099999  12.9999611  12.9999611
48.4199999  12.9999316  12.9999316
48.4299999  12.9999022  12.9999022
48.4399999  12.9998729  12.9998729
48.4499999  12.9998438  12.9998438
48.4599999  12.9998148  12.9998148
48.4699999  12.9997860  12.9997860
48.4799999  12.9997573  12.9997573
48.4899999  12.9997288  12.9997288
48.4999999  12.9997005  12.9997005
48.5099999  12.9996724  12.9996724
48.5199999  12.9996445  12.9996445
48.5299999  12.9996167  12.9996167
48.5399999  12.9995892  12.9995892
48.5499999  12.9995619  12.9995619
48.5599999  12.9995348  12.9995348
48.5699999  12.9995080  12.9995080
48.5799999  12.9994814  12.9994814
48.5899999  12.9994551  12.9994551
48.5999999  12.9994290  12.9994290
48.6099999  12.9994032  12.9994032
48.6199999  12.9993777  12.9993777
48.6299999  12.9993524  12.9993524
48.6399999  12.9993275  12.9993275
48.6499999  12.9993028  12.9993028
48.6599999  12.9992784  12.9992784
48.6699999  12.9992544  12.9992544
48.6799999  12.9992307  12.9992307
48.6899999  12.9992072  12.9992072
48.6999999  12.9991842  12.9991842
48.7099999  12.9991614  12.9991614
48.7199999  12.9991390  12.9991390
48.7299999  12.9991170  12.9991170
48.7399999  12.9990953  12.9990953
48.7499999  12.9990739  12.9990739
48.7599999  12.9990530  12.9990530
48.7699999  12.9990324  12.9990324
48.7799999  12.9990121  12.9990121
48.7899999  12.9989923  12.9989923
48.7999999  12.9989728  12.9989728
48.8099999  12.9989538  12.9989538
48.8199999  12.9989351  12.9989351
48.8299999  12.9989169  12.9989169
48.8399999  12.9988990  12.9988990
48.8499999  12.9988816  12.9988816
48.8599999  12.9988645  12.9988645
48.8699999  12.9988479  12.9988479
48.8799999  12.9988318  12.9988318
48.8899999  12.9988160  12.9988160
48.8999999  12.9988007  12.9988007
48.9099999  12.9987858  12.9987858
48.9199999  12.9987713  12.9987713
48.9299999  12.9987573  12.9987573
48.9399999  12.9987438  12.9987438
48.9499999  12.9987307  12.9987307
48.9599999  12.9987180  12.9987180
48.9699999  12.9987058  12.9987058
48.9799999  12.9986940  12.9986940
48.9899999  12.9986827  12.9986827
48.9999999  12.9986719  12.9986719
49.0099999  12.9986615  12.9986615
49.0199999  12.9986516  12.9986516
49.0299999  12.9986421  12.9986421
49.0399999  12.9986331  12.9986331
49.0499999  12.9986246  12.9986246
49.0599999  12.9986166  12.9986166
49.0699999  12.9986090  12.9986090
49.0799999  12.9986019  12.9986019
49.0899999  12.9985953  12.9985953
49.0999999  12.9985891  12.9985891
49.1099999  12.9985834  12.9985834
49.1199999  12.9985782  12.9985782
49.1299999  12.9985735  12.9985735
49.1399999  12.9985692  12.9985692
49.1499999  12.9985654  12.9985654
49.1599999  12.9985621  12.9985621
49.1699999  12.9985593  12.9985593
49.1799999  12.9985569  12.9985569
49.1899999  12.9985550  12.9985550
49.1999999  12.9985535  12.9985535
49.2099999  12.9985526  12.9985526
49.2199999  12.9985521  12.9985521
49.2299999  12.9985521  12.9985521
49.2399999  12.9985525  12.9985525
49.2499999  12.9985534  12.9985534
49.2599999  12.9985548  12.9985548
49.2699999  12.9985566  12.9985566
49.2799999  12.9985589  12.9985589
49.2899999  12.9985616  12.9985616
49.2999999  12.9985648  12.9985648
49.3099999  12.9985685  12.9985685
49.3199999  12.9985726  12.9985726
49.3299999  12.9985771  12.9985771
49.3399999  12.9985821  12.9985821
49.3499999  12.9985875  12.9985875
49.3599999  12.9985934  12.9985934
49.3699999  12.9985997  12.9985997
49.3799999  12.9986064  12.9986064
49.3899999  12.9986135  12.9986135
49.3999999  12.9986211  12.9986211
49.4099999  12.9986291  12.9986291
49.4199999  12.9986375  12.9986375
49.4299999  12.9986463  12.9986463
49.4399999  12.9986555  12.9986555
49.4499999  12.9986651  12.9986651
49.4599999  12.9986752  12.9986752
49.4699999  12.9986856  12.9986856
49.4799999  12.9986964  12.9986964
49.4899999  12.9987076  12.9987076
49.4999999  12.9987192  12.9987192
49.5099999  12.9987311  12.9987311
49.5199999  12.9987434  12.9987434
49.5299999  12.9987561  12.9987561
49.5399999  12.9987691  12.9987691
49.5499999  12.9987825  12.9987825
49.5599999  12.9987963  12.9987963
49.5699999  12.9988103  12.9988103
49.5799999  12.9988248  12.9988248
49.5899999  12.9988395  12.9988395
49.5999999  12.9988546  12.9988546
49.6099999  12.9988700  12.9988700
49.6199999  12.9988857  12.9988857
49.6299999  12.9989017  12.9989017
49.6399999  12.9989180  12.9989180
49.6499999  12.9989346  12.9989346
49.6599999  12.9989515  12.9989515
49.6699999  12.9989687  12.9989687
49.6799999  12.9989862  12.9989862
49.6899999  12.9990039  12.9990039
49.6999999  12.9990219  12.9990219
49.7099999  12.9990402  12.9990402
49.7199999  12.9990587  12.9990587
49.7299999  12.9990774  12.9990774
49.7399999  12.9990964  12.9990964
49.7499999  12.9991156  12.9991156
49.7599999  12.9991350  12.9991350
49.7699999  12.9991547  12.9991547
49.7799999  12.9991745  12.9991745
49.7899999  12.9991946  12.9991946
49.7999999  12.9992148  12.9992148
49.8099999  12.9992353  12.9992353
49.8199999  12.9992559  12.9992559
49.8299999  12.9992767  12.9992767
49.8399999  12.9992977  12.9992977
49.8499999  12.9993188  12.9993188
49.8599999  12.9993400  12.9993400
49.8699999  12.9993614  12.9993614
49.8799999  12.9993830  12.9993830
49.8899999  12.9994047  12.9994047
49.8999999  12.9994265  12.9994265
49.9099999  12.9994484  12.9994484
49.9199999  12.9994704  12.9994704
49.9299999  12.9994925  12.9994925
49.9399999  12.9995147  12.9995147
49.9499999  12.9995370  12.9995370
49.9599999  12.9995594  12.9995594
49.9699999  12.9995818  12.9995818
49.9799999  12.9996044  12.9996044
49.9899999  12.9996269  12.9996269
49.9999999  12.9996495  12.9996495
50.0099999  12.9996722  12.9996722
50.0199999  12.9996948  12.9996948
50.0299999  12.9997176  12.9997176
50.0399999  12.9997403  12.9997403
50.0499999  12.9997630  12.9997630
50.0599999  12.9997857  12.9997857
50.0699999  12.9998085  12.9998085
50.0799999  12.9998312  12.9998312
50.0899999  12.9998539  12.9998539
50.0999999  12.9998766  12.9998766
50.1099999  12.9998992  12.9998992
50.1199999  12.9999218  12.9999218
50.1299999  12.9999444  12.9999444
50.1399999  12.9999669  12.9999669
50.1499999  12.9999893  12.9999893
50.1599999  13.0000117  13.0000117
50.1699999  13.0000340  13.0000340
50.1799999  13.0000562  13.0000562
50.1899999  13.0000783  13.0000783
50.1999999  13.0001003  13.0001003
50.2099999  13.0001223  13.0001223
50.2199999  13.0001441  13.0001441
50.2299999  13.0001658  13.0001658
50.2399999  13.0001873  13.0001873
50.2499999  13.0002088  13.0002088
50.2599999  13.0002301  13.0002301
50.2699999  13.0002513  13.0002513
50.2799999  13.0002723  13.0002723
50.2899999  13.0002931  13.0002931
50.2999999  13.0003138  13.0003138
50.3099999  13.0003344  13.0003344
50.3199999  13.0003547  13.0003547
50.3299999  13.0003749  13.0003749
50.3399999  13.0003949  13.0003949
50.3499999  13.0004147  13.0004147
50.3599999  13.0004343  13.0004343
50.3699999  13.0004537  13.0004537
50.3799999  13.0004729  13.0004729
50.3899999  13.0004919  13.0004919
50.3999999  13.0005106  13.0005106
50.4099999  13.0005292  13.0005292
50.4199999  13.0005475  13.0005475
50.4299999  13.0005656  13.0005656
50.4399999  13.0005834  13.0005834
50.4499999  13.0006010  13.0006010
50.4599999  13.0006183  13.0006183
50.4699999  13.0006354  13.0006354
50.4799999  13.0006522  13.0006522
50.4899999  13.0006688  13.0006688
50.4999999  13.0006851  13.0006851
50.5099999  13.0007011  13.0007011
50.5199999  13.0007168  13.0007168
50.5299999  13.0007323  13.0007323
50.5399999  13.0007475  13.0007475
50.5499999  13.0007624  13.0007624
50.5599999  13.0007770  13.0007770
50.5699999  13.0007913  13.0007913
50.5799999  13.0008053  13.0008053
50.5899999  13.0008190  13.0008190
50.5999999  13.0008323  13.0008323
50.6099999  13.0008454  13.0008454
50.6199999  13.0008582  13.0008582
50.6299999  13.0008706  13.0008706
50.6399999  13.0008828  13.0008828
50.6499999  13.0008946  13.0008946
50.6599999  13.0009060  13.0009060
50.6699999  13.0009172  13.0009172
50.6799999  13.0009280  13.0009280
50.6899999  13.0009385  13.0009385
50.6999999  13.0009486  13.0009486
50.7099999  13.0009585  13.0009585
50.7199999  13.0009679  13.0009679
50.7299999  13.0009771  13.0009771
50.7399999  13.0009858  13.0009858
50.7499999  13.0009943  13.0009943
50.7599999  13.0010024  13.0010024
50.7699999  13.0010101  13.0010101
50.7799999  13.0010175  13.0010175
50.7899999  13.0010246  13.0010246
50.7999999  13.0010313  13.0010313
50.8099999  13.0010376  13.0010376
50.8199999  13.0010436  13.0010436
50.8299999  13.0010492  13.0010492
50.8399999  13.0010545  13.0010545
50.8499999  13.0010594  13.0010594
50.8599999  13.0010640  13.0010640
50.8699999  13.0010682  13.0010682
50.8799999  13.0010721  13.0010721
50.8899999  13.0010755  13.0010755
50.8999999  13.0010787  13.0010787
50.9099999  13.0010815  13.0010815
50.9199999  13.0010839  13.0010839
50.9299999  13.0010860  13.0010860
50.9399999  13.0010877  13.0010877
50.9499999  13.0010890  13.0010890
50.9599999  13.0010900  13.0010900
50.9699999  13.0010907  13.0010907
50.9799999  13.0010910  13.0010910
50.9899999  13.0010909  13.0010909
50.9999999  13.0010905  13.0010905
51.0099999  13.0010898  13.0010898
51.0199999  13.0010887  13.0010887
51.0299999  13.0010872  13.0010872
51.0399999  13.0010854  13.0010854
51.0499999  13.0010833  13.0010833
51.0599999  13.0010808  13.0010808
51.0699999  13.0010780  13.0010780
51.0799999  13.0010748  13.0010748
51.0899999  13.0010713  13.0010713
51.0999999  13.0010675  13.0010675
51.1099999  13.0010634  13.0010634
51.1199999  13.0010589  13.0010589
51.1299999  13.0010541  13.0010541
51.1399999  13.0010489  13.0010489
51.1499999  13.0010435  13.0010435
51.1599999  13.0010377  13.0010377
51.1699999  13.0010316  13.0010316
51.1799999  13.0010252  13.0010252
51.1899999  13.0010185  13.0010185
51.1999999  13.0010115  13.0010115
51.2099999  13.0010042  13.0010042
51.2199999  13.0009966  13.0009966
51.2299999  13.0009886  13.0009886
51.2399999  13.0009804  13.0009804
51.2499999  13.0009720  13.0009720
51.2599999  13.0009632  13.0009632
51.2699999  13.0009541  13.0009541
51.2799999  13.0009448  13.0009448
51.2899999  13.0009352  13.0009352
51.2999999  13.0009253  13.0009253
51.3099999  13.0009151  13.0009151
51.3199999  13.0009047  13.0009047
51.3299999  13.0008941  13.0008941
51.3399999  13.0008832  13.0008832
51.3499999  13.0008720  13.0008720
51.3599999  13.0008606  13.0008606
51.3699999  13.0008489  13.0008489
51.3799999  13.0008370  13.0008370
51.3899999  13.0008249  13.0008249
51.3999999  13.0008126  13.0008126
51.4099999  13.0008000  13.0008000
51.4199999  13.0007872  13.0007872
51.4299999  13.0007742  13.0007742
51.4399999  13.0007610  13.0007610
51.4499999  13.0007476  13.0007476
51.4599999  13.0007340  13.0007340
51.4699999  13.0007202  13.0007202
51.4799999  13.0007063  13.0007063
51.4899999  13.0006921  13.0006921
51.4999999  13.0006777  13.0006777
51.5099999  13.0006632  13.0006632
51.5199999  13.0006486  13.0006486
51.5299999  13.0006337  13.0006337
51.5399999  13.0006187  13.0006187
51.5499999  13.0006036  13.0006036
51.5599999  13.0005883  13.0005883
51.5699999  13.0005729  13.0005729
51.5799999  13.0005573  13.0005573
51.5899999  13.0005416  13.0005416
51.5999999  13.0005258  13.0005258
51.6099999  13.0005098  13.0005098
51.6199999  13.0004938  13.0004938
51.6299999  13.0004776  13.0004776
51.6399999  13.0004614  13.0004614
51.6499999  13.0004450  13.0004450
51.6599999  13.0004286  13.0004286
51.6699999  13.0004120  13.0004120
51.6799999  13.0003954  13.0003954
51.6899999  13.0003788  13.0003788
51.6999999  13.0003620  13.0003620
51.7099999  13.0003452  13.0003452
51.7199999  13.0003283  13.0003283
51.7299999  13.0003114  13.0003114
51.7399999  13.0002944  13.0002944
51.7499999  13.0002774  13.0002774
51.7599999  13.0002604  13.0002604
51.7699999  13.0002433  13.0002433
51.7799999  13.0002262  13.0002262
51.7899999  13.0002091  13.0002091
51.7999999  13.0001920  13.0001920
51.8099999  13.0001749  13.0001749
51.8199999  13.0001577  13.0001577
51.8299999  13.0001406  13.0001406
51.8399999  13.0001235  13.0001235
51.8499999  13.0001064  13.0001064
51.8599999  13.0000893  13.0000893
51.8699999  13.0000722  13.0000722
51.8799999  13.0000552  13.0000552
51.8899999  13.0000382  13.0000382
51.8999999  13.0000213  13.0000213
51.9099999  13.0000044  13.0000044
51.9199999  12.9999875  12.9999875
51.9299999  12.9999708  12.9999708
51.9399999  12.9999540  12.9999540
51.9499999  12.9999374  12.9999374
51.9599999  12.9999208  12.9999208
51.9699999  12.9999043  12.9999043
51.9799999  12.9998879  12.9998879
51.9899999  12.9998715  12.9998715
51.9999999  12.9998553  12.9998553
52.0099999  12.9998392  12.9998392
52.0199999  12.9998231  12.9998231
52.0299999  12.9998072  12.9998072
52.0399999  12.9997914  12.9997914
52.0499999  12.9997757  12.9997757
52.0599999  12.9997601  12.9997601
52.0699999  12.9997447  12.9997447
52.0799999  12.9997294  12.9997294
52.0899999  12.9997142  12.9997142
52.0999999  12.9996992  12.9996992
52.1099999  12.9996843  12.9996843
52.1199999  12.9996695  12.9996695
52.1299999  12.9996549  12.9996549
52.1399999  12.9996405  12.9996405
52.1499999  12.9996263  12.9996263
52.1599999  12.9996121  12.9996121
52.1699999  12.9995982  12.9995982
52.1799999  12.9995845  12.9995845
52.1899999  12.9995709  12.9995709
52.1999999  12.9995575  12.9995575
52.2099999  12.9995443  12.9995443
52.2199999  12.9995312  12.9995312
52.2299999  12.9995184  12.9995184
52.2399999  12.9995058  12.9995058
52.2499999  12.9994933  12.9994933
52.2599999  12.9994811  12.9994811
52.2699999  12.9994691  12.9994691
52.2799999  12.9994573  12.9994573
52.2899999  12.9994457  12.9994457
52.2999999  12.9994343  12.9994343
52.3099999  12.9994231  12.9994231
52.3199999  12.9994121  12.9994121
52.3299999  12.9994014  12.9994014
52.3399999  12.9993909  12.9993909
52.3499999  12.9993806  12.9993806
52.3599999  12.9993706  12.9993706
52.3699999  12.9993608  12.9993608
52.3799999  12.9993512  12.9993512
52.3899999  12.9993419  12.9993419
52.3999999  12.9993328  12.9993328
52.4099999  12.9993240  12.9993240
52.4199999  12.9993154  12.9993154
52.4299999  12.9993070  12.9993070
52.4399999  12.9992989  12.9992989
52.4499999  12.9992911  12.9992911
52.4599999  12.9992835  12.9992835
52.4699999  12.9992762  12.9992762
52.4799999  12.9992691  12.9992691
52.4899999  12.9992623  12.9992623
52.4999999  12.9992557  12.9992557
52.5099999  12.9992494  12.9992494
52.5199999  12.9992433  12.9992433
52.5299999  12.9992376  12.9992376
52.5399999  12.9992320  12.9992320
52.5499999  12.9992268  12.9992268
52.5599999  12.9992218  12.9992218
52.5699999  12.9992171  12.9992171
52.5799999  12.9992126  12.9992126
52.5899999  12.9992084  12.9992084
52.5999999  12.9992045  12.9992045
52.6099999  12.9992009  12.9992009
52.6199999  12.9991975  12.9991975
52.6299999  12.9991944  12.9991944
52.6399999  12.9991915  12.9991915
52.6499999  12.9991889  12.9991889
52.6599999  12.9991866  12.9991866
52.6699999  12.9991846  12.9991846
52.6799999  12.9991828  12.9991828
52.6899999  12.9991813  12.9991813
52.6999999  12.9991801  12.9991801
52.7099999  12.9991791  12.9991791
52.7199999  12.9991784  12.9991784
52.7299999  12.9991780  12.9991780
52.7399999  12.9991778  12.9991778
52.7499999  12.9991779  12.9991779
52.7599999  12.9991783  12.9991783
52.7699999  12.9991789  12.9991789
52.7799999  12.9991798  12.9991798
52.7899999  12.9991809  12.9991809
52.7999999  12.9991823  12.9991823
52.8099999  12.9991840  12.9991840
52.8199999  12.9991859  12.9991859
52.8299999  12.9991881  12.9991881
52.8399999  12.9991905  12.9991905
52.8499999  12.9991932  12.9991932
52.8599999  12.9991962  12.9991962
52.8699999  12.9991993  12.9991993
52.8799999  12.9992028  12.9992028
52.8899999  12.9992065  12.9992065
52.8999999  12.9992104  12.9992104
52.9099999  12.9992145  12.9992145
52.9199999  12.9992189  12.9992189
52.9299999  12.9992236  12.9992236
52.9399999  12.9992284  12.9992284
52.9499999  12.9992335  12.9992335
52.9599999  12.9992389  12.9992389
52.9699999  12.9992444  12.9992444
52.9799999  12.9992502  12.9992502
52.9899999  12.9992562  12.9992562
52.9999999  12.9992625  12.9992625
53.0099999  12.9992689  12.9992689
53.0199999  12.9992756  12.9992756
53.0299999  12.9992824  12.9992824
53.0399999  12.9992895  12.9992895
53.0499999  12.9992968  12.9992968
53.0599999  12.9993043  12.9993043
53.0699999  12.9993120  12.9993120
53.0799999  12.9993199  12.9993199
53.0899999  12.9993279  12.9993279
53.0999999  12.9993362  12.9993362
53.1099999  12.9993447  12.9993447
53.1199999  12.9993533  12.9993533
53.1299999  12.9993621  12.9993621
53.1399999  12.9993711  12.9993711
53.1499999  12.9993803  12.9993803
53.1599999  12.9993896  12.9993896
53.1699999  12.9993991  12.9993991
53.1799999  12.9994088  12.9994088
53.1899999  12.9994186  12.9994186
53.1999999  12.9994286  12.9994286
53.2099999  12.9994387  12.9994387
53.2199999  12.9994490  12.9994490
53.2299999  12.9994594  12.9994594
53.2399999  12.9994700  12.9994700
53.2499999  12.9994807  12.9994807
53.2599999  12.9994915  12.9994915
53.2699999  12.9995025  12.9995025
53.2799999  12.9995136  12.9995136
53.2899999  12.9995248  12.9995248
53.2999999  12.9995361  12.9995361
53.3099999  12.9995475  12.9995475
53.3199999  12.9995591  12.9995591
53.3299999  12.9995707  12.9995707
53.3399999  12.9995825  12.9995825
53.3499999  12.9995943  12.9995943
53.3599999  12.9996063  12.9996063
53.3699999  12.9996183  12.9996183
53.3799999  12.9996304  12.9996304
53.3899999  12.9996426  12.9996426
53.3999999  12.9996549  12.9996549
53.4099999  12.9996672  12.9996672
53.4199999  12.9996796  12.9996796
53.4299999  12.9996921  12.9996921
53.4399999  12.9997046  12.9997046
53.4499999  12.9997172  12.9997172
53.4599999  12.9997298  12.9997298
53.4699999  12.9997425  12.9997425
53.4799999  12.9997552  12.9997552
53.4899999  12.9997680  12.9997680
53.4999999  12.9997808  12.9997808
53.5099999  12.9997936  12.9997936
53.5199999  12.9998064  12.9998064
53.5299999  12.9998193  12.9998193
53.5399999  12.9998322  12.9998322
53.5499999  12.9998451  12.9998451
53.5599999  12.9998580  12.9998580
53.5699999  12.9998709  12.9998709
53.5799999  12.9998838  12.9998838
53.5899999  12.9998967  12.9998967
53.5999999  12.9999096  12.9999096
53.6099999  12.9999225  12.9999225
53.6199999  12.9999354  12.9999354
53.6299999  12.9999482  12.9999482
53.6399999  12.9999610  12.9999610
53.6499999  12.9999738  12.9999738
53.6599999  12.9999866  12.9999866
53.6699999  12.9999993  12.9999993
53.6799999  13.0000120  13.0000120
53.6899999  13.0000246  13.0000246
53.6999999  13.0000372  13.0000372
53.7099999  13.0000498  13.0000498
53.7199999  13.0000622  13.0000622
53.7299999  13.0000747  13.0000747
53.7399999  13.0000870  13.0000870
53.7499999  13.0000993  13.0000993
53.7599999  13.0001115  13.0001115
53.7699999  13.0001237  13.0001237
53.7799999  13.0001357  13.0001357
53.7899999  13.0001477  13.0001477
53.7999999  13.0001596  13.0001596
53.8099999  13.0001714  13.0001714
53.8199999  13.0001831  13.0001831
53.8299999  13.0001948  13.0001948
53.8399999  13.0002063  13.0002063
53.8499999  13.0002177  13.0002177
53.8599999  13.0002290  13.0002290
53.8699999  13.0002402  13.0002402
53.8799999  13.0002513  13.0002513
53.8899999  13.0002622  13.0002622
53.8999999  13.0002731  13.0002731
53.9099999  13.0002838  13.0002838
53.9199999  13.0002944  13.0002944
53.9299999  13.0003049  13.0003049
53.9399999  13.0003152  13.0003152
53.9499999  13.0003254  13.0003254
53.9599999  13.0003355  13.0003355
53.9699999  13.0003454  13.0003454
53.9799999  13.0003552  13.0003552
53.9899999  13.0003648  13.0003648
53.9999999  13.0003743  13.0003743
54.0099999  13.0003837  13.0003837
54.0199999  13.0003929  13.0003929
54.0299999  13.0004019  13.0004019
54.0399999  13.0004108  13.0004108
54.0499999  13.0004195  13.0004195
54.0599999  13.0004280  13.0004280
54.0699999  13.0004364  13.0004364
54.0799999  13.0004446  13.0004446
54.0899999  13.0004527  13.0004527
54.0999999  13.0004605  13.0004605
54.1099999  13.0004682  13.0004682
54.1199999  13.0004758  13.0004758
54.1299999  13.0004831  13.0004831
54.1399999  13.0004903  13.0004903
54.1499999  13.0004973  13.0004973
54.1599999  13.0005041  13.0005041
54.1699999  13.0005107  13.0005107
54.1799999  13.0005171  13.0005171
54.1899999  13.0005234  13.0005234
54.1999999  13.0005294  13.0005294
54.2099999  13.0005353  13.0005353
54.2199999  13.0005410  13.0005410
54.2299999  13.0005465  13.0005465
54.2399999  13.0005518  13.0005518
54.2499999  13.0005569  13.0005569
54.2599999  13.0005618  13.0005618
54.2699999  13.0005665  13.0005665
54.2799999  13.0005710  13.0005710
54.2899999  13.0005753  13.0005753
54.2999999  13.0005795  13.0005795
54.3099999  13.0005834  13.0005834
54.3199999  13.0005871  13.0005871
54.3299999  13.0005906  13.0005906
54.3399999  13.0005939  13.0005939
54.3499999  13.0005970  13.0005970
54.3599999  13.0005999  13.0005999
54.3699999  13.0006026  13.0006026
54.3799999  13.0006052  13.0006052
54.3899999  13.0006075  13.0006075
54.3999999  13.0006096  13.0006096
54.4099999  13.0006115  13.0006115
54.4199999  13.0006131  13.0006131
54.4299999  13.0006146  13.0006146
54.4399999  13.0006159  13.0006159
54.4499999  13.0006170  13.0006170
54.4599999  13.0006179  13.0006179
54.4699999  13.0006186  13.0006186
54.4799999  13.0006191  13.0006191
54.4899999  13.0006194  13.0006194
54.4999999  13.0006194  13.0006194
54.5099999  13.0006193  13.0006193
54.5199999  13.0006190  13.0006190
54.5299999  13.0006185  13.0006185
54.5399999  13.0006178  13.0006178
54.5499999  13.0006169  13.0006169
54.5599999  13.0006158  13.0006158
54.5699999  13.0006145  13.0006145
54.5799999  13.0006130  13.0006130
54.5899999  13.0006113  13.0006113
54.5999999  13.0006094  13.0006094
54.6099999  13.0006074  13.0006074
54.6199999  13.0006051  13.0006051
54.6299999  13.0006027  13.0006027
54.6399999  13.0006001  13.0006001
54.6499999  13.0005973  13.0005973
54.6599999  13.0005943  13.0005943
54.6699999  13.0005911  13.0005911
54.6799999  13.0005877  13.0005877
54.6899999  13.0005842  13.0005842
54.6999999  13.0005805  13.0005805
54.7099999  13.0005766  13.0005766
54.7199999  13.0005726  13.0005726
54.7299999  13.0005683  13.0005683
54.7399999  13.0005639  13.0005639
54.7499999  13.0005594  13.0005594
54.7599999  13.0005546  13.0005546
54.7699999  13.0005498  13.0005498
54.7799999  13.0005447  13.0005447
54.7899999  13.0005395  13.0005395
54.7999999  13.0005341  13.0005341
54.8099999  13.0005286  13.0005286
54.8199999  13.0005229  13.0005229
54.8299999  13.0005171  13.0005171
54.8399999  13.0005111  13.0005111
54.8499999  13.0005050  13.0005050
54.8599999  13.0004988  13.0004988
54.8699999  13.0004924  13.0004924
54.8799999  13.0004858  13.0004858
54.8899999  13.0004791  13.0004791
54.8999999  13.0004723  13.0004723
54.9099999  13.0004654  13.0004654
54.9199999  13.0004583  13.0004583
54.9299999  13.0004512  13.0004512
54.9399999  13.0004438  13.0004438
54.9499999  13.0004364  13.0004364
54.9599999  13.0004289  13.0004289
54.9699999  13.0004212  13.0004212
54.9799999  13.0004134  13.0004134
54.9899999  13.0004056  13.0004056
54.9999999  13.0003976  13.0003976
55.0099999  13.0003895  13.0003895
55.0199999  13.0003813  13.0003813
55.0299999  13.0003730  13.0003730
55.0399999  13.0003647  13.0003647
55.0499999  13.0003562  13.0003562
55.0599999  13.0003476  13.0003476
55.0699999  13.0003390  13.0003390
55.0799999  13.0003303  13.0003303
55.0899999  13.0003215  13.0003215
55.0999999  13.0003126  13.0003126
55.1099999  13.0003037  13.0003037
55.1199999  13.0002947  13.0002947
55.1299999  13.0002856  13.0002856
55.1399999  13.0002765  13.0002765
55.1499999  13.0002673  13.0002673
55.1599999  13.0002580  13.0002580
55.1699999  13.0002487  13.0002487
55.1799999  13.0002393  13.0002393
55.1899999  13.0002299  13.0002299
55.1999999  13.0002205  13.0002205
55.2099999  13.0002110  13.0002110
55.2199999  13.0002015  13.0002015
55.2299999  13.0001919  13.0001919
55.2399999  13.0001823  13.0001823
55.2499999  13.0001727  13.0001727
55.2599999  13.0001631  13.0001631
55.2699999  13.0001534  13.0001534
55.2799999  13.0001437  13.0001437
55.2899999  13.0001340  13.0001340
55.2999999  13.0001243  13.0001243
55.3099999  13.0001146  13.0001146
55.3199999  13.0001049  13.0001049
55.3299999  13.0000951  13.0000951
55.3399999  13.0000854  13.0000854
55.3499999  13.0000757  13.0000757
55.3599999  13.0000660  13.0000660
55.3699999  13.0000563  13.0000563
55.3799999  13.0000466  13.0000466
55.3899999  13.0000369  13.0000369
55.3999999  13.0000272  13.0000272
55.4099999  13.0000176  13.0000176
55.4199999  13.0000080  13.0000080
55.4299999  12.9999984  12.9999984
55.4399999  12.9999888  12.9999888
55.4499999  12.9999793  12.9999793
55.4599999  12.9999699  12.9999699
55.4699999  12.9999604  12.9999604
55.4799999  12.9999510  12.9999510
55.4899999  12.9999417  12.9999417
55.4999999  12.9999324  12.9999324
55.5099999  12.9999231  12.9999231
55.5199999  12.9999139  12.9999139
55.5299999  12.9999048  12.9999048
55.5399999  12.9998957  12.9998957
55.5499999  12.9998867  12.9998867
55.5599999  12.9998777  12.9998777
55.5699999  12.9998689  12.9998689
55.5799999  12.9998601  12.9998601
55.5899999  12.9998513  12.9998513
55.5999999  12.9998427  12.9998427
55.6099999  12.9998341  12.9998341
55.6199999  12.9998256  12.9998256
55.6299999  12.9998171  12.9998171
55.6399999  12.9998088  12.9998088
55.6499999  12.9998006  12.9998006
55.6599999  12.9997924  12.9997924
55.6699999  12.9997844  12.9997844
55.6799999  12.9997764  12.9997764
55.6899999  12.9997685  12.9997685
55.6999999  12.9997607  12.9997607
55.7099999  12.9997531  12.9997531
55.7199999  12.9997455  12.9997455
55.7299999  12.9997381  12.9997381
55.7399999  12.9997307  12.9997307
55.7499999  12.9997235  12.9997235
55.7599999  12.9997163  12.9997163
55.7699999  12.9997093  12.9997093
55.7799999  12.9997024  12.9997024
55.7899999  12.9996957  12.9996957
55.7999999  12.9996890  12.9996890
55.8099999  12.9996825  12.9996825
55.8199999  12.9996760  12.9996760
55.8299999  12.9996698  12.9996698
55.8399999  12.9996636  12.9996636
55.8499999  12.9996576  12.9996576
55.8599999  12.9996516  12.9996516
55.8699999  12.9996459  12.9996459
55.8799999  12.9996402  12.9996402
55.8899999  12.9996347  12.9996347
55.8999999  12.9996293  12.9996293
55.9099999  12.9996241  12.9996241
55.9199999  12.9996190  12.9996190
55.9299999  12.9996140  12.9996140
55.9399999  12.9996092  12.9996092
55.9499999  12.9996045  12.9996045
55.9599999  12.9996000  12.9996000
55.9699999  12.9995956  12.9995956
55.9799999  12.9995914  12.9995914
55.9899999  12.9995873  12.9995873
55.9999999  12.9995833  12.9995833
56.0099999  12.9995795  12.9995795
56.0199999  12.9995758  12.9995758
56.0299999  12.9995723  12.9995723
56.0399999  12.9995689  12.9995689
56.0499999  12.9995657  12.9995657
56.0599999  12.9995626  12.9995626
56.0699999  12.9995597  12.9995597
56.0799999  12.9995570  12.9995570
56.0899999  12.9995543  12.9995543
56.0999999  12.9995519  12.9995519
56.1099999  12.9995496  12.9995496
56.1199999  12.9995474  12.9995474
56.1299999  12.9995454  12.9995454
56.1399999  12.9995435  12.9995435
56.1499999  12.9995418  12.9995418
56.1599999  12.9995403  12.9995403
56.1699999  12.9995389  12.9995389
56.1799999  12.9995376  12.9995376
56.1899999  12.9995365  12.9995365
56.1999999  12.9995356  12.9995356
56.2099999  12.9995348  12.9995348
56.2199999  12.9995342  12.9995342
56.2299999  12.9995337  12.9995337
56.2399999  12.9995334  12.9995334
56.2499999  12.9995332  12.9995332
56.2599999  12.9995332  12.9995332
56.2699999  12.9995333  12.9995333
56.2799999  12.9995335  12.9995335
56.2899999  12.9995340  12.9995340
56.2999999  12.9995345  12.9995345
56.3099999  12.9995352  12.9995352
56.3199999  12.9995361  12.9995361
56.3299999  12.9995371  12.9995371
56.3399999  12.9995383  12.9995383
56.3499999  12.9995396  12.9995396
56.3599999  12.9995410  12.9995410
56.3699999  12.9995426  12.9995426
56.3799999  12.9995443  12.9995443
56.3899999  12.9995462  12.9995462
56.3999999  12.9995482  12.9995482
56.4099999  12.9995503  12.9995503
56.4199999  12.9995526  12.9995526
56.4299999  12.9995550  12.9995550
56.4399999  12.9995576  12.9995576
56.4499999  12.9995603  12.9995603
56.4599999  12.9995631  12.9995631
56.4699999  12.9995661  12.9995661
56.4799999  12.9995691  12.9995691
56.4899999  12.9995724  12.9995724
56.4999999  12.9995757  12.9995757
56.5099999  12.9995792  12.9995792
56.5199999  12.9995827  12.9995827
56.5299999  12.9995865  12.9995865
56.5399999  12.9995903  12.9995903
56.5499999  12.9995942  12.9995942
56.5599999  12.9995983  12.9995983
56.5699999  12.9996025  12.9996025
56.5799999  12.9996068  12.9996068
56.5899999  12.9996112  12.9996112
56.5999999  12.9996157  12.9996157
56.6099999  12.9996204  12.9996204
56.6199999  12.9996251  12.9996251
56.6299999  12.9996300  12.9996300
56.6399999  12.9996349  12.9996349
56.6499999  12.9996399  12.9996399
56.6599999  12.9996451  12.9996451
56.6699999  12.9996503  12.9996503
56.6799999  12.9996557  12.9996557
56.6899999  12.9996611  12.9996611
56.6999999  12.9996666  12.9996666
56.7099999  12.9996723  12.9996723
56.7199999  12.9996780  12.9996780
56.7299999  12.9996838  12.9996838
56.7399999  12.9996896  12.9996896
56.7499999  12.9996956  12.9996956
56.7599999  12.9997016  12.9997016
56.7699999  12.9997077  12.9997077
56.7799999  12.9997139  12.9997139
56.7899999  12.9997202  12.9997202
56.7999999  12.9997265  12.9997265
56.8099999  12.9997329  12.9997329
56.8199999  12.9997393  12.9997393
56.8299999  12.9997458  12.9997458
56.8399999  12.9997524  12.9997524
56.8499999  12.9997591  12.9997591
56.8599999  12.9997658  12.9997658
56.8699999  12.9997725  12.9997725
56.8799999  12.9997793  12.9997793
56.8899999  12.9997862  12.9997862
56.8999999  12.9997931  12.9997931
56.9099999  12.9998000  12.9998000
56.9199999  12.9998070  12.9998070
56.9299999  12.9998140  12.9998140
56.9399999  12.9998211  12.9998211
56.9499999  12.9998282  12.9998282
56.9599999  12.9998353  12.9998353
56.9699999  12.9998424  12.9998424
56.9799999  12.9998496  12.9998496
56.9899999  12.9998568  12.9998568
56.9999999  12.9998641  12.9998641
57.0099999  12.9998713  12.9998713
57.0199999  12.9998786  12.9998786
57.0299999  12.9998859  12.9998859
57.0399999  12.9998932  12.9998932
57.0499999  12.9999005  12.9999005
57.0599999  12.9999078  12.9999078
57.0699999  12.9999151  12.9999151
57.0799999  12.9999225  12.9999225
57.0899999  12.9999298  12.9999298
57.0999999  12.9999371  12.9999371
57.1099999  12.9999444  12.9999444
57.1199999  12.9999518  12.9999518
57.1299999  12.9999591  12.9999591
57.1399999  12.9999664  12.9999664
57.1499999  12.9999737  12.9999737
57.1599999  12.9999809  12.9999809
57.1699999  12.9999882  12.9999882
57.1799999  12.9999954  12.9999954
57.1899999  13.0000026  13.0000026
57.1999999  13.0000098  13.0000098
57.2099999  13.0000170  13.0000170
57.2199999  13.0000241  13.0000241
57.2299999  13.0000312  13.0000312
57.2399999  13.0000383  13.0000383
57.2499999  13.0000454  13.0000454
57.2599999  13.0000524  13.0000524
57.2699999  13.0000593  13.0000593
57.2799999  13.0000662  13.0000662
57.2899999  13.0000731  13.0000731
57.2999999  13.0000799  13.0000799
57.3099999  13.0000867  13.0000867
57.3199999  13.0000935  13.0000935
57.3299999  13.0001001  13.0001001
57.3399999  13.0001068  13.0001068
57.3499999  13.0001133  13.0001133
57.3599999  13.0001199  13.0001199
57.3699999  13.0001263  13.0001263
57.3799999  13.0001327  13.0001327
57.3899999  13.0001390  13.0001390
57.3999999  13.0001453  13.0001453
57.4099999  13.0001515  13.0001515
57.4199999  13.0001576  13.0001576
57.4299999  13.0001637  13.0001637
57.4399999  13.0001697  13.0001697
57.4499999  13.0001756  13.0001756
57.4599999  13.0001814  13.0001814
57.4699999  13.0001872  13.0001872
57.4799999  13.0001929  13.0001929
57.4899999  13.0001985  13.0001985
57.4999999  13.0002040  13.0002040
57.5099999  13.0002094  13.0002094
57.5199999  13.0002148  13.0002148
57.5299999  13.0002200  13.0002200
57.5399999  13.0002252  13.0002252
57.5499999  13.0002303  13.0002303
57.5599999  13.0002353  13.0002353
57.5699999  13.0002402  13.0002402
57.5799999  13.0002450  13.0002450
57.5899999  13.0002498  13.0002498
57.5999999  13.0002544  13.0002544
57.6099999  13.0002589  13.0002589
57.6199999  13.0002633  13.0002633
57.6299999  13.0002677  13.0002677
57.6399999  13.0002719  13.0002719
57.6499999  13.0002760  13.0002760
57.6599999  13.0002801  13.0002801
57.6699999  13.0002840  13.0002840
57.6799999  13.0002878  13.0002878
57.6899999  13.0002915  13.0002915
57.6999999  13.0002951  13.0002951
57.7099999  13.0002986  13.0002986
57.7199999  13.0003020  13.0003020
57.7299999  13.0003053  13.0003053
57.7399999  13.0003085  13.0003085
57.7499999  13.0003116  13.0003116
57.7599999  13.0003145  13.0003145
57.7699999  13.0003174  13.0003174
57.7799999  13.0003201  13.0003201
57.7899999  13.0003227  13.0003227
57.7999999  13.0003253  13.0003253
57.8099999  13.0003277  13.0003277
57.8199999  13.0003299  13.0003299
57.8299999  13.0003321  13.0003321
57.8399999  13.0003342  13.0003342
57.8499999  13.0003361  13.0003361
57.8599999  13.0003380  13.0003380
57.8699999  13.0003397  13.0003397
57.8799999  13.0003413  13.0003413
57.8899999  13.0003428  13.0003428
57.8999999  13.0003442  13.0003442
57.9099999  13.0003454  13.0003454
57.9199999  13.0003466  13.0003466
57.9299999  13.0003476  13.0003476
57.9399999  13.0003485  13.0003485
57.9499999  13.0003493  13.0003493
57.9599999  13.0003500  13.0003500
57.9699999  13.0003505  13.0003505
57.9799999  13.0003510  13.0003510
57.9899999  13.0003513  13.0003513
57.9999999  13.0003516  13.0003516
58.0099999  13.0003517  13.0003517
58.0199999  13.0003517  13.0003517
58.0299999  13.0003516  13.0003516
58.0399999  13.0003513  13.0003513
58.0499999  13.0003510  13.0003510
58.0599999  13.0003506  13.0003506
58.0699999  13.0003500  13.0003500
58.0799999  13.0003493  13.0003493
58.0899999  13.0003485  13.0003485
58.0999999  13.0003476  13.0003476
58.1099999  13.0003466  13.0003466
58.1199999  13.0003455  13.0003455
58.1299999  13.0003443  13.0003443
58.1399999  13.0003430  13.0003430
58.1499999  13.0003416  13.0003416
58.1599999  13.0003400  13.0003400
58.1699999  13.0003384  13.0003384
58.1799999  13.0003366  13.0003366
58.1899999  13.0003348  13.0003348
58.1999999  13.0003329  13.0003329
58.2099999  13.0003308  13.0003308
58.2199999  13.0003287  13.0003287
58.2299999  13.0003264  13.0003264
58.2399999  13.0003241  13.0003241
58.2499999  13.0003216  13.0003216
58.2599999  13.0003191  13.0003191
58.2699999  13.0003165  13.0003165
58.2799999  13.0003137  13.0003137
58.2899999  13.0003109  13.0003109
58.2999999  13.0003080  13.0003080
58.3099999  13.0003050  13.0003050
58.3199999  13.0003019  13.0003019
58.3299999  13.0002988  13.0002988
58.3399999  13.0002955  13.0002955
58.3499999  13.0002922  13.0002922
58.3599999  13.0002887  13.0002887
58.3699999  13.0002852  13.0002852
58.3799999  13.0002816  13.0002816
58.3899999  13.0002780  13.0002780
58.3999999  13.0002742  13.0002742
58.4099999  13.0002704  13.0002704
58.4199999  13.0002665  13.0002665
58.4299999  13.0002625  13.0002625
58.4399999  13.0002585  13.0002585
58.4499999  13.0002544  13.0002544
58.4599999  13.0002502  13.0002502
58.4699999  13.0002460  13.0002460
58.4799999  13.0002417  13.0002417
58.4899999  13.0002373  13.0002373
58.4999999  13.0002328  13.0002328
58.5099999  13.0002283  13.0002283
58.5199999  13.0002238  13.0002238
58.5299999  13.0002192  13.0002192
58.5399999  13.0002145  13.0002145
58.5499999  13.0002098  13.0002098
58.5599999  13.0002050  13.0002050
58.5699999  13.0002002  13.0002002
58.5799999  13.0001953  13.0001953
58.5899999  13.0001904  13.0001904
58.5999999  13.0001854  13.0001854
58.6099999  13.0001804  13.0001804
58.6199999  13.0001753  13.0001753
58.6299999  13.0001702  13.0001702
58.6399999  13.0001651  13.0001651
58.6499999  13.0001599  13.0001599
58.6599999  13.0001547  13.0001547
58.6699999  13.0001495  13.0001495
58.6799999  13.0001442  13.0001442
58.6899999  13.0001389  13.0001389
58.6999999  13.0001336  13.0001336
58.7099999  13.0001283  13.0001283
58.7199999  13.0001229  13.0001229
58.7299999  13.0001175  13.0001175
58.7399999  13.0001121  13.0001121
58.7499999  13.0001066  13.0001066
58.7599999  13.0001012  13.0001012
58.7699999  13.0000957  13.0000957
58.7799999  13.0000902  13.0000902
58.7899999  13.0000847  13.0000847
58.7999999  13.0000792  13.0000792
58.8099999  13.0000737  13.0000737
58.8199999  13.0000682  13.0000682
58.8299999  13.0000627  13.0000627
58.8399999  13.0000572  13.0000572
58.8499999  13.0000516  13.0000516
58.8599999  13.0000461  13.0000461
58.8699999  13.0000406  13.0000406
58.8799999  13.0000351  13.0000351
58.8899999  13.0000296  13.0000296
58.8999999  13.0000241  13.0000241
58.9099999  13.0000186  13.0000186
58.9199999  13.0000131  13.0000131
58.9299999  13.0000076  13.0000076
58.9399999  13.0000022  13.0000022
58.9499999  12.9999968  12.9999968
58.9599999  12.9999913  12.9999913
58.9699999  12.9999860  12.9999860
58.9799999  12.9999806  12.9999806
58.9899999  12.9999752  12.9999752
58.9999999  12.9999699  12.9999699
59.0099999  12.9999646  12.9999646
59.0199999  12.9999593  12.9999593
59.0299999  12.9999541  12.9999541
59.0399999  12.9999489  12.9999489
59.0499999  12.9999437  12.9999437
59.0599999  12.9999386  12.9999386
59.0699999  12.9999335  12.9999335
59.0799999  12.9999284  12.9999284
59.0899999  12.9999234  12.9999234
59.0999999  12.9999184  12.9999184
59.1099999  12.9999135  12.9999135
59.1199999  12.9999086  12.9999086
59.1299999  12.9999037  12.9999037
59.1399999  12.9998989  12.9998989
59.1499999  12.9998941  12.9998941
59.1599999  12.9998894  12.9998894
59.1699999  12.9998848  12.9998848
59.1799999  12.9998802  12.9998802
59.1899999  12.9998756  12.9998756
59.1999999  12.9998711  12.9998711
59.2099999  12.9998667  12.9998667
59.2199999  12.9998623  12.9998623
59.2299999  12.9998579  12.9998579
59.2399999  12.9998537  12.9998537
59.2499999  12.9998495  12.9998495
59.2599999  12.9998453  12.9998453
59.2699999  12.9998412  12.9998412
59.2799999  12.9998372  12.9998372
59.2899999  12.9998333  12.9998333
59.2999999  12.9998294  12.9998294
59.3099999  12.9998256  12.9998256
59.3199999  12.9998218  12.9998218
59.3299999  12.9998181  12.9998181
59.3399999  12.9998145  12.9998145
59.3499999  12.9998110  12.9998110
59.3599999  12.9998075  12.9998075
59.3699999  12.9998041  12.9998041
59.3799999  12.9998008  12.9998008
59.3899999  12.9997975  12.9997975
59.3999999  12.9997944  12.9997944
59.4099999  12.9997913  12.9997913
59.4199999  12.9997883  12.9997883
59.4299999  12.9997853  12.9997853
59.4399999  12.9997824  12.9997824
59.4499999  12.9997797  12.9997797
59.4599999  12.9997770  12.9997770
59.4699999  12.9997743  12.9997743
59.4799999  12.9997718  12.9997718
59.4899999  12.9997693  12.9997693
59.4999999  12.9997670  12.9997670
59.5099999  12.9997647  12.9997647
59.5199999  12.9997624  12.9997624
59.5299999  12.9997603  12.9997603
59.5399999  12.9997583  12.9997583
59.5499999  12.9997563  12.9997563
59.5599999  12.9997544  12.9997544
59.5699999  12.9997526  12.9997526
59.5799999  12.9997509  12.9997509
59.5899999  12.9997493  12.9997493
59.5999999  12.9997478  12.9997478
59.6099999  12.9997463  12.9997463
59.6199999  12.9997450  12.9997450
59.6299999  12.9997437  12.9997437
59.6399999  12.9997425  12.9997425
59.6499999  12.9997414  12.9997414
59.6599999  12.9997404  12.9997404
59.6699999  12.9997394  12.9997394
59.6799999  12.9997386  12.9997386
59.6899999  12.9997378  12.9997378
59.6999999  12.9997372  12.9997372
59.7099999  12.9997366  12.9997366
59.7199999  12.9997361  12.9997361
59.7299999  12.9997357  12.9997357
59.7399999  12.9997354  12.9997354
59.7499999  12.9997351  12.9997351
59.7599999  12.9997350  12.9997350
59.7699999  12.9997349  12.9997349
59.7799999  12.9997349  12.9997349
59.7899999  12.9997350  12.9997350
59.7999999  12.9997352  12.9997352
59.8099999  12.9997355  12.9997355
59.8199999  12.9997358  12.9997358
59.8299999  12.9997363  12.9997363
59.8399999  12.9997368  12.9997368
59.8499999  12.9997374  12.9997374
59.8599999  12.9997381  12.9997381
59.8699999  12.9997389  12.9997389
59.8799999  12.9997397  12.9997397
59.8899999  12.9997407  12.9997407
59.8999999  12.9997417  12.9997417
59.9099999  12.9997428  12.9997428
59.9199999  12.9997439  12.9997439
59.9299999  12.9997452  12.9997452
59.9399999  12.9997465  12.9997465
59.9499999  12.9997479  12.9997479
59.9599999  12.9997494  12.9997494
59.9699999  12.9997510  12.9997510
59.9799999  12.9997526  12.9997526
59.9899999  12.9997543  12.9997543
59.9999999  12.9997561  12.9997561
60.0099999  12.9997580  12.9997580
60.0199999  12.9997599  12.9997599
60.0299999  12.9997619  12.9997619
60.0399999  12.9997640  12.9997640
60.0499999  12.9997661  12.9997661
60.0599999  12.9997683  12.9997683
60.0699999  12.9997706  12.9997706
60.0799999  12.9997729  12.9997729
60.0899999  12.9997753  12.9997753
60.0999999  12.9997778  12.9997778
60.1099999  12.9997803  12.9997803
60.1199999  12.9997829  12.9997829
60.1299999  12.9997856  12.9997856
60.1399999  12.9997883  12.9997883
60.1499999  12.9997911  12.9997911
60.1599999  12.9997939  12.9997939
60.1699999  12.9997968  12.9997968
60.1799999  12.9997997  12.9997997
60.1899999  12.9998027  12.9998027
60.1999999  12.9998058  12.9998058
60.2099999  12.9998089  12.9998089
60.2199999  12.9998121  12.9998121
60.2299999  12.9998153  12.9998153
60.2399999  12.9998185  12.9998185
60.2499999  12.9998218  12.9998218
60.2599999  12.9998252  12.9998252
60.2699999  12.9998286  12.9998286
60.2799999  12.9998320  12.9998320
60.2899999  12.9998355  12.9998355
60.2999999  12.9998390  12.9998390
60.3099999  12.9998426  12.9998426
60.3199999  12.9998462  12.9998462
60.3299999  12.9998499  12.9998499
60.3399999  12.9998535  12.9998535
60.3499999  12.9998573  12.9998573
60.3599999  12.9998610  12.9998610
60.3699999  12.9998648  12.9998648
60.3799999  12.9998686  12.9998686
60.3899999  12.9998724  12.9998724
60.3999999  12.9998763  12.9998763
60.4099999  12.9998802  12.9998802
60.4199999  12.9998841  12.9998841
60.4299999  12.9998881  12.9998881
60.4399999  12.9998921  12.9998921
60.4499999  12.9998961  12.9998961
60.4599999  12.9999001  12.9999001
60.4699999  12.9999041  12.9999041
60.4799999  12.9999082  12.9999082
60.4899999  12.9999122  12.9999122
60.4999999  12.9999163  12.9999163
60.5099999  12.9999204  12.9999204
60.5199999  12.9999245  12.9999245
60.5299999  12.9999287  12.9999287
60.5399999  12.9999328  12.9999328
60.5499999  12.9999369  12.9999369
60.5599999  12.9999411  12.9999411
60.5699999  12.9999452  12.9999452
60.5799999  12.9999494  12.9999494
60.5899999  12.9999536  12.9999536
60.5999999  12.9999577  12.9999577
60.6099999  12.9999619  12.9999619
60.6199999  12.9999660  12.9999660
60.6299999  12.9999702  12.9999702
60.6399999  12.9999744  12.9999744
60.6499999  12.9999785  12.9999785
60.6599999  12.9999826  12.9999826
60.6699999  12.9999868  12.9999868
60.6799999  12.9999909  12.9999909
60.6899999  12.9999950  12.9999950
60.6999999  12.9999991  12.9999991
60.7099999  13.0000032  13.0000032
60.7199999  13.0000073  13.0000073
60.7299999  13.0000114  13.0000114
60.7399999  13.0000154  13.0000154
60.7499999  13.0000194  13.0000194
60.7599999  13.0000234  13.0000234
60.7699999  13.0000274  13.0000274
60.7799999  13.0000314  13.0000314
60.7899999  13.0000353  13.0000353
60.7999999  13.0000392  13.0000392
60.8099999  13.0000431  13.0000431
60.8199999  13.0000470  13.0000470
60.8299999  13.0000508  13.0000508
60.8399999  13.0000547  13.0000547
60.8499999  13.0000584  13.0000584
60.8599999  13.0000622  13.0000622
60.8699999  13.0000659  13.0000659
60.8799999  13.0000696  13.0000696
60.8899999  13.0000732  13.0000732
60.8999999  13.0000769  13.0000769
60.9099999  13.0000804  13.0000804
60.9199999  13.0000840  13.0000840
60.9299999  13.0000875  13.0000875
60.9399999  13.0000909  13.0000909
60.9499999  13.0000944  13.0000944
60.9599999  13.0000978  13.0000978
60.9699999  13.0001011  13.0001011
60.9799999  13.0001044  13.0001044
60.9899999  13.0001076  13.0001076
60.9999999  13.0001108  13.0001108
61.0099999  13.0001140  13.0001140
61.0199999  13.0001171  13.0001171
61.0299999  13.0001202  13.0001202
61.0399999  13.0001232  13.0001232
61.0499999  13.0001262  13.0001262
61.0599999  13.0001291  13.0001291
61.0699999  13.0001320  13.0001320
61.0799999  13.0001348  13.0001348
61.0899999  13.0001375  13.0001375
61.0999999  13.0001403  13.0001403
61.1099999  13.0001429  13.0001429
61.1199999  13.0001455  13.0001455
61.1299999  13.0001481  13.0001481
61.1399999  13.0001506  13.0001506
61.1499999  13.0001530  13.0001530
61.1599999  13.0001554  13.0001554
61.1699999  13.0001577  13.0001577
61.1799999  13.0001599  13.0001599
61.1899999  13.0001621  13.0001621
61.1999999  13.0001643  13.0001643
61.2099999  13.0001664  13.0001664
61.2199999  13.0001684  13.0001684
61.2299999  13.0001704  13.0001704
61.2399999  13.0001723  13.0001723
61.2499999  13.0001741  13.0001741
61.2599999  13.0001759  13.0001759
61.2699999  13.0001776  13.0001776
61.2799999  13.0001793  13.0001793
61.2899999  13.0001809  13.0001809
61.2999999  13.0001824  13.0001824
61.3099999  13.0001838  13.0001838
61.3199999  13.0001852  13.0001852
61.3299999  13.0001866  13.0001866
61.3399999  13.0001879  13.0001879
61.3499999  13.0001891  13.0001891
61.3599999  13.0001902  13.0001902
61.3699999  13.0001913  13.0001913
61.3799999  13.0001923  13.0001923
61.3899999  13.0001932  13.0001932
61.3999999  13.0001941  13.0001941
61.4099999  13.0001949  13.0001949
61.4199999  13.0001957  13.0001957
61.4299999  13.0001964  13.0001964
61.4399999  13.0001970  13.0001970
61.4499999  13.0001976  13.0001976
61.4599999  13.0001981  13.0001981
61.4699999  13.0001985  13.0001985
61.4799999  13.0001988  13.0001988
61.4899999  13.0001991  13.0001991
61.4999999  13.0001994  13.0001994
61.5099999  13.0001995  13.0001995
61.5199999  13.0001996  13.0001996
61.5299999  13.0001997  13.0001997
61.5399999  13.0001996  13.0001996
61.5499999  13.0001996  13.0001996
61.5599999  13.0001994  13.0001994
61.5699999  13.0001992  13.0001992
61.5799999  13.0001989  13.0001989
61.5899999  13.0001985  13.0001985
61.5999999  13.0001981  13.0001981
61.6099999  13.0001977  13.0001977
61.6199999  13.0001971  13.0001971
61.6299999  13.0001965  13.0001965
61.6399999  13.0001959  13.0001959
61.6499999  13.0001952  13.0001952
61.6599999  13.0001944  13.0001944
61.6699999  13.0001936  13.0001936
61.6799999  13.0001927  13.0001927
61.6899999  13.0001917  13.0001917
61.6999999  13.0001907  13.0001907
61.7099999  13.0001896  13.0001896
61.7199999  13.0001885  13.0001885
61.7299999  13.0001873  13.0001873
61.7399999  13.0001861  13.0001861
61.7499999  13.0001848  13.0001848
61.7599999  13.0001834  13.0001834
61.7699999  13.0001820  13.0001820
61.7799999  13.0001805  13.0001805
61.7899999  13.0001790  13.0001790
61.7999999  13.0001774  13.0001774
61.8099999  13.0001758  13.0001758
61.8199999  13.0001742  13.0001742
61.8299999  13.0001724  13.0001724
61.8399999  13.0001707  13.0001707
61.8499999  13.0001688  13.0001688
61.8599999  13.0001670  13.0001670
61.8699999  13.0001650  13.0001650
61.8799999  13.0001631  13.0001631
61.8899999  13.0001611  13.0001611
61.8999999  13.0001590  13.0001590
61.9099999  13.0001569  13.0001569
61.9199999  13.0001548  13.0001548
61.9299999  13.0001526  13.0001526
61.9399999  13.0001503  13.0001503
61.9499999  13.0001481  13.0001481
61.9599999  13.0001458  13.0001458
61.9699999  13.0001434  13.0001434
61.9799999  13.0001410  13.0001410
61.9899999  13.0001386  13.0001386
61.9999999  13.0001361  13.0001361
62.0099999  13.0001336  13.0001336
62.0199999  13.0001311  13.0001311
62.0299999  13.0001285  13.0001285
62.0399999  13.0001259  13.0001259
62.0499999  13.0001233  13.0001233
62.0599999  13.0001206  13.0001206
62.0699999  13.0001179  13.0001179
62.0799999  13.0001152  13.0001152
62.0899999  13.0001125  13.0001125
62.0999999  13.0001097  13.0001097
62.1099999  13.0001069  13.0001069
62.1199999  13.0001040  13.0001040
62.1299999  13.0001012  13.0001012
62.1399999  13.0000983  13.0000983
62.1499999  13.0000954  13.0000954
62.1599999  13.0000925  13.0000925
62.1699999  13.0000895  13.0000895
62.1799999  13.0000866  13.0000866
62.1899999  13.0000836  13.0000836
62.1999999  13.0000806  13.0000806
62.2099999  13.0000776  13.0000776
62.2199999  13.0000746  13.0000746
62.2299999  13.0000715  13.0000715
62.2399999  13.0000685  13.0000685
62.2499999  13.0000654  13.0000654
62.2599999  13.0000623  13.0000623
62.2699999  13.0000592  13.0000592
62.2799999  13.0000561  13.0000561
62.2899999  13.0000530  13.0000530
62.2999999  13.0000499  13.0000499
62.3099999  13.0000468  13.0000468
62.3199999  13.0000436  13.0000436
62.3299999  13.0000405  13.0000405
62.3399999  13.0000374  13.0000374
62.3499999  13.0000342  13.0000342
62.3599999  13.0000311  13.0000311
62.3699999  13.0000280  13.0000280
62.3799999  13.0000248  13.0000248
62.3899999  13.0000217  13.0000217
62.3999999  13.0000186  13.0000186
62.4099999  13.0000154  13.0000154
62.4199999  13.0000123  13.0000123
62.4299999  13.0000092  13.0000092
62.4399999  13.0000061  13.0000061
62.4499999  13.0000030  13.0000030
62.4599999  12.9999999  12.9999999
62.4699999  12.9999968  12.9999968
62.4799999  12.9999938  12.9999938
62.4899999  12.9999907  12.9999907
62.4999999  12.9999877  12.9999877
62.5099999  12.9999846  12.9999846
62.5199999  12.9999816  12.9999816
62.5299999  12.9999786  12.9999786
62.5399999  12.9999756  12.9999756
62.5499999  12.9999727  12.9999727
62.5599999  12.9999697  12.9999697
62.5699999  12.9999668  12.9999668
62.5799999  12.9999639  12.9999639
62.5899999  12.9999610  12.9999610
62.5999999  12.9999581  12.9999581
62.6099999  12.9999553  12.9999553
62.6199999  12.9999525  12.9999525
62.6299999  12.9999497  12.9999497
62.6399999  12.9999469  12.9999469
62.6499999  12.9999441  12.9999441
62.6599999  12.9999414  12.9999414
62.6699999  12.9999387  12.9999387
62.6799999  12.9999361  12.9999361
62.6899999  12.9999334  12.9999334
62.6999999  12.9999308  12.9999308
62.7099999  12.9999283  12.9999283
62.7199999  12.9999257  12.9999257
62.7299999  12.9999232  12.9999232
62.7399999  12.9999207  12.9999207
62.7499999  12.9999183  12.9999183
62.7599999  12.9999159  12.9999159
62.7699999  12.9999135  12.9999135
62.7799999  12.9999112  12.9999112
62.7899999  12.9999089  12.9999089
62.7999999  12.9999066  12.9999066
62.8099999  12.9999044  12.9999044
62.8199999  12.9999022  12.9999022
62.8299999  12.9999000  12.9999000
62.8399999  12.9998979  12.9998979
62.8499999  12.9998958  12.9998958
62.8599999  12.9998938  12.9998938
62.8699999  12.9998918  12.9998918
62.8799999  12.9998899  12.9998899
62.8899999  12.9998879  12.9998879
62.8999999  12.9998861  12.9998861
62.9099999  12.9998842  12.9998842
62.9199999  12.9998825  12.9998825
62.9299999  12.9998807  12.9998807
62.9399999  12.9998790  12.9998790
62.9499999  12.9998774  12.9998774
62.9599999  12.9998758  12.9998758
62.9699999  12.9998742  12.9998742
62.9799999  12.9998727  12.9998727
62.9899999  12.9998712  12.9998712
62.9999999  12.9998698  12.9998698
63.0099999  12.9998684  12.9998684
63.0199999  12.9998671  12.9998671
63.0299999  12.9998658  12.9998658
63.0399999  12.9998646  12.9998646
63.0499999  12.9998634  12.9998634
63.0599999  12.9998622  12.9998622
63.0699999  12.9998612  12.9998612
63.0799999  12.9998601  12.9998601
63.0899999  12.9998591  12.9998591
63.0999999  12.9998582  12.9998582
63.1099999  12.9998573  12.9998573
63.1199999  12.9998564  12.9998564
63.1299999  12.9998556  12.9998556
63.1399999  12.9998549  12.9998549
63.1499999  12.9998542  12.9998542
63.1599999  12.9998535  12.9998535
63.1699999  12.9998529  12.9998529
63.1799999  12.9998523  12.9998523
63.1899999  12.9998518  12.9998518
63.1999999  12.9998514  12.9998514
63.2099999  12.9998510  12.9998510
63.2199999  12.9998506  12.9998506
63.2299999  12.9998503  12.9998503
63.2399999  12.9998500  12.9998500
63.2499999  12.9998498  12.9998498
63.2599999  12.9998497  12.9998497
63.2699999  12.9998495  12.9998495
63.2799999  12.9998495  12.9998495
63.2899999  12.9998495  12.9998495
63.2999999  12.9998495  12.9998495
63.3099999  12.9998496  12.9998496
63.3199999  12.9998497  12.9998497
63.3299999  12.9998499  12.9998499
63.3399999  12.9998501  12.9998501
63.3499999  12.9998504  12.9998504
63.3599999  12.9998507  12.9998507
63.3699999  12.9998510  12.9998510
63.3799999  12.9998515  12.9998515
63.3899999  12.9998519  12.9998519
63.3999999  12.9998524  12.9998524
63.4099999  12.9998530  12.9998530
63.4199999  12.9998536  12.9998536
63.4299999  12.9998542  12.9998542
63.4399999  12.9998549  12.9998549
63.4499999  12.9998556  12.9998556
63.4599999  12.9998564  12.9998564
63.4699999  12.9998572  12.9998572
63.4799999  12.9998581  12.9998581
63.4899999  12.9998590  12.9998590
63.4999999  12.9998599  12.9998599
63.5099999  12.9998609  12.9998609
63.5199999  12.9998619  12.9998619
63.5299999  12.9998630  12.9998630
63.5399999  12.9998641  12.9998641
63.5499999  12.9998653  12.9998653
63.5599999  12.9998665  12.9998665
63.5699999  12.9998677  12.9998677
63.5799999  12.9998690  12.9998690
63.5899999  12.9998703  12.9998703
63.5999999  12.9998716  12.9998716
63.6099999  12.9998730  12.9998730
63.6199999  12.9998744  12.9998744
63.6299999  12.9998759  12.9998759
63.6399999  12.9998773  12.9998773
63.6499999  12.9998789  12.9998789
63.6599999  12.9998804  12.9998804
63.6699999  12.9998820  12.9998820
63.6799999  12.9998836  12.9998836
63.6899999  12.9998853  12.9998853
63.6999999  12.9998870  12.9998870
63.7099999  12.9998887  12.9998887
63.7199999  12.9998904  12.9998904
63.7299999  12.9998922  12.9998922
63.7399999  12.9998940  12.9998940
63.7499999  12.9998959  12.9998959
63.7599999  12.9998977  12.9998977
63.7699999  12.9998996  12.9998996
63.7799999  12.9999015  12.9999015
63.7899999  12.9999035  12.9999035
63.7999999  12.9999054  12.9999054
63.8099999  12.9999074  12.9999074
63.8199999  12.9999094  12.9999094
63.8299999  12.9999115  12.9999115
63.8399999  12.9999135  12.9999135
63.8499999  12.9999156  12.9999156
63.8599999  12.9999177  12.9999177
63.8699999  12.9999198  12.9999198
63.8799999  12.9999220  12.9999220
63.8899999  12.9999241  12.9999241
63.8999999  12.9999263  12.9999263
63.9099999  12.9999285  12.9999285
63.9199999  12.9999307  12.9999307
63.9299999  12.9999329  12.9999329
63.9399999  12.9999351  12.9999351
63.9499999  12.9999374  12.9999374
63.9599999  12.9999397  12.9999397
63.9699999  12.9999419  12.9999419
63.9799999  12.9999442  12.9999442
63.9899999  12.9999465  12.9999465
63.9999999  12.9999488  12.9999488
64.0099999  12.9999511  12.9999511
64.0199999  12.9999535  12.9999535
64.0299999  12.9999558  12.9999558
64.0399999  12.9999581  12.9999581
64.0499999  12.9999605  12.9999605
64.0599999  12.9999628  12.9999628
64.0699999  12.9999652  12.9999652
64.0799999  12.9999675  12.9999675
64.0899999  12.9999699  12.9999699
64.0999999  12.9999722  12.9999722
64.1099999  12.9999746  12.9999746
64.1199999  12.9999770  12.9999770
64.1299999  12.9999793  12.9999793
64.1399999  12.9999817  12.9999817
64.1499999  12.9999841  12.9999841
64.1599999  12.9999864  12.9999864
64.1699999  12.9999888  12.9999888
64.1799999  12.9999911  12.9999911
64.1899999  12.9999935  12.9999935
64.1999999  12.9999958  12.9999958
64.2099999  12.9999981  12.9999981
64.2199999  13.0000005  13.0000005
64.2299999  13.0000028  13.0000028
64.2399999  13.0000051  13.0000051
64.2499999  13.0000074  13.0000074
64.2599999  13.0000097  13.0000097
64.2699999  13.0000120  13.0000120
64.2799999  13.0000142  13.0000142
64.2899999  13.0000165  13.0000165
64.2999999  13.0000188  13.0000188
64.3099999  13.0000210  13.0000210
64.3199999  13.0000232  13.0000232
64.3299999  13.0000254  13.0000254
64.3399999  13.0000276  13.0000276
64.3499999  13.0000298  13.0000298
64.3599999  13.0000319  13.0000319
64.3699999  13.0000341  13.0000341
64.3799999  13.0000362  13.0000362
64.3899999  13.0000383  13.0000383
64.3999999  13.0000404  13.0000404
64.4099999  13.0000424  13.0000424
64.4199999  13.0000445  13.0000445
64.4299999  13.0000465  13.0000465
64.4399999  13.0000485  13.0000485
64.4499999  13.0000505  13.0000505
64.4599999  13.0000524  13.0000524
64.4699999  13.0000544  13.0000544
64.4799999  13.0000563  13.0000563
64.4899999  13.0000582  13.0000582
64.4999999  13.0000600  13.0000600
64.5099999  13.0000619  13.0000619
64.5199999  13.0000637  13.0000637
64.5299999  13.0000655  13.0000655
64.5399999  13.0000672  13.0000672
64.5499999  13.0000690  13.0000690
64.5599999  13.0000707  13.0000707
64.5699999  13.0000723  13.0000723
64.5799999  13.0000740  13.0000740
64.5899999  13.0000756  13.0000756
64.5999999  13.0000772  13.0000772
64.6099999  13.0000787  13.0000787
64.6199999  13.0000803  13.0000803
64.6299999  13.0000818  13.0000818
64.6399999  13.0000832  13.0000832
64.6499999  13.0000847  13.0000847
64.6599999  13.0000861  13.0000861
64.6699999  13.0000874  13.0000874
64.6799999  13.0000888  13.0000888
64.6899999  13.0000901  13.0000901
64.6999999  13.0000913  13.0000913
64.7099999  13.0000926  13.0000926
64.7199999  13.0000938  13.0000938
64.7299999  13.0000949  13.0000949
64.7399999  13.0000961  13.0000961
64.7499999  13.0000972  13.0000972
64.7599999  13.0000982  13.0000982
64.7699999  13.0000993  13.0000993
64.7799999  13.0001003  13.0001003
64.7899999  13.0001012  13.0001012
64.7999999  13.0001022  13.0001022
64.8099999  13.0001030  13.0001030
64.8199999  13.0001039  13.0001039
64.8299999  13.0001047  13.0001047
64.8399999  13.0001055  13.0001055
64.8499999  13.0001062  13.0001062
64.8599999  13.0001069  13.0001069
64.8699999  13.0001076  13.0001076
64.8799999  13.0001082  13.0001082
64.8899999  13.0001088  13.0001088
64.8999999  13.0001094  13.0001094
64.9099999  13.0001099  13.0001099
64.9199999  13.0001104  13.0001104
64.9299999  13.0001109  13.0001109
64.9399999  13.0001113  13.0001113
64.9499999  13.0001116  13.0001116
64.9599999  13.0001120  13.0001120
64.9699999  13.0001123  13.0001123
64.9799999  13.0001125  13.0001125
64.9899999  13.0001128  13.0001128
64.9999999  13.0001130  13.0001130
65.0099999  13.0001131  13.0001131
65.0199999  13.0001132  13.0001132
65.0299999  13.0001133  13.0001133
65.0399999  13.0001133  13.0001133
65.0499999  13.0001133  13.0001133
65.0599999  13.0001133  13.0001133
65.0699999  13.0001132  13.0001132
65.0799999  13.0001131  13.0001131
65.0899999  13.0001130  13.0001130
65.0999999  13.0001128  13.0001128
65.1099999  13.0001126  13.0001126
65.1199999  13.0001124  13.0001124
65.1299999  13.0001121  13.0001121
65.1399999  13.0001118  13.0001118
65.1499999  13.0001114  13.0001114
65.1599999  13.0001110  13.0001110
65.1699999  13.0001106  13.0001106
65.1799999  13.0001102  13.0001102
65.1899999  13.0001097  13.0001097
65.1999999  13.0001091  13.0001091
65.2099999  13.0001086  13.0001086
65.2199999  13.0001080  13.0001080
65.2299999  13.0001074  13.0001074
65.2399999  13.0001067  13.0001067
65.2499999  13.0001060  13.0001060
65.2599999  13.0001053  13.0001053
65.2699999  13.0001046  13.0001046
65.2799999  13.0001038  13.0001038
65.2899999  13.0001030  13.0001030
65.2999999  13.0001021  13.0001021
65.3099999  13.0001012  13.0001012
65.3199999  13.0001003  13.0001003
65.3299999  13.0000994  13.0000994
65.3399999  13.0000984  13.0000984
65.3499999  13.0000975  13.0000975
65.3599999  13.0000964  13.0000964
65.3699999  13.0000954  13.0000954
65.3799999  13.0000943  13.0000943
65.3899999  13.0000932  13.0000932
65.3999999  13.0000921  13.0000921
65.4099999  13.0000909  13.0000909
65.4199999  13.0000898  13.0000898
65.4299999  13.0000886  13.0000886
65.4399999  13.0000873  13.0000873
65.4499999  13.0000861  13.0000861
65.4599999  13.0000848  13.0000848
65.4699999  13.0000835  13.0000835
65.4799999  13.0000822  13.0000822
65.4899999  13.0000808  13.0000808
65.4999999  13.0000795  13.0000795
65.5099999  13.0000781  13.0000781
65.5199999  13.0000767  13.0000767
65.5299999  13.0000752  13.0000752
65.5399999  13.0000738  13.0000738
65.5499999  13.0000723  13.0000723
65.5599999  13.0000708  13.0000708
65.5699999  13.0000693  13.0000693
65.5799999  13.0000678  13.0000678
65.5899999  13.0000663  13.0000663
65.5999999  13.0000647  13.0000647
65.6099999  13.0000632  13.0000632
65.6199999  13.0000616  13.0000616
65.6299999  13.0000600  13.0000600
65.6399999  13.0000584  13.0000584
65.6499999  13.0000567  13.0000567
65.6599999  13.0000551  13.0000551
65.6699999  13.0000534  13.0000534
65.6799999  13.0000518  13.0000518
65.6899999  13.0000501  13.0000501
65.6999999  13.0000484  13.0000484
65.7099999  13.0000467  13.0000467
65.7199999  13.0000450  13.0000450
65.7299999  13.0000433  13.0000433
65.7399999  13.0000416  13.0000416
65.7499999  13.0000398  13.0000398
65.7599999  13.0000381  13.0000381
65.7699999  13.0000364  13.0000364
65.7799999  13.0000346  13.0000346
65.7899999  13.0000329  13.0000329
65.7999999  13.0000311  13.0000311
65.8099999  13.0000293  13.0000293
65.8199999  13.0000276  13.0000276
65.8299999  13.0000258  13.0000258
65.8399999  13.0000240  13.0000240
65.8499999  13.0000222  13.0000222
65.8599999  13.0000204  13.0000204
65.8699999  13.0000187  13.0000187
65.8799999  13.0000169  13.0000169
65.8899999  13.0000151  13.0000151
65.8999999  13.0000133  13.0000133
65.9099999  13.0000115  13.0000115
65.9199999  13.0000098  13.0000098
65.9299999  13.0000080  13.0000080
65.9399999  13.0000062  13.0000062
65.9499999  13.0000045  13.0000045
65.9599999  13.0000027  13.0000027
65.9699999  13.0000009  13.0000009
65.9799999  12.9999992  12.9999992
65.9899999  12.9999974  12.9999974
65.9999999  12.9999957  12.9999957
66.0099999  12.9999940  12.9999940
66.0199999  12.9999922  12.9999922
66.0299999  12.9999905  12.9999905
66.0399999  12.9999888  12.9999888
66.0499999  12.9999871  12.9999871
66.0599999  12.9999854  12.9999854
66.0699999  12.9999837  12.9999837
66.0799999  12.9999821  12.9999821
66.0899999  12.9999804  12.9999804
66.0999999  12.9999788  12.9999788
66.1099999  12.9999771  12.9999771
66.1199999  12.9999755  12.9999755
66.1299999  12.9999739  12.9999739
66.1399999  12.9999723  12.9999723
66.1499999  12.9999707  12.9999707
66.1599999  12.9999692  12.9999692
66.1699999  12.9999676  12.9999676
66.1799999  12.9999661  12.9999661
66.1899999  12.9999645  12.9999645
66.1999999  12.9999630  12.9999630
66.2099999  12.9999616  12.9999616
66.2199999  12.9999601  12.9999601
66.2299999  12.9999586  12.9999586
66.2399999  12.9999572  12.9999572
66.2499999  12.9999558  12.9999558
66.2599999  12.9999544  12.9999544
66.2699999  12.9999530  12.9999530
66.2799999  12.9999516  12.9999516
66.2899999  12.9999503  12.9999503
66.2999999  12.9999490  12.9999490
66.3099999  12.9999477  12.9999477
66.3199999  12.9999464  12.9999464
66.3299999  12.9999451  12.9999451
66.3399999  12.9999439  12.9999439
66.3499999  12.9999427  12.9999427
66.3599999  12.9999415  12.9999415
66.3699999  12.9999403  12.9999403
66.3799999  12.9999392  12.9999392
66.3899999  12.9999381  12.9999381
66.3999999  12.9999370  12.9999370
66.4099999  12.9999359  12.9999359
66.4199999  12.9999348  12.9999348
66.4299999  12.9999338  12.9999338
66.4399999  12.9999328  12.9999328
66.4499999  12.9999318  12.9999318
66.4599999  12.9999309  12.9999309
66.4699999  12.9999300  12.9999300
66.4799999  12.9999291  12.9999291
66.4899999  12.9999282  12.9999282
66.4999999  12.9999273  12.9999273
66.5099999  12.9999265  12.9999265
66.5199999  12.9999257  12.9999257
66.5299999  12.9999249  12.9999249
66.5399999  12.9999242  12.9999242
66.5499999  12.9999235  12.9999235
66.5599999  12.9999228  12.9999228
66.5699999  12.9999221  12.9999221
66.5799999  12.9999215  12.9999215
66.5899999  12.9999209  12.9999209
66.5999999  12.9999203  12.9999203
66.6099999  12.9999198  12.9999198
66.6199999  12.9999192  12.9999192
66.6299999  12.9999187  12.9999187
66.6399999  12.9999183  12.9999183
66.6499999  12.9999178  12.9999178
66.6599999  12.9999174  12.9999174
66.6699999  12.9999170  12.9999170
66.6799999  12.9999166  12.9999166
66.6899999  12.9999163  12.9999163
66.6999999  12.9999160  12.9999160
66.7099999  12.9999157  12.9999157
66.7199999  12.9999155  12.9999155
66.7299999  12.9999153  12.9999153
66.7399999  12.9999151  12.9999151
66.7499999  12.9999149  12.9999149
66.7599999  12.9999148  12.9999148
66.7699999  12.9999147  12.9999147
66.7799999  12.9999146  12.9999146
66.7899999  12.9999145  12.9999145
66.7999999  12.9999145  12.9999145
66.8099999  12.9999145  12.9999145
66.8199999  12.9999145  12.9999145
66.8299999  12.9999146  12.9999146
66.8399999  12.9999147  12.9999147
66.8499999  12.9999148  12.9999148
66.8599999  12.9999149  12.9999149
66.8699999  12.9999151  12.9999151
66.8799999  12.9999153  12.9999153
66.8899999  12.9999155  12.9999155
66.8999999  12.9999157  12.9999157
66.9099999  12.9999160  12.9999160
66.9199999  12.9999163  12.9999163
66.9299999  12.9999166  12.9999166
66.9399999  12.9999170  12.9999170
66.9499999  12.9999174  12.9999174
66.9599999  12.9999178  12.9999178
66.9699999  12.9999182  12.9999182
66.9799999  12.9999186  12.9999186
66.9899999  12.9999191  12.9999191
66.9999999  12.9999196  12.9999196
67.0099999  12.9999201  12.9999201
67.0199999  12.9999207  12.9999207
67.0299999  12.9999212  12.9999212
67.0399999  12.9999218  12.9999218
67.0499999  12.9999225  12.9999225
67.0599999  12.9999231  12.9999231
67.0699999  12.9999238  12.9999238
67.0799999  12.9999244  12.9999244
67.0899999  12.9999252  12.9999252
67.0999999  12.9999259  12.9999259
67.1099999  12.9999266  12.9999266
67.1199999  12.9999274  12.9999274
67.1299999  12.9999282  12.9999282
67.1399999  12.9999290  12.9999290
67.1499999  12.9999298  12.9999298
67.1599999  12.9999307  12.9999307
67.1699999  12.9999316  12.9999316
67.1799999  12.9999325  12.9999325
67.1899999  12.9999334  12.9999334
67.1999999  12.9999343  12.9999343
67.2099999  12.9999353  12.9999353
67.2199999  12.9999362  12.9999362
67.2299999  12.9999372  12.9999372
67.2399999  12.9999382  12.9999382
67.2499999  12.9999392  12.9999392
67.2599999  12.9999403  12.9999403
67.2699999  12.9999413  12.9999413
67.2799999  12.9999424  12.9999424
67.2899999  12.9999434  12.9999434
67.2999999  12.9999445  12.9999445
67.3099999  12.9999456  12.9999456
67.3199999  12.9999468  12.9999468
67.3299999  12.9999479  12.9999479
67.3399999  12.9999490  12.9999490
67.3499999  12.9999502  12.9999502
67.3599999  12.9999514  12.9999514
67.3699999  12.9999526  12.9999526
67.3799999  12.9999538  12.9999538
67.3899999  12.9999550  12.9999550
67.3999999  12.9999562  12.9999562
67.4099999  12.9999574  12.9999574
67.4199999  12.9999587  12.9999587
67.4299999  12.9999599  12.9999599
67.4399999  12.9999612  12.9999612
67.4499999  12.9999624  12.9999624
67.4599999  12.9999637  12.9999637
67.4699999  12.9999650  12.9999650
67.4799999  12.9999663  12.9999663
67.4899999  12.9999676  12.9999676
67.4999999  12.9999689  12.9999689
67.5099999  12.9999702  12.9999702
67.5199999  12.9999715  12.9999715
67.5299999  12.9999728  12.9999728
67.5399999  12.9999741  12.9999741
67.5499999  12.9999754  12.9999754
67.5599999  12.9999768  12.9999768
67.5699999  12.9999781  12.9999781
67.5799999  12.9999794  12.9999794
67.5899999  12.9999808  12.9999808
67.5999999  12.9999821  12.9999821
67.6099999  12.9999834  12.9999834
67.6199999  12.9999848  12.9999848
67.6299999  12.9999861  12.9999861
67.6399999  12.9999875  12.9999875
67.6499999  12.9999888  12.9999888
67.6599999  12.9999902  12.9999902
67.6699999  12.9999915  12.9999915
67.6799999  12.9999928  12.9999928
67.6899999  12.9999942  12.9999942
67.6999999  12.9999955  12.9999955
67.7099999  12.9999968  12.9999968
67.7199999  12.9999982  12.9999982
67.7299999  12.9999995  12.9999995
67.7399999  13.0000008  13.0000008
67.7499999  13.0000021  13.0000021
67.7599999  13.0000034  13.0000034
67.7699999  13.0000047  13.0000047
67.7799999  13.0000060  13.0000060
67.7899999  13.0000073  13.0000073
67.7999999  13.0000086  13.0000086
67.8099999  13.0000099  13.0000099
67.8199999  13.0000112  13.0000112
67.8299999  13.0000124  13.0000124
67.8399999  13.0000137  13.0000137
67.8499999  13.0000149  13.0000149
67.8599999  13.0000162  13.0000162
67.8699999  13.0000174  13.0000174
67.8799999  13.0000186  13.0000186
67.8899999  13.0000198  13.0000198
67.8999999  13.0000210  13.0000210
67.9099999  13.0000222  13.0000222
67.9199999  13.0000234  13.0000234
67.9299999  13.0000246  13.0000246
67.9399999  13.0000257  13.0000257
67.9499999  13.0000269  13.0000269
67.9599999  13.0000280  13.0000280
67.9699999  13.0000291  13.0000291
67.9799999  13.0000302  13.0000302
67.9899999  13.0000313  13.0000313
67.9999999  13.0000324  13.0000324
68.0099999  13.0000335  13.0000335
68.0199999  13.0000345  13.0000345
68.0299999  13.0000355  13.0000355
68.0399999  13.0000366  13.0000366
68.0499999  13.0000376  13.0000376
68.0599999  13.0000386  13.0000386
68.0699999  13.0000395  13.0000395
68.0799999  13.0000405  13.0000405
68.0899999  13.0000414  13.0000414
68.0999999  13.0000424  13.0000424
68.1099999  13.0000433  13.0000433
68.1199999  13.0000442  13.0000442
68.1299999  13.0000451  13.0000451
68.1399999  13.0000459  13.0000459
68.1499999  13.0000468  13.0000468
68.1599999  13.0000476  13.0000476
68.1699999  13.0000484  13.0000484
68.1799999  13.0000492  13.0000492
68.1899999  13.0000499  13.0000499
68.1999999  13.0000507  13.0000507
68.2099999  13.0000514  13.0000514
68.2199999  13.0000521  13.0000521
68.2299999  13.0000528  13.0000528
68.2399999  13.0000535  13.0000535
68.2499999  13.0000542  13.0000542
68.2599999  13.0000548  13.0000548
68.2699999  13.0000554  13.0000554
68.2799999  13.0000560  13.0000560
68.2899999  13.0000566  13.0000566
68.2999999  13.0000571  13.0000571
68.3099999  13.0000577  13.0000577
68.3199999  13.0000582  13.0000582
68.3299999  13.0000587  13.0000587
68.3399999  13.0000592  13.0000592
68.3499999  13.0000596  13.0000596
68.3599999  13.0000601  13.0000601
68.3699999  13.0000605  13.0000605
68.3799999  13.0000609  13.0000609
68.3899999  13.0000612  13.0000612
68.3999999  13.0000616  13.0000616
68.4099999  13.0000619  13.0000619
68.4199999  13.0000622  13.0000622
68.4299999  13.0000625  13.0000625
68.4399999  13.0000628  13.0000628
68.4499999  13.0000630  13.0000630
68.4599999  13.0000632  13.0000632
68.4699999  13.0000635  13.0000635
68.4799999  13.0000636  13.0000636
68.4899999  13.0000638  13.0000638
68.4999999  13.0000639  13.0000639
68.5099999  13.0000641  13.0000641
68.5199999  13.0000642  13.0000642
68.5299999  13.0000642  13.0000642
68.5399999  13.0000643  13.0000643
68.5499999  13.0000643  13.0000643
68.5599999  13.0000643  13.0000643
68.5699999  13.0000643  13.0000643
68.5799999  13.0000643  13.0000643
68.5899999  13.0000643  13.0000643
68.5999999  13.0000642  13.0000642
68.6099999  13.0000641  13.0000641
68.6199999  13.0000640  13.0000640
68.6299999  13.0000639  13.0000639
68.6399999  13.0000637  13.0000637
68.6499999  13.0000635  13.0000635
68.6599999  13.0000634  13.0000634
68.6699999  13.0000632  13.0000632
68.6799999  13.0000629  13.0000629
68.6899999  13.0000627  13.0000627
68.6999999  13.0000624  13.0000624
68.7099999  13.0000621  13.0000621
68.7199999  13.0000618  13.0000618
68.7299999  13.0000615  13.0000615
68.7399999  13.0000611  13.0000611
68.7499999  13.0000608  13.0000608
68.7599999  13.0000604  13.0000604
68.7699999  13.0000600  13.0000600
68.7799999  13.0000596  13.0000596
68.7899999  13.0000592  13.0000592
68.7999999  13.0000587  13.0000587
68.8099999  13.0000582  13.0000582
68.8199999  13.0000578  13.0000578
68.8299999  13.0000573  13.0000573
68.8399999  13.0000567  13.0000567
68.8499999  13.0000562  13.0000562
68.8599999  13.0000556  13.0000556
68.8699999  13.0000551  13.0000551
68.8799999  13.0000545  13.0000545
68.8899999  13.0000539  13.0000539
68.8999999  13.0000533  13.0000533
68.9099999  13.0000526  13.0000526
68.9199999  13.0000520  13.0000520
68.9299999  13.0000513  13.0000513
68.9399999  13.0000507  13.0000507
68.9499999  13.0000500  13.0000500
68.9599999  13.0000493  13.0000493
68.9699999  13.0000485  13.0000485
68.9799999  13.0000478  13.0000478
68.9899999  13.0000471  13.0000471
68.9999999  13.0000463  13.0000463
69.0099999  13.0000455  13.0000455
69.0199999  13.0000448  13.0000448
69.0299999  13.0000440  13.0000440
69.0399999  13.0000432  13.0000432
69.0499999  13.0000424  13.0000424
69.0599999  13.0000415  13.0000415
69.0699999  13.0000407  13.0000407
69.0799999  13.0000398  13.0000398
69.0899999  13.0000390  13.0000390
69.0999999  13.0000381  13.0000381
69.1099999  13.0000372  13.0000372
69.1199999  13.0000364  13.0000364
69.1299999  13.0000355  13.0000355
69.1399999  13.0000346  13.0000346
69.1499999  13.0000336  13.0000336
69.1599999  13.0000327  13.0000327
69.1699999  13.0000318  13.0000318
69.1799999  13.0000309  13.0000309
69.1899999  13.0000299  13.0000299
69.1999999  13.0000290  13.0000290
69.2099999  13.0000280  13.0000280
69.2199999  13.0000271  13.0000271
69.2299999  13.0000261  13.0000261
69.2399999  13.0000251  13.0000251
69.2499999  13.0000241  13.0000241
69.2599999  13.0000232  13.0000232
69.2699999  13.0000222  13.0000222
69.2799999  13.0000212  13.0000212
69.2899999  13.0000202  13.0000202
69.2999999  13.0000192  13.0000192
69.3099999  13.0000182  13.0000182
69.3199999  13.0000172  13.0000172
69.3299999  13.0000162  13.0000162
69.3399999  13.0000152  13.0000152
69.3499999  13.0000142  13.0000142
69.3599999  13.0000132  13.0000132
69.3699999  13.0000122  13.0000122
69.3799999  13.0000112  13.0000112
69.3899999  13.0000101  13.0000101
69.3999999  13.0000091  13.0000091
69.4099999  13.0000081  13.0000081
69.4199999  13.0000071  13.0000071
69.4299999  13.0000061  13.0000061
69.4399999  13.0000051  13.0000051
69.4499999  13.0000041  13.0000041
69.4599999  13.0000031  13.0000031
69.4699999  13.0000021  13.0000021
69.4799999  13.0000011  13.0000011
69.4899999  13.0000001  13.0000001
69.4999999  12.9999991  12.9999991
69.5099999  12.9999981  12.9999981
69.5199999  12.9999971  12.9999971
69.5299999  12.9999961  12.9999961
69.5399999  12.9999952  12.9999952
69.5499999  12.9999942  12.9999942
69.5599999  12.9999932  12.9999932
69.5699999  12.9999923  12.9999923
69.5799999  12.9999913  12.9999913
69.5899999  12.9999903  12.9999903
69.5999999  12.9999894  12.9999894
69.6099999  12.9999885  12.9999885
69.6199999  12.9999875  12.9999875
69.6299999  12.9999866  12.9999866
69.6399999  12.9999857  12.9999857
69.6499999  12.9999848  12.9999848
69.6599999  12.9999839  12.9999839
69.6699999  12.9999830  12.9999830
69.6799999  12.9999821  12.9999821
69.6899999  12.9999812  12.9999812
69.6999999  12.9999803  12.9999803
69.7099999  12.9999795  12.9999795
69.7199999  12.9999786  12.9999786
69.7299999  12.9999778  12.9999778
69.7399999  12.9999770  12.9999770
69.7499999  12.9999761  12.9999761
69.7599999  12.9999753  12.9999753
69.7699999  12.9999745  12.9999745
69.7799999  12.9999737  12.9999737
69.7899999  12.9999730  12.9999730
69.7999999  12.9999722  12.9999722
69.8099999  12.9999714  12.9999714
69.8199999  12.9999707  12.9999707
69.8299999  12.9999700  12.9999700
69.8399999  12.9999692  12.9999692
69.8499999  12.9999685  12.9999685
69.8599999  12.9999678  12.9999678
69.8699999  12.9999672  12.9999672
69.8799999  12.9999665  12.9999665
69.8899999  12.9999658  12.9999658
69.8999999  12.9999652  12.9999652
69.9099999  12.9999645  12.9999645
69.9199999  12.9999639  12.9999639
69.9299999  12.9999633  12.9999633
69.9399999  12.9999627  12.9999627
69.9499999  12.9999622  12.9999622
69.9599999  12.9999616  12.9999616
69.9699999  12.9999610  12.9999610
69.9799999  12.9999605  12.9999605
69.9899999  12.9999600  12.9999600
69.9999999  12.9999595  12.9999595
70.0099999  12.9999590  12.9999590
70.0199999  12.9999585  12.9999585
70.0299999  12.9999581  12.9999581
70.0399999  12.9999576  12.9999576
70.0499999  12.9999572  12.9999572
70.0599999  12.9999568  12.9999568
70.0699999  12.9999564  12.9999564
70.0799999  12.9999560  12.9999560
70.0899999  12.9999556  12.9999556
70.0999999  12.9999553  12.9999553
70.1099999  12.9999549  12.9999549
70.1199999  12.9999546  12.9999546
70.1299999  12.9999543  12.9999543
70.1399999  12.9999540  12.9999540
70.1499999  12.9999537  12.9999537
70.1599999  12.9999535  12.9999535
70.1699999  12.9999532  12.9999532
70.1799999  12.9999530  12.9999530
70.1899999  12.9999528  12.9999528
70.1999999  12.9999526  12.9999526
70.2099999  12.9999524  12.9999524
70.2199999  12.9999522  12.9999522
70.2299999  12.9999521  12.9999521
70.2399999  12.9999519  12.9999519
70.2499999  12.9999518  12.9999518
70.2599999  12.9999517  12.9999517
70.2699999  12.9999516  12.9999516
70.2799999  12.9999516  12.9999516
70.2899999  12.9999515  12.9999515
70.2999999  12.9999515  12.9999515
70.3099999  12.9999514  12.9999514
70.3199999  12.9999514  12.9999514
70.3299999  12.9999514  12.9999514
70.3399999  12.9999515  12.9999515
70.3499999  12.9999515  12.9999515
70.3599999  12.9999516  12.9999516
70.3699999  12.9999516  12.9999516
70.3799999  12.9999517  12.9999517
70.3899999  12.9999518  12.9999518
70.3999999  12.9999519  12.9999519
70.4099999  12.9999521  12.9999521
70.4199999  12.9999522  12.9999522
70.4299999  12.9999524  12.9999524
70.4399999  12.9999525  12.9999525
70.4499999  12.9999527  12.9999527
70.4599999  12.9999529  12.9999529
70.4699999  12.9999531  12.9999531
70.4799999  12.9999534  12.9999534
70.4899999  12.9999536  12.9999536
70.4999999  12.9999539  12.9999539
70.5099999  12.9999542  12.9999542
70.5199999  12.9999545  12.9999545
70.5299999  12.9999548  12.9999548
70.5399999  12.9999551  12.9999551
70.5499999  12.9999554  12.9999554
70.5599999  12.9999557  12.9999557
70.5699999  12.9999561  12.9999561
70.5799999  12.9999565  12.9999565
70.5899999  12.9999569  12.9999569
70.5999999  12.9999572  12.9999572
70.6099999  12.9999577  12.9999577
70.6199999  12.9999581  12.9999581
70.6299999  12.9999585  12.9999585
70.6399999  12.9999590  12.9999590
70.6499999  12.9999594  12.9999594
70.6599999  12.9999599  12.9999599
70.6699999  12.9999604  12.9999604
70.6799999  12.9999608  12.9999608
70.6899999  12.9999613  12.9999613
70.6999999  12.9999619  12.9999619
70.7099999  12.9999624  12.9999624
70.7199999  12.9999629  12.9999629
70.7299999  12.9999634  12.9999634
70.7399999  12.9999640  12.9999640
70.7499999  12.9999646  12.9999646
70.7599999  12.9999651  12.9999651
70.7699999  12.9999657  12.9999657
70.7799999  12.9999663  12.9999663
70.7899999  12.9999669  12.9999669
70.7999999  12.9999675  12.9999675
70.8099999  12.9999681  12.9999681
70.8199999  12.9999688  12.9999688
70.8299999  12.9999694  12.9999694
70.8399999  12.9999700  12.9999700
70.8499999  12.9999707  12.9999707
70.8599999  12.9999713  12.9999713
70.8699999  12.9999720  12.9999720
70.8799999  12.9999727  12.9999727
70.8899999  12.9999733  12.9999733
70.8999999  12.9999740  12.9999740
70.9099999  12.9999747  12.9999747
70.9199999  12.9999754  12.9999754
70.9299999  12.9999761  12.9999761
70.9399999  12.9999768  12.9999768
70.9499999  12.9999775  12.9999775
70.9599999  12.9999782  12.9999782
70.9699999  12.9999789  12.9999789
70.9799999  12.9999797  12.9999797
70.9899999  12.9999804  12.9999804
70.9999999  12.9999811  12.9999811
71.0099999  12.9999819  12.9999819
71.0199999  12.9999826  12.9999826
71.0299999  12.9999834  12.9999834
71.0399999  12.9999841  12.9999841
71.0499999  12.9999848  12.9999848
71.0599999  12.9999856  12.9999856
71.0699999  12.9999864  12.9999864
71.0799999  12.9999871  12.9999871
71.0899999  12.9999879  12.9999879
71.0999999  12.9999886  12.9999886
71.1099999  12.9999894  12.9999894
71.1199999  12.9999901  12.9999901
71.1299999  12.9999909  12.9999909
71.1399999  12.9999917  12.9999917
71.1499999  12.9999924  12.9999924
71.1599999  12.9999932  12.9999932
71.1699999  12.9999940  12.9999940
71.1799999  12.9999947  12.9999947
71.1899999  12.9999955  12.9999955
71.1999999  12.9999962  12.9999962
71.2099999  12.9999970  12.9999970
71.2199999  12.9999977  12.9999977
71.2299999  12.9999985  12.9999985
71.2399999  12.9999993  12.9999993
71.2499999  13.0000000  13.0000000
71.2599999  13.0000008  13.0000008
71.2699999  13.0000015  13.0000015
71.2799999  13.0000022  13.0000022
71.2899999  13.0000030  13.0000030
71.2999999  13.0000037  13.0000037
71.3099999  13.0000044  13.0000044
71.3199999  13.0000052  13.0000052
71.3299999  13.0000059  13.0000059
71.3399999  13.0000066  13.0000066
71.3499999  13.0000073  13.0000073
71.3599999  13.0000081  13.0000081
71.3699999  13.0000088  13.0000088
71.3799999  13.0000095  13.0000095
71.3899999  13.0000102  13.0000102
71.3999999  13.0000108  13.0000108
71.4099999  13.0000115  13.0000115
71.4199999  13.0000122  13.0000122
71.4299999  13.0000129  13.0000129
71.4399999  13.0000135  13.0000135
71.4499999  13.0000142  13.0000142
71.4599999  13.0000149  13.0000149
71.4699999  13.0000155  13.0000155
71.4799999  13.0000161  13.0000161
71.4899999  13.0000168  13.0000168
71.4999999  13.0000174  13.0000174
71.5099999  13.0000180  13.0000180
71.5199999  13.0000186  13.0000186
71.5299999  13.0000192  13.0000192
71.5399999  13.0000198  13.0000198
71.5499999  13.0000204  13.0000204
71.5599999  13.0000210  13.0000210
71.5699999  13.0000216  13.0000216
71.5799999  13.0000221  13.0000221
71.5899999  13.0000227  13.0000227
71.5999999  13.0000232  13.0000232
71.6099999  13.0000237  13.0000237
71.6199999  13.0000243  13.0000243
71.6299999  13.0000248  13.0000248
71.6399999  13.0000253  13.0000253
71.6499999  13.0000258  13.0000258
71.6599999  13.0000263  13.0000263
71.6699999  13.0000267  13.0000267
71.6799999  13.0000272  13.0000272
71.6899999  13.0000276  13.0000276
71.6999999  13.0000281  13.0000281
71.7099999  13.0000285  13.0000285
71.7199999  13.0000289  13.0000289
71.7299999  13.0000293  13.0000293
71.7399999  13.0000298  13.0000298
71.7499999  13.0000301  13.0000301
71.7599999  13.0000305  13.0000305
71.7699999  13.0000309  13.0000309
71.7799999  13.0000312  13.0000312
71.7899999  13.0000316  13.0000316
71.7999999  13.0000319  13.0000319
71.8099999  13.0000322  13.0000322
71.8199999  13.0000326  13.0000326
71.8299999  13.0000329  13.0000329
71.8399999  13.0000331  13.0000331
71.8499999  13.0000334  13.0000334
71.8599999  13.0000337  13.0000337
71.8699999  13.0000339  13.0000339
71.8799999  13.0000342  13.0000342
71.8899999  13.0000344  13.0000344
71.8999999  13.0000346  13.0000346
71.9099999  13.0000348  13.0000348
71.9199999  13.0000350  13.0000350
71.9299999  13.0000352  13.0000352
71.9399999  13.0000354  13.0000354
71.9499999  13.0000355  13.0000355
71.9599999  13.0000357  13.0000357
71.9699999  13.0000358  13.0000358
71.9799999  13.0000359  13.0000359
71.9899999  13.0000361  13.0000361
71.9999999  13.0000361  13.0000361
72.0099999  13.0000362  13.0000362
72.0199999  13.0000363  13.0000363
72.0299999  13.0000364  13.0000364
72.0399999  13.0000364  13.0000364
72.0499999  13.0000365  13.0000365
72.0599999  13.0000365  13.0000365
72.0699999  13.0000365  13.0000365
72.0799999  13.0000365  13.0000365
72.0899999  13.0000365  13.0000365
72.0999999  13.0000365  13.0000365
72.1099999  13.0000364  13.0000364
72.1199999  13.0000364  13.0000364
72.13       13.0000364  13.0000364
72.14       13.0000363  13.0000363
72.15       13.0000362  13.0000362
72.1600000  13.0000361  13.0000361
72.1700000  13.0000360  13.0000360
72.1800000  13.0000359  13.0000359
72.1900000  13.0000358  13.0000358
72.2000000  13.0000356  13.0000356
72.2100000  13.0000355  13.0000355
72.2200000  13.0000353  13.0000353
72.2300000  13.0000352  13.0000352
72.2400000  13.0000350  13.0000350
72.2500000  13.0000348  13.0000348
72.2600000  13.0000346  13.0000346
72.2700000  13.0000344  13.0000344
72.2800000  13.0000342  13.0000342
72.2900000  13.0000340  13.0000340
72.3000000  13.0000337  13.0000337
72.3100000  13.0000335  13.0000335
72.3200000  13.0000332  13.0000332
72.3300000  13.0000329  13.0000329
72.3400000  13.0000327  13.0000327
72.3500000  13.0000324  13.0000324
72.3600000  13.0000321  13.0000321
72.3700000  13.0000318  13.0000318
72.3800000  13.0000314  13.0000314
72.3900000  13.0000311  13.0000311
72.4000000  13.0000308  13.0000308
72.4100000  13.0000304  13.0000304
72.4200000  13.0000301  13.0000301
72.4300000  13.0000297  13.0000297
72.4400000  13.0000293  13.0000293
72.4500000  13.0000290  13.0000290
72.4600000  13.0000286  13.0000286
72.4700000  13.0000282  13.0000282
72.4800000  13.0000278  13.0000278
72.4900000  13.0000274  13.0000274
72.5000000  13.0000270  13.0000270
72.5100000  13.0000265  13.0000265
72.5200000  13.0000261  13.0000261
72.5300000  13.0000257  13.0000257
72.5400000  13.0000252  13.0000252
72.5500000  13.0000248  13.0000248
72.5600000  13.0000243  13.0000243
72.5700000  13.0000238  13.0000238
72.5800000  13.0000234  13.0000234
72.5900000  13.0000229  13.0000229
72.6000000  13.0000224  13.0000224
72.6100000  13.0000219  13.0000219
72.6200000  13.0000214  13.0000214
72.6300000  13.0000209  13.0000209
72.6400000  13.0000204  13.0000204
72.6500000  13.0000199  13.0000199
72.6600000  13.0000194  13.0000194
72.6700000  13.0000189  13.0000189
72.6800000  13.0000183  13.0000183
72.6900000  13.0000178  13.0000178
72.7000000  13.0000173  13.0000173
72.7100000  13.0000167  13.0000167
72.7200000  13.0000162  13.0000162
72.7300000  13.0000157  13.0000157
72.7400000  13.0000151  13.0000151
72.7500000  13.0000146  13.0000146
72.7600000  13.0000140  13.0000140
72.7700000  13.0000135  13.0000135
72.7800000  13.0000129  13.0000129
72.7900000  13.0000123  13.0000123
72.8000000  13.0000118  13.0000118
72.8100000  13.0000112  13.0000112
72.8200000  13.0000106  13.0000106
72.8300000  13.0000101  13.0000101
72.8400000  13.0000095  13.0000095
72.8500000  13.0000089  13.0000089
72.8600000  13.0000084  13.0000084
72.8700000  13.0000078  13.0000078
72.8800000  13.0000072  13.0000072
72.8900000  13.0000066  13.0000066
72.9000000  13.0000061  13.0000061
72.9100000  13.0000055  13.0000055
72.9200000  13.0000049  13.0000049
72.9300000  13.0000043  13.0000043
72.9400000  13.0000038  13.0000038
72.9500000  13.0000032  13.0000032
72.9600000  13.0000026  13.0000026
72.9700000  13.0000021  13.0000021
72.9800000  13.0000015  13.0000015
72.9900000  13.0000009  13.0000009
73.0000000  13.0000004  13.0000004
73.0100000  12.9999998  12.9999998
73.0200000  12.9999992  12.9999992
73.0300000  12.9999987  12.9999987
73.0400000  12.9999981  12.9999981
73.0500000  12.9999975  12.9999975
73.0600000  12.9999970  12.9999970
73.0700000  12.9999964  12.9999964
73.0800000  12.9999959  12.9999959
73.0900000  12.9999953  12.9999953
73.1000000  12.9999948  12.9999948
73.1100000  12.9999943  12.9999943
73.1200000  12.9999937  12.9999937
73.1300000  12.9999932  12.9999932
73.1400000  12.9999927  12.9999927
73.1500000  12.9999921  12.9999921
73.1600000  12.9999916  12.9999916
73.1700000  12.9999911  12.9999911
73.1800000  12.9999906  12.9999906
73.1900000  12.9999901  12.9999901
73.2000000  12.9999896  12.9999896
73.2100000  12.9999891  12.9999891
73.2200000  12.9999886  12.9999886
73.2300000  12.9999881  12.9999881
73.2400000  12.9999876  12.9999876
73.2500000  12.9999872  12.9999872
73.2600000  12.9999867  12.9999867
73.2700000  12.9999862  12.9999862
73.2800000  12.9999858  12.9999858
73.2900000  12.9999853  12.9999853
73.3000000  12.9999849  12.9999849
73.3100000  12.9999844  12.9999844
73.3200000  12.9999840  12.9999840
73.3300000  12.9999836  12.9999836
73.3400000  12.9999832  12.9999832
73.3500000  12.9999827  12.9999827
73.3600000  12.9999823  12.9999823
73.3700000  12.9999819  12.9999819
73.3800000  12.9999816  12.9999816
73.3900000  12.9999812  12.9999812
73.4000000  12.9999808  12.9999808
73.4100000  12.9999804  12.9999804
73.4200000  12.9999801  12.9999801
73.4300000  12.9999797  12.9999797
73.4400000  12.9999794  12.9999794
73.4500000  12.9999790  12.9999790
73.4600000  12.9999787  12.9999787
73.4700000  12.9999784  12.9999784
73.4800000  12.9999780  12.9999780
73.4900000  12.9999777  12.9999777
73.5000000  12.9999774  12.9999774
73.5100000  12.9999771  12.9999771
73.5200000  12.9999769  12.9999769
73.5300000  12.9999766  12.9999766
73.5400000  12.9999763  12.9999763
73.5500000  12.9999761  12.9999761
73.5600000  12.9999758  12.9999758
73.5700000  12.9999756  12.9999756
73.5800000  12.9999753  12.9999753
73.5900000  12.9999751  12.9999751
73.6000000  12.9999749  12.9999749
73.6100000  12.9999747  12.9999747
73.6200000  12.9999745  12.9999745
73.6300000  12.9999743  12.9999743
73.6400000  12.9999741  12.9999741
73.6500000  12.9999739  12.9999739
73.6600000  12.9999738  12.9999738
73.6700000  12.9999736  12.9999736
73.6800000  12.9999735  12.9999735
73.6900000  12.9999734  12.9999734
73.7000000  12.9999732  12.9999732
73.7100000  12.9999731  12.9999731
73.7200000  12.9999730  12.9999730
73.7300000  12.9999729  12.9999729
73.7400000  12.9999728  12.9999728
73.7500000  12.9999727  12.9999727
73.7600000  12.9999727  12.9999727
73.7700000  12.9999726  12.9999726
73.7800000  12.9999725  12.9999725
73.7900000  12.9999725  12.9999725
73.8000000  12.9999725  12.9999725
73.8100000  12.9999724  12.9999724
73.8200000  12.9999724  12.9999724
73.8300000  12.9999724  12.9999724
73.8400000  12.9999724  12.9999724
73.8500000  12.9999724  12.9999724
73.8600000  12.9999724  12.9999724
73.8700000  12.9999725  12.9999725
73.8800000  12.9999725  12.9999725
73.8900000  12.9999725  12.9999725
73.9000000  12.9999726  12.9999726
73.9100000  12.9999726  12.9999726
73.9200000  12.9999727  12.9999727
73.9300000  12.9999728  12.9999728
73.9400000  12.9999729  12.9999729
73.9500000  12.9999730  12.9999730
73.9600000  12.9999731  12.9999731
73.9700000  12.9999732  12.9999732
73.9800000  12.9999733  12.9999733
73.9900000  12.9999734  12.9999734
74.0000000  12.9999736  12.9999736
74.0100000  12.9999737  12.9999737
74.0200000  12.9999739  12.9999739
74.0300000  12.9999740  12.9999740
74.0400000  12.9999742  12.9999742
74.0500000  12.9999744  12.9999744
74.0600000  12.9999745  12.9999745
74.0700000  12.9999747  12.9999747
74.0800000  12.9999749  12.9999749
74.0900000  12.9999751  12.9999751
74.1000000  12.9999754  12.9999754
74.1100000  12.9999756  12.9999756
74.1200000  12.9999758  12.9999758
74.1300000  12.9999760  12.9999760
74.1400000  12.9999763  12.9999763
74.1500000  12.9999765  12.9999765
74.1600000  12.9999768  12.9999768
74.1700000  12.9999770  12.9999770
74.1800000  12.9999773  12.9999773
74.1900000  12.9999776  12.9999776
74.2000000  12.9999779  12.9999779
74.2100000  12.9999782  12.9999782
74.2200000  12.9999784  12.9999784
74.2300000  12.9999787  12.9999787
74.2400000  12.9999790  12.9999790
74.2500000  12.9999794  12.9999794
74.2600000  12.9999797  12.9999797
74.2700000  12.9999800  12.9999800
74.2800000  12.9999803  12.9999803
74.2900000  12.9999807  12.9999807
74.3000000  12.9999810  12.9999810
74.3100000  12.9999813  12.9999813
74.3200000  12.9999817  12.9999817
74.3300000  12.9999820  12.9999820
74.3400000  12.9999824  12.9999824
74.3500000  12.9999827  12.9999827
74.3600000  12.9999831  12.9999831
74.3700000  12.9999835  12.9999835
74.3800000  12.9999839  12.9999839
74.3900000  12.9999842  12.9999842
74.4000000  12.9999846  12.9999846
74.4100000  12.9999850  12.9999850
74.4200000  12.9999854  12.9999854
74.4300000  12.9999858  12.9999858
74.4400000  12.9999862  12.9999862
74.4500000  12.9999866  12.9999866
74.4600000  12.9999870  12.9999870
74.4700000  12.9999874  12.9999874
74.4800000  12.9999878  12.9999878
74.4900000  12.9999882  12.9999882
74.5000000  12.9999886  12.9999886
74.5100000  12.9999890  12.9999890
74.5200000  12.9999894  12.9999894
74.5300000  12.9999899  12.9999899
74.5400000  12.9999903  12.9999903
74.5500000  12.9999907  12.9999907
74.5600000  12.9999911  12.9999911
74.5700000  12.9999916  12.9999916
74.5800000  12.9999920  12.9999920
74.5900000  12.9999924  12.9999924
74.6000000  12.9999928  12.9999928
74.6100000  12.9999933  12.9999933
74.6200000  12.9999937  12.9999937
74.6300000  12.9999941  12.9999941
74.6400000  12.9999946  12.9999946
74.6500000  12.9999950  12.9999950
74.6600000  12.9999954  12.9999954
74.6700000  12.9999959  12.9999959
74.6800000  12.9999963  12.9999963
74.6900000  12.9999967  12.9999967
74.7000000  12.9999972  12.9999972
74.7100000  12.9999976  12.9999976
74.7200000  12.9999980  12.9999980
74.7300000  12.9999985  12.9999985
74.7400000  12.9999989  12.9999989
74.7500000  12.9999993  12.9999993
74.7600000  12.9999997  12.9999997
74.7700000  13.0000002  13.0000002
74.7800000  13.0000006  13.0000006
74.7900000  13.0000010  13.0000010
74.8000000  13.0000014  13.0000014
74.8100000  13.0000018  13.0000018
74.8200000  13.0000023  13.0000023
74.8300000  13.0000027  13.0000027
74.8400000  13.0000031  13.0000031
74.8500000  13.0000035  13.0000035
74.8600000  13.0000039  13.0000039
74.8700000  13.0000043  13.0000043
74.8800000  13.0000047  13.0000047
74.8900000  13.0000051  13.0000051
74.9000000  13.0000055  13.0000055
74.9100000  13.0000059  13.0000059
74.9200000  13.0000063  13.0000063
74.9300000  13.0000067  13.0000067
74.9400000  13.0000071  13.0000071
74.9500000  13.0000075  13.0000075
74.9600000  13.0000078  13.0000078
74.9700000  13.0000082  13.0000082
74.9800000  13.0000086  13.0000086
74.9900000  13.0000089  13.0000089
75.0000000  13.0000093  13.0000093
75.0100000  13.0000097  13.0000097
75.0200000  13.0000100  13.0000100
75.0300000  13.0000104  13.0000104
75.0400000  13.0000107  13.0000107
75.0500000  13.0000110  13.0000110
75.0600000  13.0000114  13.0000114
75.0700000  13.0000117  13.0000117
75.0800000  13.0000120  13.0000120
75.0900000  13.0000124  13.0000124
75.1000000  13.0000127  13.0000127
75.1100000  13.0000130  13.0000130
75.1200000  13.0000133  13.0000133
75.1300000  13.0000136  13.0000136
75.1400000  13.0000139  13.0000139
75.1500000  13.0000142  13.0000142
75.1600000  13.0000144  13.0000144
75.1700000  13.0000147  13.0000147
75.1800000  13.0000150  13.0000150
75.1900000  13.0000153  13.0000153
75.2000000  13.0000155  13.0000155
75.2100000  13.0000158  13.0000158
75.2200000  13.0000160  13.0000160
75.2300000  13.0000163  13.0000163
75.2400000  13.0000165  13.0000165
75.2500000  13.0000167  13.0000167
75.2600000  13.0000170  13.0000170
75.2700000  13.0000172  13.0000172
75.2800000  13.0000174  13.0000174
75.2900000  13.0000176  13.0000176
75.3000000  13.0000178  13.0000178
75.3100000  13.0000180  13.0000180
75.3200000  13.0000182  13.0000182
75.3300000  13.0000184  13.0000184
75.3400000  13.0000185  13.0000185
75.3500000  13.0000187  13.0000187
75.3600000  13.0000189  13.0000189
75.3700000  13.0000190  13.0000190
75.3800000  13.0000192  13.0000192
75.3900000  13.0000193  13.0000193
75.4000000  13.0000194  13.0000194
75.4100000  13.0000196  13.0000196
75.4200000  13.0000197  13.0000197
75.4300000  13.0000198  13.0000198
75.4400000  13.0000199  13.0000199
75.4500000  13.0000200  13.0000200
75.4600000  13.0000201  13.0000201
75.4700000  13.0000202  13.0000202
75.4800000  13.0000203  13.0000203
75.4900000  13.0000203  13.0000203
75.5000000  13.0000204  13.0000204
75.5100000  13.0000205  13.0000205
75.5200000  13.0000205  13.0000205
75.5300000  13.0000206  13.0000206
75.5400000  13.0000206  13.0000206
75.5500000  13.0000206  13.0000206
75.5600000  13.0000207  13.0000207
75.5700000  13.0000207  13.0000207
75.5800000  13.0000207  13.0000207
75.5900000  13.0000207  13.0000207
75.6000000  13.0000207  13.0000207
75.6100000  13.0000207  13.0000207
75.6200000  13.0000207  13.0000207
75.6300000  13.0000207  13.0000207
75.6400000  13.0000206  13.0000206
75.6500000  13.0000206  13.0000206
75.6600000  13.0000206  13.0000206
75.6700000  13.0000205  13.0000205
75.6800000  13.0000205  13.0000205
75.6900000  13.0000204  13.0000204
75.7000000  13.0000203  13.0000203
75.7100000  13.0000203  13.0000203
75.7200000  13.0000202  13.0000202
75.7300000  13.0000201  13.0000201
75.7400000  13.0000200  13.0000200
75.7500000  13.0000199  13.0000199
75.7600000  13.0000198  13.0000198
75.7700000  13.0000197  13.0000197
75.7800000  13.0000196  13.0000196
75.7900000  13.0000195  13.0000195
75.8000000  13.0000193  13.0000193
75.8100000  13.0000192  13.0000192
75.8200000  13.0000191  13.0000191
75.8300000  13.0000189  13.0000189
75.8400000  13.0000188  13.0000188
75.8500000  13.0000186  13.0000186
75.8600000  13.0000184  13.0000184
75.8700000  13.0000183  13.0000183
75.8800000  13.0000181  13.0000181
75.8900000  13.0000179  13.0000179
75.9000000  13.0000177  13.0000177
75.9100000  13.0000176  13.0000176
75.9200000  13.0000174  13.0000174
75.9300000  13.0000172  13.0000172
75.9400000  13.0000170  13.0000170
75.9500000  13.0000168  13.0000168
75.9600000  13.0000165  13.0000165
75.9700000  13.0000163  13.0000163
75.9800000  13.0000161  13.0000161
75.9900000  13.0000159  13.0000159
76.0000000  13.0000157  13.0000157
76.0100000  13.0000154  13.0000154
76.0200000  13.0000152  13.0000152
76.0300000  13.0000149  13.0000149
76.0400000  13.0000147  13.0000147
76.0500000  13.0000144  13.0000144
76.0600000  13.0000142  13.0000142
76.0700000  13.0000139  13.0000139
76.0800000  13.0000137  13.0000137
76.0900000  13.0000134  13.0000134
76.1000000  13.0000131  13.0000131
76.1100000  13.0000129  13.0000129
76.1200000  13.0000126  13.0000126
76.1300000  13.0000123  13.0000123
76.1400000  13.0000120  13.0000120
76.1500000  13.0000117  13.0000117
76.1600000  13.0000114  13.0000114
76.1700000  13.0000112  13.0000112
76.1800000  13.0000109  13.0000109
76.1900000  13.0000106  13.0000106
76.2000000  13.0000103  13.0000103
76.2100000  13.0000100  13.0000100
76.2200000  13.0000097  13.0000097
76.2300000  13.0000094  13.0000094
76.2400000  13.0000090  13.0000090
76.2500000  13.0000087  13.0000087
76.2600000  13.0000084  13.0000084
76.2700000  13.0000081  13.0000081
76.2800000  13.0000078  13.0000078
76.2900000  13.0000075  13.0000075
76.3000000  13.0000072  13.0000072
76.3100000  13.0000068  13.0000068
76.3200000  13.0000065  13.0000065
76.3300000  13.0000062  13.0000062
76.3400000  13.0000059  13.0000059
76.3500000  13.0000056  13.0000056
76.3600000  13.0000052  13.0000052
76.3700000  13.0000049  13.0000049
76.3800000  13.0000046  13.0000046
76.3900000  13.0000043  13.0000043
76.4000000  13.0000039  13.0000039
76.4100000  13.0000036  13.0000036
76.4200000  13.0000033  13.0000033
76.4300000  13.0000030  13.0000030
76.4400000  13.0000026  13.0000026
76.4500000  13.0000023  13.0000023
76.4600000  13.0000020  13.0000020
76.4700000  13.0000017  13.0000017
76.4800000  13.0000013  13.0000013
76.4900000  13.0000010  13.0000010
76.5000000  13.0000007  13.0000007
76.5100000  13.0000004  13.0000004
76.5200000  13.0000000  13.0000000
76.5300000  12.9999997  12.9999997
76.5400000  12.9999994  12.9999994
76.5500000  12.9999991  12.9999991
76.5600000  12.9999988  12.9999988
76.5700000  12.9999985  12.9999985
76.5800000  12.9999981  12.9999981
76.5900000  12.9999978  12.9999978
76.6000000  12.9999975  12.9999975
76.6100000  12.9999972  12.9999972
76.6200000  12.9999969  12.9999969
76.6300000  12.9999966  12.9999966
76.6400000  12.9999963  12.9999963
76.6500000  12.9999960  12.9999960
76.6600000  12.9999957  12.9999957
76.6700000  12.9999954  12.9999954
76.6800000  12.9999951  12.9999951
76.6900000  12.9999948  12.9999948
76.7000000  12.9999945  12.9999945
76.7100000  12.9999942  12.9999942
76.7200000  12.9999940  12.9999940
76.7300000  12.9999937  12.9999937
76.7400000  12.9999934  12.9999934
76.7500000  12.9999931  12.9999931
76.7600000  12.9999928  12.9999928
76.7700000  12.9999926  12.9999926
76.7800000  12.9999923  12.9999923
76.7900000  12.9999921  12.9999921
76.8000000  12.9999918  12.9999918
76.8100000  12.9999915  12.9999915
76.8200000  12.9999913  12.9999913
76.8300000  12.9999910  12.9999910
76.8400000  12.9999908  12.9999908
76.8500000  12.9999906  12.9999906
76.8600000  12.9999903  12.9999903
76.8700000  12.9999901  12.9999901
76.8800000  12.9999899  12.9999899
76.8900000  12.9999896  12.9999896
76.9000000  12.9999894  12.9999894
76.9100000  12.9999892  12.9999892
76.9200000  12.9999890  12.9999890
76.9300000  12.9999888  12.9999888
76.9400000  12.9999886  12.9999886
76.9500000  12.9999884  12.9999884
76.9600000  12.9999882  12.9999882
76.9700000  12.9999880  12.9999880
76.9800000  12.9999878  12.9999878
76.9900000  12.9999876  12.9999876
77.0000000  12.9999874  12.9999874
77.0100000  12.9999873  12.9999873
77.0200000  12.9999871  12.9999871
77.0300000  12.9999869  12.9999869
77.0400000  12.9999868  12.9999868
77.0500000  12.9999866  12.9999866
77.0600000  12.9999865  12.9999865
77.0700000  12.9999863  12.9999863
77.0800000  12.9999862  12.9999862
77.0900000  12.9999860  12.9999860
77.1000000  12.9999859  12.9999859
77.1100000  12.9999858  12.9999858
77.1200000  12.9999857  12.9999857
77.1300000  12.9999856  12.9999856
77.1400000  12.9999854  12.9999854
77.1500000  12.9999853  12.9999853
77.1600000  12.9999852  12.9999852
77.1700000  12.9999851  12.9999851
77.1800000  12.9999851  12.9999851
77.1900000  12.9999850  12.9999850
77.2000000  12.9999849  12.9999849
77.2100000  12.9999848  12.9999848
77.2200000  12.9999847  12.9999847
77.2300000  12.9999847  12.9999847
77.2400000  12.9999846  12.9999846
77.2500000  12.9999846  12.9999846
77.2600000  12.9999845  12.9999845
77.2700000  12.9999845  12.9999845
77.2800000  12.9999844  12.9999844
77.2900000  12.9999844  12.9999844
77.3000000  12.9999844  12.9999844
77.3100000  12.9999844  12.9999844
77.3200000  12.9999843  12.9999843
77.3300000  12.9999843  12.9999843
77.3400000  12.9999843  12.9999843
77.3500000  12.9999843  12.9999843
77.3600000  12.9999843  12.9999843
77.3700000  12.9999843  12.9999843
77.3800000  12.9999843  12.9999843
77.3900000  12.9999843  12.9999843
77.4000000  12.9999844  12.9999844
77.4100000  12.9999844  12.9999844
77.4200000  12.9999844  12.9999844
77.4300000  12.9999845  12.9999845
77.4400000  12.9999845  12.9999845
77.4500000  12.9999845  12.9999845
77.4600000  12.9999846  12.9999846
77.4700000  12.9999847  12.9999847
77.4800000  12.9999847  12.9999847
77.4900000  12.9999848  12.9999848
77.5000000  12.9999849  12.9999849
77.5100000  12.9999849  12.9999849
77.5200000  12.9999850  12.9999850
77.5300000  12.9999851  12.9999851
77.5400000  12.9999852  12.9999852
77.5500000  12.9999853  12.9999853
77.5600000  12.9999854  12.9999854
77.5700000  12.9999855  12.9999855
77.5800000  12.9999856  12.9999856
77.5900000  12.9999857  12.9999857
77.6000000  12.9999858  12.9999858
77.6100000  12.9999859  12.9999859
77.6200000  12.9999860  12.9999860
77.6300000  12.9999862  12.9999862
77.6400000  12.9999863  12.9999863
77.6500000  12.9999864  12.9999864
77.6600000  12.9999866  12.9999866
77.6700000  12.9999867  12.9999867
77.6800000  12.9999869  12.9999869
77.6900000  12.9999870  12.9999870
77.7000000  12.9999872  12.9999872
77.7100000  12.9999873  12.9999873
77.7200000  12.9999875  12.9999875
77.7300000  12.9999876  12.9999876
77.7400000  12.9999878  12.9999878
77.7500000  12.9999880  12.9999880
77.7600000  12.9999882  12.9999882
77.7700000  12.9999883  12.9999883
77.7800000  12.9999885  12.9999885
77.7900000  12.9999887  12.9999887
77.8000000  12.9999889  12.9999889
77.8100000  12.9999891  12.9999891
77.8200000  12.9999893  12.9999893
77.8300000  12.9999895  12.9999895
77.8400000  12.9999897  12.9999897
77.8500000  12.9999899  12.9999899
77.8600000  12.9999901  12.9999901
77.8700000  12.9999903  12.9999903
77.8800000  12.9999905  12.9999905
77.8900000  12.9999907  12.9999907
77.9000000  12.9999909  12.9999909
77.9100000  12.9999911  12.9999911
77.9200000  12.9999913  12.9999913
77.9300000  12.9999916  12.9999916
77.9400000  12.9999918  12.9999918
77.9500000  12.9999920  12.9999920
77.9600000  12.9999922  12.9999922
77.9700000  12.9999925  12.9999925
77.9800000  12.9999927  12.9999927
77.9900000  12.9999929  12.9999929
78.0000000  12.9999931  12.9999931
78.0100000  12.9999934  12.9999934
78.0200000  12.9999936  12.9999936
78.0300000  12.9999938  12.9999938
78.0400000  12.9999941  12.9999941
78.0500000  12.9999943  12.9999943
78.0600000  12.9999946  12.9999946
78.0700000  12.9999948  12.9999948
78.0800000  12.9999950  12.9999950
78.0900000  12.9999953  12.9999953
78.1000000  12.9999955  12.9999955
78.1100000  12.9999958  12.9999958
78.1200000  12.9999960  12.9999960
78.1300000  12.9999963  12.9999963
78.1400000  12.9999965  12.9999965
78.1500000  12.9999968  12.9999968
78.1600000  12.9999970  12.9999970
78.1700000  12.9999972  12.9999972
78.1800000  12.9999975  12.9999975
78.1900000  12.9999977  12.9999977
78.2000000  12.9999980  12.9999980
78.2100000  12.9999982  12.9999982
78.2200000  12.9999985  12.9999985
78.2300000  12.9999987  12.9999987
78.2400000  12.9999990  12.9999990
78.2500000  12.9999992  12.9999992
78.2600000  12.9999994  12.9999994
78.2700000  12.9999997  12.9999997
78.2800000  12.9999999  12.9999999
78.2900000  13.0000002  13.0000002
78.3000000  13.0000004  13.0000004
78.3100000  13.0000007  13.0000007
78.3200000  13.0000009  13.0000009
78.3300000  13.0000011  13.0000011
78.3400000  13.0000014  13.0000014
78.3500000  13.0000016  13.0000016
78.3600000  13.0000018  13.0000018
78.3700000  13.0000021  13.0000021
78.3800000  13.0000023  13.0000023
78.3900000  13.0000025  13.0000025
78.4000000  13.0000028  13.0000028
78.4100000  13.0000030  13.0000030
78.4200000  13.0000032  13.0000032
78.4300000  13.0000034  13.0000034
78.4400000  13.0000037  13.0000037
78.4500000  13.0000039  13.0000039
78.4600000  13.0000041  13.0000041
78.4700000  13.0000043  13.0000043
78.4800000  13.0000045  13.0000045
78.4900000  13.0000047  13.0000047
78.5000000  13.0000049  13.0000049
78.5100000  13.0000051  13.0000051
78.5200000  13.0000053  13.0000053
78.5300000  13.0000055  13.0000055
78.5400000  13.0000057  13.0000057
78.5500000  13.0000059  13.0000059
78.5600000  13.0000061  13.0000061
78.5700000  13.0000063  13.0000063
78.5800000  13.0000065  13.0000065
78.5900000  13.0000067  13.0000067
78.6000000  13.0000069  13.0000069
78.6100000  13.0000071  13.0000071
78.6200000  13.0000072  13.0000072
78.6300000  13.0000074  13.0000074
78.6400000  13.0000076  13.0000076
78.6500000  13.0000078  13.0000078
78.6600000  13.0000079  13.0000079
78.6700000  13.0000081  13.0000081
78.6800000  13.0000082  13.0000082
78.6900000  13.0000084  13.0000084
78.7000000  13.0000086  13.0000086
78.7100000  13.0000087  13.0000087
78.7200000  13.0000089  13.0000089
78.7300000  13.0000090  13.0000090
78.7400000  13.0000091  13.0000091
78.7500000  13.0000093  13.0000093
78.7600000  13.0000094  13.0000094
78.7700000  13.0000095  13.0000095
78.7800000  13.0000097  13.0000097
78.7900000  13.0000098  13.0000098
78.8000000  13.0000099  13.0000099
78.8100000  13.0000100  13.0000100
78.8200000  13.0000101  13.0000101
78.8300000  13.0000102  13.0000102
78.8400000  13.0000103  13.0000103
78.8500000  13.0000104  13.0000104
78.8600000  13.0000105  13.0000105
78.8700000  13.0000106  13.0000106
78.8800000  13.0000107  13.0000107
78.8900000  13.0000108  13.0000108
78.9000000  13.0000109  13.0000109
78.9100000  13.0000110  13.0000110
78.9200000  13.0000110  13.0000110
78.9300000  13.0000111  13.0000111
78.9400000  13.0000112  13.0000112
78.9500000  13.0000112  13.0000112
78.9600000  13.0000113  13.0000113
78.9700000  13.0000114  13.0000114
78.9800000  13.0000114  13.0000114
78.9900000  13.0000115  13.0000115
79.0000000  13.0000115  13.0000115
79.0100000  13.0000115  13.0000115
79.0200000  13.0000116  13.0000116
79.0300000  13.0000116  13.0000116
79.0400000  13.0000116  13.0000116
79.0500000  13.0000117  13.0000117
79.0600000  13.0000117  13.0000117
79.0700000  13.0000117  13.0000117
79.0800000  13.0000117  13.0000117
79.0900000  13.0000117  13.0000117
79.1000000  13.0000117  13.0000117
79.1100000  13.0000117  13.0000117
79.1200000  13.0000117  13.0000117
79.1300000  13.0000117  13.0000117
79.1400000  13.0000117  13.0000117
79.1500000  13.0000117  13.0000117
79.1600000  13.0000117  13.0000117
79.1700000  13.0000117  13.0000117
79.1800000  13.0000116  13.0000116
79.1900000  13.0000116  13.0000116
79.2000000  13.0000116  13.0000116
79.2100000  13.0000115  13.0000115
79.2200000  13.0000115  13.0000115
79.2300000  13.0000115  13.0000115
79.2400000  13.0000114  13.0000114
79.2500000  13.0000114  13.0000114
79.2600000  13.0000113  13.0000113
79.2700000  13.0000113  13.0000113
79.2800000  13.0000112  13.0000112
79.2900000  13.0000111  13.0000111
79.3000000  13.0000111  13.0000111
79.3100000  13.0000110  13.0000110
79.3200000  13.0000109  13.0000109
79.3300000  13.0000108  13.0000108
79.3400000  13.0000108  13.0000108
79.3500000  13.0000107  13.0000107
79.3600000  13.0000106  13.0000106
79.3700000  13.0000105  13.0000105
79.3800000  13.0000104  13.0000104
79.3900000  13.0000103  13.0000103
79.4000000  13.0000102  13.0000102
79.4100000  13.0000101  13.0000101
79.4200000  13.0000100  13.0000100
79.4300000  13.0000099  13.0000099
79.4400000  13.0000098  13.0000098
79.4500000  13.0000097  13.0000097
79.4600000  13.0000096  13.0000096
79.4700000  13.0000094  13.0000094
79.4800000  13.0000093  13.0000093
79.4900000  13.0000092  13.0000092
79.5000000  13.0000091  13.0000091
79.5100000  13.0000089  13.0000089
79.5200000  13.0000088  13.0000088
79.5300000  13.0000087  13.0000087
79.5400000  13.0000085  13.0000085
79.5500000  13.0000084  13.0000084
79.5600000  13.0000083  13.0000083
79.5700000  13.0000081  13.0000081
79.5800000  13.0000080  13.0000080
79.5900000  13.0000078  13.0000078
79.6000000  13.0000077  13.0000077
79.6100000  13.0000075  13.0000075
79.6200000  13.0000074  13.0000074
79.6300000  13.0000072  13.0000072
79.6400000  13.0000071  13.0000071
79.6500000  13.0000069  13.0000069
79.6600000  13.0000067  13.0000067
79.6700000  13.0000066  13.0000066
79.6800000  13.0000064  13.0000064
79.6900000  13.0000062  13.0000062
79.7000000  13.0000061  13.0000061
79.7100000  13.0000059  13.0000059
79.7200000  13.0000057  13.0000057
79.7300000  13.0000056  13.0000056
79.7400000  13.0000054  13.0000054
79.7500000  13.0000052  13.0000052
79.7600000  13.0000050  13.0000050
79.7700000  13.0000049  13.0000049
79.7800000  13.0000047  13.0000047
79.7900000  13.0000045  13.0000045
79.8000000  13.0000043  13.0000043
79.8100000  13.0000042  13.0000042
79.8200000  13.0000040  13.0000040
79.8300000  13.0000038  13.0000038
79.8400000  13.0000036  13.0000036
79.8500000  13.0000034  13.0000034
79.8600000  13.0000032  13.0000032
79.8700000  13.0000031  13.0000031
79.8800000  13.0000029  13.0000029
79.8900000  13.0000027  13.0000027
79.9000000  13.0000025  13.0000025
79.9100000  13.0000023  13.0000023
79.9200000  13.0000021  13.0000021
79.9300000  13.0000020  13.0000020
79.9400000  13.0000018  13.0000018
79.9500000  13.0000016  13.0000016
79.9600000  13.0000014  13.0000014
79.9700000  13.0000012  13.0000012
79.9800000  13.0000010  13.0000010
79.9900000  13.0000008  13.0000008
80.0000000  13.0000007  13.0000007
80.0100000  13.0000005  13.0000005
80.0200000  13.0000003  13.0000003
80.0300000  13.0000001  13.0000001
80.0400000  12.9999999  12.9999999
80.0500000  12.9999997  12.9999997
80.0600000  12.9999996  12.9999996
80.0700000  12.9999994  12.9999994
80.0800000  12.9999992  12.9999992
80.0900000  12.9999990  12.9999990
80.1000000  12.9999988  12.9999988
80.1100000  12.9999987  12.9999987
80.1200000  12.9999985  12.9999985
80.1300000  12.9999983  12.9999983
80.1400000  12.9999981  12.9999981
80.1500000  12.9999980  12.9999980
80.1600000  12.9999978  12.9999978
80.1700000  12.9999976  12.9999976
80.1800000  12.9999975  12.9999975
80.1900000  12.9999973  12.9999973
80.2000000  12.9999971  12.9999971
80.2100000  12.9999970  12.9999970
80.2200000  12.9999968  12.9999968
80.2300000  12.9999966  12.9999966
80.2400000  12.9999965  12.9999965
80.2500000  12.9999963  12.9999963
80.2600000  12.9999962  12.9999962
80.2700000  12.9999960  12.9999960
80.2800000  12.9999959  12.9999959
80.2900000  12.9999957  12.9999957
80.3000000  12.9999956  12.9999956
80.3100000  12.9999954  12.9999954
80.3200000  12.9999953  12.9999953
80.3300000  12.9999951  12.9999951
80.3400000  12.9999950  12.9999950
80.3500000  12.9999948  12.9999948
80.3600000  12.9999947  12.9999947
80.3700000  12.9999946  12.9999946
80.3800000  12.9999944  12.9999944
80.3900000  12.9999943  12.9999943
80.4000000  12.9999942  12.9999942
80.4100000  12.9999940  12.9999940
80.4200000  12.9999939  12.9999939
80.4300000  12.9999938  12.9999938
80.4400000  12.9999937  12.9999937
80.4500000  12.9999936  12.9999936
80.4600000  12.9999934  12.9999934
80.4700000  12.9999933  12.9999933
80.4800000  12.9999932  12.9999932
80.4900000  12.9999931  12.9999931
80.5000000  12.9999930  12.9999930
80.5100000  12.9999929  12.9999929
80.5200000  12.9999928  12.9999928
80.5300000  12.9999927  12.9999927
80.5400000  12.9999926  12.9999926
80.5500000  12.9999925  12.9999925
80.5600000  12.9999924  12.9999924
80.5700000  12.9999923  12.9999923
80.5800000  12.9999923  12.9999923
80.5900000  12.9999922  12.9999922
80.6000000  12.9999921  12.9999921
80.6100000  12.9999920  12.9999920
80.6200000  12.9999920  12.9999920
80.6300000  12.9999919  12.9999919
80.6400000  12.9999918  12.9999918
80.6500000  12.9999918  12.9999918
80.6600000  12.9999917  12.9999917
80.6700000  12.9999916  12.9999916
80.6800000  12.9999916  12.9999916
80.6900000  12.9999915  12.9999915
80.7000000  12.9999915  12.9999915
80.7100000  12.9999914  12.9999914
80.7200000  12.9999914  12.9999914
80.7300000  12.9999913  12.9999913
80.7400000  12.9999913  12.9999913
80.7500000  12.9999913  12.9999913
80.7600000  12.9999912  12.9999912
80.7700000  12.9999912  12.9999912
80.7800000  12.9999912  12.9999912
80.7900000  12.9999912  12.9999912
80.8000000  12.9999911  12.9999911
80.8100000  12.9999911  12.9999911
80.8200000  12.9999911  12.9999911
80.8300000  12.9999911  12.9999911
80.8400000  12.9999911  12.9999911
80.8500000  12.9999911  12.9999911
80.8600000  12.9999911  12.9999911
80.8700000  12.9999911  12.9999911
80.8800000  12.9999911  12.9999911
80.8900000  12.9999911  12.9999911
80.9000000  12.9999911  12.9999911
80.9100000  12.9999911  12.9999911
80.9200000  12.9999911  12.9999911
80.9300000  12.9999911  12.9999911
80.9400000  12.9999911  12.9999911
80.9500000  12.9999912  12.9999912
80.9600000  12.9999912  12.9999912
80.9700000  12.9999912  12.9999912
80.9800000  12.9999912  12.9999912
80.9900000  12.9999913  12.9999913
81.0000000  12.9999913  12.9999913
81.0100000  12.9999914  12.9999914
81.0200000  12.9999914  12.9999914
81.0300000  12.9999914  12.9999914
81.0400000  12.9999915  12.9999915
81.0500000  12.9999915  12.9999915
81.0600000  12.9999916  12.9999916
81.0700000  12.9999916  12.9999916
81.0800000  12.9999917  12.9999917
81.0900000  12.9999918  12.9999918
81.1000000  12.9999918  12.9999918
81.1100000  12.9999919  12.9999919
81.1200000  12.9999919  12.9999919
81.1300000  12.9999920  12.9999920
81.1400000  12.9999921  12.9999921
81.1500000  12.9999922  12.9999922
81.1600000  12.9999922  12.9999922
81.1700000  12.9999923  12.9999923
81.1800000  12.9999924  12.9999924
81.1900000  12.9999925  12.9999925
81.2000000  12.9999926  12.9999926
81.2100000  12.9999926  12.9999926
81.2200000  12.9999927  12.9999927
81.2300000  12.9999928  12.9999928
81.2400000  12.9999929  12.9999929
81.2500000  12.9999930  12.9999930
81.2600000  12.9999931  12.9999931
81.2700000  12.9999932  12.9999932
81.2800000  12.9999933  12.9999933
81.2900000  12.9999934  12.9999934
81.3000000  12.9999935  12.9999935
81.3100000  12.9999936  12.9999936
81.3200000  12.9999937  12.9999937
81.3300000  12.9999938  12.9999938
81.3400000  12.9999939  12.9999939
81.3500000  12.9999940  12.9999940
81.3600000  12.9999942  12.9999942
81.3700000  12.9999943  12.9999943
81.3800000  12.9999944  12.9999944
81.3900000  12.9999945  12.9999945
81.4000000  12.9999946  12.9999946
81.4100000  12.9999947  12.9999947
81.4200000  12.9999949  12.9999949
81.4300000  12.9999950  12.9999950
81.4400000  12.9999951  12.9999951
81.4500000  12.9999952  12.9999952
81.4600000  12.9999954  12.9999954
81.4700000  12.9999955  12.9999955
81.4800000  12.9999956  12.9999956
81.4900000  12.9999957  12.9999957
81.5000000  12.9999959  12.9999959
81.5100000  12.9999960  12.9999960
81.5200000  12.9999961  12.9999961
81.5300000  12.9999963  12.9999963
81.5400000  12.9999964  12.9999964
81.5500000  12.9999965  12.9999965
81.5600000  12.9999967  12.9999967
81.5700000  12.9999968  12.9999968
81.5800000  12.9999969  12.9999969
81.5900000  12.9999971  12.9999971
81.6000000  12.9999972  12.9999972
81.6100000  12.9999974  12.9999974
81.6200000  12.9999975  12.9999975
81.6300000  12.9999976  12.9999976
81.6400000  12.9999978  12.9999978
81.6500000  12.9999979  12.9999979
81.6600000  12.9999981  12.9999981
81.6700000  12.9999982  12.9999982
81.6800000  12.9999983  12.9999983
81.6900000  12.9999985  12.9999985
81.7000000  12.9999986  12.9999986
81.7100000  12.9999988  12.9999988
81.7200000  12.9999989  12.9999989
81.7300000  12.9999990  12.9999990
81.7400000  12.9999992  12.9999992
81.7500000  12.9999993  12.9999993
81.7600000  12.9999994  12.9999994
81.7700000  12.9999996  12.9999996
81.7800000  12.9999997  12.9999997
81.7900000  12.9999999  12.9999999
81.8000000  13.0000000  13.0000000
81.8100000  13.0000001  13.0000001
81.8200000  13.0000003  13.0000003
81.8300000  13.0000004  13.0000004
81.8400000  13.0000005  13.0000005
81.8500000  13.0000007  13.0000007
81.8600000  13.0000008  13.0000008
81.8700000  13.0000009  13.0000009
81.8800000  13.0000011  13.0000011
81.8900000  13.0000012  13.0000012
81.9000000  13.0000013  13.0000013
81.9100000  13.0000015  13.0000015
81.9200000  13.0000016  13.0000016
81.9300000  13.0000017  13.0000017
81.9400000  13.0000019  13.0000019
81.9500000  13.0000020  13.0000020
81.9600000  13.0000021  13.0000021
81.9700000  13.0000022  13.0000022
81.9800000  13.0000024  13.0000024
81.9900000  13.0000025  13.0000025
82.0000000  13.0000026  13.0000026
82.0100000  13.0000027  13.0000027
82.0200000  13.0000028  13.0000028
82.0300000  13.0000029  13.0000029
82.0400000  13.0000031  13.0000031
82.0500000  13.0000032  13.0000032
82.0600000  13.0000033  13.0000033
82.0700000  13.0000034  13.0000034
82.0800000  13.0000035  13.0000035
82.0900000  13.0000036  13.0000036
82.1000000  13.0000037  13.0000037
82.1100000  13.0000038  13.0000038
82.1200000  13.0000039  13.0000039
82.1300000  13.0000040  13.0000040
82.1400000  13.0000041  13.0000041
82.1500000  13.0000042  13.0000042
82.1600000  13.0000043  13.0000043
82.1700000  13.0000044  13.0000044
82.1800000  13.0000045  13.0000045
82.1900000  13.0000046  13.0000046
82.2000000  13.0000047  13.0000047
82.2100000  13.0000048  13.0000048
82.2200000  13.0000049  13.0000049
82.2300000  13.0000050  13.0000050
82.2400000  13.0000050  13.0000050
82.2500000  13.0000051  13.0000051
82.2600000  13.0000052  13.0000052
82.2700000  13.0000053  13.0000053
82.2800000  13.0000054  13.0000054
82.2900000  13.0000054  13.0000054
82.3000000  13.0000055  13.0000055
82.3100000  13.0000056  13.0000056
82.3200000  13.0000056  13.0000056
82.3300000  13.0000057  13.0000057
82.3400000  13.0000058  13.0000058
82.3500000  13.0000058  13.0000058
82.3600000  13.0000059  13.0000059
82.3700000  13.0000059  13.0000059
82.3800000  13.0000060  13.0000060
82.3900000  13.0000060  13.0000060
82.4000000  13.0000061  13.0000061
82.4100000  13.0000061  13.0000061
82.4200000  13.0000062  13.0000062
82.4300000  13.0000062  13.0000062
82.4400000  13.0000063  13.0000063
82.4500000  13.0000063  13.0000063
82.4600000  13.0000063  13.0000063
82.4700000  13.0000064  13.0000064
82.4800000  13.0000064  13.0000064
82.4900000  13.0000064  13.0000064
82.5000000  13.0000065  13.0000065
82.5100000  13.0000065  13.0000065
82.5200000  13.0000065  13.0000065
82.5300000  13.0000065  13.0000065
82.5400000  13.0000066  13.0000066
82.5500000  13.0000066  13.0000066
82.5600000  13.0000066  13.0000066
82.5700000  13.0000066  13.0000066
82.5800000  13.0000066  13.0000066
82.5900000  13.0000066  13.0000066
82.6000000  13.0000066  13.0000066
82.6100000  13.0000066  13.0000066
82.6200000  13.0000066  13.0000066
82.6300000  13.0000066  13.0000066
82.6400000  13.0000066  13.0000066
82.6500000  13.0000066  13.0000066
82.6600000  13.0000066  13.0000066
82.6700000  13.0000066  13.0000066
82.6800000  13.0000066  13.0000066
82.6900000  13.0000066  13.0000066
82.7000000  13.0000066  13.0000066
82.7100000  13.0000066  13.0000066
82.7200000  13.0000065  13.0000065
82.7300000  13.0000065  13.0000065
82.7400000  13.0000065  13.0000065
82.7500000  13.0000065  13.0000065
82.7600000  13.0000065  13.0000065
82.7700000  13.0000064  13.0000064
82.7800000  13.0000064  13.0000064
82.7900000  13.0000064  13.0000064
82.8000000  13.0000063  13.0000063
82.8100000  13.0000063  13.0000063
82.8200000  13.0000062  13.0000062
82.8300000  13.0000062  13.0000062
82.8400000  13.0000062  13.0000062
82.8500000  13.0000061  13.0000061
82.8600000  13.0000061  13.0000061
82.8700000  13.0000060  13.0000060
82.8800000  13.0000060  13.0000060
82.8900000  13.0000059  13.0000059
82.9000000  13.0000059  13.0000059
82.9100000  13.0000058  13.0000058
82.9200000  13.0000058  13.0000058
82.9300000  13.0000057  13.0000057
82.9400000  13.0000056  13.0000056
82.9500000  13.0000056  13.0000056
82.9600000  13.0000055  13.0000055
82.9700000  13.0000054  13.0000054
82.9800000  13.0000054  13.0000054
82.9900000  13.0000053  13.0000053
83.0000000  13.0000052  13.0000052
83.0100000  13.0000052  13.0000052
83.0200000  13.0000051  13.0000051
83.0300000  13.0000050  13.0000050
83.0400000  13.0000049  13.0000049
83.0500000  13.0000049  13.0000049
83.0600000  13.0000048  13.0000048
83.0700000  13.0000047  13.0000047
83.0800000  13.0000046  13.0000046
83.0900000  13.0000046  13.0000046
83.1000000  13.0000045  13.0000045
83.1100000  13.0000044  13.0000044
83.1200000  13.0000043  13.0000043
83.1300000  13.0000042  13.0000042
83.1400000  13.0000041  13.0000041
83.1500000  13.0000040  13.0000040
83.1600000  13.0000039  13.0000039
83.1700000  13.0000039  13.0000039
83.1800000  13.0000038  13.0000038
83.1900000  13.0000037  13.0000037
83.2000000  13.0000036  13.0000036
83.2100000  13.0000035  13.0000035
83.2200000  13.0000034  13.0000034
83.2300000  13.0000033  13.0000033
83.2400000  13.0000032  13.0000032
83.2500000  13.0000031  13.0000031
83.2600000  13.0000030  13.0000030
83.2700000  13.0000029  13.0000029
83.2800000  13.0000028  13.0000028
83.2900000  13.0000027  13.0000027
83.3000000  13.0000026  13.0000026
83.3100000  13.0000025  13.0000025
83.3200000  13.0000024  13.0000024
83.3300000  13.0000023  13.0000023
83.3400000  13.0000022  13.0000022
83.3500000  13.0000021  13.0000021
83.3600000  13.0000020  13.0000020
83.3700000  13.0000019  13.0000019
83.3800000  13.0000018  13.0000018
83.3900000  13.0000017  13.0000017
83.4000000  13.0000016  13.0000016
83.4100000  13.0000015  13.0000015
83.4200000  13.0000014  13.0000014
83.4300000  13.0000013  13.0000013
83.4400000  13.0000011  13.0000011
83.4500000  13.0000010  13.0000010
83.4600000  13.0000009  13.0000009
83.4700000  13.0000008  13.0000008
83.4800000  13.0000007  13.0000007
83.4900000  13.0000006  13.0000006
83.5000000  13.0000005  13.0000005
83.5100000  13.0000004  13.0000004
83.5200000  13.0000003  13.0000003
83.5300000  13.0000002  13.0000002
83.5400000  13.0000001  13.0000001
83.5500000  13.0000000  13.0000000
83.5600000  12.9999999  12.9999999
83.5700000  12.9999998  12.9999998
83.5800000  12.9999997  12.9999997
83.5900000  12.9999996  12.9999996
83.6000000  12.9999995  12.9999995
83.6100000  12.9999994  12.9999994
83.6200000  12.9999993  12.9999993
83.6300000  12.9999992  12.9999992
83.6400000  12.9999991  12.9999991
83.6500000  12.9999990  12.9999990
83.6600000  12.9999989  12.9999989
83.6700000  12.9999988  12.9999988
83.6800000  12.9999987  12.9999987
83.6900000  12.9999986  12.9999986
83.7000000  12.9999985  12.9999985
83.7100000  12.9999984  12.9999984
83.7200000  12.9999983  12.9999983
83.7300000  12.9999982  12.9999982
83.7400000  12.9999981  12.9999981
83.7500000  12.9999980  12.9999980
83.7600000  12.9999979  12.9999979
83.7700000  12.9999978  12.9999978
83.7800000  12.9999978  12.9999978
83.7900000  12.9999977  12.9999977
83.8000000  12.9999976  12.9999976
83.8100000  12.9999975  12.9999975
83.8200000  12.9999974  12.9999974
83.8300000  12.9999973  12.9999973
83.8400000  12.9999973  12.9999973
83.8500000  12.9999972  12.9999972
83.8600000  12.9999971  12.9999971
83.8700000  12.9999970  12.9999970
83.8800000  12.9999969  12.9999969
83.8900000  12.9999969  12.9999969
83.9000000  12.9999968  12.9999968
83.9100000  12.9999967  12.9999967
83.9200000  12.9999966  12.9999966
83.9300000  12.9999966  12.9999966
83.9400000  12.9999965  12.9999965
83.9500000  12.9999964  12.9999964
83.9600000  12.9999964  12.9999964
83.9700000  12.9999963  12.9999963
83.9800000  12.9999962  12.9999962
83.9900000  12.9999962  12.9999962
84.0000000  12.9999961  12.9999961
84.0100000  12.9999960  12.9999960
84.0200000  12.9999960  12.9999960
84.0300000  12.9999959  12.9999959
84.0400000  12.9999959  12.9999959
84.0500000  12.9999958  12.9999958
84.0600000  12.9999958  12.9999958
84.0700000  12.9999957  12.9999957
84.0800000  12.9999957  12.9999957
84.0900000  12.9999956  12.9999956
84.1000000  12.9999956  12.9999956
84.1100000  12.9999955  12.9999955
84.1200000  12.9999955  12.9999955
84.1300000  12.9999954  12.9999954
84.1400000  12.9999954  12.9999954
84.1500000  12.9999954  12.9999954
84.1600000  12.9999953  12.9999953
84.1700000  12.9999953  12.9999953
84.1800000  12.9999952  12.9999952
84.1900000  12.9999952  12.9999952
84.2000000  12.9999952  12.9999952
84.2100000  12.9999952  12.9999952
84.2200000  12.9999951  12.9999951
84.2300000  12.9999951  12.9999951
84.2400000  12.9999951  12.9999951
84.2500000  12.9999951  12.9999951
84.2600000  12.9999950  12.9999950
84.2700000  12.9999950  12.9999950
84.2800000  12.9999950  12.9999950
84.2900000  12.9999950  12.9999950
84.3000000  12.9999950  12.9999950
84.3100000  12.9999950  12.9999950
84.3200000  12.9999949  12.9999949
84.3300000  12.9999949  12.9999949
84.3400000  12.9999949  12.9999949
84.3500000  12.9999949  12.9999949
84.3600000  12.9999949  12.9999949
84.3700000  12.9999949  12.9999949
84.3800000  12.9999949  12.9999949
84.3900000  12.9999949  12.9999949
84.4000000  12.9999949  12.9999949
84.4100000  12.9999949  12.9999949
84.4200000  12.9999949  12.9999949
84.4300000  12.9999949  12.9999949
84.4400000  12.9999949  12.9999949
84.4500000  12.9999949  12.9999949
84.4600000  12.9999950  12.9999950
84.4700000  12.9999950  12.9999950
84.4800000  12.9999950  12.9999950
84.4900000  12.9999950  12.9999950
84.5000000  12.9999950  12.9999950
84.5100000  12.9999950  12.9999950
84.5200000  12.9999951  12.9999951
84.5300000  12.9999951  12.9999951
84.5400000  12.9999951  12.9999951
84.5500000  12.9999951  12.9999951
84.5600000  12.9999952  12.9999952
84.5700000  12.9999952  12.9999952
84.5800000  12.9999952  12.9999952
84.5900000  12.9999952  12.9999952
84.6000000  12.9999953  12.9999953
84.6100000  12.9999953  12.9999953
84.6200000  12.9999953  12.9999953
84.6300000  12.9999954  12.9999954
84.6400000  12.9999954  12.9999954
84.6500000  12.9999955  12.9999955
84.6600000  12.9999955  12.9999955
84.6700000  12.9999955  12.9999955
84.6800000  12.9999956  12.9999956
84.6900000  12.9999956  12.9999956
84.7000000  12.9999957  12.9999957
84.7100000  12.9999957  12.9999957
84.7200000  12.9999958  12.9999958
84.7300000  12.9999958  12.9999958
84.7400000  12.9999959  12.9999959
84.7500000  12.9999959  12.9999959
84.7600000  12.9999960  12.9999960
84.7700000  12.9999960  12.9999960
84.7800000  12.9999961  12.9999961
84.7900000  12.9999961  12.9999961
84.8000000  12.9999962  12.9999962
84.8100000  12.9999963  12.9999963
84.8200000  12.9999963  12.9999963
84.8300000  12.9999964  12.9999964
84.8400000  12.9999964  12.9999964
84.8500000  12.9999965  12.9999965
84.8600000  12.9999966  12.9999966
84.8700000  12.9999966  12.9999966
84.8800000  12.9999967  12.9999967
84.8900000  12.9999968  12.9999968
84.9000000  12.9999968  12.9999968
84.9100000  12.9999969  12.9999969
84.9200000  12.9999970  12.9999970
84.9300000  12.9999970  12.9999970
84.9400000  12.9999971  12.9999971
84.9500000  12.9999972  12.9999972
84.9600000  12.9999972  12.9999972
84.9700000  12.9999973  12.9999973
84.9800000  12.9999974  12.9999974
84.9900000  12.9999974  12.9999974
85.0000000  12.9999975  12.9999975
85.0100000  12.9999976  12.9999976
85.0200000  12.9999977  12.9999977
85.0300000  12.9999977  12.9999977
85.0400000  12.9999978  12.9999978
85.0500000  12.9999979  12.9999979
85.0600000  12.9999980  12.9999980
85.0700000  12.9999980  12.9999980
85.0800000  12.9999981  12.9999981
85.0900000  12.9999982  12.9999982
85.1000000  12.9999983  12.9999983
85.1100000  12.9999984  12.9999984
85.1200000  12.9999984  12.9999984
85.1300000  12.9999985  12.9999985
85.1400000  12.9999986  12.9999986
85.1500000  12.9999987  12.9999987
85.1600000  12.9999987  12.9999987
85.1700000  12.9999988  12.9999988
85.1800000  12.9999989  12.9999989
85.1900000  12.9999990  12.9999990
85.2000000  12.9999991  12.9999991
85.2100000  12.9999991  12.9999991
85.2200000  12.9999992  12.9999992
85.2300000  12.9999993  12.9999993
85.2400000  12.9999994  12.9999994
85.2500000  12.9999995  12.9999995
85.2600000  12.9999995  12.9999995
85.2700000  12.9999996  12.9999996
85.2800000  12.9999997  12.9999997
85.2900000  12.9999998  12.9999998
85.3000000  12.9999999  12.9999999
85.3100000  12.9999999  12.9999999
85.3200000  13.0000000  13.0000000
85.3300000  13.0000001  13.0000001
85.3400000  13.0000002  13.0000002
85.3500000  13.0000002  13.0000002
85.3600000  13.0000003  13.0000003
85.3700000  13.0000004  13.0000004
85.3800000  13.0000005  13.0000005
85.3900000  13.0000005  13.0000005
85.4000000  13.0000006  13.0000006
85.4100000  13.0000007  13.0000007
85.4200000  13.0000008  13.0000008
85.4300000  13.0000008  13.0000008
85.4400000  13.0000009  13.0000009
85.4500000  13.0000010  13.0000010
85.4600000  13.0000011  13.0000011
85.4700000  13.0000011  13.0000011
85.4800000  13.0000012  13.0000012
85.4900000  13.0000013  13.0000013
85.5000000  13.0000013  13.0000013
85.5100000  13.0000014  13.0000014
85.5200000  13.0000015  13.0000015
85.5300000  13.0000015  13.0000015
85.5400000  13.0000016  13.0000016
85.5500000  13.0000017  13.0000017
85.5600000  13.0000017  13.0000017
85.5700000  13.0000018  13.0000018
85.5800000  13.0000019  13.0000019
85.5900000  13.0000019  13.0000019
85.6000000  13.0000020  13.0000020
85.6100000  13.0000021  13.0000021
85.6200000  13.0000021  13.0000021
85.6300000  13.0000022  13.0000022
85.6400000  13.0000022  13.0000022
85.6500000  13.0000023  13.0000023
85.6600000  13.0000024  13.0000024
85.6700000  13.0000024  13.0000024
85.6800000  13.0000025  13.0000025
85.6900000  13.0000025  13.0000025
85.7000000  13.0000026  13.0000026
85.7100000  13.0000026  13.0000026
85.7200000  13.0000027  13.0000027
85.7300000  13.0000027  13.0000027
85.7400000  13.0000028  13.0000028
85.7500000  13.0000028  13.0000028
85.7600000  13.0000029  13.0000029
85.7700000  13.0000029  13.0000029
85.7800000  13.0000029  13.0000029
85.7900000  13.0000030  13.0000030
85.8000000  13.0000030  13.0000030
85.8100000  13.0000031  13.0000031
85.8200000  13.0000031  13.0000031
85.8300000  13.0000032  13.0000032
85.8400000  13.0000032  13.0000032
85.8500000  13.0000032  13.0000032
85.8600000  13.0000033  13.0000033
85.8700000  13.0000033  13.0000033
85.8800000  13.0000033  13.0000033
85.8900000  13.0000034  13.0000034
85.9000000  13.0000034  13.0000034
85.9100000  13.0000034  13.0000034
85.9200000  13.0000034  13.0000034
85.9300000  13.0000035  13.0000035
85.9400000  13.0000035  13.0000035
85.9500000  13.0000035  13.0000035
85.9600000  13.0000035  13.0000035
85.9700000  13.0000036  13.0000036
85.9800000  13.0000036  13.0000036
85.9900000  13.0000036  13.0000036
86.0000000  13.0000036  13.0000036
86.0100000  13.0000036  13.0000036
86.0200000  13.0000037  13.0000037
86.0300000  13.0000037  13.0000037
86.0400000  13.0000037  13.0000037
86.0500000  13.0000037  13.0000037
86.0600000  13.0000037  13.0000037
86.0700000  13.0000037  13.0000037
86.0800000  13.0000037  13.0000037
86.0900000  13.0000037  13.0000037
86.1000000  13.0000037  13.0000037
86.1100000  13.0000037  13.0000037
86.1200000  13.0000037  13.0000037
86.1300000  13.0000037  13.0000037
86.1400000  13.0000037  13.0000037
86.1500000  13.0000037  13.0000037
86.1600000  13.0000037  13.0000037
86.1700000  13.0000037  13.0000037
86.1800000  13.0000037  13.0000037
86.1900000  13.0000037  13.0000037
86.2000000  13.0000037  13.0000037
86.2100000  13.0000037  13.0000037
86.2200000  13.0000037  13.0000037
86.2300000  13.0000037  13.0000037
86.2400000  13.0000037  13.0000037
86.2500000  13.0000037  13.0000037
86.2600000  13.0000037  13.0000037
86.2700000  13.0000036  13.0000036
86.2800000  13.0000036  13.0000036
86.2900000  13.0000036  13.0000036
86.3000000  13.0000036  13.0000036
86.3100000  13.0000036  13.0000036
86.3200000  13.0000036  13.0000036
86.3300000  13.0000035  13.0000035
86.3400000  13.0000035  13.0000035
86.3500000  13.0000035  13.0000035
86.3600000  13.0000035  13.0000035
86.3700000  13.0000034  13.0000034
86.3800000  13.0000034  13.0000034
86.3900000  13.0000034  13.0000034
86.4000000  13.0000034  13.0000034
86.4100000  13.0000033  13.0000033
86.4200000  13.0000033  13.0000033
86.4300000  13.0000033  13.0000033
86.4400000  13.0000032  13.0000032
86.4500000  13.0000032  13.0000032
86.4600000  13.0000032  13.0000032
86.4700000  13.0000031  13.0000031
86.4800000  13.0000031  13.0000031
86.4900000  13.0000031  13.0000031
86.5000000  13.0000030  13.0000030
86.5100000  13.0000030  13.0000030
86.5200000  13.0000029  13.0000029
86.5300000  13.0000029  13.0000029
86.5400000  13.0000029  13.0000029
86.5500000  13.0000028  13.0000028
86.5600000  13.0000028  13.0000028
86.5700000  13.0000027  13.0000027
86.5800000  13.0000027  13.0000027
86.5900000  13.0000026  13.0000026
86.6000000  13.0000026  13.0000026
86.6100000  13.0000025  13.0000025
86.6200000  13.0000025  13.0000025
86.6300000  13.0000024  13.0000024
86.6400000  13.0000024  13.0000024
86.6500000  13.0000023  13.0000023
86.6600000  13.0000023  13.0000023
86.6700000  13.0000022  13.0000022
86.6800000  13.0000022  13.0000022
86.6900000  13.0000021  13.0000021
86.7000000  13.0000021  13.0000021
86.7100000  13.0000020  13.0000020
86.7200000  13.0000020  13.0000020
86.7300000  13.0000019  13.0000019
86.7400000  13.0000019  13.0000019
86.7500000  13.0000018  13.0000018
86.7600000  13.0000018  13.0000018
86.7700000  13.0000017  13.0000017
86.7800000  13.0000017  13.0000017
86.7900000  13.0000016  13.0000016
86.8000000  13.0000015  13.0000015
86.8100000  13.0000015  13.0000015
86.8200000  13.0000014  13.0000014
86.8300000  13.0000014  13.0000014
86.8400000  13.0000013  13.0000013
86.8500000  13.0000013  13.0000013
86.8600000  13.0000012  13.0000012
86.8700000  13.0000011  13.0000011
86.8800000  13.0000011  13.0000011
86.8900000  13.0000010  13.0000010
86.9000000  13.0000010  13.0000010
86.9100000  13.0000009  13.0000009
86.9200000  13.0000008  13.0000008
86.9300000  13.0000008  13.0000008
86.9400000  13.0000007  13.0000007
86.9500000  13.0000007  13.0000007
86.9600000  13.0000006  13.0000006
86.9700000  13.0000005  13.0000005
86.9800000  13.0000005  13.0000005
86.9900000  13.0000004  13.0000004
87.0000000  13.0000004  13.0000004
87.0100000  13.0000003  13.0000003
87.0200000  13.0000002  13.0000002
87.0300000  13.0000002  13.0000002
87.0400000  13.0000001  13.0000001
87.0500000  13.0000001  13.0000001
87.0600000  13.0000000  13.0000000
87.0700000  13.0000000  13.0000000
87.0800000  12.9999999  12.9999999
87.0900000  12.9999998  12.9999998
87.1000000  12.9999998  12.9999998
87.1100000  12.9999997  12.9999997
87.1200000  12.9999997  12.9999997
87.1300000  12.9999996  12.9999996
87.1400000  12.9999995  12.9999995
87.1500000  12.9999995  12.9999995
87.1600000  12.9999994  12.9999994
87.1700000  12.9999994  12.9999994
87.1800000  12.9999993  12.9999993
87.1900000  12.9999993  12.9999993
87.2000000  12.9999992  12.9999992
87.2100000  12.9999992  12.9999992
87.2200000  12.9999991  12.9999991
87.2300000  12.9999990  12.9999990
87.2400000  12.9999990  12.9999990
87.2500000  12.9999989  12.9999989
87.2600000  12.9999989  12.9999989
87.2700000  12.9999988  12.9999988
87.2800000  12.9999988  12.9999988
87.2900000  12.9999987  12.9999987
87.3000000  12.9999987  12.9999987
87.3100000  12.9999986  12.9999986
87.3200000  12.9999986  12.9999986
87.3300000  12.9999985  12.9999985
87.3400000  12.9999985  12.9999985
87.3500000  12.9999984  12.9999984
87.3600000  12.9999984  12.9999984
87.3700000  12.9999984  12.9999984
87.3800000  12.9999983  12.9999983
87.3900000  12.9999983  12.9999983
87.4000000  12.9999982  12.9999982
87.4100000  12.9999982  12.9999982
87.4200000  12.9999981  12.9999981
87.4300000  12.9999981  12.9999981
87.4400000  12.9999980  12.9999980
87.4500000  12.9999980  12.9999980
87.4600000  12.9999980  12.9999980
87.4700000  12.9999979  12.9999979
87.4800000  12.9999979  12.9999979
87.4900000  12.9999979  12.9999979
87.5000000  12.9999978  12.9999978
87.5100000  12.9999978  12.9999978
87.5200000  12.9999977  12.9999977
87.5300000  12.9999977  12.9999977
87.5400000  12.9999977  12.9999977
87.5500000  12.9999977  12.9999977
87.5600000  12.9999976  12.9999976
87.5700000  12.9999976  12.9999976
87.5800000  12.9999976  12.9999976
87.5900000  12.9999975  12.9999975
87.6000000  12.9999975  12.9999975
87.6100000  12.9999975  12.9999975
87.6200000  12.9999974  12.9999974
87.6300000  12.9999974  12.9999974
87.6400000  12.9999974  12.9999974
87.6500000  12.9999974  12.9999974
87.6600000  12.9999974  12.9999974
87.6700000  12.9999973  12.9999973
87.6800000  12.9999973  12.9999973
87.6900000  12.9999973  12.9999973
87.7000000  12.9999973  12.9999973
87.7100000  12.9999973  12.9999973
87.7200000  12.9999972  12.9999972
87.7300000  12.9999972  12.9999972
87.7400000  12.9999972  12.9999972
87.7500000  12.9999972  12.9999972
87.7600000  12.9999972  12.9999972
87.7700000  12.9999972  12.9999972
87.7800000  12.9999972  12.9999972
87.7900000  12.9999971  12.9999971
87.8000000  12.9999971  12.9999971
87.8100000  12.9999971  12.9999971
87.8200000  12.9999971  12.9999971
87.8300000  12.9999971  12.9999971
87.8400000  12.9999971  12.9999971
87.8500000  12.9999971  12.9999971
87.8600000  12.9999971  12.9999971
87.8700000  12.9999971  12.9999971
87.8800000  12.9999971  12.9999971
87.8900000  12.9999971  12.9999971
87.9000000  12.9999971  12.9999971
87.9100000  12.9999971  12.9999971
87.9200000  12.9999971  12.9999971
87.9300000  12.9999971  12.9999971
87.9400000  12.9999971  12.9999971
87.9500000  12.9999971  12.9999971
87.9600000  12.9999971  12.9999971
87.9700000  12.9999971  12.9999971
87.9800000  12.9999971  12.9999971
87.9900000  12.9999971  12.9999971
88.0000000  12.9999971  12.9999971
88.0100000  12.9999971  12.9999971
88.0200000  12.9999972  12.9999972
88.0300000  12.9999972  12.9999972
88.0400000  12.9999972  12.9999972
88.0500000  12.9999972  12.9999972
88.0600000  12.9999972  12.9999972
88.0700000  12.9999972  12.9999972
88.0800000  12.9999972  12.9999972
88.0900000  12.9999973  12.9999973
88.1000000  12.9999973  12.9999973
88.1100000  12.9999973  12.9999973
88.1200000  12.9999973  12.9999973
88.1300000  12.9999973  12.9999973
88.1400000  12.9999973  12.9999973
88.1500000  12.9999974  12.9999974
88.1600000  12.9999974  12.9999974
88.1700000  12.9999974  12.9999974
88.1800000  12.9999974  12.9999974
88.1900000  12.9999975  12.9999975
88.2000000  12.9999975  12.9999975
88.2100000  12.9999975  12.9999975
88.2200000  12.9999975  12.9999975
88.2300000  12.9999976  12.9999976
88.2400000  12.9999976  12.9999976
88.2500000  12.9999976  12.9999976
88.2600000  12.9999976  12.9999976
88.2700000  12.9999977  12.9999977
88.2800000  12.9999977  12.9999977
88.2900000  12.9999977  12.9999977
88.3000000  12.9999978  12.9999978
88.3100000  12.9999978  12.9999978
88.3200000  12.9999978  12.9999978
88.3300000  12.9999979  12.9999979
88.3400000  12.9999979  12.9999979
88.3500000  12.9999979  12.9999979
88.3600000  12.9999980  12.9999980
88.3700000  12.9999980  12.9999980
88.3800000  12.9999980  12.9999980
88.3900000  12.9999981  12.9999981
88.4000000  12.9999981  12.9999981
88.4100000  12.9999982  12.9999982
88.4200000  12.9999982  12.9999982
88.4300000  12.9999982  12.9999982
88.4400000  12.9999983  12.9999983
88.4500000  12.9999983  12.9999983
88.4600000  12.9999983  12.9999983
88.4700000  12.9999984  12.9999984
88.4800000  12.9999984  12.9999984
88.4900000  12.9999985  12.9999985
88.5000000  12.9999985  12.9999985
88.5100000  12.9999985  12.9999985
88.5200000  12.9999986  12.9999986
88.5300000  12.9999986  12.9999986
88.5400000  12.9999987  12.9999987
88.5500000  12.9999987  12.9999987
88.5600000  12.9999988  12.9999988
88.5700000  12.9999988  12.9999988
88.5800000  12.9999988  12.9999988
88.5900000  12.9999989  12.9999989
88.6000000  12.9999989  12.9999989
88.6100000  12.9999990  12.9999990
88.6200000  12.9999990  12.9999990
88.6300000  12.9999991  12.9999991
88.6400000  12.9999991  12.9999991
88.6500000  12.9999992  12.9999992
88.6600000  12.9999992  12.9999992
88.6700000  12.9999992  12.9999992
88.6800000  12.9999993  12.9999993
88.6900000  12.9999993  12.9999993
88.7000000  12.9999994  12.9999994
88.7100000  12.9999994  12.9999994
88.7200000  12.9999995  12.9999995
88.7300000  12.9999995  12.9999995
88.7400000  12.9999996  12.9999996
88.7500000  12.9999996  12.9999996
88.7600000  12.9999996  12.9999996
88.7700000  12.9999997  12.9999997
88.7800000  12.9999997  12.9999997
88.7900000  12.9999998  12.9999998
88.8000000  12.9999998  12.9999998
88.8100000  12.9999999  12.9999999
88.8200000  12.9999999  12.9999999
88.8300000  13.0000000  13.0000000
88.8400000  13.0000000  13.0000000
88.8500000  13.0000000  13.0000000
88.8600000  13.0000001  13.0000001
88.8700000  13.0000001  13.0000001
88.8800000  13.0000002  13.0000002
88.8900000  13.0000002  13.0000002
88.9000000  13.0000003  13.0000003
88.9100000  13.0000003  13.0000003
88.9200000  13.0000003  13.0000003
88.9300000  13.0000004  13.0000004
88.9400000  13.0000004  13.0000004
88.9500000  13.0000005  13.0000005
88.9600000  13.0000005  13.0000005
88.9700000  13.0000006  13.0000006
88.9800000  13.0000006  13.0000006
88.9900000  13.0000006  13.0000006
89.0000000  13.0000007  13.0000007
89.0100000  13.0000007  13.0000007
89.0200000  13.0000008  13.0000008
89.0300000  13.0000008  13.0000008
89.0400000  13.0000008  13.0000008
89.0500000  13.0000009  13.0000009
89.0600000  13.0000009  13.0000009
89.0700000  13.0000009  13.0000009
89.0800000  13.0000010  13.0000010
89.0900000  13.0000010  13.0000010
89.1000000  13.0000011  13.0000011
89.1100000  13.0000011  13.0000011
89.1200000  13.0000011  13.0000011
89.1300000  13.0000012  13.0000012
89.1400000  13.0000012  13.0000012
89.1500000  13.0000012  13.0000012
89.1600000  13.0000013  13.0000013
89.1700000  13.0000013  13.0000013
89.1800000  13.0000013  13.0000013
89.1900000  13.0000014  13.0000014
89.2000000  13.0000014  13.0000014
89.2100000  13.0000014  13.0000014
89.2200000  13.0000014  13.0000014
89.2300000  13.0000015  13.0000015
89.2400000  13.0000015  13.0000015
89.2500000  13.0000015  13.0000015
89.2600000  13.0000016  13.0000016
89.2700000  13.0000016  13.0000016
89.2800000  13.0000016  13.0000016
89.2900000  13.0000016  13.0000016
89.3000000  13.0000017  13.0000017
89.3100000  13.0000017  13.0000017
89.3200000  13.0000017  13.0000017
89.3300000  13.0000017  13.0000017
89.3400000  13.0000018  13.0000018
89.3500000  13.0000018  13.0000018
89.3600000  13.0000018  13.0000018
89.3700000  13.0000018  13.0000018
89.3800000  13.0000018  13.0000018
89.3900000  13.0000019  13.0000019
89.4000000  13.0000019  13.0000019
89.4100000  13.0000019  13.0000019
89.4200000  13.0000019  13.0000019
89.4300000  13.0000019  13.0000019
89.4400000  13.0000019  13.0000019
89.4500000  13.0000020  13.0000020
89.4600000  13.0000020  13.0000020
89.4700000  13.0000020  13.0000020
89.4800000  13.0000020  13.0000020
89.4900000  13.0000020  13.0000020
89.5000000  13.0000020  13.0000020
89.5100000  13.0000020  13.0000020
89.5200000  13.0000020  13.0000020
89.5300000  13.0000021  13.0000021
89.5400000  13.0000021  13.0000021
89.5500000  13.0000021  13.0000021
89.5600000  13.0000021  13.0000021
89.5700000  13.0000021  13.0000021
89.5800000  13.0000021  13.0000021
89.5900000  13.0000021  13.0000021
89.6000000  13.0000021  13.0000021
89.6100000  13.0000021  13.0000021
89.6200000  13.0000021  13.0000021
89.6300000  13.0000021  13.0000021
89.6400000  13.0000021  13.0000021
89.6500000  13.0000021  13.0000021
89.6600000  13.0000021  13.0000021
89.6700000  13.0000021  13.0000021
89.6800000  13.0000021  13.0000021
89.6900000  13.0000021  13.0000021
89.7000000  13.0000021  13.0000021
89.7100000  13.0000021  13.0000021
89.7200000  13.0000021  13.0000021
89.7300000  13.0000021  13.0000021
89.7400000  13.0000021  13.0000021
89.7500000  13.0000021  13.0000021
89.7600000  13.0000021  13.0000021
89.7700000  13.0000021  13.0000021
89.7800000  13.0000021  13.0000021
89.7900000  13.0000020  13.0000020
89.8000000  13.0000020  13.0000020
89.8100000  13.0000020  13.0000020
89.8200000  13.0000020  13.0000020
89.8300000  13.0000020  13.0000020
89.8400000  13.0000020  13.0000020
89.8500000  13.0000020  13.0000020
89.8600000  13.0000020  13.0000020
89.8700000  13.0000020  13.0000020
89.8800000  13.0000019  13.0000019
89.8900000  13.0000019  13.0000019
89.9000000  13.0000019  13.0000019
89.9100000  13.0000019  13.0000019
89.9200000  13.0000019  13.0000019
89.9300000  13.0000019  13.0000019
89.9400000  13.0000018  13.0000018
89.9500000  13.0000018  13.0000018
89.9600000  13.0000018  13.0000018
89.9700000  13.0000018  13.0000018
89.9800000  13.0000018  13.0000018
89.9900000  13.0000017  13.0000017
90.0000000  13.0000017  13.0000017
90.0100000  13.0000017  13.0000017
90.0200000  13.0000017  13.0000017
90.0300000  13.0000017  13.0000017
90.0400000  13.0000016  13.0000016
90.0500000  13.0000016  13.0000016
90.0600000  13.0000016  13.0000016
90.0700000  13.0000016  13.0000016
90.0800000  13.0000015  13.0000015
90.0900000  13.0000015  13.0000015
90.1000000  13.0000015  13.0000015
90.1100000  13.0000015  13.0000015
90.1200000  13.0000014  13.0000014
90.1300000  13.0000014  13.0000014
90.1400000  13.0000014  13.0000014
90.1500000  13.0000014  13.0000014
90.1600000  13.0000013  13.0000013
90.1700000  13.0000013  13.0000013
90.1800000  13.0000013  13.0000013
90.1900000  13.0000012  13.0000012
90.2000000  13.0000012  13.0000012
90.2100000  13.0000012  13.0000012
90.2200000  13.0000012  13.0000012
90.2300000  13.0000011  13.0000011
90.2400000  13.0000011  13.0000011
90.2500000  13.0000011  13.0000011
90.2600000  13.0000010  13.0000010
90.2700000  13.0000010  13.0000010
90.2800000  13.0000010  13.0000010
90.2900000  13.0000009  13.0000009
90.3000000  13.0000009  13.0000009
90.3100000  13.0000009  13.0000009
90.3200000  13.0000008  13.0000008
90.3300000  13.0000008  13.0000008
90.3400000  13.0000008  13.0000008
90.3500000  13.0000007  13.0000007
90.3600000  13.0000007  13.0000007
90.3700000  13.0000007  13.0000007
90.3800000  13.0000006  13.0000006
90.3900000  13.0000006  13.0000006
90.4000000  13.0000006  13.0000006
90.4100000  13.0000005  13.0000005
90.4200000  13.0000005  13.0000005
90.4300000  13.0000005  13.0000005
90.4400000  13.0000004  13.0000004
90.4500000  13.0000004  13.0000004
90.4600000  13.0000004  13.0000004
90.4700000  13.0000003  13.0000003
90.4800000  13.0000003  13.0000003
90.4900000  13.0000003  13.0000003
90.5000000  13.0000002  13.0000002
90.5100000  13.0000002  13.0000002
90.5200000  13.0000002  13.0000002
90.5300000  13.0000001  13.0000001
90.5400000  13.0000001  13.0000001
90.5500000  13.0000001  13.0000001
90.5600000  13.0000000  13.0000000
90.5700000  13.0000000  13.0000000
90.5800000  13.0000000  13.0000000
90.5900000  12.9999999  12.9999999
90.6000000  12.9999999  12.9999999
90.6100000  12.9999999  12.9999999
90.6200000  12.9999998  12.9999998
90.6300000  12.9999998  12.9999998
90.6400000  12.9999998  12.9999998
90.6500000  12.9999997  12.9999997
90.6600000  12.9999997  12.9999997
90.6700000  12.9999997  12.9999997
90.6800000  12.9999996  12.9999996
90.6900000  12.9999996  12.9999996
90.7000000  12.9999996  12.9999996
90.7100000  12.9999995  12.9999995
90.7200000  12.9999995  12.9999995
90.7300000  12.9999995  12.9999995
90.7400000  12.9999995  12.9999995
90.7500000  12.9999994  12.9999994
90.7600000  12.9999994  12.9999994
90.7700000  12.9999994  12.9999994
90.7800000  12.9999993  12.9999993
90.7900000  12.9999993  12.9999993
90.8000000  12.9999993  12.9999993
90.8100000  12.9999992  12.9999992
90.8200000  12.9999992  12.9999992
90.8300000  12.9999992  12.9999992
90.8400000  12.9999992  12.9999992
90.8500000  12.9999991  12.9999991
90.8600000  12.9999991  12.9999991
90.8700000  12.9999991  12.9999991
90.8800000  12.9999991  12.9999991
90.8900000  12.9999990  12.9999990
90.9000000  12.9999990  12.9999990
90.9100000  12.9999990  12.9999990
90.9200000  12.9999990  12.9999990
90.9300000  12.9999989  12.9999989
90.9400000  12.9999989  12.9999989
90.9500000  12.9999989  12.9999989
90.9600000  12.9999989  12.9999989
90.9700000  12.9999988  12.9999988
90.9800000  12.9999988  12.9999988
90.9900000  12.9999988  12.9999988
91.0000000  12.9999988  12.9999988
91.0100000  12.9999988  12.9999988
91.0200000  12.9999987  12.9999987
91.0300000  12.9999987  12.9999987
91.0400000  12.9999987  12.9999987
91.0500000  12.9999987  12.9999987
91.0600000  12.9999987  12.9999987
91.0700000  12.9999986  12.9999986
91.0800000  12.9999986  12.9999986
91.0900000  12.9999986  12.9999986
91.1000000  12.9999986  12.9999986
91.1100000  12.9999986  12.9999986
91.1200000  12.9999986  12.9999986
91.1300000  12.9999985  12.9999985
91.1400000  12.9999985  12.9999985
91.1500000  12.9999985  12.9999985
91.1600000  12.9999985  12.9999985
91.1700000  12.9999985  12.9999985
91.1800000  12.9999985  12.9999985
91.1900000  12.9999985  12.9999985
91.2000000  12.9999984  12.9999984
91.2100000  12.9999984  12.9999984
91.2200000  12.9999984  12.9999984
91.2300000  12.9999984  12.9999984
91.2400000  12.9999984  12.9999984
91.2500000  12.9999984  12.9999984
91.2600000  12.9999984  12.9999984
91.2700000  12.9999984  12.9999984
91.2800000  12.9999984  12.9999984
91.2900000  12.9999984  12.9999984
91.3000000  12.9999984  12.9999984
91.3100000  12.9999984  12.9999984
91.3200000  12.9999983  12.9999983
91.3300000  12.9999983  12.9999983
91.3400000  12.9999983  12.9999983
91.3500000  12.9999983  12.9999983
91.3600000  12.9999983  12.9999983
91.3700000  12.9999983  12.9999983
91.3800000  12.9999983  12.9999983
91.3900000  12.9999983  12.9999983
91.4000000  12.9999983  12.9999983
91.4100000  12.9999983  12.9999983
91.4200000  12.9999983  12.9999983
91.4300000  12.9999983  12.9999983
91.4400000  12.9999983  12.9999983
91.4500000  12.9999983  12.9999983
91.4600000  12.9999983  12.9999983
91.4700000  12.9999983  12.9999983
91.4800000  12.9999983  12.9999983
91.4900000  12.9999983  12.9999983
91.5000000  12.9999983  12.9999983
91.5100000  12.9999983  12.9999983
91.5200000  12.9999984  12.9999984
91.5300000  12.9999984  12.9999984
91.5400000  12.9999984  12.9999984
91.5500000  12.9999984  12.9999984
91.5600000  12.9999984  12.9999984
91.5700000  12.9999984  12.9999984
91.5800000  12.9999984  12.9999984
91.5900000  12.9999984  12.9999984
91.6000000  12.9999984  12.9999984
91.6100000  12.9999984  12.9999984
91.6200000  12.9999984  12.9999984
91.6300000  12.9999984  12.9999984
91.6400000  12.9999985  12.9999985
91.6500000  12.9999985  12.9999985
91.6600000  12.9999985  12.9999985
91.6700000  12.9999985  12.9999985
91.6800000  12.9999985  12.9999985
91.6900000  12.9999985  12.9999985
91.7000000  12.9999985  12.9999985
91.7100000  12.9999985  12.9999985
91.7200000  12.9999986  12.9999986
91.7300000  12.9999986  12.9999986
91.7400000  12.9999986  12.9999986
91.7500000  12.9999986  12.9999986
91.7600000  12.9999986  12.9999986
91.7700000  12.9999986  12.9999986
91.7800000  12.9999986  12.9999986
91.7900000  12.9999987  12.9999987
91.8000000  12.9999987  12.9999987
91.8100000  12.9999987  12.9999987
91.8200000  12.9999987  12.9999987
91.8300000  12.9999987  12.9999987
91.8400000  12.9999988  12.9999988
91.8500000  12.9999988  12.9999988
91.8600000  12.9999988  12.9999988
91.8700000  12.9999988  12.9999988
91.8800000  12.9999988  12.9999988
91.8900000  12.9999989  12.9999989
91.9000000  12.9999989  12.9999989
91.9100000  12.9999989  12.9999989
91.9200000  12.9999989  12.9999989
91.9300000  12.9999989  12.9999989
91.9400000  12.9999990  12.9999990
91.9500000  12.9999990  12.9999990
91.9600000  12.9999990  12.9999990
91.9700000  12.9999990  12.9999990
91.9800000  12.9999990  12.9999990
91.9900000  12.9999991  12.9999991
92.0000000  12.9999991  12.9999991
92.0100000  12.9999991  12.9999991
92.0200000  12.9999991  12.9999991
92.0300000  12.9999992  12.9999992
92.0400000  12.9999992  12.9999992
92.0500000  12.9999992  12.9999992
92.0600000  12.9999992  12.9999992
92.0700000  12.9999993  12.9999993
92.0800000  12.9999993  12.9999993
92.0900000  12.9999993  12.9999993
92.1000000  12.9999993  12.9999993
92.1100000  12.9999994  12.9999994
92.1200000  12.9999994  12.9999994
92.1300000  12.9999994  12.9999994
92.1400000  12.9999994  12.9999994
92.1500000  12.9999995  12.9999995
92.1600000  12.9999995  12.9999995
92.1700000  12.9999995  12.9999995
92.1800000  12.9999995  12.9999995
92.1900000  12.9999996  12.9999996
92.2000000  12.9999996  12.9999996
92.2100000  12.9999996  12.9999996
92.2200000  12.9999996  12.9999996
92.2300000  12.9999997  12.9999997
92.2400000  12.9999997  12.9999997
92.2500000  12.9999997  12.9999997
92.2600000  12.9999997  12.9999997
92.2700000  12.9999998  12.9999998
92.2800000  12.9999998  12.9999998
92.2900000  12.9999998  12.9999998
92.3000000  12.9999998  12.9999998
92.3100000  12.9999999  12.9999999
92.3200000  12.9999999  12.9999999
92.3300000  12.9999999  12.9999999
92.3400000  12.9999999  12.9999999
92.3500000  13.0000000  13.0000000
92.3600000  13.0000000  13.0000000
92.3700000  13.0000000  13.0000000
92.3800000  13.0000000  13.0000000
92.3900000  13.0000001  13.0000001
92.4000000  13.0000001  13.0000001
92.4100000  13.0000001  13.0000001
92.4200000  13.0000001  13.0000001
92.4300000  13.0000002  13.0000002
92.4400000  13.0000002  13.0000002
92.4500000  13.0000002  13.0000002
92.4600000  13.0000002  13.0000002
92.4700000  13.0000003  13.0000003
92.4800000  13.0000003  13.0000003
92.4900000  13.0000003  13.0000003
92.5000000  13.0000003  13.0000003
92.5100000  13.0000004  13.0000004
92.5200000  13.0000004  13.0000004
92.5300000  13.0000004  13.0000004
92.5400000  13.0000004  13.0000004
92.5500000  13.0000004  13.0000004
92.5600000  13.0000005  13.0000005
92.5700000  13.0000005  13.0000005
92.5800000  13.0000005  13.0000005
92.5900000  13.0000005  13.0000005
92.6000000  13.0000005  13.0000005
92.6100000  13.0000006  13.0000006
92.6200000  13.0000006  13.0000006
92.6300000  13.0000006  13.0000006
92.6400000  13.0000006  13.0000006
92.6500000  13.0000006  13.0000006
92.6600000  13.0000007  13.0000007
92.6700000  13.0000007  13.0000007
92.6800000  13.0000007  13.0000007
92.6900000  13.0000007  13.0000007
92.7000000  13.0000007  13.0000007
92.7100000  13.0000008  13.0000008
92.7200000  13.0000008  13.0000008
92.7300000  13.0000008  13.0000008
92.7400000  13.0000008  13.0000008
92.7500000  13.0000008  13.0000008
92.7600000  13.0000008  13.0000008
92.7700000  13.0000009  13.0000009
92.7800000  13.0000009  13.0000009
92.7900000  13.0000009  13.0000009
92.8000000  13.0000009  13.0000009
92.8100000  13.0000009  13.0000009
92.8200000  13.0000009  13.0000009
92.8300000  13.0000009  13.0000009
92.8400000  13.0000010  13.0000010
92.8500000  13.0000010  13.0000010
92.8600000  13.0000010  13.0000010
92.8700000  13.0000010  13.0000010
92.8800000  13.0000010  13.0000010
92.8900000  13.0000010  13.0000010
92.9000000  13.0000010  13.0000010
92.9100000  13.0000010  13.0000010
92.9200000  13.0000010  13.0000010
92.9300000  13.0000011  13.0000011
92.9400000  13.0000011  13.0000011
92.9500000  13.0000011  13.0000011
92.9600000  13.0000011  13.0000011
92.9700000  13.0000011  13.0000011
92.9800000  13.0000011  13.0000011
92.9900000  13.0000011  13.0000011
93.0000000  13.0000011  13.0000011
93.0100000  13.0000011  13.0000011
93.0200000  13.0000011  13.0000011
93.0300000  13.0000011  13.0000011
93.0400000  13.0000011  13.0000011
93.0500000  13.0000011  13.0000011
93.0600000  13.0000011  13.0000011
93.0700000  13.0000012  13.0000012
93.0800000  13.0000012  13.0000012
93.0900000  13.0000012  13.0000012
93.1000000  13.0000012  13.0000012
93.1100000  13.0000012  13.0000012
93.1200000  13.0000012  13.0000012
93.1300000  13.0000012  13.0000012
93.1400000  13.0000012  13.0000012
93.1500000  13.0000012  13.0000012
93.1600000  13.0000012  13.0000012
93.1700000  13.0000012  13.0000012
93.1800000  13.0000012  13.0000012
93.1900000  13.0000012  13.0000012
93.2000000  13.0000012  13.0000012
93.2100000  13.0000012  13.0000012
93.2200000  13.0000012  13.0000012
93.2300000  13.0000012  13.0000012
93.2400000  13.0000012  13.0000012
93.2500000  13.0000012  13.0000012
93.2600000  13.0000012  13.0000012
93.2700000  13.0000012  13.0000012
93.2800000  13.0000012  13.0000012
93.2900000  13.0000011  13.0000011
93.3000000  13.0000011  13.0000011
93.3100000  13.0000011  13.0000011
93.3200000  13.0000011  13.0000011
93.3300000  13.0000011  13.0000011
93.3400000  13.0000011  13.0000011
93.3500000  13.0000011  13.0000011
93.3600000  13.0000011  13.0000011
93.3700000  13.0000011  13.0000011
93.3800000  13.0000011  13.0000011
93.3900000  13.0000011  13.0000011
93.4000000  13.0000011  13.0000011
93.4100000  13.0000011  13.0000011
93.4200000  13.0000011  13.0000011
93.4300000  13.0000011  13.0000011
93.4400000  13.0000010  13.0000010
93.4500000  13.0000010  13.0000010
93.4600000  13.0000010  13.0000010
93.4700000  13.0000010  13.0000010
93.4800000  13.0000010  13.0000010
93.4900000  13.0000010  13.0000010
93.5000000  13.0000010  13.0000010
93.5100000  13.0000010  13.0000010
93.5200000  13.0000010  13.0000010
93.5300000  13.0000009  13.0000009
93.5400000  13.0000009  13.0000009
93.5500000  13.0000009  13.0000009
93.5600000  13.0000009  13.0000009
93.5700000  13.0000009  13.0000009
93.5800000  13.0000009  13.0000009
93.5900000  13.0000009  13.0000009
93.6000000  13.0000008  13.0000008
93.6100000  13.0000008  13.0000008
93.6200000  13.0000008  13.0000008
93.6300000  13.0000008  13.0000008
93.6400000  13.0000008  13.0000008
93.6500000  13.0000008  13.0000008
93.6600000  13.0000008  13.0000008
93.6700000  13.0000007  13.0000007
93.6800000  13.0000007  13.0000007
93.6900000  13.0000007  13.0000007
93.7000000  13.0000007  13.0000007
93.7100000  13.0000007  13.0000007
93.7200000  13.0000007  13.0000007
93.7300000  13.0000006  13.0000006
93.7400000  13.0000006  13.0000006
93.7500000  13.0000006  13.0000006
93.7600000  13.0000006  13.0000006
93.7700000  13.0000006  13.0000006
93.7800000  13.0000006  13.0000006
93.7900000  13.0000005  13.0000005
93.8000000  13.0000005  13.0000005
93.8100000  13.0000005  13.0000005
93.8200000  13.0000005  13.0000005
93.8300000  13.0000005  13.0000005
93.8400000  13.0000004  13.0000004
93.8500000  13.0000004  13.0000004
93.8600000  13.0000004  13.0000004
93.8700000  13.0000004  13.0000004
93.8800000  13.0000004  13.0000004
93.8900000  13.0000004  13.0000004
93.9000000  13.0000003  13.0000003
93.9100000  13.0000003  13.0000003
93.9200000  13.0000003  13.0000003
93.9300000  13.0000003  13.0000003
93.9400000  13.0000003  13.0000003
93.9500000  13.0000002  13.0000002
93.9600000  13.0000002  13.0000002
93.9700000  13.0000002  13.0000002
93.9800000  13.0000002  13.0000002
93.9900000  13.0000002  13.0000002
94.0000000  13.0000001  13.0000001
94.0100000  13.0000001  13.0000001
94.0200000  13.0000001  13.0000001
94.0300000  13.0000001  13.0000001
94.0400000  13.0000001  13.0000001
94.0500000  13.0000000  13.0000000
94.0600000  13.0000000  13.0000000
94.0700000  13.0000000  13.0000000
94.0800000  13.0000000  13.0000000
94.0900000  13.0000000  13.0000000
94.1000000  13.0000000  13.0000000
94.1100000  12.9999999  12.9999999
94.1200000  12.9999999  12.9999999
94.1300000  12.9999999  12.9999999
94.1400000  12.9999999  12.9999999
94.1500000  12.9999999  12.9999999
94.1600000  12.9999998  12.9999998
94.1700000  12.9999998  12.9999998
94.1800000  12.9999998  12.9999998
94.1900000  12.9999998  12.9999998
94.2000000  12.9999998  12.9999998
94.2100000  12.9999997  12.9999997
94.2200000  12.9999997  12.9999997
94.2300000  12.9999997  12.9999997
94.2400000  12.9999997  12.9999997
94.2500000  12.9999997  12.9999997
94.2600000  12.9999997  12.9999997
94.2700000  12.9999996  12.9999996
94.2800000  12.9999996  12.9999996
94.2900000  12.9999996  12.9999996
94.3000000  12.9999996  12.9999996
94.3100000  12.9999996  12.9999996
94.3200000  12.9999996  12.9999996
94.3300000  12.9999995  12.9999995
94.3400000  12.9999995  12.9999995
94.3500000  12.9999995  12.9999995
94.3600000  12.9999995  12.9999995
94.3700000  12.9999995  12.9999995
94.3800000  12.9999995  12.9999995
94.3900000  12.9999995  12.9999995
94.4000000  12.9999994  12.9999994
94.4100000  12.9999994  12.9999994
94.4200000  12.9999994  12.9999994
94.4300000  12.9999994  12.9999994
94.4400000  12.9999994  12.9999994
94.4500000  12.9999994  12.9999994
94.4600000  12.9999994  12.9999994
94.4700000  12.9999993  12.9999993
94.4800000  12.9999993  12.9999993
94.4900000  12.9999993  12.9999993
94.5000000  12.9999993  12.9999993
94.5100000  12.9999993  12.9999993
94.5200000  12.9999993  12.9999993
94.5300000  12.9999993  12.9999993
94.5400000  12.9999993  12.9999993
94.5500000  12.9999992  12.9999992
94.5600000  12.9999992  12.9999992
94.5700000  12.9999992  12.9999992
94.5800000  12.9999992  12.9999992
94.5900000  12.9999992  12.9999992
94.6000000  12.9999992  12.9999992
94.6100000  12.9999992  12.9999992
94.6200000  12.9999992  12.9999992
94.6300000  12.9999992  12.9999992
94.6400000  12.9999992  12.9999992
94.6500000  12.9999991  12.9999991
94.6600000  12.9999991  12.9999991
94.6700000  12.9999991  12.9999991
94.6800000  12.9999991  12.9999991
94.6900000  12.9999991  12.9999991
94.7000000  12.9999991  12.9999991
94.7100000  12.9999991  12.9999991
94.7200000  12.9999991  12.9999991
94.7300000  12.9999991  12.9999991
94.7400000  12.9999991  12.9999991
94.7500000  12.9999991  12.9999991
94.7600000  12.9999991  12.9999991
94.7700000  12.9999991  12.9999991
94.7800000  12.9999991  12.9999991
94.7900000  12.9999991  12.9999991
94.8000000  12.9999991  12.9999991
94.8100000  12.9999990  12.9999990
94.8200000  12.9999990  12.9999990
94.8300000  12.9999990  12.9999990
94.8400000  12.9999990  12.9999990
94.8500000  12.9999990  12.9999990
94.8600000  12.9999990  12.9999990
94.8700000  12.9999990  12.9999990
94.8800000  12.9999990  12.9999990
94.8900000  12.9999990  12.9999990
94.9000000  12.9999990  12.9999990
94.9100000  12.9999990  12.9999990
94.9200000  12.9999990  12.9999990
94.9300000  12.9999990  12.9999990
94.9400000  12.9999990  12.9999990
94.9500000  12.9999990  12.9999990
94.9600000  12.9999990  12.9999990
94.9700000  12.9999990  12.9999990
94.9800000  12.9999990  12.9999990
94.9900000  12.9999990  12.9999990
95.0000000  12.9999990  12.9999990
95.0100000  12.9999990  12.9999990
95.0200000  12.9999990  12.9999990
95.0300000  12.9999990  12.9999990
95.0400000  12.9999990  12.9999990
95.0500000  12.9999990  12.9999990
95.0600000  12.9999991  12.9999991
95.0700000  12.9999991  12.9999991
95.0800000  12.9999991  12.9999991
95.0900000  12.9999991  12.9999991
95.1000000  12.9999991  12.9999991
95.1100000  12.9999991  12.9999991
95.1200000  12.9999991  12.9999991
95.1300000  12.9999991  12.9999991
95.1400000  12.9999991  12.9999991
95.1500000  12.9999991  12.9999991
95.1600000  12.9999991  12.9999991
95.1700000  12.9999991  12.9999991
95.1800000  12.9999991  12.9999991
95.1900000  12.9999991  12.9999991
95.2000000  12.9999991  12.9999991
95.2100000  12.9999991  12.9999991
95.2200000  12.9999991  12.9999991
95.2300000  12.9999992  12.9999992
95.2400000  12.9999992  12.9999992
95.2500000  12.9999992  12.9999992
95.2600000  12.9999992  12.9999992
95.2700000  12.9999992  12.9999992
95.2800000  12.9999992  12.9999992
95.2900000  12.9999992  12.9999992
95.3000000  12.9999992  12.9999992
95.3100000  12.9999992  12.9999992
95.3200000  12.9999992  12.9999992
95.3300000  12.9999992  12.9999992
95.3400000  12.9999993  12.9999993
95.3500000  12.9999993  12.9999993
95.3600000  12.9999993  12.9999993
95.3700000  12.9999993  12.9999993
95.3800000  12.9999993  12.9999993
95.3900000  12.9999993  12.9999993
95.4000000  12.9999993  12.9999993
95.4100000  12.9999993  12.9999993
95.4200000  12.9999993  12.9999993
95.4300000  12.9999994  12.9999994
95.4400000  12.9999994  12.9999994
95.4500000  12.9999994  12.9999994
95.4600000  12.9999994  12.9999994
95.4700000  12.9999994  12.9999994
95.4800000  12.9999994  12.9999994
95.4900000  12.9999994  12.9999994
95.5000000  12.9999994  12.9999994
95.5100000  12.9999995  12.9999995
95.5200000  12.9999995  12.9999995
95.5300000  12.9999995  12.9999995
95.5400000  12.9999995  12.9999995
95.5500000  12.9999995  12.9999995
95.5600000  12.9999995  12.9999995
95.5700000  12.9999995  12.9999995
95.5800000  12.9999996  12.9999996
95.5900000  12.9999996  12.9999996
95.6000000  12.9999996  12.9999996
95.6100000  12.9999996  12.9999996
95.6200000  12.9999996  12.9999996
95.6300000  12.9999996  12.9999996
95.6400000  12.9999996  12.9999996
95.6500000  12.9999996  12.9999996
95.6600000  12.9999997  12.9999997
95.6700000  12.9999997  12.9999997
95.6800000  12.9999997  12.9999997
95.6900000  12.9999997  12.9999997
95.7000000  12.9999997  12.9999997
95.7100000  12.9999997  12.9999997
95.7200000  12.9999997  12.9999997
95.7300000  12.9999998  12.9999998
95.7400000  12.9999998  12.9999998
95.7500000  12.9999998  12.9999998
95.7600000  12.9999998  12.9999998
95.7700000  12.9999998  12.9999998
95.7800000  12.9999998  12.9999998
95.7900000  12.9999998  12.9999998
95.8000000  12.9999999  12.9999999
95.8100000  12.9999999  12.9999999
95.8200000  12.9999999  12.9999999
95.8300000  12.9999999  12.9999999
95.8400000  12.9999999  12.9999999
95.8500000  12.9999999  12.9999999
95.8600000  13.0000000  13.0000000
95.8700000  13.0000000  13.0000000
95.8800000  13.0000000  13.0000000
95.8900000  13.0000000  13.0000000
95.9000000  13.0000000  13.0000000
95.9100000  13.0000000  13.0000000
95.9200000  13.0000000  13.0000000
95.9300000  13.0000000  13.0000000
95.9400000  13.0000001  13.0000001
95.9500000  13.0000001  13.0000001
95.9600000  13.0000001  13.0000001
95.9700000  13.0000001  13.0000001
95.9800000  13.0000001  13.0000001
95.9900000  13.0000001  13.0000001
96.0000000  13.0000001  13.0000001
96.0100000  13.0000002  13.0000002
96.0200000  13.0000002  13.0000002
96.0300000  13.0000002  13.0000002
96.0400000  13.0000002  13.0000002
96.0500000  13.0000002  13.0000002
96.0600000  13.0000002  13.0000002
96.0700000  13.0000002  13.0000002
96.0800000  13.0000002  13.0000002
96.0900000  13.0000003  13.0000003
96.1000000  13.0000003  13.0000003
96.1100000  13.0000003  13.0000003
96.1200000  13.0000003  13.0000003
96.1300000  13.0000003  13.0000003
96.1400000  13.0000003  13.0000003
96.1500000  13.0000003  13.0000003
96.1600000  13.0000003  13.0000003
96.1700000  13.0000003  13.0000003
96.1800000  13.0000004  13.0000004
96.1900000  13.0000004  13.0000004
96.2000000  13.0000004  13.0000004
96.2100000  13.0000004  13.0000004
96.2200000  13.0000004  13.0000004
96.2300000  13.0000004  13.0000004
96.2400000  13.0000004  13.0000004
96.2500000  13.0000004  13.0000004
96.2600000  13.0000004  13.0000004
96.2700000  13.0000005  13.0000005
96.2800000  13.0000005  13.0000005
96.2900000  13.0000005  13.0000005
96.3000000  13.0000005  13.0000005
96.3100000  13.0000005  13.0000005
96.3200000  13.0000005  13.0000005
96.3300000  13.0000005  13.0000005
96.3400000  13.0000005  13.0000005
96.3500000  13.0000005  13.0000005
96.3600000  13.0000005  13.0000005
96.3700000  13.0000005  13.0000005
96.3800000  13.0000005  13.0000005
96.3900000  13.0000005  13.0000005
96.4000000  13.0000006  13.0000006
96.4100000  13.0000006  13.0000006
96.4200000  13.0000006  13.0000006
96.4300000  13.0000006  13.0000006
96.4400000  13.0000006  13.0000006
96.4500000  13.0000006  13.0000006
96.4600000  13.0000006  13.0000006
96.4700000  13.0000006  13.0000006
96.4800000  13.0000006  13.0000006
96.4900000  13.0000006  13.0000006
96.5000000  13.0000006  13.0000006
96.5100000  13.0000006  13.0000006
96.5200000  13.0000006  13.0000006
96.5300000  13.0000006  13.0000006
96.5400000  13.0000006  13.0000006
96.5500000  13.0000006  13.0000006
96.5600000  13.0000006  13.0000006
96.5700000  13.0000006  13.0000006
96.5800000  13.0000006  13.0000006
96.5900000  13.0000006  13.0000006
96.6000000  13.0000006  13.0000006
96.6100000  13.0000006  13.0000006
96.6200000  13.0000006  13.0000006
96.6300000  13.0000006  13.0000006
96.6400000  13.0000006  13.0000006
96.6500000  13.0000006  13.0000006
96.6600000  13.0000006  13.0000006
96.6700000  13.0000006  13.0000006
96.6800000  13.0000006  13.0000006
96.6900000  13.0000006  13.0000006
96.7000000  13.0000006  13.0000006
96.7100000  13.0000006  13.0000006
96.7200000  13.0000006  13.0000006
96.7300000  13.0000006  13.0000006
96.7400000  13.0000006  13.0000006
96.7500000  13.0000006  13.0000006
96.7600000  13.0000006  13.0000006
96.7700000  13.0000006  13.0000006
96.7800000  13.0000006  13.0000006
96.7900000  13.0000006  13.0000006
96.8000000  13.0000006  13.0000006
96.8100000  13.0000006  13.0000006
96.8200000  13.0000006  13.0000006
96.8300000  13.0000006  13.0000006
96.8400000  13.0000006  13.0000006
96.8500000  13.0000006  13.0000006
96.8600000  13.0000006  13.0000006
96.8700000  13.0000006  13.0000006
96.8800000  13.0000006  13.0000006
96.8900000  13.0000006  13.0000006
96.9000000  13.0000006  13.0000006
96.9100000  13.0000006  13.0000006
96.9200000  13.0000006  13.0000006
96.9300000  13.0000006  13.0000006
96.9400000  13.0000006  13.0000006
96.9500000  13.0000006  13.0000006
96.9600000  13.0000006  13.0000006
96.9700000  13.0000006  13.0000006
96.9800000  13.0000006  13.0000006
96.9900000  13.0000005  13.0000005
97.0000000  13.0000005  13.0000005
97.0100000  13.0000005  13.0000005
97.0200000  13.0000005  13.0000005
97.0300000  13.0000005  13.0000005
97.0400000  13.0000005  13.0000005
97.0500000  13.0000005  13.0000005
97.0600000  13.0000005  13.0000005
97.0700000  13.0000005  13.0000005
97.0800000  13.0000005  13.0000005
97.0900000  13.0000005  13.0000005
97.1000000  13.0000005  13.0000005
97.1100000  13.0000005  13.0000005
97.1200000  13.0000005  13.0000005
97.1300000  13.0000004  13.0000004
97.1400000  13.0000004  13.0000004
97.1500000  13.0000004  13.0000004
97.1600000  13.0000004  13.0000004
97.1700000  13.0000004  13.0000004
97.1800000  13.0000004  13.0000004
97.1900000  13.0000004  13.0000004
97.2000000  13.0000004  13.0000004
97.2100000  13.0000004  13.0000004
97.2200000  13.0000004  13.0000004
97.2300000  13.0000004  13.0000004
97.2400000  13.0000003  13.0000003
97.2500000  13.0000003  13.0000003
97.2600000  13.0000003  13.0000003
97.2700000  13.0000003  13.0000003
97.2800000  13.0000003  13.0000003
97.2900000  13.0000003  13.0000003
97.3000000  13.0000003  13.0000003
97.3100000  13.0000003  13.0000003
97.3200000  13.0000003  13.0000003
97.3300000  13.0000003  13.0000003
97.3400000  13.0000002  13.0000002
97.3500000  13.0000002  13.0000002
97.3600000  13.0000002  13.0000002
97.3700000  13.0000002  13.0000002
97.3800000  13.0000002  13.0000002
97.3900000  13.0000002  13.0000002
97.4000000  13.0000002  13.0000002
97.4100000  13.0000002  13.0000002
97.4200000  13.0000002  13.0000002
97.4300000  13.0000002  13.0000002
97.4400000  13.0000001  13.0000001
97.4500000  13.0000001  13.0000001
97.4600000  13.0000001  13.0000001
97.4700000  13.0000001  13.0000001
97.4800000  13.0000001  13.0000001
97.4900000  13.0000001  13.0000001
97.5000000  13.0000001  13.0000001
97.5100000  13.0000001  13.0000001
97.5200000  13.0000001  13.0000001
97.5300000  13.0000000  13.0000000
97.5400000  13.0000000  13.0000000
97.5500000  13.0000000  13.0000000
97.5600000  13.0000000  13.0000000
97.5700000  13.0000000  13.0000000
97.5800000  13.0000000  13.0000000
97.5900000  13.0000000  13.0000000
97.6000000  13.0000000  13.0000000
97.6100000  13.0000000  13.0000000
97.6200000  12.9999999  12.9999999
97.6300000  12.9999999  12.9999999
97.6400000  12.9999999  12.9999999
97.6500000  12.9999999  12.9999999
97.6600000  12.9999999  12.9999999
97.6700000  12.9999999  12.9999999
97.6800000  12.9999999  12.9999999
97.6900000  12.9999999  12.9999999
97.7000000  12.9999999  12.9999999
97.7100000  12.9999999  12.9999999
97.7200000  12.9999998  12.9999998
97.7300000  12.9999998  12.9999998
97.7400000  12.9999998  12.9999998
97.7500000  12.9999998  12.9999998
97.7600000  12.9999998  12.9999998
97.7700000  12.9999998  12.9999998
97.7800000  12.9999998  12.9999998
97.7900000  12.9999998  12.9999998
97.8000000  12.9999998  12.9999998
97.8100000  12.9999998  12.9999998
97.8200000  12.9999997  12.9999997
97.8300000  12.9999997  12.9999997
97.8400000  12.9999997  12.9999997
97.8500000  12.9999997  12.9999997
97.8600000  12.9999997  12.9999997
97.8700000  12.9999997  12.9999997
97.8800000  12.9999997  12.9999997
97.8900000  12.9999997  12.9999997
97.9000000  12.9999997  12.9999997
97.9100000  12.9999997  12.9999997
97.9200000  12.9999997  12.9999997
97.9300000  12.9999996  12.9999996
97.9400000  12.9999996  12.9999996
97.9500000  12.9999996  12.9999996
97.9600000  12.9999996  12.9999996
97.9700000  12.9999996  12.9999996
97.9800000  12.9999996  12.9999996
97.9900000  12.9999996  12.9999996
98.0000000  12.9999996  12.9999996
98.0100000  12.9999996  12.9999996
98.0200000  12.9999996  12.9999996
98.0300000  12.9999996  12.9999996
98.0400000  12.9999996  12.9999996
98.0500000  12.9999996  12.9999996
98.0600000  12.9999996  12.9999996
98.0700000  12.9999995  12.9999995
98.0800000  12.9999995  12.9999995
98.0900000  12.9999995  12.9999995
98.1000000  12.9999995  12.9999995
98.1100000  12.9999995  12.9999995
98.1200000  12.9999995  12.9999995
98.1300000  12.9999995  12.9999995
98.1400000  12.9999995  12.9999995
98.1500000  12.9999995  12.9999995
98.1600000  12.9999995  12.9999995
98.1700000  12.9999995  12.9999995
98.1800000  12.9999995  12.9999995
98.1900000  12.9999995  12.9999995
98.2000000  12.9999995  12.9999995
98.2100000  12.9999995  12.9999995
98.2200000  12.9999995  12.9999995
98.2300000  12.9999995  12.9999995
98.2400000  12.9999995  12.9999995
98.2500000  12.9999995  12.9999995
98.2600000  12.9999995  12.9999995
98.2700000  12.9999995  12.9999995
98.2800000  12.9999994  12.9999994
98.2900000  12.9999994  12.9999994
98.3000000  12.9999994  12.9999994
98.3100000  12.9999994  12.9999994
98.3200000  12.9999994  12.9999994
98.3300000  12.9999994  12.9999994
98.3400000  12.9999994  12.9999994
98.3500000  12.9999994  12.9999994
98.3600000  12.9999994  12.9999994
98.3700000  12.9999994  12.9999994
98.3800000  12.9999994  12.9999994
98.3900000  12.9999994  12.9999994
98.4000000  12.9999994  12.9999994
98.4100000  12.9999994  12.9999994
98.4200000  12.9999994  12.9999994
98.4300000  12.9999994  12.9999994
98.4400000  12.9999994  12.9999994
98.4500000  12.9999994  12.9999994
98.4600000  12.9999994  12.9999994
98.4700000  12.9999994  12.9999994
98.4800000  12.9999994  12.9999994
98.4900000  12.9999994  12.9999994
98.5000000  12.9999994  12.9999994
98.5100000  12.9999994  12.9999994
98.5200000  12.9999994  12.9999994
98.5300000  12.9999994  12.9999994
98.5400000  12.9999994  12.9999994
98.5500000  12.9999994  12.9999994
98.5600000  12.9999994  12.9999994
98.5700000  12.9999994  12.9999994
98.5800000  12.9999994  12.9999994
98.5900000  12.9999994  12.9999994
98.6000000  12.9999994  12.9999994
98.6100000  12.9999994  12.9999994
98.6200000  12.9999995  12.9999995
98.6300000  12.9999995  12.9999995
98.6400000  12.9999995  12.9999995
98.6500000  12.9999995  12.9999995
98.6600000  12.9999995  12.9999995
98.6700000  12.9999995  12.9999995
98.6800000  12.9999995  12.9999995
98.6900000  12.9999995  12.9999995
98.7000000  12.9999995  12.9999995
98.7100000  12.9999995  12.9999995
98.7200000  12.9999995  12.9999995
98.7300000  12.9999995  12.9999995
98.7400000  12.9999995  12.9999995
98.7500000  12.9999995  12.9999995
98.7600000  12.9999995  12.9999995
98.7700000  12.9999995  12.9999995
98.7800000  12.9999995  12.9999995
98.7900000  12.9999995  12.9999995
98.8000000  12.9999995  12.9999995
98.8100000  12.9999995  12.9999995
98.8200000  12.9999995  12.9999995
98.8300000  12.9999995  12.9999995
98.8400000  12.9999995  12.9999995
98.8500000  12.9999996  12.9999996
98.8600000  12.9999996  12.9999996
98.8700000  12.9999996  12.9999996
98.8800000  12.9999996  12.9999996
98.8900000  12.9999996  12.9999996
98.9000000  12.9999996  12.9999996
98.9100000  12.9999996  12.9999996
98.9200000  12.9999996  12.9999996
98.9300000  12.9999996  12.9999996
98.9400000  12.9999996  12.9999996
98.9500000  12.9999996  12.9999996
98.9600000  12.9999996  12.9999996
98.9700000  12.9999996  12.9999996
98.9800000  12.9999996  12.9999996
98.9900000  12.9999996  12.9999996
99.0000000  12.9999997  12.9999997
99.0100000  12.9999997  12.9999997
99.0200000  12.9999997  12.9999997
99.0300000  12.9999997  12.9999997
99.0400000  12.9999997  12.9999997
99.0500000  12.9999997  12.9999997
99.0600000  12.9999997  12.9999997
99.0700000  12.9999997  12.9999997
99.0800000  12.9999997  12.9999997
99.0900000  12.9999997  12.9999997
99.1000000  12.9999997  12.9999997
99.1100000  12.9999997  12.9999997
99.1200000  12.9999997  12.9999997
99.1300000  12.9999997  12.9999997
99.1400000  12.9999998  12.9999998
99.1500000  12.9999998  12.9999998
99.1600000  12.9999998  12.9999998
99.1700000  12.9999998  12.9999998
99.1800000  12.9999998  12.9999998
99.1900000  12.9999998  12.9999998
99.2000000  12.9999998  12.9999998
99.2100000  12.9999998  12.9999998
99.2200000  12.9999998  12.9999998
99.2300000  12.9999998  12.9999998
99.2400000  12.9999998  12.9999998
99.2500000  12.9999998  12.9999998
99.2600000  12.9999999  12.9999999
99.2700000  12.9999999  12.9999999
99.2800000  12.9999999  12.9999999
99.2900000  12.9999999  12.9999999
99.3000000  12.9999999  12.9999999
99.3100000  12.9999999  12.9999999
99.3200000  12.9999999  12.9999999
99.3300000  12.9999999  12.9999999
99.3400000  12.9999999  12.9999999
99.3500000  12.9999999  12.9999999
99.3600000  12.9999999  12.9999999
99.3700000  12.9999999  12.9999999
99.3800000  13.0000000  13.0000000
99.3900000  13.0000000  13.0000000
99.4000000  13.0000000  13.0000000
99.4100000  13.0000000  13.0000000
99.4200000  13.0000000  13.0000000
99.4300000  13.0000000  13.0000000
99.4400000  13.0000000  13.0000000
99.4500000  13.0000000  13.0000000
99.4600000  13.0000000  13.0000000
99.4700000  13.0000000  13.0000000
99.4800000  13.0000000  13.0000000
99.4900000  13.0000000  13.0000000
99.5000000  13.0000000  13.0000000
99.5100000  13.0000001  13.0000001
99.5200000  13.0000001  13.0000001
99.5300000  13.0000001  13.0000001
99.5400000  13.0000001  13.0000001
99.5500000  13.0000001  13.0000001
99.5600000  13.0000001  13.0000001
99.5700000  13.0000001  13.0000001
99.5800000  13.0000001  13.0000001
99.5900000  13.0000001  13.0000001
99.6000000  13.0000001  13.0000001
99.6100000  13.0000001  13.0000001
99.6200000  13.0000001  13.0000001
99.6300000  13.0000001  13.0000001
99.6400000  13.0000001  13.0000001
99.6500000  13.0000002  13.0000002
99.6600000  13.0000002  13.0000002
99.6700000  13.0000002  13.0000002
99.6800000  13.0000002  13.0000002
99.6900000  13.0000002  13.0000002
99.7000000  13.0000002  13.0000002
99.7100000  13.0000002  13.0000002
99.7200000  13.0000002  13.0000002
99.7300000  13.0000002  13.0000002
99.7400000  13.0000002  13.0000002
99.7500000  13.0000002  13.0000002
99.7600000  13.0000002  13.0000002
99.7700000  13.0000002  13.0000002
99.7800000  13.0000002  13.0000002
99.7900000  13.0000002  13.0000002
99.8000000  13.0000002  13.0000002
99.8100000  13.0000002  13.0000002
99.8200000  13.0000003  13.0000003
99.8300000  13.0000003  13.0000003
99.8400000  13.0000003  13.0000003
99.8500000  13.0000003  13.0000003
99.8600000  13.0000003  13.0000003
99.8700000  13.0000003  13.0000003
99.8800000  13.0000003  13.0000003
99.8900000  13.0000003  13.0000003
99.9000000  13.0000003  13.0000003
99.9100000  13.0000003  13.0000003
99.9200000  13.0000003  13.0000003
99.9300000  13.0000003  13.0000003
99.9400000  13.0000003  13.0000003
99.9500000  13.0000003  13.0000003
99.9600000  13.0000003  13.0000003
99.9700000  13.0000003  13.0000003
99.9800000  13.0000003  13.0000003
99.9900000  13.0000003  13.0000003
100.000000  13.0000003  13.0000003
g.NS.time   S1.L        Mass.xloc
0.01        9.00032145  9.00032145
0.02        9.00160614  9.00160614
0.03        9.00417201  9.00417201
0.04        9.00801412  9.00801412
0.05        9.01312712  9.01312712
0.06000000  9.01950530  9.01950530
0.07        9.02714253  9.02714253
0.08        9.03603231  9.03603231
0.09        9.04616776  9.04616776
0.09999999  9.05754161  9.05754161
0.10999999  9.07014623  9.07014623
0.11999999  9.08397361  9.08397361
0.12999999  9.09901537  9.09901537
0.13999999  9.11526277  9.11526277
0.15        9.13270673  9.13270673
0.16        9.15133777  9.15133777
0.17        9.17114610  9.17114610
0.18000000  9.19212157  9.19212157
0.19000000  9.21425367  9.21425367
0.20000000  9.23753159  9.23753159
0.21000000  9.26194414  9.26194414
0.22000000  9.28747985  9.28747985
0.23000000  9.31412688  9.31412688
0.24000000  9.34187310  9.34187310
0.25000000  9.37070606  9.37070606
0.26000000  9.40061299  9.40061299
0.27000000  9.43158083  9.43158083
0.28000000  9.46359622  9.46359622
0.29000000  9.49664548  9.49664548
0.30000000  9.53071469  9.53071469
0.31000000  9.56578961  9.56578961
0.32000000  9.60185572  9.60185572
0.33000000  9.63889825  9.63889825
0.34000000  9.67690215  9.67690215
0.35000000  9.71585212  9.71585212
0.36000000  9.75573260  9.75573260
0.37000000  9.79652776  9.79652776
0.38000000  9.83822157  9.83822157
0.39000000  9.88079772  9.88079772
0.40000000  9.92423970  9.92423970
0.41000000  9.96853075  9.96853075
0.42000000  10.0136539  10.0136539
0.43000000  10.0595920  10.0595920
0.44000000  10.1063276  10.1063276
0.45000000  10.1538432  10.1538432
0.46000000  10.2021209  10.2021209
0.47000000  10.2511429  10.2511429
0.48000000  10.3008909  10.3008909
0.49000000  10.3513467  10.3513467
0.50000000  10.4024917  10.4024917
0.51000000  10.4543072  10.4543072
0.52000000  10.5067745  10.5067745
0.53000000  10.5598747  10.5598747
0.54000000  10.6135885  10.6135885
0.55000000  10.6678968  10.6678968
0.56000000  10.7227802  10.7227802
0.57000000  10.7782192  10.7782192
0.58000000  10.8341941  10.8341941
0.59000000  10.8906854  10.8906854
0.60000000  10.9476731  10.9476731
0.61000000  11.0051374  11.0051374
0.62000000  11.0630582  11.0630582
0.63000000  11.1214154  11.1214154
0.64000000  11.1801889  11.1801889
0.65000000  11.2393585  11.2393585
0.66000000  11.2989039  11.2989039
0.67000000  11.3588047  11.3588047
0.68000000  11.4190405  11.4190405
0.69000000  11.4795908  11.4795908
0.70000000  11.5404353  11.5404353
0.71000000  11.6015534  11.6015534
0.72000000  11.6629245  11.6629245
0.73000000  11.7245282  11.7245282
0.74000000  11.7863439  11.7863439
0.75000000  11.8483510  11.8483510
0.76000000  11.9105289  11.9105289
0.77000000  11.9728572  11.9728572
0.78000000  12.0353154  12.0353154
0.79000000  12.0978828  12.0978828
0.80000000  12.1605391  12.1605391
0.81000000  12.2232639  12.2232639
0.82000000  12.2860367  12.2860367
0.83000000  12.3488372  12.3488372
0.84000000  12.4116452  12.4116452
0.85000000  12.4744404  12.4744404
0.86000000  12.5372027  12.5372027
0.87000000  12.5999120  12.5999120
0.88000000  12.6625484  12.6625484
0.89000000  12.7250918  12.7250918
0.90000000  12.7875226  12.7875226
0.91000000  12.8498210  12.8498210
0.92000000  12.9119674  12.9119674
0.93000000  12.9739423  12.9739423
0.94000000  13.0357264  13.0357264
0.95000000  13.0973004  13.0973004
0.96000000  13.1586452  13.1586452
0.97000000  13.2197418  13.2197418
0.98000000  13.2805714  13.2805714
0.99000000  13.3411152  13.3411152
1.00000000  13.4013547  13.4013547
1.01000000  13.4612716  13.4612716
1.02000000  13.5208476  13.5208476
1.03000000  13.5800647  13.5800647
1.04000000  13.6389049  13.6389049
1.05000000  13.6973506  13.6973506
1.06000000  13.7553843  13.7553843
1.07000000  13.8129886  13.8129886
1.08000000  13.8701464  13.8701464
1.09000000  13.9268407  13.9268407
1.10000000  13.9830548  13.9830548
1.11000000  14.0387722  14.0387722
1.12000000  14.0939766  14.0939766
1.13000000  14.1486519  14.1486519
1.14000000  14.2027822  14.2027822
1.15000000  14.2563518  14.2563518
1.16000000  14.3093454  14.3093454
1.17000000  14.3617477  14.3617477
1.18000000  14.4135438  14.4135438
1.19000000  14.4647190  14.4647190
1.20000000  14.5152589  14.5152589
1.21000000  14.5651492  14.5651492
1.22000000  14.6143760  14.6143760
1.23000000  14.6629256  14.6629256
1.24000000  14.7107846  14.7107846
1.25000000  14.7579398  14.7579398
1.26000000  14.8043784  14.8043784
1.27000000  14.8500876  14.8500876
1.28000000  14.8950551  14.8950551
1.29000000  14.9392690  14.9392690
1.30000000  14.9827173  14.9827173
1.31000000  15.0253885  15.0253885
1.32000000  15.0672716  15.0672716
1.33000000  15.1083554  15.1083554
1.34000000  15.1486295  15.1486295
1.35000000  15.1880834  15.1880834
1.36000000  15.2267071  15.2267071
1.37000000  15.2644908  15.2644908
1.38000000  15.3014252  15.3014252
1.39000000  15.3375010  15.3375010
1.40000000  15.3727095  15.3727095
1.41000000  15.4070420  15.4070420
1.42000000  15.4404904  15.4404904
1.43000000  15.4730468  15.4730468
1.44000000  15.5047036  15.5047036
1.45000000  15.5354534  15.5354534
1.46000000  15.5652894  15.5652894
1.47000000  15.5942048  15.5942048
1.48000000  15.6221933  15.6221933
1.49000000  15.6492489  15.6492489
1.50000000  15.6753660  15.6753660
1.51000000  15.7005391  15.7005391
1.52000000  15.7247631  15.7247631
1.53000000  15.7480334  15.7480334
1.54000000  15.7703456  15.7703456
1.55000000  15.7916954  15.7916954
1.56000000  15.8120792  15.8120792
1.57000000  15.8314935  15.8314935
1.58000000  15.8499353  15.8499353
1.59000000  15.8674016  15.8674016
1.60000000  15.8838900  15.8838900
1.61000000  15.8993983  15.8993983
1.62000000  15.9139248  15.9139248
1.63000000  15.9274679  15.9274679
1.64000000  15.9400264  15.9400264
1.65000000  15.9515994  15.9515994
1.66000000  15.9621864  15.9621864
1.67000000  15.9717872  15.9717872
1.68000000  15.9804018  15.9804018
1.69000000  15.9880306  15.9880306
1.70000000  15.9946744  15.9946744
1.71000000  16.0003342  16.0003342
1.72000000  16.0050113  16.0050113
1.73000000  16.0087074  16.0087074
1.74000000  16.0114245  16.0114245
1.75000000  16.0131648  16.0131648
1.76000000  16.0139308  16.0139308
1.77000000  16.0137256  16.0137256
1.78000000  16.0125523  16.0125523
1.79000000  16.0104143  16.0104143
1.80000000  16.0073154  16.0073154
1.81000000  16.0032598  16.0032598
1.82000000  15.9982519  15.9982519
1.83000000  15.9922962  15.9922962
1.84000000  15.9853977  15.9853977
1.85000000  15.9775618  15.9775618
1.86000000  15.9687939  15.9687939
1.87000000  15.9590999  15.9590999
1.88000000  15.9484857  15.9484857
1.89000000  15.9369579  15.9369579
1.90000000  15.9245231  15.9245231
1.91000000  15.9111881  15.9111881
1.92000000  15.8969602  15.8969602
1.93000000  15.8818467  15.8818467
1.94000000  15.8658554  15.8658554
1.95000000  15.8489943  15.8489943
1.96000000  15.8312716  15.8312716
1.97000000  15.8126957  15.8126957
1.98000000  15.7932754  15.7932754
1.99000000  15.7730196  15.7730196
2.00000000  15.7519375  15.7519375
2.01000000  15.7300385  15.7300385
2.02000000  15.7073323  15.7073323
2.03000000  15.6838289  15.6838289
2.04000000  15.6595382  15.6595382
2.05000000  15.6344707  15.6344707
2.06        15.6086370  15.6086370
2.07        15.5820477  15.5820477
2.07999999  15.5547138  15.5547138
2.08999999  15.5266466  15.5266466
2.09999999  15.4978574  15.4978574
2.10999999  15.4683579  15.4683579
2.11999999  15.4381596  15.4381596
2.12999999  15.4072747  15.4072747
2.13999999  15.3757152  15.3757152
2.14999999  15.3434935  15.3434935
2.15999999  15.3106220  15.3106220
2.16999999  15.2771135  15.2771135
2.17999999  15.2429806  15.2429806
2.18999999  15.2082365  15.2082365
2.19999999  15.1728942  15.1728942
2.20999999  15.1369670  15.1369670
2.21999999  15.1004684  15.1004684
2.22999999  15.0634119  15.0634119
2.23999999  15.0258112  15.0258112
2.24999999  14.9876801  14.9876801
2.25999999  14.9490327  14.9490327
2.26999999  14.9098830  14.9098830
2.27999999  14.8702452  14.8702452
2.28999999  14.8301336  14.8301336
2.29999999  14.7895627  14.7895627
2.30999999  14.7485468  14.7485468
2.31999999  14.7071008  14.7071008
2.32999999  14.6652392  14.6652392
2.33999999  14.6229769  14.6229769
2.34999999  14.5803288  14.5803288
2.35999999  14.5373097  14.5373097
2.36999999  14.4939347  14.4939347
2.37999999  14.4502190  14.4502190
2.38999999  14.4061775  14.4061775
2.39999999  14.3618257  14.3618257
2.40999999  14.3171786  14.3171786
2.41999999  14.2722516  14.2722516
2.42999999  14.2270601  14.2270601
2.43999999  14.1816194  14.1816194
2.44999999  14.1359450  14.1359450
2.45999999  14.0900522  14.0900522
2.46999999  14.0439565  14.0439565
2.47999999  13.9976734  13.9976734
2.48999999  13.9512184  13.9512184
2.49999999  13.9046069  13.9046069
2.50999999  13.8578545  13.8578545
2.51999999  13.8109766  13.8109766
2.52999999  13.7639888  13.7639888
2.53999999  13.7169063  13.7169063
2.54999999  13.6697448  13.6697448
2.55999999  13.6225196  13.6225196
2.56999999  13.5752460  13.5752460
2.57999999  13.5279396  13.5279396
2.58999999  13.4806154  13.4806154
2.59999999  13.4332889  13.4332889
2.60999999  13.3859753  13.3859753
2.61999999  13.3386897  13.3386897
2.62999999  13.2914472  13.2914472
2.63999999  13.2442629  13.2442629
2.64999999  13.1971517  13.1971517
2.65999999  13.1501286  13.1501286
2.66999999  13.1032084  13.1032084
2.67999999  13.0564059  13.0564059
2.68999999  13.0097356  13.0097356
2.69999999  12.9632123  12.9632123
2.70999999  12.9168504  12.9168504
2.71999999  12.8706642  12.8706642
2.72999999  12.8246680  12.8246680
2.73999999  12.7788761  12.7788761
2.74999999  12.7333024  12.7333024
2.75999999  12.6879610  12.6879610
2.76999999  12.6428657  12.6428657
2.77999999  12.5980301  12.5980301
2.78999999  12.5534678  12.5534678
2.79999999  12.5091924  12.5091924
2.80999999  12.4652170  12.4652170
2.81999999  12.4215549  12.4215549
2.82999999  12.3782191  12.3782191
2.83999999  12.3352225  12.3352225
2.84999999  12.2925778  12.2925778
2.85999999  12.2502976  12.2502976
2.86999999  12.2083943  12.2083943
2.87999999  12.1668802  12.1668802
2.88999999  12.1257674  12.1257674
2.89999999  12.0850677  12.0850677
2.90999999  12.0447929  12.0447929
2.91999999  12.0049547  12.0049547
2.92999999  11.9655645  11.9655645
2.93999999  11.9266333  11.9266333
2.94999999  11.8881724  11.8881724
2.95999999  11.8501925  11.8501925
2.96999999  11.8127043  11.8127043
2.97999999  11.7757182  11.7757182
2.98999999  11.7392446  11.7392446
2.99999999  11.7032936  11.7032936
3.00999999  11.6678749  11.6678749
3.01999999  11.6329983  11.6329983
3.02999999  11.5986733  11.5986733
3.03999999  11.5649091  11.5649091
3.04999999  11.5317147  11.5317147
3.05999999  11.4990990  11.4990990
3.06999999  11.4670706  11.4670706
3.07999999  11.4356380  11.4356380
3.08999999  11.4048093  11.4048093
3.09999999  11.3745924  11.3745924
3.10999999  11.3449952  11.3449952
3.11999999  11.3160252  11.3160252
3.12999999  11.2876896  11.2876896
3.13999999  11.2599955  11.2599955
3.14999999  11.2329498  11.2329498
3.15999999  11.2065591  11.2065591
3.16999999  11.1808297  11.1808297
3.17999999  11.1557678  11.1557678
3.18999999  11.1313793  11.1313793
3.19999999  11.1076699  11.1076699
3.20999999  11.0846449  11.0846449
3.21999999  11.0623098  11.0623098
3.22999999  11.0406693  11.0406693
3.23999999  11.0197282  11.0197282
3.24999999  10.9994909  10.9994909
3.25999999  10.9799619  10.9799619
3.26999999  10.9611449  10.9611449
3.27999999  10.9430439  10.9430439
3.28999999  10.9256622  10.9256622
3.29999999  10.9090033  10.9090033
3.30999999  10.8930700  10.8930700
3.31999999  10.8778653  10.8778653
3.32999999  10.8633916  10.8633916
3.33999999  10.8496512  10.8496512
3.34999999  10.8366463  10.8366463
3.35999999  10.8243786  10.8243786
3.36999999  10.8128497  10.8128497
3.37999999  10.8020610  10.8020610
3.38999999  10.7920134  10.7920134
3.39999999  10.7827080  10.7827080
3.40999999  10.7741452  10.7741452
3.41999999  10.7663254  10.7663254
3.42999999  10.7592488  10.7592488
3.43999999  10.7529153  10.7529153
3.44999999  10.7473245  10.7473245
3.45999999  10.7424758  10.7424758
3.46999999  10.7383683  10.7383683
3.47999999  10.7350011  10.7350011
3.48999999  10.7323728  10.7323728
3.49999999  10.7304819  10.7304819
3.50999999  10.7293266  10.7293266
3.51999999  10.7289050  10.7289050
3.52999999  10.7292148  10.7292148
3.53999999  10.7302535  10.7302535
3.54999999  10.7320185  10.7320185
3.55999999  10.7345070  10.7345070
3.56999999  10.7377156  10.7377156
3.57999999  10.7416412  10.7416412
3.58999999  10.7462801  10.7462801
3.59999999  10.7516286  10.7516286
3.60999999  10.7576827  10.7576827
3.61999999  10.7644381  10.7644381
3.62999999  10.7718904  10.7718904
3.63999999  10.7800350  10.7800350
3.64999999  10.7888670  10.7888670
3.65999999  10.7983814  10.7983814
3.66999999  10.8085730  10.8085730
3.67999999  10.8194363  10.8194363
3.68999999  10.8309656  10.8309656
3.69999999  10.8431551  10.8431551
3.70999999  10.8559987  10.8559987
3.71999999  10.8694902  10.8694902
3.72999999  10.8836233  10.8836233
3.73999999  10.8983912  10.8983912
3.74999999  10.9137873  10.9137873
3.75999999  10.9298044  10.9298044
3.76999999  10.9464356  10.9464356
3.77999999  10.9636734  10.9636734
3.78999999  10.9815105  10.9815105
3.79999999  10.9999390  10.9999390
3.80999999  11.0189512  11.0189512
3.81999999  11.0385391  11.0385391
3.82999999  11.0586946  11.0586946
3.83999999  11.0794094  11.0794094
3.84999999  11.1006749  11.1006749
3.85999999  11.1224826  11.1224826
3.86999999  11.1448238  11.1448238
3.87999999  11.1676895  11.1676895
3.88999999  11.1910707  11.1910707
3.89999999  11.2149583  11.2149583
3.90999999  11.2393429  11.2393429
3.91999999  11.2642150  11.2642150
3.92999999  11.2895652  11.2895652
3.93999999  11.3153837  11.3153837
3.94999999  11.3416608  11.3416608
3.95999999  11.3683865  11.3683865
3.96999999  11.3955507  11.3955507
3.97999999  11.4231434  11.4231434
3.98999999  11.4511543  11.4511543
3.99999999  11.4795731  11.4795731
4.00999999  11.5083892  11.5083892
4.01999999  11.5375922  11.5375922
4.02999999  11.5671714  11.5671714
4.03999999  11.5971161  11.5971161
4.04999999  11.6274155  11.6274155
4.05999999  11.6580588  11.6580588
4.06999999  11.6890349  11.6890349
4.07999999  11.7203329  11.7203329
4.08999999  11.7519416  11.7519416
4.09999999  11.7838499  11.7838499
4.10999999  11.8160466  11.8160466
4.11999999  11.8485204  11.8485204
4.12999999  11.8812599  11.8812599
4.13999999  11.9142538  11.9142538
4.14999999  11.9474907  11.9474907
4.15999999  11.9809590  11.9809590
4.16999999  12.0146474  12.0146474
4.17999999  12.0485442  12.0485442
4.18999999  12.0826379  12.0826379
4.19999999  12.1169169  12.1169169
4.20999999  12.1513696  12.1513696
4.21999999  12.1859843  12.1859843
4.22999999  12.2207494  12.2207494
4.23999999  12.2556533  12.2556533
4.24999999  12.2906842  12.2906842
4.25999999  12.3258306  12.3258306
4.26999999  12.3610806  12.3610806
4.27999999  12.3964228  12.3964228
4.28999999  12.4318454  12.4318454
4.29999999  12.4673367  12.4673367
4.30999999  12.5028852  12.5028852
4.31999999  12.5384792  12.5384792
4.32999999  12.5741071  12.5741071
4.33999999  12.6097574  12.6097574
4.34999999  12.6454186  12.6454186
4.35999999  12.6810791  12.6810791
4.36999999  12.7167275  12.7167275
4.37999999  12.7523523  12.7523523
4.38999999  12.7879423  12.7879423
4.39999999  12.8234860  12.8234860
4.40999999  12.8589722  12.8589722
4.41999999  12.8943896  12.8943896
4.42999999  12.9297272  12.9297272
4.43999999  12.9649737  12.9649737
4.44999999  13.0001183  13.0001183
4.45999999  13.0351497  13.0351497
4.46999999  13.0700573  13.0700573
4.47999999  13.1048302  13.1048302
4.48999999  13.1394576  13.1394576
4.49999999  13.1739288  13.1739288
4.50999999  13.2082333  13.2082333
4.51999999  13.2423606  13.2423606
4.52999999  13.2763003  13.2763003
4.53999999  13.3100420  13.3100420
4.54999999  13.3435757  13.3435757
4.55999999  13.3768911  13.3768911
4.56999999  13.4099782  13.4099782
4.57999999  13.4428272  13.4428272
4.58999999  13.4754283  13.4754283
4.59999999  13.5077717  13.5077717
4.60999999  13.5398479  13.5398479
4.61999999  13.5716475  13.5716475
4.62999999  13.6031611  13.6031611
4.63999999  13.6343795  13.6343795
4.64999999  13.6652936  13.6652936
4.65999999  13.6958945  13.6958945
4.66999999  13.7261733  13.7261733
4.67999999  13.7561214  13.7561214
4.68999999  13.7857301  13.7857301
4.69999999  13.8149910  13.8149910
4.70999999  13.8438960  13.8438960
4.71999999  13.8724367  13.8724367
4.72999999  13.9006052  13.9006052
4.73999999  13.9283937  13.9283937
4.74999999  13.9557944  13.9557944
4.75999999  13.9827998  13.9827998
4.76999999  14.0094024  14.0094024
4.77999999  14.0355951  14.0355951
4.78999999  14.0613706  14.0613706
4.79999999  14.0867221  14.0867221
4.80999999  14.1116428  14.1116428
4.81999999  14.1361260  14.1361260
4.82999999  14.1601653  14.1601653
4.83999999  14.1837544  14.1837544
4.84999999  14.2068871  14.2068871
4.85999999  14.2295575  14.2295575
4.86999999  14.2517598  14.2517598
4.87999999  14.2734884  14.2734884
4.88999999  14.2947377  14.2947377
4.89999999  14.3155025  14.3155025
4.90999999  14.3357776  14.3357776
4.91999999  14.3555582  14.3555582
4.92999999  14.3748395  14.3748395
4.93999999  14.3936168  14.3936168
4.94999999  14.4118858  14.4118858
4.95999999  14.4296422  14.4296422
4.96999999  14.4468820  14.4468820
4.97999999  14.4636012  14.4636012
4.98999999  14.4797962  14.4797962
4.99999999  14.4954634  14.4954634
5.00999999  14.5105996  14.5105996
5.01999999  14.5252015  14.5252015
5.02999999  14.5392662  14.5392662
5.03999999  14.5527908  14.5527908
5.04999999  14.5657728  14.5657728
5.05999999  14.5782098  14.5782098
5.06999999  14.5900995  14.5900995
5.07999999  14.6014398  14.6014398
5.08999999  14.6122288  14.6122288
5.09999999  14.6224649  14.6224649
5.10999999  14.6321466  14.6321466
5.11999999  14.6412724  14.6412724
5.12999999  14.6498414  14.6498414
5.13999999  14.6578524  14.6578524
5.14999999  14.6653047  14.6653047
5.15999999  14.6721978  14.6721978
5.16999999  14.6785312  14.6785312
5.17999999  14.6843046  14.6843046
5.18999999  14.6895181  14.6895181
5.19999999  14.6941717  14.6941717
5.20999999  14.6982657  14.6982657
5.21999999  14.7018006  14.7018006
5.22999999  14.7047772  14.7047772
5.23999999  14.7071961  14.7071961
5.24999999  14.7090585  14.7090585
5.25999999  14.7103655  14.7103655
5.26999999  14.7111185  14.7111185
5.27999999  14.7113190  14.7113190
5.28999999  14.7109688  14.7109688
5.29999999  14.7100697  14.7100697
5.30999999  14.7086237  14.7086237
5.31999999  14.7066332  14.7066332
5.32999999  14.7041004  14.7041004
5.33999999  14.7010280  14.7010280
5.34999999  14.6974187  14.6974187
5.35999999  14.6932753  14.6932753
5.36999999  14.6886010  14.6886010
5.37999999  14.6833988  14.6833988
5.38999999  14.6776723  14.6776723
5.39999999  14.6714248  14.6714248
5.40999999  14.6646601  14.6646601
5.41999999  14.6573821  14.6573821
5.42999999  14.6495947  14.6495947
5.43999999  14.6413020  14.6413020
5.44999999  14.6325084  14.6325084
5.45999999  14.6232183  14.6232183
5.46999999  14.6134362  14.6134362
5.47999999  14.6031670  14.6031670
5.48999999  14.5924154  14.5924154
5.49999999  14.5811865  14.5811865
5.50999999  14.5694853  14.5694853
5.51999999  14.5573173  14.5573173
5.52999999  14.5446878  14.5446878
5.53999999  14.5316023  14.5316023
5.54999999  14.5180666  14.5180666
5.55999999  14.5040864  14.5040864
5.56999999  14.4896676  14.4896676
5.57999999  14.4748163  14.4748163
5.58999999  14.4595386  14.4595386
5.59999999  14.4438409  14.4438409
5.60999999  14.4277295  14.4277295
5.61999999  14.4112110  14.4112110
5.62999999  14.3942919  14.3942919
5.63999999  14.3769790  14.3769790
5.64999999  14.3592791  14.3592791
5.65999999  14.3411992  14.3411992
5.66999999  14.3227462  14.3227462
5.67999999  14.3039274  14.3039274
5.68999999  14.2847498  14.2847498
5.69999999  14.2652210  14.2652210
5.70999999  14.2453482  14.2453482
5.71999999  14.2251390  14.2251390
5.72999999  14.2046009  14.2046009
5.73999999  14.1837416  14.1837416
5.74999999  14.1625688  14.1625688
5.75999999  14.1410904  14.1410904
5.76999999  14.1193142  14.1193142
5.77999999  14.0972482  14.0972482
5.78999999  14.0749004  14.0749004
5.79999999  14.0522789  14.0522789
5.80999999  14.0293919  14.0293919
5.81999999  14.0062475  14.0062475
5.82999999  13.9828541  13.9828541
5.83999999  13.9592199  13.9592199
5.84999999  13.9353533  13.9353533
5.85999999  13.9112628  13.9112628
5.86999999  13.8869569  13.8869569
5.87999999  13.8624439  13.8624439
5.88999999  13.8377325  13.8377325
5.89999999  13.8128312  13.8128312
5.90999999  13.7877487  13.7877487
5.91999999  13.7624935  13.7624935
5.92999999  13.7370745  13.7370745
5.93999999  13.7115002  13.7115002
5.94999999  13.6857795  13.6857795
5.95999999  13.6599209  13.6599209
5.96999999  13.6339334  13.6339334
5.97999999  13.6078256  13.6078256
5.98999999  13.5816063  13.5816063
5.99999999  13.5552844  13.5552844
6.00999999  13.5288686  13.5288686
6.01999999  13.5023676  13.5023676
6.02999999  13.4757904  13.4757904
6.03999999  13.4491457  13.4491457
6.04999999  13.4224422  13.4224422
6.05999999  13.3956888  13.3956888
6.06999999  13.3688942  13.3688942
6.07999999  13.3420671  13.3420671
6.08999999  13.3152164  13.3152164
6.09999999  13.2883506  13.2883506
6.10999999  13.2614784  13.2614784
6.11999999  13.2346086  13.2346086
6.12999999  13.2077498  13.2077498
6.13999999  13.1809105  13.1809105
6.14999999  13.1540993  13.1540993
6.15999999  13.1273248  13.1273248
6.16999999  13.1005954  13.1005954
6.17999999  13.0739197  13.0739197
6.18999999  13.0473059  13.0473059
6.19999999  13.0207624  13.0207624
6.20999999  12.9942976  12.9942976
6.21999999  12.9679197  12.9679197
6.22999999  12.9416369  12.9416369
6.23999999  12.9154574  12.9154574
6.24999999  12.8893892  12.8893892
6.25999999  12.8634403  12.8634403
6.26999999  12.8376188  12.8376188
6.27999999  12.8119324  12.8119324
6.28999999  12.7863891  12.7863891
6.29999999  12.7609966  12.7609966
6.30999999  12.7357625  12.7357625
6.31999999  12.7106945  12.7106945
6.32999999  12.6858000  12.6858000
6.33999999  12.6610866  12.6610866
6.34999999  12.6365616  12.6365616
6.35999999  12.6122322  12.6122322
6.36999999  12.5881057  12.5881057
6.37999999  12.5641892  12.5641892
6.38999999  12.5404896  12.5404896
6.39999999  12.5170140  12.5170140
6.40999999  12.4937690  12.4937690
6.41999999  12.4707615  12.4707615
6.42999999  12.4479981  12.4479981
6.43999999  12.4254853  12.4254853
6.44999999  12.4032296  12.4032296
6.45999999  12.3812372  12.3812372
6.46999999  12.3595145  12.3595145
6.47999999  12.3380675  12.3380675
6.48999999  12.3169021  12.3169021
6.49999999  12.2960245  12.2960245
6.50999999  12.2754402  12.2754402
6.51999999  12.2551550  12.2551550
6.52999999  12.2351744  12.2351744
6.53999999  12.2155040  12.2155040
6.54999999  12.1961489  12.1961489
6.55999999  12.1771145  12.1771145
6.56999999  12.1584058  12.1584058
6.57999999  12.1400277  12.1400277
6.58999999  12.1219852  12.1219852
6.59999999  12.1042829  12.1042829
6.60999999  12.0869255  12.0869255
6.61999999  12.0699174  12.0699174
6.62999999  12.0532629  12.0532629
6.63999999  12.0369663  12.0369663
6.64999999  12.0210316  12.0210316
6.65999999  12.0054629  12.0054629
6.66999999  11.9902639  11.9902639
6.67999999  11.9754384  11.9754384
6.68999999  11.9609899  11.9609899
6.69999999  11.9469218  11.9469218
6.70999999  11.9332375  11.9332375
6.71999999  11.9199400  11.9199400
6.72999999  11.9070325  11.9070325
6.73999999  11.8945179  11.8945179
6.74999999  11.8823988  11.8823988
6.75999999  11.8706780  11.8706780
6.76999999  11.8593578  11.8593578
6.77999999  11.8484407  11.8484407
6.78999999  11.8379289  11.8379289
6.79999999  11.8278244  11.8278244
6.80999999  11.8181293  11.8181293
6.81999999  11.8088452  11.8088452
6.82999999  11.7999738  11.7999738
6.83999999  11.7915167  11.7915167
6.84999999  11.7834753  11.7834753
6.85999999  11.7758508  11.7758508
6.86999999  11.7686443  11.7686443
6.87999999  11.7618568  11.7618568
6.88999999  11.7554892  11.7554892
6.89999999  11.7495420  11.7495420
6.90999999  11.7440160  11.7440160
6.91999999  11.7389114  11.7389114
6.92999999  11.7342287  11.7342287
6.93999999  11.7299679  11.7299679
6.94999999  11.7261290  11.7261290
6.95999999  11.7227120  11.7227120
6.96999999  11.7197165  11.7197165
6.97999999  11.7171423  11.7171423
6.98999999  11.7149887  11.7149887
6.99999999  11.7132551  11.7132551
7.00999999  11.7119407  11.7119407
7.01999999  11.7110446  11.7110446
7.02999999  11.7105657  11.7105657
7.03999999  11.7105028  11.7105028
7.04999999  11.7108547  11.7108547
7.05999999  11.7116198  11.7116198
7.06999999  11.7127967  11.7127967
7.07999999  11.7143835  11.7143835
7.08999999  11.7163785  11.7163785
7.09999999  11.7187797  11.7187797
7.10999999  11.7215851  11.7215851
7.11999999  11.7247924  11.7247924
7.12999999  11.7283993  11.7283993
7.13999999  11.7324034  11.7324034
7.14999999  11.7368020  11.7368020
7.15999999  11.7415927  11.7415927
7.16999999  11.7467724  11.7467724
7.17999999  11.7523383  11.7523383
7.18999999  11.7582874  11.7582874
7.19999999  11.7646166  11.7646166
7.20999999  11.7713225  11.7713225
7.21999999  11.7784018  11.7784018
7.22999999  11.7858511  11.7858511
7.23999999  11.7936667  11.7936667
7.24999999  11.8018450  11.8018450
7.25999999  11.8103821  11.8103821
7.26999999  11.8192743  11.8192743
7.27999999  11.8285173  11.8285173
7.28999999  11.8381073  11.8381073
7.29999999  11.8480399  11.8480399
7.30999999  11.8583109  11.8583109
7.31999999  11.8689159  11.8689159
7.32999999  11.8798503  11.8798503
7.33999999  11.8911098  11.8911098
7.34999999  11.9026894  11.9026894
7.35999999  11.9145846  11.9145846
7.36999999  11.9267905  11.9267905
7.37999999  11.9393021  11.9393021
7.38999999  11.9521145  11.9521145
7.39999999  11.9652225  11.9652225
7.40999999  11.9786211  11.9786211
7.41999999  11.9923049  11.9923049
7.42999999  12.0062686  12.0062686
7.43999999  12.0205069  12.0205069
7.44999999  12.0350143  12.0350143
7.45999999  12.0497852  12.0497852
7.46999999  12.0648141  12.0648141
7.47999999  12.0800954  12.0800954
7.48999999  12.0956232  12.0956232
7.49999999  12.1113918  12.1113918
7.50999999  12.1273954  12.1273954
7.51999999  12.1436280  12.1436280
7.52999999  12.1600838  12.1600838
7.53999999  12.1767566  12.1767566
7.54999999  12.1936405  12.1936405
7.55999999  12.2107293  12.2107293
7.56999999  12.2280169  12.2280169
7.57999999  12.2454971  12.2454971
7.58999999  12.2631637  12.2631637
7.59999999  12.2810103  12.2810103
7.60999999  12.2990306  12.2990306
7.61999999  12.3172184  12.3172184
7.62999999  12.3355672  12.3355672
7.63999999  12.3540706  12.3540706
7.64999999  12.3727221  12.3727221
7.65999999  12.3915154  12.3915154
7.66999999  12.4104438  12.4104438
7.67999999  12.4295009  12.4295009
7.68999999  12.4486801  12.4486801
7.69999999  12.4679749  12.4679749
7.70999999  12.4873787  12.4873787
7.71999999  12.5068849  12.5068849
7.72999999  12.5264869  12.5264869
7.73999999  12.5461781  12.5461781
7.74999999  12.5659519  12.5659519
7.75999999  12.5858017  12.5858017
7.76999999  12.6057208  12.6057208
7.77999999  12.6257026  12.6257026
7.78999999  12.6457405  12.6457405
7.79999999  12.6658279  12.6658279
7.80999999  12.6859581  12.6859581
7.81999999  12.7061246  12.7061246
7.82999999  12.7263207  12.7263207
7.83999999  12.7465398  12.7465398
7.84999999  12.7667755  12.7667755
7.85999999  12.7870210  12.7870210
7.86999999  12.8072700  12.8072700
7.87999999  12.8275158  12.8275158
7.88999999  12.8477520  12.8477520
7.89999999  12.8679720  12.8679720
7.90999999  12.8881695  12.8881695
7.91999999  12.9083381  12.9083381
7.92999999  12.9284712  12.9284712
7.93999999  12.9485626  12.9485626
7.94999999  12.9686060  12.9686060
7.95999999  12.9885951  12.9885951
7.96999999  13.0085235  13.0085235
7.97999999  13.0283852  13.0283852
7.98999999  13.0481739  13.0481739
7.99999999  13.0678834  13.0678834
8.00999999  13.0875078  13.0875078
8.01999999  13.1070410  13.1070410
8.02999999  13.1264770  13.1264770
8.03999999  13.1458099  13.1458099
8.04999999  13.1650337  13.1650337
8.05999999  13.1841427  13.1841427
8.06999999  13.2031311  13.2031311
8.07999999  13.2219931  13.2219931
8.08999999  13.2407231  13.2407231
8.09999999  13.2593156  13.2593156
8.10999999  13.2777649  13.2777649
8.11999999  13.2960656  13.2960656
8.12999999  13.3142124  13.3142124
8.13999999  13.3321997  13.3321997
8.14999999  13.3500225  13.3500225
8.15999999  13.3676755  13.3676755
8.16999999  13.3851535  13.3851535
8.17999999  13.4024515  13.4024515
8.18999999  13.4195646  13.4195646
8.19999999  13.4364878  13.4364878
8.20999999  13.4532162  13.4532162
8.21999999  13.4697452  13.4697452
8.22999999  13.4860701  13.4860701
8.23999999  13.5021862  13.5021862
8.24999999  13.5180891  13.5180891
8.25999999  13.5337743  13.5337743
8.26999999  13.5492376  13.5492376
8.27999999  13.5644745  13.5644745
8.28999999  13.5794811  13.5794811
8.29999999  13.5942531  13.5942531
8.30999999  13.6087866  13.6087866
8.31999999  13.6230776  13.6230776
8.32999999  13.6371225  13.6371225
8.33999999  13.6509174  13.6509174
8.34999999  13.6644587  13.6644587
8.35999999  13.6777429  13.6777429
8.36999999  13.6907665  13.6907665
8.37999999  13.7035262  13.7035262
8.38999999  13.7160187  13.7160187
8.39999999  13.7282409  13.7282409
8.40999999  13.7401897  13.7401897
8.41999999  13.7518622  13.7518622
8.42999999  13.7632554  13.7632554
8.43999999  13.7743667  13.7743667
8.44999999  13.7851933  13.7851933
8.45999999  13.7957328  13.7957328
8.46999999  13.8059825  13.8059825
8.47999999  13.8159402  13.8159402
8.48999999  13.8256036  13.8256036
8.49999999  13.8349706  13.8349706
8.50999999  13.8440390  13.8440390
8.51999999  13.8528070  13.8528070
8.52999999  13.8612726  13.8612726
8.53999999  13.8694342  13.8694342
8.54999999  13.8772900  13.8772900
8.55999999  13.8848386  13.8848386
8.56999999  13.8920785  13.8920785
8.57999999  13.8990083  13.8990083
8.58999999  13.9056269  13.9056269
8.59999999  13.9119330  13.9119330
8.60999999  13.9179258  13.9179258
8.61999999  13.9236042  13.9236042
8.62999999  13.9289675  13.9289675
8.63999999  13.9340149  13.9340149
8.64999999  13.9387458  13.9387458
8.65999999  13.9431598  13.9431598
8.66999999  13.9472564  13.9472564
8.67999999  13.9510353  13.9510353
8.68999999  13.9544963  13.9544963
8.69999999  13.9576394  13.9576394
8.70999999  13.9604646  13.9604646
8.71999999  13.9629719  13.9629719
8.72999999  13.9651616  13.9651616
8.73999999  13.9670340  13.9670340
8.74999999  13.9685895  13.9685895
8.75999999  13.9698287  13.9698287
8.76999999  13.9707521  13.9707521
8.77999999  13.9713605  13.9713605
8.78999999  13.9716547  13.9716547
8.79999999  13.9716357  13.9716357
8.80999999  13.9713043  13.9713043
8.81999999  13.9706618  13.9706618
8.82999999  13.9697093  13.9697093
8.83999999  13.9684481  13.9684481
8.84999999  13.9668797  13.9668797
8.85999999  13.9650055  13.9650055
8.86999999  13.9628272  13.9628272
8.87999999  13.9603463  13.9603463
8.88999999  13.9575647  13.9575647
8.89999999  13.9544842  13.9544842
8.90999999  13.9511068  13.9511068
8.91999999  13.9474345  13.9474345
8.92999999  13.9434695  13.9434695
8.93999999  13.9392139  13.9392139
8.94999999  13.9346701  13.9346701
8.95999999  13.9298405  13.9298405
8.96999999  13.9247274  13.9247274
8.97999999  13.9193336  13.9193336
8.98999999  13.9136615  13.9136615
8.99999999  13.9077140  13.9077140
9.00999999  13.9014938  13.9014938
9.01999999  13.8950038  13.8950038
9.02999999  13.8882470  13.8882470
9.03999999  13.8812264  13.8812264
9.04999999  13.8739450  13.8739450
9.05999999  13.8664061  13.8664061
9.06999999  13.8586130  13.8586130
9.07999999  13.8505689  13.8505689
9.08999999  13.8422772  13.8422772
9.09999999  13.8337414  13.8337414
9.10999999  13.8249651  13.8249651
9.11999999  13.8159518  13.8159518
9.12999999  13.8067051  13.8067051
9.13999999  13.7972289  13.7972289
9.14999999  13.7875268  13.7875268
9.15999999  13.7776028  13.7776028
9.16999999  13.7674607  13.7674607
9.17999999  13.7571045  13.7571045
9.18999999  13.7465382  13.7465382
9.19999999  13.7357660  13.7357660
9.20999999  13.7247918  13.7247918
9.21999999  13.7136199  13.7136199
9.22999999  13.7022545  13.7022545
9.23999999  13.6906999  13.6906999
9.24999999  13.6789605  13.6789605
9.25999999  13.6670405  13.6670405
9.26999999  13.6549444  13.6549444
9.27999999  13.6426766  13.6426766
9.28999999  13.6302417  13.6302417
9.29999999  13.6176442  13.6176442
9.30999999  13.6048886  13.6048886
9.31999999  13.5919796  13.5919796
9.32999999  13.5789218  13.5789218
9.33999999  13.5657198  13.5657198
9.34999999  13.5523785  13.5523785
9.35999999  13.5389024  13.5389024
9.36999999  13.5252965  13.5252965
9.37999999  13.5115654  13.5115654
9.38999999  13.4977140  13.4977140
9.39999999  13.4837472  13.4837472
9.40999999  13.4696697  13.4696697
9.41999999  13.4554866  13.4554866
9.42999999  13.4412026  13.4412026
9.43999999  13.4268226  13.4268226
9.44999999  13.4123517  13.4123517
9.45999999  13.3977948  13.3977948
9.46999999  13.3831568  13.3831568
9.47999999  13.3684427  13.3684427
9.48999999  13.3536574  13.3536574
9.49999999  13.3388060  13.3388060
9.50999999  13.3238934  13.3238934
9.51999999  13.3089246  13.3089246
9.52999999  13.2939047  13.2939047
9.53999999  13.2788385  13.2788385
9.54999999  13.2637312  13.2637312
9.55999999  13.2485876  13.2485876
9.56999999  13.2334128  13.2334128
9.57999999  13.2182117  13.2182117
9.58999999  13.2029894  13.2029894
9.59999999  13.1877507  13.1877507
9.60999999  13.1725007  13.1725007
9.61999999  13.1572443  13.1572443
9.62999999  13.1419863  13.1419863
9.63999999  13.1267318  13.1267318
9.64999999  13.1114855  13.1114855
9.65999999  13.0962524  13.0962524
9.66999999  13.0810374  13.0810374
9.67999999  13.0658452  13.0658452
9.68999999  13.0506807  13.0506807
9.69999999  13.0355486  13.0355486
9.70999999  13.0204537  13.0204537
9.71999999  13.0054008  13.0054008
9.72999999  12.9903946  12.9903946
9.73999999  12.9754397  12.9754397
9.74999999  12.9605407  12.9605407
9.75999999  12.9457023  12.9457023
9.76999999  12.9309291  12.9309291
9.77999999  12.9162256  12.9162256
9.78999999  12.9015962  12.9015962
9.79999999  12.8870455  12.8870455
9.80999999  12.8725779  12.8725779
9.81999999  12.8581978  12.8581978
9.82999999  12.8439095  12.8439095
9.83999999  12.8297173  12.8297173
9.84999999  12.8156254  12.8156254
9.85999999  12.8016382  12.8016382
9.86999999  12.7877596  12.7877596
9.87999999  12.7739939  12.7739939
9.88999999  12.7603451  12.7603451
9.89999999  12.7468172  12.7468172
9.90999999  12.7334142  12.7334142
9.91999999  12.7201399  12.7201399
9.92999999  12.7069983  12.7069983
9.93999999  12.6939931  12.6939931
9.94999999  12.6811281  12.6811281
9.95999999  12.6684070  12.6684070
9.96999999  12.6558333  12.6558333
9.97999999  12.6434107  12.6434107
9.98999999  12.6311427  12.6311427
9.99999999  12.6190326  12.6190326
10.0099999  12.6070840  12.6070840
10.0199999  12.5953000  12.5953000
10.0299999  12.5836841  12.5836841
10.0399999  12.5722393  12.5722393
10.0499999  12.5609688  12.5609688
10.0599999  12.5498757  12.5498757
10.0699999  12.5389629  12.5389629
10.0799999  12.5282334  12.5282334
10.0899999  12.5176900  12.5176900
10.0999999  12.5073356  12.5073356
10.1099999  12.4971729  12.4971729
10.1199999  12.4872044  12.4872044
10.1299999  12.4774328  12.4774328
10.1399999  12.4678607  12.4678607
10.1499999  12.4584903  12.4584903
10.1599999  12.4493242  12.4493242
10.1699999  12.4403645  12.4403645
10.1799999  12.4316135  12.4316135
10.1899999  12.4230734  12.4230734
10.1999999  12.4147462  12.4147462
10.2099999  12.4066339  12.4066339
10.2199999  12.3987384  12.3987384
10.2299999  12.3910615  12.3910615
10.2399999  12.3836051  12.3836051
10.2499999  12.3763708  12.3763708
10.2599999  12.3693602  12.3693602
10.2699999  12.3625749  12.3625749
10.2799999  12.3560163  12.3560163
10.2899999  12.3496858  12.3496858
10.2999999  12.3435847  12.3435847
10.3099999  12.3377142  12.3377142
10.3199999  12.3320755  12.3320755
10.3299999  12.3266696  12.3266696
10.3399999  12.3214976  12.3214976
10.3499999  12.3165603  12.3165603
10.3599999  12.3118585  12.3118585
10.3699999  12.3073931  12.3073931
10.3799999  12.3031646  12.3031646
10.3899999  12.2991738  12.2991738
10.3999999  12.2954211  12.2954211
10.4099999  12.2919069  12.2919069
10.4199999  12.2886316  12.2886316
10.4299999  12.2855956  12.2855956
10.4399999  12.2827990  12.2827990
10.4499999  12.2802419  12.2802419
10.4599999  12.2779243  12.2779243
10.4699999  12.2758464  12.2758464
10.4799999  12.2740079  12.2740079
10.4899999  12.2724087  12.2724087
10.4999999  12.2710485  12.2710485
10.5099999  12.2699271  12.2699271
10.5199999  12.2690439  12.2690439
10.5299999  12.2683985  12.2683985
10.5399999  12.2679904  12.2679904
10.5499999  12.2678189  12.2678189
10.5599999  12.2678833  12.2678833
10.5699999  12.2681829  12.2681829
10.5799999  12.2687167  12.2687167
10.5899999  12.2694839  12.2694839
10.5999999  12.2704835  12.2704835
10.6099999  12.2717144  12.2717144
10.6199999  12.2731754  12.2731754
10.6299999  12.2748653  12.2748653
10.6399999  12.2767830  12.2767830
10.6499999  12.2789269  12.2789269
10.6599999  12.2812958  12.2812958
10.6699999  12.2838880  12.2838880
10.6799999  12.2867022  12.2867022
10.6899999  12.2897365  12.2897365
10.6999999  12.2929895  12.2929895
10.7099999  12.2964592  12.2964592
10.7199999  12.3001440  12.3001440
10.7299999  12.3040419  12.3040419
10.7399999  12.3081510  12.3081510
10.7499999  12.3124693  12.3124693
10.7599999  12.3169947  12.3169947
10.7699999  12.3217251  12.3217251
10.7799999  12.3266583  12.3266583
10.7899999  12.3317922  12.3317922
10.7999999  12.3371243  12.3371243
10.8099999  12.3426524  12.3426524
10.8199999  12.3483740  12.3483740
10.8299999  12.3542867  12.3542867
10.8399999  12.3603879  12.3603879
10.8499999  12.3666752  12.3666752
10.8599999  12.3731458  12.3731458
10.8699999  12.3797971  12.3797971
10.8799999  12.3866264  12.3866264
10.8899999  12.3936310  12.3936310
10.8999999  12.4008079  12.4008079
10.9099999  12.4081544  12.4081544
10.9199999  12.4156675  12.4156675
10.9299999  12.4233443  12.4233443
10.9399999  12.4311818  12.4311818
10.9499999  12.4391770  12.4391770
10.9599999  12.4473267  12.4473267
10.9699999  12.4556279  12.4556279
10.9799999  12.4640774  12.4640774
10.9899999  12.4726721  12.4726721
10.9999999  12.4814086  12.4814086
11.0099999  12.4902837  12.4902837
11.0199999  12.4992941  12.4992941
11.0299999  12.5084366  12.5084366
11.0399999  12.5177076  12.5177076
11.0499999  12.5271039  12.5271039
11.0599999  12.5366220  12.5366220
11.0699999  12.5462585  12.5462585
11.0799999  12.5560099  12.5560099
11.0899999  12.5658726  12.5658726
11.0999999  12.5758432  12.5758432
11.1099999  12.5859180  12.5859180
11.1199999  12.5960936  12.5960936
11.1299999  12.6063664  12.6063664
11.1399999  12.6167326  12.6167326
11.1499999  12.6271887  12.6271887
11.1599999  12.6377311  12.6377311
11.1699999  12.6483560  12.6483560
11.1799999  12.6590598  12.6590598
11.1899999  12.6698388  12.6698388
11.1999999  12.6806892  12.6806892
11.2099999  12.6916075  12.6916075
11.2199999  12.7025897  12.7025897
11.2299999  12.7136323  12.7136323
11.2399999  12.7247314  12.7247314
11.2499999  12.7358834  12.7358834
11.2599999  12.7470844  12.7470844
11.2699999  12.7583307  12.7583307
11.2799999  12.7696185  12.7696185
11.2899999  12.7809441  12.7809441
11.2999999  12.7923037  12.7923037
11.3099999  12.8036935  12.8036935
11.3199999  12.8151099  12.8151099
11.3299999  12.8265490  12.8265490
11.3399999  12.8380070  12.8380070
11.3499999  12.8494803  12.8494803
11.3599999  12.8609651  12.8609651
11.3699999  12.8724577  12.8724577
11.3799999  12.8839544  12.8839544
11.3899999  12.8954513  12.8954513
11.3999999  12.9069450  12.9069450
11.4099999  12.9184316  12.9184316
11.4199999  12.9299075  12.9299075
11.4299999  12.9413690  12.9413690
11.4399999  12.9528126  12.9528126
11.4499999  12.9642345  12.9642345
11.4599999  12.9756312  12.9756312
11.4699999  12.9869991  12.9869991
11.4799999  12.9983346  12.9983346
11.4899999  13.0096343  13.0096343
11.4999999  13.0208945  13.0208945
11.5099999  13.0321118  13.0321118
11.5199999  13.0432827  13.0432827
11.5299999  13.0544038  13.0544038
11.5399999  13.0654717  13.0654717
11.5499999  13.0764829  13.0764829
11.5599999  13.0874342  13.0874342
11.5699999  13.0983221  13.0983221
11.5799999  13.1091435  13.1091435
11.5899999  13.1198949  13.1198949
11.5999999  13.1305733  13.1305733
11.6099999  13.1411754  13.1411754
11.6199999  13.1516980  13.1516980
11.6299999  13.1621380  13.1621380
11.6399999  13.1724923  13.1724923
11.6499999  13.1827579  13.1827579
11.6599999  13.1929318  13.1929318
11.6699999  13.2030109  13.2030109
11.6799999  13.2129924  13.2129924
11.6899999  13.2228733  13.2228733
11.6999999  13.2326508  13.2326508
11.7099999  13.2423221  13.2423221
11.7199999  13.2518844  13.2518844
11.7299999  13.2613350  13.2613350
11.7399999  13.2706712  13.2706712
11.7499999  13.2798904  13.2798904
11.7599999  13.2889899  13.2889899
11.7699999  13.2979674  13.2979674
11.7799999  13.3068202  13.3068202
11.7899999  13.3155459  13.3155459
11.7999999  13.3241421  13.3241421
11.8099999  13.3326065  13.3326065
11.8199999  13.3409367  13.3409367
11.8299999  13.3491306  13.3491306
11.8399999  13.3571859  13.3571859
11.8499999  13.3651005  13.3651005
11.8599999  13.3728723  13.3728723
11.8699999  13.3804993  13.3804993
11.8799999  13.3879794  13.3879794
11.8899999  13.3953107  13.3953107
11.8999999  13.4024915  13.4024915
11.9099999  13.4095197  13.4095197
11.9199999  13.4163937  13.4163937
11.9299999  13.4231118  13.4231118
11.9399999  13.4296722  13.4296722
11.9499999  13.4360735  13.4360735
11.9599999  13.4423139  13.4423139
11.9699999  13.4483922  13.4483922
11.9799999  13.4543067  13.4543067
11.9899999  13.4600563  13.4600563
11.9999999  13.4656394  13.4656394
12.0099999  13.4710549  13.4710549
12.0199999  13.4763016  13.4763016
12.0299999  13.4813783  13.4813783
12.0399999  13.4862839  13.4862839
12.0499999  13.4910175  13.4910175
12.0599999  13.4955780  13.4955780
12.0699999  13.4999645  13.4999645
12.0799999  13.5041762  13.5041762
12.0899999  13.5082123  13.5082123
12.0999999  13.5120721  13.5120721
12.1099999  13.5157548  13.5157548
12.1199999  13.5192599  13.5192599
12.1299999  13.5225868  13.5225868
12.1399999  13.5257351  13.5257351
12.1499999  13.5287042  13.5287042
12.1599999  13.5314938  13.5314938
12.1699999  13.5341036  13.5341036
12.1799999  13.5365333  13.5365333
12.1899999  13.5387828  13.5387828
12.1999999  13.5408518  13.5408518
12.2099999  13.5427403  13.5427403
12.2199999  13.5444482  13.5444482
12.2299999  13.5459757  13.5459757
12.2399999  13.5473227  13.5473227
12.2499999  13.5484895  13.5484895
12.2599999  13.5494762  13.5494762
12.2699999  13.5502831  13.5502831
12.2799999  13.5509105  13.5509105
12.2899999  13.5513588  13.5513588
12.2999999  13.5516284  13.5516284
12.3099999  13.5517198  13.5517198
12.3199999  13.5516336  13.5516336
12.3299999  13.5513703  13.5513703
12.3399999  13.5509307  13.5509307
12.3499999  13.5503153  13.5503153
12.3599999  13.5495251  13.5495251
12.3699999  13.5485607  13.5485607
12.3799999  13.5474230  13.5474230
12.3899999  13.5461131  13.5461131
12.3999999  13.5446318  13.5446318
12.4099999  13.5429802  13.5429802
12.4199999  13.5411594  13.5411594
12.4299999  13.5391705  13.5391705
12.4399999  13.5370146  13.5370146
12.4499999  13.5346930  13.5346930
12.4599999  13.5322071  13.5322071
12.4699999  13.5295580  13.5295580
12.4799999  13.5267472  13.5267472
12.4899999  13.5237762  13.5237762
12.4999999  13.5206463  13.5206463
12.5099999  13.5173591  13.5173591
12.5199999  13.5139161  13.5139161
12.5299999  13.5103191  13.5103191
12.5399999  13.5065695  13.5065695
12.5499999  13.5026692  13.5026692
12.5599999  13.4986198  13.4986198
12.5699999  13.4944231  13.4944231
12.5799999  13.4900810  13.4900810
12.5899999  13.4855953  13.4855953
12.5999999  13.4809680  13.4809680
12.6099999  13.4762009  13.4762009
12.6199999  13.4712960  13.4712960
12.6299999  13.4662554  13.4662554
12.6399999  13.4610812  13.4610812
12.6499999  13.4557753  13.4557753
12.6599999  13.4503400  13.4503400
12.6699999  13.4447774  13.4447774
12.6799999  13.4390897  13.4390897
12.6899999  13.4332792  13.4332792
12.6999999  13.4273480  13.4273480
12.7099999  13.4212986  13.4212986
12.7199999  13.4151331  13.4151331
12.7299999  13.4088540  13.4088540
12.7399999  13.4024637  13.4024637
12.7499999  13.3959645  13.3959645
12.7599999  13.3893590  13.3893590
12.7699999  13.3826495  13.3826495
12.7799999  13.3758386  13.3758386
12.7899999  13.3689288  13.3689288
12.7999999  13.3619226  13.3619226
12.8099999  13.3548225  13.3548225
12.8199999  13.3476313  13.3476313
12.8299999  13.3403513  13.3403513
12.8399999  13.3329854  13.3329854
12.8499999  13.3255362  13.3255362
12.8599999  13.3180062  13.3180062
12.8699999  13.3103982  13.3103982
12.8799999  13.3027149  13.3027149
12.8899999  13.2949589  13.2949589
12.8999999  13.2871331  13.2871331
12.9099999  13.2792402  13.2792402
12.9199999  13.2712828  13.2712828
12.9299999  13.2632639  13.2632639
12.9399999  13.2551860  13.2551860
12.9499999  13.2470521  13.2470521
12.9599999  13.2388650  13.2388650
12.9699999  13.2306274  13.2306274
12.9799999  13.2223421  13.2223421
12.9899999  13.2140120  13.2140120
12.9999999  13.2056398  13.2056398
13.0099999  13.1972285  13.1972285
13.0199999  13.1887808  13.1887808
13.0299999  13.1802996  13.1802996
13.0399999  13.1717877  13.1717877
13.0499999  13.1632479  13.1632479
13.0599999  13.1546831  13.1546831
13.0699999  13.1460961  13.1460961
13.0799999  13.1374897  13.1374897
13.0899999  13.1288669  13.1288669
13.0999999  13.1202303  13.1202303
13.1099999  13.1115828  13.1115828
13.1199999  13.1029272  13.1029272
13.1299999  13.0942664  13.0942664
13.1399999  13.0856031  13.0856031
13.1499999  13.0769402  13.0769402
13.1599999  13.0682804  13.0682804
13.1699999  13.0596264  13.0596264
13.1799999  13.0509812  13.0509812
13.1899999  13.0423473  13.0423473
13.1999999  13.0337275  13.0337275
13.2099999  13.0251246  13.0251246
13.2199999  13.0165413  13.0165413
13.2299999  13.0079803  13.0079803
13.2399999  12.9994443  12.9994443
13.2499999  12.9909358  12.9909358
13.2599999  12.9824576  12.9824576
13.2699999  12.9740123  12.9740123
13.2799999  12.9656025  12.9656025
13.2899999  12.9572308  12.9572308
13.2999999  12.9488998  12.9488998
13.3099999  12.9406119  12.9406119
13.3199999  12.9323698  12.9323698
13.3299999  12.9241760  12.9241760
13.3399999  12.9160328  12.9160328
13.3499999  12.9079428  12.9079428
13.3599999  12.8999085  12.8999085
13.3699999  12.8919321  12.8919321
13.3799999  12.8840161  12.8840161
13.3899999  12.8761628  12.8761628
13.3999999  12.8683746  12.8683746
13.4099999  12.8606537  12.8606537
13.4199999  12.8530024  12.8530024
13.4299999  12.8454230  12.8454230
13.4399999  12.8379177  12.8379177
13.4499999  12.8304885  12.8304885
13.4599999  12.8231378  12.8231378
13.4699999  12.8158675  12.8158675
13.4799999  12.8086798  12.8086798
13.4899999  12.8015767  12.8015767
13.4999999  12.7945602  12.7945602
13.5099999  12.7876323  12.7876323
13.5199999  12.7807950  12.7807950
13.5299999  12.7740500  12.7740500
13.5399999  12.7673994  12.7673994
13.5499999  12.7608450  12.7608450
13.5599999  12.7543885  12.7543885
13.5699999  12.7480317  12.7480317
13.5799999  12.7417763  12.7417763
13.5899999  12.7356241  12.7356241
13.5999999  12.7295766  12.7295766
13.6099999  12.7236355  12.7236355
13.6199999  12.7178023  12.7178023
13.6299999  12.7120786  12.7120786
13.6399999  12.7064659  12.7064659
13.6499999  12.7009655  12.7009655
13.6599999  12.6955790  12.6955790
13.6699999  12.6903076  12.6903076
13.6799999  12.6851527  12.6851527
13.6899999  12.6801156  12.6801156
13.6999999  12.6751975  12.6751975
13.7099999  12.6703997  12.6703997
13.7199999  12.6657232  12.6657232
13.7299999  12.6611692  12.6611692
13.7399999  12.6567388  12.6567388
13.7499999  12.6524329  12.6524329
13.7599999  12.6482527  12.6482527
13.7699999  12.6441989  12.6441989
13.7799999  12.6402725  12.6402725
13.7899999  12.6364744  12.6364744
13.7999999  12.6328054  12.6328054
13.8099999  12.6292662  12.6292662
13.8199999  12.6258575  12.6258575
13.8299999  12.6225801  12.6225801
13.8399999  12.6194345  12.6194345
13.8499999  12.6164214  12.6164214
13.8599999  12.6135413  12.6135413
13.8699999  12.6107946  12.6107946
13.8799999  12.6081819  12.6081819
13.8899999  12.6057036  12.6057036
13.8999999  12.6033599  12.6033599
13.9099999  12.6011513  12.6011513
13.9199999  12.5990781  12.5990781
13.9299999  12.5971403  12.5971403
13.9399999  12.5953383  12.5953383
13.9499999  12.5936722  12.5936722
13.9599999  12.5921420  12.5921420
13.9699999  12.5907479  12.5907479
13.9799999  12.5894898  12.5894898
13.9899999  12.5883677  12.5883677
13.9999999  12.5873815  12.5873815
14.0099999  12.5865312  12.5865312
14.0199999  12.5858164  12.5858164
14.0299999  12.5852372  12.5852372
14.0399999  12.5847931  12.5847931
14.0499999  12.5844839  12.5844839
14.0599999  12.5843093  12.5843093
14.0699999  12.5842689  12.5842689
14.0799999  12.5843622  12.5843622
14.0899999  12.5845889  12.5845889
14.0999999  12.5849483  12.5849483
14.1099999  12.5854400  12.5854400
14.1199999  12.5860634  12.5860634
14.1299999  12.5868179  12.5868179
14.1399999  12.5877028  12.5877028
14.1499999  12.5887173  12.5887173
14.1599999  12.5898608  12.5898608
14.1699999  12.5911325  12.5911325
14.1799999  12.5925315  12.5925315
14.1899999  12.5940570  12.5940570
14.1999999  12.5957081  12.5957081
14.2099999  12.5974838  12.5974838
14.2199999  12.5993832  12.5993832
14.2299999  12.6014053  12.6014053
14.2399999  12.6035491  12.6035491
14.2499999  12.6058133  12.6058133
14.2599999  12.6081971  12.6081971
14.2699999  12.6106991  12.6106991
14.2799999  12.6133182  12.6133182
14.2899999  12.6160531  12.6160531
14.2999999  12.6189028  12.6189028
14.3099999  12.6218657  12.6218657
14.3199999  12.6249407  12.6249407
14.3299999  12.6281264  12.6281264
14.3399999  12.6314213  12.6314213
14.3499999  12.6348242  12.6348242
14.3599999  12.6383335  12.6383335
14.3699999  12.6419478  12.6419478
14.3799999  12.6456656  12.6456656
14.3899999  12.6494853  12.6494853
14.3999999  12.6534054  12.6534054
14.4099999  12.6574243  12.6574243
14.4199999  12.6615405  12.6615405
14.4299999  12.6657522  12.6657522
14.4399999  12.6700578  12.6700578
14.4499999  12.6744556  12.6744556
14.4599999  12.6789439  12.6789439
14.4699999  12.6835211  12.6835211
14.4799999  12.6881852  12.6881852
14.4899999  12.6929346  12.6929346
14.4999999  12.6977674  12.6977674
14.5099999  12.7026819  12.7026819
14.5199999  12.7076761  12.7076761
14.5299999  12.7127482  12.7127482
14.5399999  12.7178964  12.7178964
14.5499999  12.7231187  12.7231187
14.5599999  12.7284132  12.7284132
14.5699999  12.7337780  12.7337780
14.5799999  12.7392111  12.7392111
14.5899999  12.7447107  12.7447107
14.5999999  12.7502745  12.7502745
14.6099999  12.7559008  12.7559008
14.6199999  12.7615875  12.7615875
14.6299999  12.7673325  12.7673325
14.6399999  12.7731339  12.7731339
14.6499999  12.7789895  12.7789895
14.6599999  12.7848973  12.7848973
14.6699999  12.7908553  12.7908553
14.6799999  12.7968614  12.7968614
14.6899999  12.8029135  12.8029135
14.6999999  12.8090095  12.8090095
14.7099999  12.8151472  12.8151472
14.7199999  12.8213247  12.8213247
14.7299999  12.8275398  12.8275398
14.7399999  12.8337903  12.8337903
14.7499999  12.8400741  12.8400741
14.7599999  12.8463891  12.8463891
14.7699999  12.8527333  12.8527333
14.7799999  12.8591044  12.8591044
14.7899999  12.8655002  12.8655002
14.7999999  12.8719188  12.8719188
14.8099999  12.8783579  12.8783579
14.8199999  12.8848154  12.8848154
14.8299999  12.8912892  12.8912892
14.8399999  12.8977771  12.8977771
14.8499999  12.9042770  12.9042770
14.8599999  12.9107868  12.9107868
14.8699999  12.9173043  12.9173043
14.8799999  12.9238275  12.9238275
14.8899999  12.9303542  12.9303542
14.8999999  12.9368823  12.9368823
14.9099999  12.9434097  12.9434097
14.9199999  12.9499343  12.9499343
14.9299999  12.9564541  12.9564541
14.9399999  12.9629668  12.9629668
14.9499999  12.9694706  12.9694706
14.9599999  12.9759632  12.9759632
14.9699999  12.9824427  12.9824427
14.9799999  12.9889070  12.9889070
14.9899999  12.9953542  12.9953542
14.9999999  13.0017820  13.0017820
15.0099999  13.0081887  13.0081887
15.0199999  13.0145721  13.0145721
15.0299999  13.0209303  13.0209303
15.0399999  13.0272613  13.0272613
15.0499999  13.0335633  13.0335633
15.0599999  13.0398341  13.0398341
15.0699999  13.0460720  13.0460720
15.0799999  13.0522751  13.0522751
15.0899999  13.0584414  13.0584414
15.0999999  13.0645691  13.0645691
15.1099999  13.0706564  13.0706564
15.1199999  13.0767013  13.0767013
15.1299999  13.0827022  13.0827022
15.1399999  13.0886572  13.0886572
15.1499999  13.0945646  13.0945646
15.1599999  13.1004225  13.1004225
15.1699999  13.1062294  13.1062294
15.1799999  13.1119834  13.1119834
15.1899999  13.1176830  13.1176830
15.1999999  13.1233264  13.1233264
15.2099999  13.1289120  13.1289120
15.2199999  13.1344382  13.1344382
15.2299999  13.1399034  13.1399034
15.2399999  13.1453061  13.1453061
15.2499999  13.1506448  13.1506448
15.2599999  13.1559178  13.1559178
15.2699999  13.1611238  13.1611238
15.2799999  13.1662612  13.1662612
15.2899999  13.1713287  13.1713287
15.2999999  13.1763248  13.1763248
15.3099999  13.1812481  13.1812481
15.3199999  13.1860974  13.1860974
15.3299999  13.1908713  13.1908713
15.3399999  13.1955684  13.1955684
15.3499999  13.2001876  13.2001876
15.3599999  13.2047276  13.2047276
15.3699999  13.2091872  13.2091872
15.3799999  13.2135652  13.2135652
15.3899999  13.2178605  13.2178605
15.3999999  13.2220720  13.2220720
15.4099999  13.2261985  13.2261985
15.4199999  13.2302390  13.2302390
15.4299999  13.2341926  13.2341926
15.4399999  13.2380581  13.2380581
15.4499999  13.2418347  13.2418347
15.4599999  13.2455214  13.2455214
15.4699999  13.2491174  13.2491174
15.4799999  13.2526217  13.2526217
15.4899999  13.2560335  13.2560335
15.4999999  13.2593521  13.2593521
15.5099999  13.2625766  13.2625766
15.5199999  13.2657064  13.2657064
15.5299999  13.2687406  13.2687406
15.5399999  13.2716788  13.2716788
15.5499999  13.2745201  13.2745201
15.5599999  13.2772641  13.2772641
15.5699999  13.2799101  13.2799101
15.5799999  13.2824577  13.2824577
15.5899999  13.2849062  13.2849062
15.5999999  13.2872553  13.2872553
15.6099999  13.2895045  13.2895045
15.6199999  13.2916535  13.2916535
15.6299999  13.2937017  13.2937017
15.6399999  13.2956490  13.2956490
15.6499999  13.2974949  13.2974949
15.6599999  13.2992393  13.2992393
15.6699999  13.3008819  13.3008819
15.6799999  13.3024225  13.3024225
15.6899999  13.3038609  13.3038609
15.6999999  13.3051970  13.3051970
15.7099999  13.3064308  13.3064308
15.7199999  13.3075620  13.3075620
15.7299999  13.3085908  13.3085908
15.7399999  13.3095170  13.3095170
15.7499999  13.3103408  13.3103408
15.7599999  13.3110621  13.3110621
15.7699999  13.3116812  13.3116812
15.7799999  13.3121980  13.3121980
15.7899999  13.3126129  13.3126129
15.7999999  13.3129259  13.3129259
15.8099999  13.3131373  13.3131373
15.8199999  13.3132474  13.3132474
15.8299999  13.3132564  13.3132564
15.8399999  13.3131647  13.3131647
15.8499999  13.3129727  13.3129727
15.8599999  13.3126806  13.3126806
15.8699999  13.3122890  13.3122890
15.8799999  13.3117982  13.3117982
15.8899999  13.3112088  13.3112088
15.8999999  13.3105212  13.3105212
15.9099999  13.3097361  13.3097361
15.9199999  13.3088538  13.3088538
15.9299999  13.3078752  13.3078752
15.9399999  13.3068007  13.3068007
15.9499999  13.3056310  13.3056310
15.9599999  13.3043669  13.3043669
15.9699999  13.3030090  13.3030090
15.9799999  13.3015580  13.3015580
15.9899999  13.3000148  13.3000148
15.9999999  13.2983801  13.2983801
16.0099999  13.2966547  13.2966547
16.0199999  13.2948395  13.2948395
16.0299999  13.2929354  13.2929354
16.0399999  13.2909432  13.2909432
16.0499999  13.2888639  13.2888639
16.0599999  13.2866985  13.2866985
16.0699999  13.2844478  13.2844478
16.0799999  13.2821129  13.2821129
16.0899999  13.2796949  13.2796949
16.0999999  13.2771947  13.2771947
16.1099999  13.2746134  13.2746134
16.1199999  13.2719522  13.2719522
16.1299999  13.2692121  13.2692121
16.1399999  13.2663943  13.2663943
16.1499999  13.2634998  13.2634998
16.1599999  13.2605300  13.2605300
16.1699999  13.2574860  13.2574860
16.1799999  13.2543690  13.2543690
16.1899999  13.2511803  13.2511803
16.1999999  13.2479210  13.2479210
16.2099999  13.2445926  13.2445926
16.2199999  13.2411962  13.2411962
16.2299999  13.2377332  13.2377332
16.2399999  13.2342049  13.2342049
16.2499999  13.2306127  13.2306127
16.2599999  13.2269578  13.2269578
16.2699999  13.2232418  13.2232418
16.2799999  13.2194660  13.2194660
16.2899999  13.2156317  13.2156317
16.2999999  13.2117405  13.2117405
16.3099999  13.2077937  13.2077937
16.3199999  13.2037927  13.2037927
16.3299999  13.1997392  13.1997392
16.3399999  13.1956344  13.1956344
16.3499999  13.1914800  13.1914800
16.3599999  13.1872774  13.1872774
16.3699999  13.1830281  13.1830281
16.3799999  13.1787336  13.1787336
16.3899999  13.1743954  13.1743954
16.3999999  13.1700151  13.1700151
16.4099999  13.1655943  13.1655943
16.4199999  13.1611344  13.1611344
16.4299999  13.1566371  13.1566371
16.4399999  13.1521039  13.1521039
16.4499999  13.1475364  13.1475364
16.4599999  13.1429361  13.1429361
16.4699999  13.1383047  13.1383047
16.4799999  13.1336437  13.1336437
16.4899999  13.1289547  13.1289547
16.4999999  13.1242393  13.1242393
16.5099999  13.1194991  13.1194991
16.5199999  13.1147358  13.1147358
16.5299999  13.1099509  13.1099509
16.5399999  13.1051461  13.1051461
16.5499999  13.1003229  13.1003229
16.5599999  13.0954829  13.0954829
16.5699999  13.0906278  13.0906278
16.5799999  13.0857592  13.0857592
16.5899999  13.0808787  13.0808787
16.5999999  13.0759878  13.0759878
16.6099999  13.0710883  13.0710883
16.6199999  13.0661816  13.0661816
16.6299999  13.0612695  13.0612695
16.6399999  13.0563534  13.0563534
16.6499999  13.0514350  13.0514350
16.6599999  13.0465159  13.0465159
16.6699999  13.0415977  13.0415977
16.6799999  13.0366819  13.0366819
16.6899999  13.0317701  13.0317701
16.6999999  13.0268639  13.0268639
16.7099999  13.0219648  13.0219648
16.7199999  13.0170744  13.0170744
16.7299999  13.0121943  13.0121943
16.7399999  13.0073259  13.0073259
16.7499999  13.0024708  13.0024708
16.7599999  12.9976305  12.9976305
16.7699999  12.9928066  12.9928066
16.7799999  12.9880004  12.9880004
16.7899999  12.9832136  12.9832136
16.7999999  12.9784475  12.9784475
16.8099999  12.9737037  12.9737037
16.8199999  12.9689836  12.9689836
16.8299999  12.9642887  12.9642887
16.8399999  12.9596203  12.9596203
16.8499999  12.9549799  12.9549799
16.8599999  12.9503689  12.9503689
16.8699999  12.9457887  12.9457887
16.8799999  12.9412406  12.9412406
16.8899999  12.9367260  12.9367260
16.8999999  12.9322463  12.9322463
16.9099999  12.9278028  12.9278028
16.9199999  12.9233967  12.9233967
16.9299999  12.9190295  12.9190295
16.9399999  12.9147023  12.9147023
16.9499999  12.9104164  12.9104164
16.9599999  12.9061731  12.9061731
16.9699999  12.9019736  12.9019736
16.9799999  12.8978192  12.8978192
16.9899999  12.8937109  12.8937109
16.9999999  12.8896500  12.8896500
17.0099999  12.8856376  12.8856376
17.0199999  12.8816749  12.8816749
17.0299999  12.8777630  12.8777630
17.0399999  12.8739029  12.8739029
17.0499999  12.8700958  12.8700958
17.0599999  12.8663427  12.8663427
17.0699999  12.8626446  12.8626446
17.0799999  12.8590025  12.8590025
17.0899999  12.8554175  12.8554175
17.0999999  12.8518904  12.8518904
17.1099999  12.8484224  12.8484224
17.1199999  12.8450142  12.8450142
17.1299999  12.8416667  12.8416667
17.1399999  12.8383810  12.8383810
17.1499999  12.8351577  12.8351577
17.1599999  12.8319978  12.8319978
17.1699999  12.8289021  12.8289021
17.1799999  12.8258713  12.8258713
17.1899999  12.8229062  12.8229062
17.1999999  12.8200076  12.8200076
17.2099999  12.8171762  12.8171762
17.2199999  12.8144127  12.8144127
17.2299999  12.8117176  12.8117176
17.2399999  12.8090918  12.8090918
17.2499999  12.8065358  12.8065358
17.2599999  12.8040502  12.8040502
17.2699999  12.8016355  12.8016355
17.2799999  12.7992924  12.7992924
17.2899999  12.7970214  12.7970214
17.2999999  12.7948229  12.7948229
17.3099999  12.7926974  12.7926974
17.3199999  12.7906454  12.7906454
17.3299999  12.7886673  12.7886673
17.3399999  12.7867634  12.7867634
17.3499999  12.7849343  12.7849343
17.3599999  12.7831801  12.7831801
17.3699999  12.7815013  12.7815013
17.3799999  12.7798982  12.7798982
17.3899999  12.7783709  12.7783709
17.3999999  12.7769198  12.7769198
17.4099999  12.7755451  12.7755451
17.4199999  12.7742469  12.7742469
17.4299999  12.7730255  12.7730255
17.4399999  12.7718809  12.7718809
17.4499999  12.7708134  12.7708134
17.4599999  12.7698230  12.7698230
17.4699999  12.7689098  12.7689098
17.4799999  12.7680737  12.7680737
17.4899999  12.7673150  12.7673150
17.4999999  12.7666334  12.7666334
17.5099999  12.7660291  12.7660291
17.5199999  12.7655019  12.7655019
17.5299999  12.7650518  12.7650518
17.5399999  12.7646787  12.7646787
17.5499999  12.7643824  12.7643824
17.5599999  12.7641628  12.7641628
17.5699999  12.7640197  12.7640197
17.5799999  12.7639530  12.7639530
17.5899999  12.7639623  12.7639623
17.5999999  12.7640475  12.7640475
17.6099999  12.7642082  12.7642082
17.6199999  12.7644443  12.7644443
17.6299999  12.7647553  12.7647553
17.6399999  12.7651409  12.7651409
17.6499999  12.7656007  12.7656007
17.6599999  12.7661345  12.7661345
17.6699999  12.7667417  12.7667417
17.6799999  12.7674219  12.7674219
17.6899999  12.7681748  12.7681748
17.6999999  12.7689997  12.7689997
17.7099999  12.7698962  12.7698962
17.7199999  12.7708638  12.7708638
17.7299999  12.7719020  12.7719020
17.7399999  12.7730101  12.7730101
17.7499999  12.7741877  12.7741877
17.7599999  12.7754340  12.7754340
17.7699999  12.7767485  12.7767485
17.7799999  12.7781306  12.7781306
17.7899999  12.7795796  12.7795796
17.7999999  12.7810947  12.7810947
17.8099999  12.7826754  12.7826754
17.8199999  12.7843208  12.7843208
17.8299999  12.7860303  12.7860303
17.8399999  12.7878030  12.7878030
17.8499999  12.7896383  12.7896383
17.8599999  12.7915353  12.7915353
17.8699999  12.7934932  12.7934932
17.8799999  12.7955112  12.7955112
17.8899999  12.7975884  12.7975884
17.9        12.7997240  12.7997240
17.91       12.8019172  12.8019172
17.92       12.8041670  12.8041670
17.9300000  12.8064725  12.8064725
17.9400000  12.8088327  12.8088327
17.9500000  12.8112469  12.8112469
17.9600000  12.8137140  12.8137140
17.9700000  12.8162330  12.8162330
17.9800000  12.8188030  12.8188030
17.9900000  12.8214230  12.8214230
18.0000000  12.8240919  12.8240919
18.0100000  12.8268089  12.8268089
18.0200000  12.8295728  12.8295728
18.0300000  12.8323825  12.8323825
18.0400000  12.8352371  12.8352371
18.0500000  12.8381356  12.8381356
18.0600000  12.8410767  12.8410767
18.0700000  12.8440594  12.8440594
18.0800000  12.8470827  12.8470827
18.0900000  12.8501455  12.8501455
18.1000000  12.8532465  12.8532465
18.1100000  12.8563848  12.8563848
18.1200000  12.8595592  12.8595592
18.1300000  12.8627684  12.8627684
18.1400000  12.8660115  12.8660115
18.1500000  12.8692873  12.8692873
18.1600000  12.8725945  12.8725945
18.1700000  12.8759320  12.8759320
18.1800000  12.8792987  12.8792987
18.1900000  12.8826934  12.8826934
18.2000000  12.8861149  12.8861149
18.2100000  12.8895620  12.8895620
18.2200000  12.8930335  12.8930335
18.2300000  12.8965282  12.8965282
18.2400000  12.9000449  12.9000449
18.2500000  12.9035825  12.9035825
18.2600000  12.9071397  12.9071397
18.2700000  12.9107154  12.9107154
18.2800000  12.9143082  12.9143082
18.2900000  12.9179170  12.9179170
18.3000000  12.9215406  12.9215406
18.3100000  12.9251778  12.9251778
18.3200000  12.9288273  12.9288273
18.3300000  12.9324880  12.9324880
18.3400000  12.9361587  12.9361587
18.3500000  12.9398380  12.9398380
18.3600000  12.9435249  12.9435249
18.3700000  12.9472180  12.9472180
18.3800000  12.9509163  12.9509163
18.3900000  12.9546184  12.9546184
18.4000000  12.9583233  12.9583233
18.4100000  12.9620296  12.9620296
18.4200000  12.9657362  12.9657362
18.4300000  12.9694419  12.9694419
18.4400000  12.9731455  12.9731455
18.4500000  12.9768459  12.9768459
18.4600000  12.9805418  12.9805418
18.4700000  12.9842321  12.9842321
18.4800000  12.9879155  12.9879155
18.4900000  12.9915911  12.9915911
18.5000000  12.9952575  12.9952575
18.5100000  12.9989136  12.9989136
18.5200000  13.0025584  13.0025584
18.5300000  13.0061906  13.0061906
18.5400000  13.0098091  13.0098091
18.5500000  13.0134129  13.0134129
18.5600000  13.0170007  13.0170007
18.5700000  13.0205716  13.0205716
18.5800000  13.0241244  13.0241244
18.5900000  13.0276580  13.0276580
18.6000000  13.0311713  13.0311713
18.6100000  13.0346633  13.0346633
18.6200000  13.0381330  13.0381330
18.6300000  13.0415792  13.0415792
18.6400000  13.0450011  13.0450011
18.6500000  13.0483974  13.0483974
18.6600000  13.0517673  13.0517673
18.6700000  13.0551097  13.0551097
18.6800000  13.0584236  13.0584236
18.6900000  13.0617081  13.0617081
18.7000000  13.0649622  13.0649622
18.7100000  13.0681849  13.0681849
18.7200000  13.0713754  13.0713754
18.7300000  13.0745327  13.0745327
18.7400000  13.0776559  13.0776559
18.7500000  13.0807441  13.0807441
18.7600000  13.0837963  13.0837963
18.7700000  13.0868119  13.0868119
18.7800000  13.0897898  13.0897898
18.7900000  13.0927293  13.0927293
18.8000000  13.0956296  13.0956296
18.8100000  13.0984898  13.0984898
18.8200000  13.1013091  13.1013091
18.8300000  13.1040868  13.1040868
18.8400000  13.1068221  13.1068221
18.8500000  13.1095143  13.1095143
18.8600000  13.1121626  13.1121626
18.8700000  13.1147663  13.1147663
18.8800000  13.1173248  13.1173248
18.8900000  13.1198374  13.1198374
18.9000000  13.1223033  13.1223033
18.9100000  13.1247220  13.1247220
18.9200000  13.1270929  13.1270929
18.9300000  13.1294152  13.1294152
18.9400000  13.1316885  13.1316885
18.9500000  13.1339122  13.1339122
18.9600000  13.1360857  13.1360857
18.9700000  13.1382084  13.1382084
18.9800000  13.1402799  13.1402799
18.9900000  13.1422996  13.1422996
19.0000000  13.1442671  13.1442671
19.0100000  13.1461819  13.1461819
19.0200000  13.1480435  13.1480435
19.0300000  13.1498516  13.1498516
19.0400000  13.1516057  13.1516057
19.0500000  13.1533054  13.1533054
19.0600000  13.1549504  13.1549504
19.0700000  13.1565402  13.1565402
19.0800000  13.1580747  13.1580747
19.0900000  13.1595534  13.1595534
19.1000000  13.1609760  13.1609760
19.1100000  13.1623423  13.1623423
19.1200000  13.1636521  13.1636521
19.1300000  13.1649050  13.1649050
19.1400000  13.1661009  13.1661009
19.1500000  13.1672396  13.1672396
19.1600000  13.1683208  13.1683208
19.1700000  13.1693445  13.1693445
19.1800000  13.1703104  13.1703104
19.1900000  13.1712185  13.1712185
19.2000000  13.1720686  13.1720686
19.2100000  13.1728607  13.1728607
19.2200000  13.1735946  13.1735946
19.2300000  13.1742704  13.1742704
19.2400000  13.1748880  13.1748880
19.2500000  13.1754474  13.1754474
19.2600000  13.1759486  13.1759486
19.2700000  13.1763916  13.1763916
19.2800000  13.1767765  13.1767765
19.2900000  13.1771034  13.1771034
19.3000000  13.1773722  13.1773722
19.3100000  13.1775832  13.1775832
19.3200000  13.1777364  13.1777364
19.3300000  13.1778320  13.1778320
19.3400000  13.1778701  13.1778701
19.3500000  13.1778509  13.1778509
19.3600000  13.1777746  13.1777746
19.3700000  13.1776414  13.1776414
19.3800000  13.1774516  13.1774516
19.3900000  13.1772053  13.1772053
19.4000000  13.1769028  13.1769028
19.4100000  13.1765444  13.1765444
19.4200000  13.1761304  13.1761304
19.4300000  13.1756612  13.1756612
19.4400000  13.1751370  13.1751370
19.4500000  13.1745581  13.1745581
19.4600000  13.1739250  13.1739250
19.4700000  13.1732381  13.1732381
19.4800000  13.1724976  13.1724976
19.4900000  13.1717041  13.1717041
19.5000000  13.1708580  13.1708580
19.5100000  13.1699596  13.1699596
19.5200000  13.1690095  13.1690095
19.5300000  13.1680081  13.1680081
19.5400000  13.1669560  13.1669560
19.5500000  13.1658535  13.1658535
19.5600000  13.1647013  13.1647013
19.5700000  13.1634998  13.1634998
19.5800000  13.1622497  13.1622497
19.5900000  13.1609514  13.1609514
19.6000000  13.1596055  13.1596055
19.6100000  13.1582126  13.1582126
19.6200000  13.1567734  13.1567734
19.6300000  13.1552884  13.1552884
19.6400000  13.1537583  13.1537583
19.6500000  13.1521836  13.1521836
19.6600000  13.1505651  13.1505651
19.6700000  13.1489034  13.1489034
19.6800000  13.1471992  13.1471992
19.6900000  13.1454531  13.1454531
19.7000000  13.1436659  13.1436659
19.7100000  13.1418383  13.1418383
19.7200000  13.1399709  13.1399709
19.7300000  13.1380645  13.1380645
19.7400000  13.1361199  13.1361199
19.7500000  13.1341378  13.1341378
19.7600000  13.1321189  13.1321189
19.7700000  13.1300641  13.1300641
19.7800000  13.1279740  13.1279740
19.7900000  13.1258496  13.1258496
19.8000000  13.1236915  13.1236915
19.8100000  13.1215005  13.1215005
19.8200000  13.1192776  13.1192776
19.8300000  13.1170235  13.1170235
19.8400000  13.1147390  13.1147390
19.8500000  13.1124249  13.1124249
19.8600000  13.1100822  13.1100822
19.8700000  13.1077116  13.1077116
19.8800000  13.1053140  13.1053140
19.8900000  13.1028902  13.1028902
19.9000000  13.1004412  13.1004412
19.9100000  13.0979677  13.0979677
19.9200000  13.0954707  13.0954707
19.9300000  13.0929511  13.0929511
19.9400000  13.0904096  13.0904096
19.9500000  13.0878473  13.0878473
19.9600000  13.0852650  13.0852650
19.9700000  13.0826635  13.0826635
19.9800000  13.0800439  13.0800439
19.9900000  13.0774069  13.0774069
20.0000000  13.0747535  13.0747535
20.0100000  13.0720847  13.0720847
20.0200000  13.0694012  13.0694012
20.0300000  13.0667041  13.0667041
20.0400000  13.0639942  13.0639942
20.0500000  13.0612724  13.0612724
20.0600000  13.0585397  13.0585397
20.0700000  13.0557969  13.0557969
20.0800000  13.0530450  13.0530450
20.0900000  13.0502850  13.0502850
20.1000000  13.0475176  13.0475176
20.1100000  13.0447438  13.0447438
20.1200000  13.0419646  13.0419646
20.1300000  13.0391808  13.0391808
20.1400000  13.0363934  13.0363934
20.1500000  13.0336033  13.0336033
20.1600000  13.0308113  13.0308113
20.1700000  13.0280183  13.0280183
20.1800000  13.0252254  13.0252254
20.1900000  13.0224333  13.0224333
20.2000000  13.0196430  13.0196430
20.2100000  13.0168553  13.0168553
20.2200000  13.0140712  13.0140712
20.2300000  13.0112915  13.0112915
20.2400000  13.0085171  13.0085171
20.2500000  13.0057489  13.0057489
20.2600000  13.0029878  13.0029878
20.2700000  13.0002345  13.0002345
20.2800000  12.9974901  12.9974901
20.2900000  12.9947552  12.9947552
20.3000000  12.9920309  12.9920309
20.3100000  12.9893178  12.9893178
20.3200000  12.9866169  12.9866169
20.3300000  12.9839290  12.9839290
20.3400000  12.9812550  12.9812550
20.3500000  12.9785955  12.9785955
20.3600000  12.9759514  12.9759514
20.3700000  12.9733236  12.9733236
20.3800000  12.9707128  12.9707128
20.3900000  12.9681199  12.9681199
20.4000000  12.9655455  12.9655455
20.4100000  12.9629904  12.9629904
20.4200000  12.9604555  12.9604555
20.4300000  12.9579414  12.9579414
20.4400000  12.9554489  12.9554489
20.4500000  12.9529788  12.9529788
20.4600000  12.9505317  12.9505317
20.4700000  12.9481084  12.9481084
20.4800000  12.9457095  12.9457095
20.4900000  12.9433358  12.9433358
20.5000000  12.9409880  12.9409880
20.5100000  12.9386667  12.9386667
20.5200000  12.9363725  12.9363725
20.5300000  12.9341062  12.9341062
20.5400000  12.9318684  12.9318684
20.5500000  12.9296596  12.9296596
20.5600000  12.9274806  12.9274806
20.5700000  12.9253319  12.9253319
20.5800000  12.9232140  12.9232140
20.5900000  12.9211277  12.9211277
20.6000000  12.9190734  12.9190734
20.6100000  12.9170518  12.9170518
20.6200000  12.9150633  12.9150633
20.6300000  12.9131085  12.9131085
20.6400000  12.9111880  12.9111880
20.6500000  12.9093021  12.9093021
20.6600000  12.9074515  12.9074515
20.6700000  12.9056366  12.9056366
20.6800000  12.9038578  12.9038578
20.6900000  12.9021156  12.9021156
20.7000000  12.9004106  12.9004106
20.7100000  12.8987430  12.8987430
20.7200000  12.8971133  12.8971133
20.7300000  12.8955220  12.8955220
20.7400000  12.8939693  12.8939693
20.7500000  12.8924557  12.8924557
20.7600000  12.8909816  12.8909816
20.7700000  12.8895472  12.8895472
20.7800000  12.8881530  12.8881530
20.7900000  12.8867992  12.8867992
20.8000000  12.8854861  12.8854861
20.8100000  12.8842141  12.8842141
20.8200000  12.8829833  12.8829833
20.8300000  12.8817942  12.8817942
20.8400000  12.8806468  12.8806468
20.8500000  12.8795416  12.8795416
20.8600000  12.8784786  12.8784786
20.8700000  12.8774580  12.8774580
20.8800000  12.8764802  12.8764802
20.8900000  12.8755452  12.8755452
20.9000000  12.8746532  12.8746532
20.9100000  12.8738044  12.8738044
20.9200000  12.8729988  12.8729988
20.9300000  12.8722367  12.8722367
20.9400000  12.8715181  12.8715181
20.9500000  12.8708431  12.8708431
20.9600000  12.8702118  12.8702118
20.9700000  12.8696243  12.8696243
20.9800000  12.8690805  12.8690805
20.9900000  12.8685806  12.8685806
21.0000000  12.8681246  12.8681246
21.0100000  12.8677124  12.8677124
21.0200000  12.8673440  12.8673440
21.0300000  12.8670195  12.8670195
21.0400000  12.8667387  12.8667387
21.0500000  12.8665017  12.8665017
21.0600000  12.8663084  12.8663084
21.0700000  12.8661587  12.8661587
21.0800000  12.8660525  12.8660525
21.0900000  12.8659897  12.8659897
21.1000000  12.8659701  12.8659701
21.1100000  12.8659937  12.8659937
21.1200000  12.8660603  12.8660603
21.1300000  12.8661698  12.8661698
21.1400000  12.8663219  12.8663219
21.1500000  12.8665165  12.8665165
21.1600000  12.8667534  12.8667534
21.1700000  12.8670324  12.8670324
21.1800000  12.8673532  12.8673532
21.1900000  12.8677156  12.8677156
21.2000000  12.8681194  12.8681194
21.2100000  12.8685642  12.8685642
21.2200000  12.8690499  12.8690499
21.2300000  12.8695761  12.8695761
21.2400000  12.8701426  12.8701426
21.2500000  12.8707490  12.8707490
21.2600000  12.8713950  12.8713950
21.2700000  12.8720802  12.8720802
21.2800000  12.8728044  12.8728044
21.2900000  12.8735671  12.8735671
21.3000000  12.8743680  12.8743680
21.3100000  12.8752067  12.8752067
21.3200000  12.8760829  12.8760829
21.3300000  12.8769960  12.8769960
21.3400000  12.8779458  12.8779458
21.3500000  12.8789317  12.8789317
21.3600000  12.8799534  12.8799534
21.3700000  12.8810104  12.8810104
21.3800000  12.8821023  12.8821023
21.3900000  12.8832285  12.8832285
21.4000000  12.8843887  12.8843887
21.4100000  12.8855823  12.8855823
21.4200000  12.8868088  12.8868088
21.4300000  12.8880678  12.8880678
21.4400000  12.8893587  12.8893587
21.4500000  12.8906810  12.8906810
21.4600000  12.8920343  12.8920343
21.4700000  12.8934178  12.8934178
21.4800000  12.8948312  12.8948312
21.4900000  12.8962739  12.8962739
21.5000000  12.8977452  12.8977452
21.5100000  12.8992447  12.8992447
21.5200000  12.9007718  12.9007718
21.5300000  12.9023259  12.9023259
21.5400000  12.9039063  12.9039063
21.5500000  12.9055126  12.9055126
21.5600000  12.9071441  12.9071441
21.5700000  12.9088002  12.9088002
21.5800000  12.9104802  12.9104802
21.5900000  12.9121837  12.9121837
21.6000000  12.9139099  12.9139099
21.6100000  12.9156582  12.9156582
21.6200000  12.9174281  12.9174281
21.6300000  12.9192187  12.9192187
21.6400000  12.9210296  12.9210296
21.6500000  12.9228601  12.9228601
21.6600000  12.9247095  12.9247095
21.6700000  12.9265771  12.9265771
21.6800000  12.9284623  12.9284623
21.6900000  12.9303645  12.9303645
21.7000000  12.9322829  12.9322829
21.7100000  12.9342169  12.9342169
21.7200000  12.9361659  12.9361659
21.7300000  12.9381291  12.9381291
21.7400000  12.9401059  12.9401059
21.7500000  12.9420956  12.9420956
21.7600000  12.9440975  12.9440975
21.7700000  12.9461110  12.9461110
21.7800000  12.9481352  12.9481352
21.7900000  12.9501697  12.9501697
21.8000000  12.9522136  12.9522136
21.8100000  12.9542664  12.9542664
21.8200000  12.9563272  12.9563272
21.8300000  12.9583955  12.9583955
21.8400000  12.9604704  12.9604704
21.8500000  12.9625514  12.9625514
21.8600000  12.9646378  12.9646378
21.8700000  12.9667288  12.9667288
21.8800000  12.9688238  12.9688238
21.8900000  12.9709221  12.9709221
21.9000000  12.9730230  12.9730230
21.9100000  12.9751258  12.9751258
21.9200000  12.9772298  12.9772298
21.9300000  12.9793344  12.9793344
21.9400000  12.9814389  12.9814389
21.9500000  12.9835425  12.9835425
21.9600000  12.9856447  12.9856447
21.9700000  12.9877448  12.9877448
21.9800000  12.9898420  12.9898420
21.9900000  12.9919358  12.9919358
22.0000000  12.9940254  12.9940254
22.0100000  12.9961103  12.9961103
22.0200000  12.9981897  12.9981897
22.0300000  13.0002629  13.0002629
22.0400000  13.0023295  13.0023295
22.0500000  13.0043886  13.0043886
22.0600000  13.0064397  13.0064397
22.0700000  13.0084822  13.0084822
22.0800000  13.0105153  13.0105153
22.0900000  13.0125385  13.0125385
22.1000000  13.0145513  13.0145513
22.1100000  13.0165528  13.0165528
22.1200000  13.0185426  13.0185426
22.1300000  13.0205201  13.0205201
22.1400000  13.0224845  13.0224845
22.1500000  13.0244355  13.0244355
22.1600000  13.0263723  13.0263723
22.1700000  13.0282944  13.0282944
22.1800000  13.0302013  13.0302013
22.1900000  13.0320923  13.0320923
22.2000000  13.0339669  13.0339669
22.2100000  13.0358246  13.0358246
22.2200000  13.0376647  13.0376647
22.2300000  13.0394869  13.0394869
22.2400000  13.0412905  13.0412905
22.2500000  13.0430750  13.0430750
22.2600000  13.0448400  13.0448400
22.2700000  13.0465848  13.0465848
22.2800000  13.0483091  13.0483091
22.2900000  13.0500123  13.0500123
22.3000000  13.0516940  13.0516940
22.3100000  13.0533536  13.0533536
22.3200000  13.0549907  13.0549907
22.3300000  13.0566049  13.0566049
22.3400000  13.0581958  13.0581958
22.3500000  13.0597628  13.0597628
22.3600000  13.0613055  13.0613055
22.3700000  13.0628236  13.0628236
22.3800000  13.0643166  13.0643166
22.3900000  13.0657841  13.0657841
22.4000000  13.0672258  13.0672258
22.4100000  13.0686412  13.0686412
22.4200000  13.0700301  13.0700301
22.4300000  13.0713919  13.0713919
22.4400000  13.0727264  13.0727264
22.4500000  13.0740332  13.0740332
22.4600000  13.0753121  13.0753121
22.4700000  13.0765626  13.0765626
22.4800000  13.0777845  13.0777845
22.4900000  13.0789774  13.0789774
22.5000000  13.0801412  13.0801412
22.5100000  13.0812754  13.0812754
22.5200000  13.0823799  13.0823799
22.5300000  13.0834543  13.0834543
22.5400000  13.0844984  13.0844984
22.5500000  13.0855121  13.0855121
22.5600000  13.0864949  13.0864949
22.5700000  13.0874468  13.0874468
22.5800000  13.0883676  13.0883676
22.5900000  13.0892570  13.0892570
22.6000000  13.0901148  13.0901148
22.6100000  13.0909409  13.0909409
22.6200000  13.0917351  13.0917351
22.6300000  13.0924973  13.0924973
22.6400000  13.0932273  13.0932273
22.6500000  13.0939249  13.0939249
22.6600000  13.0945902  13.0945902
22.6700000  13.0952229  13.0952229
22.6800000  13.0958229  13.0958229
22.6900000  13.0963902  13.0963902
22.7000000  13.0969247  13.0969247
22.7100000  13.0974264  13.0974264
22.7200000  13.0978951  13.0978951
22.7300000  13.0983308  13.0983308
22.7400000  13.0987335  13.0987335
22.7500000  13.0991032  13.0991032
22.7600000  13.0994398  13.0994398
22.7700000  13.0997434  13.0997434
22.7800000  13.1000140  13.1000140
22.7900000  13.1002515  13.1002515
22.8000000  13.1004560  13.1004560
22.8100000  13.1006276  13.1006276
22.8200000  13.1007663  13.1007663
22.8300000  13.1008722  13.1008722
22.8400000  13.1009453  13.1009453
22.8500000  13.1009857  13.1009857
22.8600000  13.1009935  13.1009935
22.8700000  13.1009688  13.1009688
22.8800000  13.1009117  13.1009117
22.8900000  13.1008224  13.1008224
22.9000000  13.1007010  13.1007010
22.9100000  13.1005476  13.1005476
22.9200000  13.1003623  13.1003623
22.9300000  13.1001454  13.1001454
22.9400000  13.0998970  13.0998970
22.9500000  13.0996173  13.0996173
22.9600000  13.0993064  13.0993064
22.9700000  13.0989647  13.0989647
22.9800000  13.0985922  13.0985922
22.9900000  13.0981892  13.0981892
23.0000000  13.0977559  13.0977559
23.0100000  13.0972927  13.0972927
23.0200000  13.0967996  13.0967996
23.0300000  13.0962770  13.0962770
23.0400000  13.0957251  13.0957251
23.0500000  13.0951443  13.0951443
23.0600000  13.0945347  13.0945347
23.0700000  13.0938967  13.0938967
23.0800000  13.0932305  13.0932305
23.0900000  13.0925366  13.0925366
23.1000000  13.0918151  13.0918151
23.1100000  13.0910664  13.0910664
23.1200000  13.0902909  13.0902909
23.1300000  13.0894888  13.0894888
23.1400000  13.0886605  13.0886605
23.1500000  13.0878064  13.0878064
23.1600000  13.0869268  13.0869268
23.1700000  13.0860221  13.0860221
23.1800000  13.0850927  13.0850927
23.1900000  13.0841388  13.0841388
23.2000000  13.0831611  13.0831611
23.2100000  13.0821597  13.0821597
23.2200000  13.0811351  13.0811351
23.2300000  13.0800877  13.0800877
23.2400000  13.0790180  13.0790180
23.2500000  13.0779263  13.0779263
23.2600000  13.0768130  13.0768130
23.2700000  13.0756787  13.0756787
23.2800000  13.0745236  13.0745236
23.2900000  13.0733484  13.0733484
23.3000000  13.0721533  13.0721533
23.3100000  13.0709389  13.0709389
23.3200000  13.0697055  13.0697055
23.3300000  13.0684537  13.0684537
23.3400000  13.0671840  13.0671840
23.3500000  13.0658967  13.0658967
23.3600000  13.0645924  13.0645924
23.3700000  13.0632715  13.0632715
23.3800000  13.0619345  13.0619345
23.3900000  13.0605819  13.0605819
23.4000000  13.0592142  13.0592142
23.4100000  13.0578319  13.0578319
23.4200000  13.0564353  13.0564353
23.4300000  13.0550252  13.0550252
23.4400000  13.0536019  13.0536019
23.4500000  13.0521659  13.0521659
23.4600000  13.0507178  13.0507178
23.4700000  13.0492580  13.0492580
23.4800000  13.0477871  13.0477871
23.4900000  13.0463056  13.0463056
23.5000000  13.0448139  13.0448139
23.5100000  13.0433126  13.0433126
23.5200000  13.0418022  13.0418022
23.5300000  13.0402833  13.0402833
23.5400000  13.0387563  13.0387563
23.5500000  13.0372217  13.0372217
23.5600000  13.0356801  13.0356801
23.5700000  13.0341320  13.0341320
23.5800000  13.0325779  13.0325779
23.5900000  13.0310183  13.0310183
23.6000000  13.0294537  13.0294537
23.6100000  13.0278847  13.0278847
23.6200000  13.0263118  13.0263118
23.6300000  13.0247355  13.0247355
23.6400000  13.0231563  13.0231563
23.6500000  13.0215748  13.0215748
23.6600000  13.0199913  13.0199913
23.6700000  13.0184066  13.0184066
23.6800000  13.0168210  13.0168210
23.6900000  13.0152351  13.0152351
23.7000000  13.0136495  13.0136495
23.7100000  13.0120645  13.0120645
23.7200000  13.0104807  13.0104807
23.7300000  13.0088987  13.0088987
23.7400000  13.0073189  13.0073189
23.7500000  13.0057418  13.0057418
23.7600000  13.0041679  13.0041679
23.7700000  13.0025978  13.0025978
23.7800000  13.0010319  13.0010319
23.7900000  12.9994707  12.9994707
23.8000000  12.9979146  12.9979146
23.8100000  12.9963643  12.9963643
23.8200000  12.9948200  12.9948200
23.8300000  12.9932825  12.9932825
23.8400000  12.9917520  12.9917520
23.8500000  12.9902291  12.9902291
23.8600000  12.9887142  12.9887142
23.8700000  12.9872078  12.9872078
23.8800000  12.9857104  12.9857104
23.8900000  12.9842224  12.9842224
23.9000000  12.9827442  12.9827442
23.9100000  12.9812764  12.9812764
23.9200000  12.9798192  12.9798192
23.9300000  12.9783733  12.9783733
23.9400000  12.9769389  12.9769389
23.9500000  12.9755166  12.9755166
23.9600000  12.9741067  12.9741067
23.9700000  12.9727097  12.9727097
23.9800000  12.9713259  12.9713259
23.9900000  12.9699558  12.9699558
24.0000000  12.9685998  12.9685998
24.0100000  12.9672582  12.9672582
24.0200000  12.9659315  12.9659315
24.0300000  12.9646199  12.9646199
24.0400000  12.9633240  12.9633240
24.0500000  12.9620440  12.9620440
24.0600000  12.9607803  12.9607803
24.0700000  12.9595333  12.9595333
24.0800000  12.9583034  12.9583034
24.0900000  12.9570907  12.9570907
24.1000000  12.9558958  12.9558958
24.1100000  12.9547189  12.9547189
24.1200000  12.9535603  12.9535603
24.1300000  12.9524204  12.9524204
24.1400000  12.9512994  12.9512994
24.1500000  12.9501977  12.9501977
24.1600000  12.9491155  12.9491155
24.1700000  12.9480532  12.9480532
24.1800000  12.9470110  12.9470110
24.1900000  12.9459892  12.9459892
24.2000000  12.9449880  12.9449880
24.2100000  12.9440077  12.9440077
24.2200000  12.9430486  12.9430486
24.2300000  12.9421109  12.9421109
24.2400000  12.9411948  12.9411948
24.2500000  12.9403005  12.9403005
24.2600000  12.9394283  12.9394283
24.2700000  12.9385784  12.9385784
24.2800000  12.9377510  12.9377510
24.2900000  12.9369462  12.9369462
24.3000000  12.9361643  12.9361643
24.3100000  12.9354054  12.9354054
24.3200000  12.9346697  12.9346697
24.3300000  12.9339574  12.9339574
24.3400000  12.9332686  12.9332686
24.3500000  12.9326035  12.9326035
24.3600000  12.9319621  12.9319621
24.3700000  12.9313447  12.9313447
24.3800000  12.9307514  12.9307514
24.3900000  12.9301822  12.9301822
24.4000000  12.9296373  12.9296373
24.4100000  12.9291168  12.9291168
24.4200000  12.9286207  12.9286207
24.4300000  12.9281492  12.9281492
24.4400000  12.9277023  12.9277023
24.4500000  12.9272800  12.9272800
24.4600000  12.9268825  12.9268825
24.4700000  12.9265098  12.9265098
24.4800000  12.9261619  12.9261619
24.4900000  12.9258389  12.9258389
24.5000000  12.9255407  12.9255407
24.5100000  12.9252674  12.9252674
24.5200000  12.9250190  12.9250190
24.5300000  12.9247956  12.9247956
24.5400000  12.9245970  12.9245970
24.5500000  12.9244233  12.9244233
24.5600000  12.9242744  12.9242744
24.5700000  12.9241504  12.9241504
24.5800000  12.9240512  12.9240512
24.5900000  12.9239766  12.9239766
24.6000000  12.9239268  12.9239268
24.6100000  12.9239016  12.9239016
24.6200000  12.9239009  12.9239009
24.6300000  12.9239247  12.9239247
24.6400000  12.9239729  12.9239729
24.6500000  12.9240453  12.9240453
24.6600000  12.9241419  12.9241419
24.6700000  12.9242626  12.9242626
24.6800000  12.9244073  12.9244073
24.6900000  12.9245758  12.9245758
24.7000000  12.9247680  12.9247680
24.7100000  12.9249838  12.9249838
24.7200000  12.9252230  12.9252230
24.7300000  12.9254854  12.9254854
24.7400000  12.9257710  12.9257710
24.7500000  12.9260795  12.9260795
24.7600000  12.9264108  12.9264108
24.7700000  12.9267647  12.9267647
24.7800000  12.9271409  12.9271409
24.7900000  12.9275394  12.9275394
24.8000000  12.9279599  12.9279599
24.8100000  12.9284022  12.9284022
24.8200000  12.9288661  12.9288661
24.8300000  12.9293514  12.9293514
24.8400000  12.9298578  12.9298578
24.8500000  12.9303852  12.9303852
24.8600000  12.9309332  12.9309332
24.8700000  12.9315017  12.9315017
24.8800000  12.9320904  12.9320904
24.8900000  12.9326989  12.9326989
24.9000000  12.9333272  12.9333272
24.9100000  12.9339749  12.9339749
24.9200000  12.9346417  12.9346417
24.9300000  12.9353274  12.9353274
24.9400000  12.9360317  12.9360317
24.9500000  12.9367543  12.9367543
24.9600000  12.9374949  12.9374949
24.9700000  12.9382532  12.9382532
24.9800000  12.9390289  12.9390289
24.9900000  12.9398217  12.9398217
25.0000000  12.9406314  12.9406314
25.0100000  12.9414574  12.9414574
25.0200000  12.9422997  12.9422997
25.0300000  12.9431578  12.9431578
25.0400000  12.9440314  12.9440314
25.0500000  12.9449202  12.9449202
25.0600000  12.9458239  12.9458239
25.0700000  12.9467420  12.9467420
25.0800000  12.9476744  12.9476744
25.0900000  12.9486205  12.9486205
25.1000000  12.9495801  12.9495801
25.1100000  12.9505529  12.9505529
25.1200000  12.9515384  12.9515384
25.1300000  12.9525363  12.9525363
25.1400000  12.9535463  12.9535463
25.1500000  12.9545680  12.9545680
25.1600000  12.9556009  12.9556009
25.1700000  12.9566449  12.9566449
25.1800000  12.9576994  12.9576994
25.1900000  12.9587641  12.9587641
25.2000000  12.9598387  12.9598387
25.2100000  12.9609227  12.9609227
25.2200000  12.9620158  12.9620158
25.2300000  12.9631175  12.9631175
25.2400000  12.9642276  12.9642276
25.2500000  12.9653457  12.9653457
25.2600000  12.9664712  12.9664712
25.2700000  12.9676040  12.9676040
25.2800000  12.9687435  12.9687435
25.2900000  12.9698894  12.9698894
25.3000000  12.9710413  12.9710413
25.3100000  12.9721988  12.9721988
25.3200000  12.9733615  12.9733615
25.3300000  12.9745290  12.9745290
25.3400000  12.9757010  12.9757010
25.3500000  12.9768770  12.9768770
25.3600000  12.9780567  12.9780567
25.3700000  12.9792396  12.9792396
25.3800000  12.9804254  12.9804254
25.3900000  12.9816137  12.9816137
25.4000000  12.9828040  12.9828040
25.4100000  12.9839961  12.9839961
25.4200000  12.9851895  12.9851895
25.4300000  12.9863838  12.9863838
25.4400000  12.9875787  12.9875787
25.4500000  12.9887737  12.9887737
25.4600000  12.9899684  12.9899684
25.4700000  12.9911626  12.9911626
25.4800000  12.9923557  12.9923557
25.4900000  12.9935475  12.9935475
25.5000000  12.9947375  12.9947375
25.5100000  12.9959254  12.9959254
25.5200000  12.9971108  12.9971108
25.5300000  12.9982933  12.9982933
25.5400000  12.9994725  12.9994725
25.5500000  13.0006481  13.0006481
25.5600000  13.0018198  13.0018198
25.5700000  13.0029870  13.0029870
25.5800000  13.0041496  13.0041496
25.5900000  13.0053071  13.0053071
25.6000000  13.0064592  13.0064592
25.6100000  13.0076055  13.0076055
25.6200000  13.0087456  13.0087456
25.6300000  13.0098793  13.0098793
25.6400000  13.0110062  13.0110062
25.6500000  13.0121259  13.0121259
25.6600000  13.0132381  13.0132381
25.6700000  13.0143425  13.0143425
25.6800000  13.0154387  13.0154387
25.6900000  13.0165264  13.0165264
25.7000000  13.0176053  13.0176053
25.7100000  13.0186751  13.0186751
25.7200000  13.0197355  13.0197355
25.7300000  13.0207861  13.0207861
25.7400000  13.0218266  13.0218266
25.7500000  13.0228568  13.0228568
25.7600000  13.0238763  13.0238763
25.7700000  13.0248849  13.0248849
25.7800000  13.0258822  13.0258822
25.7900000  13.0268680  13.0268680
25.8000000  13.0278420  13.0278420
25.8100000  13.0288039  13.0288039
25.8200000  13.0297534  13.0297534
25.8300000  13.0306904  13.0306904
25.8400000  13.0316145  13.0316145
25.8500000  13.0325254  13.0325254
25.8600000  13.0334229  13.0334229
25.8700000  13.0343069  13.0343069
25.8800000  13.0351769  13.0351769
25.8900000  13.0360328  13.0360328
25.9000000  13.0368745  13.0368745
25.9100000  13.0377015  13.0377015
25.9200000  13.0385138  13.0385138
25.9300000  13.0393111  13.0393111
25.9400000  13.0400931  13.0400931
25.9500000  13.0408598  13.0408598
25.9600000  13.0416109  13.0416109
25.9700000  13.0423462  13.0423462
25.9800000  13.0430655  13.0430655
25.9900000  13.0437687  13.0437687
26.0000000  13.0444555  13.0444555
26.0100000  13.0451258  13.0451258
26.0200000  13.0457795  13.0457795
26.0300000  13.0464163  13.0464163
26.0400000  13.0470362  13.0470362
26.0500000  13.0476390  13.0476390
26.0600000  13.0482245  13.0482245
26.0700000  13.0487926  13.0487926
26.0800000  13.0493433  13.0493433
26.0900000  13.0498763  13.0498763
26.1000000  13.0503915  13.0503915
26.1100000  13.0508889  13.0508889
26.1200000  13.0513683  13.0513683
26.1300000  13.0518297  13.0518297
26.1400000  13.0522729  13.0522729
26.1500000  13.0526979  13.0526979
26.1600000  13.0531046  13.0531046
26.1700000  13.0534930  13.0534930
26.1800000  13.0538628  13.0538628
26.1900000  13.0542142  13.0542142
26.2000000  13.0545470  13.0545470
26.2100000  13.0548613  13.0548613
26.2200000  13.0551568  13.0551568
26.2300000  13.0554337  13.0554337
26.2400000  13.0556919  13.0556919
26.2500000  13.0559313  13.0559313
26.2600000  13.0561520  13.0561520
26.2700000  13.0563540  13.0563540
26.2800000  13.0565371  13.0565371
26.2900000  13.0567015  13.0567015
26.3000000  13.0568472  13.0568472
26.3100000  13.0569741  13.0569741
26.3200000  13.0570823  13.0570823
26.3300000  13.0571718  13.0571718
26.3400000  13.0572426  13.0572426
26.3500000  13.0572948  13.0572948
26.3600000  13.0573284  13.0573284
26.3700000  13.0573435  13.0573435
26.3800000  13.0573401  13.0573401
26.3900000  13.0573182  13.0573182
26.4000000  13.0572781  13.0572781
26.4100000  13.0572196  13.0572196
26.4200000  13.0571429  13.0571429
26.4300000  13.0570481  13.0570481
26.4400000  13.0569353  13.0569353
26.4500000  13.0568045  13.0568045
26.4600000  13.0566559  13.0566559
26.4700000  13.0564896  13.0564896
26.4800000  13.0563056  13.0563056
26.4900000  13.0561041  13.0561041
26.5000000  13.0558853  13.0558853
26.5100000  13.0556491  13.0556491
26.5200000  13.0553959  13.0553959
26.5300000  13.0551256  13.0551256
26.5400000  13.0548385  13.0548385
26.5500000  13.0545347  13.0545347
26.5600000  13.0542144  13.0542144
26.5700000  13.0538776  13.0538776
26.5800000  13.0535246  13.0535246
26.5900000  13.0531555  13.0531555
26.6000000  13.0527706  13.0527706
26.6100000  13.0523699  13.0523699
26.6200000  13.0519536  13.0519536
26.6300000  13.0515220  13.0515220
26.6400000  13.0510753  13.0510753
26.6500000  13.0506135  13.0506135
26.6600000  13.0501370  13.0501370
26.6700000  13.0496458  13.0496458
26.6800000  13.0491403  13.0491403
26.6900000  13.0486206  13.0486206
26.7000000  13.0480870  13.0480870
26.7100000  13.0475396  13.0475396
26.7200000  13.0469787  13.0469787
26.7300000  13.0464045  13.0464045
26.7400000  13.0458172  13.0458172
26.7500000  13.0452171  13.0452171
26.7600000  13.0446044  13.0446044
26.7700000  13.0439793  13.0439793
26.7800000  13.0433421  13.0433421
26.7900000  13.0426930  13.0426930
26.8000000  13.0420323  13.0420323
26.8100000  13.0413601  13.0413601
26.8200000  13.0406769  13.0406769
26.8300000  13.0399827  13.0399827
26.8400000  13.0392780  13.0392780
26.8500000  13.0385628  13.0385628
26.8600000  13.0378376  13.0378376
26.8700000  13.0371026  13.0371026
26.8800000  13.0363579  13.0363579
26.8900000  13.0356040  13.0356040
26.9000000  13.0348411  13.0348411
26.9100000  13.0340694  13.0340694
26.9200000  13.0332893  13.0332893
26.9300000  13.0325009  13.0325009
26.9400000  13.0317047  13.0317047
26.9500000  13.0309008  13.0309008
26.9600000  13.0300895  13.0300895
26.9700000  13.0292712  13.0292712
26.9800000  13.0284461  13.0284461
26.9900000  13.0276146  13.0276146
27.0000000  13.0267768  13.0267768
27.0100000  13.0259331  13.0259331
27.0200000  13.0250838  13.0250838
27.0300000  13.0242291  13.0242291
27.0400000  13.0233694  13.0233694
27.0500000  13.0225050  13.0225050
27.0600000  13.0216361  13.0216361
27.0700000  13.0207630  13.0207630
27.0800000  13.0198861  13.0198861
27.0900000  13.0190056  13.0190056
27.1000000  13.0181218  13.0181218
27.1100000  13.0172351  13.0172351
27.1200000  13.0163456  13.0163456
27.1300000  13.0154538  13.0154538
27.1400000  13.0145598  13.0145598
27.1500000  13.0136641  13.0136641
27.1600000  13.0127668  13.0127668
27.1700000  13.0118683  13.0118683
27.1800000  13.0109689  13.0109689
27.1900000  13.0100689  13.0100689
27.2000000  13.0091685  13.0091685
27.2100000  13.0082680  13.0082680
27.2200000  13.0073678  13.0073678
27.2300000  13.0064681  13.0064681
27.2400000  13.0055692  13.0055692
27.2500000  13.0046715  13.0046715
27.2600000  13.0037751  13.0037751
27.2700000  13.0028804  13.0028804
27.2800000  13.0019876  13.0019876
27.2900000  13.0010971  13.0010971
27.3000000  13.0002090  13.0002090
27.3100000  12.9993238  12.9993238
27.3200000  12.9984416  12.9984416
27.3300000  12.9975628  12.9975628
27.3400000  12.9966875  12.9966875
27.3500000  12.9958162  12.9958162
27.3600000  12.9949490  12.9949490
27.3700000  12.9940862  12.9940862
27.3800000  12.9932280  12.9932280
27.3900000  12.9923749  12.9923749
27.4000000  12.9915269  12.9915269
27.4100000  12.9906843  12.9906843
27.4200000  12.9898475  12.9898475
27.4300000  12.9890166  12.9890166
27.4400000  12.9881919  12.9881919
27.4500000  12.9873737  12.9873737
27.4600000  12.9865621  12.9865621
27.4700000  12.9857575  12.9857575
27.4800000  12.9849600  12.9849600
27.4900000  12.9841700  12.9841700
27.5000000  12.9833876  12.9833876
27.5100000  12.9826130  12.9826130
27.5200000  12.9818465  12.9818465
27.5300000  12.9810883  12.9810883
27.5400000  12.9803386  12.9803386
27.5500000  12.9795977  12.9795977
27.5600000  12.9788656  12.9788656
27.5700000  12.9781428  12.9781428
27.5800000  12.9774293  12.9774293
27.5900000  12.9767253  12.9767253
27.6000000  12.9760311  12.9760311
27.6100000  12.9753468  12.9753468
27.6200000  12.9746726  12.9746726
27.6300000  12.9740088  12.9740088
27.6400000  12.9733554  12.9733554
27.6500000  12.9727127  12.9727127
27.6600000  12.9720809  12.9720809
27.6700000  12.9714600  12.9714600
27.6800000  12.9708504  12.9708504
27.6900000  12.9702520  12.9702520
27.7000000  12.9696651  12.9696651
27.7100000  12.9690899  12.9690899
27.7200000  12.9685265  12.9685265
27.7300000  12.9679750  12.9679750
27.7400000  12.9674355  12.9674355
27.7500000  12.9669083  12.9669083
27.7600000  12.9663934  12.9663934
27.7700000  12.9658909  12.9658909
27.7800000  12.9654010  12.9654010
27.7900000  12.9649239  12.9649239
27.8000000  12.9644595  12.9644595
27.8100000  12.9640080  12.9640080
27.8200000  12.9635696  12.9635696
27.8300000  12.9631443  12.9631443
27.8400000  12.9627322  12.9627322
27.8500000  12.9623334  12.9623334
27.8600000  12.9619480  12.9619480
27.8700000  12.9615761  12.9615761
27.8800000  12.9612177  12.9612177
27.8900000  12.9608730  12.9608730
27.9000000  12.9605419  12.9605419
27.9100000  12.9602246  12.9602246
27.9200000  12.9599210  12.9599210
27.9300000  12.9596314  12.9596314
27.9400000  12.9593556  12.9593556
27.9500000  12.9590938  12.9590938
27.9600000  12.9588460  12.9588460
27.9700000  12.9586122  12.9586122
27.9800000  12.9583925  12.9583925
27.9900000  12.9581868  12.9581868
28.0000000  12.9579953  12.9579953
28.0100000  12.9578179  12.9578179
28.0200000  12.9576546  12.9576546
28.0300000  12.9575054  12.9575054
28.0400000  12.9573704  12.9573704
28.0500000  12.9572495  12.9572495
28.0600000  12.9571427  12.9571427
28.0700000  12.9570501  12.9570501
28.0800000  12.9569716  12.9569716
28.0900000  12.9569071  12.9569071
28.1000000  12.9568568  12.9568568
28.1100000  12.9568204  12.9568204
28.1200000  12.9567981  12.9567981
28.1300000  12.9567897  12.9567897
28.1400000  12.9567952  12.9567952
28.1500000  12.9568146  12.9568146
28.1600000  12.9568478  12.9568478
28.1700000  12.9568948  12.9568948
28.1800000  12.9569554  12.9569554
28.1900000  12.9570298  12.9570298
28.2000000  12.9571177  12.9571177
28.2100000  12.9572191  12.9572191
28.2200000  12.9573339  12.9573339
28.2300000  12.9574620  12.9574620
28.2400000  12.9576035  12.9576035
28.2500000  12.9577581  12.9577581
28.2600000  12.9579258  12.9579258
28.2700000  12.9581065  12.9581065
28.2800000  12.9583000  12.9583000
28.2900000  12.9585064  12.9585064
28.3000000  12.9587254  12.9587254
28.3100000  12.9589570  12.9589570
28.3200000  12.9592010  12.9592010
28.3300000  12.9594574  12.9594574
28.3400000  12.9597259  12.9597259
28.3500000  12.9600066  12.9600066
28.3600000  12.9602992  12.9602992
28.3700000  12.9606036  12.9606036
28.3800000  12.9609197  12.9609197
28.3900000  12.9612474  12.9612474
28.4000000  12.9615865  12.9615865
28.4100000  12.9619368  12.9619368
28.4200000  12.9622982  12.9622982
28.4300000  12.9626706  12.9626706
28.4400000  12.9630538  12.9630538
28.4500000  12.9634477  12.9634477
28.4600000  12.9638520  12.9638520
28.4700000  12.9642666  12.9642666
28.4800000  12.9646914  12.9646914
28.4900000  12.9651262  12.9651262
28.5000000  12.9655708  12.9655708
28.5100000  12.9660250  12.9660250
28.5200000  12.9664887  12.9664887
28.5300000  12.9669617  12.9669617
28.5400000  12.9674438  12.9674438
28.5500000  12.9679348  12.9679348
28.5600000  12.9684345  12.9684345
28.5700000  12.9689427  12.9689427
28.5800000  12.9694594  12.9694594
28.5900000  12.9699841  12.9699841
28.6000000  12.9705169  12.9705169
28.6100000  12.9710573  12.9710573
28.6200000  12.9716054  12.9716054
28.6300000  12.9721608  12.9721608
28.6400000  12.9727234  12.9727234
28.6500000  12.9732930  12.9732930
28.6600000  12.9738693  12.9738693
28.6700000  12.9744521  12.9744521
28.6800000  12.9750413  12.9750413
28.6900000  12.9756366  12.9756366
28.7000000  12.9762379  12.9762379
28.7100000  12.9768448  12.9768448
28.7200000  12.9774573  12.9774573
28.7300000  12.9780750  12.9780750
28.7400000  12.9786978  12.9786978
28.7500000  12.9793254  12.9793254
28.7600000  12.9799576  12.9799576
28.7700000  12.9805943  12.9805943
28.7800000  12.9812351  12.9812351
28.7900000  12.9818800  12.9818800
28.8000000  12.9825285  12.9825285
28.8100000  12.9831806  12.9831806
28.8200000  12.9838361  12.9838361
28.8300000  12.9844946  12.9844946
28.8400000  12.9851559  12.9851559
28.8500000  12.9858200  12.9858200
28.8600000  12.9864864  12.9864864
28.8700000  12.9871551  12.9871551
28.8800000  12.9878257  12.9878257
28.8900000  12.9884981  12.9884981
28.9000000  12.9891720  12.9891720
28.9100000  12.9898472  12.9898472
28.9200000  12.9905235  12.9905235
28.9300000  12.9912007  12.9912007
28.9400000  12.9918786  12.9918786
28.9500000  12.9925569  12.9925569
28.9600000  12.9932354  12.9932354
28.9700000  12.9939138  12.9939138
28.9800000  12.9945921  12.9945921
28.9900000  12.9952699  12.9952699
29.0000000  12.9959471  12.9959471
29.0100000  12.9966234  12.9966234
29.0200000  12.9972986  12.9972986
29.0300000  12.9979725  12.9979725
29.0400000  12.9986449  12.9986449
29.0500000  12.9993155  12.9993155
29.0600000  12.9999842  12.9999842
29.0700000  13.0006508  13.0006508
29.0800000  13.0013150  13.0013150
29.0900000  13.0019767  13.0019767
29.1000000  13.0026356  13.0026356
29.1100000  13.0032916  13.0032916
29.1200000  13.0039443  13.0039443
29.1300000  13.0045937  13.0045937
29.1400000  13.0052396  13.0052396
29.1500000  13.0058817  13.0058817
29.1600000  13.0065198  13.0065198
29.1700000  13.0071538  13.0071538
29.1800000  13.0077834  13.0077834
29.1900000  13.0084085  13.0084085
29.2000000  13.0090289  13.0090289
29.2100000  13.0096444  13.0096444
29.2200000  13.0102549  13.0102549
29.2300000  13.0108600  13.0108600
29.2400000  13.0114598  13.0114598
29.2500000  13.0120539  13.0120539
29.2600000  13.0126422  13.0126422
29.2700000  13.0132246  13.0132246
29.2800000  13.0138009  13.0138009
29.2900000  13.0143708  13.0143708
29.3000000  13.0149344  13.0149344
29.3100000  13.0154913  13.0154913
29.3200000  13.0160414  13.0160414
29.3300000  13.0165846  13.0165846
29.3400000  13.0171207  13.0171207
29.3500000  13.0176496  13.0176496
29.3600000  13.0181712  13.0181712
29.3700000  13.0186852  13.0186852
29.3800000  13.0191915  13.0191915
29.3900000  13.0196901  13.0196901
29.4000000  13.0201807  13.0201807
29.4100000  13.0206633  13.0206633
29.4200000  13.0211377  13.0211377
29.4300000  13.0216037  13.0216037
29.4400000  13.0220613  13.0220613
29.4500000  13.0225104  13.0225104
29.4600000  13.0229507  13.0229507
29.4700000  13.0233823  13.0233823
29.4800000  13.0238050  13.0238050
29.4900000  13.0242186  13.0242186
29.5000000  13.0246231  13.0246231
29.5100000  13.0250185  13.0250185
29.5200000  13.0254045  13.0254045
29.5300000  13.0257811  13.0257811
29.5400000  13.0261482  13.0261482
29.5500000  13.0265057  13.0265057
29.5600000  13.0268536  13.0268536
29.5700000  13.0271917  13.0271917
29.5800000  13.0275199  13.0275199
29.5900000  13.0278383  13.0278383
29.6000000  13.0281467  13.0281467
29.6100000  13.0284451  13.0284451
29.6200000  13.0287333  13.0287333
29.6300000  13.0290114  13.0290114
29.6400000  13.0292793  13.0292793
29.6500000  13.0295369  13.0295369
29.6600000  13.0297842  13.0297842
29.6700000  13.0300211  13.0300211
29.6800000  13.0302476  13.0302476
29.6900000  13.0304636  13.0304636
29.7000000  13.0306692  13.0306692
29.7100000  13.0308642  13.0308642
29.7200000  13.0310487  13.0310487
29.7300000  13.0312226  13.0312226
29.7400000  13.0313859  13.0313859
29.7500000  13.0315386  13.0315386
29.7600000  13.0316807  13.0316807
29.7700000  13.0318121  13.0318121
29.7800000  13.0319329  13.0319329
29.7900000  13.0320431  13.0320431
29.8000000  13.0321425  13.0321425
29.8100000  13.0322314  13.0322314
29.8200000  13.0323096  13.0323096
29.8300000  13.0323771  13.0323771
29.8400000  13.0324340  13.0324340
29.8500000  13.0324803  13.0324803
29.8600000  13.0325160  13.0325160
29.8700000  13.0325412  13.0325412
29.8800000  13.0325558  13.0325558
29.8900000  13.0325599  13.0325599
29.9000000  13.0325535  13.0325535
29.9100000  13.0325367  13.0325367
29.9200000  13.0325095  13.0325095
29.9300000  13.0324719  13.0324719
29.9400000  13.0324240  13.0324240
29.9500000  13.0323658  13.0323658
29.9600000  13.0322974  13.0322974
29.9700000  13.0322188  13.0322188
29.9800000  13.0321302  13.0321302
29.9900000  13.0320314  13.0320314
30.0000000  13.0319228  13.0319228
30.0100000  13.0318042  13.0318042
30.0200000  13.0316757  13.0316757
30.0300000  13.0315375  13.0315375
30.0400000  13.0313896  13.0313896
30.0500000  13.0312321  13.0312321
30.0600000  13.0310650  13.0310650
30.0700000  13.0308885  13.0308885
30.0800000  13.0307027  13.0307027
30.0900000  13.0305075  13.0305075
30.1000000  13.0303032  13.0303032
30.1100000  13.0300898  13.0300898
30.1200000  13.0298674  13.0298674
30.1300000  13.0296361  13.0296361
30.1400000  13.0293961  13.0293961
30.1500000  13.0291473  13.0291473
30.1600000  13.0288900  13.0288900
30.1700000  13.0286243  13.0286243
30.1800000  13.0283502  13.0283502
30.1900000  13.0280678  13.0280678
30.2000000  13.0277774  13.0277774
30.2100000  13.0274789  13.0274789
30.2200000  13.0271726  13.0271726
30.2300000  13.0268585  13.0268585
30.2400000  13.0265368  13.0265368
30.2500000  13.0262076  13.0262076
30.2600000  13.0258710  13.0258710
30.2700000  13.0255272  13.0255272
30.2800000  13.0251763  13.0251763
30.2900000  13.0248185  13.0248185
30.3000000  13.0244538  13.0244538
30.3100000  13.0240824  13.0240824
30.3200000  13.0237045  13.0237045
30.3300000  13.0233201  13.0233201
30.3400000  13.0229295  13.0229295
30.3500000  13.0225328  13.0225328
30.3600000  13.0221301  13.0221301
30.3700000  13.0217216  13.0217216
30.3800000  13.0213075  13.0213075
30.3900000  13.0208878  13.0208878
30.4000000  13.0204627  13.0204627
30.4100000  13.0200325  13.0200325
30.4200000  13.0195972  13.0195972
30.4300000  13.0191569  13.0191569
30.4400000  13.0187120  13.0187120
30.4500000  13.0182624  13.0182624
30.4600000  13.0178084  13.0178084
30.4700000  13.0173502  13.0173502
30.4800000  13.0168879  13.0168879
30.4900000  13.0164216  13.0164216
30.5000000  13.0159515  13.0159515
30.5100000  13.0154778  13.0154778
30.5200000  13.0150007  13.0150007
30.5300000  13.0145203  13.0145203
30.5400000  13.0140367  13.0140367
30.5500000  13.0135502  13.0135502
30.5600000  13.0130609  13.0130609
30.5700000  13.0125690  13.0125690
30.5800000  13.0120746  13.0120746
30.5900000  13.0115780  13.0115780
30.6000000  13.0110792  13.0110792
30.6100000  13.0105784  13.0105784
30.6200000  13.0100759  13.0100759
30.6300000  13.0095717  13.0095717
30.6400000  13.0090661  13.0090661
30.6500000  13.0085591  13.0085591
30.6600000  13.0080511  13.0080511
30.6700000  13.0075421  13.0075421
30.6800000  13.0070323  13.0070323
30.6900000  13.0065219  13.0065219
30.7000000  13.0060111  13.0060111
30.7100000  13.0054999  13.0054999
30.7200000  13.0049886  13.0049886
30.7300000  13.0044774  13.0044774
30.7400000  13.0039664  13.0039664
30.7500000  13.0034557  13.0034557
30.7600000  13.0029456  13.0029456
30.7700000  13.0024361  13.0024361
30.7800000  13.0019276  13.0019276
30.7900000  13.0014200  13.0014200
30.8000000  13.0009136  13.0009136
30.8100000  13.0004085  13.0004085
30.8200000  12.9999050  12.9999050
30.8300000  12.9994031  12.9994031
30.8400000  12.9989029  12.9989029
30.8500000  12.9984048  12.9984048
30.8600000  12.9979088  12.9979088
30.8700000  12.9974150  12.9974150
30.8800000  12.9969236  12.9969236
30.8900000  12.9964348  12.9964348
30.9000000  12.9959488  12.9959488
30.9100000  12.9954656  12.9954656
30.9200000  12.9949854  12.9949854
30.9300000  12.9945083  12.9945083
30.9400000  12.9940346  12.9940346
30.9500000  12.9935643  12.9935643
30.9600000  12.9930976  12.9930976
30.9700000  12.9926346  12.9926346
30.9800000  12.9921755  12.9921755
30.9900000  12.9917203  12.9917203
31.0000000  12.9912693  12.9912693
31.0100000  12.9908225  12.9908225
31.0200000  12.9903801  12.9903801
31.0300000  12.9899423  12.9899423
31.0400000  12.9895090  12.9895090
31.0500000  12.9890806  12.9890806
31.0600000  12.9886570  12.9886570
31.0700000  12.9882384  12.9882384
31.0800000  12.9878250  12.9878250
31.0900000  12.9874168  12.9874168
31.1000000  12.9870139  12.9870139
31.1100000  12.9866166  12.9866166
31.1200000  12.9862248  12.9862248
31.1300000  12.9858387  12.9858387
31.1400000  12.9854584  12.9854584
31.1500000  12.9850840  12.9850840
31.1600000  12.9847155  12.9847155
31.1700000  12.9843532  12.9843532
31.1800000  12.9839971  12.9839971
31.1900000  12.9836473  12.9836473
31.2000000  12.9833038  12.9833038
31.2100000  12.9829668  12.9829668
31.2200000  12.9826364  12.9826364
31.2300000  12.9823126  12.9823126
31.2400000  12.9819956  12.9819956
31.2500000  12.9816853  12.9816853
31.2600000  12.9813820  12.9813820
31.2700000  12.9810856  12.9810856
31.2800000  12.9807962  12.9807962
31.2900000  12.9805139  12.9805139
31.3000000  12.9802388  12.9802388
31.3100000  12.9799710  12.9799710
31.3200000  12.9797104  12.9797104
31.3300000  12.9794572  12.9794572
31.3400000  12.9792114  12.9792114
31.3500000  12.9789731  12.9789731
31.3600000  12.9787423  12.9787423
31.3700000  12.9785191  12.9785191
31.3800000  12.9783035  12.9783035
31.3900000  12.9780956  12.9780956
31.4000000  12.9778954  12.9778954
31.4100000  12.9777030  12.9777030
31.4200000  12.9775183  12.9775183
31.4300000  12.9773414  12.9773414
31.4400000  12.9771724  12.9771724
31.4500000  12.9770113  12.9770113
31.4600000  12.9768581  12.9768581
31.4700000  12.9767128  12.9767128
31.4800000  12.9765755  12.9765755
31.4900000  12.9764461  12.9764461
31.5000000  12.9763248  12.9763248
31.5100000  12.9762114  12.9762114
31.5200000  12.9761061  12.9761061
31.5300000  12.9760087  12.9760087
31.5400000  12.9759194  12.9759194
31.5500000  12.9758381  12.9758381
31.5600000  12.9757649  12.9757649
31.5700000  12.9756996  12.9756996
31.5800000  12.9756424  12.9756424
31.5900000  12.9755932  12.9755932
31.6000000  12.9755521  12.9755521
31.6100000  12.9755189  12.9755189
31.6200000  12.9754936  12.9754936
31.6300000  12.9754764  12.9754764
31.6400000  12.9754670  12.9754670
31.6500000  12.9754656  12.9754656
31.6600000  12.9754721  12.9754721
31.6700000  12.9754865  12.9754865
31.6800000  12.9755086  12.9755086
31.6900000  12.9755386  12.9755386
31.7000000  12.9755764  12.9755764
31.7100000  12.9756219  12.9756219
31.7200000  12.9756750  12.9756750
31.7300000  12.9757358  12.9757358
31.7400000  12.9758043  12.9758043
31.7500000  12.9758802  12.9758802
31.7600000  12.9759637  12.9759637
31.7700000  12.9760547  12.9760547
31.7800000  12.9761530  12.9761530
31.7900000  12.9762587  12.9762587
31.8000000  12.9763717  12.9763717
31.8100000  12.9764920  12.9764920
31.8200000  12.9766194  12.9766194
31.8300000  12.9767539  12.9767539
31.8400000  12.9768954  12.9768954
31.8500000  12.9770439  12.9770439
31.8600000  12.9771993  12.9771993
31.8700000  12.9773616  12.9773616
31.8800000  12.9775306  12.9775306
31.8900000  12.9777063  12.9777063
31.9000000  12.9778885  12.9778885
31.9100000  12.9780773  12.9780773
31.9200000  12.9782726  12.9782726
31.9300000  12.9784742  12.9784742
31.9400000  12.9786821  12.9786821
31.9500000  12.9788961  12.9788961
31.9600000  12.9791163  12.9791163
31.9700000  12.9793424  12.9793424
31.9800000  12.9795745  12.9795745
31.9900000  12.9798124  12.9798124
32.0000000  12.9800560  12.9800560
32.0100000  12.9803053  12.9803053
32.0200000  12.9805601  12.9805601
32.0300000  12.9808203  12.9808203
32.0400000  12.9810858  12.9810858
32.0500000  12.9813566  12.9813566
32.0600000  12.9816324  12.9816324
32.0700000  12.9819133  12.9819133
32.0800000  12.9821992  12.9821992
32.0900000  12.9824898  12.9824898
32.1000000  12.9827851  12.9827851
32.1100000  12.9830850  12.9830850
32.1200000  12.9833893  12.9833893
32.1300000  12.9836981  12.9836981
32.1400000  12.9840111  12.9840111
32.1500000  12.9843282  12.9843282
32.1600000  12.9846493  12.9846493
32.1700000  12.9849743  12.9849743
32.1800000  12.9853031  12.9853031
32.1900000  12.9856356  12.9856356
32.2000000  12.9859717  12.9859717
32.2100000  12.9863111  12.9863111
32.2200000  12.9866539  12.9866539
32.2300000  12.9869999  12.9869999
32.2400000  12.9873489  12.9873489
32.2500000  12.9877009  12.9877009
32.2600000  12.9880557  12.9880557
32.2700000  12.9884131  12.9884131
32.2800000  12.9887732  12.9887732
32.2900000  12.9891357  12.9891357
32.3000000  12.9895006  12.9895006
32.3100000  12.9898676  12.9898676
32.3200000  12.9902368  12.9902368
32.3300000  12.9906078  12.9906078
32.3400000  12.9909807  12.9909807
32.3500000  12.9913553  12.9913553
32.3600000  12.9917315  12.9917315
32.3700000  12.9921092  12.9921092
32.3800000  12.9924881  12.9924881
32.3900000  12.9928683  12.9928683
32.4000000  12.9932495  12.9932495
32.4100000  12.9936316  12.9936316
32.4200000  12.9940146  12.9940146
32.4300000  12.9943983  12.9943983
32.4400000  12.9947825  12.9947825
32.4500000  12.9951672  12.9951672
32.4600000  12.9955522  12.9955522
32.4700000  12.9959374  12.9959374
32.4800000  12.9963227  12.9963227
32.4900000  12.9967079  12.9967079
32.5000000  12.9970929  12.9970929
32.5100000  12.9974776  12.9974776
32.5200000  12.9978619  12.9978619
32.5300000  12.9982457  12.9982457
32.5400000  12.9986287  12.9986287
32.5500000  12.9990110  12.9990110
32.5600000  12.9993924  12.9993924
32.5700000  12.9997727  12.9997727
32.5800000  13.0001519  13.0001519
32.5900000  13.0005299  13.0005299
32.6000000  13.0009064  13.0009064
32.6100000  13.0012815  13.0012815
32.6200000  13.0016549  13.0016549
32.6300000  13.0020266  13.0020266
32.6400000  13.0023964  13.0023964
32.6500000  13.0027643  13.0027643
32.6600000  13.0031301  13.0031301
32.6700000  13.0034937  13.0034937
32.6800000  13.0038551  13.0038551
32.6900000  13.0042140  13.0042140
32.7000000  13.0045704  13.0045704
32.7100000  13.0049243  13.0049243
32.7200000  13.0052754  13.0052754
32.7300000  13.0056236  13.0056236
32.7400000  13.0059690  13.0059690
32.7500000  13.0063113  13.0063113
32.7600000  13.0066505  13.0066505
32.7700000  13.0069864  13.0069864
32.7800000  13.0073191  13.0073191
32.7900000  13.0076483  13.0076483
32.8000000  13.0079740  13.0079740
32.8100000  13.0082960  13.0082960
32.8200000  13.0086144  13.0086144
32.8300000  13.0089290  13.0089290
32.8400000  13.0092397  13.0092397
32.8500000  13.0095465  13.0095465
32.8600000  13.0098491  13.0098491
32.8700000  13.0101477  13.0101477
32.8800000  13.0104420  13.0104420
32.8900000  13.0107320  13.0107320
32.9000000  13.0110177  13.0110177
32.9100000  13.0112988  13.0112988
32.9200000  13.0115755  13.0115755
32.9300000  13.0118475  13.0118475
32.9400000  13.0121149  13.0121149
32.9500000  13.0123774  13.0123774
32.9600000  13.0126352  13.0126352
32.9700000  13.0128881  13.0128881
32.9800000  13.0131360  13.0131360
32.9900000  13.0133789  13.0133789
33.0000000  13.0136167  13.0136167
33.0100000  13.0138494  13.0138494
33.0200000  13.0140769  13.0140769
33.0300000  13.0142991  13.0142991
33.0400000  13.0145160  13.0145160
33.0500000  13.0147276  13.0147276
33.0600000  13.0149337  13.0149337
33.0700000  13.0151344  13.0151344
33.0800000  13.0153296  13.0153296
33.0900000  13.0155192  13.0155192
33.1000000  13.0157032  13.0157032
33.1100000  13.0158816  13.0158816
33.1200000  13.0160542  13.0160542
33.1300000  13.0162212  13.0162212
33.1400000  13.0163824  13.0163824
33.1500000  13.0165379  13.0165379
33.1600000  13.0166875  13.0166875
33.1700000  13.0168313  13.0168313
33.1800000  13.0169692  13.0169692
33.1900000  13.0171012  13.0171012
33.2000000  13.0172273  13.0172273
33.2100000  13.0173474  13.0173474
33.2200000  13.0174616  13.0174616
33.2300000  13.0175698  13.0175698
33.2400000  13.0176720  13.0176720
33.2500000  13.0177682  13.0177682
33.2600000  13.0178584  13.0178584
33.2700000  13.0179425  13.0179425
33.2800000  13.0180206  13.0180206
33.2900000  13.0180927  13.0180927
33.3000000  13.0181587  13.0181587
33.3100000  13.0182187  13.0182187
33.3200000  13.0182726  13.0182726
33.3300000  13.0183205  13.0183205
33.3400000  13.0183623  13.0183623
33.3500000  13.0183981  13.0183981
33.3600000  13.0184278  13.0184278
33.3700000  13.0184516  13.0184516
33.3800000  13.0184693  13.0184693
33.3900000  13.0184810  13.0184810
33.4000000  13.0184868  13.0184868
33.4100000  13.0184866  13.0184866
33.4200000  13.0184804  13.0184804
33.4300000  13.0184684  13.0184684
33.4400000  13.0184504  13.0184504
33.4500000  13.0184266  13.0184266
33.4600000  13.0183969  13.0183969
33.4700000  13.0183614  13.0183614
33.4800000  13.0183201  13.0183201
33.4900000  13.0182730  13.0182730
33.5000000  13.0182203  13.0182203
33.5100000  13.0181618  13.0181618
33.5200000  13.0180977  13.0180977
33.5300000  13.0180280  13.0180280
33.5400000  13.0179527  13.0179527
33.5500000  13.0178719  13.0178719
33.5600000  13.0177856  13.0177856
33.5700000  13.0176938  13.0176938
33.5800000  13.0175967  13.0175967
33.5900000  13.0174942  13.0174942
33.6000000  13.0173864  13.0173864
33.6100000  13.0172734  13.0172734
33.6200000  13.0171552  13.0171552
33.6300000  13.0170319  13.0170319
33.6400000  13.0169034  13.0169034
33.6500000  13.0167700  13.0167700
33.6600000  13.0166316  13.0166316
33.6700000  13.0164883  13.0164883
33.6800000  13.0163402  13.0163402
33.6900000  13.0161872  13.0161872
33.7000000  13.0160296  13.0160296
33.7100000  13.0158673  13.0158673
33.7200000  13.0157005  13.0157005
33.7300000  13.0155291  13.0155291
33.7400000  13.0153533  13.0153533
33.7500000  13.0151731  13.0151731
33.7600000  13.0149886  13.0149886
33.7700000  13.0147999  13.0147999
33.7800000  13.0146071  13.0146071
33.7900000  13.0144101  13.0144101
33.8000000  13.0142092  13.0142092
33.8100000  13.0140044  13.0140044
33.8200000  13.0137957  13.0137957
33.8300000  13.0135832  13.0135832
33.8400000  13.0133671  13.0133671
33.8500000  13.0131473  13.0131473
33.8600000  13.0129240  13.0129240
33.8700000  13.0126973  13.0126973
33.8800000  13.0124673  13.0124673
33.8900000  13.0122340  13.0122340
33.9000000  13.0119975  13.0119975
33.9100000  13.0117579  13.0117579
33.9200000  13.0115153  13.0115153
33.9300000  13.0112697  13.0112697
33.9400000  13.0110214  13.0110214
33.9500000  13.0107702  13.0107702
33.9600000  13.0105165  13.0105165
33.9700000  13.0102602  13.0102602
33.9800000  13.0100013  13.0100013
33.9900000  13.0097402  13.0097402
34.0000000  13.0094767  13.0094767
34.0100000  13.0092110  13.0092110
34.0200000  13.0089432  13.0089432
34.0300000  13.0086734  13.0086734
34.0400000  13.0084017  13.0084017
34.0500000  13.0081281  13.0081281
34.0600000  13.0078529  13.0078529
34.0700000  13.0075759  13.0075759
34.0800000  13.0072975  13.0072975
34.0900000  13.0070176  13.0070176
34.1000000  13.0067363  13.0067363
34.1100000  13.0064538  13.0064538
34.1200000  13.0061701  13.0061701
34.1300000  13.0058853  13.0058853
34.1400000  13.0055995  13.0055995
34.1500000  13.0053129  13.0053129
34.1600000  13.0050255  13.0050255
34.1700000  13.0047374  13.0047374
34.1800000  13.0044487  13.0044487
34.1900000  13.0041595  13.0041595
34.2000000  13.0038699  13.0038699
34.2100000  13.0035799  13.0035799
34.2200000  13.0032898  13.0032898
34.2300000  13.0029995  13.0029995
34.2400000  13.0027092  13.0027092
34.2500000  13.0024190  13.0024190
34.2600000  13.0021289  13.0021289
34.2700000  13.0018391  13.0018391
34.2800000  13.0015496  13.0015496
34.2900000  13.0012605  13.0012605
34.3000000  13.0009720  13.0009720
34.3100000  13.0006840  13.0006840
34.3200000  13.0003968  13.0003968
34.3300000  13.0001104  13.0001104
34.3400000  12.9998249  12.9998249
34.3500000  12.9995403  12.9995403
34.3600000  12.9992568  12.9992568
34.3700000  12.9989744  12.9989744
34.3800000  12.9986933  12.9986933
34.3900000  12.9984135  12.9984135
34.4000000  12.9981352  12.9981352
34.4100000  12.9978583  12.9978583
34.4200000  12.9975830  12.9975830
34.4300000  12.9973093  12.9973093
34.4400000  12.9970374  12.9970374
34.4500000  12.9967674  12.9967674
34.4600000  12.9964992  12.9964992
34.4700000  12.9962330  12.9962330
34.4800000  12.9959689  12.9959689
34.4900000  12.9957069  12.9957069
34.5000000  12.9954472  12.9954472
34.5100000  12.9951897  12.9951897
34.5200000  12.9949347  12.9949347
34.5300000  12.9946820  12.9946820
34.5400000  12.9944319  12.9944319
34.5500000  12.9941844  12.9941844
34.5600000  12.9939396  12.9939396
34.5700000  12.9936975  12.9936975
34.5800000  12.9934582  12.9934582
34.5900000  12.9932217  12.9932217
34.6000000  12.9929882  12.9929882
34.6100000  12.9927577  12.9927577
34.6200000  12.9925303  12.9925303
34.6300000  12.9923060  12.9923060
34.6400000  12.9920849  12.9920849
34.6500000  12.9918671  12.9918671
34.6600000  12.9916526  12.9916526
34.6700000  12.9914414  12.9914414
34.6800000  12.9912337  12.9912337
34.6900000  12.9910295  12.9910295
34.7000000  12.9908288  12.9908288
34.7100000  12.9906317  12.9906317
34.7200000  12.9904382  12.9904382
34.7300000  12.9902484  12.9902484
34.7400000  12.9900624  12.9900624
34.7500000  12.9898802  12.9898802
34.7600000  12.9897018  12.9897018
34.7700000  12.9895273  12.9895273
34.7800000  12.9893567  12.9893567
34.7900000  12.9891901  12.9891901
34.8000000  12.9890275  12.9890275
34.8100000  12.9888690  12.9888690
34.8200000  12.9887145  12.9887145
34.8300000  12.9885642  12.9885642
34.8400000  12.9884180  12.9884180
34.8500000  12.9882761  12.9882761
34.8600000  12.9881383  12.9881383
34.8700000  12.9880048  12.9880048
34.8800000  12.9878756  12.9878756
34.8900000  12.9877507  12.9877507
34.9000000  12.9876301  12.9876301
34.9100000  12.9875139  12.9875139
34.9200000  12.9874021  12.9874021
34.9300000  12.9872947  12.9872947
34.9400000  12.9871917  12.9871917
34.9500000  12.9870932  12.9870932
34.9600000  12.9869992  12.9869992
34.9700000  12.9869096  12.9869096
34.9800000  12.9868245  12.9868245
34.9900000  12.9867439  12.9867439
35.0000000  12.9866679  12.9866679
35.0100000  12.9865963  12.9865963
35.0200000  12.9865294  12.9865294
35.0300000  12.9864669  12.9864669
35.0400000  12.9864090  12.9864090
35.0500000  12.9863557  12.9863557
35.0600000  12.9863069  12.9863069
35.0700000  12.9862627  12.9862627
35.0800000  12.9862231  12.9862231
35.0900000  12.9861880  12.9861880
35.1000000  12.9861574  12.9861574
35.1100000  12.9861314  12.9861314
35.1200000  12.9861099  12.9861099
35.1300000  12.9860930  12.9860930
35.1400000  12.9860806  12.9860806
35.1500000  12.9860727  12.9860727
35.1600000  12.9860693  12.9860693
35.1700000  12.9860705  12.9860705
35.1800000  12.9860760  12.9860760
35.1900000  12.9860861  12.9860861
35.2000000  12.9861005  12.9861005
35.2100000  12.9861194  12.9861194
35.2200000  12.9861427  12.9861427
35.2300000  12.9861704  12.9861704
35.2400000  12.9862025  12.9862025
35.2500000  12.9862388  12.9862388
35.2600000  12.9862795  12.9862795
35.2700000  12.9863245  12.9863245
35.2800000  12.9863737  12.9863737
35.2900000  12.9864271  12.9864271
35.3000000  12.9864847  12.9864847
35.3100000  12.9865465  12.9865465
35.3200000  12.9866124  12.9866124
35.3300000  12.9866824  12.9866824
35.3400000  12.9867565  12.9867565
35.3500000  12.9868345  12.9868345
35.3600000  12.9869166  12.9869166
35.3700000  12.9870026  12.9870026
35.3800000  12.9870925  12.9870925
35.3900000  12.9871862  12.9871862
35.4000000  12.9872838  12.9872838
35.4100000  12.9873852  12.9873852
35.4200000  12.9874902  12.9874902
35.4300000  12.9875990  12.9875990
35.4400000  12.9877114  12.9877114
35.4500000  12.9878274  12.9878274
35.4600000  12.9879469  12.9879469
35.4700000  12.9880699  12.9880699
35.4800000  12.9881964  12.9881964
35.4900000  12.9883262  12.9883262
35.5000000  12.9884594  12.9884594
35.5100000  12.9885959  12.9885959
35.5200000  12.9887356  12.9887356
35.5300000  12.9888784  12.9888784
35.5400000  12.9890244  12.9890244
35.5500000  12.9891734  12.9891734
35.5600000  12.9893255  12.9893255
35.5700000  12.9894805  12.9894805
35.5800000  12.9896383  12.9896383
35.5900000  12.9897990  12.9897990
35.6000000  12.9899625  12.9899625
35.6100000  12.9901286  12.9901286
35.6200000  12.9902974  12.9902974
35.6300000  12.9904688  12.9904688
35.6400000  12.9906427  12.9906427
35.6500000  12.9908190  12.9908190
35.6600000  12.9909977  12.9909977
35.6700000  12.9911787  12.9911787
35.6800000  12.9913620  12.9913620
35.6900000  12.9915475  12.9915475
35.7000000  12.9917351  12.9917351
35.7100000  12.9919247  12.9919247
35.7200000  12.9921164  12.9921164
35.7300000  12.9923099  12.9923099
35.7400000  12.9925053  12.9925053
35.7500000  12.9927025  12.9927025
35.7600000  12.9929014  12.9929014
35.7700000  12.9931019  12.9931019
35.7800000  12.9933040  12.9933040
35.7900000  12.9935077  12.9935077
35.8000000  12.9937127  12.9937127
35.8100000  12.9939191  12.9939191
35.8200000  12.9941268  12.9941268
35.8300000  12.9943357  12.9943357
35.8400000  12.9945458  12.9945458
35.8500000  12.9947569  12.9947569
35.8600000  12.9949691  12.9949691
35.8700000  12.9951822  12.9951822
35.8800000  12.9953961  12.9953961
35.8900000  12.9956109  12.9956109
35.9000000  12.9958263  12.9958263
35.9100000  12.9960425  12.9960425
35.9200000  12.9962591  12.9962591
35.9300000  12.9964763  12.9964763
35.9400000  12.9966940  12.9966940
35.9500000  12.9969120  12.9969120
35.9600000  12.9971303  12.9971303
35.9700000  12.9973488  12.9973488
35.9800000  12.9975674  12.9975674
35.9900000  12.9977862  12.9977862
36.0000000  12.9980049  12.9980049
36.0100000  12.9982236  12.9982236
36.0200000  12.9984421  12.9984421
36.0300000  12.9986605  12.9986605
36.0400000  12.9988786  12.9988786
36.0500000  12.9990963  12.9990963
36.0600000  12.9993136  12.9993136
36.0700000  12.9995305  12.9995305
36.0800000  12.9997468  12.9997468
36.0900000  12.9999625  12.9999625
36.1000000  13.0001775  13.0001775
36.1100000  13.0003917  13.0003917
36.1200000  13.0006052  13.0006052
36.1300000  13.0008178  13.0008178
36.1400000  13.0010294  13.0010294
36.1500000  13.0012400  13.0012400
36.1600000  13.0014495  13.0014495
36.1700000  13.0016579  13.0016579
36.1800000  13.0018651  13.0018651
36.1900000  13.0020710  13.0020710
36.2000000  13.0022756  13.0022756
36.2100000  13.0024788  13.0024788
36.2200000  13.0026806  13.0026806
36.2300000  13.0028808  13.0028808
36.2400000  13.0030795  13.0030795
36.2500000  13.0032765  13.0032765
36.2600000  13.0034719  13.0034719
36.2700000  13.0036655  13.0036655
36.2800000  13.0038573  13.0038573
36.2900000  13.0040473  13.0040473
36.3000000  13.0042354  13.0042354
36.3100000  13.0044214  13.0044214
36.3200000  13.0046055  13.0046055
36.3300000  13.0047875  13.0047875
36.3400000  13.0049674  13.0049674
36.3500000  13.0051450  13.0051450
36.3600000  13.0053205  13.0053205
36.3700000  13.0054937  13.0054937
36.3800000  13.0056646  13.0056646
36.3900000  13.0058331  13.0058331
36.4000000  13.0059992  13.0059992
36.4100000  13.0061628  13.0061628
36.4200000  13.0063239  13.0063239
36.4300000  13.0064825  13.0064825
36.4400000  13.0066384  13.0066384
36.4500000  13.0067918  13.0067918
36.4600000  13.0069424  13.0069424
36.4700000  13.0070904  13.0070904
36.4800000  13.0072355  13.0072355
36.4900000  13.0073779  13.0073779
36.5000000  13.0075175  13.0075175
36.5100000  13.0076542  13.0076542
36.5200000  13.0077880  13.0077880
36.5300000  13.0079189  13.0079189
36.5400000  13.0080468  13.0080468
36.5500000  13.0081717  13.0081717
36.5600000  13.0082935  13.0082935
36.5700000  13.0084124  13.0084124
36.5800000  13.0085281  13.0085281
36.5900000  13.0086407  13.0086407
36.6000000  13.0087502  13.0087502
36.6100000  13.0088565  13.0088565
36.6200000  13.0089596  13.0089596
36.6300000  13.0090595  13.0090595
36.6400000  13.0091562  13.0091562
36.6500000  13.0092496  13.0092496
36.6600000  13.0093398  13.0093398
36.6700000  13.0094266  13.0094266
36.6800000  13.0095102  13.0095102
36.6900000  13.0095904  13.0095904
36.7000000  13.0096673  13.0096673
36.7100000  13.0097408  13.0097408
36.7200000  13.0098110  13.0098110
36.7300000  13.0098777  13.0098777
36.7400000  13.0099411  13.0099411
36.7500000  13.0100011  13.0100011
36.7600000  13.0100577  13.0100577
36.7700000  13.0101109  13.0101109
36.7800000  13.0101606  13.0101606
36.7900000  13.0102069  13.0102069
36.8000000  13.0102498  13.0102498
36.8100000  13.0102893  13.0102893
36.8200000  13.0103253  13.0103253
36.8300000  13.0103579  13.0103579
36.8400000  13.0103871  13.0103871
36.8500000  13.0104128  13.0104128
36.8600000  13.0104351  13.0104351
36.8700000  13.0104539  13.0104539
36.8800000  13.0104694  13.0104694
36.8900000  13.0104814  13.0104814
36.9000000  13.0104900  13.0104900
36.9100000  13.0104953  13.0104953
36.9200000  13.0104971  13.0104971
36.9300000  13.0104955  13.0104955
36.9400000  13.0104906  13.0104906
36.9500000  13.0104823  13.0104823
36.9600000  13.0104707  13.0104707
36.9700000  13.0104558  13.0104558
36.9800000  13.0104375  13.0104375
36.9900000  13.0104160  13.0104160
37.0000000  13.0103911  13.0103911
37.0100000  13.0103630  13.0103630
37.0200000  13.0103317  13.0103317
37.0300000  13.0102971  13.0102971
37.0400000  13.0102594  13.0102594
37.0500000  13.0102184  13.0102184
37.0600000  13.0101744  13.0101744
37.0700000  13.0101271  13.0101271
37.0800000  13.0100768  13.0100768
37.0900000  13.0100234  13.0100234
37.1000000  13.0099670  13.0099670
37.1100000  13.0099075  13.0099075
37.1200000  13.0098451  13.0098451
37.1300000  13.0097796  13.0097796
37.1400000  13.0097113  13.0097113
37.1500000  13.0096400  13.0096400
37.1600000  13.0095659  13.0095659
37.1700000  13.0094889  13.0094889
37.1800000  13.0094091  13.0094091
37.1900000  13.0093266  13.0093266
37.2000000  13.0092413  13.0092413
37.2100000  13.0091534  13.0091534
37.2200000  13.0090627  13.0090627
37.2300000  13.0089695  13.0089695
37.2400000  13.0088736  13.0088736
37.2500000  13.0087753  13.0087753
37.2600000  13.0086744  13.0086744
37.2700000  13.0085710  13.0085710
37.2800000  13.0084653  13.0084653
37.2900000  13.0083571  13.0083571
37.3000000  13.0082466  13.0082466
37.3100000  13.0081338  13.0081338
37.3200000  13.0080188  13.0080188
37.3300000  13.0079015  13.0079015
37.3400000  13.0077821  13.0077821
37.3500000  13.0076606  13.0076606
37.3600000  13.0075370  13.0075370
37.3700000  13.0074114  13.0074114
37.3800000  13.0072838  13.0072838
37.3900000  13.0071542  13.0071542
37.4000000  13.0070228  13.0070228
37.4100000  13.0068896  13.0068896
37.4200000  13.0067545  13.0067545
37.4300000  13.0066178  13.0066178
37.4400000  13.0064793  13.0064793
37.4500000  13.0063392  13.0063392
37.4600000  13.0061975  13.0061975
37.4700000  13.0060543  13.0060543
37.4800000  13.0059096  13.0059096
37.4900000  13.0057634  13.0057634
37.5000000  13.0056159  13.0056159
37.5100000  13.0054670  13.0054670
37.5200000  13.0053169  13.0053169
37.5300000  13.0051655  13.0051655
37.5400000  13.0050130  13.0050130
37.5500000  13.0048593  13.0048593
37.5600000  13.0047046  13.0047046
37.5700000  13.0045488  13.0045488
37.5800000  13.0043921  13.0043921
37.5900000  13.0042345  13.0042345
37.6000000  13.0040761  13.0040761
37.6100000  13.0039168  13.0039168
37.6200000  13.0037568  13.0037568
37.6300000  13.0035961  13.0035961
37.6400000  13.0034347  13.0034347
37.6500000  13.0032728  13.0032728
37.6600000  13.0031103  13.0031103
37.6700000  13.0029474  13.0029474
37.6800000  13.0027840  13.0027840
37.6900000  13.0026203  13.0026203
37.7000000  13.0024562  13.0024562
37.7100000  13.0022919  13.0022919
37.7200000  13.0021274  13.0021274
37.7300000  13.0019627  13.0019627
37.7400000  13.0017979  13.0017979
37.7500000  13.0016331  13.0016331
37.7600000  13.0014683  13.0014683
37.7700000  13.0013035  13.0013035
37.7800000  13.0011388  13.0011388
37.7900000  13.0009744  13.0009744
37.8000000  13.0008101  13.0008101
37.8100000  13.0006461  13.0006461
37.8200000  13.0004824  13.0004824
37.8300000  13.0003191  13.0003191
37.8400000  13.0001562  13.0001562
37.8500000  12.9999937  12.9999937
37.8600000  12.9998318  12.9998318
37.8700000  12.9996705  12.9996705
37.8800000  12.9995098  12.9995098
37.8900000  12.9993498  12.9993498
37.9000000  12.9991905  12.9991905
37.9100000  12.9990320  12.9990320
37.9200000  12.9988743  12.9988743
37.9300000  12.9987174  12.9987174
37.9400000  12.9985615  12.9985615
37.9500000  12.9984065  12.9984065
37.9600000  12.9982526  12.9982526
37.9700000  12.9980997  12.9980997
37.9800000  12.9979479  12.9979479
37.9900000  12.9977973  12.9977973
38.0000000  12.9976478  12.9976478
38.0100000  12.9974996  12.9974996
38.0200000  12.9973527  12.9973527
38.0300000  12.9972070  12.9972070
38.0400000  12.9970628  12.9970628
38.0500000  12.9969200  12.9969200
38.0600000  12.9967786  12.9967786
38.0700000  12.9966387  12.9966387
38.0800000  12.9965003  12.9965003
38.0900000  12.9963635  12.9963635
38.1000000  12.9962283  12.9962283
38.1100000  12.9960948  12.9960948
38.1200000  12.9959629  12.9959629
38.1300000  12.9958328  12.9958328
38.1400000  12.9957044  12.9957044
38.1500000  12.9955778  12.9955778
38.1600000  12.9954531  12.9954531
38.1700000  12.9953302  12.9953302
38.1800000  12.9952092  12.9952092
38.1900000  12.9950901  12.9950901
38.2000000  12.9949730  12.9949730
38.2100000  12.9948579  12.9948579
38.2200000  12.9947448  12.9947448
38.2300000  12.9946338  12.9946338
38.2400000  12.9945248  12.9945248
38.2500000  12.9944180  12.9944180
38.2600000  12.9943132  12.9943132
38.2700000  12.9942107  12.9942107
38.2800000  12.9941103  12.9941103
38.2900000  12.9940122  12.9940122
38.3000000  12.9939163  12.9939163
38.3100000  12.9938227  12.9938227
38.3200000  12.9937313  12.9937313
38.3300000  12.9936423  12.9936423
38.3400000  12.9935556  12.9935556
38.3500000  12.9934712  12.9934712
38.3600000  12.9933892  12.9933892
38.3700000  12.9933096  12.9933096
38.3800000  12.9932324  12.9932324
38.3900000  12.9931577  12.9931577
38.4000000  12.9930853  12.9930853
38.4100000  12.9930155  12.9930155
38.4200000  12.9929481  12.9929481
38.4300000  12.9928831  12.9928831
38.4400000  12.9928207  12.9928207
38.4500000  12.9927608  12.9927608
38.4600000  12.9927034  12.9927034
38.4700000  12.9926485  12.9926485
38.4800000  12.9925962  12.9925962
38.4900000  12.9925464  12.9925464
38.5000000  12.9924992  12.9924992
38.5100000  12.9924546  12.9924546
38.5200000  12.9924125  12.9924125
38.5300000  12.9923730  12.9923730
38.5400000  12.9923360  12.9923360
38.5500000  12.9923017  12.9923017
38.5600000  12.9922699  12.9922699
38.5700000  12.9922407  12.9922407
38.5800000  12.9922141  12.9922141
38.5900000  12.9921901  12.9921901
38.6000000  12.9921687  12.9921687
38.6100000  12.9921499  12.9921499
38.6200000  12.9921336  12.9921336
38.6300000  12.9921199  12.9921199
38.6400000  12.9921088  12.9921088
38.6500000  12.9921003  12.9921003
38.6600000  12.9920944  12.9920944
38.6700000  12.9920910  12.9920910
38.6800000  12.9920902  12.9920902
38.6900000  12.9920919  12.9920919
38.7000000  12.9920961  12.9920961
38.7100000  12.9921029  12.9921029
38.7200000  12.9921122  12.9921122
38.7300000  12.9921240  12.9921240
38.7400000  12.9921382  12.9921382
38.7500000  12.9921550  12.9921550
38.7600000  12.9921742  12.9921742
38.7700000  12.9921959  12.9921959
38.7800000  12.9922201  12.9922201
38.7900000  12.9922466  12.9922466
38.8000000  12.9922756  12.9922756
38.8100000  12.9923069  12.9923069
38.8200000  12.9923407  12.9923407
38.8300000  12.9923767  12.9923767
38.8400000  12.9924151  12.9924151
38.8500000  12.9924559  12.9924559
38.8600000  12.9924989  12.9924989
38.8700000  12.9925442  12.9925442
38.8800000  12.9925917  12.9925917
38.8900000  12.9926415  12.9926415
38.9000000  12.9926935  12.9926935
38.9100000  12.9927476  12.9927476
38.9200000  12.9928039  12.9928039
38.9300000  12.9928624  12.9928624
38.9400000  12.9929229  12.9929229
38.9500000  12.9929856  12.9929856
38.9600000  12.9930503  12.9930503
38.9700000  12.9931170  12.9931170
38.9800000  12.9931857  12.9931857
38.9900000  12.9932564  12.9932564
39.0000000  12.9933290  12.9933290
39.0100000  12.9934035  12.9934035
39.0200000  12.9934800  12.9934800
39.0300000  12.9935582  12.9935582
39.0400000  12.9936383  12.9936383
39.0500000  12.9937202  12.9937202
39.0600000  12.9938038  12.9938038
39.0700000  12.9938892  12.9938892
39.0800000  12.9939762  12.9939762
39.0900000  12.9940649  12.9940649
39.1000000  12.9941552  12.9941552
39.1100000  12.9942471  12.9942471
39.1200000  12.9943406  12.9943406
39.1300000  12.9944356  12.9944356
39.1400000  12.9945320  12.9945320
39.1500000  12.9946299  12.9946299
39.1600000  12.9947293  12.9947293
39.1700000  12.9948300  12.9948300
39.1800000  12.9949320  12.9949320
39.1900000  12.9950353  12.9950353
39.2000000  12.9951399  12.9951399
39.2100000  12.9952458  12.9952458
39.2200000  12.9953528  12.9953528
39.2300000  12.9954609  12.9954609
39.2400000  12.9955702  12.9955702
39.2500000  12.9956806  12.9956806
39.2600000  12.9957919  12.9957919
39.2700000  12.9959043  12.9959043
39.2800000  12.9960177  12.9960177
39.2900000  12.9961319  12.9961319
39.3000000  12.9962470  12.9962470
39.3100000  12.9963630  12.9963630
39.3200000  12.9964798  12.9964798
39.3300000  12.9965973  12.9965973
39.3400000  12.9967155  12.9967155
39.3500000  12.9968344  12.9968344
39.3600000  12.9969539  12.9969539
39.3700000  12.9970741  12.9970741
39.3800000  12.9971948  12.9971948
39.3900000  12.9973160  12.9973160
39.4000000  12.9974377  12.9974377
39.4100000  12.9975598  12.9975598
39.4200000  12.9976823  12.9976823
39.4300000  12.9978051  12.9978051
39.4400000  12.9979283  12.9979283
39.4500000  12.9980517  12.9980517
39.4600000  12.9981754  12.9981754
39.4700000  12.9982992  12.9982992
39.4800000  12.9984232  12.9984232
39.4900000  12.9985473  12.9985473
39.5000000  12.9986715  12.9986715
39.5100000  12.9987957  12.9987957
39.5200000  12.9989199  12.9989199
39.5300000  12.9990441  12.9990441
39.5400000  12.9991681  12.9991681
39.5500000  12.9992920  12.9992920
39.5600000  12.9994158  12.9994158
39.5700000  12.9995393  12.9995393
39.5800000  12.9996626  12.9996626
39.5900000  12.9997856  12.9997856
39.6000000  12.9999083  12.9999083
39.6100000  13.0000306  13.0000306
39.6200000  13.0001525  13.0001525
39.6300000  13.0002739  13.0002739
39.6400000  13.0003949  13.0003949
39.6500000  13.0005154  13.0005154
39.6600000  13.0006353  13.0006353
39.6700000  13.0007546  13.0007546
39.6800000  13.0008733  13.0008733
39.6900000  13.0009914  13.0009914
39.7000000  13.0011087  13.0011087
39.7100000  13.0012253  13.0012253
39.7200000  13.0013412  13.0013412
39.7300000  13.0014562  13.0014562
39.7400000  13.0015704  13.0015704
39.7500000  13.0016837  13.0016837
39.7600000  13.0017961  13.0017961
39.7700000  13.0019076  13.0019076
39.7800000  13.0020181  13.0020181
39.7900000  13.0021276  13.0021276
39.8000000  13.0022361  13.0022361
39.8100000  13.0023435  13.0023435
39.8200000  13.0024498  13.0024498
39.8300000  13.0025550  13.0025550
39.8400000  13.0026590  13.0026590
39.8500000  13.0027618  13.0027618
39.8600000  13.0028634  13.0028634
39.8700000  13.0029638  13.0029638
39.8800000  13.0030629  13.0030629
39.8900000  13.0031607  13.0031607
39.9000000  13.0032571  13.0032571
39.9100000  13.0033522  13.0033522
39.9200000  13.0034459  13.0034459
39.9300000  13.0035382  13.0035382
39.9400000  13.0036291  13.0036291
39.9500000  13.0037185  13.0037185
39.9600000  13.0038064  13.0038064
39.9700000  13.0038928  13.0038928
39.9800000  13.0039777  13.0039777
39.9900000  13.0040611  13.0040611
40.0000000  13.0041428  13.0041428
40.0100000  13.0042230  13.0042230
40.0200000  13.0043016  13.0043016
40.0300000  13.0043785  13.0043785
40.0400000  13.0044537  13.0044537
40.0500000  13.0045273  13.0045273
40.0600000  13.0045992  13.0045992
40.0700000  13.0046694  13.0046694
40.0800000  13.0047379  13.0047379
40.0900000  13.0048046  13.0048046
40.1000000  13.0048696  13.0048696
40.1100000  13.0049328  13.0049328
40.1200000  13.0049942  13.0049942
40.1300000  13.0050538  13.0050538
40.1400000  13.0051115  13.0051115
40.1500000  13.0051675  13.0051675
40.1600000  13.0052216  13.0052216
40.1700000  13.0052739  13.0052739
40.1800000  13.0053243  13.0053243
40.1900000  13.0053728  13.0053728
40.2000000  13.0054194  13.0054194
40.2100000  13.0054642  13.0054642
40.2200000  13.0055070  13.0055070
40.2300000  13.0055479  13.0055479
40.2400000  13.0055870  13.0055870
40.2500000  13.0056241  13.0056241
40.2600000  13.0056592  13.0056592
40.2700000  13.0056925  13.0056925
40.2800000  13.0057238  13.0057238
40.2900000  13.0057531  13.0057531
40.3000000  13.0057806  13.0057806
40.3100000  13.0058060  13.0058060
40.3200000  13.0058296  13.0058296
40.3300000  13.0058511  13.0058511
40.3400000  13.0058708  13.0058708
40.3500000  13.0058884  13.0058884
40.3600000  13.0059042  13.0059042
40.3700000  13.0059179  13.0059179
40.3800000  13.0059298  13.0059298
40.3900000  13.0059397  13.0059397
40.4000000  13.0059476  13.0059476
40.4100000  13.0059536  13.0059536
40.4200000  13.0059577  13.0059577
40.4300000  13.0059598  13.0059598
40.4400000  13.0059601  13.0059601
40.4500000  13.0059584  13.0059584
40.4600000  13.0059548  13.0059548
40.4700000  13.0059493  13.0059493
40.4800000  13.0059419  13.0059419
40.4900000  13.0059326  13.0059326
40.5000000  13.0059214  13.0059214
40.5100000  13.0059084  13.0059084
40.5200000  13.0058935  13.0058935
40.5300000  13.0058767  13.0058767
40.5400000  13.0058582  13.0058582
40.5500000  13.0058378  13.0058378
40.5600000  13.0058156  13.0058156
40.5700000  13.0057916  13.0057916
40.5800000  13.0057658  13.0057658
40.5900000  13.0057382  13.0057382
40.6000000  13.0057089  13.0057089
40.6100000  13.0056779  13.0056779
40.6200000  13.0056451  13.0056451
40.6300000  13.0056106  13.0056106
40.6400000  13.0055744  13.0055744
40.6500000  13.0055365  13.0055365
40.6600000  13.0054970  13.0054970
40.6700000  13.0054559  13.0054559
40.6800000  13.0054131  13.0054131
40.6900000  13.0053687  13.0053687
40.7000000  13.0053227  13.0053227
40.7100000  13.0052752  13.0052752
40.7200000  13.0052261  13.0052261
40.7300000  13.0051756  13.0051756
40.7400000  13.0051235  13.0051235
40.7500000  13.0050699  13.0050699
40.7600000  13.0050149  13.0050149
40.7700000  13.0049584  13.0049584
40.7800000  13.0049005  13.0049005
40.7900000  13.0048412  13.0048412
40.8000000  13.0047806  13.0047806
40.8100000  13.0047186  13.0047186
40.8200000  13.0046553  13.0046553
40.8300000  13.0045908  13.0045908
40.8400000  13.0045249  13.0045249
40.8500000  13.0044578  13.0044578
40.8600000  13.0043895  13.0043895
40.8700000  13.0043200  13.0043200
40.8800000  13.0042493  13.0042493
40.8900000  13.0041775  13.0041775
40.9000000  13.0041046  13.0041046
40.9100000  13.0040306  13.0040306
40.9200000  13.0039555  13.0039555
40.9300000  13.0038794  13.0038794
40.9400000  13.0038023  13.0038023
40.9500000  13.0037242  13.0037242
40.9600000  13.0036452  13.0036452
40.9700000  13.0035653  13.0035653
40.9800000  13.0034845  13.0034845
40.9900000  13.0034028  13.0034028
41.0000000  13.0033203  13.0033203
41.0100000  13.0032369  13.0032369
41.0200000  13.0031529  13.0031529
41.0300000  13.0030680  13.0030680
41.0400000  13.0029825  13.0029825
41.0500000  13.0028962  13.0028962
41.0600000  13.0028094  13.0028094
41.0700000  13.0027218  13.0027218
41.0800000  13.0026337  13.0026337
41.0900000  13.0025451  13.0025451
41.1000000  13.0024559  13.0024559
41.1100000  13.0023662  13.0023662
41.1200000  13.0022760  13.0022760
41.1300000  13.0021854  13.0021854
41.1400000  13.0020944  13.0020944
41.1500000  13.0020029  13.0020029
41.1600000  13.0019112  13.0019112
41.1700000  13.0018191  13.0018191
41.1800000  13.0017267  13.0017267
41.1900000  13.0016341  13.0016341
41.2000000  13.0015413  13.0015413
41.2100000  13.0014482  13.0014482
41.2200000  13.0013550  13.0013550
41.2300000  13.0012616  13.0012616
41.2400000  13.0011682  13.0011682
41.2500000  13.0010747  13.0010747
41.2600000  13.0009811  13.0009811
41.2700000  13.0008875  13.0008875
41.2800000  13.0007939  13.0007939
41.2900000  13.0007004  13.0007004
41.3000000  13.0006069  13.0006069
41.3100000  13.0005136  13.0005136
41.3200000  13.0004204  13.0004204
41.3300000  13.0003273  13.0003273
41.3400000  13.0002345  13.0002345
41.3500000  13.0001418  13.0001418
41.3600000  13.0000494  13.0000494
41.3700000  12.9999573  12.9999573
41.3800000  12.9998656  12.9998656
41.3900000  12.9997741  12.9997741
41.4000000  12.9996830  12.9996830
41.4100000  12.9995923  12.9995923
41.4200000  12.9995021  12.9995021
41.4300000  12.9994122  12.9994122
41.4400000  12.9993229  12.9993229
41.4500000  12.9992341  12.9992341
41.4600000  12.9991458  12.9991458
41.4700000  12.9990580  12.9990580
41.4800000  12.9989709  12.9989709
41.4900000  12.9988843  12.9988843
41.5000000  12.9987984  12.9987984
41.5100000  12.9987131  12.9987131
41.5200000  12.9986286  12.9986286
41.5300000  12.9985447  12.9985447
41.5400000  12.9984616  12.9984616
41.5500000  12.9983793  12.9983793
41.5600000  12.9982977  12.9982977
41.5700000  12.9982169  12.9982169
41.5800000  12.9981370  12.9981370
41.5900000  12.9980580  12.9980580
41.6000000  12.9979798  12.9979798
41.6100000  12.9979025  12.9979025
41.6200000  12.9978261  12.9978261
41.6300000  12.9977507  12.9977507
41.6400000  12.9976762  12.9976762
41.6500000  12.9976028  12.9976028
41.6600000  12.9975303  12.9975303
41.6700000  12.9974589  12.9974589
41.6800000  12.9973885  12.9973885
41.6900000  12.9973192  12.9973192
41.7000000  12.9972509  12.9972509
41.7100000  12.9971838  12.9971838
41.7200000  12.9971178  12.9971178
41.7300000  12.9970529  12.9970529
41.7400000  12.9969892  12.9969892
41.7500000  12.9969266  12.9969266
41.7600000  12.9968653  12.9968653
41.7700000  12.9968051  12.9968051
41.7800000  12.9967462  12.9967462
41.7900000  12.9966885  12.9966885
41.8000000  12.9966320  12.9966320
41.8100000  12.9965768  12.9965768
41.8200000  12.9965229  12.9965229
41.8300000  12.9964703  12.9964703
41.8400000  12.9964190  12.9964190
41.8500000  12.9963690  12.9963690
41.8600000  12.9963204  12.9963204
41.8700000  12.9962730  12.9962730
41.8800000  12.9962270  12.9962270
41.8900000  12.9961824  12.9961824
41.9000000  12.9961392  12.9961392
41.9100000  12.9960973  12.9960973
41.9200000  12.9960568  12.9960568
41.9300000  12.9960178  12.9960178
41.9400000  12.9959801  12.9959801
41.9500000  12.9959438  12.9959438
41.9600000  12.9959090  12.9959090
41.9700000  12.9958756  12.9958756
41.9800000  12.9958436  12.9958436
41.9900000  12.9958130  12.9958130
42.0000000  12.9957840  12.9957840
42.0100000  12.9957563  12.9957563
42.0200000  12.9957301  12.9957301
42.0300000  12.9957054  12.9957054
42.0400000  12.9956821  12.9956821
42.0500000  12.9956603  12.9956603
42.0600000  12.9956399  12.9956399
42.0700000  12.9956210  12.9956210
42.0800000  12.9956036  12.9956036
42.0900000  12.9955877  12.9955877
42.1000000  12.9955732  12.9955732
42.1100000  12.9955602  12.9955602
42.1200000  12.9955487  12.9955487
42.1300000  12.9955386  12.9955386
42.1400000  12.9955300  12.9955300
42.1500000  12.9955228  12.9955228
42.1600000  12.9955172  12.9955172
42.1700000  12.9955130  12.9955130
42.1800000  12.9955102  12.9955102
42.1900000  12.9955089  12.9955089
42.2000000  12.9955090  12.9955090
42.2100000  12.9955106  12.9955106
42.2200000  12.9955136  12.9955136
42.2300000  12.9955181  12.9955181
42.2400000  12.9955240  12.9955240
42.2500000  12.9955313  12.9955313
42.2600000  12.9955400  12.9955400
42.2700000  12.9955501  12.9955501
42.2800000  12.9955616  12.9955616
42.2900000  12.9955745  12.9955745
42.3000000  12.9955888  12.9955888
42.3100000  12.9956045  12.9956045
42.3200000  12.9956215  12.9956215
42.3300000  12.9956398  12.9956398
42.3400000  12.9956596  12.9956596
42.3500000  12.9956806  12.9956806
42.3600000  12.9957030  12.9957030
42.3700000  12.9957267  12.9957267
42.3800000  12.9957516  12.9957516
42.3900000  12.9957779  12.9957779
42.4000000  12.9958054  12.9958054
42.4100000  12.9958342  12.9958342
42.4200000  12.9958643  12.9958643
42.4300000  12.9958955  12.9958955
42.4400000  12.9959280  12.9959280
42.4500000  12.9959617  12.9959617
42.4600000  12.9959966  12.9959966
42.4700000  12.9960327  12.9960327
42.4800000  12.9960699  12.9960699
42.4900000  12.9961083  12.9961083
42.5000000  12.9961477  12.9961477
42.5100000  12.9961884  12.9961884
42.5200000  12.9962300  12.9962300
42.5300000  12.9962728  12.9962728
42.5400000  12.9963167  12.9963167
42.5500000  12.9963615  12.9963615
42.5600000  12.9964074  12.9964074
42.5700000  12.9964544  12.9964544
42.5800000  12.9965023  12.9965023
42.5900000  12.9965511  12.9965511
42.6000000  12.9966010  12.9966010
42.6100000  12.9966517  12.9966517
42.6200000  12.9967034  12.9967034
42.6300000  12.9967559  12.9967559
42.6400000  12.9968094  12.9968094
42.6500000  12.9968637  12.9968637
42.6600000  12.9969188  12.9969188
42.6700000  12.9969747  12.9969747
42.6800000  12.9970315  12.9970315
42.6900000  12.9970890  12.9970890
42.7000000  12.9971472  12.9971472
42.7100000  12.9972062  12.9972062
42.7200000  12.9972659  12.9972659
42.7300000  12.9973263  12.9973263
42.7400000  12.9973873  12.9973873
42.7500000  12.9974490  12.9974490
42.7600000  12.9975113  12.9975113
42.7700000  12.9975742  12.9975742
42.7800000  12.9976377  12.9976377
42.7900000  12.9977017  12.9977017
42.8000000  12.9977663  12.9977663
42.8100000  12.9978314  12.9978314
42.8200000  12.9978970  12.9978970
42.8300000  12.9979630  12.9979630
42.8400000  12.9980295  12.9980295
42.8500000  12.9980964  12.9980964
42.8600000  12.9981637  12.9981637
42.8700000  12.9982313  12.9982313
42.8800000  12.9982994  12.9982994
42.8900000  12.9983677  12.9983677
42.9000000  12.9984364  12.9984364
42.9100000  12.9985053  12.9985053
42.9200000  12.9985745  12.9985745
42.9300000  12.9986439  12.9986439
42.9400000  12.9987136  12.9987136
42.9500000  12.9987834  12.9987834
42.9600000  12.9988534  12.9988534
42.9700000  12.9989236  12.9989236
42.9800000  12.9989938  12.9989938
42.9900000  12.9990642  12.9990642
43.0000000  12.9991346  12.9991346
43.0100000  12.9992051  12.9992051
43.0200000  12.9992756  12.9992756
43.0300000  12.9993461  12.9993461
43.0400000  12.9994167  12.9994167
43.0500000  12.9994871  12.9994871
43.06       12.9995575  12.9995575
43.07       12.9996278  12.9996278
43.08       12.9996981  12.9996981
43.0899999  12.9997681  12.9997681
43.0999999  12.9998381  12.9998381
43.1099999  12.9999078  12.9999078
43.1199999  12.9999774  12.9999774
43.1299999  13.0000468  13.0000468
43.1399999  13.0001159  13.0001159
43.1499999  13.0001847  13.0001847
43.1599999  13.0002533  13.0002533
43.1699999  13.0003216  13.0003216
43.1799999  13.0003895  13.0003895
43.1899999  13.0004571  13.0004571
43.1999999  13.0005244  13.0005244
43.2099999  13.0005912  13.0005912
43.2199999  13.0006577  13.0006577
43.2299999  13.0007237  13.0007237
43.2399999  13.0007893  13.0007893
43.2499999  13.0008544  13.0008544
43.2599999  13.0009190  13.0009190
43.2699999  13.0009832  13.0009832
43.2799999  13.0010468  13.0010468
43.2899999  13.0011098  13.0011098
43.2999999  13.0011723  13.0011723
43.3099999  13.0012343  13.0012343
43.3199999  13.0012956  13.0012956
43.3299999  13.0013563  13.0013563
43.3399999  13.0014164  13.0014164
43.3499999  13.0014759  13.0014759
43.3599999  13.0015346  13.0015346
43.3699999  13.0015927  13.0015927
43.3799999  13.0016501  13.0016501
43.3899999  13.0017068  13.0017068
43.3999999  13.0017627  13.0017627
43.4099999  13.0018179  13.0018179
43.4199999  13.0018724  13.0018724
43.4299999  13.0019260  13.0019260
43.4399999  13.0019789  13.0019789
43.4499999  13.0020310  13.0020310
43.4599999  13.0020822  13.0020822
43.4699999  13.0021326  13.0021326
43.4799999  13.0021822  13.0021822
43.4899999  13.0022309  13.0022309
43.4999999  13.0022787  13.0022787
43.5099999  13.0023257  13.0023257
43.5199999  13.0023717  13.0023717
43.5299999  13.0024168  13.0024168
43.5399999  13.0024611  13.0024611
43.5499999  13.0025043  13.0025043
43.5599999  13.0025467  13.0025467
43.5699999  13.0025880  13.0025880
43.5799999  13.0026285  13.0026285
43.5899999  13.0026679  13.0026679
43.5999999  13.0027064  13.0027064
43.6099999  13.0027438  13.0027438
43.6199999  13.0027803  13.0027803
43.6299999  13.0028157  13.0028157
43.6399999  13.0028501  13.0028501
43.6499999  13.0028835  13.0028835
43.6599999  13.0029159  13.0029159
43.6699999  13.0029472  13.0029472
43.6799999  13.0029775  13.0029775
43.6899999  13.0030067  13.0030067
43.6999999  13.0030349  13.0030349
43.7099999  13.0030620  13.0030620
43.7199999  13.0030880  13.0030880
43.7299999  13.0031130  13.0031130
43.7399999  13.0031368  13.0031368
43.7499999  13.0031596  13.0031596
43.7599999  13.0031813  13.0031813
43.7699999  13.0032019  13.0032019
43.7799999  13.0032214  13.0032214
43.7899999  13.0032398  13.0032398
43.7999999  13.0032571  13.0032571
43.8099999  13.0032733  13.0032733
43.8199999  13.0032884  13.0032884
43.8299999  13.0033024  13.0033024
43.8399999  13.0033153  13.0033153
43.8499999  13.0033271  13.0033271
43.8599999  13.0033378  13.0033378
43.8699999  13.0033473  13.0033473
43.8799999  13.0033558  13.0033558
43.8899999  13.0033632  13.0033632
43.8999999  13.0033694  13.0033694
43.9099999  13.0033745  13.0033745
43.9199999  13.0033786  13.0033786
43.9299999  13.0033815  13.0033815
43.9399999  13.0033834  13.0033834
43.9499999  13.0033841  13.0033841
43.9599999  13.0033838  13.0033838
43.9699999  13.0033824  13.0033824
43.9799999  13.0033799  13.0033799
43.9899999  13.0033763  13.0033763
43.9999999  13.0033716  13.0033716
44.0099999  13.0033659  13.0033659
44.0199999  13.0033591  13.0033591
44.0299999  13.0033513  13.0033513
44.0399999  13.0033424  13.0033424
44.0499999  13.0033324  13.0033324
44.0599999  13.0033214  13.0033214
44.0699999  13.0033094  13.0033094
44.0799999  13.0032964  13.0032964
44.0899999  13.0032823  13.0032823
44.0999999  13.0032672  13.0032672
44.1099999  13.0032512  13.0032512
44.1199999  13.0032341  13.0032341
44.1299999  13.0032161  13.0032161
44.1399999  13.0031970  13.0031970
44.1499999  13.0031770  13.0031770
44.1599999  13.0031561  13.0031561
44.1699999  13.0031342  13.0031342
44.1799999  13.0031114  13.0031114
44.1899999  13.0030876  13.0030876
44.1999999  13.0030629  13.0030629
44.2099999  13.0030373  13.0030373
44.2199999  13.0030109  13.0030109
44.2299999  13.0029835  13.0029835
44.2399999  13.0029553  13.0029553
44.2499999  13.0029262  13.0029262
44.2599999  13.0028962  13.0028962
44.2699999  13.0028655  13.0028655
44.2799999  13.0028339  13.0028339
44.2899999  13.0028015  13.0028015
44.2999999  13.0027683  13.0027683
44.3099999  13.0027343  13.0027343
44.3199999  13.0026995  13.0026995
44.3299999  13.0026640  13.0026640
44.3399999  13.0026278  13.0026278
44.3499999  13.0025908  13.0025908
44.3599999  13.0025531  13.0025531
44.3699999  13.0025147  13.0025147
44.3799999  13.0024756  13.0024756
44.3899999  13.0024359  13.0024359
44.3999999  13.0023955  13.0023955
44.4099999  13.0023544  13.0023544
44.4199999  13.0023128  13.0023128
44.4299999  13.0022705  13.0022705
g.NS.time   S1.L        Mass.xloc
0.01        9.00032145  9.00032145
0.02        9.00160614  9.00160614
0.03        9.00417201  9.00417201
0.04        9.00801412  9.00801412
0.05        9.01312712  9.01312712
0.06000000  9.01950530  9.01950530
0.07        9.02714253  9.02714253
0.08        9.03603231  9.03603231
0.09        9.04616776  9.04616776
0.09999999  9.05754161  9.05754161
0.10999999  9.07014623  9.07014623
0.11999999  9.08397361  9.08397361
0.12999999  9.09901537  9.09901537
0.13999999  9.11526277  9.11526277
0.15        9.13270673  9.13270673
0.16        9.15133777  9.15133777
0.17        9.17114610  9.17114610
0.18000000  9.19212157  9.19212157
0.19000000  9.21425367  9.21425367
0.20000000  9.23753159  9.23753159
0.21000000  9.26194414  9.26194414
0.22000000  9.28747985  9.28747985
0.23000000  9.31412688  9.31412688
0.24000000  9.34187310  9.34187310
0.25000000  9.37070606  9.37070606
0.26000000  9.40061299  9.40061299
0.27000000  9.43158083  9.43158083
0.28000000  9.46359622  9.46359622
0.29000000  9.49664548  9.49664548
0.30000000  9.53071469  9.53071469
0.31000000  9.56578961  9.56578961
0.32000000  9.60185572  9.60185572
0.33000000  9.63889825  9.63889825
0.34000000  9.67690215  9.67690215
0.35000000  9.71585212  9.71585212
0.36000000  9.75573260  9.75573260
0.37000000  9.79652776  9.79652776
0.38000000  9.83822157  9.83822157
0.39000000  9.88079772  9.88079772
0.40000000  9.92423970  9.92423970
0.41000000  9.96853075  9.96853075
0.42000000  10.0136539  10.0136539
0.43000000  10.0595920  10.0595920
0.44000000  10.1063276  10.1063276
0.45000000  10.1538432  10.1538432
0.46000000  10.2021209  10.2021209
0.47000000  10.2511429  10.2511429
0.48000000  10.3008909  10.3008909
0.49000000  10.3513467  10.3513467
0.50000000  10.4024917  10.4024917
0.51000000  10.4543072  10.4543072
0.52000000  10.5067745  10.5067745
0.53000000  10.5598747  10.5598747
0.54000000  10.6135885  10.6135885
0.55000000  10.6678968  10.6678968
0.56000000  10.7227802  10.7227802
0.57000000  10.7782192  10.7782192
0.58000000  10.8341941  10.8341941
0.59000000  10.8906854  10.8906854
0.60000000  10.9476731  10.9476731
0.61000000  11.0051374  11.0051374
0.62000000  11.0630582  11.0630582
0.63000000  11.1214154  11.1214154
0.64000000  11.1801889  11.1801889
0.65000000  11.2393585  11.2393585
0.66000000  11.2989039  11.2989039
0.67000000  11.3588047  11.3588047
0.68000000  11.4190405  11.4190405
0.69000000  11.4795908  11.4795908
0.70000000  11.5404353  11.5404353
0.71000000  11.6015534  11.6015534
0.72000000  11.6629245  11.6629245
0.73000000  11.7245282  11.7245282
0.74000000  11.7863439  11.7863439
0.75000000  11.8483510  11.8483510
0.76000000  11.9105289  11.9105289
0.77000000  11.9728572  11.9728572
0.78000000  12.0353154  12.0353154
0.79000000  12.0978828  12.0978828
0.80000000  12.1605391  12.1605391
0.81000000  12.2232639  12.2232639
0.82000000  12.2860367  12.2860367
0.83000000  12.3488372  12.3488372
0.84000000  12.4116452  12.4116452
0.85000000  12.4744404  12.4744404
0.86000000  12.5372027  12.5372027
0.87000000  12.5999120  12.5999120
0.88000000  12.6625484  12.6625484
0.89000000  12.7250918  12.7250918
0.90000000  12.7875226  12.7875226
0.91000000  12.8498210  12.8498210
0.92000000  12.9119674  12.9119674
0.93000000  12.9739423  12.9739423
0.94000000  13.0357264  13.0357264
0.95000000  13.0973004  13.0973004
0.96000000  13.1586452  13.1586452
0.97000000  13.2197418  13.2197418
0.98000000  13.2805714  13.2805714
0.99000000  13.3411152  13.3411152
1.00000000  13.4013547  13.4013547
1.01000000  13.4612716  13.4612716
1.02000000  13.5208476  13.5208476
1.03000000  13.5800647  13.5800647
1.04000000  13.6389049  13.6389049
1.05000000  13.6973506  13.6973506
1.06000000  13.7553843  13.7553843
1.07000000  13.8129886  13.8129886
1.08000000  13.8701464  13.8701464
1.09000000  13.9268407  13.9268407
1.10000000  13.9830548  13.9830548
1.11000000  14.0387722  14.0387722
1.12000000  14.0939766  14.0939766
1.13000000  14.1486519  14.1486519
1.14000000  14.2027822  14.2027822
1.15000000  14.2563518  14.2563518
1.16000000  14.3093454  14.3093454
1.17000000  14.3617477  14.3617477
1.18000000  14.4135438  14.4135438
1.19000000  14.4647190  14.4647190
1.20000000  14.5152589  14.5152589
1.21000000  14.5651492  14.5651492
1.22000000  14.6143760  14.6143760
1.23000000  14.6629256  14.6629256
1.24000000  14.7107846  14.7107846
1.25000000  14.7579398  14.7579398
1.26000000  14.8043784  14.8043784
1.27000000  14.8500876  14.8500876
1.28000000  14.8950551  14.8950551
1.29000000  14.9392690  14.9392690
1.30000000  14.9827173  14.9827173
1.31000000  15.0253885  15.0253885
1.32000000  15.0672716  15.0672716
1.33000000  15.1083554  15.1083554
1.34000000  15.1486295  15.1486295
1.35000000  15.1880834  15.1880834
1.36000000  15.2267071  15.2267071
1.37000000  15.2644908  15.2644908
1.38000000  15.3014252  15.3014252
1.39000000  15.3375010  15.3375010
1.40000000  15.3727095  15.3727095
1.41000000  15.4070420  15.4070420
1.42000000  15.4404904  15.4404904
1.43000000  15.4730468  15.4730468
1.44000000  15.5047036  15.5047036
1.45000000  15.5354534  15.5354534
1.46000000  15.5652894  15.5652894
1.47000000  15.5942048  15.5942048
1.48000000  15.6221933  15.6221933
1.49000000  15.6492489  15.6492489
1.50000000  15.6753660  15.6753660
1.51000000  15.7005391  15.7005391
1.52000000  15.7247631  15.7247631
1.53000000  15.7480334  15.7480334
1.54000000  15.7703456  15.7703456
1.55000000  15.7916954  15.7916954
1.56000000  15.8120792  15.8120792
1.57000000  15.8314935  15.8314935
1.58000000  15.8499353  15.8499353
1.59000000  15.8674016  15.8674016
1.60000000  15.8838900  15.8838900
1.61000000  15.8993983  15.8993983
1.62000000  15.9139248  15.9139248
1.63000000  15.9274679  15.9274679
1.64000000  15.9400264  15.9400264
1.65000000  15.9515994  15.9515994
1.66000000  15.9621864  15.9621864
1.67000000  15.9717872  15.9717872
1.68000000  15.9804018  15.9804018
1.69000000  15.9880306  15.9880306
1.70000000  15.9946744  15.9946744
1.71000000  16.0003342  16.0003342
1.72000000  16.0050113  16.0050113
1.73000000  16.0087074  16.0087074
1.74000000  16.0114245  16.0114245
1.75000000  16.0131648  16.0131648
1.76000000  16.0139308  16.0139308
1.77000000  16.0137256  16.0137256
1.78000000  16.0125523  16.0125523
1.79000000  16.0104143  16.0104143
1.80000000  16.0073154  16.0073154
1.81000000  16.0032598  16.0032598
1.82000000  15.9982519  15.9982519
1.83000000  15.9922962  15.9922962
1.84000000  15.9853977  15.9853977
1.85000000  15.9775618  15.9775618
1.86000000  15.9687939  15.9687939
1.87000000  15.9590999  15.9590999
1.88000000  15.9484857  15.9484857
1.89000000  15.9369579  15.9369579
1.90000000  15.9245231  15.9245231
1.91000000  15.9111881  15.9111881
1.92000000  15.8969602  15.8969602
1.93000000  15.8818467  15.8818467
1.94000000  15.8658554  15.8658554
1.95000000  15.8489943  15.8489943
1.96000000  15.8312716  15.8312716
1.97000000  15.8126957  15.8126957
1.98000000  15.7932754  15.7932754
1.99000000  15.7730196  15.7730196
2.00000000  15.7519375  15.7519375
2.01000000  15.7300385  15.7300385
2.02000000  15.7073323  15.7073323
2.03000000  15.6838289  15.6838289
2.04000000  15.6595382  15.6595382
2.05000000  15.6344707  15.6344707
2.06        15.6086370  15.6086370
2.07        15.5820477  15.5820477
2.07999999  15.5547138  15.5547138
2.08999999  15.5266466  15.5266466
2.09999999  15.4978574  15.4978574
2.10999999  15.4683579  15.4683579
2.11999999  15.4381596  15.4381596
2.12999999  15.4072747  15.4072747
2.13999999  15.3757152  15.3757152
2.14999999  15.3434935  15.3434935
2.15999999  15.3106220  15.3106220
2.16999999  15.2771135  15.2771135
2.17999999  15.2429806  15.2429806
2.18999999  15.2082365  15.2082365
2.19999999  15.1728942  15.1728942
2.20999999  15.1369670  15.1369670
2.21999999  15.1004684  15.1004684
2.22999999  15.0634119  15.0634119
2.23999999  15.0258112  15.0258112
2.24999999  14.9876801  14.9876801
2.25999999  14.9490327  14.9490327
2.26999999  14.9098830  14.9098830
2.27999999  14.8702452  14.8702452
2.28999999  14.8301336  14.8301336
2.29999999  14.7895627  14.7895627
2.30999999  14.7485468  14.7485468
2.31999999  14.7071008  14.7071008
2.32999999  14.6652392  14.6652392
2.33999999  14.6229769  14.6229769
2.34999999  14.5803288  14.5803288
2.35999999  14.5373097  14.5373097
2.36999999  14.4939347  14.4939347
2.37999999  14.4502190  14.4502190
2.38999999  14.4061775  14.4061775
2.39999999  14.3618257  14.3618257
2.40999999  14.3171786  14.3171786
2.41999999  14.2722516  14.2722516
2.42999999  14.2270601  14.2270601
2.43999999  14.1816194  14.1816194
2.44999999  14.1359450  14.1359450
2.45999999  14.0900522  14.0900522
2.46999999  14.0439565  14.0439565
2.47999999  13.9976734  13.9976734
2.48999999  13.9512184  13.9512184
2.49999999  13.9046069  13.9046069
2.50999999  13.8578545  13.8578545
2.51999999  13.8109766  13.8109766
2.52999999  13.7639888  13.7639888
2.53999999  13.7169063  13.7169063
2.54999999  13.6697448  13.6697448
2.55999999  13.6225196  13.6225196
2.56999999  13.5752460  13.5752460
2.57999999  13.5279396  13.5279396
2.58999999  13.4806154  13.4806154
2.59999999  13.4332889  13.4332889
2.60999999  13.3859753  13.3859753
2.61999999  13.3386897  13.3386897
2.62999999  13.2914472  13.2914472
2.63999999  13.2442629  13.2442629
2.64999999  13.1971517  13.1971517
2.65999999  13.1501286  13.1501286
2.66999999  13.1032084  13.1032084
2.67999999  13.0564059  13.0564059
2.68999999  13.0097356  13.0097356
2.69999999  12.9632123  12.9632123
2.70999999  12.9168504  12.9168504
2.71999999  12.8706642  12.8706642
2.72999999  12.8246680  12.8246680
2.73999999  12.7788761  12.7788761
2.74999999  12.7333024  12.7333024
2.75999999  12.6879610  12.6879610
2.76999999  12.6428657  12.6428657
2.77999999  12.5980301  12.5980301
2.78999999  12.5534678  12.5534678
2.79999999  12.5091924  12.5091924
2.80999999  12.4652170  12.4652170
2.81999999  12.4215549  12.4215549
2.82999999  12.3782191  12.3782191
2.83999999  12.3352225  12.3352225
2.84999999  12.2925778  12.2925778
2.85999999  12.2502976  12.2502976
2.86999999  12.2083943  12.2083943
2.87999999  12.1668802  12.1668802
2.88999999  12.1257674  12.1257674
2.89999999  12.0850677  12.0850677
2.90999999  12.0447929  12.0447929
2.91999999  12.0049547  12.0049547
2.92999999  11.9655645  11.9655645
2.93999999  11.9266333  11.9266333
2.94999999  11.8881724  11.8881724
2.95999999  11.8501925  11.8501925
2.96999999  11.8127043  11.8127043
2.97999999  11.7757182  11.7757182
2.98999999  11.7392446  11.7392446
2.99999999  11.7032936  11.7032936
3.00999999  11.6678749  11.6678749
3.01999999  11.6329983  11.6329983
3.02999999  11.5986733  11.5986733
3.03999999  11.5649091  11.5649091
3.04999999  11.5317147  11.5317147
3.05999999  11.4990990  11.4990990
3.06999999  11.4670706  11.4670706
3.07999999  11.4356380  11.4356380
3.08999999  11.4048093  11.4048093
3.09999999  11.3745924  11.3745924
3.10999999  11.3449952  11.3449952
3.11999999  11.3160252  11.3160252
3.12999999  11.2876896  11.2876896
3.13999999  11.2599955  11.2599955
3.14999999  11.2329498  11.2329498
3.15999999  11.2065591  11.2065591
3.16999999  11.1808297  11.1808297
3.17999999  11.1557678  11.1557678
3.18999999  11.1313793  11.1313793
3.19999999  11.1076699  11.1076699
3.20999999  11.0846449  11.0846449
3.21999999  11.0623098  11.0623098
3.22999999  11.0406693  11.0406693
3.23999999  11.0197282  11.0197282
3.24999999  10.9994909  10.9994909
3.25999999  10.9799619  10.9799619
3.26999999  10.9611449  10.9611449
3.27999999  10.9430439  10.9430439
3.28999999  10.9256622  10.9256622
3.29999999  10.9090033  10.9090033
3.30999999  10.8930700  10.8930700
3.31999999  10.8778653  10.8778653
3.32999999  10.8633916  10.8633916
3.33999999  10.8496512  10.8496512
3.34999999  10.8366463  10.8366463
3.35999999  10.8243786  10.8243786
3.36999999  10.8128497  10.8128497
3.37999999  10.8020610  10.8020610
3.38999999  10.7920134  10.7920134
3.39999999  10.7827080  10.7827080
3.40999999  10.7741452  10.7741452
3.41999999  10.7663254  10.7663254
3.42999999  10.7592488  10.7592488
3.43999999  10.7529153  10.7529153
3.44999999  10.7473245  10.7473245
3.45999999  10.7424758  10.7424758
3.46999999  10.7383683  10.7383683
3.47999999  10.7350011  10.7350011
3.48999999  10.7323728  10.7323728
3.49999999  10.7304819  10.7304819
3.50999999  10.7293266  10.7293266
3.51999999  10.7289050  10.7289050
3.52999999  10.7292148  10.7292148
3.53999999  10.7302535  10.7302535
3.54999999  10.7320185  10.7320185
3.55999999  10.7345070  10.7345070
3.56999999  10.7377156  10.7377156
3.57999999  10.7416412  10.7416412
3.58999999  10.7462801  10.7462801
3.59999999  10.7516286  10.7516286
3.60999999  10.7576827  10.7576827
3.61999999  10.7644381  10.7644381
3.62999999  10.7718904  10.7718904
3.63999999  10.7800350  10.7800350
3.64999999  10.7888670  10.7888670
3.65999999  10.7983814  10.7983814
3.66999999  10.8085730  10.8085730
3.67999999  10.8194363  10.8194363
3.68999999  10.8309656  10.8309656
3.69999999  10.8431551  10.8431551
3.70999999  10.8559987  10.8559987
3.71999999  10.8694902  10.8694902
3.72999999  10.8836233  10.8836233
3.73999999  10.8983912  10.8983912
3.74999999  10.9137873  10.9137873
3.75999999  10.9298044  10.9298044
3.76999999  10.9464356  10.9464356
3.77999999  10.9636734  10.9636734
3.78999999  10.9815105  10.9815105
3.79999999  10.9999390  10.9999390
3.80999999  11.0189512  11.0189512
3.81999999  11.0385391  11.0385391
3.82999999  11.0586946  11.0586946
3.83999999  11.0794094  11.0794094
3.84999999  11.1006749  11.1006749
3.85999999  11.1224826  11.1224826
3.86999999  11.1448238  11.1448238
3.87999999  11.1676895  11.1676895
3.88999999  11.1910707  11.1910707
3.89999999  11.2149583  11.2149583
3.90999999  11.2393429  11.2393429
3.91999999  11.2642150  11.2642150
3.92999999  11.2895652  11.2895652
3.93999999  11.3153837  11.3153837
3.94999999  11.3416608  11.3416608
3.95999999  11.3683865  11.3683865
3.96999999  11.3955507  11.3955507
3.97999999  11.4231434  11.4231434
3.98999999  11.4511543  11.4511543
3.99999999  11.4795731  11.4795731
4.00999999  11.5083892  11.5083892
4.01999999  11.5375922  11.5375922
4.02999999  11.5671714  11.5671714
4.03999999  11.5971161  11.5971161
4.04999999  11.6274155  11.6274155
4.05999999  11.6580588  11.6580588
4.06999999  11.6890349  11.6890349
4.07999999  11.7203329  11.7203329
4.08999999  11.7519416  11.7519416
4.09999999  11.7838499  11.7838499
4.10999999  11.8160466  11.8160466
4.11999999  11.8485204  11.8485204
4.12999999  11.8812599  11.8812599
4.13999999  11.9142538  11.9142538
4.14999999  11.9474907  11.9474907
4.15999999  11.9809590  11.9809590
4.16999999  12.0146474  12.0146474
4.17999999  12.0485442  12.0485442
4.18999999  12.0826379  12.0826379
4.19999999  12.1169169  12.1169169
4.20999999  12.1513696  12.1513696
4.21999999  12.1859843  12.1859843
4.22999999  12.2207494  12.2207494
4.23999999  12.2556533  12.2556533
4.24999999  12.2906842  12.2906842
4.25999999  12.3258306  12.3258306
4.26999999  12.3610806  12.3610806
4.27999999  12.3964228  12.3964228
4.28999999  12.4318454  12.4318454
4.29999999  12.4673367  12.4673367
4.30999999  12.5028852  12.5028852
4.31999999  12.5384792  12.5384792
4.32999999  12.5741071  12.5741071
4.33999999  12.6097574  12.6097574
4.34999999  12.6454186  12.6454186
4.35999999  12.6810791  12.6810791
4.36999999  12.7167275  12.7167275
4.37999999  12.7523523  12.7523523
4.38999999  12.7879423  12.7879423
4.39999999  12.8234860  12.8234860
4.40999999  12.8589722  12.8589722
4.41999999  12.8943896  12.8943896
4.42999999  12.9297272  12.9297272
4.43999999  12.9649737  12.9649737
4.44999999  13.0001183  13.0001183
4.45999999  13.0351497  13.0351497
4.46999999  13.0700573  13.0700573
4.47999999  13.1048302  13.1048302
4.48999999  13.1394576  13.1394576
4.49999999  13.1739288  13.1739288
4.50999999  13.2082333  13.2082333
4.51999999  13.2423606  13.2423606
4.52999999  13.2763003  13.2763003
4.53999999  13.3100420  13.3100420
4.54999999  13.3435757  13.3435757
4.55999999  13.3768911  13.3768911
4.56999999  13.4099782  13.4099782
4.57999999  13.4428272  13.4428272
4.58999999  13.4754283  13.4754283
4.59999999  13.5077717  13.5077717
4.60999999  13.5398479  13.5398479
4.61999999  13.5716475  13.5716475
4.62999999  13.6031611  13.6031611
4.63999999  13.6343795  13.6343795
4.64999999  13.6652936  13.6652936
4.65999999  13.6958945  13.6958945
4.66999999  13.7261733  13.7261733
4.67999999  13.7561214  13.7561214
4.68999999  13.7857301  13.7857301
4.69999999  13.8149910  13.8149910
4.70999999  13.8438960  13.8438960
4.71999999  13.8724367  13.8724367
4.72999999  13.9006052  13.9006052
4.73999999  13.9283937  13.9283937
4.74999999  13.9557944  13.9557944
4.75999999  13.9827998  13.9827998
4.76999999  14.0094024  14.0094024
4.77999999  14.0355951  14.0355951
4.78999999  14.0613706  14.0613706
4.79999999  14.0867221  14.0867221
4.80999999  14.1116428  14.1116428
4.81999999  14.1361260  14.1361260
4.82999999  14.1601653  14.1601653
4.83999999  14.1837544  14.1837544
4.84999999  14.2068871  14.2068871
4.85999999  14.2295575  14.2295575
4.86999999  14.2517598  14.2517598
4.87999999  14.2734884  14.2734884
4.88999999  14.2947377  14.2947377
4.89999999  14.3155025  14.3155025
4.90999999  14.3357776  14.3357776
4.91999999  14.3555582  14.3555582
4.92999999  14.3748395  14.3748395
4.93999999  14.3936168  14.3936168
4.94999999  14.4118858  14.4118858
4.95999999  14.4296422  14.4296422
4.96999999  14.4468820  14.4468820
4.97999999  14.4636012  14.4636012
4.98999999  14.4797962  14.4797962
4.99999999  14.4954634  14.4954634
5.00999999  14.5105996  14.5105996
5.01999999  14.5252015  14.5252015
5.02999999  14.5392662  14.5392662
5.03999999  14.5527908  14.5527908
5.04999999  14.5657728  14.5657728
5.05999999  14.5782098  14.5782098
5.06999999  14.5900995  14.5900995
5.07999999  14.6014398  14.6014398
5.08999999  14.6122288  14.6122288
5.09999999  14.6224649  14.6224649
5.10999999  14.6321466  14.6321466
5.11999999  14.6412724  14.6412724
5.12999999  14.6498414  14.6498414
5.13999999  14.6578524  14.6578524
5.14999999  14.6653047  14.6653047
5.15999999  14.6721978  14.6721978
5.16999999  14.6785312  14.6785312
5.17999999  14.6843046  14.6843046
5.18999999  14.6895181  14.6895181
5.19999999  14.6941717  14.6941717
5.20999999  14.6982657  14.6982657
5.21999999  14.7018006  14.7018006
5.22999999  14.7047772  14.7047772
5.23999999  14.7071961  14.7071961
5.24999999  14.7090585  14.7090585
5.25999999  14.7103655  14.7103655
5.26999999  14.7111185  14.7111185
5.27999999  14.7113190  14.7113190
5.28999999  14.7109688  14.7109688
5.29999999  14.7100697  14.7100697
5.30999999  14.7086237  14.7086237
5.31999999  14.7066332  14.7066332
5.32999999  14.7041004  14.7041004
5.33999999  14.7010280  14.7010280
5.34999999  14.6974187  14.6974187
5.35999999  14.6932753  14.6932753
5.36999999  14.6886010  14.6886010
5.37999999  14.6833988  14.6833988
5.38999999  14.6776723  14.6776723
5.39999999  14.6714248  14.6714248
5.40999999  14.6646601  14.6646601
5.41999999  14.6573821  14.6573821
5.42999999  14.6495947  14.6495947
5.43999999  14.6413020  14.6413020
5.44999999  14.6325084  14.6325084
5.45999999  14.6232183  14.6232183
5.46999999  14.6134362  14.6134362
5.47999999  14.6031670  14.6031670
5.48999999  14.5924154  14.5924154
5.49999999  14.5811865  14.5811865
5.50999999  14.5694853  14.5694853
5.51999999  14.5573173  14.5573173
5.52999999  14.5446878  14.5446878
5.53999999  14.5316023  14.5316023
5.54999999  14.5180666  14.5180666
5.55999999  14.5040864  14.5040864
5.56999999  14.4896676  14.4896676
5.57999999  14.4748163  14.4748163
5.58999999  14.4595386  14.4595386
5.59999999  14.4438409  14.4438409
5.60999999  14.4277295  14.4277295
5.61999999  14.4112110  14.4112110
5.62999999  14.3942919  14.3942919
5.63999999  14.3769790  14.3769790
5.64999999  14.3592791  14.3592791
5.65999999  14.3411992  14.3411992
5.66999999  14.3227462  14.3227462
5.67999999  14.3039274  14.3039274
5.68999999  14.2847498  14.2847498
5.69999999  14.2652210  14.2652210
5.70999999  14.2453482  14.2453482
5.71999999  14.2251390  14.2251390
5.72999999  14.2046009  14.2046009
5.73999999  14.1837416  14.1837416
5.74999999  14.1625688  14.1625688
5.75999999  14.1410904  14.1410904
5.76999999  14.1193142  14.1193142
5.77999999  14.0972482  14.0972482
5.78999999  14.0749004  14.0749004
5.79999999  14.0522789  14.0522789
5.80999999  14.0293919  14.0293919
5.81999999  14.0062475  14.0062475
5.82999999  13.9828541  13.9828541
5.83999999  13.9592199  13.9592199
5.84999999  13.9353533  13.9353533
5.85999999  13.9112628  13.9112628
5.86999999  13.8869569  13.8869569
5.87999999  13.8624439  13.8624439
5.88999999  13.8377325  13.8377325
5.89999999  13.8128312  13.8128312
5.90999999  13.7877487  13.7877487
5.91999999  13.7624935  13.7624935
5.92999999  13.7370745  13.7370745
5.93999999  13.7115002  13.7115002
5.94999999  13.6857795  13.6857795
5.95999999  13.6599209  13.6599209
5.96999999  13.6339334  13.6339334
5.97999999  13.6078256  13.6078256
5.98999999  13.5816063  13.5816063
5.99999999  13.5552844  13.5552844
6.00999999  13.5288686  13.5288686
6.01999999  13.5023676  13.5023676
6.02999999  13.4757904  13.4757904
6.03999999  13.4491457  13.4491457
6.04999999  13.4224422  13.4224422
6.05999999  13.3956888  13.3956888
6.06999999  13.3688942  13.3688942
6.07999999  13.3420671  13.3420671
6.08999999  13.3152164  13.3152164
6.09999999  13.2883506  13.2883506
6.10999999  13.2614784  13.2614784
6.11999999  13.2346086  13.2346086
6.12999999  13.2077498  13.2077498
6.13999999  13.1809105  13.1809105
6.14999999  13.1540993  13.1540993
6.15999999  13.1273248  13.1273248
6.16999999  13.1005954  13.1005954
6.17999999  13.0739197  13.0739197
6.18999999  13.0473059  13.0473059
6.19999999  13.0207624  13.0207624
6.20999999  12.9942976  12.9942976
6.21999999  12.9679197  12.9679197
6.22999999  12.9416369  12.9416369
6.23999999  12.9154574  12.9154574
6.24999999  12.8893892  12.8893892
6.25999999  12.8634403  12.8634403
6.26999999  12.8376188  12.8376188
6.27999999  12.8119324  12.8119324
6.28999999  12.7863891  12.7863891
6.29999999  12.7609966  12.7609966
6.30999999  12.7357625  12.7357625
6.31999999  12.7106945  12.7106945
6.32999999  12.6858000  12.6858000
6.33999999  12.6610866  12.6610866
6.34999999  12.6365616  12.6365616
6.35999999  12.6122322  12.6122322
6.36999999  12.5881057  12.5881057
6.37999999  12.5641892  12.5641892
6.38999999  12.5404896  12.5404896
6.39999999  12.5170140  12.5170140
6.40999999  12.4937690  12.4937690
6.41999999  12.4707615  12.4707615
6.42999999  12.4479981  12.4479981
6.43999999  12.4254853  12.4254853
6.44999999  12.4032296  12.4032296
6.45999999  12.3812372  12.3812372
6.46999999  12.3595145  12.3595145
6.47999999  12.3380675  12.3380675
6.48999999  12.3169021  12.3169021
6.49999999  12.2960245  12.2960245
6.50999999  12.2754402  12.2754402
6.51999999  12.2551550  12.2551550
6.52999999  12.2351744  12.2351744
6.53999999  12.2155040  12.2155040
6.54999999  12.1961489  12.1961489
6.55999999  12.1771145  12.1771145
6.56999999  12.1584058  12.1584058
6.57999999  12.1400277  12.1400277
6.58999999  12.1219852  12.1219852
6.59999999  12.1042829  12.1042829
6.60999999  12.0869255  12.0869255
6.61999999  12.0699174  12.0699174
6.62999999  12.0532629  12.0532629
6.63999999  12.0369663  12.0369663
6.64999999  12.0210316  12.0210316
6.65999999  12.0054629  12.0054629
6.66999999  11.9902639  11.9902639
6.67999999  11.9754384  11.9754384
6.68999999  11.9609899  11.9609899
6.69999999  11.9469218  11.9469218
6.70999999  11.9332375  11.9332375
6.71999999  11.9199400  11.9199400
6.72999999  11.9070325  11.9070325
6.73999999  11.8945179  11.8945179
6.74999999  11.8823988  11.8823988
6.75999999  11.8706780  11.8706780
6.76999999  11.8593578  11.8593578
6.77999999  11.8484407  11.8484407
6.78999999  11.8379289  11.8379289
6.79999999  11.8278244  11.8278244
6.80999999  11.8181293  11.8181293
6.81999999  11.8088452  11.8088452
6.82999999  11.7999738  11.7999738
6.83999999  11.7915167  11.7915167
6.84999999  11.7834753  11.7834753
6.85999999  11.7758508  11.7758508
6.86999999  11.7686443  11.7686443
6.87999999  11.7618568  11.7618568
6.88999999  11.7554892  11.7554892
6.89999999  11.7495420  11.7495420
6.90999999  11.7440160  11.7440160
6.91999999  11.7389114  11.7389114
6.92999999  11.7342287  11.7342287
6.93999999  11.7299679  11.7299679
6.94999999  11.7261290  11.7261290
6.95999999  11.7227120  11.7227120
6.96999999  11.7197165  11.7197165
6.97999999  11.7171423  11.7171423
6.98999999  11.7149887  11.7149887
6.99999999  11.7132551  11.7132551
7.00999999  11.7119407  11.7119407
7.01999999  11.7110446  11.7110446
7.02999999  11.7105657  11.7105657
7.03999999  11.7105028  11.7105028
7.04999999  11.7108547  11.7108547
7.05999999  11.7116198  11.7116198
7.06999999  11.7127967  11.7127967
7.07999999  11.7143835  11.7143835
7.08999999  11.7163785  11.7163785
7.09999999  11.7187797  11.7187797
7.10999999  11.7215851  11.7215851
7.11999999  11.7247924  11.7247924
7.12999999  11.7283993  11.7283993
7.13999999  11.7324034  11.7324034
7.14999999  11.7368020  11.7368020
7.15999999  11.7415927  11.7415927
7.16999999  11.7467724  11.7467724
7.17999999  11.7523383  11.7523383
7.18999999  11.7582874  11.7582874
7.19999999  11.7646166  11.7646166
7.20999999  11.7713225  11.7713225
7.21999999  11.7784018  11.7784018
7.22999999  11.7858511  11.7858511
7.23999999  11.7936667  11.7936667
7.24999999  11.8018450  11.8018450
7.25999999  11.8103821  11.8103821
7.26999999  11.8192743  11.8192743
7.27999999  11.8285173  11.8285173
7.28999999  11.8381073  11.8381073
7.29999999  11.8480399  11.8480399
7.30999999  11.8583109  11.8583109
7.31999999  11.8689159  11.8689159
7.32999999  11.8798503  11.8798503
7.33999999  11.8911098  11.8911098
7.34999999  11.9026894  11.9026894
7.35999999  11.9145846  11.9145846
7.36999999  11.9267905  11.9267905
7.37999999  11.9393021  11.9393021
7.38999999  11.9521145  11.9521145
7.39999999  11.9652225  11.9652225
7.40999999  11.9786211  11.9786211
7.41999999  11.9923049  11.9923049
7.42999999  12.0062686  12.0062686
7.43999999  12.0205069  12.0205069
7.44999999  12.0350143  12.0350143
7.45999999  12.0497852  12.0497852
7.46999999  12.0648141  12.0648141
7.47999999  12.0800954  12.0800954
7.48999999  12.0956232  12.0956232
7.49999999  12.1113918  12.1113918
7.50999999  12.1273954  12.1273954
7.51999999  12.1436280  12.1436280
7.52999999  12.1600838  12.1600838
7.53999999  12.1767566  12.1767566
7.54999999  12.1936405  12.1936405
7.55999999  12.2107293  12.2107293
7.56999999  12.2280169  12.2280169
7.57999999  12.2454971  12.2454971
7.58999999  12.2631637  12.2631637
7.59999999  12.2810103  12.2810103
7.60999999  12.2990306  12.2990306
7.61999999  12.3172184  12.3172184
7.62999999  12.3355672  12.3355672
7.63999999  12.3540706  12.3540706
7.64999999  12.3727221  12.3727221
7.65999999  12.3915154  12.3915154
7.66999999  12.4104438  12.4104438
7.67999999  12.4295009  12.4295009
7.68999999  12.4486801  12.4486801
7.69999999  12.4679749  12.4679749
7.70999999  12.4873787  12.4873787
7.71999999  12.5068849  12.5068849
7.72999999  12.5264869  12.5264869
7.73999999  12.5461781  12.5461781
7.74999999  12.5659519  12.5659519
7.75999999  12.5858017  12.5858017
7.76999999  12.6057208  12.6057208
7.77999999  12.6257026  12.6257026
7.78999999  12.6457405  12.6457405
7.79999999  12.6658279  12.6658279
7.80999999  12.6859581  12.6859581
7.81999999  12.7061246  12.7061246
7.82999999  12.7263207  12.7263207
7.83999999  12.7465398  12.7465398
7.84999999  12.7667755  12.7667755
7.85999999  12.7870210  12.7870210
7.86999999  12.8072700  12.8072700
7.87999999  12.8275158  12.8275158
7.88999999  12.8477520  12.8477520
7.89999999  12.8679720  12.8679720
7.90999999  12.8881695  12.8881695
7.91999999  12.9083381  12.9083381
7.92999999  12.9284712  12.9284712
7.93999999  12.9485626  12.9485626
7.94999999  12.9686060  12.9686060
7.95999999  12.9885951  12.9885951
7.96999999  13.0085235  13.0085235
7.97999999  13.0283852  13.0283852
7.98999999  13.0481739  13.0481739
7.99999999  13.0678834  13.0678834
8.00999999  13.0875078  13.0875078
8.01999999  13.1070410  13.1070410
8.02999999  13.1264770  13.1264770
8.03999999  13.1458099  13.1458099
8.04999999  13.1650337  13.1650337
8.05999999  13.1841427  13.1841427
8.06999999  13.2031311  13.2031311
8.07999999  13.2219931  13.2219931
8.08999999  13.2407231  13.2407231
8.09999999  13.2593156  13.2593156
8.10999999  13.2777649  13.2777649
8.11999999  13.2960656  13.2960656
8.12999999  13.3142124  13.3142124
8.13999999  13.3321997  13.3321997
8.14999999  13.3500225  13.3500225
8.15999999  13.3676755  13.3676755
8.16999999  13.3851535  13.3851535
8.17999999  13.4024515  13.4024515
8.18999999  13.4195646  13.4195646
8.19999999  13.4364878  13.4364878
8.20999999  13.4532162  13.4532162
8.21999999  13.4697452  13.4697452
8.22999999  13.4860701  13.4860701
8.23999999  13.5021862  13.5021862
8.24999999  13.5180891  13.5180891
8.25999999  13.5337743  13.5337743
8.26999999  13.5492376  13.5492376
8.27999999  13.5644745  13.5644745
8.28999999  13.5794811  13.5794811
8.29999999  13.5942531  13.5942531
8.30999999  13.6087866  13.6087866
8.31999999  13.6230776  13.6230776
8.32999999  13.6371225  13.6371225
8.33999999  13.6509174  13.6509174
8.34999999  13.6644587  13.6644587
8.35999999  13.6777429  13.6777429
8.36999999  13.6907665  13.6907665
8.37999999  13.7035262  13.7035262
8.38999999  13.7160187  13.7160187
8.39999999  13.7282409  13.7282409
8.40999999  13.7401897  13.7401897
8.41999999  13.7518622  13.7518622
8.42999999  13.7632554  13.7632554
8.43999999  13.7743667  13.7743667
8.44999999  13.7851933  13.7851933
8.45999999  13.7957328  13.7957328
8.46999999  13.8059825  13.8059825
8.47999999  13.8159402  13.8159402
8.48999999  13.8256036  13.8256036
8.49999999  13.8349706  13.8349706
8.50999999  13.8440390  13.8440390
8.51999999  13.8528070  13.8528070
8.52999999  13.8612726  13.8612726
8.53999999  13.8694342  13.8694342
8.54999999  13.8772900  13.8772900
8.55999999  13.8848386  13.8848386
8.56999999  13.8920785  13.8920785
8.57999999  13.8990083  13.8990083
8.58999999  13.9056269  13.9056269
8.59999999  13.9119330  13.9119330
8.60999999  13.9179258  13.9179258
8.61999999  13.9236042  13.9236042
8.62999999  13.9289675  13.9289675
8.63999999  13.9340149  13.9340149
8.64999999  13.9387458  13.9387458
8.65999999  13.9431598  13.9431598
8.66999999  13.9472564  13.9472564
8.67999999  13.9510353  13.9510353
8.68999999  13.9544963  13.9544963
8.69999999  13.9576394  13.9576394
8.70999999  13.9604646  13.9604646
8.71999999  13.9629719  13.9629719
8.72999999  13.9651616  13.9651616
8.73999999  13.9670340  13.9670340
8.74999999  13.9685895  13.9685895
8.75999999  13.9698287  13.9698287
8.76999999  13.9707521  13.9707521
8.77999999  13.9713605  13.9713605
8.78999999  13.9716547  13.9716547
8.79999999  13.9716357  13.9716357
8.80999999  13.9713043  13.9713043
8.81999999  13.9706618  13.9706618
8.82999999  13.9697093  13.9697093
8.83999999  13.9684481  13.9684481
8.84999999  13.9668797  13.9668797
8.85999999  13.9650055  13.9650055
8.86999999  13.9628272  13.9628272
8.87999999  13.9603463  13.9603463
8.88999999  13.9575647  13.9575647
8.89999999  13.9544842  13.9544842
8.90999999  13.9511068  13.9511068
8.91999999  13.9474345  13.9474345
8.92999999  13.9434695  13.9434695
8.93999999  13.9392139  13.9392139
8.94999999  13.9346701  13.9346701
8.95999999  13.9298405  13.9298405
8.96999999  13.9247274  13.9247274
8.97999999  13.9193336  13.9193336
8.98999999  13.9136615  13.9136615
8.99999999  13.9077140  13.9077140
9.00999999  13.9014938  13.9014938
9.01999999  13.8950038  13.8950038
9.02999999  13.8882470  13.8882470
9.03999999  13.8812264  13.8812264
9.04999999  13.8739450  13.8739450
9.05999999  13.8664061  13.8664061
9.06999999  13.8586130  13.8586130
9.07999999  13.8505689  13.8505689
9.08999999  13.8422772  13.8422772
9.09999999  13.8337414  13.8337414
9.10999999  13.8249651  13.8249651
9.11999999  13.8159518  13.8159518
9.12999999  13.8067051  13.8067051
9.13999999  13.7972289  13.7972289
9.14999999  13.7875268  13.7875268
9.15999999  13.7776028  13.7776028
9.16999999  13.7674607  13.7674607
9.17999999  13.7571045  13.7571045
9.18999999  13.7465382  13.7465382
9.19999999  13.7357660  13.7357660
9.20999999  13.7247918  13.7247918
9.21999999  13.7136199  13.7136199
9.22999999  13.7022545  13.7022545
9.23999999  13.6906999  13.6906999
9.24999999  13.6789605  13.6789605
9.25999999  13.6670405  13.6670405
9.26999999  13.6549444  13.6549444
9.27999999  13.6426766  13.6426766
9.28999999  13.6302417  13.6302417
9.29999999  13.6176442  13.6176442
9.30999999  13.6048886  13.6048886
9.31999999  13.5919796  13.5919796
9.32999999  13.5789218  13.5789218
9.33999999  13.5657198  13.5657198
9.34999999  13.5523785  13.5523785
9.35999999  13.5389024  13.5389024
9.36999999  13.5252965  13.5252965
9.37999999  13.5115654  13.5115654
9.38999999  13.4977140  13.4977140
9.39999999  13.4837472  13.4837472
9.40999999  13.4696697  13.4696697
9.41999999  13.4554866  13.4554866
9.42999999  13.4412026  13.4412026
9.43999999  13.4268226  13.4268226
9.44999999  13.4123517  13.4123517
9.45999999  13.3977948  13.3977948
9.46999999  13.3831568  13.3831568
9.47999999  13.3684427  13.3684427
9.48999999  13.3536574  13.3536574
9.49999999  13.3388060  13.3388060
9.50999999  13.3238934  13.3238934
9.51999999  13.3089246  13.3089246
9.52999999  13.2939047  13.2939047
9.53999999  13.2788385  13.2788385
9.54999999  13.2637312  13.2637312
9.55999999  13.2485876  13.2485876
9.56999999  13.2334128  13.2334128
9.57999999  13.2182117  13.2182117
9.58999999  13.2029894  13.2029894
9.59999999  13.1877507  13.1877507
9.60999999  13.1725007  13.1725007
9.61999999  13.1572443  13.1572443
9.62999999  13.1419863  13.1419863
9.63999999  13.1267318  13.1267318
9.64999999  13.1114855  13.1114855
9.65999999  13.0962524  13.0962524
9.66999999  13.0810374  13.0810374
9.67999999  13.0658452  13.0658452
9.68999999  13.0506807  13.0506807
9.69999999  13.0355486  13.0355486
9.70999999  13.0204537  13.0204537
9.71999999  13.0054008  13.0054008
9.72999999  12.9903946  12.9903946
9.73999999  12.9754397  12.9754397
9.74999999  12.9605407  12.9605407
9.75999999  12.9457023  12.9457023
9.76999999  12.9309291  12.9309291
9.77999999  12.9162256  12.9162256
9.78999999  12.9015962  12.9015962
9.79999999  12.8870455  12.8870455
9.80999999  12.8725779  12.8725779
9.81999999  12.8581978  12.8581978
9.82999999  12.8439095  12.8439095
9.83999999  12.8297173  12.8297173
9.84999999  12.8156254  12.8156254
9.85999999  12.8016382  12.8016382
9.86999999  12.7877596  12.7877596
9.87999999  12.7739939  12.7739939
9.88999999  12.7603451  12.7603451
9.89999999  12.7468172  12.7468172
9.90999999  12.7334142  12.7334142
9.91999999  12.7201399  12.7201399
9.92999999  12.7069983  12.7069983
9.93999999  12.6939931  12.6939931
9.94999999  12.6811281  12.6811281
9.95999999  12.6684070  12.6684070
9.96999999  12.6558333  12.6558333
9.97999999  12.6434107  12.6434107
9.98999999  12.6311427  12.6311427
9.99999999  12.6190326  12.6190326
10.0099999  12.6070840  12.6070840
10.0199999  12.5953000  12.5953000
10.0299999  12.5836841  12.5836841
10.0399999  12.5722393  12.5722393
10.0499999  12.5609688  12.5609688
10.0599999  12.5498757  12.5498757
10.0699999  12.5389629  12.5389629
10.0799999  12.5282334  12.5282334
10.0899999  12.5176900  12.5176900
10.0999999  12.5073356  12.5073356
10.1099999  12.4971729  12.4971729
10.1199999  12.4872044  12.4872044
10.1299999  12.4774328  12.4774328
10.1399999  12.4678607  12.4678607
10.1499999  12.4584903  12.4584903
10.1599999  12.4493242  12.4493242
10.1699999  12.4403645  12.4403645
10.1799999  12.4316135  12.4316135
10.1899999  12.4230734  12.4230734
10.1999999  12.4147462  12.4147462
10.2099999  12.4066339  12.4066339
10.2199999  12.3987384  12.3987384
10.2299999  12.3910615  12.3910615
10.2399999  12.3836051  12.3836051
10.2499999  12.3763708  12.3763708
10.2599999  12.3693602  12.3693602
10.2699999  12.3625749  12.3625749
10.2799999  12.3560163  12.3560163
10.2899999  12.3496858  12.3496858
10.2999999  12.3435847  12.3435847
10.3099999  12.3377142  12.3377142
10.3199999  12.3320755  12.3320755
10.3299999  12.3266696  12.3266696
10.3399999  12.3214976  12.3214976
10.3499999  12.3165603  12.3165603
10.3599999  12.3118585  12.3118585
10.3699999  12.3073931  12.3073931
10.3799999  12.3031646  12.3031646
10.3899999  12.2991738  12.2991738
10.3999999  12.2954211  12.2954211
10.4099999  12.2919069  12.2919069
10.4199999  12.2886316  12.2886316
10.4299999  12.2855956  12.2855956
10.4399999  12.2827990  12.2827990
10.4499999  12.2802419  12.2802419
10.4599999  12.2779243  12.2779243
10.4699999  12.2758464  12.2758464
10.4799999  12.2740079  12.2740079
10.4899999  12.2724087  12.2724087
10.4999999  12.2710485  12.2710485
10.5099999  12.2699271  12.2699271
10.5199999  12.2690439  12.2690439
10.5299999  12.2683985  12.2683985
10.5399999  12.2679904  12.2679904
10.5499999  12.2678189  12.2678189
10.5599999  12.2678833  12.2678833
10.5699999  12.2681829  12.2681829
10.5799999  12.2687167  12.2687167
10.5899999  12.2694839  12.2694839
10.5999999  12.2704835  12.2704835
10.6099999  12.2717144  12.2717144
10.6199999  12.2731754  12.2731754
10.6299999  12.2748653  12.2748653
10.6399999  12.2767830  12.2767830
10.6499999  12.2789269  12.2789269
10.6599999  12.2812958  12.2812958
10.6699999  12.2838880  12.2838880
10.6799999  12.2867022  12.2867022
10.6899999  12.2897365  12.2897365
10.6999999  12.2929895  12.2929895
10.7099999  12.2964592  12.2964592
10.7199999  12.3001440  12.3001440
10.7299999  12.3040419  12.3040419
10.7399999  12.3081510  12.3081510
10.7499999  12.3124693  12.3124693
10.7599999  12.3169947  12.3169947
10.7699999  12.3217251  12.3217251
10.7799999  12.3266583  12.3266583
10.7899999  12.3317922  12.3317922
10.7999999  12.3371243  12.3371243
10.8099999  12.3426524  12.3426524
10.8199999  12.3483740  12.3483740
10.8299999  12.3542867  12.3542867
10.8399999  12.3603879  12.3603879
10.8499999  12.3666752  12.3666752
10.8599999  12.3731458  12.3731458
10.8699999  12.3797971  12.3797971
10.8799999  12.3866264  12.3866264
10.8899999  12.3936310  12.3936310
10.8999999  12.4008079  12.4008079
10.9099999  12.4081544  12.4081544
10.9199999  12.4156675  12.4156675
10.9299999  12.4233443  12.4233443
10.9399999  12.4311818  12.4311818
10.9499999  12.4391770  12.4391770
10.9599999  12.4473267  12.4473267
10.9699999  12.4556279  12.4556279
10.9799999  12.4640774  12.4640774
10.9899999  12.4726721  12.4726721
10.9999999  12.4814086  12.4814086
11.0099999  12.4902837  12.4902837
11.0199999  12.4992941  12.4992941
11.0299999  12.5084366  12.5084366
11.0399999  12.5177076  12.5177076
11.0499999  12.5271039  12.5271039
11.0599999  12.5366220  12.5366220
11.0699999  12.5462585  12.5462585
11.0799999  12.5560099  12.5560099
11.0899999  12.5658726  12.5658726
11.0999999  12.5758432  12.5758432
11.1099999  12.5859180  12.5859180
11.1199999  12.5960936  12.5960936
11.1299999  12.6063664  12.6063664
11.1399999  12.6167326  12.6167326
11.1499999  12.6271887  12.6271887
11.1599999  12.6377311  12.6377311
11.1699999  12.6483560  12.6483560
11.1799999  12.6590598  12.6590598
11.1899999  12.6698388  12.6698388
11.1999999  12.6806892  12.6806892
11.2099999  12.6916075  12.6916075
11.2199999  12.7025897  12.7025897
11.2299999  12.7136323  12.7136323
11.2399999  12.7247314  12.7247314
11.2499999  12.7358834  12.7358834
11.2599999  12.7470844  12.7470844
11.2699999  12.7583307  12.7583307
11.2799999  12.7696185  12.7696185
11.2899999  12.7809441  12.7809441
11.2999999  12.7923037  12.7923037
11.3099999  12.8036935  12.8036935
11.3199999  12.8151099  12.8151099
11.3299999  12.8265490  12.8265490
11.3399999  12.8380070  12.8380070
11.3499999  12.8494803  12.8494803
11.3599999  12.8609651  12.8609651
11.3699999  12.8724577  12.8724577
11.3799999  12.8839544  12.8839544
11.3899999  12.8954513  12.8954513
11.3999999  12.9069450  12.9069450
11.4099999  12.9184316  12.9184316
11.4199999  12.9299075  12.9299075
11.4299999  12.9413690  12.9413690
11.4399999  12.9528126  12.9528126
11.4499999  12.9642345  12.9642345
11.4599999  12.9756312  12.9756312
11.4699999  12.9869991  12.9869991
11.4799999  12.9983346  12.9983346
11.4899999  13.0096343  13.0096343
11.4999999  13.0208945  13.0208945
11.5099999  13.0321118  13.0321118
11.5199999  13.0432827  13.0432827
11.5299999  13.0544038  13.0544038
11.5399999  13.0654717  13.0654717
11.5499999  13.0764829  13.0764829
11.5599999  13.0874342  13.0874342
11.5699999  13.0983221  13.0983221
11.5799999  13.1091435  13.1091435
11.5899999  13.1198949  13.1198949
11.5999999  13.1305733  13.1305733
11.6099999  13.1411754  13.1411754
11.6199999  13.1516980  13.1516980
11.6299999  13.1621380  13.1621380
11.6399999  13.1724923  13.1724923
11.6499999  13.1827579  13.1827579
11.6599999  13.1929318  13.1929318
11.6699999  13.2030109  13.2030109
11.6799999  13.2129924  13.2129924
11.6899999  13.2228733  13.2228733
11.6999999  13.2326508  13.2326508
11.7099999  13.2423221  13.2423221
11.7199999  13.2518844  13.2518844
11.7299999  13.2613350  13.2613350
11.7399999  13.2706712  13.2706712
11.7499999  13.2798904  13.2798904
11.7599999  13.2889899  13.2889899
11.7699999  13.2979674  13.2979674
11.7799999  13.3068202  13.3068202
11.7899999  13.3155459  13.3155459
11.7999999  13.3241421  13.3241421
11.8099999  13.3326065  13.3326065
11.8199999  13.3409367  13.3409367
11.8299999  13.3491306  13.3491306
11.8399999  13.3571859  13.3571859
11.8499999  13.3651005  13.3651005
11.8599999  13.3728723  13.3728723
11.8699999  13.3804993  13.3804993
11.8799999  13.3879794  13.3879794
11.8899999  13.3953107  13.3953107
11.8999999  13.4024915  13.4024915
11.9099999  13.4095197  13.4095197
11.9199999  13.4163937  13.4163937
11.9299999  13.4231118  13.4231118
11.9399999  13.4296722  13.4296722
11.9499999  13.4360735  13.4360735
11.9599999  13.4423139  13.4423139
11.9699999  13.4483922  13.4483922
11.9799999  13.4543067  13.4543067
11.9899999  13.4600563  13.4600563
11.9999999  13.4656394  13.4656394
12.0099999  13.4710549  13.4710549
12.0199999  13.4763016  13.4763016
12.0299999  13.4813783  13.4813783
12.0399999  13.4862839  13.4862839
12.0499999  13.4910175  13.4910175
12.0599999  13.4955780  13.4955780
12.0699999  13.4999645  13.4999645
12.0799999  13.5041762  13.5041762
12.0899999  13.5082123  13.5082123
12.0999999  13.5120721  13.5120721
12.1099999  13.5157548  13.5157548
12.1199999  13.5192599  13.5192599
12.1299999  13.5225868  13.5225868
12.1399999  13.5257351  13.5257351
12.1499999  13.5287042  13.5287042
12.1599999  13.5314938  13.5314938
12.1699999  13.5341036  13.5341036
12.1799999  13.5365333  13.5365333
12.1899999  13.5387828  13.5387828
12.1999999  13.5408518  13.5408518
12.2099999  13.5427403  13.5427403
12.2199999  13.5444482  13.5444482
12.2299999  13.5459757  13.5459757
12.2399999  13.5473227  13.5473227
12.2499999  13.5484895  13.5484895
12.2599999  13.5494762  13.5494762
12.2699999  13.5502831  13.5502831
12.2799999  13.5509105  13.5509105
12.2899999  13.5513588  13.5513588
12.2999999  13.5516284  13.5516284
12.3099999  13.5517198  13.5517198
12.3199999  13.5516336  13.5516336
12.3299999  13.5513703  13.5513703
12.3399999  13.5509307  13.5509307
12.3499999  13.5503153  13.5503153
12.3599999  13.5495251  13.5495251
12.3699999  13.5485607  13.5485607
12.3799999  13.5474230  13.5474230
12.3899999  13.5461131  13.5461131
12.3999999  13.5446318  13.5446318
12.4099999  13.5429802  13.5429802
12.4199999  13.5411594  13.5411594
12.4299999  13.5391705  13.5391705
12.4399999  13.5370146  13.5370146
12.4499999  13.5346930  13.5346930
12.4599999  13.5322071  13.5322071
12.4699999  13.5295580  13.5295580
12.4799999  13.5267472  13.5267472
12.4899999  13.5237762  13.5237762
12.4999999  13.5206463  13.5206463
12.5099999  13.5173591  13.5173591
12.5199999  13.5139161  13.5139161
12.5299999  13.5103191  13.5103191
12.5399999  13.5065695  13.5065695
12.5499999  13.5026692  13.5026692
12.5599999  13.4986198  13.4986198
12.5699999  13.4944231  13.4944231
12.5799999  13.4900810  13.4900810
12.5899999  13.4855953  13.4855953
12.5999999  13.4809680  13.4809680
12.6099999  13.4762009  13.4762009
12.6199999  13.4712960  13.4712960
12.6299999  13.4662554  13.4662554
12.6399999  13.4610812  13.4610812
12.6499999  13.4557753  13.4557753
12.6599999  13.4503400  13.4503400
12.6699999  13.4447774  13.4447774
12.6799999  13.4390897  13.4390897
12.6899999  13.4332792  13.4332792
12.6999999  13.4273480  13.4273480
12.7099999  13.4212986  13.4212986
12.7199999  13.4151331  13.4151331
12.7299999  13.4088540  13.4088540
12.7399999  13.4024637  13.4024637
12.7499999  13.3959645  13.3959645
12.7599999  13.3893590  13.3893590
12.7699999  13.3826495  13.3826495
12.7799999  13.3758386  13.3758386
12.7899999  13.3689288  13.3689288
12.7999999  13.3619226  13.3619226
12.8099999  13.3548225  13.3548225
12.8199999  13.3476313  13.3476313
12.8299999  13.3403513  13.3403513
12.8399999  13.3329854  13.3329854
12.8499999  13.3255362  13.3255362
12.8599999  13.3180062  13.3180062
12.8699999  13.3103982  13.3103982
12.8799999  13.3027149  13.3027149
12.8899999  13.2949589  13.2949589
12.8999999  13.2871331  13.2871331
12.9099999  13.2792402  13.2792402
12.9199999  13.2712828  13.2712828
12.9299999  13.2632639  13.2632639
12.9399999  13.2551860  13.2551860
12.9499999  13.2470521  13.2470521
12.9599999  13.2388650  13.2388650
12.9699999  13.2306274  13.2306274
12.9799999  13.2223421  13.2223421
12.9899999  13.2140120  13.2140120
12.9999999  13.2056398  13.2056398
13.0099999  13.1972285  13.1972285
13.0199999  13.1887808  13.1887808
13.0299999  13.1802996  13.1802996
13.0399999  13.1717877  13.1717877
13.0499999  13.1632479  13.1632479
13.0599999  13.1546831  13.1546831
13.0699999  13.1460961  13.1460961
13.0799999  13.1374897  13.1374897
13.0899999  13.1288669  13.1288669
13.0999999  13.1202303  13.1202303
13.1099999  13.1115828  13.1115828
13.1199999  13.1029272  13.1029272
13.1299999  13.0942664  13.0942664
13.1399999  13.0856031  13.0856031
13.1499999  13.0769402  13.0769402
13.1599999  13.0682804  13.0682804
13.1699999  13.0596264  13.0596264
13.1799999  13.0509812  13.0509812
13.1899999  13.0423473  13.0423473
13.1999999  13.0337275  13.0337275
13.2099999  13.0251246  13.0251246
13.2199999  13.0165413  13.0165413
13.2299999  13.0079803  13.0079803
13.2399999  12.9994443  12.9994443
13.2499999  12.9909358  12.9909358
13.2599999  12.9824576  12.9824576
13.2699999  12.9740123  12.9740123
13.2799999  12.9656025  12.9656025
13.2899999  12.9572308  12.9572308
13.2999999  12.9488998  12.9488998
13.3099999  12.9406119  12.9406119
13.3199999  12.9323698  12.9323698
13.3299999  12.9241760  12.9241760
13.3399999  12.9160328  12.9160328
13.3499999  12.9079428  12.9079428
13.3599999  12.8999085  12.8999085
13.3699999  12.8919321  12.8919321
13.3799999  12.8840161  12.8840161
13.3899999  12.8761628  12.8761628
13.3999999  12.8683746  12.8683746
13.4099999  12.8606537  12.8606537
13.4199999  12.8530024  12.8530024
13.4299999  12.8454230  12.8454230
13.4399999  12.8379177  12.8379177
13.4499999  12.8304885  12.8304885
13.4599999  12.8231378  12.8231378
13.4699999  12.8158675  12.8158675
13.4799999  12.8086798  12.8086798
13.4899999  12.8015767  12.8015767
13.4999999  12.7945602  12.7945602
13.5099999  12.7876323  12.7876323
13.5199999  12.7807950  12.7807950
13.5299999  12.7740500  12.7740500
13.5399999  12.7673994  12.7673994
13.5499999  12.7608450  12.7608450
13.5599999  12.7543885  12.7543885
13.5699999  12.7480317  12.7480317
13.5799999  12.7417763  12.7417763
13.5899999  12.7356241  12.7356241
13.5999999  12.7295766  12.7295766
13.6099999  12.7236355  12.7236355
13.6199999  12.7178023  12.7178023
13.6299999  12.7120786  12.7120786
13.6399999  12.7064659  12.7064659
13.6499999  12.7009655  12.7009655
13.6599999  12.6955790  12.6955790
13.6699999  12.6903076  12.6903076
13.6799999  12.6851527  12.6851527
13.6899999  12.6801156  12.6801156
13.6999999  12.6751975  12.6751975
13.7099999  12.6703997  12.6703997
13.7199999  12.6657232  12.6657232
13.7299999  12.6611692  12.6611692
13.7399999  12.6567388  12.6567388
13.7499999  12.6524329  12.6524329
13.7599999  12.6482527  12.6482527
13.7699999  12.6441989  12.6441989
13.7799999  12.6402725  12.6402725
13.7899999  12.6364744  12.6364744
13.7999999  12.6328054  12.6328054
13.8099999  12.6292662  12.6292662
13.8199999  12.6258575  12.6258575
13.8299999  12.6225801  12.6225801
13.8399999  12.6194345  12.6194345
13.8499999  12.6164214  12.6164214
13.8599999  12.6135413  12.6135413
13.8699999  12.6107946  12.6107946
13.8799999  12.6081819  12.6081819
13.8899999  12.6057036  12.6057036
13.8999999  12.6033599  12.6033599
13.9099999  12.6011513  12.6011513
13.9199999  12.5990781  12.5990781
13.9299999  12.5971403  12.5971403
13.9399999  12.5953383  12.5953383
13.9499999  12.5936722  12.5936722
13.9599999  12.5921420  12.5921420
13.9699999  12.5907479  12.5907479
13.9799999  12.5894898  12.5894898
13.9899999  12.5883677  12.5883677
13.9999999  12.5873815  12.5873815
14.0099999  12.5865312  12.5865312
14.0199999  12.5858164  12.5858164
14.0299999  12.5852372  12.5852372
14.0399999  12.5847931  12.5847931
14.0499999  12.5844839  12.5844839
14.0599999  12.5843093  12.5843093
14.0699999  12.5842689  12.5842689
14.0799999  12.5843622  12.5843622
14.0899999  12.5845889  12.5845889
14.0999999  12.5849483  12.5849483
14.1099999  12.5854400  12.5854400
14.1199999  12.5860634  12.5860634
14.1299999  12.5868179  12.5868179
14.1399999  12.5877028  12.5877028
14.1499999  12.5887173  12.5887173
14.1599999  12.5898608  12.5898608
14.1699999  12.5911325  12.5911325
14.1799999  12.5925315  12.5925315
14.1899999  12.5940570  12.5940570
14.1999999  12.5957081  12.5957081
14.2099999  12.5974838  12.5974838
14.2199999  12.5993832  12.5993832
14.2299999  12.6014053  12.6014053
14.2399999  12.6035491  12.6035491
14.2499999  12.6058133  12.6058133
14.2599999  12.6081971  12.6081971
14.2699999  12.6106991  12.6106991
14.2799999  12.6133182  12.6133182
14.2899999  12.6160531  12.6160531
14.2999999  12.6189028  12.6189028
14.3099999  12.6218657  12.6218657
14.3199999  12.6249407  12.6249407
14.3299999  12.6281264  12.6281264
14.3399999  12.6314213  12.6314213
14.3499999  12.6348242  12.6348242
14.3599999  12.6383335  12.6383335
14.3699999  12.6419478  12.6419478
14.3799999  12.6456656  12.6456656
14.3899999  12.6494853  12.6494853
14.3999999  12.6534054  12.6534054
14.4099999  12.6574243  12.6574243
14.4199999  12.6615405  12.6615405
14.4299999  12.6657522  12.6657522
14.4399999  12.6700578  12.6700578
14.4499999  12.6744556  12.6744556
14.4599999  12.6789439  12.6789439
14.4699999  12.6835211  12.6835211
14.4799999  12.6881852  12.6881852
14.4899999  12.6929346  12.6929346
14.4999999  12.6977674  12.6977674
14.5099999  12.7026819  12.7026819
14.5199999  12.7076761  12.7076761
14.5299999  12.7127482  12.7127482
14.5399999  12.7178964  12.7178964
14.5499999  12.7231187  12.7231187
14.5599999  12.7284132  12.7284132
14.5699999  12.7337780  12.7337780
14.5799999  12.7392111  12.7392111
14.5899999  12.7447107  12.7447107
14.5999999  12.7502745  12.7502745
14.6099999  12.7559008  12.7559008
14.6199999  12.7615875  12.7615875
14.6299999  12.7673325  12.7673325
14.6399999  12.7731339  12.7731339
14.6499999  12.7789895  12.7789895
14.6599999  12.7848973  12.7848973
14.6699999  12.7908553  12.7908553
14.6799999  12.7968614  12.7968614
14.6899999  12.8029135  12.8029135
14.6999999  12.8090095  12.8090095
14.7099999  12.8151472  12.8151472
14.7199999  12.8213247  12.8213247
14.7299999  12.8275398  12.8275398
14.7399999  12.8337903  12.8337903
14.7499999  12.8400741  12.8400741
14.7599999  12.8463891  12.8463891
14.7699999  12.8527333  12.8527333
14.7799999  12.8591044  12.8591044
14.7899999  12.8655002  12.8655002
14.7999999  12.8719188  12.8719188
14.8099999  12.8783579  12.8783579
14.8199999  12.8848154  12.8848154
14.8299999  12.8912892  12.8912892
14.8399999  12.8977771  12.8977771
14.8499999  12.9042770  12.9042770
14.8599999  12.9107868  12.9107868
14.8699999  12.9173043  12.9173043
14.8799999  12.9238275  12.9238275
14.8899999  12.9303542  12.9303542
14.8999999  12.9368823  12.9368823
14.9099999  12.9434097  12.9434097
14.9199999  12.9499343  12.9499343
14.9299999  12.9564541  12.9564541
14.9399999  12.9629668  12.9629668
14.9499999  12.9694706  12.9694706
14.9599999  12.9759632  12.9759632
14.9699999  12.9824427  12.9824427
14.9799999  12.9889070  12.9889070
14.9899999  12.9953542  12.9953542
14.9999999  13.0017820  13.0017820
15.0099999  13.0081887  13.0081887
15.0199999  13.0145721  13.0145721
15.0299999  13.0209303  13.0209303
15.0399999  13.0272613  13.0272613
15.0499999  13.0335633  13.0335633
15.0599999  13.0398341  13.0398341
15.0699999  13.0460720  13.0460720
15.0799999  13.0522751  13.0522751
15.0899999  13.0584414  13.0584414
15.0999999  13.0645691  13.0645691
15.1099999  13.0706564  13.0706564
15.1199999  13.0767013  13.0767013
15.1299999  13.0827022  13.0827022
15.1399999  13.0886572  13.0886572
15.1499999  13.0945646  13.0945646
15.1599999  13.1004225  13.1004225
15.1699999  13.1062294  13.1062294
15.1799999  13.1119834  13.1119834
15.1899999  13.1176830  13.1176830
15.1999999  13.1233264  13.1233264
15.2099999  13.1289120  13.1289120
15.2199999  13.1344382  13.1344382
15.2299999  13.1399034  13.1399034
15.2399999  13.1453061  13.1453061
15.2499999  13.1506448  13.1506448
15.2599999  13.1559178  13.1559178
15.2699999  13.1611238  13.1611238
15.2799999  13.1662612  13.1662612
15.2899999  13.1713287  13.1713287
15.2999999  13.1763248  13.1763248
15.3099999  13.1812481  13.1812481
15.3199999  13.1860974  13.1860974
15.3299999  13.1908713  13.1908713
15.3399999  13.1955684  13.1955684
15.3499999  13.2001876  13.2001876
15.3599999  13.2047276  13.2047276
15.3699999  13.2091872  13.2091872
15.3799999  13.2135652  13.2135652
15.3899999  13.2178605  13.2178605
15.3999999  13.2220720  13.2220720
15.4099999  13.2261985  13.2261985
15.4199999  13.2302390  13.2302390
15.4299999  13.2341926  13.2341926
15.4399999  13.2380581  13.2380581
15.4499999  13.2418347  13.2418347
15.4599999  13.2455214  13.2455214
15.4699999  13.2491174  13.2491174
15.4799999  13.2526217  13.2526217
15.4899999  13.2560335  13.2560335
15.4999999  13.2593521  13.2593521
15.5099999  13.2625766  13.2625766
15.5199999  13.2657064  13.2657064
15.5299999  13.2687406  13.2687406
15.5399999  13.2716788  13.2716788
15.5499999  13.2745201  13.2745201
15.5599999  13.2772641  13.2772641
15.5699999  13.2799101  13.2799101
15.5799999  13.2824577  13.2824577
15.5899999  13.2849062  13.2849062
15.5999999  13.2872553  13.2872553
15.6099999  13.2895045  13.2895045
15.6199999  13.2916535  13.2916535
15.6299999  13.2937017  13.2937017
15.6399999  13.2956490  13.2956490
15.6499999  13.2974949  13.2974949
15.6599999  13.2992393  13.2992393
15.6699999  13.3008819  13.3008819
15.6799999  13.3024225  13.3024225
15.6899999  13.3038609  13.3038609
15.6999999  13.3051970  13.3051970
15.7099999  13.3064308  13.3064308
15.7199999  13.3075620  13.3075620
15.7299999  13.3085908  13.3085908
15.7399999  13.3095170  13.3095170
15.7499999  13.3103408  13.3103408
15.7599999  13.3110621  13.3110621
15.7699999  13.3116812  13.3116812
15.7799999  13.3121980  13.3121980
15.7899999  13.3126129  13.3126129
15.7999999  13.3129259  13.3129259
15.8099999  13.3131373  13.3131373
15.8199999  13.3132474  13.3132474
15.8299999  13.3132564  13.3132564
15.8399999  13.3131647  13.3131647
15.8499999  13.3129727  13.3129727
15.8599999  13.3126806  13.3126806
15.8699999  13.3122890  13.3122890
15.8799999  13.3117982  13.3117982
15.8899999  13.3112088  13.3112088
15.8999999  13.3105212  13.3105212
15.9099999  13.3097361  13.3097361
15.9199999  13.3088538  13.3088538
15.9299999  13.3078752  13.3078752
15.9399999  13.3068007  13.3068007
15.9499999  13.3056310  13.3056310
15.9599999  13.3043669  13.3043669
15.9699999  13.3030090  13.3030090
15.9799999  13.3015580  13.3015580
15.9899999  13.3000148  13.3000148
15.9999999  13.2983801  13.2983801
16.0099999  13.2966547  13.2966547
16.0199999  13.2948395  13.2948395
16.0299999  13.2929354  13.2929354
16.0399999  13.2909432  13.2909432
16.0499999  13.2888639  13.2888639
16.0599999  13.2866985  13.2866985
16.0699999  13.2844478  13.2844478
16.0799999  13.2821129  13.2821129
16.0899999  13.2796949  13.2796949
16.0999999  13.2771947  13.2771947
16.1099999  13.2746134  13.2746134
16.1199999  13.2719522  13.2719522
16.1299999  13.2692121  13.2692121
16.1399999  13.2663943  13.2663943
16.1499999  13.2634998  13.2634998
16.1599999  13.2605300  13.2605300
16.1699999  13.2574860  13.2574860
16.1799999  13.2543690  13.2543690
16.1899999  13.2511803  13.2511803
16.1999999  13.2479210  13.2479210
16.2099999  13.2445926  13.2445926
16.2199999  13.2411962  13.2411962
16.2299999  13.2377332  13.2377332
16.2399999  13.2342049  13.2342049
16.2499999  13.2306127  13.2306127
16.2599999  13.2269578  13.2269578
16.2699999  13.2232418  13.2232418
16.2799999  13.2194660  13.2194660
16.2899999  13.2156317  13.2156317
16.2999999  13.2117405  13.2117405
16.3099999  13.2077937  13.2077937
16.3199999  13.2037927  13.2037927
16.3299999  13.1997392  13.1997392
16.3399999  13.1956344  13.1956344
16.3499999  13.1914800  13.1914800
16.3599999  13.1872774  13.1872774
16.3699999  13.1830281  13.1830281
16.3799999  13.1787336  13.1787336
16.3899999  13.1743954  13.1743954
16.3999999  13.1700151  13.1700151
16.4099999  13.1655943  13.1655943
16.4199999  13.1611344  13.1611344
16.4299999  13.1566371  13.1566371
16.4399999  13.1521039  13.1521039
16.4499999  13.1475364  13.1475364
16.4599999  13.1429361  13.1429361
16.4699999  13.1383047  13.1383047
16.4799999  13.1336437  13.1336437
16.4899999  13.1289547  13.1289547
16.4999999  13.1242393  13.1242393
16.5099999  13.1194991  13.1194991
16.5199999  13.1147358  13.1147358
16.5299999  13.1099509  13.1099509
16.5399999  13.1051461  13.1051461
16.5499999  13.1003229  13.1003229
16.5599999  13.0954829  13.0954829
16.5699999  13.0906278  13.0906278
16.5799999  13.0857592  13.0857592
16.5899999  13.0808787  13.0808787
16.5999999  13.0759878  13.0759878
16.6099999  13.0710883  13.0710883
16.6199999  13.0661816  13.0661816
16.6299999  13.0612695  13.0612695
16.6399999  13.0563534  13.0563534
16.6499999  13.0514350  13.0514350
16.6599999  13.0465159  13.0465159
16.6699999  13.0415977  13.0415977
16.6799999  13.0366819  13.0366819
16.6899999  13.0317701  13.0317701
16.6999999  13.0268639  13.0268639
16.7099999  13.0219648  13.0219648
16.7199999  13.0170744  13.0170744
16.7299999  13.0121943  13.0121943
16.7399999  13.0073259  13.0073259
16.7499999  13.0024708  13.0024708
16.7599999  12.9976305  12.9976305
16.7699999  12.9928066  12.9928066
16.7799999  12.9880004  12.9880004
16.7899999  12.9832136  12.9832136
16.7999999  12.9784475  12.9784475
16.8099999  12.9737037  12.9737037
16.8199999  12.9689836  12.9689836
16.8299999  12.9642887  12.9642887
16.8399999  12.9596203  12.9596203
16.8499999  12.9549799  12.9549799
16.8599999  12.9503689  12.9503689
16.8699999  12.9457887  12.9457887
16.8799999  12.9412406  12.9412406
16.8899999  12.9367260  12.9367260
16.8999999  12.9322463  12.9322463
16.9099999  12.9278028  12.9278028
16.9199999  12.9233967  12.9233967
16.9299999  12.9190295  12.9190295
16.9399999  12.9147023  12.9147023
16.9499999  12.9104164  12.9104164
16.9599999  12.9061731  12.9061731
16.9699999  12.9019736  12.9019736
16.9799999  12.8978192  12.8978192
16.9899999  12.8937109  12.8937109
16.9999999  12.8896500  12.8896500
17.0099999  12.8856376  12.8856376
17.0199999  12.8816749  12.8816749
17.0299999  12.8777630  12.8777630
17.0399999  12.8739029  12.8739029
17.0499999  12.8700958  12.8700958
17.0599999  12.8663427  12.8663427
17.0699999  12.8626446  12.8626446
17.0799999  12.8590025  12.8590025
17.0899999  12.8554175  12.8554175
17.0999999  12.8518904  12.8518904
17.1099999  12.8484224  12.8484224
17.1199999  12.8450142  12.8450142
17.1299999  12.8416667  12.8416667
17.1399999  12.8383810  12.8383810
17.1499999  12.8351577  12.8351577
17.1599999  12.8319978  12.8319978
17.1699999  12.8289021  12.8289021
17.1799999  12.8258713  12.8258713
17.1899999  12.8229062  12.8229062
17.1999999  12.8200076  12.8200076
17.2099999  12.8171762  12.8171762
17.2199999  12.8144127  12.8144127
17.2299999  12.8117176  12.8117176
17.2399999  12.8090918  12.8090918
17.2499999  12.8065358  12.8065358
17.2599999  12.8040502  12.8040502
17.2699999  12.8016355  12.8016355
17.2799999  12.7992924  12.7992924
17.2899999  12.7970214  12.7970214
17.2999999  12.7948229  12.7948229
17.3099999  12.7926974  12.7926974
17.3199999  12.7906454  12.7906454
17.3299999  12.7886673  12.7886673
17.3399999  12.7867634  12.7867634
17.3499999  12.7849343  12.7849343
17.3599999  12.7831801  12.7831801
17.3699999  12.7815013  12.7815013
17.3799999  12.7798982  12.7798982
17.3899999  12.7783709  12.7783709
17.3999999  12.7769198  12.7769198
17.4099999  12.7755451  12.7755451
17.4199999  12.7742469  12.7742469
17.4299999  12.7730255  12.7730255
17.4399999  12.7718809  12.7718809
17.4499999  12.7708134  12.7708134
17.4599999  12.7698230  12.7698230
17.4699999  12.7689098  12.7689098
17.4799999  12.7680737  12.7680737
17.4899999  12.7673150  12.7673150
17.4999999  12.7666334  12.7666334
17.5099999  12.7660291  12.7660291
17.5199999  12.7655019  12.7655019
17.5299999  12.7650518  12.7650518
17.5399999  12.7646787  12.7646787
17.5499999  12.7643824  12.7643824
17.5599999  12.7641628  12.7641628
17.5699999  12.7640197  12.7640197
17.5799999  12.7639530  12.7639530
17.5899999  12.7639623  12.7639623
17.5999999  12.7640475  12.7640475
17.6099999  12.7642082  12.7642082
17.6199999  12.7644443  12.7644443
17.6299999  12.7647553  12.7647553
17.6399999  12.7651409  12.7651409
17.6499999  12.7656007  12.7656007
17.6599999  12.7661345  12.7661345
17.6699999  12.7667417  12.7667417
17.6799999  12.7674219  12.7674219
17.6899999  12.7681748  12.7681748
17.6999999  12.7689997  12.7689997
17.7099999  12.7698962  12.7698962
17.7199999  12.7708638  12.7708638
17.7299999  12.7719020  12.7719020
17.7399999  12.7730101  12.7730101
17.7499999  12.7741877  12.7741877
17.7599999  12.7754340  12.7754340
17.7699999  12.7767485  12.7767485
17.7799999  12.7781306  12.7781306
17.7899999  12.7795796  12.7795796
17.7999999  12.7810947  12.7810947
17.8099999  12.7826754  12.7826754
17.8199999  12.7843208  12.7843208
17.8299999  12.7860303  12.7860303
17.8399999  12.7878030  12.7878030
17.8499999  12.7896383  12.7896383
17.8599999  12.7915353  12.7915353
17.8699999  12.7934932  12.7934932
17.8799999  12.7955112  12.7955112
17.8899999  12.7975884  12.7975884
17.9        12.7997240  12.7997240
17.91       12.8019172  12.8019172
17.92       12.8041670  12.8041670
17.9300000  12.8064725  12.8064725
17.9400000  12.8088327  12.8088327
17.9500000  12.8112469  12.8112469
17.9600000  12.8137140  12.8137140
17.9700000  12.8162330  12.8162330
17.9800000  12.8188030  12.8188030
17.9900000  12.8214230  12.8214230
18.0000000  12.8240919  12.8240919
18.0100000  12.8268089  12.8268089
18.0200000  12.8295728  12.8295728
18.0300000  12.8323825  12.8323825
18.0400000  12.8352371  12.8352371
18.0500000  12.8381356  12.8381356
18.0600000  12.8410767  12.8410767
18.0700000  12.8440594  12.8440594
18.0800000  12.8470827  12.8470827
18.0900000  12.8501455  12.8501455
18.1000000  12.8532465  12.8532465
18.1100000  12.8563848  12.8563848
18.1200000  12.8595592  12.8595592
18.1300000  12.8627684  12.8627684
18.1400000  12.8660115  12.8660115
18.1500000  12.8692873  12.8692873
18.1600000  12.8725945  12.8725945
18.1700000  12.8759320  12.8759320
18.1800000  12.8792987  12.8792987
18.1900000  12.8826934  12.8826934
18.2000000  12.8861149  12.8861149
18.2100000  12.8895620  12.8895620
18.2200000  12.8930335  12.8930335
18.2300000  12.8965282  12.8965282
18.2400000  12.9000449  12.9000449
18.2500000  12.9035825  12.9035825
18.2600000  12.9071397  12.9071397
18.2700000  12.9107154  12.9107154
18.2800000  12.9143082  12.9143082
18.2900000  12.9179170  12.9179170
18.3000000  12.9215406  12.9215406
18.3100000  12.9251778  12.9251778
18.3200000  12.9288273  12.9288273
18.3300000  12.9324880  12.9324880
18.3400000  12.9361587  12.9361587
18.3500000  12.9398380  12.9398380
18.3600000  12.9435249  12.9435249
18.3700000  12.9472180  12.9472180
18.3800000  12.9509163  12.9509163
18.3900000  12.9546184  12.9546184
18.4000000  12.9583233  12.9583233
18.4100000  12.9620296  12.9620296
18.4200000  12.9657362  12.9657362
18.4300000  12.9694419  12.9694419
18.4400000  12.9731455  12.9731455
18.4500000  12.9768459  12.9768459
18.4600000  12.9805418  12.9805418
18.4700000  12.9842321  12.9842321
18.4800000  12.9879155  12.9879155
18.4900000  12.9915911  12.9915911
18.5000000  12.9952575  12.9952575
18.5100000  12.9989136  12.9989136
18.5200000  13.0025584  13.0025584
18.5300000  13.0061906  13.0061906
18.5400000  13.0098091  13.0098091
18.5500000  13.0134129  13.0134129
18.5600000  13.0170007  13.0170007
18.5700000  13.0205716  13.0205716
18.5800000  13.0241244  13.0241244
18.5900000  13.0276580  13.0276580
18.6000000  13.0311713  13.0311713
18.6100000  13.0346633  13.0346633
18.6200000  13.0381330  13.0381330
18.6300000  13.0415792  13.0415792
18.6400000  13.0450011  13.0450011
18.6500000  13.0483974  13.0483974
18.6600000  13.0517673  13.0517673
18.6700000  13.0551097  13.0551097
18.6800000  13.0584236  13.0584236
18.6900000  13.0617081  13.0617081
18.7000000  13.0649622  13.0649622
18.7100000  13.0681849  13.0681849
18.7200000  13.0713754  13.0713754
18.7300000  13.0745327  13.0745327
18.7400000  13.0776559  13.0776559
18.7500000  13.0807441  13.0807441
18.7600000  13.0837963  13.0837963
18.7700000  13.0868119  13.0868119
18.7800000  13.0897898  13.0897898
18.7900000  13.0927293  13.0927293
18.8000000  13.0956296  13.0956296
18.8100000  13.0984898  13.0984898
18.8200000  13.1013091  13.1013091
18.8300000  13.1040868  13.1040868
18.8400000  13.1068221  13.1068221
18.8500000  13.1095143  13.1095143
18.8600000  13.1121626  13.1121626
18.8700000  13.1147663  13.1147663
18.8800000  13.1173248  13.1173248
18.8900000  13.1198374  13.1198374
18.9000000  13.1223033  13.1223033
18.9100000  13.1247220  13.1247220
18.9200000  13.1270929  13.1270929
18.9300000  13.1294152  13.1294152
18.9400000  13.1316885  13.1316885
18.9500000  13.1339122  13.1339122
18.9600000  13.1360857  13.1360857
18.9700000  13.1382084  13.1382084
18.9800000  13.1402799  13.1402799
18.9900000  13.1422996  13.1422996
19.0000000  13.1442671  13.1442671
19.0100000  13.1461819  13.1461819
19.0200000  13.1480435  13.1480435
19.0300000  13.1498516  13.1498516
19.0400000  13.1516057  13.1516057
19.0500000  13.1533054  13.1533054
19.0600000  13.1549504  13.1549504
19.0700000  13.1565402  13.1565402
19.0800000  13.1580747  13.1580747
19.0900000  13.1595534  13.1595534
19.1000000  13.1609760  13.1609760
19.1100000  13.1623423  13.1623423
19.1200000  13.1636521  13.1636521
19.1300000  13.1649050  13.1649050
19.1400000  13.1661009  13.1661009
19.1500000  13.1672396  13.1672396
19.1600000  13.1683208  13.1683208
19.1700000  13.1693445  13.1693445
19.1800000  13.1703104  13.1703104
19.1900000  13.1712185  13.1712185
19.2000000  13.1720686  13.1720686
19.2100000  13.1728607  13.1728607
19.2200000  13.1735946  13.1735946
19.2300000  13.1742704  13.1742704
19.2400000  13.1748880  13.1748880
19.2500000  13.1754474  13.1754474
19.2600000  13.1759486  13.1759486
19.2700000  13.1763916  13.1763916
19.2800000  13.1767765  13.1767765
19.2900000  13.1771034  13.1771034
19.3000000  13.1773722  13.1773722
19.3100000  13.1775832  13.1775832
19.3200000  13.1777364  13.1777364
19.3300000  13.1778320  13.1778320
19.3400000  13.1778701  13.1778701
19.3500000  13.1778509  13.1778509
19.3600000  13.1777746  13.1777746
19.3700000  13.1776414  13.1776414
19.3800000  13.1774516  13.1774516
19.3900000  13.1772053  13.1772053
19.4000000  13.1769028  13.1769028
19.4100000  13.1765444  13.1765444
19.4200000  13.1761304  13.1761304
19.4300000  13.1756612  13.1756612
19.4400000  13.1751370  13.1751370
19.4500000  13.1745581  13.1745581
19.4600000  13.1739250  13.1739250
19.4700000  13.1732381  13.1732381
19.4800000  13.1724976  13.1724976
19.4900000  13.1717041  13.1717041
19.5000000  13.1708580  13.1708580
19.5100000  13.1699596  13.1699596
19.5200000  13.1690095  13.1690095
19.5300000  13.1680081  13.1680081
19.5400000  13.1669560  13.1669560
19.5500000  13.1658535  13.1658535
19.5600000  13.1647013  13.1647013
19.5700000  13.1634998  13.1634998
19.5800000  13.1622497  13.1622497
19.5900000  13.1609514  13.1609514
19.6000000  13.1596055  13.1596055
19.6100000  13.1582126  13.1582126
19.6200000  13.1567734  13.1567734
19.6300000  13.1552884  13.1552884
19.6400000  13.1537583  13.1537583
19.6500000  13.1521836  13.1521836
19.6600000  13.1505651  13.1505651
19.6700000  13.1489034  13.1489034
19.6800000  13.1471992  13.1471992
19.6900000  13.1454531  13.1454531
19.7000000  13.1436659  13.1436659
19.7100000  13.1418383  13.1418383
19.7200000  13.1399709  13.1399709
19.7300000  13.1380645  13.1380645
19.7400000  13.1361199  13.1361199
19.7500000  13.1341378  13.1341378
19.7600000  13.1321189  13.1321189
19.7700000  13.1300641  13.1300641
19.7800000  13.1279740  13.1279740
19.7900000  13.1258496  13.1258496
19.8000000  13.1236915  13.1236915
19.8100000  13.1215005  13.1215005
19.8200000  13.1192776  13.1192776
19.8300000  13.1170235  13.1170235
19.8400000  13.1147390  13.1147390
19.8500000  13.1124249  13.1124249
19.8600000  13.1100822  13.1100822
19.8700000  13.1077116  13.1077116
19.8800000  13.1053140  13.1053140
19.8900000  13.1028902  13.1028902
19.9000000  13.1004412  13.1004412
19.9100000  13.0979677  13.0979677
19.9200000  13.0954707  13.0954707
19.9300000  13.0929511  13.0929511
19.9400000  13.0904096  13.0904096
19.9500000  13.0878473  13.0878473
19.9600000  13.0852650  13.0852650
19.9700000  13.0826635  13.0826635
19.9800000  13.0800439  13.0800439
19.9900000  13.0774069  13.0774069
20.0000000  13.0747535  13.0747535
20.0100000  13.0720847  13.0720847
20.0200000  13.0694012  13.0694012
20.0300000  13.0667041  13.0667041
20.0400000  13.0639942  13.0639942
20.0500000  13.0612724  13.0612724
20.0600000  13.0585397  13.0585397
20.0700000  13.0557969  13.0557969
20.0800000  13.0530450  13.0530450
20.0900000  13.0502850  13.0502850
20.1000000  13.0475176  13.0475176
20.1100000  13.0447438  13.0447438
20.1200000  13.0419646  13.0419646
20.1300000  13.0391808  13.0391808
20.1400000  13.0363934  13.0363934
20.1500000  13.0336033  13.0336033
20.1600000  13.0308113  13.0308113
20.1700000  13.0280183  13.0280183
20.1800000  13.0252254  13.0252254
20.1900000  13.0224333  13.0224333
20.2000000  13.0196430  13.0196430
20.2100000  13.0168553  13.0168553
20.2200000  13.0140712  13.0140712
20.2300000  13.0112915  13.0112915
20.2400000  13.0085171  13.0085171
20.2500000  13.0057489  13.0057489
20.2600000  13.0029878  13.0029878
20.2700000  13.0002345  13.0002345
20.2800000  12.9974901  12.9974901
20.2900000  12.9947552  12.9947552
20.3000000  12.9920309  12.9920309
20.3100000  12.9893178  12.9893178
20.3200000  12.9866169  12.9866169
20.3300000  12.9839290  12.9839290
20.3400000  12.9812550  12.9812550
20.3500000  12.9785955  12.9785955
20.3600000  12.9759514  12.9759514
20.3700000  12.9733236  12.9733236
20.3800000  12.9707128  12.9707128
20.3900000  12.9681199  12.9681199
20.4000000  12.9655455  12.9655455
20.4100000  12.9629904  12.9629904
20.4200000  12.9604555  12.9604555
20.4300000  12.9579414  12.9579414
20.4400000  12.9554489  12.9554489
20.4500000  12.9529788  12.9529788
20.4600000  12.9505317  12.9505317
20.4700000  12.9481084  12.9481084
20.4800000  12.9457095  12.9457095
20.4900000  12.9433358  12.9433358
20.5000000  12.9409880  12.9409880
20.5100000  12.9386667  12.9386667
20.5200000  12.9363725  12.9363725
20.5300000  12.9341062  12.9341062
20.5400000  12.9318684  12.9318684
20.5500000  12.9296596  12.9296596
20.5600000  12.9274806  12.9274806
20.5700000  12.9253319  12.9253319
20.5800000  12.9232140  12.9232140
20.5900000  12.9211277  12.9211277
20.6000000  12.9190734  12.9190734
20.6100000  12.9170518  12.9170518
20.6200000  12.9150633  12.9150633
20.6300000  12.9131085  12.9131085
20.6400000  12.9111880  12.9111880
20.6500000  12.9093021  12.9093021
20.6600000  12.9074515  12.9074515
20.6700000  12.9056366  12.9056366
20.6800000  12.9038578  12.9038578
20.6900000  12.9021156  12.9021156
20.7000000  12.9004106  12.9004106
20.7100000  12.8987430  12.8987430
20.7200000  12.8971133  12.8971133
20.7300000  12.8955220  12.8955220
20.7400000  12.8939693  12.8939693
20.7500000  12.8924557  12.8924557
20.7600000  12.8909816  12.8909816
20.7700000  12.8895472  12.8895472
20.7800000  12.8881530  12.8881530
20.7900000  12.8867992  12.8867992
20.8000000  12.8854861  12.8854861
20.8100000  12.8842141  12.8842141
20.8200000  12.8829833  12.8829833
20.8300000  12.8817942  12.8817942
20.8400000  12.8806468  12.8806468
20.8500000  12.8795416  12.8795416
20.8600000  12.8784786  12.8784786
20.8700000  12.8774580  12.8774580
20.8800000  12.8764802  12.8764802
20.8900000  12.8755452  12.8755452
20.9000000  12.8746532  12.8746532
20.9100000  12.8738044  12.8738044
20.9200000  12.8729988  12.8729988
20.9300000  12.8722367  12.8722367
20.9400000  12.8715181  12.8715181
20.9500000  12.8708431  12.8708431
20.9600000  12.8702118  12.8702118
20.9700000  12.8696243  12.8696243
20.9800000  12.8690805  12.8690805
20.9900000  12.8685806  12.8685806
21.0000000  12.8681246  12.8681246
21.0100000  12.8677124  12.8677124
21.0200000  12.8673440  12.8673440
21.0300000  12.8670195  12.8670195
21.0400000  12.8667387  12.8667387
21.0500000  12.8665017  12.8665017
21.0600000  12.8663084  12.8663084
21.0700000  12.8661587  12.8661587
21.0800000  12.8660525  12.8660525
21.0900000  12.8659897  12.8659897
21.1000000  12.8659701  12.8659701
21.1100000  12.8659937  12.8659937
21.1200000  12.8660603  12.8660603
21.1300000  12.8661698  12.8661698
21.1400000  12.8663219  12.8663219
21.1500000  12.8665165  12.8665165
21.1600000  12.8667534  12.8667534
21.1700000  12.8670324  12.8670324
21.1800000  12.8673532  12.8673532
21.1900000  12.8677156  12.8677156
21.2000000  12.8681194  12.8681194
21.2100000  12.8685642  12.8685642
21.2200000  12.8690499  12.8690499
21.2300000  12.8695761  12.8695761
21.2400000  12.8701426  12.8701426
21.2500000  12.8707490  12.8707490
21.2600000  12.8713950  12.8713950
21.2700000  12.8720802  12.8720802
21.2800000  12.8728044  12.8728044
21.2900000  12.8735671  12.8735671
21.3000000  12.8743680  12.8743680
21.3100000  12.8752067  12.8752067
21.3200000  12.8760829  12.8760829
21.3300000  12.8769960  12.8769960
21.3400000  12.8779458  12.8779458
21.3500000  12.8789317  12.8789317
21.3600000  12.8799534  12.8799534
21.3700000  12.8810104  12.8810104
21.3800000  12.8821023  12.8821023
21.3900000  12.8832285  12.8832285
21.4000000  12.8843887  12.8843887
21.4100000  12.8855823  12.8855823
21.4200000  12.8868088  12.8868088
21.4300000  12.8880678  12.8880678
21.4400000  12.8893587  12.8893587
21.4500000  12.8906810  12.8906810
21.4600000  12.8920343  12.8920343
21.4700000  12.8934178  12.8934178
21.4800000  12.8948312  12.8948312
21.4900000  12.8962739  12.8962739
21.5000000  12.8977452  12.8977452
21.5100000  12.8992447  12.8992447
21.5200000  12.9007718  12.9007718
21.5300000  12.9023259  12.9023259
21.5400000  12.9039063  12.9039063
21.5500000  12.9055126  12.9055126
21.5600000  12.9071441  12.9071441
21.5700000  12.9088002  12.9088002
21.5800000  12.9104802  12.9104802
21.5900000  12.9121837  12.9121837
21.6000000  12.9139099  12.9139099
21.6100000  12.9156582  12.9156582
21.6200000  12.9174281  12.9174281
21.6300000  12.9192187  12.9192187
21.6400000  12.9210296  12.9210296
21.6500000  12.9228601  12.9228601
21.6600000  12.9247095  12.9247095
21.6700000  12.9265771  12.9265771
21.6800000  12.9284623  12.9284623
21.6900000  12.9303645  12.9303645
 solver exceeded maximu number of iterations

21.7000000  12.9322829  12.9322829
21.7100000  12.9342169  12.9342169
21.7200000  12.9361659  12.9361659
21.7300000  12.9381291  12.9381291
21.7400000  12.9401059  12.9401059
21.7500000  12.9420956  12.9420956
21.7600000  12.9440975  12.9440975
21.7700000  12.9461110  12.9461110
21.7800000  12.9481352  12.9481352
21.7900000  12.9501697  12.9501697
21.8000000  12.9522136  12.9522136
21.8100000  12.9542664  12.9542664
21.8200000  12.9563272  12.9563272
21.8300000  12.9583955  12.9583955
21.8400000  12.9604704  12.9604704
21.8500000  12.9625514  12.9625514
21.8600000  12.9646378  12.9646378
21.8700000  12.9667288  12.9667288
21.8800000  12.9688238  12.9688238
21.8900000  12.9709221  12.9709221
21.9000000  12.9730230  12.9730230
21.9100000  12.9751258  12.9751258
21.9200000  12.9772298  12.9772298
21.9300000  12.9793344  12.9793344
21.9400000  12.9814389  12.9814389
21.9500000  12.9835425  12.9835425
21.9600000  12.9856447  12.9856447
21.9700000  12.9877448  12.9877448
21.9800000  12.9898420  12.9898420
21.9900000  12.9919358  12.9919358
22.0000000  12.9940254  12.9940254
22.0100000  12.9961103  12.9961103
22.0200000  12.9981897  12.9981897
22.0300000  13.0002629  13.0002629
22.0400000  13.0023295  13.0023295
22.0500000  13.0043886  13.0043886
22.0600000  13.0064397  13.0064397
22.0700000  13.0084822  13.0084822
22.0800000  13.0105153  13.0105153
22.0900000  13.0125385  13.0125385
22.1000000  13.0145513  13.0145513
22.1100000  13.0165528  13.0165528
22.1200000  13.0185426  13.0185426
22.1300000  13.0205201  13.0205201
22.1400000  13.0224845  13.0224845
22.1500000  13.0244355  13.0244355
22.1600000  13.0263723  13.0263723
22.1700000  13.0282944  13.0282944
22.1800000  13.0302013  13.0302013
22.1900000  13.0320923  13.0320923
22.2000000  13.0339669  13.0339669
22.2100000  13.0358246  13.0358246
22.2200000  13.0376647  13.0376647
22.2300000  13.0394869  13.0394869
22.2400000  13.0412905  13.0412905
22.2500000  13.0430750  13.0430750
22.2600000  13.0448400  13.0448400
22.2700000  13.0465848  13.0465848
22.2800000  13.0483091  13.0483091
22.2900000  13.0500123  13.0500123
22.3000000  13.0516940  13.0516940
22.3100000  13.0533536  13.0533536
22.3200000  13.0549907  13.0549907
22.3300000  13.0566049  13.0566049
22.3400000  13.0581958  13.0581958
22.3500000  13.0597628  13.0597628
22.3600000  13.0613055  13.0613055
22.3700000  13.0628236  13.0628236
22.3800000  13.0643166  13.0643166
22.3900000  13.0657841  13.0657841
