g.NS.time   B1.FAR      S1.N        B1.Wfuel    FNo.Tt      
0.0         0.025       10000.0     23.75       2863.15062  
0.0         0.025       9999.83112  23.7486208  2863.12424  
0.0         0.025       9999.77359  23.7479159  2863.11542  
0.0         0.026       9999.77359  23.7479159  2863.11542  
0.0         0.026       10074.7854  25.4210742  2932.74092  
0.0         0.028       10156.7910  27.2190876  3002.53917  
0.0         0.03        10246.2299  29.1540940  3072.50763  
0.01        0.02602126  10074.8168  25.4421446  2934.01284  
0.02        0.02604251  10074.8723  25.4634148  2935.28712  
0.03        0.02606377  10074.9546  25.4849533  2936.56451  
0.04        0.02608502  10075.0632  25.5067436  2937.84489  
0.05        0.02610627  10075.1977  25.5287815  2939.12814  
0.06000000  0.02612751  10075.3577  25.5510623  2940.41462  
0.07        0.02614874  10075.5427  25.5735812  2941.70319  
0.08        0.02616997  10075.7525  25.5963338  2942.99423  
0.09        0.02619118  10075.9864  25.6193155  2944.28761  
0.09999999  0.02621238  10076.2443  25.6425218  2945.58320  
0.10999999  0.02623357  10076.5256  25.6659482  2946.88089  
0.11999999  0.02625474  10076.8299  25.6895905  2948.18054  
0.12999999  0.02627590  10077.1570  25.7134442  2949.48204  
0.13999999  0.02629704  10077.5064  25.7375052  2950.78527  
0.15        0.02631816  10077.8777  25.7617691  2952.09011  
0.16        0.02633927  10078.2706  25.7862319  2953.39645  
0.17        0.02636036  10078.6847  25.8108894  2954.70417  
0.18000000  0.02638142  10079.1197  25.8357375  2956.01317  
0.19000000  0.02640247  10079.5751  25.8607723  2957.32333  
0.20000000  0.02642349  10080.0507  25.8859898  2958.63455  
0.21000000  0.02644449  10080.5462  25.9113861  2959.94672  
0.22000000  0.02646546  10081.0610  25.9369573  2961.25974  
0.23000000  0.02648641  10081.5950  25.9626995  2962.57350  
0.24000000  0.02650733  10082.1478  25.9886092  2963.88790  
0.25000000  0.02652822  10082.7191  26.0146824  2965.20285  
0.26000000  0.02654908  10083.3085  26.0409156  2966.51824  
0.27000000  0.02656992  10083.9158  26.0673051  2967.83397  
0.28000000  0.02659072  10084.5406  26.0938474  2969.14996  
0.29000000  0.02661149  10085.1826  26.1205389  2970.46612  
0.30000000  0.02663224  10085.8414  26.1473761  2971.78233  
0.31000000  0.02665294  10086.5169  26.1743556  2973.09853  
0.32000000  0.02667362  10087.2087  26.2014740  2974.41462  
0.33000000  0.02669426  10087.9165  26.2287279  2975.73050  
0.34000000  0.02671486  10088.6400  26.2561140  2977.04611  
0.35000000  0.02673543  10089.3790  26.2836291  2978.36134  
0.36000000  0.02675596  10090.1331  26.3112698  2979.67613  
0.37000000  0.02677645  10090.9021  26.3390331  2980.99038  
0.38000000  0.02679691  10091.6857  26.3669158  2982.30401  
0.39000000  0.02681732  10092.4837  26.3949148  2983.61695  
0.40000000  0.02683770  10093.2957  26.4230270  2984.92913  
0.41000000  0.02685803  10094.1216  26.4512493  2986.24045  
0.42000000  0.02687833  10094.9609  26.4795789  2987.55086  
0.43000000  0.02689858  10095.8136  26.5080127  2988.86026  
0.44000000  0.02691879  10096.6794  26.5365478  2990.16860  
0.45000000  0.02693896  10097.5578  26.5651806  2991.47579  
0.46000000  0.02695908  10098.4487  26.5939081  2992.78176  
0.47000000  0.02697916  10099.3519  26.6227284  2994.08645  
0.48000000  0.02699919  10100.2672  26.6516387  2995.38980  
0.49000000  0.02701917  10101.1944  26.6806364  2996.69173  
0.50000000  0.02703912  10102.1331  26.7097188  2997.99219  
0.51000000  0.02705901  10103.0832  26.7388831  2999.29111  
0.52000000  0.02707885  10104.0445  26.7681268  3000.58842  
0.53000000  0.02709865  10105.0168  26.7974474  3001.88407  
0.54000000  0.02711840  10105.9997  26.8268421  3003.17799  
0.55000000  0.02713810  10106.9932  26.8563086  3004.47013  
0.56000000  0.02715775  10107.9969  26.8858442  3005.76042  
0.57000000  0.02717735  10109.0107  26.9154467  3007.04881  
0.58000000  0.02719690  10110.0344  26.9451134  3008.33525  
0.59000000  0.02721640  10111.0678  26.9748422  3009.61966  
0.60000000  0.02723585  10112.1107  27.0046305  3010.90201  
0.61000000  0.02725524  10113.1628  27.0344760  3012.18224  
0.62000000  0.02727458  10114.2240  27.0643765  3013.46030  
0.63000000  0.02729387  10115.2941  27.0943297  3014.73613  
0.64000000  0.02731311  10116.3729  27.1243333  3016.00968  
0.65000000  0.02733229  10117.4602  27.1543852  3017.28091  
0.66000000  0.02735141  10118.5558  27.1844831  3018.54976  
0.67000000  0.02737049  10119.6596  27.2146249  3019.81620  
0.68000000  0.02738950  10120.7713  27.2448085  3021.08016  
0.69000000  0.02740847  10121.8908  27.2750318  3022.34161  
0.70000000  0.02742737  10123.0180  27.3052926  3023.60051  
0.71000000  0.02744622  10124.1526  27.3355890  3024.85680  
0.72000000  0.02746501  10125.2944  27.3659190  3026.11044  
0.73000000  0.02748375  10126.4434  27.3962805  3027.36139  
0.74000000  0.02750243  10127.5993  27.4266716  3028.60962  
0.75000000  0.02752105  10128.7620  27.4570903  3029.85507  
0.76000000  0.02753961  10129.9313  27.4875348  3031.09771  
0.77000000  0.02755811  10131.1071  27.5180032  3032.33751  
0.78000000  0.02757656  10132.2892  27.5484935  3033.57441  
0.79000000  0.02759494  10133.4774  27.5790040  3034.80839  
0.80000000  0.02761327  10134.6717  27.6095328  3036.03941  
0.81000000  0.02763153  10135.8718  27.6400782  3037.26742  
0.82000000  0.02764974  10137.0776  27.6706384  3038.49241  
0.83000000  0.02766789  10138.2889  27.7012116  3039.71432  
0.84000000  0.02768597  10139.5057  27.7317962  3040.93313  
0.85000000  0.02770400  10140.7278  27.7623904  3042.14881  
0.86000000  0.02772196  10141.9550  27.7929925  3043.36132  
0.87000000  0.02773986  10143.1872  27.8236010  3044.57063  
0.88000000  0.02775770  10144.4243  27.8542141  3045.77671  
0.89000000  0.02777548  10145.6661  27.8848303  3046.97953  
0.90000000  0.02779320  10146.9126  27.9154480  3048.17906  
0.91000000  0.02781085  10148.1635  27.9460656  3049.37526  
0.92000000  0.02782844  10149.4187  27.9766816  3050.56812  
0.93000000  0.02784597  10150.6782  28.0072944  3051.75761  
0.94000000  0.02786344  10151.9418  28.0379026  3052.94369  
0.95000000  0.02788084  10153.2093  28.0685047  3054.12634  
0.96000000  0.02789818  10154.4808  28.0990991  3055.30553  
0.97000000  0.02791546  10155.7559  28.1296845  3056.48125  
0.98000000  0.02793267  10157.0347  28.1602594  3057.65345  
0.99000000  0.02794982  10158.3169  28.1908225  3058.82213  
1.00000000  0.02796690  10159.6026  28.2213723  3059.98726  
1.01000000  0.02798392  10160.8916  28.2519074  3061.14880  
1.02000000  0.02800088  10162.1837  28.2824266  3062.30675  
1.03000000  0.02801777  10163.4788  28.3129285  3063.46108  
1.04000000  0.02803459  10164.7770  28.3434118  3064.61177  
1.05000000  0.02805136  10166.0779  28.3738751  3065.75879  
1.06000000  0.02806805  10167.3816  28.4043172  3066.90212  
1.07000000  0.02808468  10168.6880  28.4347369  3068.04176  
1.08000000  0.02810125  10169.9968  28.4651328  3069.17767  
1.09000000  0.02811775  10171.3081  28.4955039  3070.30984  
1.10000000  0.02813418  10172.6218  28.5258488  3071.43824  
1.11000000  0.02815055  10173.9377  28.5561663  3072.56287  
1.12000000  0.02816686  10175.2557  28.5864554  3073.68371  
1.13000000  0.02818309  10176.5758  28.6167147  3074.80073  
1.14000000  0.02819926  10177.8978  28.6469433  3075.91392  
1.15000000  0.02821537  10179.2217  28.6771398  3077.02327  
1.16000000  0.02823141  10180.5473  28.7073034  3078.12876  
1.17000000  0.02824738  10181.8747  28.7374327  3079.23037  
1.18000000  0.02826329  10183.2036  28.7675268  3080.32809  
1.19000000  0.02827913  10184.5340  28.7975846  3081.42191  
1.20000000  0.02829490  10185.8659  28.8276051  3082.51181  
1.21000000  0.02831061  10187.1991  28.8575871  3083.59778  
1.22000000  0.02832625  10188.5335  28.8875296  3084.67980  
1.23000000  0.02834182  10189.8691  28.9174317  3085.75786  
1.24000000  0.02835733  10191.2058  28.9472923  3086.83195  
1.25000000  0.02837277  10192.5435  28.9771105  3087.90207  
1.26000000  0.02838814  10193.8821  29.0068853  3088.96819  
1.27000000  0.02840344  10195.2215  29.0366157  3090.03030  
1.28000000  0.02841868  10196.5618  29.0663008  3091.08840  
1.29000000  0.02843386  10197.9027  29.0959397  3092.14248  
1.30000000  0.02844896  10199.2442  29.1255314  3093.19252  
1.31000000  0.02846400  10200.5863  29.1550751  3094.23852  
1.32000000  0.02847897  10201.9289  29.1845698  3095.28046  
1.33000000  0.02849387  10203.2718  29.2140147  3096.31834  
1.34000000  0.02850871  10204.6151  29.2434089  3097.35215  
1.35000000  0.02852348  10205.9587  29.2727516  3098.38189  
1.36000000  0.02853818  10207.3024  29.3020419  3099.40753  
1.37000000  0.02855282  10208.6463  29.3312790  3100.42908  
1.38000000  0.02856738  10209.9902  29.3604620  3101.44653  
1.39000000  0.02858188  10211.3341  29.3895902  3102.45987  
1.40000000  0.02859632  10212.6779  29.4186627  3103.46909  
1.41000000  0.02861068  10214.0216  29.4476788  3104.47419  
1.42000000  0.02862498  10215.3651  29.4766378  3105.47517  
1.43000000  0.02863921  10216.7083  29.5055388  3106.47201  
1.44000000  0.02865338  10218.0512  29.5343811  3107.46471  
1.45000000  0.02866748  10219.3936  29.5631639  3108.45327  
1.46000000  0.02868151  10220.7357  29.5918866  3109.43768  
1.47000000  0.02869547  10222.0772  29.6205485  3110.41745  
1.48000000  0.02870937  10223.4182  29.6491488  3111.39360  
1.49000000  0.02872319  10224.7585  29.6776868  3112.36559  
1.50000000  0.02873696  10226.0982  29.7061619  3113.33341  
1.51000000  0.02875065  10227.4371  29.7345733  3114.29705  
1.52000000  0.02876428  10228.7752  29.7629204  3115.25653  
1.53000000  0.02877784  10230.1125  29.7912026  3116.21183  
1.54000000  0.02879134  10231.4489  29.8194191  3117.16295  
1.55000000  0.02880476  10232.7843  29.8475694  3118.10989  
1.56000000  0.02881812  10234.1187  29.8756529  3119.05264  
1.57000000  0.02883142  10235.4520  29.9036688  3119.99121  
1.58000000  0.02884464  10236.7842  29.9316167  3120.92560  
1.59000000  0.02885781  10238.1153  29.9594959  3121.85580  
1.60000000  0.02887090  10239.4452  29.9873058  3122.78180  
1.61000000  0.02888393  10240.7738  30.0150459  3123.70362  
1.62000000  0.02889689  10242.1010  30.0427156  3124.62125  
1.63000000  0.02890978  10243.4270  30.0703143  3125.53468  
1.64000000  0.02892261  10244.7515  30.0978416  3126.44392  
1.65000000  0.02893538  10246.0746  30.1252967  3127.34898  
1.66000000  0.02894807  10247.3962  30.1526793  3128.24984  
1.67000000  0.02896070  10248.7162  30.1799887  3129.14651  
1.68000000  0.02897327  10250.0346  30.2072245  3130.03899  
1.69000000  0.02898576  10251.3515  30.2343862  3130.92728  
1.70000000  0.02899820  10252.6666  30.2614732  3131.81138  
1.71000000  0.02901056  10253.9801  30.2884852  3132.69130  
1.72000000  0.02902286  10255.2918  30.3154215  3133.56703  
1.73000000  0.02903510  10256.6016  30.3422817  3134.43857  
1.74000000  0.02904727  10257.9097  30.3690654  3135.30594  
1.75000000  0.02905937  10259.2159  30.3957721  3136.16912  
1.76000000  0.02907141  10260.5201  30.4224014  3137.02813  
1.77000000  0.02908339  10261.8224  30.4489527  3137.88296  
1.78000000  0.02909530  10263.1227  30.4754257  3138.73361  
1.79000000  0.02910714  10264.4210  30.5018200  3139.58010  
1.80000000  0.02911892  10265.7172  30.5281351  3140.42242  
1.81000000  0.02913063  10267.0112  30.5543706  3141.26057  
1.82000000  0.02914228  10268.3032  30.5805261  3142.09456  
1.83000000  0.02915387  10269.5929  30.6066013  3142.92440  
1.84000000  0.02916539  10270.8805  30.6325956  3143.75008  
1.85000000  0.02917684  10272.1658  30.6585088  3144.57161  
1.86000000  0.02918824  10273.4488  30.6843405  3145.38899  
1.87000000  0.02919956  10274.7294  30.7100903  3146.20223  
1.88000000  0.02921083  10276.0078  30.7357578  3147.01133  
1.89000000  0.02922203  10277.2837  30.7613427  3147.81630  
1.90000000  0.02923316  10278.5572  30.7868446  3148.61714  
1.91000000  0.02924423  10279.8283  30.8122632  3149.41385  
1.92000000  0.02925524  10281.0969  30.8375982  3150.20644  
1.93000000  0.02926619  10282.3629  30.8628492  3150.99544  
1.94000000  0.02927707  10283.6264  30.8880159  3151.77985  
1.95000000  0.02928789  10284.8874  30.9130979  3152.56015  
1.96000000  0.02929864  10286.1457  30.9380950  3153.33636  
1.97000000  0.02930934  10287.4014  30.9630070  3154.10847  
1.98000000  0.02931997  10288.6544  30.9878334  3154.87649  
1.99000000  0.02933053  10289.9048  31.0125740  3155.64044  
2.00000000  0.02934104  10291.1524  31.0372285  3156.40031  
2.01000000  0.02935148  10292.3972  31.0617967  3157.15610  
2.02000000  0.02936186  10293.6393  31.0862783  3157.90784  
2.03000000  0.02937218  10294.8786  31.1106730  3158.65551  
2.04000000  0.02938244  10296.1151  31.1349805  3159.39914  
2.05000000  0.02939263  10297.3487  31.1592006  3160.13872  
2.06        0.02940276  10298.5794  31.1833331  3160.87426  
2.07        0.02941283  10299.8072  31.2073777  3161.60578  
2.07999999  0.02942284  10301.0320  31.2313342  3162.33326  
2.08999999  0.02943279  10302.2540  31.2552023  3163.05673  
2.09999999  0.02944268  10303.4729  31.2789819  3163.77619  
2.10999999  0.02945250  10304.6889  31.3026738  3164.49166  
2.11999999  0.02946227  10305.9020  31.3262775  3165.20315  
2.12999999  0.02947198  10307.1120  31.3497919  3165.91063  
2.13999999  0.02948162  10308.3189  31.3732167  3166.61414  
2.14999999  0.02949120  10309.5227  31.3965518  3167.31367  
2.15999999  0.02950073  10310.7234  31.4197969  3168.00923  
2.16999999  0.02951019  10311.9209  31.4429519  3168.70084  
2.17999999  0.02951960  10313.1152  31.4660166  3169.38849  
2.18999999  0.02952894  10314.3064  31.4889909  3170.07219  
2.19999999  0.02953822  10315.4943  31.5118745  3170.75196  
2.20999999  0.02954745  10316.6790  31.5346674  3171.42780  
2.21999999  0.02955662  10317.8604  31.5573693  3172.09973  
2.22999999  0.02956572  10319.0386  31.5799802  3172.76774  
2.23999999  0.02957477  10320.2135  31.6024999  3173.43185  
2.24999999  0.02958376  10321.3850  31.6249282  3174.09207  
2.25999999  0.02959269  10322.5532  31.6472651  3174.74840  
2.26999999  0.02960156  10323.7181  31.6695103  3175.40085  
2.27999999  0.02961038  10324.8796  31.6916638  3176.04944  
2.28999999  0.02961913  10326.0377  31.7137255  3176.69417  
2.29999999  0.02962783  10327.1925  31.7356952  3177.33505  
2.30999999  0.02963647  10328.3438  31.7575728  3177.97209  
2.31999999  0.02964505  10329.4916  31.7793582  3178.60530  
2.32999999  0.02965358  10330.6361  31.8010513  3179.23469  
2.33999999  0.02966205  10331.7770  31.8226521  3179.86026  
2.34999999  0.02967046  10332.9145  31.8441604  3180.48203  
2.35999999  0.02967881  10334.0484  31.8655762  3181.10001  
2.36999999  0.02968711  10335.1789  31.8868993  3181.71420  
2.37999999  0.02969535  10336.3058  31.9081297  3182.32462  
2.38999999  0.02970354  10337.4292  31.9292673  3182.93127  
2.39999999  0.02971167  10338.5490  31.9503121  3183.53417  
2.40999999  0.02971974  10339.6653  31.9712639  3184.13332  
2.41999999  0.02972775  10340.7779  31.9921227  3184.72874  
2.42999999  0.02973572  10341.8870  32.0128885  3185.32043  
2.43999999  0.02974362  10342.9924  32.0335607  3185.90840  
2.44999999  0.02975147  10344.0942  32.0541403  3186.49267  
2.45999999  0.02975927  10345.1924  32.0746267  3187.07324  
2.46999999  0.02976701  10346.2869  32.0950199  3187.65013  
2.47999999  0.02977469  10347.3778  32.1153198  3188.22334  
2.48999999  0.02978232  10348.4650  32.1355263  3188.79289  
2.49999999  0.02978990  10349.5485  32.1556396  3189.35878  
2.50999999  0.02979742  10350.6283  32.1756595  3189.92103  
2.51999999  0.02980489  10351.7044  32.1955860  3190.47964  
2.52999999  0.02981231  10352.7768  32.2154192  3191.03464  
2.53999999  0.02981967  10353.8454  32.2351589  3191.58601  
2.54999999  0.02982698  10354.9103  32.2548052  3192.13379  
2.55999999  0.02983423  10355.9714  32.2743581  3192.67798  
2.56999999  0.02984143  10357.0288  32.2938176  3193.21858  
2.57999999  0.02984858  10358.0824  32.3131836  3193.75562  
2.58999999  0.02985568  10359.1322  32.3324562  3194.28909  
2.59999999  0.02986272  10360.1782  32.3516354  3194.81902  
2.60999999  0.02986971  10361.2204  32.3707213  3195.34541  
2.61999999  0.02987665  10362.2588  32.3897137  3195.86827  
2.62999999  0.02988354  10363.2933  32.4086128  3196.38762  
2.63999999  0.02989037  10364.3241  32.4274185  3196.90346  
2.64999999  0.02989716  10365.3510  32.4461309  3197.41581  
2.65999999  0.02990389  10366.3740  32.4647500  3197.92468  
2.66999999  0.02991057  10367.3932  32.4832759  3198.43007  
2.67999999  0.02991720  10368.4085  32.5017086  3198.93201  
2.68999999  0.02992378  10369.4200  32.5200480  3199.43050  
2.69999999  0.02993031  10370.4275  32.5382944  3199.92555  
2.70999999  0.02993679  10371.4312  32.5564476  3200.41717  
2.71999999  0.02994322  10372.4310  32.5745079  3200.90538  
2.72999999  0.02994959  10373.4269  32.5924751  3201.39019  
2.73999999  0.02995592  10374.4189  32.6103494  3201.87160  
2.74999999  0.02996220  10375.4069  32.6281308  3202.34963  
2.75999999  0.02996843  10376.3911  32.6458195  3202.82430  
2.76999999  0.02997461  10377.3713  32.6634154  3203.29560  
2.77999999  0.02998074  10378.3476  32.6809186  3203.76356  
2.78999999  0.02998683  10379.3199  32.6983292  3204.22819  
2.79999999  0.02999286  10380.2883  32.7156473  3204.68949  
2.80999999  0.02999885  10381.2528  32.7328729  3205.14748  
2.81999999  0.03000478  10382.2133  32.7500062  3205.60218  
2.82999999  0.03001067  10383.1698  32.7670472  3206.05358  
2.83999999  0.03001651  10384.1222  32.7839936  3206.50168  
2.84999999  0.03002231  10385.0705  32.8008479  3206.94652  
2.85999999  0.03002805  10386.0149  32.8176102  3207.38811  
2.86999999  0.03003375  10386.9554  32.8342805  3207.82646  
2.87999999  0.03003941  10387.8918  32.8508588  3208.26158  
2.88999999  0.03004501  10388.8242  32.8673454  3208.69348  
2.89999999  0.03005057  10389.7526  32.8837403  3209.12217  
2.90999999  0.03005608  10390.6771  32.9000437  3209.54768  
2.91999999  0.03006155  10391.5975  32.9162556  3209.97000  
2.92999999  0.03006697  10392.5139  32.9323761  3210.38915  
2.93999999  0.03007234  10393.4263  32.9484054  3210.80515  
2.94999999  0.03007767  10394.3347  32.9643436  3211.21800  
2.95999999  0.03008295  10395.2391  32.9801908  3211.62772  
2.96999999  0.03008819  10396.1395  32.9959471  3212.03431  
2.97999999  0.03009339  10397.0358  33.0116127  3212.43780  
2.98999999  0.03009853  10397.9281  33.0271876  3212.83819  
2.99999999  0.03010364  10398.8164  33.0426721  3213.23550  
3.00999999  0.03010870  10399.7007  33.0580662  3213.62973  
3.01999999  0.03011371  10400.5809  33.0733701  3214.02091  
3.02999999  0.03011868  10401.4571  33.0885840  3214.40903  
3.03999999  0.03012361  10402.3293  33.1037079  3214.79412  
3.04999999  0.03012849  10403.1974  33.1187420  3215.17619  
3.05999999  0.03013333  10404.0615  33.1336864  3215.55524  
3.06999999  0.03013813  10404.9216  33.1485414  3215.93130  
3.07999999  0.03014288  10405.7776  33.1633070  3216.30437  
3.08999999  0.03014759  10406.6296  33.1779834  3216.67446  
3.09999999  0.03015226  10407.4775  33.1925708  3217.04159  
3.10999999  0.03015689  10408.3215  33.2070693  3217.40577  
3.11999999  0.03016147  10409.1613  33.2214791  3217.76702  
3.12999999  0.03016602  10409.9972  33.2358004  3218.12533  
3.13999999  0.03017052  10410.8290  33.2500333  3218.48074  
3.14999999  0.03017497  10411.6567  33.2641779  3218.83324  
3.15999999  0.03017939  10412.4804  33.2782345  3219.18286  
3.16999999  0.03018377  10413.3001  33.2922032  3219.52960  
3.17999999  0.03018810  10414.1157  33.3060843  3219.87347  
3.18999999  0.03019240  10414.9274  33.3198778  3220.21449  
3.19999999  0.03019665  10415.7349  33.3335839  3220.55268  
3.20999999  0.03020086  10416.5385  33.3472029  3220.88804  
3.21999999  0.03020504  10417.3380  33.3607349  3221.22058  
3.22999999  0.03020917  10418.1334  33.3741801  3221.55032  
3.23999999  0.03021326  10418.9249  33.3875387  3221.87728  
3.24999999  0.03021732  10419.7123  33.4008109  3222.20145  
3.25999999  0.03022133  10420.4957  33.4139969  3222.52287  
3.26999999  0.03022531  10421.2751  33.4270968  3222.84153  
3.27999999  0.03022924  10422.0504  33.4401109  3223.15745  
3.28999999  0.03023314  10422.8217  33.4530393  3223.47064  
3.29999999  0.03023700  10423.5890  33.4658823  3223.78112  
3.30999999  0.03024082  10424.3523  33.4786401  3224.08889  
3.31999999  0.03024460  10425.1116  33.4913128  3224.39398  
3.32999999  0.03024835  10425.8669  33.5039007  3224.69639  
3.33999999  0.03025205  10426.6181  33.5164040  3224.99613  
3.34999999  0.03025572  10427.3654  33.5288228  3225.29322  
3.35999999  0.03025935  10428.1086  33.5411575  3225.58767  
3.36999999  0.03026295  10428.8479  33.5534081  3225.87949  
3.37999999  0.03026651  10429.5832  33.5655750  3226.16870  
3.38999999  0.03027003  10430.3144  33.5776583  3226.45531  
3.39999999  0.03027351  10431.0417  33.5896582  3226.73932  
3.40999999  0.03027696  10431.7650  33.6015751  3227.02076  
3.41999999  0.03028037  10432.4843  33.6134090  3227.29963  
3.42999999  0.03028375  10433.1997  33.6251602  3227.57595  
3.43999999  0.03028709  10433.9111  33.6368290  3227.84973  
3.44999999  0.03029039  10434.6185  33.6484156  3228.12097  
3.45999999  0.03029366  10435.3219  33.6599201  3228.38971  
3.46999999  0.03029689  10436.0214  33.6713429  3228.65594  
3.47999999  0.03030009  10436.7169  33.6826841  3228.91968  
3.48999999  0.03030326  10437.4085  33.6939440  3229.18094  
3.49999999  0.03030639  10438.0962  33.7051229  3229.43973  
3.50999999  0.03030948  10438.7799  33.7162209  3229.69608  
3.51999999  0.03031254  10439.4596  33.7272383  3229.94998  
3.52999999  0.03031557  10440.1355  33.7381753  3230.20145  
3.53999999  0.03031856  10440.8074  33.7490322  3230.45050  
3.54999999  0.03032152  10441.4754  33.7598092  3230.69715  
3.55999999  0.03032445  10442.1395  33.7705066  3230.94141  
3.56999999  0.03032734  10442.7996  33.7811246  3231.18329  
3.57999999  0.03033020  10443.4559  33.7916634  3231.42280  
3.58999999  0.03033303  10444.1083  33.8021234  3231.65996  
3.59999999  0.03033582  10444.7568  33.8125046  3231.89477  
3.60999999  0.03033859  10445.4014  33.8228075  3232.12726  
3.61999999  0.03034132  10446.0421  33.8330322  3232.35742  
3.62999999  0.03034401  10446.6790  33.8431791  3232.58528  
3.63999999  0.03034668  10447.3120  33.8532482  3232.81085  
3.64999999  0.03034931  10447.9411  33.8632400  3233.03414  
3.65999999  0.03035192  10448.5664  33.8731547  3233.25515  
3.66999999  0.03035449  10449.1878  33.8829924  3233.47391  
3.67999999  0.03035703  10449.8054  33.8927536  3233.69043  
3.68999999  0.03035954  10450.4192  33.9024384  3233.90472  
3.69999999  0.03036202  10451.0291  33.9120471  3234.11678  
3.70999999  0.03036447  10451.6352  33.9215799  3234.32664  
3.71999999  0.03036688  10452.2375  33.9310372  3234.53430  
3.72999999  0.03036927  10452.8361  33.9404192  3234.73978  
3.73999999  0.03037163  10453.4308  33.9497262  3234.94308  
3.74999999  0.03037396  10454.0217  33.9589583  3235.14423  
3.75999999  0.03037626  10454.6088  33.9681160  3235.34323  
3.76999999  0.03037853  10455.1922  33.9771994  3235.54010  
3.77999999  0.03038077  10455.7718  33.9862089  3235.73484  
3.78999999  0.03038298  10456.3477  33.9951446  3235.92747  
3.79999999  0.03038516  10456.9197  34.0040070  3236.11801  
3.80999999  0.03038732  10457.4881  34.0127962  3236.30645  
3.81999999  0.03038944  10458.0527  34.0215125  3236.49283  
3.82999999  0.03039154  10458.6136  34.0301562  3236.67714  
3.83999999  0.03039361  10459.1708  34.0387275  3236.85940  
3.84999999  0.03039565  10459.7243  34.0472269  3237.03962  
3.85999999  0.03039766  10460.2740  34.0556544  3237.21781  
3.86999999  0.03039965  10460.8201  34.0640105  3237.39399  
3.87999999  0.03040161  10461.3625  34.0722953  3237.56816  
3.88999999  0.03040354  10461.9012  34.0805092  3237.74035  
3.89999999  0.03040545  10462.4362  34.0886525  3237.91056  
3.90999999  0.03040732  10462.9676  34.0967254  3238.07879  
3.91999999  0.03040918  10463.4954  34.1047282  3238.24508  
3.92999999  0.03041100  10464.0195  34.1126612  3238.40942  
3.93999999  0.03041280  10464.5399  34.1205246  3238.57183  
3.94999999  0.03041457  10465.0568  34.1283189  3238.73231  
3.95999999  0.03041632  10465.5700  34.1360442  3238.89089  
3.96999999  0.03041804  10466.0797  34.1437008  3239.04758  
3.97999999  0.03041974  10466.5857  34.1512890  3239.20237  
3.98999999  0.03042141  10467.0882  34.1588092  3239.35530  
3.99999999  0.03042305  10467.5870  34.1662615  3239.50636  
4.00999999  0.03042467  10468.0824  34.1736463  3239.65558  
4.01999999  0.03042627  10468.5741  34.1809640  3239.80295  
4.02999999  0.03042784  10469.0623  34.1882146  3239.94850  
4.03999999  0.03042939  10469.5470  34.1953987  3240.09223  
4.04999999  0.03043091  10470.0282  34.2025164  3240.23416  
4.05999999  0.03043241  10470.5058  34.2095680  3240.37430  
4.06999999  0.03043388  10470.9799  34.2165538  3240.51266  
4.07999999  0.03043534  10471.4506  34.2234742  3240.64924  
4.08999999  0.03043676  10471.9177  34.2303294  3240.78407  
4.09999999  0.03043817  10472.3814  34.2371198  3240.91716  
4.10999999  0.03043955  10472.8416  34.2438455  3241.04851  
4.11999999  0.03044091  10473.2983  34.2505069  3241.17813  
4.12999999  0.03044224  10473.7516  34.2571044  3241.30605  
4.13999999  0.03044355  10474.2015  34.2636381  3241.43226  
4.14999999  0.03044484  10474.6480  34.2701084  3241.55678  
4.15999999  0.03044611  10475.0910  34.2765156  3241.67962  
4.16999999  0.03044736  10475.5307  34.2828600  3241.80080  
4.17999999  0.03044858  10475.9669  34.2891419  3241.92032  
4.18999999  0.03044978  10476.3998  34.2953615  3242.03820  
4.19999999  0.03045096  10476.8293  34.3015193  3242.15444  
4.20999999  0.03045212  10477.2554  34.3076154  3242.26907  
4.21999999  0.03045326  10477.6782  34.3136502  3242.38207  
4.22999999  0.03045437  10478.0976  34.3196239  3242.49348  
4.23999999  0.03045547  10478.5138  34.3255370  3242.60330  
4.24999999  0.03045654  10478.9266  34.3313896  3242.71155  
4.25999999  0.03045760  10479.3361  34.3371821  3242.81822  
4.26999999  0.03045863  10479.7423  34.3429147  3242.92334  
4.27999999  0.03045964  10480.1452  34.3485879  3243.02691  
4.28999999  0.03046064  10480.5449  34.3542018  3243.12895  
4.29999999  0.03046161  10480.9413  34.3597568  3243.22947  
4.30999999  0.03046256  10481.3344  34.3652531  3243.32847  
4.31999999  0.03046349  10481.7244  34.3706912  3243.42597  
4.32999999  0.03046441  10482.1111  34.3760712  3243.52198  
4.33999999  0.03046530  10482.4946  34.3813935  3243.61651  
4.34999999  0.03046618  10482.8748  34.3866583  3243.70957  
4.35999999  0.03046703  10483.2519  34.3918661  3243.80117  
4.36999999  0.03046787  10483.6259  34.3970171  3243.89132  
4.37999999  0.03046869  10483.9966  34.4021115  3243.98004  
4.38999999  0.03046949  10484.3642  34.4071497  3244.06733  
4.39999999  0.03047027  10484.7287  34.4121320  3244.15320  
4.40999999  0.03047104  10485.0900  34.4170587  3244.23766  
4.41999999  0.03047178  10485.4482  34.4219301  3244.32073  
4.42999999  0.03047251  10485.8033  34.4267465  3244.40242  
4.43999999  0.03047322  10486.1554  34.4315082  3244.48273  
4.44999999  0.03047391  10486.5043  34.4362155  3244.56167  
4.45999999  0.03047459  10486.8502  34.4408687  3244.63926  
4.46999999  0.03047524  10487.1930  34.4454681  3244.71551  
4.47999999  0.03047588  10487.5327  34.4500140  3244.79043  
4.48999999  0.03047651  10487.8695  34.4545067  3244.86402  
4.49999999  0.03047711  10488.2032  34.4589466  3244.93630  
4.50999999  0.03047770  10488.5339  34.4633338  3245.00728  
4.51999999  0.03047828  10488.8616  34.4676688  3245.07696  
4.52999999  0.03047883  10489.1863  34.4719517  3245.14536  
4.53999999  0.03047937  10489.5081  34.4761830  3245.21249  
4.54999999  0.03047990  10489.8268  34.4803629  3245.27836  
4.55999999  0.03048041  10490.1427  34.4844917  3245.34298  
4.56999999  0.03048090  10490.4556  34.4885697  3245.40635  
4.57999999  0.03048138  10490.7656  34.4925973  3245.46849  
4.58999999  0.03048184  10491.0727  34.4965747  3245.52941  
4.59999999  0.03048229  10491.3769  34.5005021  3245.58912  
4.60999999  0.03048272  10491.6782  34.5043800  3245.64763  
4.61999999  0.03048313  10491.9766  34.5082087  3245.70494  
4.62999999  0.03048353  10492.2722  34.5119883  3245.76107  
4.63999999  0.03048392  10492.5649  34.5157193  3245.81603  
4.64999999  0.03048429  10492.8548  34.5194019  3245.86982  
4.65999999  0.03048465  10493.1419  34.5230363  3245.92246  
4.66999999  0.03048499  10493.4262  34.5266231  3245.97396  
4.67999999  0.03048532  10493.7076  34.5301623  3246.02432  
4.68999999  0.03048564  10493.9863  34.5336543  3246.07356  
4.69999999  0.03048594  10494.2623  34.5370994  3246.12168  
4.70999999  0.03048622  10494.5354  34.5404980  3246.16870  
4.71999999  0.03048650  10494.8059  34.5438502  3246.21462  
4.72999999  0.03048676  10495.0736  34.5471565  3246.25945  
4.73999999  0.03048700  10495.3385  34.5504170  3246.30321  
4.74999999  0.03048724  10495.6008  34.5536321  3246.34589  
4.75999999  0.03048746  10495.8604  34.5568021  3246.38752  
4.76999999  0.03048766  10496.1173  34.5599273  3246.42810  
4.77999999  0.03048786  10496.3716  34.5630079  3246.46764  
4.78999999  0.03048804  10496.6232  34.5660444  3246.50615  
4.79999999  0.03048821  10496.8721  34.5690368  3246.54364  
4.80999999  0.03048836  10497.1185  34.5719857  3246.58011  
4.81999999  0.03048851  10497.3622  34.5748912  3246.61558  
4.82999999  0.03048864  10497.6033  34.5777536  3246.65006  
4.83999999  0.03048876  10497.8418  34.5805732  3246.68355  
4.84999999  0.03048887  10498.0778  34.5833504  3246.71606  
4.85999999  0.03048896  10498.3112  34.5860854  3246.74760  
4.86999999  0.03048905  10498.5420  34.5887785  3246.77819  
4.87999999  0.03048912  10498.7704  34.5914300  3246.80783  
4.88999999  0.03048918  10498.9962  34.5940401  3246.83652  
4.89999999  0.03048923  10499.2195  34.5966092  3246.86429  
4.90999999  0.03048927  10499.4403  34.5991376  3246.89113  
4.91999999  0.03048930  10499.6586  34.6016256  3246.91705  
4.92999999  0.03048932  10499.8744  34.6040733  3246.94207  
4.93999999  0.03048932  10500.0878  34.6064812  3246.96620  
4.94999999  0.03048932  10500.2988  34.6088495  3246.98943  
4.95999999  0.03048930  10500.5073  34.6111785  3247.01178  
4.96999999  0.03048928  10500.7134  34.6134684  3247.03326  
4.97999999  0.03048924  10500.9171  34.6157196  3247.05388  
4.98999999  0.03048920  10501.1184  34.6179324  3247.07364  
4.99999999  0.03048914  10501.3174  34.6201069  3247.09256  
5.00999999  0.03048907  10501.5140  34.6222436  3247.11064  
5.01999999  0.03048900  10501.7082  34.6243427  3247.12789  
5.02999999  0.03048891  10501.9001  34.6264044  3247.14432  
5.03999999  0.03048882  10502.0897  34.6284291  3247.15993  
5.04999999  0.03048871  10502.2769  34.6304170  3247.17474  
5.05999999  0.03048860  10502.4619  34.6323684  3247.18875  
5.06999999  0.03048848  10502.6446  34.6342836  3247.20198  
5.07999999  0.03048834  10502.8250  34.6361628  3247.21442  
5.08999999  0.03048820  10503.0032  34.6380064  3247.22609  
5.09999999  0.03048805  10503.1791  34.6398146  3247.23700  
5.10999999  0.03048789  10503.3528  34.6415877  3247.24715  
5.11999999  0.03048773  10503.5242  34.6433260  3247.25655  
5.12999999  0.03048755  10503.6935  34.6450297  3247.26521  
5.13999999  0.03048737  10503.8606  34.6466991  3247.27313  
5.14999999  0.03048717  10504.0255  34.6483345  3247.28034  
5.15999999  0.03048697  10504.1882  34.6499361  3247.28682  
5.16999999  0.03048676  10504.3488  34.6515042  3247.29260  
5.17999999  0.03048654  10504.5073  34.6530392  3247.29767  
5.18999999  0.03048632  10504.6636  34.6545412  3247.30205  
5.19999999  0.03048609  10504.8178  34.6560105  3247.30574  
5.20999999  0.03048585  10504.9699  34.6574475  3247.30876  
5.21999999  0.03048560  10505.1200  34.6588523  3247.31110  
5.22999999  0.03048534  10505.2679  34.6602252  3247.31278  
5.23999999  0.03048508  10505.4138  34.6615665  3247.31380  
5.24999999  0.03048481  10505.5577  34.6628765  3247.31418  
5.25999999  0.03048453  10505.6995  34.6641554  3247.31391  
5.26999999  0.03048424  10505.8393  34.6654035  3247.31301  
5.27999999  0.03048395  10505.9771  34.6666211  3247.31148  
5.28999999  0.03048365  10506.1129  34.6678083  3247.30933  
5.29999999  0.03048335  10506.2468  34.6689655  3247.30657  
5.30999999  0.03048303  10506.3786  34.6700929  3247.30320  
5.31999999  0.03048272  10506.5085  34.6711909  3247.29923  
5.32999999  0.03048239  10506.6365  34.6722595  3247.29468  
5.33999999  0.03048206  10506.7625  34.6732992  3247.28954  
5.34999999  0.03048172  10506.8866  34.6743101  3247.28382  
5.35999999  0.03048138  10507.0089  34.6752925  3247.27753  
5.36999999  0.03048103  10507.1292  34.6762467  3247.27068  
5.37999999  0.03048067  10507.2476  34.6771728  3247.26327  
5.38999999  0.03048031  10507.3642  34.6780713  3247.25532  
5.39999999  0.03047994  10507.4790  34.6789423  3247.24682  
5.40999999  0.03047956  10507.5919  34.6797860  3247.23778  
5.41999999  0.03047919  10507.7030  34.6806027  3247.22822  
5.42999999  0.03047880  10507.8122  34.6813927  3247.21813  
5.43999999  0.03047841  10507.9197  34.6821563  3247.20753  
5.44999999  0.03047801  10508.0254  34.6828935  3247.19642  
5.45999999  0.03047761  10508.1293  34.6836048  3247.18481  
5.46999999  0.03047721  10508.2314  34.6842903  3247.17270  
5.47999999  0.03047679  10508.3318  34.6849503  3247.16010  
5.48999999  0.03047638  10508.4305  34.6855851  3247.14702  
5.49999999  0.03047596  10508.5274  34.6861948  3247.13346  
5.50999999  0.03047553  10508.6226  34.6867797  3247.11944  
5.51999999  0.03047510  10508.7161  34.6873401  3247.10494  
5.52999999  0.03047466  10508.8080  34.6878761  3247.08999  
5.53999999  0.03047422  10508.8981  34.6883881  3247.07459  
5.54999999  0.03047378  10508.9867  34.6888763  3247.05875  
5.55999999  0.03047333  10509.0735  34.6893408  3247.04247  
5.56999999  0.03047287  10509.1587  34.6897820  3247.02575  
5.57999999  0.03047242  10509.2423  34.6902001  3247.00861  
5.58999999  0.03047195  10509.3243  34.6905952  3246.99104  
5.59999999  0.03047149  10509.4047  34.6909677  3246.97306  
5.60999999  0.03047102  10509.4835  34.6913177  3246.95468  
5.61999999  0.03047054  10509.5607  34.6916456  3246.93589  
5.62999999  0.03047007  10509.6364  34.6919514  3246.91670  
5.63999999  0.03046958  10509.7105  34.6922355  3246.89713  
5.64999999  0.03046910  10509.7831  34.6924981  3246.87717  
5.65999999  0.03046861  10509.8542  34.6927393  3246.85683  
5.66999999  0.03046812  10509.9237  34.6929595  3246.83611  
5.67999999  0.03046762  10509.9918  34.6931588  3246.81503  
5.68999999  0.03046712  10510.0583  34.6933375  3246.79359  
5.69999999  0.03046662  10510.1234  34.6934958  3246.77179  
5.70999999  0.03046611  10510.1870  34.6936339  3246.74964  
5.71999999  0.03046560  10510.2492  34.6937520  3246.72714  
5.72999999  0.03046509  10510.3099  34.6938504  3246.70431  
5.73999999  0.03046457  10510.3692  34.6939292  3246.68114  
5.74999999  0.03046406  10510.4271  34.6939887  3246.65764  
5.75999999  0.03046353  10510.4836  34.6940291  3246.63382  
5.76999999  0.03046301  10510.5386  34.6940505  3246.60968  
5.77999999  0.03046248  10510.5923  34.6940533  3246.58523  
5.78999999  0.03046195  10510.6447  34.6940377  3246.56047  
5.79999999  0.03046142  10510.6956  34.6940037  3246.53541  
5.80999999  0.03046089  10510.7453  34.6939518  3246.51006  
5.81999999  0.03046035  10510.7936  34.6938819  3246.48441  
5.82999999  0.03045981  10510.8405  34.6937945  3246.45847  
5.83999999  0.03045927  10510.8862  34.6936896  3246.43225  
5.84999999  0.03045872  10510.9305  34.6935674  3246.40576  
5.85999999  0.03045818  10510.9736  34.6934283  3246.37900  
5.86999999  0.03045763  10511.0154  34.6932723  3246.35197  
5.87999999  0.03045708  10511.0559  34.6930997  3246.32468  
5.88999999  0.03045652  10511.0952  34.6929107  3246.29713  
5.89999999  0.03045597  10511.1332  34.6927055  3246.26933  
5.90999999  0.03045541  10511.1700  34.6924843  3246.24128  
5.91999999  0.03045485  10511.2056  34.6922472  3246.21299  
5.92999999  0.03045429  10511.2400  34.6919945  3246.18447  
5.93999999  0.03045373  10511.2732  34.6917264  3246.15571  
5.94999999  0.03045317  10511.3051  34.6914430  3246.12672  
5.95999999  0.03045260  10511.3359  34.6911446  3246.09751  
5.96999999  0.03045204  10511.3656  34.6908313  3246.06809  
5.97999999  0.03045147  10511.3941  34.6905034  3246.03845  
5.98999999  0.03045090  10511.4214  34.6901610  3246.00860  
5.99999999  0.03045033  10511.4476  34.6898044  3245.97854  
6.00999999  0.03044976  10511.4727  34.6894336  3245.94829  
6.01999999  0.03044918  10511.4967  34.6890489  3245.91783  
6.02999999  0.03044861  10511.5196  34.6886505  3245.88719  
6.03999999  0.03044803  10511.5414  34.6882385  3245.85636  
6.04999999  0.03044745  10511.5621  34.6878132  3245.82535  
6.05999999  0.03044688  10511.5818  34.6873747  3245.79416  
6.06999999  0.03044630  10511.6004  34.6869232  3245.76279  
6.07999999  0.03044572  10511.6179  34.6864589  3245.73126  
6.08999999  0.03044514  10511.6344  34.6859820  3245.69956  
6.09999999  0.03044455  10511.6499  34.6854926  3245.66770  
6.10999999  0.03044397  10511.6644  34.6849909  3245.63567  
6.11999999  0.03044339  10511.6779  34.6844771  3245.60350  
6.12999999  0.03044280  10511.6904  34.6839514  3245.57118  
6.13999999  0.03044222  10511.7019  34.6834139  3245.53871  
6.14999999  0.03044163  10511.7124  34.6828648  3245.50610  
6.15999999  0.03044105  10511.7219  34.6823043  3245.47335  
6.16999999  0.03044046  10511.7305  34.6817326  3245.44047  
6.17999999  0.03043988  10511.7382  34.6811497  3245.40746  
6.18999999  0.03043929  10511.7449  34.6805560  3245.37432  
6.19999999  0.03043870  10511.7507  34.6799515  3245.34107  
6.20999999  0.03043811  10511.7556  34.6793364  3245.30769  
6.21999999  0.03043753  10511.7596  34.6787110  3245.27420  
6.22999999  0.03043694  10511.7627  34.6780752  3245.24060  
6.23999999  0.03043635  10511.7649  34.6774294  3245.20689  
6.24999999  0.03043576  10511.7663  34.6767736  3245.17307  
6.25999999  0.03043517  10511.7668  34.6761081  3245.13916  
6.26999999  0.03043459  10511.7664  34.6754329  3245.10515  
6.27999999  0.03043400  10511.7652  34.6747483  3245.07105  
6.28999999  0.03043341  10511.7631  34.6740544  3245.03686  
6.29999999  0.03043282  10511.7602  34.6733513  3245.00258  
6.30999999  0.03043223  10511.7565  34.6726393  3244.96822  
6.31999999  0.03043165  10511.7520  34.6719184  3244.93378  
6.32999999  0.03043106  10511.7467  34.6711888  3244.89927  
6.33999999  0.03043047  10511.7406  34.6704507  3244.86468  
6.34999999  0.03042988  10511.7338  34.6697042  3244.83003  
6.35999999  0.03042930  10511.7262  34.6689495  3244.79530  
6.36999999  0.03042871  10511.7178  34.6681867  3244.76052  
6.37999999  0.03042812  10511.7086  34.6674159  3244.72568  
6.38999999  0.03042754  10511.6987  34.6666374  3244.69078  
6.39999999  0.03042695  10511.6881  34.6658512  3244.65583  
6.40999999  0.03042637  10511.6768  34.6650575  3244.62082  
6.41999999  0.03042579  10511.6647  34.6642564  3244.58577  
6.42999999  0.03042520  10511.6520  34.6634481  3244.55068  
6.43999999  0.03042462  10511.6385  34.6626328  3244.51555  
6.44999999  0.03042404  10511.6244  34.6618105  3244.48038  
6.45999999  0.03042346  10511.6096  34.6609813  3244.44517  
6.46999999  0.03042288  10511.5941  34.6601455  3244.40993  
6.47999999  0.03042230  10511.5779  34.6593032  3244.37467  
6.48999999  0.03042172  10511.5611  34.6584545  3244.33937  
6.49999999  0.03042114  10511.5437  34.6575995  3244.30406  
6.50999999  0.03042056  10511.5256  34.6567384  3244.26872  
6.51999999  0.03041999  10511.5069  34.6558713  3244.23337  
6.52999999  0.03041941  10511.4875  34.6549983  3244.19800  
6.53999999  0.03041884  10511.4676  34.6541195  3244.16262  
6.54999999  0.03041826  10511.4470  34.6532352  3244.12723  
6.55999999  0.03041769  10511.4259  34.6523454  3244.09183  
6.56999999  0.03041712  10511.4042  34.6514502  3244.05643  
6.57999999  0.03041655  10511.3819  34.6505498  3244.02103  
6.58999999  0.03041598  10511.3590  34.6496442  3243.98562  
6.59999999  0.03041541  10511.3356  34.6487337  3243.95023  
6.60999999  0.03041485  10511.3116  34.6478184  3243.91483  
6.61999999  0.03041428  10511.2871  34.6468983  3243.87945  
6.62999999  0.03041372  10511.2620  34.6459735  3243.84408  
6.63999999  0.03041315  10511.2364  34.6450443  3243.80872  
6.64999999  0.03041259  10511.2103  34.6441107  3243.77337  
6.65999999  0.03041203  10511.1836  34.6431728  3243.73805  
6.66999999  0.03041147  10511.1565  34.6422308  3243.70274  
6.67999999  0.03041091  10511.1289  34.6412848  3243.66746  
6.68999999  0.03041036  10511.1007  34.6403348  3243.63220  
6.69999999  0.03040980  10511.0721  34.6393810  3243.59697  
6.70999999  0.03040925  10511.0430  34.6384235  3243.56177  
6.71999999  0.03040870  10511.0135  34.6374625  3243.52660  
6.72999999  0.03040814  10510.9835  34.6364979  3243.49147  
6.73999999  0.03040760  10510.9530  34.6355300  3243.45637  
6.74999999  0.03040705  10510.9221  34.6345589  3243.42131  
6.75999999  0.03040650  10510.8907  34.6335846  3243.38629  
6.76999999  0.03040596  10510.8589  34.6326072  3243.35131  
6.77999999  0.03040541  10510.8267  34.6316269  3243.31638  
6.78999999  0.03040487  10510.7941  34.6306438  3243.28149  
6.79999999  0.03040433  10510.7611  34.6296580  3243.24665  
6.80999999  0.03040380  10510.7276  34.6286695  3243.21186  
6.81999999  0.03040326  10510.6938  34.6276785  3243.17713  
6.82999999  0.03040272  10510.6596  34.6266851  3243.14244  
6.83999999  0.03040219  10510.6250  34.6256894  3243.10782  
6.84999999  0.03040166  10510.5900  34.6246914  3243.07325  
6.85999999  0.03040113  10510.5546  34.6236913  3243.03874  
6.86999999  0.03040060  10510.5189  34.6226892  3243.00430  
6.87999999  0.03040008  10510.4828  34.6216851  3242.96991  
6.88999999  0.03039955  10510.4464  34.6206792  3242.93560  
6.89999999  0.03039903  10510.4096  34.6196715  3242.90135  
6.90999999  0.03039851  10510.3725  34.6186622  3242.86716  
6.91999999  0.03039799  10510.3351  34.6176513  3242.83305  
6.92999999  0.03039747  10510.2974  34.6166390  3242.79901  
6.93999999  0.03039696  10510.2593  34.6156252  3242.76505  
6.94999999  0.03039645  10510.2209  34.6146102  3242.73116  
6.95999999  0.03039594  10510.1822  34.6135940  3242.69734  
6.96999999  0.03039543  10510.1432  34.6125766  3242.66361  
6.97999999  0.03039492  10510.1040  34.6115582  3242.62995  
6.98999999  0.03039441  10510.0644  34.6105389  3242.59638  
6.99999999  0.03039391  10510.0246  34.6095187  3242.56289  
7.00999999  0.03039341  10509.9845  34.6084978  3242.52948  
7.01999999  0.03039291  10509.9441  34.6074761  3242.49616  
7.02999999  0.03039241  10509.9035  34.6064538  3242.46293  
7.03999999  0.03039192  10509.8626  34.6054310  3242.42979  
7.04999999  0.03039143  10509.8214  34.6044078  3242.39673  
7.05999999  0.03039093  10509.7800  34.6033841  3242.36377  
7.06999999  0.03039044  10509.7384  34.6023602  3242.33090  
7.07999999  0.03038996  10509.6966  34.6013361  3242.29812  
7.08999999  0.03038947  10509.6545  34.6003118  3242.26544  
7.09999999  0.03038899  10509.6122  34.5992874  3242.23286  
7.10999999  0.03038851  10509.5697  34.5982631  3242.20038  
7.11999999  0.03038803  10509.5269  34.5972389  3242.16799  
7.12999999  0.03038755  10509.4840  34.5962148  3242.13571  
7.13999999  0.03038708  10509.4409  34.5951909  3242.10352  
7.14999999  0.03038661  10509.3975  34.5941674  3242.07144  
7.15999999  0.03038614  10509.3540  34.5931442  3242.03947  
7.16999999  0.03038567  10509.3103  34.5921215  3242.00759  
7.17999999  0.03038521  10509.2665  34.5910992  3241.97583  
7.18999999  0.03038474  10509.2224  34.5900776  3241.94417  
7.19999999  0.03038428  10509.1782  34.5890566  3241.91262  
7.20999999  0.03038382  10509.1338  34.5880363  3241.88118  
7.21999999  0.03038337  10509.0893  34.5870168  3241.84985  
7.22999999  0.03038291  10509.0446  34.5859982  3241.81863  
7.23999999  0.03038246  10508.9998  34.5849804  3241.78753  
7.24999999  0.03038201  10508.9548  34.5839637  3241.75654  
7.25999999  0.03038156  10508.9097  34.5829480  3241.72566  
7.26999999  0.03038112  10508.8644  34.5819333  3241.69490  
7.27999999  0.03038067  10508.8191  34.5809199  3241.66425  
7.28999999  0.03038023  10508.7736  34.5799076  3241.63372  
7.29999999  0.03037979  10508.7280  34.5788967  3241.60331  
7.30999999  0.03037936  10508.6822  34.5778870  3241.57302  
7.31999999  0.03037892  10508.6364  34.5768788  3241.54285  
7.32999999  0.03037849  10508.5905  34.5758720  3241.51280  
7.33999999  0.03037806  10508.5444  34.5748668  3241.48287  
7.34999999  0.03037763  10508.4983  34.5738631  3241.45306  
7.35999999  0.03037721  10508.4521  34.5728610  3241.42337  
7.36999999  0.03037679  10508.4057  34.5718606  3241.39381  
7.37999999  0.03037637  10508.3593  34.5708619  3241.36438  
7.38999999  0.03037595  10508.3129  34.5698650  3241.33507  
7.39999999  0.03037553  10508.2663  34.5688700  3241.30588  
7.40999999  0.03037512  10508.2197  34.5678768  3241.27682  
7.41999999  0.03037471  10508.1730  34.5668856  3241.24789  
7.42999999  0.03037430  10508.1263  34.5658964  3241.21908  
7.43999999  0.03037389  10508.0795  34.5649091  3241.19041  
7.44999999  0.03037349  10508.0326  34.5639240  3241.16186  
7.45999999  0.03037309  10507.9857  34.5629410  3241.13345  
7.46999999  0.03037269  10507.9388  34.5619602  3241.10516  
7.47999999  0.03037229  10507.8918  34.5609816  3241.07700  
7.48999999  0.03037190  10507.8448  34.5600053  3241.04898  
7.49999999  0.03037150  10507.7977  34.5590313  3241.02109  
7.50999999  0.03037111  10507.7506  34.5580597  3240.99333  
7.51999999  0.03037073  10507.7035  34.5570904  3240.96570  
7.52999999  0.03037034  10507.6564  34.5561237  3240.93821  
7.53999999  0.03036996  10507.6092  34.5551594  3240.91085  
7.54999999  0.03036958  10507.5620  34.5541976  3240.88362  
7.55999999  0.03036920  10507.5148  34.5532384  3240.85653  
7.56999999  0.03036882  10507.4676  34.5522818  3240.82958  
7.57999999  0.03036845  10507.4205  34.5513279  3240.80276  
7.58999999  0.03036808  10507.3733  34.5503767  3240.77607  
7.59999999  0.03036771  10507.3261  34.5494282  3240.74953  
7.60999999  0.03036735  10507.2789  34.5484824  3240.72312  
7.61999999  0.03036698  10507.2317  34.5475395  3240.69685  
7.62999999  0.03036662  10507.1845  34.5465994  3240.67071  
7.63999999  0.03036626  10507.1374  34.5456622  3240.64471  
7.64999999  0.03036590  10507.0903  34.5447279  3240.61885  
7.65999999  0.03036555  10507.0432  34.5437965  3240.59313  
7.66999999  0.03036520  10506.9961  34.5428682  3240.56755  
7.67999999  0.03036485  10506.9490  34.5419428  3240.54211  
7.68999999  0.03036450  10506.9020  34.5410205  3240.51680  
7.69999999  0.03036415  10506.8550  34.5401013  3240.49164  
7.70999999  0.03036381  10506.8081  34.5391851  3240.46662  
7.71999999  0.03036347  10506.7612  34.5382722  3240.44173  
7.72999999  0.03036313  10506.7143  34.5373624  3240.41699  
7.73999999  0.03036280  10506.6675  34.5364558  3240.39239  
7.74999999  0.03036246  10506.6207  34.5355524  3240.36792  
7.75999999  0.03036213  10506.5740  34.5346523  3240.34360  
7.76999999  0.03036180  10506.5273  34.5337555  3240.31942  
7.77999999  0.03036148  10506.4807  34.5328620  3240.29538  
7.78999999  0.03036115  10506.4342  34.5319719  3240.27148  
7.79999999  0.03036083  10506.3877  34.5310851  3240.24772  
7.80999999  0.03036051  10506.3413  34.5302017  3240.22411  
7.81999999  0.03036020  10506.2950  34.5293218  3240.20063  
7.82999999  0.03035988  10506.2487  34.5284452  3240.17730  
7.83999999  0.03035957  10506.2025  34.5275722  3240.15411  
7.84999999  0.03035926  10506.1564  34.5267027  3240.13106  
7.85999999  0.03035895  10506.1103  34.5258366  3240.10815  
7.86999999  0.03035865  10506.0644  34.5249742  3240.08539  
7.87999999  0.03035834  10506.0185  34.5241153  3240.06277  
7.88999999  0.03035804  10505.9727  34.5232599  3240.04029  
7.89999999  0.03035774  10505.9270  34.5224082  3240.01795  
7.90999999  0.03035745  10505.8814  34.5215601  3239.99575  
7.91999999  0.03035715  10505.8359  34.5207157  3239.97369  
7.92999999  0.03035686  10505.7905  34.5198749  3239.95178  
7.93999999  0.03035657  10505.7452  34.5190378  3239.93001  
7.94999999  0.03035628  10505.6999  34.5182044  3239.90838  
7.95999999  0.03035600  10505.6548  34.5173748  3239.88689  
7.96999999  0.03035572  10505.6098  34.5165488  3239.86555  
7.97999999  0.03035544  10505.5649  34.5157267  3239.84434  
7.98999999  0.03035516  10505.5201  34.5149083  3239.82328  
7.99999999  0.03035488  10505.4754  34.5140937  3239.80236  
8.00999999  0.03035461  10505.4308  34.5132829  3239.78158  
8.01999999  0.03035434  10505.3863  34.5124760  3239.76094  
8.02999999  0.03035407  10505.3420  34.5116729  3239.74045  
8.03999999  0.03035380  10505.2978  34.5108736  3239.72009  
8.04999999  0.03035353  10505.2536  34.5100782  3239.69988  
8.05999999  0.03035327  10505.2097  34.5092867  3239.67980  
8.06999999  0.03035301  10505.1658  34.5084991  3239.65987  
8.07999999  0.03035275  10505.1220  34.5077154  3239.64008  
8.08999999  0.03035250  10505.0784  34.5069356  3239.62043  
8.09999999  0.03035224  10505.0349  34.5061597  3239.60091  
8.10999999  0.03035199  10504.9916  34.5053878  3239.58154  
8.11999999  0.03035174  10504.9484  34.5046199  3239.56231  
8.12999999  0.03035149  10504.9053  34.5038559  3239.54322  
8.13999999  0.03035125  10504.8623  34.5030959  3239.52427  
8.14999999  0.03035101  10504.8195  34.5023398  3239.50545  
8.15999999  0.03035076  10504.7768  34.5015878  3239.48678  
8.16999999  0.03035053  10504.7343  34.5008398  3239.46824  
8.17999999  0.03035029  10504.6919  34.5000957  3239.44985  
8.18999999  0.03035005  10504.6496  34.4993557  3239.43159  
8.19999999  0.03034982  10504.6075  34.4986198  3239.41347  
8.20999999  0.03034959  10504.5656  34.4978878  3239.39549  
8.21999999  0.03034936  10504.5238  34.4971599  3239.37764  
8.22999999  0.03034914  10504.4821  34.4964361  3239.35993  
8.23999999  0.03034891  10504.4406  34.4957163  3239.34236  
8.24999999  0.03034869  10504.3992  34.4950006  3239.32493  
8.25999999  0.03034847  10504.3580  34.4942889  3239.30763  
8.26999999  0.03034825  10504.3169  34.4935814  3239.29047  
8.27999999  0.03034804  10504.2760  34.4928779  3239.27344  
8.28999999  0.03034782  10504.2353  34.4921785  3239.25655  
8.29999999  0.03034761  10504.1947  34.4914831  3239.23980  
8.30999999  0.03034740  10504.1543  34.4907919  3239.22318  
8.31999999  0.03034719  10504.1140  34.4901047  3239.20669  
8.32999999  0.03034699  10504.0739  34.4894217  3239.19034  
8.33999999  0.03034678  10504.0339  34.4887427  3239.17412  
8.34999999  0.03034658  10503.9942  34.4880679  3239.15804  
8.35999999  0.03034638  10503.9545  34.4873972  3239.14209  
8.36999999  0.03034619  10503.9151  34.4867305  3239.12627  
8.37999999  0.03034599  10503.8758  34.4860680  3239.11058  
8.38999999  0.03034580  10503.8367  34.4854096  3239.09503  
8.39999999  0.03034560  10503.7977  34.4847553  3239.07960  
8.40999999  0.03034541  10503.7589  34.4841051  3239.06431  
8.41999999  0.03034523  10503.7203  34.4834590  3239.04915  
8.42999999  0.03034504  10503.6819  34.4828171  3239.03412  
8.43999999  0.03034486  10503.6436  34.4821792  3239.01922  
8.44999999  0.03034467  10503.6055  34.4815455  3239.00445  
8.45999999  0.03034449  10503.5676  34.4809158  3238.98981  
8.46999999  0.03034432  10503.5298  34.4802903  3238.97530  
8.47999999  0.03034414  10503.4922  34.4796689  3238.96092  
8.48999999  0.03034396  10503.4548  34.4790516  3238.94666  
8.49999999  0.03034379  10503.4176  34.4784384  3238.93254  
8.50999999  0.03034362  10503.3805  34.4778293  3238.91853  
8.51999999  0.03034345  10503.3437  34.4772243  3238.90466  
8.52999999  0.03034328  10503.3070  34.4766233  3238.89091  
8.53999999  0.03034312  10503.2704  34.4760265  3238.87729  
8.54999999  0.03034296  10503.2341  34.4754338  3238.86380  
8.55999999  0.03034279  10503.1979  34.4748451  3238.85043  
8.56999999  0.03034263  10503.1620  34.4742606  3238.83718  
8.57999999  0.03034248  10503.1262  34.4736801  3238.82406  
8.58999999  0.03034232  10503.0906  34.4731037  3238.81106  
8.59999999  0.03034217  10503.0551  34.4725313  3238.79818  
8.60999999  0.03034201  10503.0199  34.4719631  3238.78543  
8.61999999  0.03034186  10502.9848  34.4713988  3238.77280  
8.62999999  0.03034171  10502.9499  34.4708387  3238.76029  
8.63999999  0.03034156  10502.9152  34.4702825  3238.74790  
8.64999999  0.03034142  10502.8807  34.4697305  3238.73563  
8.65999999  0.03034127  10502.8464  34.4691824  3238.72349  
8.66999999  0.03034113  10502.8122  34.4686384  3238.71146  
8.67999999  0.03034099  10502.7783  34.4680984  3238.69955  
8.68999999  0.03034085  10502.7445  34.4675624  3238.68776  
8.69999999  0.03034072  10502.7109  34.4670305  3238.67609  
8.70999999  0.03034058  10502.6775  34.4665025  3238.66454  
8.71999999  0.03034045  10502.6443  34.4659785  3238.65310  
8.72999999  0.03034031  10502.6113  34.4654585  3238.64178  
8.73999999  0.03034018  10502.5785  34.4649425  3238.63058  
8.74999999  0.03034005  10502.5458  34.4644305  3238.61949  
8.75999999  0.03033993  10502.5133  34.4639224  3238.60852  
8.76999999  0.03033980  10502.4811  34.4634183  3238.59766  
8.77999999  0.03033968  10502.4490  34.4629181  3238.58692  
8.78999999  0.03033956  10502.4171  34.4624219  3238.57629  
8.79999999  0.03033943  10502.3854  34.4619296  3238.56578  
8.80999999  0.03033932  10502.3539  34.4614412  3238.55537  
8.81999999  0.03033920  10502.3225  34.4609567  3238.54508  
8.82999999  0.03033908  10502.2914  34.4604761  3238.53490  
8.83999999  0.03033897  10502.2604  34.4599995  3238.52483  
8.84999999  0.03033885  10502.2297  34.4595267  3238.51487  
8.85999999  0.03033874  10502.1991  34.4590577  3238.50502  
8.86999999  0.03033863  10502.1687  34.4585926  3238.49529  
8.87999999  0.03033852  10502.1385  34.4581314  3238.48566  
8.88999999  0.03033842  10502.1085  34.4576740  3238.47613  
8.89999999  0.03033831  10502.0787  34.4572205  3238.46672  
8.90999999  0.03033821  10502.0491  34.4567707  3238.45741  
8.91999999  0.03033811  10502.0196  34.4563248  3238.44821  
8.92999999  0.03033800  10501.9904  34.4558827  3238.43912  
8.93999999  0.03033790  10501.9613  34.4554443  3238.43013  
8.94999999  0.03033781  10501.9325  34.4550098  3238.42125  
8.95999999  0.03033771  10501.9038  34.4545789  3238.41247  
8.96999999  0.03033761  10501.8753  34.4541519  3238.40379  
8.97999999  0.03033752  10501.8470  34.4537286  3238.39522  
8.98999999  0.03033743  10501.8189  34.4533090  3238.38675  
8.99999999  0.03033734  10501.7910  34.4528931  3238.37838  
9.00999999  0.03033725  10501.7632  34.4524809  3238.37012  
9.01999999  0.03033716  10501.7357  34.4520724  3238.36195  
9.02999999  0.03033707  10501.7083  34.4516676  3238.35389  
9.03999999  0.03033699  10501.6812  34.4512664  3238.34593  
9.04999999  0.03033690  10501.6542  34.4508689  3238.33806  
9.05999999  0.03033682  10501.6274  34.4504751  3238.33030  
9.06999999  0.03033674  10501.6008  34.4500848  3238.32263  
9.07999999  0.03033666  10501.5744  34.4496982  3238.31506  
9.08999999  0.03033658  10501.5482  34.4493152  3238.30759  
9.09999999  0.03033650  10501.5221  34.4489358  3238.30022  
9.10999999  0.03033643  10501.4963  34.4485599  3238.29294  
9.11999999  0.03033635  10501.4706  34.4481876  3238.28575  
9.12999999  0.03033628  10501.4451  34.4478188  3238.27866  
9.13999999  0.03033621  10501.4198  34.4474536  3238.27167  
9.14999999  0.03033614  10501.3947  34.4470919  3238.26477  
9.15999999  0.03033607  10501.3698  34.4467337  3238.25796  
9.16999999  0.03033600  10501.3450  34.4463790  3238.25125  
9.17999999  0.03033593  10501.3205  34.4460277  3238.24462  
9.18999999  0.03033586  10501.2961  34.4456799  3238.23809  
9.19999999  0.03033580  10501.2719  34.4453356  3238.23165  
9.20999999  0.03033574  10501.2479  34.4449947  3238.22530  
9.21999999  0.03033567  10501.2241  34.4446572  3238.21904  
9.22999999  0.03033561  10501.2005  34.4443232  3238.21287  
9.23999999  0.03033555  10501.1770  34.4439925  3238.20679  
9.24999999  0.03033549  10501.1538  34.4436652  3238.20079  
9.25999999  0.03033544  10501.1307  34.4433412  3238.19489  
9.26999999  0.03033538  10501.1078  34.4430206  3238.18906  
9.27999999  0.03033532  10501.0850  34.4427033  3238.18333  
9.28999999  0.03033527  10501.0625  34.4423893  3238.17768  
9.29999999  0.03033522  10501.0401  34.4420787  3238.17212  
9.30999999  0.03033516  10501.0179  34.4417713  3238.16664  
9.31999999  0.03033511  10500.9959  34.4414672  3238.16125  
9.32999999  0.03033506  10500.9741  34.4411663  3238.15594  
9.33999999  0.03033501  10500.9525  34.4408687  3238.15071  
9.34999999  0.03033497  10500.9310  34.4405743  3238.14556  
9.35999999  0.03033492  10500.9097  34.4402831  3238.14050  
9.36999999  0.03033488  10500.8886  34.4399951  3238.13552  
9.37999999  0.03033483  10500.8677  34.4397103  3238.13062  
9.38999999  0.03033479  10500.8469  34.4394286  3238.12580  
9.39999999  0.03033475  10500.8263  34.4391501  3238.12105  
9.40999999  0.03033470  10500.8059  34.4388747  3238.11639  
9.41999999  0.03033466  10500.7857  34.4386024  3238.11181  
9.42999999  0.03033462  10500.7656  34.4383333  3238.10730  
9.43999999  0.03033459  10500.7457  34.4380672  3238.10287  
9.44999999  0.03033455  10500.7260  34.4378041  3238.09852  
9.45999999  0.03033451  10500.7064  34.4375442  3238.09424  
9.46999999  0.03033448  10500.6871  34.4372872  3238.09004  
9.47999999  0.03033444  10500.6679  34.4370333  3238.08591  
9.48999999  0.03033441  10500.6488  34.4367824  3238.08186  
9.49999999  0.03033438  10500.6300  34.4365344  3238.07789  
9.50999999  0.03033435  10500.6113  34.4362894  3238.07398  
9.51999999  0.03033431  10500.5928  34.4360474  3238.07015  
9.52999999  0.03033429  10500.5744  34.4358083  3238.06639  
9.53999999  0.03033426  10500.5562  34.4355722  3238.06270  
9.54999999  0.03033423  10500.5382  34.4353389  3238.05909  
9.55999999  0.03033420  10500.5203  34.4351086  3238.05554  
9.56999999  0.03033418  10500.5027  34.4348811  3238.05207  
9.57999999  0.03033415  10500.4851  34.4346564  3238.04866  
9.58999999  0.03033413  10500.4678  34.4344346  3238.04533  
9.59999999  0.03033410  10500.4506  34.4342156  3238.04206  
9.60999999  0.03033408  10500.4336  34.4339995  3238.03886  
9.61999999  0.03033406  10500.4167  34.4337861  3238.03572  
9.62999999  0.03033404  10500.4000  34.4335755  3238.03266  
9.63999999  0.03033402  10500.3835  34.4333676  3238.02966  
9.64999999  0.03033400  10500.3671  34.4331625  3238.02672  
9.65999999  0.03033398  10500.3509  34.4329601  3238.02385  
9.66999999  0.03033396  10500.3348  34.4327605  3238.02105  
9.67999999  0.03033395  10500.3189  34.4325635  3238.01831  
9.68999999  0.03033393  10500.3031  34.4323692  3238.01563  
9.69999999  0.03033391  10500.2876  34.4321775  3238.01302  
9.70999999  0.03033390  10500.2721  34.4319885  3238.01047  
9.71999999  0.03033389  10500.2569  34.4318021  3238.00798  
9.72999999  0.03033387  10500.2417  34.4316184  3238.00555  
9.73999999  0.03033386  10500.2268  34.4314372  3238.00318  
9.74999999  0.03033385  10500.2120  34.4312586  3238.00088  
9.75999999  0.03033384  10500.1973  34.4310825  3237.99863  
9.76999999  0.03033383  10500.1828  34.4309090  3237.99644  
9.77999999  0.03033382  10500.1685  34.4307381  3237.99431  
9.78999999  0.03033381  10500.1543  34.4305696  3237.99224  
9.79999999  0.03033380  10500.1402  34.4304036  3237.99023  
9.80999999  0.03033380  10500.1263  34.4302401  3237.98828  
9.81999999  0.03033379  10500.1126  34.4300791  3237.98638  
9.82999999  0.03033379  10500.0990  34.4299205  3237.98454  
9.83999999  0.03033378  10500.0855  34.4297643  3237.98275  
9.84999999  0.03033378  10500.0722  34.4296106  3237.98102  
9.85999999  0.03033377  10500.0591  34.4294592  3237.97934  
9.86999999  0.03033377  10500.0461  34.4293102  3237.97772  
9.87999999  0.03033377  10500.0332  34.4291636  3237.97615  
9.88999999  0.03033377  10500.0205  34.4290194  3237.97464  
9.89999999  0.03033377  10500.0079  34.4288774  3237.97318  
9.90999999  0.03033376  10499.9955  34.4287378  3237.97177  
9.91999999  0.03033376  10499.9832  34.4286005  3237.97041  
9.92999999  0.03033377  10499.9710  34.4284654  3237.96910  
9.93999999  0.03033377  10499.9590  34.4283326  3237.96785  
9.94999999  0.03033377  10499.9471  34.4282021  3237.96664  
9.95999999  0.03033377  10499.9354  34.4280738  3237.96549  
9.96999999  0.03033378  10499.9238  34.4279477  3237.96438  
9.97999999  0.03033378  10499.9123  34.4278238  3237.96332  
9.98999999  0.03033378  10499.9010  34.4277021  3237.96231  
9.99999999  0.03033379  10499.8898  34.4275826  3237.96135  
10.0099999  0.03033379  10499.8788  34.4274652  3237.96044  
g.NS.time   B1.FAR      S1.N        B1.Wfuel    FNo.Tt      
0.0         0.025       10000.0     23.75       2863.15062  
0.0         0.025       9999.83112  23.7486208  2863.12424  
0.0         0.025       9999.77359  23.7479159  2863.11542  
0.0         0.026       9999.77359  23.7479159  2863.11542  
0.0         0.026       10074.7854  25.4210742  2932.74092  
0.0         0.028       10156.7910  27.2190876  3002.53917  
0.0         0.03        10246.2299  29.1540940  3072.50763  
0.01        0.02602126  10074.8168  25.4421446  2934.01284  
0.02        0.02604251  10074.8723  25.4634148  2935.28712  
0.03        0.02606377  10074.9546  25.4849533  2936.56451  
0.04        0.02608502  10075.0632  25.5067436  2937.84489  
0.05        0.02610627  10075.1977  25.5287815  2939.12814  
0.06000000  0.02612751  10075.3577  25.5510623  2940.41462  
0.07        0.02614874  10075.5427  25.5735812  2941.70319  
0.08        0.02616997  10075.7525  25.5963338  2942.99423  
0.09        0.02619118  10075.9864  25.6193155  2944.28761  
0.09999999  0.02621238  10076.2443  25.6425218  2945.58320  
0.10999999  0.02623357  10076.5256  25.6659482  2946.88089  
0.11999999  0.02625474  10076.8299  25.6895905  2948.18054  
0.12999999  0.02627590  10077.1570  25.7134442  2949.48204  
0.13999999  0.02629704  10077.5064  25.7375052  2950.78527  
0.15        0.02631816  10077.8777  25.7617691  2952.09011  
0.16        0.02633927  10078.2706  25.7862319  2953.39645  
0.17        0.02636036  10078.6847  25.8108894  2954.70417  
0.18000000  0.02638142  10079.1197  25.8357375  2956.01317  
0.19000000  0.02640247  10079.5751  25.8607723  2957.32333  
0.20000000  0.02642349  10080.0507  25.8859898  2958.63455  
0.21000000  0.02644449  10080.5462  25.9113861  2959.94672  
0.22000000  0.02646546  10081.0610  25.9369573  2961.25974  
0.23000000  0.02648641  10081.5950  25.9626995  2962.57350  
0.24000000  0.02650733  10082.1478  25.9886092  2963.88790  
0.25000000  0.02652822  10082.7191  26.0146824  2965.20285  
0.26000000  0.02654908  10083.3085  26.0409156  2966.51824  
0.27000000  0.02656992  10083.9158  26.0673051  2967.83397  
0.28000000  0.02659072  10084.5406  26.0938474  2969.14996  
0.29000000  0.02661149  10085.1826  26.1205389  2970.46612  
0.30000000  0.02663224  10085.8414  26.1473761  2971.78233  
0.31000000  0.02665294  10086.5169  26.1743556  2973.09853  
0.32000000  0.02667362  10087.2087  26.2014740  2974.41462  
0.33000000  0.02669426  10087.9165  26.2287279  2975.73050  
0.34000000  0.02671486  10088.6400  26.2561140  2977.04611  
0.35000000  0.02673543  10089.3790  26.2836291  2978.36134  
0.36000000  0.02675596  10090.1331  26.3112698  2979.67613  
0.37000000  0.02677645  10090.9021  26.3390331  2980.99038  
0.38000000  0.02679691  10091.6857  26.3669158  2982.30401  
0.39000000  0.02681732  10092.4837  26.3949148  2983.61695  
0.40000000  0.02683770  10093.2957  26.4230270  2984.92913  
0.41000000  0.02685803  10094.1216  26.4512493  2986.24045  
0.42000000  0.02687833  10094.9609  26.4795789  2987.55086  
0.43000000  0.02689858  10095.8136  26.5080127  2988.86026  
0.44000000  0.02691879  10096.6794  26.5365478  2990.16860  
0.45000000  0.02693896  10097.5578  26.5651806  2991.47579  
0.46000000  0.02695908  10098.4487  26.5939081  2992.78176  
0.47000000  0.02697916  10099.3519  26.6227284  2994.08645  
0.48000000  0.02699919  10100.2672  26.6516387  2995.38980  
0.49000000  0.02701917  10101.1944  26.6806364  2996.69173  
0.50000000  0.02703912  10102.1331  26.7097188  2997.99219  
0.51000000  0.02705901  10103.0832  26.7388831  2999.29111  
0.52000000  0.02707885  10104.0445  26.7681268  3000.58842  
0.53000000  0.02709865  10105.0168  26.7974474  3001.88407  
0.54000000  0.02711840  10105.9997  26.8268421  3003.17799  
0.55000000  0.02713810  10106.9932  26.8563086  3004.47013  
0.56000000  0.02715775  10107.9969  26.8858442  3005.76042  
0.57000000  0.02717735  10109.0107  26.9154467  3007.04881  
0.58000000  0.02719690  10110.0344  26.9451134  3008.33525  
0.59000000  0.02721640  10111.0678  26.9748422  3009.61966  
0.60000000  0.02723585  10112.1107  27.0046305  3010.90201  
0.61000000  0.02725524  10113.1628  27.0344760  3012.18224  
0.62000000  0.02727458  10114.2240  27.0643765  3013.46030  
0.63000000  0.02729387  10115.2941  27.0943297  3014.73613  
0.64000000  0.02731311  10116.3729  27.1243333  3016.00968  
0.65000000  0.02733229  10117.4602  27.1543852  3017.28091  
0.66000000  0.02735141  10118.5558  27.1844831  3018.54976  
0.67000000  0.02737049  10119.6596  27.2146249  3019.81620  
0.68000000  0.02738950  10120.7713  27.2448085  3021.08016  
0.69000000  0.02740847  10121.8908  27.2750318  3022.34161  
0.70000000  0.02742737  10123.0180  27.3052926  3023.60051  
0.71000000  0.02744622  10124.1526  27.3355890  3024.85680  
0.72000000  0.02746501  10125.2944  27.3659190  3026.11044  
0.73000000  0.02748375  10126.4434  27.3962805  3027.36139  
0.74000000  0.02750243  10127.5993  27.4266716  3028.60962  
0.75000000  0.02752105  10128.7620  27.4570903  3029.85507  
0.76000000  0.02753961  10129.9313  27.4875348  3031.09771  
0.77000000  0.02755811  10131.1071  27.5180032  3032.33751  
0.78000000  0.02757656  10132.2892  27.5484935  3033.57441  
0.79000000  0.02759494  10133.4774  27.5790040  3034.80839  
0.80000000  0.02761327  10134.6717  27.6095328  3036.03941  
0.81000000  0.02763153  10135.8718  27.6400782  3037.26742  
0.82000000  0.02764974  10137.0776  27.6706384  3038.49241  
0.83000000  0.02766789  10138.2889  27.7012116  3039.71432  
0.84000000  0.02768597  10139.5057  27.7317962  3040.93313  
0.85000000  0.02770400  10140.7278  27.7623904  3042.14881  
0.86000000  0.02772196  10141.9550  27.7929925  3043.36132  
0.87000000  0.02773986  10143.1872  27.8236010  3044.57063  
0.88000000  0.02775770  10144.4243  27.8542141  3045.77671  
0.89000000  0.02777548  10145.6661  27.8848303  3046.97953  
0.90000000  0.02779320  10146.9126  27.9154480  3048.17906  
0.91000000  0.02781085  10148.1635  27.9460656  3049.37526  
0.92000000  0.02782844  10149.4187  27.9766816  3050.56812  
0.93000000  0.02784597  10150.6782  28.0072944  3051.75761  
0.94000000  0.02786344  10151.9418  28.0379026  3052.94369  
0.95000000  0.02788084  10153.2093  28.0685047  3054.12634  
0.96000000  0.02789818  10154.4808  28.0990991  3055.30553  
0.97000000  0.02791546  10155.7559  28.1296845  3056.48125  
0.98000000  0.02793267  10157.0347  28.1602594  3057.65345  
0.99000000  0.02794982  10158.3169  28.1908225  3058.82213  
1.00000000  0.02796690  10159.6026  28.2213723  3059.98726  
1.01000000  0.02798392  10160.8916  28.2519074  3061.14880  
1.02000000  0.02800088  10162.1837  28.2824266  3062.30675  
1.03000000  0.02801777  10163.4788  28.3129285  3063.46108  
1.04000000  0.02803459  10164.7770  28.3434118  3064.61177  
1.05000000  0.02805136  10166.0779  28.3738751  3065.75879  
1.06000000  0.02806805  10167.3816  28.4043172  3066.90212  
1.07000000  0.02808468  10168.6880  28.4347369  3068.04176  
1.08000000  0.02810125  10169.9968  28.4651328  3069.17767  
1.09000000  0.02811775  10171.3081  28.4955039  3070.30984  
1.10000000  0.02813418  10172.6218  28.5258488  3071.43824  
1.11000000  0.02815055  10173.9377  28.5561663  3072.56287  
1.12000000  0.02816686  10175.2557  28.5864554  3073.68371  
1.13000000  0.02818309  10176.5758  28.6167147  3074.80073  
1.14000000  0.02819926  10177.8978  28.6469433  3075.91392  
1.15000000  0.02821537  10179.2217  28.6771398  3077.02327  
1.16000000  0.02823141  10180.5473  28.7073034  3078.12876  
1.17000000  0.02824738  10181.8747  28.7374327  3079.23037  
1.18000000  0.02826329  10183.2036  28.7675268  3080.32809  
1.19000000  0.02827913  10184.5340  28.7975846  3081.42191  
1.20000000  0.02829490  10185.8659  28.8276051  3082.51181  
1.21000000  0.02831061  10187.1991  28.8575871  3083.59778  
1.22000000  0.02832625  10188.5335  28.8875296  3084.67980  
1.23000000  0.02834182  10189.8691  28.9174317  3085.75786  
1.24000000  0.02835733  10191.2058  28.9472923  3086.83195  
1.25000000  0.02837277  10192.5435  28.9771105  3087.90207  
1.26000000  0.02838814  10193.8821  29.0068853  3088.96819  
1.27000000  0.02840344  10195.2215  29.0366157  3090.03030  
1.28000000  0.02841868  10196.5618  29.0663008  3091.08840  
1.29000000  0.02843386  10197.9027  29.0959397  3092.14248  
1.30000000  0.02844896  10199.2442  29.1255314  3093.19252  
1.31000000  0.02846400  10200.5863  29.1550751  3094.23852  
1.32000000  0.02847897  10201.9289  29.1845698  3095.28046  
1.33000000  0.02849387  10203.2718  29.2140147  3096.31834  
1.34000000  0.02850871  10204.6151  29.2434089  3097.35215  
1.35000000  0.02852348  10205.9587  29.2727516  3098.38189  
1.36000000  0.02853818  10207.3024  29.3020419  3099.40753  
1.37000000  0.02855282  10208.6463  29.3312790  3100.42908  
1.38000000  0.02856738  10209.9902  29.3604620  3101.44653  
1.39000000  0.02858188  10211.3341  29.3895902  3102.45987  
1.40000000  0.02859632  10212.6779  29.4186627  3103.46909  
1.41000000  0.02861068  10214.0216  29.4476788  3104.47419  
1.42000000  0.02862498  10215.3651  29.4766378  3105.47517  
1.43000000  0.02863921  10216.7083  29.5055388  3106.47201  
1.44000000  0.02865338  10218.0512  29.5343811  3107.46471  
1.45000000  0.02866748  10219.3936  29.5631639  3108.45327  
1.46000000  0.02868151  10220.7357  29.5918866  3109.43768  
1.47000000  0.02869547  10222.0772  29.6205485  3110.41745  
1.48000000  0.02870937  10223.4182  29.6491488  3111.39360  
1.49000000  0.02872319  10224.7585  29.6776868  3112.36559  
1.50000000  0.02873696  10226.0982  29.7061619  3113.33341  
1.51000000  0.02875065  10227.4371  29.7345733  3114.29705  
1.52000000  0.02876428  10228.7752  29.7629204  3115.25653  
1.53000000  0.02877784  10230.1125  29.7912026  3116.21183  
1.54000000  0.02879134  10231.4489  29.8194191  3117.16295  
1.55000000  0.02880476  10232.7843  29.8475694  3118.10989  
1.56000000  0.02881812  10234.1187  29.8756529  3119.05264  
1.57000000  0.02883142  10235.4520  29.9036688  3119.99121  
1.58000000  0.02884464  10236.7842  29.9316167  3120.92560  
1.59000000  0.02885781  10238.1153  29.9594959  3121.85580  
1.60000000  0.02887090  10239.4452  29.9873058  3122.78180  
1.61000000  0.02888393  10240.7738  30.0150459  3123.70362  
1.62000000  0.02889689  10242.1010  30.0427156  3124.62125  
1.63000000  0.02890978  10243.4270  30.0703143  3125.53468  
1.64000000  0.02892261  10244.7515  30.0978416  3126.44392  
1.65000000  0.02893538  10246.0746  30.1252967  3127.34898  
1.66000000  0.02894807  10247.3962  30.1526793  3128.24984  
1.67000000  0.02896070  10248.7162  30.1799887  3129.14651  
1.68000000  0.02897327  10250.0346  30.2072245  3130.03899  
1.69000000  0.02898576  10251.3515  30.2343862  3130.92728  
1.70000000  0.02899820  10252.6666  30.2614732  3131.81138  
1.71000000  0.02901056  10253.9801  30.2884852  3132.69130  
1.72000000  0.02902286  10255.2918  30.3154215  3133.56703  
1.73000000  0.02903510  10256.6016  30.3422817  3134.43857  
1.74000000  0.02904727  10257.9097  30.3690654  3135.30594  
1.75000000  0.02905937  10259.2159  30.3957721  3136.16912  
1.76000000  0.02907141  10260.5201  30.4224014  3137.02813  
1.77000000  0.02908339  10261.8224  30.4489527  3137.88296  
1.78000000  0.02909530  10263.1227  30.4754257  3138.73361  
1.79000000  0.02910714  10264.4210  30.5018200  3139.58010  
1.80000000  0.02911892  10265.7172  30.5281351  3140.42242  
1.81000000  0.02913063  10267.0112  30.5543706  3141.26057  
1.82000000  0.02914228  10268.3032  30.5805261  3142.09456  
1.83000000  0.02915387  10269.5929  30.6066013  3142.92440  
1.84000000  0.02916539  10270.8805  30.6325956  3143.75008  
1.85000000  0.02917684  10272.1658  30.6585088  3144.57161  
1.86000000  0.02918824  10273.4488  30.6843405  3145.38899  
1.87000000  0.02919956  10274.7294  30.7100903  3146.20223  
1.88000000  0.02921083  10276.0078  30.7357578  3147.01133  
1.89000000  0.02922203  10277.2837  30.7613427  3147.81630  
1.90000000  0.02923316  10278.5572  30.7868446  3148.61714  
1.91000000  0.02924423  10279.8283  30.8122632  3149.41385  
1.92000000  0.02925524  10281.0969  30.8375982  3150.20644  
1.93000000  0.02926619  10282.3629  30.8628492  3150.99544  
1.94000000  0.02927707  10283.6264  30.8880159  3151.77985  
1.95000000  0.02928789  10284.8874  30.9130979  3152.56015  
1.96000000  0.02929864  10286.1457  30.9380950  3153.33636  
1.97000000  0.02930934  10287.4014  30.9630070  3154.10847  
1.98000000  0.02931997  10288.6544  30.9878334  3154.87649  
1.99000000  0.02933053  10289.9048  31.0125740  3155.64044  
2.00000000  0.02934104  10291.1524  31.0372285  3156.40031  
2.01000000  0.02935148  10292.3972  31.0617967  3157.15610  
2.02000000  0.02936186  10293.6393  31.0862783  3157.90784  
2.03000000  0.02937218  10294.8786  31.1106730  3158.65551  
2.04000000  0.02938244  10296.1151  31.1349805  3159.39914  
2.05000000  0.02939263  10297.3487  31.1592006  3160.13872  
2.06        0.02940276  10298.5794  31.1833331  3160.87426  
2.07        0.02941283  10299.8072  31.2073777  3161.60578  
2.07999999  0.02942284  10301.0320  31.2313342  3162.33326  
2.08999999  0.02943279  10302.2540  31.2552023  3163.05673  
2.09999999  0.02944268  10303.4729  31.2789819  3163.77619  
2.10999999  0.02945250  10304.6889  31.3026738  3164.49166  
2.11999999  0.02946227  10305.9020  31.3262775  3165.20315  
2.12999999  0.02947198  10307.1120  31.3497919  3165.91063  
2.13999999  0.02948162  10308.3189  31.3732167  3166.61414  
2.14999999  0.02949120  10309.5227  31.3965518  3167.31367  
2.15999999  0.02950073  10310.7234  31.4197969  3168.00923  
2.16999999  0.02951019  10311.9209  31.4429519  3168.70084  
2.17999999  0.02951960  10313.1152  31.4660166  3169.38849  
2.18999999  0.02952894  10314.3064  31.4889909  3170.07219  
2.19999999  0.02953822  10315.4943  31.5118745  3170.75196  
2.20999999  0.02954745  10316.6790  31.5346674  3171.42780  
2.21999999  0.02955662  10317.8604  31.5573693  3172.09973  
2.22999999  0.02956572  10319.0386  31.5799802  3172.76774  
2.23999999  0.02957477  10320.2135  31.6024999  3173.43185  
2.24999999  0.02958376  10321.3850  31.6249282  3174.09207  
2.25999999  0.02959269  10322.5532  31.6472651  3174.74840  
2.26999999  0.02960156  10323.7181  31.6695103  3175.40085  
2.27999999  0.02961038  10324.8796  31.6916638  3176.04944  
2.28999999  0.02961913  10326.0377  31.7137255  3176.69417  
2.29999999  0.02962783  10327.1925  31.7356952  3177.33505  
2.30999999  0.02963647  10328.3438  31.7575728  3177.97209  
2.31999999  0.02964505  10329.4916  31.7793582  3178.60530  
2.32999999  0.02965358  10330.6361  31.8010513  3179.23469  
2.33999999  0.02966205  10331.7770  31.8226521  3179.86026  
2.34999999  0.02967046  10332.9145  31.8441604  3180.48203  
2.35999999  0.02967881  10334.0484  31.8655762  3181.10001  
2.36999999  0.02968711  10335.1789  31.8868993  3181.71420  
2.37999999  0.02969535  10336.3058  31.9081297  3182.32462  
2.38999999  0.02970354  10337.4292  31.9292673  3182.93127  
2.39999999  0.02971167  10338.5490  31.9503121  3183.53417  
2.40999999  0.02971974  10339.6653  31.9712639  3184.13332  
2.41999999  0.02972775  10340.7779  31.9921227  3184.72874  
2.42999999  0.02973572  10341.8870  32.0128885  3185.32043  
2.43999999  0.02974362  10342.9924  32.0335607  3185.90840  
2.44999999  0.02975147  10344.0942  32.0541403  3186.49267  
2.45999999  0.02975927  10345.1924  32.0746267  3187.07324  
2.46999999  0.02976701  10346.2869  32.0950199  3187.65013  
2.47999999  0.02977469  10347.3778  32.1153198  3188.22334  
2.48999999  0.02978232  10348.4650  32.1355263  3188.79289  
2.49999999  0.02978990  10349.5485  32.1556396  3189.35878  
2.50999999  0.02979742  10350.6283  32.1756595  3189.92103  
2.51999999  0.02980489  10351.7044  32.1955860  3190.47964  
2.52999999  0.02981231  10352.7768  32.2154192  3191.03464  
2.53999999  0.02981967  10353.8454  32.2351589  3191.58601  
2.54999999  0.02982698  10354.9103  32.2548052  3192.13379  
2.55999999  0.02983423  10355.9714  32.2743581  3192.67798  
2.56999999  0.02984143  10357.0288  32.2938176  3193.21858  
2.57999999  0.02984858  10358.0824  32.3131836  3193.75562  
2.58999999  0.02985568  10359.1322  32.3324562  3194.28909  
2.59999999  0.02986272  10360.1782  32.3516354  3194.81902  
2.60999999  0.02986971  10361.2204  32.3707213  3195.34541  
2.61999999  0.02987665  10362.2588  32.3897137  3195.86827  
2.62999999  0.02988354  10363.2933  32.4086128  3196.38762  
2.63999999  0.02989037  10364.3241  32.4274185  3196.90346  
2.64999999  0.02989716  10365.3510  32.4461309  3197.41581  
2.65999999  0.02990389  10366.3740  32.4647500  3197.92468  
2.66999999  0.02991057  10367.3932  32.4832759  3198.43007  
2.67999999  0.02991720  10368.4085  32.5017086  3198.93201  
2.68999999  0.02992378  10369.4200  32.5200480  3199.43050  
2.69999999  0.02993031  10370.4275  32.5382944  3199.92555  
2.70999999  0.02993679  10371.4312  32.5564476  3200.41717  
2.71999999  0.02994322  10372.4310  32.5745079  3200.90538  
2.72999999  0.02994959  10373.4269  32.5924751  3201.39019  
2.73999999  0.02995592  10374.4189  32.6103494  3201.87160  
2.74999999  0.02996220  10375.4069  32.6281308  3202.34963  
2.75999999  0.02996843  10376.3911  32.6458195  3202.82430  
2.76999999  0.02997461  10377.3713  32.6634154  3203.29560  
2.77999999  0.02998074  10378.3476  32.6809186  3203.76356  
2.78999999  0.02998683  10379.3199  32.6983292  3204.22819  
2.79999999  0.02999286  10380.2883  32.7156473  3204.68949  
2.80999999  0.02999885  10381.2528  32.7328729  3205.14748  
2.81999999  0.03000478  10382.2133  32.7500062  3205.60218  
2.82999999  0.03001067  10383.1698  32.7670472  3206.05358  
2.83999999  0.03001651  10384.1222  32.7839936  3206.50168  
2.84999999  0.03002231  10385.0705  32.8008479  3206.94652  
2.85999999  0.03002805  10386.0149  32.8176102  3207.38811  
2.86999999  0.03003375  10386.9554  32.8342805  3207.82646  
2.87999999  0.03003941  10387.8918  32.8508588  3208.26158  
2.88999999  0.03004501  10388.8242  32.8673454  3208.69348  
2.89999999  0.03005057  10389.7526  32.8837403  3209.12217  
2.90999999  0.03005608  10390.6771  32.9000437  3209.54768  
2.91999999  0.03006155  10391.5975  32.9162556  3209.97000  
2.92999999  0.03006697  10392.5139  32.9323761  3210.38915  
2.93999999  0.03007234  10393.4263  32.9484054  3210.80515  
2.94999999  0.03007767  10394.3347  32.9643436  3211.21800  
2.95999999  0.03008295  10395.2391  32.9801908  3211.62772  
2.96999999  0.03008819  10396.1395  32.9959471  3212.03431  
2.97999999  0.03009339  10397.0358  33.0116127  3212.43780  
2.98999999  0.03009853  10397.9281  33.0271876  3212.83819  
2.99999999  0.03010364  10398.8164  33.0426721  3213.23550  
3.00999999  0.03010870  10399.7007  33.0580662  3213.62973  
3.01999999  0.03011371  10400.5809  33.0733701  3214.02091  
3.02999999  0.03011868  10401.4571  33.0885840  3214.40903  
3.03999999  0.03012361  10402.3293  33.1037079  3214.79412  
3.04999999  0.03012849  10403.1974  33.1187420  3215.17619  
3.05999999  0.03013333  10404.0615  33.1336864  3215.55524  
3.06999999  0.03013813  10404.9216  33.1485414  3215.93130  
3.07999999  0.03014288  10405.7776  33.1633070  3216.30437  
3.08999999  0.03014759  10406.6296  33.1779834  3216.67446  
3.09999999  0.03015226  10407.4775  33.1925708  3217.04159  
3.10999999  0.03015689  10408.3215  33.2070693  3217.40577  
3.11999999  0.03016147  10409.1613  33.2214791  3217.76702  
3.12999999  0.03016602  10409.9972  33.2358004  3218.12533  
3.13999999  0.03017052  10410.8290  33.2500333  3218.48074  
3.14999999  0.03017497  10411.6567  33.2641779  3218.83324  
3.15999999  0.03017939  10412.4804  33.2782345  3219.18286  
3.16999999  0.03018377  10413.3001  33.2922032  3219.52960  
3.17999999  0.03018810  10414.1157  33.3060843  3219.87347  
3.18999999  0.03019240  10414.9274  33.3198778  3220.21449  
3.19999999  0.03019665  10415.7349  33.3335839  3220.55268  
3.20999999  0.03020086  10416.5385  33.3472029  3220.88804  
3.21999999  0.03020504  10417.3380  33.3607349  3221.22058  
3.22999999  0.03020917  10418.1334  33.3741801  3221.55032  
3.23999999  0.03021326  10418.9249  33.3875387  3221.87728  
3.24999999  0.03021732  10419.7123  33.4008109  3222.20145  
3.25999999  0.03022133  10420.4957  33.4139969  3222.52287  
3.26999999  0.03022531  10421.2751  33.4270968  3222.84153  
3.27999999  0.03022924  10422.0504  33.4401109  3223.15745  
3.28999999  0.03023314  10422.8217  33.4530393  3223.47064  
3.29999999  0.03023700  10423.5890  33.4658823  3223.78112  
3.30999999  0.03024082  10424.3523  33.4786401  3224.08889  
3.31999999  0.03024460  10425.1116  33.4913128  3224.39398  
3.32999999  0.03024835  10425.8669  33.5039007  3224.69639  
3.33999999  0.03025205  10426.6181  33.5164040  3224.99613  
3.34999999  0.03025572  10427.3654  33.5288228  3225.29322  
3.35999999  0.03025935  10428.1086  33.5411575  3225.58767  
3.36999999  0.03026295  10428.8479  33.5534081  3225.87949  
3.37999999  0.03026651  10429.5832  33.5655750  3226.16870  
3.38999999  0.03027003  10430.3144  33.5776583  3226.45531  
3.39999999  0.03027351  10431.0417  33.5896582  3226.73932  
3.40999999  0.03027696  10431.7650  33.6015751  3227.02076  
3.41999999  0.03028037  10432.4843  33.6134090  3227.29963  
3.42999999  0.03028375  10433.1997  33.6251602  3227.57595  
3.43999999  0.03028709  10433.9111  33.6368290  3227.84973  
3.44999999  0.03029039  10434.6185  33.6484156  3228.12097  
3.45999999  0.03029366  10435.3219  33.6599201  3228.38971  
3.46999999  0.03029689  10436.0214  33.6713429  3228.65594  
3.47999999  0.03030009  10436.7169  33.6826841  3228.91968  
3.48999999  0.03030326  10437.4085  33.6939440  3229.18094  
3.49999999  0.03030639  10438.0962  33.7051229  3229.43973  
3.50999999  0.03030948  10438.7799  33.7162209  3229.69608  
3.51999999  0.03031254  10439.4596  33.7272383  3229.94998  
3.52999999  0.03031557  10440.1355  33.7381753  3230.20145  
3.53999999  0.03031856  10440.8074  33.7490322  3230.45050  
3.54999999  0.03032152  10441.4754  33.7598092  3230.69715  
3.55999999  0.03032445  10442.1395  33.7705066  3230.94141  
3.56999999  0.03032734  10442.7996  33.7811246  3231.18329  
3.57999999  0.03033020  10443.4559  33.7916634  3231.42280  
3.58999999  0.03033303  10444.1083  33.8021234  3231.65996  
3.59999999  0.03033582  10444.7568  33.8125046  3231.89477  
3.60999999  0.03033859  10445.4014  33.8228075  3232.12726  
3.61999999  0.03034132  10446.0421  33.8330322  3232.35742  
3.62999999  0.03034401  10446.6790  33.8431791  3232.58528  
3.63999999  0.03034668  10447.3120  33.8532482  3232.81085  
3.64999999  0.03034931  10447.9411  33.8632400  3233.03414  
3.65999999  0.03035192  10448.5664  33.8731547  3233.25515  
3.66999999  0.03035449  10449.1878  33.8829924  3233.47391  
3.67999999  0.03035703  10449.8054  33.8927536  3233.69043  
3.68999999  0.03035954  10450.4192  33.9024384  3233.90472  
3.69999999  0.03036202  10451.0291  33.9120471  3234.11678  
3.70999999  0.03036447  10451.6352  33.9215799  3234.32664  
3.71999999  0.03036688  10452.2375  33.9310372  3234.53430  
3.72999999  0.03036927  10452.8361  33.9404192  3234.73978  
3.73999999  0.03037163  10453.4308  33.9497262  3234.94308  
3.74999999  0.03037396  10454.0217  33.9589583  3235.14423  
3.75999999  0.03037626  10454.6088  33.9681160  3235.34323  
3.76999999  0.03037853  10455.1922  33.9771994  3235.54010  
3.77999999  0.03038077  10455.7718  33.9862089  3235.73484  
3.78999999  0.03038298  10456.3477  33.9951446  3235.92747  
3.79999999  0.03038516  10456.9197  34.0040070  3236.11801  
3.80999999  0.03038732  10457.4881  34.0127962  3236.30645  
3.81999999  0.03038944  10458.0527  34.0215125  3236.49283  
3.82999999  0.03039154  10458.6136  34.0301562  3236.67714  
3.83999999  0.03039361  10459.1708  34.0387275  3236.85940  
3.84999999  0.03039565  10459.7243  34.0472269  3237.03962  
3.85999999  0.03039766  10460.2740  34.0556544  3237.21781  
3.86999999  0.03039965  10460.8201  34.0640105  3237.39399  
3.87999999  0.03040161  10461.3625  34.0722953  3237.56816  
3.88999999  0.03040354  10461.9012  34.0805092  3237.74035  
3.89999999  0.03040545  10462.4362  34.0886525  3237.91056  
3.90999999  0.03040732  10462.9676  34.0967254  3238.07879  
3.91999999  0.03040918  10463.4954  34.1047282  3238.24508  
3.92999999  0.03041100  10464.0195  34.1126612  3238.40942  
3.93999999  0.03041280  10464.5399  34.1205246  3238.57183  
3.94999999  0.03041457  10465.0568  34.1283189  3238.73231  
3.95999999  0.03041632  10465.5700  34.1360442  3238.89089  
3.96999999  0.03041804  10466.0797  34.1437008  3239.04758  
3.97999999  0.03041974  10466.5857  34.1512890  3239.20237  
3.98999999  0.03042141  10467.0882  34.1588092  3239.35530  
3.99999999  0.03042305  10467.5870  34.1662615  3239.50636  
4.00999999  0.03042467  10468.0824  34.1736463  3239.65558  
4.01999999  0.03042627  10468.5741  34.1809640  3239.80295  
4.02999999  0.03042784  10469.0623  34.1882146  3239.94850  
4.03999999  0.03042939  10469.5470  34.1953987  3240.09223  
4.04999999  0.03043091  10470.0282  34.2025164  3240.23416  
4.05999999  0.03043241  10470.5058  34.2095680  3240.37430  
4.06999999  0.03043388  10470.9799  34.2165538  3240.51266  
4.07999999  0.03043534  10471.4506  34.2234742  3240.64924  
4.08999999  0.03043676  10471.9177  34.2303294  3240.78407  
4.09999999  0.03043817  10472.3814  34.2371198  3240.91716  
4.10999999  0.03043955  10472.8416  34.2438455  3241.04851  
4.11999999  0.03044091  10473.2983  34.2505069  3241.17813  
4.12999999  0.03044224  10473.7516  34.2571044  3241.30605  
4.13999999  0.03044355  10474.2015  34.2636381  3241.43226  
4.14999999  0.03044484  10474.6480  34.2701084  3241.55678  
4.15999999  0.03044611  10475.0910  34.2765156  3241.67962  
4.16999999  0.03044736  10475.5307  34.2828600  3241.80080  
4.17999999  0.03044858  10475.9669  34.2891419  3241.92032  
4.18999999  0.03044978  10476.3998  34.2953615  3242.03820  
4.19999999  0.03045096  10476.8293  34.3015193  3242.15444  
4.20999999  0.03045212  10477.2554  34.3076154  3242.26907  
4.21999999  0.03045326  10477.6782  34.3136502  3242.38207  
4.22999999  0.03045437  10478.0976  34.3196239  3242.49348  
4.23999999  0.03045547  10478.5138  34.3255370  3242.60330  
4.24999999  0.03045654  10478.9266  34.3313896  3242.71155  
4.25999999  0.03045760  10479.3361  34.3371821  3242.81822  
4.26999999  0.03045863  10479.7423  34.3429147  3242.92334  
4.27999999  0.03045964  10480.1452  34.3485879  3243.02691  
4.28999999  0.03046064  10480.5449  34.3542018  3243.12895  
4.29999999  0.03046161  10480.9413  34.3597568  3243.22947  
4.30999999  0.03046256  10481.3344  34.3652531  3243.32847  
4.31999999  0.03046349  10481.7244  34.3706912  3243.42597  
4.32999999  0.03046441  10482.1111  34.3760712  3243.52198  
4.33999999  0.03046530  10482.4946  34.3813935  3243.61651  
4.34999999  0.03046618  10482.8748  34.3866583  3243.70957  
4.35999999  0.03046703  10483.2519  34.3918661  3243.80117  
4.36999999  0.03046787  10483.6259  34.3970171  3243.89132  
4.37999999  0.03046869  10483.9966  34.4021115  3243.98004  
4.38999999  0.03046949  10484.3642  34.4071497  3244.06733  
4.39999999  0.03047027  10484.7287  34.4121320  3244.15320  
4.40999999  0.03047104  10485.0900  34.4170587  3244.23766  
4.41999999  0.03047178  10485.4482  34.4219301  3244.32073  
4.42999999  0.03047251  10485.8033  34.4267465  3244.40242  
4.43999999  0.03047322  10486.1554  34.4315082  3244.48273  
4.44999999  0.03047391  10486.5043  34.4362155  3244.56167  
4.45999999  0.03047459  10486.8502  34.4408687  3244.63926  
4.46999999  0.03047524  10487.1930  34.4454681  3244.71551  
4.47999999  0.03047588  10487.5327  34.4500140  3244.79043  
4.48999999  0.03047651  10487.8695  34.4545067  3244.86402  
4.49999999  0.03047711  10488.2032  34.4589466  3244.93630  
4.50999999  0.03047770  10488.5339  34.4633338  3245.00728  
4.51999999  0.03047828  10488.8616  34.4676688  3245.07696  
4.52999999  0.03047883  10489.1863  34.4719517  3245.14536  
4.53999999  0.03047937  10489.5081  34.4761830  3245.21249  
4.54999999  0.03047990  10489.8268  34.4803629  3245.27836  
4.55999999  0.03048041  10490.1427  34.4844917  3245.34298  
4.56999999  0.03048090  10490.4556  34.4885697  3245.40635  
4.57999999  0.03048138  10490.7656  34.4925973  3245.46849  
4.58999999  0.03048184  10491.0727  34.4965747  3245.52941  
4.59999999  0.03048229  10491.3769  34.5005021  3245.58912  
4.60999999  0.03048272  10491.6782  34.5043800  3245.64763  
4.61999999  0.03048313  10491.9766  34.5082087  3245.70494  
4.62999999  0.03048353  10492.2722  34.5119883  3245.76107  
4.63999999  0.03048392  10492.5649  34.5157193  3245.81603  
4.64999999  0.03048429  10492.8548  34.5194019  3245.86982  
4.65999999  0.03048465  10493.1419  34.5230363  3245.92246  
4.66999999  0.03048499  10493.4262  34.5266231  3245.97396  
4.67999999  0.03048532  10493.7076  34.5301623  3246.02432  
4.68999999  0.03048564  10493.9863  34.5336543  3246.07356  
4.69999999  0.03048594  10494.2623  34.5370994  3246.12168  
4.70999999  0.03048622  10494.5354  34.5404980  3246.16870  
4.71999999  0.03048650  10494.8059  34.5438502  3246.21462  
4.72999999  0.03048676  10495.0736  34.5471565  3246.25945  
4.73999999  0.03048700  10495.3385  34.5504170  3246.30321  
4.74999999  0.03048724  10495.6008  34.5536321  3246.34589  
4.75999999  0.03048746  10495.8604  34.5568021  3246.38752  
4.76999999  0.03048766  10496.1173  34.5599273  3246.42810  
4.77999999  0.03048786  10496.3716  34.5630079  3246.46764  
4.78999999  0.03048804  10496.6232  34.5660444  3246.50615  
4.79999999  0.03048821  10496.8721  34.5690368  3246.54364  
4.80999999  0.03048836  10497.1185  34.5719857  3246.58011  
4.81999999  0.03048851  10497.3622  34.5748912  3246.61558  
4.82999999  0.03048864  10497.6033  34.5777536  3246.65006  
4.83999999  0.03048876  10497.8418  34.5805732  3246.68355  
4.84999999  0.03048887  10498.0778  34.5833504  3246.71606  
4.85999999  0.03048896  10498.3112  34.5860854  3246.74760  
4.86999999  0.03048905  10498.5420  34.5887785  3246.77819  
4.87999999  0.03048912  10498.7704  34.5914300  3246.80783  
4.88999999  0.03048918  10498.9962  34.5940401  3246.83652  
4.89999999  0.03048923  10499.2195  34.5966092  3246.86429  
4.90999999  0.03048927  10499.4403  34.5991376  3246.89113  
4.91999999  0.03048930  10499.6586  34.6016256  3246.91705  
4.92999999  0.03048932  10499.8744  34.6040733  3246.94207  
4.93999999  0.03048932  10500.0878  34.6064812  3246.96620  
4.94999999  0.03048932  10500.2988  34.6088495  3246.98943  
4.95999999  0.03048930  10500.5073  34.6111785  3247.01178  
4.96999999  0.03048928  10500.7134  34.6134684  3247.03326  
4.97999999  0.03048924  10500.9171  34.6157196  3247.05388  
4.98999999  0.03048920  10501.1184  34.6179324  3247.07364  
4.99999999  0.03048914  10501.3174  34.6201069  3247.09256  
5.00999999  0.03048907  10501.5140  34.6222436  3247.11064  
5.01999999  0.03048900  10501.7082  34.6243427  3247.12789  
5.02999999  0.03048891  10501.9001  34.6264044  3247.14432  
5.03999999  0.03048882  10502.0897  34.6284291  3247.15993  
5.04999999  0.03048871  10502.2769  34.6304170  3247.17474  
5.05999999  0.03048860  10502.4619  34.6323684  3247.18875  
5.06999999  0.03048848  10502.6446  34.6342836  3247.20198  
5.07999999  0.03048834  10502.8250  34.6361628  3247.21442  
5.08999999  0.03048820  10503.0032  34.6380064  3247.22609  
5.09999999  0.03048805  10503.1791  34.6398146  3247.23700  
5.10999999  0.03048789  10503.3528  34.6415877  3247.24715  
5.11999999  0.03048773  10503.5242  34.6433260  3247.25655  
5.12999999  0.03048755  10503.6935  34.6450297  3247.26521  
5.13999999  0.03048737  10503.8606  34.6466991  3247.27313  
5.14999999  0.03048717  10504.0255  34.6483345  3247.28034  
5.15999999  0.03048697  10504.1882  34.6499361  3247.28682  
5.16999999  0.03048676  10504.3488  34.6515042  3247.29260  
5.17999999  0.03048654  10504.5073  34.6530392  3247.29767  
5.18999999  0.03048632  10504.6636  34.6545412  3247.30205  
5.19999999  0.03048609  10504.8178  34.6560105  3247.30574  
5.20999999  0.03048585  10504.9699  34.6574475  3247.30876  
5.21999999  0.03048560  10505.1200  34.6588523  3247.31110  
5.22999999  0.03048534  10505.2679  34.6602252  3247.31278  
5.23999999  0.03048508  10505.4138  34.6615665  3247.31380  
5.24999999  0.03048481  10505.5577  34.6628765  3247.31418  
5.25999999  0.03048453  10505.6995  34.6641554  3247.31391  
5.26999999  0.03048424  10505.8393  34.6654035  3247.31301  
5.27999999  0.03048395  10505.9771  34.6666211  3247.31148  
5.28999999  0.03048365  10506.1129  34.6678083  3247.30933  
5.29999999  0.03048335  10506.2468  34.6689655  3247.30657  
5.30999999  0.03048303  10506.3786  34.6700929  3247.30320  
5.31999999  0.03048272  10506.5085  34.6711909  3247.29923  
5.32999999  0.03048239  10506.6365  34.6722595  3247.29468  
5.33999999  0.03048206  10506.7625  34.6732992  3247.28954  
5.34999999  0.03048172  10506.8866  34.6743101  3247.28382  
5.35999999  0.03048138  10507.0089  34.6752925  3247.27753  
5.36999999  0.03048103  10507.1292  34.6762467  3247.27068  
5.37999999  0.03048067  10507.2476  34.6771728  3247.26327  
5.38999999  0.03048031  10507.3642  34.6780713  3247.25532  
5.39999999  0.03047994  10507.4790  34.6789423  3247.24682  
5.40999999  0.03047956  10507.5919  34.6797860  3247.23778  
5.41999999  0.03047919  10507.7030  34.6806027  3247.22822  
5.42999999  0.03047880  10507.8122  34.6813927  3247.21813  
5.43999999  0.03047841  10507.9197  34.6821563  3247.20753  
5.44999999  0.03047801  10508.0254  34.6828935  3247.19642  
5.45999999  0.03047761  10508.1293  34.6836048  3247.18481  
5.46999999  0.03047721  10508.2314  34.6842903  3247.17270  
5.47999999  0.03047679  10508.3318  34.6849503  3247.16010  
5.48999999  0.03047638  10508.4305  34.6855851  3247.14702  
5.49999999  0.03047596  10508.5274  34.6861948  3247.13346  
5.50999999  0.03047553  10508.6226  34.6867797  3247.11944  
5.51999999  0.03047510  10508.7161  34.6873401  3247.10494  
5.52999999  0.03047466  10508.8080  34.6878761  3247.08999  
5.53999999  0.03047422  10508.8981  34.6883881  3247.07459  
5.54999999  0.03047378  10508.9867  34.6888763  3247.05875  
5.55999999  0.03047333  10509.0735  34.6893408  3247.04247  
5.56999999  0.03047287  10509.1587  34.6897820  3247.02575  
5.57999999  0.03047242  10509.2423  34.6902001  3247.00861  
5.58999999  0.03047195  10509.3243  34.6905952  3246.99104  
5.59999999  0.03047149  10509.4047  34.6909677  3246.97306  
5.60999999  0.03047102  10509.4835  34.6913177  3246.95468  
5.61999999  0.03047054  10509.5607  34.6916456  3246.93589  
5.62999999  0.03047007  10509.6364  34.6919514  3246.91670  
5.63999999  0.03046958  10509.7105  34.6922355  3246.89713  
5.64999999  0.03046910  10509.7831  34.6924981  3246.87717  
5.65999999  0.03046861  10509.8542  34.6927393  3246.85683  
5.66999999  0.03046812  10509.9237  34.6929595  3246.83611  
5.67999999  0.03046762  10509.9918  34.6931588  3246.81503  
5.68999999  0.03046712  10510.0583  34.6933375  3246.79359  
5.69999999  0.03046662  10510.1234  34.6934958  3246.77179  
5.70999999  0.03046611  10510.1870  34.6936339  3246.74964  
5.71999999  0.03046560  10510.2492  34.6937520  3246.72714  
5.72999999  0.03046509  10510.3099  34.6938504  3246.70431  
5.73999999  0.03046457  10510.3692  34.6939292  3246.68114  
5.74999999  0.03046406  10510.4271  34.6939887  3246.65764  
5.75999999  0.03046353  10510.4836  34.6940291  3246.63382  
5.76999999  0.03046301  10510.5386  34.6940505  3246.60968  
5.77999999  0.03046248  10510.5923  34.6940533  3246.58523  
5.78999999  0.03046195  10510.6447  34.6940377  3246.56047  
5.79999999  0.03046142  10510.6956  34.6940037  3246.53541  
5.80999999  0.03046089  10510.7453  34.6939518  3246.51006  
5.81999999  0.03046035  10510.7936  34.6938819  3246.48441  
5.82999999  0.03045981  10510.8405  34.6937945  3246.45847  
5.83999999  0.03045927  10510.8862  34.6936896  3246.43225  
5.84999999  0.03045872  10510.9305  34.6935674  3246.40576  
5.85999999  0.03045818  10510.9736  34.6934283  3246.37900  
5.86999999  0.03045763  10511.0154  34.6932723  3246.35197  
5.87999999  0.03045708  10511.0559  34.6930997  3246.32468  
5.88999999  0.03045652  10511.0952  34.6929107  3246.29713  
5.89999999  0.03045597  10511.1332  34.6927055  3246.26933  
5.90999999  0.03045541  10511.1700  34.6924843  3246.24128  
5.91999999  0.03045485  10511.2056  34.6922472  3246.21299  
5.92999999  0.03045429  10511.2400  34.6919945  3246.18447  
5.93999999  0.03045373  10511.2732  34.6917264  3246.15571  
5.94999999  0.03045317  10511.3051  34.6914430  3246.12672  
5.95999999  0.03045260  10511.3359  34.6911446  3246.09751  
5.96999999  0.03045204  10511.3656  34.6908313  3246.06809  
5.97999999  0.03045147  10511.3941  34.6905034  3246.03845  
5.98999999  0.03045090  10511.4214  34.6901610  3246.00860  
5.99999999  0.03045033  10511.4476  34.6898044  3245.97854  
6.00999999  0.03044976  10511.4727  34.6894336  3245.94829  
6.01999999  0.03044918  10511.4967  34.6890489  3245.91783  
6.02999999  0.03044861  10511.5196  34.6886505  3245.88719  
6.03999999  0.03044803  10511.5414  34.6882385  3245.85636  
6.04999999  0.03044745  10511.5621  34.6878132  3245.82535  
6.05999999  0.03044688  10511.5818  34.6873747  3245.79416  
6.06999999  0.03044630  10511.6004  34.6869232  3245.76279  
6.07999999  0.03044572  10511.6179  34.6864589  3245.73126  
6.08999999  0.03044514  10511.6344  34.6859820  3245.69956  
6.09999999  0.03044455  10511.6499  34.6854926  3245.66770  
6.10999999  0.03044397  10511.6644  34.6849909  3245.63567  
6.11999999  0.03044339  10511.6779  34.6844771  3245.60350  
6.12999999  0.03044280  10511.6904  34.6839514  3245.57118  
6.13999999  0.03044222  10511.7019  34.6834139  3245.53871  
6.14999999  0.03044163  10511.7124  34.6828648  3245.50610  
6.15999999  0.03044105  10511.7219  34.6823043  3245.47335  
6.16999999  0.03044046  10511.7305  34.6817326  3245.44047  
6.17999999  0.03043988  10511.7382  34.6811497  3245.40746  
6.18999999  0.03043929  10511.7449  34.6805560  3245.37432  
6.19999999  0.03043870  10511.7507  34.6799515  3245.34107  
6.20999999  0.03043811  10511.7556  34.6793364  3245.30769  
6.21999999  0.03043753  10511.7596  34.6787110  3245.27420  
6.22999999  0.03043694  10511.7627  34.6780752  3245.24060  
6.23999999  0.03043635  10511.7649  34.6774294  3245.20689  
6.24999999  0.03043576  10511.7663  34.6767736  3245.17307  
6.25999999  0.03043517  10511.7668  34.6761081  3245.13916  
6.26999999  0.03043459  10511.7664  34.6754329  3245.10515  
6.27999999  0.03043400  10511.7652  34.6747483  3245.07105  
6.28999999  0.03043341  10511.7631  34.6740544  3245.03686  
6.29999999  0.03043282  10511.7602  34.6733513  3245.00258  
6.30999999  0.03043223  10511.7565  34.6726393  3244.96822  
6.31999999  0.03043165  10511.7520  34.6719184  3244.93378  
6.32999999  0.03043106  10511.7467  34.6711888  3244.89927  
6.33999999  0.03043047  10511.7406  34.6704507  3244.86468  
6.34999999  0.03042988  10511.7338  34.6697042  3244.83003  
6.35999999  0.03042930  10511.7262  34.6689495  3244.79530  
6.36999999  0.03042871  10511.7178  34.6681867  3244.76052  
6.37999999  0.03042812  10511.7086  34.6674159  3244.72568  
6.38999999  0.03042754  10511.6987  34.6666374  3244.69078  
6.39999999  0.03042695  10511.6881  34.6658512  3244.65583  
6.40999999  0.03042637  10511.6768  34.6650575  3244.62082  
6.41999999  0.03042579  10511.6647  34.6642564  3244.58577  
6.42999999  0.03042520  10511.6520  34.6634481  3244.55068  
6.43999999  0.03042462  10511.6385  34.6626328  3244.51555  
6.44999999  0.03042404  10511.6244  34.6618105  3244.48038  
6.45999999  0.03042346  10511.6096  34.6609813  3244.44517  
6.46999999  0.03042288  10511.5941  34.6601455  3244.40993  
6.47999999  0.03042230  10511.5779  34.6593032  3244.37467  
6.48999999  0.03042172  10511.5611  34.6584545  3244.33937  
6.49999999  0.03042114  10511.5437  34.6575995  3244.30406  
6.50999999  0.03042056  10511.5256  34.6567384  3244.26872  
6.51999999  0.03041999  10511.5069  34.6558713  3244.23337  
6.52999999  0.03041941  10511.4875  34.6549983  3244.19800  
6.53999999  0.03041884  10511.4676  34.6541195  3244.16262  
6.54999999  0.03041826  10511.4470  34.6532352  3244.12723  
6.55999999  0.03041769  10511.4259  34.6523454  3244.09183  
6.56999999  0.03041712  10511.4042  34.6514502  3244.05643  
6.57999999  0.03041655  10511.3819  34.6505498  3244.02103  
6.58999999  0.03041598  10511.3590  34.6496442  3243.98562  
6.59999999  0.03041541  10511.3356  34.6487337  3243.95023  
6.60999999  0.03041485  10511.3116  34.6478184  3243.91483  
6.61999999  0.03041428  10511.2871  34.6468983  3243.87945  
6.62999999  0.03041372  10511.2620  34.6459735  3243.84408  
6.63999999  0.03041315  10511.2364  34.6450443  3243.80872  
6.64999999  0.03041259  10511.2103  34.6441107  3243.77337  
6.65999999  0.03041203  10511.1836  34.6431728  3243.73805  
6.66999999  0.03041147  10511.1565  34.6422308  3243.70274  
6.67999999  0.03041091  10511.1289  34.6412848  3243.66746  
6.68999999  0.03041036  10511.1007  34.6403348  3243.63220  
6.69999999  0.03040980  10511.0721  34.6393810  3243.59697  
6.70999999  0.03040925  10511.0430  34.6384235  3243.56177  
6.71999999  0.03040870  10511.0135  34.6374625  3243.52660  
6.72999999  0.03040814  10510.9835  34.6364979  3243.49147  
6.73999999  0.03040760  10510.9530  34.6355300  3243.45637  
6.74999999  0.03040705  10510.9221  34.6345589  3243.42131  
6.75999999  0.03040650  10510.8907  34.6335846  3243.38629  
6.76999999  0.03040596  10510.8589  34.6326072  3243.35131  
6.77999999  0.03040541  10510.8267  34.6316269  3243.31638  
6.78999999  0.03040487  10510.7941  34.6306438  3243.28149  
6.79999999  0.03040433  10510.7611  34.6296580  3243.24665  
6.80999999  0.03040380  10510.7276  34.6286695  3243.21186  
6.81999999  0.03040326  10510.6938  34.6276785  3243.17713  
6.82999999  0.03040272  10510.6596  34.6266851  3243.14244  
6.83999999  0.03040219  10510.6250  34.6256894  3243.10782  
6.84999999  0.03040166  10510.5900  34.6246914  3243.07325  
6.85999999  0.03040113  10510.5546  34.6236913  3243.03874  
6.86999999  0.03040060  10510.5189  34.6226892  3243.00430  
6.87999999  0.03040008  10510.4828  34.6216851  3242.96991  
6.88999999  0.03039955  10510.4464  34.6206792  3242.93560  
6.89999999  0.03039903  10510.4096  34.6196715  3242.90135  
6.90999999  0.03039851  10510.3725  34.6186622  3242.86716  
6.91999999  0.03039799  10510.3351  34.6176513  3242.83305  
6.92999999  0.03039747  10510.2974  34.6166390  3242.79901  
6.93999999  0.03039696  10510.2593  34.6156252  3242.76505  
6.94999999  0.03039645  10510.2209  34.6146102  3242.73116  
6.95999999  0.03039594  10510.1822  34.6135940  3242.69734  
6.96999999  0.03039543  10510.1432  34.6125766  3242.66361  
6.97999999  0.03039492  10510.1040  34.6115582  3242.62995  
6.98999999  0.03039441  10510.0644  34.6105389  3242.59638  
6.99999999  0.03039391  10510.0246  34.6095187  3242.56289  
7.00999999  0.03039341  10509.9845  34.6084978  3242.52948  
7.01999999  0.03039291  10509.9441  34.6074761  3242.49616  
7.02999999  0.03039241  10509.9035  34.6064538  3242.46293  
7.03999999  0.03039192  10509.8626  34.6054310  3242.42979  
7.04999999  0.03039143  10509.8214  34.6044078  3242.39673  
7.05999999  0.03039093  10509.7800  34.6033841  3242.36377  
7.06999999  0.03039044  10509.7384  34.6023602  3242.33090  
7.07999999  0.03038996  10509.6966  34.6013361  3242.29812  
7.08999999  0.03038947  10509.6545  34.6003118  3242.26544  
7.09999999  0.03038899  10509.6122  34.5992874  3242.23286  
7.10999999  0.03038851  10509.5697  34.5982631  3242.20038  
7.11999999  0.03038803  10509.5269  34.5972389  3242.16799  
7.12999999  0.03038755  10509.4840  34.5962148  3242.13571  
7.13999999  0.03038708  10509.4409  34.5951909  3242.10352  
7.14999999  0.03038661  10509.3975  34.5941674  3242.07144  
7.15999999  0.03038614  10509.3540  34.5931442  3242.03947  
7.16999999  0.03038567  10509.3103  34.5921215  3242.00759  
7.17999999  0.03038521  10509.2665  34.5910992  3241.97583  
7.18999999  0.03038474  10509.2224  34.5900776  3241.94417  
7.19999999  0.03038428  10509.1782  34.5890566  3241.91262  
7.20999999  0.03038382  10509.1338  34.5880363  3241.88118  
7.21999999  0.03038337  10509.0893  34.5870168  3241.84985  
7.22999999  0.03038291  10509.0446  34.5859982  3241.81863  
7.23999999  0.03038246  10508.9998  34.5849804  3241.78753  
7.24999999  0.03038201  10508.9548  34.5839637  3241.75654  
7.25999999  0.03038156  10508.9097  34.5829480  3241.72566  
7.26999999  0.03038112  10508.8644  34.5819333  3241.69490  
7.27999999  0.03038067  10508.8191  34.5809199  3241.66425  
7.28999999  0.03038023  10508.7736  34.5799076  3241.63372  
7.29999999  0.03037979  10508.7280  34.5788967  3241.60331  
7.30999999  0.03037936  10508.6822  34.5778870  3241.57302  
7.31999999  0.03037892  10508.6364  34.5768788  3241.54285  
7.32999999  0.03037849  10508.5905  34.5758720  3241.51280  
7.33999999  0.03037806  10508.5444  34.5748668  3241.48287  
7.34999999  0.03037763  10508.4983  34.5738631  3241.45306  
7.35999999  0.03037721  10508.4521  34.5728610  3241.42337  
7.36999999  0.03037679  10508.4057  34.5718606  3241.39381  
7.37999999  0.03037637  10508.3593  34.5708619  3241.36438  
7.38999999  0.03037595  10508.3129  34.5698650  3241.33507  
7.39999999  0.03037553  10508.2663  34.5688700  3241.30588  
7.40999999  0.03037512  10508.2197  34.5678768  3241.27682  
7.41999999  0.03037471  10508.1730  34.5668856  3241.24789  
7.42999999  0.03037430  10508.1263  34.5658964  3241.21908  
7.43999999  0.03037389  10508.0795  34.5649091  3241.19041  
7.44999999  0.03037349  10508.0326  34.5639240  3241.16186  
7.45999999  0.03037309  10507.9857  34.5629410  3241.13345  
7.46999999  0.03037269  10507.9388  34.5619602  3241.10516  
7.47999999  0.03037229  10507.8918  34.5609816  3241.07700  
7.48999999  0.03037190  10507.8448  34.5600053  3241.04898  
7.49999999  0.03037150  10507.7977  34.5590313  3241.02109  
7.50999999  0.03037111  10507.7506  34.5580597  3240.99333  
7.51999999  0.03037073  10507.7035  34.5570904  3240.96570  
7.52999999  0.03037034  10507.6564  34.5561237  3240.93821  
7.53999999  0.03036996  10507.6092  34.5551594  3240.91085  
7.54999999  0.03036958  10507.5620  34.5541976  3240.88362  
7.55999999  0.03036920  10507.5148  34.5532384  3240.85653  
7.56999999  0.03036882  10507.4676  34.5522818  3240.82958  
7.57999999  0.03036845  10507.4205  34.5513279  3240.80276  
7.58999999  0.03036808  10507.3733  34.5503767  3240.77607  
7.59999999  0.03036771  10507.3261  34.5494282  3240.74953  
7.60999999  0.03036735  10507.2789  34.5484824  3240.72312  
7.61999999  0.03036698  10507.2317  34.5475395  3240.69685  
7.62999999  0.03036662  10507.1845  34.5465994  3240.67071  
7.63999999  0.03036626  10507.1374  34.5456622  3240.64471  
7.64999999  0.03036590  10507.0903  34.5447279  3240.61885  
7.65999999  0.03036555  10507.0432  34.5437965  3240.59313  
7.66999999  0.03036520  10506.9961  34.5428682  3240.56755  
7.67999999  0.03036485  10506.9490  34.5419428  3240.54211  
7.68999999  0.03036450  10506.9020  34.5410205  3240.51680  
7.69999999  0.03036415  10506.8550  34.5401013  3240.49164  
7.70999999  0.03036381  10506.8081  34.5391851  3240.46662  
7.71999999  0.03036347  10506.7612  34.5382722  3240.44173  
7.72999999  0.03036313  10506.7143  34.5373624  3240.41699  
7.73999999  0.03036280  10506.6675  34.5364558  3240.39239  
7.74999999  0.03036246  10506.6207  34.5355524  3240.36792  
7.75999999  0.03036213  10506.5740  34.5346523  3240.34360  
7.76999999  0.03036180  10506.5273  34.5337555  3240.31942  
7.77999999  0.03036148  10506.4807  34.5328620  3240.29538  
7.78999999  0.03036115  10506.4342  34.5319719  3240.27148  
7.79999999  0.03036083  10506.3877  34.5310851  3240.24772  
7.80999999  0.03036051  10506.3413  34.5302017  3240.22411  
7.81999999  0.03036020  10506.2950  34.5293218  3240.20063  
7.82999999  0.03035988  10506.2487  34.5284452  3240.17730  
7.83999999  0.03035957  10506.2025  34.5275722  3240.15411  
7.84999999  0.03035926  10506.1564  34.5267027  3240.13106  
7.85999999  0.03035895  10506.1103  34.5258366  3240.10815  
7.86999999  0.03035865  10506.0644  34.5249742  3240.08539  
7.87999999  0.03035834  10506.0185  34.5241153  3240.06277  
7.88999999  0.03035804  10505.9727  34.5232599  3240.04029  
7.89999999  0.03035774  10505.9270  34.5224082  3240.01795  
7.90999999  0.03035745  10505.8814  34.5215601  3239.99575  
7.91999999  0.03035715  10505.8359  34.5207157  3239.97369  
7.92999999  0.03035686  10505.7905  34.5198749  3239.95178  
7.93999999  0.03035657  10505.7452  34.5190378  3239.93001  
7.94999999  0.03035628  10505.6999  34.5182044  3239.90838  
7.95999999  0.03035600  10505.6548  34.5173748  3239.88689  
7.96999999  0.03035572  10505.6098  34.5165488  3239.86555  
7.97999999  0.03035544  10505.5649  34.5157267  3239.84434  
7.98999999  0.03035516  10505.5201  34.5149083  3239.82328  
7.99999999  0.03035488  10505.4754  34.5140937  3239.80236  
8.00999999  0.03035461  10505.4308  34.5132829  3239.78158  
8.01999999  0.03035434  10505.3863  34.5124760  3239.76094  
8.02999999  0.03035407  10505.3420  34.5116729  3239.74045  
8.03999999  0.03035380  10505.2978  34.5108736  3239.72009  
8.04999999  0.03035353  10505.2536  34.5100782  3239.69988  
8.05999999  0.03035327  10505.2097  34.5092867  3239.67980  
8.06999999  0.03035301  10505.1658  34.5084991  3239.65987  
8.07999999  0.03035275  10505.1220  34.5077154  3239.64008  
8.08999999  0.03035250  10505.0784  34.5069356  3239.62043  
8.09999999  0.03035224  10505.0349  34.5061597  3239.60091  
8.10999999  0.03035199  10504.9916  34.5053878  3239.58154  
8.11999999  0.03035174  10504.9484  34.5046199  3239.56231  
8.12999999  0.03035149  10504.9053  34.5038559  3239.54322  
8.13999999  0.03035125  10504.8623  34.5030959  3239.52427  
8.14999999  0.03035101  10504.8195  34.5023398  3239.50545  
8.15999999  0.03035076  10504.7768  34.5015878  3239.48678  
8.16999999  0.03035053  10504.7343  34.5008398  3239.46824  
8.17999999  0.03035029  10504.6919  34.5000957  3239.44985  
8.18999999  0.03035005  10504.6496  34.4993557  3239.43159  
8.19999999  0.03034982  10504.6075  34.4986198  3239.41347  
8.20999999  0.03034959  10504.5656  34.4978878  3239.39549  
8.21999999  0.03034936  10504.5238  34.4971599  3239.37764  
8.22999999  0.03034914  10504.4821  34.4964361  3239.35993  
8.23999999  0.03034891  10504.4406  34.4957163  3239.34236  
8.24999999  0.03034869  10504.3992  34.4950006  3239.32493  
8.25999999  0.03034847  10504.3580  34.4942889  3239.30763  
8.26999999  0.03034825  10504.3169  34.4935814  3239.29047  
8.27999999  0.03034804  10504.2760  34.4928779  3239.27344  
8.28999999  0.03034782  10504.2353  34.4921785  3239.25655  
8.29999999  0.03034761  10504.1947  34.4914831  3239.23980  
8.30999999  0.03034740  10504.1543  34.4907919  3239.22318  
8.31999999  0.03034719  10504.1140  34.4901047  3239.20669  
8.32999999  0.03034699  10504.0739  34.4894217  3239.19034  
8.33999999  0.03034678  10504.0339  34.4887427  3239.17412  
8.34999999  0.03034658  10503.9942  34.4880679  3239.15804  
8.35999999  0.03034638  10503.9545  34.4873972  3239.14209  
8.36999999  0.03034619  10503.9151  34.4867305  3239.12627  
8.37999999  0.03034599  10503.8758  34.4860680  3239.11058  
8.38999999  0.03034580  10503.8367  34.4854096  3239.09503  
8.39999999  0.03034560  10503.7977  34.4847553  3239.07960  
8.40999999  0.03034541  10503.7589  34.4841051  3239.06431  
8.41999999  0.03034523  10503.7203  34.4834590  3239.04915  
8.42999999  0.03034504  10503.6819  34.4828171  3239.03412  
8.43999999  0.03034486  10503.6436  34.4821792  3239.01922  
8.44999999  0.03034467  10503.6055  34.4815455  3239.00445  
8.45999999  0.03034449  10503.5676  34.4809158  3238.98981  
8.46999999  0.03034432  10503.5298  34.4802903  3238.97530  
8.47999999  0.03034414  10503.4922  34.4796689  3238.96092  
8.48999999  0.03034396  10503.4548  34.4790516  3238.94666  
8.49999999  0.03034379  10503.4176  34.4784384  3238.93254  
8.50999999  0.03034362  10503.3805  34.4778293  3238.91853  
8.51999999  0.03034345  10503.3437  34.4772243  3238.90466  
8.52999999  0.03034328  10503.3070  34.4766233  3238.89091  
8.53999999  0.03034312  10503.2704  34.4760265  3238.87729  
8.54999999  0.03034296  10503.2341  34.4754338  3238.86380  
8.55999999  0.03034279  10503.1979  34.4748451  3238.85043  
8.56999999  0.03034263  10503.1620  34.4742606  3238.83718  
8.57999999  0.03034248  10503.1262  34.4736801  3238.82406  
8.58999999  0.03034232  10503.0906  34.4731037  3238.81106  
8.59999999  0.03034217  10503.0551  34.4725313  3238.79818  
8.60999999  0.03034201  10503.0199  34.4719631  3238.78543  
8.61999999  0.03034186  10502.9848  34.4713988  3238.77280  
8.62999999  0.03034171  10502.9499  34.4708387  3238.76029  
8.63999999  0.03034156  10502.9152  34.4702825  3238.74790  
8.64999999  0.03034142  10502.8807  34.4697305  3238.73563  
8.65999999  0.03034127  10502.8464  34.4691824  3238.72349  
8.66999999  0.03034113  10502.8122  34.4686384  3238.71146  
8.67999999  0.03034099  10502.7783  34.4680984  3238.69955  
8.68999999  0.03034085  10502.7445  34.4675624  3238.68776  
8.69999999  0.03034072  10502.7109  34.4670305  3238.67609  
8.70999999  0.03034058  10502.6775  34.4665025  3238.66454  
8.71999999  0.03034045  10502.6443  34.4659785  3238.65310  
8.72999999  0.03034031  10502.6113  34.4654585  3238.64178  
8.73999999  0.03034018  10502.5785  34.4649425  3238.63058  
8.74999999  0.03034005  10502.5458  34.4644305  3238.61949  
8.75999999  0.03033993  10502.5133  34.4639224  3238.60852  
8.76999999  0.03033980  10502.4811  34.4634183  3238.59766  
8.77999999  0.03033968  10502.4490  34.4629181  3238.58692  
8.78999999  0.03033956  10502.4171  34.4624219  3238.57629  
8.79999999  0.03033943  10502.3854  34.4619296  3238.56578  
8.80999999  0.03033932  10502.3539  34.4614412  3238.55537  
8.81999999  0.03033920  10502.3225  34.4609567  3238.54508  
8.82999999  0.03033908  10502.2914  34.4604761  3238.53490  
8.83999999  0.03033897  10502.2604  34.4599995  3238.52483  
8.84999999  0.03033885  10502.2297  34.4595267  3238.51487  
8.85999999  0.03033874  10502.1991  34.4590577  3238.50502  
8.86999999  0.03033863  10502.1687  34.4585926  3238.49529  
8.87999999  0.03033852  10502.1385  34.4581314  3238.48566  
8.88999999  0.03033842  10502.1085  34.4576740  3238.47613  
8.89999999  0.03033831  10502.0787  34.4572205  3238.46672  
8.90999999  0.03033821  10502.0491  34.4567707  3238.45741  
8.91999999  0.03033811  10502.0196  34.4563248  3238.44821  
8.92999999  0.03033800  10501.9904  34.4558827  3238.43912  
8.93999999  0.03033790  10501.9613  34.4554443  3238.43013  
8.94999999  0.03033781  10501.9325  34.4550098  3238.42125  
8.95999999  0.03033771  10501.9038  34.4545789  3238.41247  
8.96999999  0.03033761  10501.8753  34.4541519  3238.40379  
8.97999999  0.03033752  10501.8470  34.4537286  3238.39522  
8.98999999  0.03033743  10501.8189  34.4533090  3238.38675  
8.99999999  0.03033734  10501.7910  34.4528931  3238.37838  
9.00999999  0.03033725  10501.7632  34.4524809  3238.37012  
9.01999999  0.03033716  10501.7357  34.4520724  3238.36195  
9.02999999  0.03033707  10501.7083  34.4516676  3238.35389  
9.03999999  0.03033699  10501.6812  34.4512664  3238.34593  
9.04999999  0.03033690  10501.6542  34.4508689  3238.33806  
9.05999999  0.03033682  10501.6274  34.4504751  3238.33030  
9.06999999  0.03033674  10501.6008  34.4500848  3238.32263  
9.07999999  0.03033666  10501.5744  34.4496982  3238.31506  
9.08999999  0.03033658  10501.5482  34.4493152  3238.30759  
9.09999999  0.03033650  10501.5221  34.4489358  3238.30022  
9.10999999  0.03033643  10501.4963  34.4485599  3238.29294  
9.11999999  0.03033635  10501.4706  34.4481876  3238.28575  
9.12999999  0.03033628  10501.4451  34.4478188  3238.27866  
9.13999999  0.03033621  10501.4198  34.4474536  3238.27167  
9.14999999  0.03033614  10501.3947  34.4470919  3238.26477  
9.15999999  0.03033607  10501.3698  34.4467337  3238.25796  
9.16999999  0.03033600  10501.3450  34.4463790  3238.25125  
9.17999999  0.03033593  10501.3205  34.4460277  3238.24462  
9.18999999  0.03033586  10501.2961  34.4456799  3238.23809  
9.19999999  0.03033580  10501.2719  34.4453356  3238.23165  
9.20999999  0.03033574  10501.2479  34.4449947  3238.22530  
9.21999999  0.03033567  10501.2241  34.4446572  3238.21904  
9.22999999  0.03033561  10501.2005  34.4443232  3238.21287  
9.23999999  0.03033555  10501.1770  34.4439925  3238.20679  
9.24999999  0.03033549  10501.1538  34.4436652  3238.20079  
9.25999999  0.03033544  10501.1307  34.4433412  3238.19489  
9.26999999  0.03033538  10501.1078  34.4430206  3238.18906  
9.27999999  0.03033532  10501.0850  34.4427033  3238.18333  
9.28999999  0.03033527  10501.0625  34.4423893  3238.17768  
9.29999999  0.03033522  10501.0401  34.4420787  3238.17212  
9.30999999  0.03033516  10501.0179  34.4417713  3238.16664  
9.31999999  0.03033511  10500.9959  34.4414672  3238.16125  
9.32999999  0.03033506  10500.9741  34.4411663  3238.15594  
9.33999999  0.03033501  10500.9525  34.4408687  3238.15071  
9.34999999  0.03033497  10500.9310  34.4405743  3238.14556  
9.35999999  0.03033492  10500.9097  34.4402831  3238.14050  
9.36999999  0.03033488  10500.8886  34.4399951  3238.13552  
9.37999999  0.03033483  10500.8677  34.4397103  3238.13062  
9.38999999  0.03033479  10500.8469  34.4394286  3238.12580  
9.39999999  0.03033475  10500.8263  34.4391501  3238.12105  
9.40999999  0.03033470  10500.8059  34.4388747  3238.11639  
9.41999999  0.03033466  10500.7857  34.4386024  3238.11181  
9.42999999  0.03033462  10500.7656  34.4383333  3238.10730  
9.43999999  0.03033459  10500.7457  34.4380672  3238.10287  
9.44999999  0.03033455  10500.7260  34.4378041  3238.09852  
9.45999999  0.03033451  10500.7064  34.4375442  3238.09424  
9.46999999  0.03033448  10500.6871  34.4372872  3238.09004  
9.47999999  0.03033444  10500.6679  34.4370333  3238.08591  
9.48999999  0.03033441  10500.6488  34.4367824  3238.08186  
9.49999999  0.03033438  10500.6300  34.4365344  3238.07789  
9.50999999  0.03033435  10500.6113  34.4362894  3238.07398  
9.51999999  0.03033431  10500.5928  34.4360474  3238.07015  
9.52999999  0.03033429  10500.5744  34.4358083  3238.06639  
9.53999999  0.03033426  10500.5562  34.4355722  3238.06270  
9.54999999  0.03033423  10500.5382  34.4353389  3238.05909  
9.55999999  0.03033420  10500.5203  34.4351086  3238.05554  
9.56999999  0.03033418  10500.5027  34.4348811  3238.05207  
9.57999999  0.03033415  10500.4851  34.4346564  3238.04866  
9.58999999  0.03033413  10500.4678  34.4344346  3238.04533  
9.59999999  0.03033410  10500.4506  34.4342156  3238.04206  
9.60999999  0.03033408  10500.4336  34.4339995  3238.03886  
9.61999999  0.03033406  10500.4167  34.4337861  3238.03572  
9.62999999  0.03033404  10500.4000  34.4335755  3238.03266  
9.63999999  0.03033402  10500.3835  34.4333676  3238.02966  
9.64999999  0.03033400  10500.3671  34.4331625  3238.02672  
9.65999999  0.03033398  10500.3509  34.4329601  3238.02385  
9.66999999  0.03033396  10500.3348  34.4327605  3238.02105  
9.67999999  0.03033395  10500.3189  34.4325635  3238.01831  
9.68999999  0.03033393  10500.3031  34.4323692  3238.01563  
9.69999999  0.03033391  10500.2876  34.4321775  3238.01302  
9.70999999  0.03033390  10500.2721  34.4319885  3238.01047  
9.71999999  0.03033389  10500.2569  34.4318021  3238.00798  
9.72999999  0.03033387  10500.2417  34.4316184  3238.00555  
9.73999999  0.03033386  10500.2268  34.4314372  3238.00318  
9.74999999  0.03033385  10500.2120  34.4312586  3238.00088  
9.75999999  0.03033384  10500.1973  34.4310825  3237.99863  
9.76999999  0.03033383  10500.1828  34.4309090  3237.99644  
9.77999999  0.03033382  10500.1685  34.4307381  3237.99431  
9.78999999  0.03033381  10500.1543  34.4305696  3237.99224  
9.79999999  0.03033380  10500.1402  34.4304036  3237.99023  
9.80999999  0.03033380  10500.1263  34.4302401  3237.98828  
9.81999999  0.03033379  10500.1126  34.4300791  3237.98638  
9.82999999  0.03033379  10500.0990  34.4299205  3237.98454  
9.83999999  0.03033378  10500.0855  34.4297643  3237.98275  
9.84999999  0.03033378  10500.0722  34.4296106  3237.98102  
9.85999999  0.03033377  10500.0591  34.4294592  3237.97934  
9.86999999  0.03033377  10500.0461  34.4293102  3237.97772  
9.87999999  0.03033377  10500.0332  34.4291636  3237.97615  
9.88999999  0.03033377  10500.0205  34.4290194  3237.97464  
9.89999999  0.03033377  10500.0079  34.4288774  3237.97318  
9.90999999  0.03033376  10499.9955  34.4287378  3237.97177  
9.91999999  0.03033376  10499.9832  34.4286005  3237.97041  
9.92999999  0.03033377  10499.9710  34.4284654  3237.96910  
9.93999999  0.03033377  10499.9590  34.4283326  3237.96785  
9.94999999  0.03033377  10499.9471  34.4282021  3237.96664  
9.95999999  0.03033377  10499.9354  34.4280738  3237.96549  
9.96999999  0.03033378  10499.9238  34.4279477  3237.96438  
9.97999999  0.03033378  10499.9123  34.4278238  3237.96332  
9.98999999  0.03033378  10499.9010  34.4277021  3237.96231  
9.99999999  0.03033379  10499.8898  34.4275826  3237.96135  
10.0099999  0.03033379  10499.8788  34.4274652  3237.96044  
g.NS.time   B1.FAR      S1.N        B1.Wfuel    FNo.Tt      
0.0         0.025       10000.0     23.75       2863.15062  
0.0         0.025       9999.83112  23.7486208  2863.12424  
0.0         0.025       9999.77359  23.7479159  2863.11542  
0.0         0.026       9999.77359  23.7479159  2863.11542  
0.0         0.026       10074.7854  25.4210742  2932.74092  
0.0         0.028       10156.7910  27.2190876  3002.53917  
0.0         0.03        10246.2299  29.1540940  3072.50763  
0.01        0.02602126  10074.8168  25.4421446  2934.01284  
0.02        0.02604251  10074.8723  25.4634148  2935.28712  
0.03        0.02606377  10074.9546  25.4849533  2936.56451  
0.04        0.02608502  10075.0632  25.5067436  2937.84489  
0.05        0.02610627  10075.1977  25.5287815  2939.12814  
0.06000000  0.02612751  10075.3577  25.5510623  2940.41462  
0.07        0.02614874  10075.5427  25.5735812  2941.70319  
0.08        0.02616997  10075.7525  25.5963338  2942.99423  
0.09        0.02619118  10075.9864  25.6193155  2944.28761  
0.09999999  0.02621238  10076.2443  25.6425218  2945.58320  
0.10999999  0.02623357  10076.5256  25.6659482  2946.88089  
0.11999999  0.02625474  10076.8299  25.6895905  2948.18054  
0.12999999  0.02627590  10077.1570  25.7134442  2949.48204  
0.13999999  0.02629704  10077.5064  25.7375052  2950.78527  
0.15        0.02631816  10077.8777  25.7617691  2952.09011  
0.16        0.02633927  10078.2706  25.7862319  2953.39645  
0.17        0.02636036  10078.6847  25.8108894  2954.70417  
0.18000000  0.02638142  10079.1197  25.8357375  2956.01317  
0.19000000  0.02640247  10079.5751  25.8607723  2957.32333  
0.20000000  0.02642349  10080.0507  25.8859898  2958.63455  
0.21000000  0.02644449  10080.5462  25.9113861  2959.94672  
0.22000000  0.02646546  10081.0610  25.9369573  2961.25974  
0.23000000  0.02648641  10081.5950  25.9626995  2962.57350  
0.24000000  0.02650733  10082.1478  25.9886092  2963.88790  
0.25000000  0.02652822  10082.7191  26.0146824  2965.20285  
0.26000000  0.02654908  10083.3085  26.0409156  2966.51824  
0.27000000  0.02656992  10083.9158  26.0673051  2967.83397  
0.28000000  0.02659072  10084.5406  26.0938474  2969.14996  
0.29000000  0.02661149  10085.1826  26.1205389  2970.46612  
0.30000000  0.02663224  10085.8414  26.1473761  2971.78233  
0.31000000  0.02665294  10086.5169  26.1743556  2973.09853  
0.32000000  0.02667362  10087.2087  26.2014740  2974.41462  
0.33000000  0.02669426  10087.9165  26.2287279  2975.73050  
0.34000000  0.02671486  10088.6400  26.2561140  2977.04611  
0.35000000  0.02673543  10089.3790  26.2836291  2978.36134  
0.36000000  0.02675596  10090.1331  26.3112698  2979.67613  
0.37000000  0.02677645  10090.9021  26.3390331  2980.99038  
0.38000000  0.02679691  10091.6857  26.3669158  2982.30401  
0.39000000  0.02681732  10092.4837  26.3949148  2983.61695  
0.40000000  0.02683770  10093.2957  26.4230270  2984.92913  
0.41000000  0.02685803  10094.1216  26.4512493  2986.24045  
0.42000000  0.02687833  10094.9609  26.4795789  2987.55086  
0.43000000  0.02689858  10095.8136  26.5080127  2988.86026  
0.44000000  0.02691879  10096.6794  26.5365478  2990.16860  
0.45000000  0.02693896  10097.5578  26.5651806  2991.47579  
0.46000000  0.02695908  10098.4487  26.5939081  2992.78176  
0.47000000  0.02697916  10099.3519  26.6227284  2994.08645  
0.48000000  0.02699919  10100.2672  26.6516387  2995.38980  
0.49000000  0.02701917  10101.1944  26.6806364  2996.69173  
0.50000000  0.02703912  10102.1331  26.7097188  2997.99219  
0.51000000  0.02705901  10103.0832  26.7388831  2999.29111  
0.52000000  0.02707885  10104.0445  26.7681268  3000.58842  
0.53000000  0.02709865  10105.0168  26.7974474  3001.88407  
0.54000000  0.02711840  10105.9997  26.8268421  3003.17799  
0.55000000  0.02713810  10106.9932  26.8563086  3004.47013  
0.56000000  0.02715775  10107.9969  26.8858442  3005.76042  
0.57000000  0.02717735  10109.0107  26.9154467  3007.04881  
0.58000000  0.02719690  10110.0344  26.9451134  3008.33525  
0.59000000  0.02721640  10111.0678  26.9748422  3009.61966  
0.60000000  0.02723585  10112.1107  27.0046305  3010.90201  
0.61000000  0.02725524  10113.1628  27.0344760  3012.18224  
0.62000000  0.02727458  10114.2240  27.0643765  3013.46030  
0.63000000  0.02729387  10115.2941  27.0943297  3014.73613  
0.64000000  0.02731311  10116.3729  27.1243333  3016.00968  
0.65000000  0.02733229  10117.4602  27.1543852  3017.28091  
0.66000000  0.02735141  10118.5558  27.1844831  3018.54976  
0.67000000  0.02737049  10119.6596  27.2146249  3019.81620  
0.68000000  0.02738950  10120.7713  27.2448085  3021.08016  
0.69000000  0.02740847  10121.8908  27.2750318  3022.34161  
0.70000000  0.02742737  10123.0180  27.3052926  3023.60051  
0.71000000  0.02744622  10124.1526  27.3355890  3024.85680  
0.72000000  0.02746501  10125.2944  27.3659190  3026.11044  
0.73000000  0.02748375  10126.4434  27.3962805  3027.36139  
0.74000000  0.02750243  10127.5993  27.4266716  3028.60962  
0.75000000  0.02752105  10128.7620  27.4570903  3029.85507  
0.76000000  0.02753961  10129.9313  27.4875348  3031.09771  
0.77000000  0.02755811  10131.1071  27.5180032  3032.33751  
0.78000000  0.02757656  10132.2892  27.5484935  3033.57441  
0.79000000  0.02759494  10133.4774  27.5790040  3034.80839  
0.80000000  0.02761327  10134.6717  27.6095328  3036.03941  
0.81000000  0.02763153  10135.8718  27.6400782  3037.26742  
0.82000000  0.02764974  10137.0776  27.6706384  3038.49241  
0.83000000  0.02766789  10138.2889  27.7012116  3039.71432  
0.84000000  0.02768597  10139.5057  27.7317962  3040.93313  
0.85000000  0.02770400  10140.7278  27.7623904  3042.14881  
0.86000000  0.02772196  10141.9550  27.7929925  3043.36132  
0.87000000  0.02773986  10143.1872  27.8236010  3044.57063  
0.88000000  0.02775770  10144.4243  27.8542141  3045.77671  
0.89000000  0.02777548  10145.6661  27.8848303  3046.97953  
0.90000000  0.02779320  10146.9126  27.9154480  3048.17906  
0.91000000  0.02781085  10148.1635  27.9460656  3049.37526  
0.92000000  0.02782844  10149.4187  27.9766816  3050.56812  
0.93000000  0.02784597  10150.6782  28.0072944  3051.75761  
0.94000000  0.02786344  10151.9418  28.0379026  3052.94369  
0.95000000  0.02788084  10153.2093  28.0685047  3054.12634  
0.96000000  0.02789818  10154.4808  28.0990991  3055.30553  
0.97000000  0.02791546  10155.7559  28.1296845  3056.48125  
0.98000000  0.02793267  10157.0347  28.1602594  3057.65345  
0.99000000  0.02794982  10158.3169  28.1908225  3058.82213  
1.00000000  0.02796690  10159.6026  28.2213723  3059.98726  
1.01000000  0.02798392  10160.8916  28.2519074  3061.14880  
1.02000000  0.02800088  10162.1837  28.2824266  3062.30675  
1.03000000  0.02801777  10163.4788  28.3129285  3063.46108  
1.04000000  0.02803459  10164.7770  28.3434118  3064.61177  
1.05000000  0.02805136  10166.0779  28.3738751  3065.75879  
1.06000000  0.02806805  10167.3816  28.4043172  3066.90212  
1.07000000  0.02808468  10168.6880  28.4347369  3068.04176  
1.08000000  0.02810125  10169.9968  28.4651328  3069.17767  
1.09000000  0.02811775  10171.3081  28.4955039  3070.30984  
1.10000000  0.02813418  10172.6218  28.5258488  3071.43824  
1.11000000  0.02815055  10173.9377  28.5561663  3072.56287  
1.12000000  0.02816686  10175.2557  28.5864554  3073.68371  
1.13000000  0.02818309  10176.5758  28.6167147  3074.80073  
1.14000000  0.02819926  10177.8978  28.6469433  3075.91392  
1.15000000  0.02821537  10179.2217  28.6771398  3077.02327  
1.16000000  0.02823141  10180.5473  28.7073034  3078.12876  
1.17000000  0.02824738  10181.8747  28.7374327  3079.23037  
1.18000000  0.02826329  10183.2036  28.7675268  3080.32809  
1.19000000  0.02827913  10184.5340  28.7975846  3081.42191  
1.20000000  0.02829490  10185.8659  28.8276051  3082.51181  
1.21000000  0.02831061  10187.1991  28.8575871  3083.59778  
1.22000000  0.02832625  10188.5335  28.8875296  3084.67980  
1.23000000  0.02834182  10189.8691  28.9174317  3085.75786  
1.24000000  0.02835733  10191.2058  28.9472923  3086.83195  
1.25000000  0.02837277  10192.5435  28.9771105  3087.90207  
1.26000000  0.02838814  10193.8821  29.0068853  3088.96819  
1.27000000  0.02840344  10195.2215  29.0366157  3090.03030  
1.28000000  0.02841868  10196.5618  29.0663008  3091.08840  
1.29000000  0.02843386  10197.9027  29.0959397  3092.14248  
1.30000000  0.02844896  10199.2442  29.1255314  3093.19252  
1.31000000  0.02846400  10200.5863  29.1550751  3094.23852  
1.32000000  0.02847897  10201.9289  29.1845698  3095.28046  
1.33000000  0.02849387  10203.2718  29.2140147  3096.31834  
1.34000000  0.02850871  10204.6151  29.2434089  3097.35215  
1.35000000  0.02852348  10205.9587  29.2727516  3098.38189  
1.36000000  0.02853818  10207.3024  29.3020419  3099.40753  
1.37000000  0.02855282  10208.6463  29.3312790  3100.42908  
1.38000000  0.02856738  10209.9902  29.3604620  3101.44653  
1.39000000  0.02858188  10211.3341  29.3895902  3102.45987  
1.40000000  0.02859632  10212.6779  29.4186627  3103.46909  
1.41000000  0.02861068  10214.0216  29.4476788  3104.47419  
1.42000000  0.02862498  10215.3651  29.4766378  3105.47517  
1.43000000  0.02863921  10216.7083  29.5055388  3106.47201  
1.44000000  0.02865338  10218.0512  29.5343811  3107.46471  
1.45000000  0.02866748  10219.3936  29.5631639  3108.45327  
1.46000000  0.02868151  10220.7357  29.5918866  3109.43768  
1.47000000  0.02869547  10222.0772  29.6205485  3110.41745  
1.48000000  0.02870937  10223.4182  29.6491488  3111.39360  
1.49000000  0.02872319  10224.7585  29.6776868  3112.36559  
1.50000000  0.02873696  10226.0982  29.7061619  3113.33341  
1.51000000  0.02875065  10227.4371  29.7345733  3114.29705  
1.52000000  0.02876428  10228.7752  29.7629204  3115.25653  
1.53000000  0.02877784  10230.1125  29.7912026  3116.21183  
1.54000000  0.02879134  10231.4489  29.8194191  3117.16295  
1.55000000  0.02880476  10232.7843  29.8475694  3118.10989  
1.56000000  0.02881812  10234.1187  29.8756529  3119.05264  
1.57000000  0.02883142  10235.4520  29.9036688  3119.99121  
1.58000000  0.02884464  10236.7842  29.9316167  3120.92560  
1.59000000  0.02885781  10238.1153  29.9594959  3121.85580  
1.60000000  0.02887090  10239.4452  29.9873058  3122.78180  
1.61000000  0.02888393  10240.7738  30.0150459  3123.70362  
1.62000000  0.02889689  10242.1010  30.0427156  3124.62125  
1.63000000  0.02890978  10243.4270  30.0703143  3125.53468  
1.64000000  0.02892261  10244.7515  30.0978416  3126.44392  
1.65000000  0.02893538  10246.0746  30.1252967  3127.34898  
1.66000000  0.02894807  10247.3962  30.1526793  3128.24984  
1.67000000  0.02896070  10248.7162  30.1799887  3129.14651  
1.68000000  0.02897327  10250.0346  30.2072245  3130.03899  
1.69000000  0.02898576  10251.3515  30.2343862  3130.92728  
1.70000000  0.02899820  10252.6666  30.2614732  3131.81138  
1.71000000  0.02901056  10253.9801  30.2884852  3132.69130  
1.72000000  0.02902286  10255.2918  30.3154215  3133.56703  
1.73000000  0.02903510  10256.6016  30.3422817  3134.43857  
1.74000000  0.02904727  10257.9097  30.3690654  3135.30594  
1.75000000  0.02905937  10259.2159  30.3957721  3136.16912  
1.76000000  0.02907141  10260.5201  30.4224014  3137.02813  
1.77000000  0.02908339  10261.8224  30.4489527  3137.88296  
1.78000000  0.02909530  10263.1227  30.4754257  3138.73361  
1.79000000  0.02910714  10264.4210  30.5018200  3139.58010  
1.80000000  0.02911892  10265.7172  30.5281351  3140.42242  
1.81000000  0.02913063  10267.0112  30.5543706  3141.26057  
1.82000000  0.02914228  10268.3032  30.5805261  3142.09456  
1.83000000  0.02915387  10269.5929  30.6066013  3142.92440  
1.84000000  0.02916539  10270.8805  30.6325956  3143.75008  
1.85000000  0.02917684  10272.1658  30.6585088  3144.57161  
1.86000000  0.02918824  10273.4488  30.6843405  3145.38899  
1.87000000  0.02919956  10274.7294  30.7100903  3146.20223  
1.88000000  0.02921083  10276.0078  30.7357578  3147.01133  
1.89000000  0.02922203  10277.2837  30.7613427  3147.81630  
1.90000000  0.02923316  10278.5572  30.7868446  3148.61714  
1.91000000  0.02924423  10279.8283  30.8122632  3149.41385  
1.92000000  0.02925524  10281.0969  30.8375982  3150.20644  
1.93000000  0.02926619  10282.3629  30.8628492  3150.99544  
1.94000000  0.02927707  10283.6264  30.8880159  3151.77985  
1.95000000  0.02928789  10284.8874  30.9130979  3152.56015  
1.96000000  0.02929864  10286.1457  30.9380950  3153.33636  
1.97000000  0.02930934  10287.4014  30.9630070  3154.10847  
1.98000000  0.02931997  10288.6544  30.9878334  3154.87649  
1.99000000  0.02933053  10289.9048  31.0125740  3155.64044  
2.00000000  0.02934104  10291.1524  31.0372285  3156.40031  
2.01000000  0.02935148  10292.3972  31.0617967  3157.15610  
2.02000000  0.02936186  10293.6393  31.0862783  3157.90784  
2.03000000  0.02937218  10294.8786  31.1106730  3158.65551  
2.04000000  0.02938244  10296.1151  31.1349805  3159.39914  
2.05000000  0.02939263  10297.3487  31.1592006  3160.13872  
2.06        0.02940276  10298.5794  31.1833331  3160.87426  
2.07        0.02941283  10299.8072  31.2073777  3161.60578  
2.07999999  0.02942284  10301.0320  31.2313342  3162.33326  
2.08999999  0.02943279  10302.2540  31.2552023  3163.05673  
2.09999999  0.02944268  10303.4729  31.2789819  3163.77619  
2.10999999  0.02945250  10304.6889  31.3026738  3164.49166  
2.11999999  0.02946227  10305.9020  31.3262775  3165.20315  
2.12999999  0.02947198  10307.1120  31.3497919  3165.91063  
2.13999999  0.02948162  10308.3189  31.3732167  3166.61414  
2.14999999  0.02949120  10309.5227  31.3965518  3167.31367  
2.15999999  0.02950073  10310.7234  31.4197969  3168.00923  
2.16999999  0.02951019  10311.9209  31.4429519  3168.70084  
2.17999999  0.02951960  10313.1152  31.4660166  3169.38849  
2.18999999  0.02952894  10314.3064  31.4889909  3170.07219  
2.19999999  0.02953822  10315.4943  31.5118745  3170.75196  
2.20999999  0.02954745  10316.6790  31.5346674  3171.42780  
2.21999999  0.02955662  10317.8604  31.5573693  3172.09973  
2.22999999  0.02956572  10319.0386  31.5799802  3172.76774  
2.23999999  0.02957477  10320.2135  31.6024999  3173.43185  
2.24999999  0.02958376  10321.3850  31.6249282  3174.09207  
2.25999999  0.02959269  10322.5532  31.6472651  3174.74840  
2.26999999  0.02960156  10323.7181  31.6695103  3175.40085  
2.27999999  0.02961038  10324.8796  31.6916638  3176.04944  
2.28999999  0.02961913  10326.0377  31.7137255  3176.69417  
2.29999999  0.02962783  10327.1925  31.7356952  3177.33505  
2.30999999  0.02963647  10328.3438  31.7575728  3177.97209  
2.31999999  0.02964505  10329.4916  31.7793582  3178.60530  
2.32999999  0.02965358  10330.6361  31.8010513  3179.23469  
2.33999999  0.02966205  10331.7770  31.8226521  3179.86026  
2.34999999  0.02967046  10332.9145  31.8441604  3180.48203  
2.35999999  0.02967881  10334.0484  31.8655762  3181.10001  
2.36999999  0.02968711  10335.1789  31.8868993  3181.71420  
2.37999999  0.02969535  10336.3058  31.9081297  3182.32462  
2.38999999  0.02970354  10337.4292  31.9292673  3182.93127  
2.39999999  0.02971167  10338.5490  31.9503121  3183.53417  
2.40999999  0.02971974  10339.6653  31.9712639  3184.13332  
2.41999999  0.02972775  10340.7779  31.9921227  3184.72874  
2.42999999  0.02973572  10341.8870  32.0128885  3185.32043  
2.43999999  0.02974362  10342.9924  32.0335607  3185.90840  
2.44999999  0.02975147  10344.0942  32.0541403  3186.49267  
2.45999999  0.02975927  10345.1924  32.0746267  3187.07324  
2.46999999  0.02976701  10346.2869  32.0950199  3187.65013  
2.47999999  0.02977469  10347.3778  32.1153198  3188.22334  
2.48999999  0.02978232  10348.4650  32.1355263  3188.79289  
2.49999999  0.02978990  10349.5485  32.1556396  3189.35878  
2.50999999  0.02979742  10350.6283  32.1756595  3189.92103  
2.51999999  0.02980489  10351.7044  32.1955860  3190.47964  
2.52999999  0.02981231  10352.7768  32.2154192  3191.03464  
2.53999999  0.02981967  10353.8454  32.2351589  3191.58601  
2.54999999  0.02982698  10354.9103  32.2548052  3192.13379  
2.55999999  0.02983423  10355.9714  32.2743581  3192.67798  
2.56999999  0.02984143  10357.0288  32.2938176  3193.21858  
2.57999999  0.02984858  10358.0824  32.3131836  3193.75562  
2.58999999  0.02985568  10359.1322  32.3324562  3194.28909  
2.59999999  0.02986272  10360.1782  32.3516354  3194.81902  
2.60999999  0.02986971  10361.2204  32.3707213  3195.34541  
2.61999999  0.02987665  10362.2588  32.3897137  3195.86827  
2.62999999  0.02988354  10363.2933  32.4086128  3196.38762  
2.63999999  0.02989037  10364.3241  32.4274185  3196.90346  
2.64999999  0.02989716  10365.3510  32.4461309  3197.41581  
2.65999999  0.02990389  10366.3740  32.4647500  3197.92468  
2.66999999  0.02991057  10367.3932  32.4832759  3198.43007  
2.67999999  0.02991720  10368.4085  32.5017086  3198.93201  
2.68999999  0.02992378  10369.4200  32.5200480  3199.43050  
2.69999999  0.02993031  10370.4275  32.5382944  3199.92555  
2.70999999  0.02993679  10371.4312  32.5564476  3200.41717  
2.71999999  0.02994322  10372.4310  32.5745079  3200.90538  
2.72999999  0.02994959  10373.4269  32.5924751  3201.39019  
2.73999999  0.02995592  10374.4189  32.6103494  3201.87160  
2.74999999  0.02996220  10375.4069  32.6281308  3202.34963  
2.75999999  0.02996843  10376.3911  32.6458195  3202.82430  
2.76999999  0.02997461  10377.3713  32.6634154  3203.29560  
2.77999999  0.02998074  10378.3476  32.6809186  3203.76356  
2.78999999  0.02998683  10379.3199  32.6983292  3204.22819  
2.79999999  0.02999286  10380.2883  32.7156473  3204.68949  
2.80999999  0.02999885  10381.2528  32.7328729  3205.14748  
2.81999999  0.03000478  10382.2133  32.7500062  3205.60218  
2.82999999  0.03001067  10383.1698  32.7670472  3206.05358  
2.83999999  0.03001651  10384.1222  32.7839936  3206.50168  
2.84999999  0.03002231  10385.0705  32.8008479  3206.94652  
2.85999999  0.03002805  10386.0149  32.8176102  3207.38811  
2.86999999  0.03003375  10386.9554  32.8342805  3207.82646  
2.87999999  0.03003941  10387.8918  32.8508588  3208.26158  
2.88999999  0.03004501  10388.8242  32.8673454  3208.69348  
2.89999999  0.03005057  10389.7526  32.8837403  3209.12217  
2.90999999  0.03005608  10390.6771  32.9000437  3209.54768  
2.91999999  0.03006155  10391.5975  32.9162556  3209.97000  
2.92999999  0.03006697  10392.5139  32.9323761  3210.38915  
2.93999999  0.03007234  10393.4263  32.9484054  3210.80515  
2.94999999  0.03007767  10394.3347  32.9643436  3211.21800  
2.95999999  0.03008295  10395.2391  32.9801908  3211.62772  
2.96999999  0.03008819  10396.1395  32.9959471  3212.03431  
2.97999999  0.03009339  10397.0358  33.0116127  3212.43780  
2.98999999  0.03009853  10397.9281  33.0271876  3212.83819  
2.99999999  0.03010364  10398.8164  33.0426721  3213.23550  
3.00999999  0.03010870  10399.7007  33.0580662  3213.62973  
3.01999999  0.03011371  10400.5809  33.0733701  3214.02091  
3.02999999  0.03011868  10401.4571  33.0885840  3214.40903  
3.03999999  0.03012361  10402.3293  33.1037079  3214.79412  
3.04999999  0.03012849  10403.1974  33.1187420  3215.17619  
3.05999999  0.03013333  10404.0615  33.1336864  3215.55524  
3.06999999  0.03013813  10404.9216  33.1485414  3215.93130  
3.07999999  0.03014288  10405.7776  33.1633070  3216.30437  
3.08999999  0.03014759  10406.6296  33.1779834  3216.67446  
3.09999999  0.03015226  10407.4775  33.1925708  3217.04159  
3.10999999  0.03015689  10408.3215  33.2070693  3217.40577  
3.11999999  0.03016147  10409.1613  33.2214791  3217.76702  
3.12999999  0.03016602  10409.9972  33.2358004  3218.12533  
3.13999999  0.03017052  10410.8290  33.2500333  3218.48074  
3.14999999  0.03017497  10411.6567  33.2641779  3218.83324  
3.15999999  0.03017939  10412.4804  33.2782345  3219.18286  
3.16999999  0.03018377  10413.3001  33.2922032  3219.52960  
3.17999999  0.03018810  10414.1157  33.3060843  3219.87347  
3.18999999  0.03019240  10414.9274  33.3198778  3220.21449  
3.19999999  0.03019665  10415.7349  33.3335839  3220.55268  
3.20999999  0.03020086  10416.5385  33.3472029  3220.88804  
3.21999999  0.03020504  10417.3380  33.3607349  3221.22058  
3.22999999  0.03020917  10418.1334  33.3741801  3221.55032  
3.23999999  0.03021326  10418.9249  33.3875387  3221.87728  
3.24999999  0.03021732  10419.7123  33.4008109  3222.20145  
3.25999999  0.03022133  10420.4957  33.4139969  3222.52287  
3.26999999  0.03022531  10421.2751  33.4270968  3222.84153  
3.27999999  0.03022924  10422.0504  33.4401109  3223.15745  
3.28999999  0.03023314  10422.8217  33.4530393  3223.47064  
3.29999999  0.03023700  10423.5890  33.4658823  3223.78112  
3.30999999  0.03024082  10424.3523  33.4786401  3224.08889  
3.31999999  0.03024460  10425.1116  33.4913128  3224.39398  
3.32999999  0.03024835  10425.8669  33.5039007  3224.69639  
3.33999999  0.03025205  10426.6181  33.5164040  3224.99613  
3.34999999  0.03025572  10427.3654  33.5288228  3225.29322  
3.35999999  0.03025935  10428.1086  33.5411575  3225.58767  
3.36999999  0.03026295  10428.8479  33.5534081  3225.87949  
3.37999999  0.03026651  10429.5832  33.5655750  3226.16870  
3.38999999  0.03027003  10430.3144  33.5776583  3226.45531  
3.39999999  0.03027351  10431.0417  33.5896582  3226.73932  
3.40999999  0.03027696  10431.7650  33.6015751  3227.02076  
3.41999999  0.03028037  10432.4843  33.6134090  3227.29963  
3.42999999  0.03028375  10433.1997  33.6251602  3227.57595  
3.43999999  0.03028709  10433.9111  33.6368290  3227.84973  
3.44999999  0.03029039  10434.6185  33.6484156  3228.12097  
3.45999999  0.03029366  10435.3219  33.6599201  3228.38971  
3.46999999  0.03029689  10436.0214  33.6713429  3228.65594  
3.47999999  0.03030009  10436.7169  33.6826841  3228.91968  
3.48999999  0.03030326  10437.4085  33.6939440  3229.18094  
3.49999999  0.03030639  10438.0962  33.7051229  3229.43973  
3.50999999  0.03030948  10438.7799  33.7162209  3229.69608  
3.51999999  0.03031254  10439.4596  33.7272383  3229.94998  
3.52999999  0.03031557  10440.1355  33.7381753  3230.20145  
3.53999999  0.03031856  10440.8074  33.7490322  3230.45050  
3.54999999  0.03032152  10441.4754  33.7598092  3230.69715  
3.55999999  0.03032445  10442.1395  33.7705066  3230.94141  
3.56999999  0.03032734  10442.7996  33.7811246  3231.18329  
3.57999999  0.03033020  10443.4559  33.7916634  3231.42280  
3.58999999  0.03033303  10444.1083  33.8021234  3231.65996  
3.59999999  0.03033582  10444.7568  33.8125046  3231.89477  
3.60999999  0.03033859  10445.4014  33.8228075  3232.12726  
3.61999999  0.03034132  10446.0421  33.8330322  3232.35742  
3.62999999  0.03034401  10446.6790  33.8431791  3232.58528  
3.63999999  0.03034668  10447.3120  33.8532482  3232.81085  
3.64999999  0.03034931  10447.9411  33.8632400  3233.03414  
3.65999999  0.03035192  10448.5664  33.8731547  3233.25515  
3.66999999  0.03035449  10449.1878  33.8829924  3233.47391  
3.67999999  0.03035703  10449.8054  33.8927536  3233.69043  
3.68999999  0.03035954  10450.4192  33.9024384  3233.90472  
3.69999999  0.03036202  10451.0291  33.9120471  3234.11678  
3.70999999  0.03036447  10451.6352  33.9215799  3234.32664  
3.71999999  0.03036688  10452.2375  33.9310372  3234.53430  
3.72999999  0.03036927  10452.8361  33.9404192  3234.73978  
3.73999999  0.03037163  10453.4308  33.9497262  3234.94308  
3.74999999  0.03037396  10454.0217  33.9589583  3235.14423  
3.75999999  0.03037626  10454.6088  33.9681160  3235.34323  
3.76999999  0.03037853  10455.1922  33.9771994  3235.54010  
3.77999999  0.03038077  10455.7718  33.9862089  3235.73484  
3.78999999  0.03038298  10456.3477  33.9951446  3235.92747  
3.79999999  0.03038516  10456.9197  34.0040070  3236.11801  
3.80999999  0.03038732  10457.4881  34.0127962  3236.30645  
3.81999999  0.03038944  10458.0527  34.0215125  3236.49283  
3.82999999  0.03039154  10458.6136  34.0301562  3236.67714  
3.83999999  0.03039361  10459.1708  34.0387275  3236.85940  
3.84999999  0.03039565  10459.7243  34.0472269  3237.03962  
3.85999999  0.03039766  10460.2740  34.0556544  3237.21781  
3.86999999  0.03039965  10460.8201  34.0640105  3237.39399  
3.87999999  0.03040161  10461.3625  34.0722953  3237.56816  
3.88999999  0.03040354  10461.9012  34.0805092  3237.74035  
3.89999999  0.03040545  10462.4362  34.0886525  3237.91056  
3.90999999  0.03040732  10462.9676  34.0967254  3238.07879  
3.91999999  0.03040918  10463.4954  34.1047282  3238.24508  
3.92999999  0.03041100  10464.0195  34.1126612  3238.40942  
3.93999999  0.03041280  10464.5399  34.1205246  3238.57183  
3.94999999  0.03041457  10465.0568  34.1283189  3238.73231  
3.95999999  0.03041632  10465.5700  34.1360442  3238.89089  
3.96999999  0.03041804  10466.0797  34.1437008  3239.04758  
3.97999999  0.03041974  10466.5857  34.1512890  3239.20237  
3.98999999  0.03042141  10467.0882  34.1588092  3239.35530  
3.99999999  0.03042305  10467.5870  34.1662615  3239.50636  
4.00999999  0.03042467  10468.0824  34.1736463  3239.65558  
4.01999999  0.03042627  10468.5741  34.1809640  3239.80295  
4.02999999  0.03042784  10469.0623  34.1882146  3239.94850  
4.03999999  0.03042939  10469.5470  34.1953987  3240.09223  
4.04999999  0.03043091  10470.0282  34.2025164  3240.23416  
4.05999999  0.03043241  10470.5058  34.2095680  3240.37430  
4.06999999  0.03043388  10470.9799  34.2165538  3240.51266  
4.07999999  0.03043534  10471.4506  34.2234742  3240.64924  
4.08999999  0.03043676  10471.9177  34.2303294  3240.78407  
4.09999999  0.03043817  10472.3814  34.2371198  3240.91716  
4.10999999  0.03043955  10472.8416  34.2438455  3241.04851  
4.11999999  0.03044091  10473.2983  34.2505069  3241.17813  
4.12999999  0.03044224  10473.7516  34.2571044  3241.30605  
4.13999999  0.03044355  10474.2015  34.2636381  3241.43226  
4.14999999  0.03044484  10474.6480  34.2701084  3241.55678  
4.15999999  0.03044611  10475.0910  34.2765156  3241.67962  
4.16999999  0.03044736  10475.5307  34.2828600  3241.80080  
4.17999999  0.03044858  10475.9669  34.2891419  3241.92032  
4.18999999  0.03044978  10476.3998  34.2953615  3242.03820  
4.19999999  0.03045096  10476.8293  34.3015193  3242.15444  
4.20999999  0.03045212  10477.2554  34.3076154  3242.26907  
4.21999999  0.03045326  10477.6782  34.3136502  3242.38207  
4.22999999  0.03045437  10478.0976  34.3196239  3242.49348  
4.23999999  0.03045547  10478.5138  34.3255370  3242.60330  
4.24999999  0.03045654  10478.9266  34.3313896  3242.71155  
4.25999999  0.03045760  10479.3361  34.3371821  3242.81822  
4.26999999  0.03045863  10479.7423  34.3429147  3242.92334  
4.27999999  0.03045964  10480.1452  34.3485879  3243.02691  
4.28999999  0.03046064  10480.5449  34.3542018  3243.12895  
4.29999999  0.03046161  10480.9413  34.3597568  3243.22947  
4.30999999  0.03046256  10481.3344  34.3652531  3243.32847  
4.31999999  0.03046349  10481.7244  34.3706912  3243.42597  
4.32999999  0.03046441  10482.1111  34.3760712  3243.52198  
4.33999999  0.03046530  10482.4946  34.3813935  3243.61651  
4.34999999  0.03046618  10482.8748  34.3866583  3243.70957  
4.35999999  0.03046703  10483.2519  34.3918661  3243.80117  
4.36999999  0.03046787  10483.6259  34.3970171  3243.89132  
4.37999999  0.03046869  10483.9966  34.4021115  3243.98004  
4.38999999  0.03046949  10484.3642  34.4071497  3244.06733  
4.39999999  0.03047027  10484.7287  34.4121320  3244.15320  
4.40999999  0.03047104  10485.0900  34.4170587  3244.23766  
4.41999999  0.03047178  10485.4482  34.4219301  3244.32073  
4.42999999  0.03047251  10485.8033  34.4267465  3244.40242  
4.43999999  0.03047322  10486.1554  34.4315082  3244.48273  
4.44999999  0.03047391  10486.5043  34.4362155  3244.56167  
4.45999999  0.03047459  10486.8502  34.4408687  3244.63926  
4.46999999  0.03047524  10487.1930  34.4454681  3244.71551  
4.47999999  0.03047588  10487.5327  34.4500140  3244.79043  
4.48999999  0.03047651  10487.8695  34.4545067  3244.86402  
4.49999999  0.03047711  10488.2032  34.4589466  3244.93630  
4.50999999  0.03047770  10488.5339  34.4633338  3245.00728  
4.51999999  0.03047828  10488.8616  34.4676688  3245.07696  
4.52999999  0.03047883  10489.1863  34.4719517  3245.14536  
4.53999999  0.03047937  10489.5081  34.4761830  3245.21249  
4.54999999  0.03047990  10489.8268  34.4803629  3245.27836  
4.55999999  0.03048041  10490.1427  34.4844917  3245.34298  
4.56999999  0.03048090  10490.4556  34.4885697  3245.40635  
4.57999999  0.03048138  10490.7656  34.4925973  3245.46849  
4.58999999  0.03048184  10491.0727  34.4965747  3245.52941  
4.59999999  0.03048229  10491.3769  34.5005021  3245.58912  
4.60999999  0.03048272  10491.6782  34.5043800  3245.64763  
4.61999999  0.03048313  10491.9766  34.5082087  3245.70494  
4.62999999  0.03048353  10492.2722  34.5119883  3245.76107  
4.63999999  0.03048392  10492.5649  34.5157193  3245.81603  
4.64999999  0.03048429  10492.8548  34.5194019  3245.86982  
4.65999999  0.03048465  10493.1419  34.5230363  3245.92246  
4.66999999  0.03048499  10493.4262  34.5266231  3245.97396  
4.67999999  0.03048532  10493.7076  34.5301623  3246.02432  
4.68999999  0.03048564  10493.9863  34.5336543  3246.07356  
4.69999999  0.03048594  10494.2623  34.5370994  3246.12168  
4.70999999  0.03048622  10494.5354  34.5404980  3246.16870  
4.71999999  0.03048650  10494.8059  34.5438502  3246.21462  
4.72999999  0.03048676  10495.0736  34.5471565  3246.25945  
4.73999999  0.03048700  10495.3385  34.5504170  3246.30321  
4.74999999  0.03048724  10495.6008  34.5536321  3246.34589  
4.75999999  0.03048746  10495.8604  34.5568021  3246.38752  
4.76999999  0.03048766  10496.1173  34.5599273  3246.42810  
4.77999999  0.03048786  10496.3716  34.5630079  3246.46764  
4.78999999  0.03048804  10496.6232  34.5660444  3246.50615  
4.79999999  0.03048821  10496.8721  34.5690368  3246.54364  
4.80999999  0.03048836  10497.1185  34.5719857  3246.58011  
4.81999999  0.03048851  10497.3622  34.5748912  3246.61558  
4.82999999  0.03048864  10497.6033  34.5777536  3246.65006  
4.83999999  0.03048876  10497.8418  34.5805732  3246.68355  
4.84999999  0.03048887  10498.0778  34.5833504  3246.71606  
4.85999999  0.03048896  10498.3112  34.5860854  3246.74760  
4.86999999  0.03048905  10498.5420  34.5887785  3246.77819  
4.87999999  0.03048912  10498.7704  34.5914300  3246.80783  
4.88999999  0.03048918  10498.9962  34.5940401  3246.83652  
4.89999999  0.03048923  10499.2195  34.5966092  3246.86429  
4.90999999  0.03048927  10499.4403  34.5991376  3246.89113  
4.91999999  0.03048930  10499.6586  34.6016256  3246.91705  
4.92999999  0.03048932  10499.8744  34.6040733  3246.94207  
4.93999999  0.03048932  10500.0878  34.6064812  3246.96620  
4.94999999  0.03048932  10500.2988  34.6088495  3246.98943  
4.95999999  0.03048930  10500.5073  34.6111785  3247.01178  
4.96999999  0.03048928  10500.7134  34.6134684  3247.03326  
4.97999999  0.03048924  10500.9171  34.6157196  3247.05388  
4.98999999  0.03048920  10501.1184  34.6179324  3247.07364  
4.99999999  0.03048914  10501.3174  34.6201069  3247.09256  
5.00999999  0.03048907  10501.5140  34.6222436  3247.11064  
5.01999999  0.03048900  10501.7082  34.6243427  3247.12789  
5.02999999  0.03048891  10501.9001  34.6264044  3247.14432  
5.03999999  0.03048882  10502.0897  34.6284291  3247.15993  
5.04999999  0.03048871  10502.2769  34.6304170  3247.17474  
5.05999999  0.03048860  10502.4619  34.6323684  3247.18875  
5.06999999  0.03048848  10502.6446  34.6342836  3247.20198  
5.07999999  0.03048834  10502.8250  34.6361628  3247.21442  
5.08999999  0.03048820  10503.0032  34.6380064  3247.22609  
5.09999999  0.03048805  10503.1791  34.6398146  3247.23700  
5.10999999  0.03048789  10503.3528  34.6415877  3247.24715  
5.11999999  0.03048773  10503.5242  34.6433260  3247.25655  
5.12999999  0.03048755  10503.6935  34.6450297  3247.26521  
5.13999999  0.03048737  10503.8606  34.6466991  3247.27313  
5.14999999  0.03048717  10504.0255  34.6483345  3247.28034  
5.15999999  0.03048697  10504.1882  34.6499361  3247.28682  
5.16999999  0.03048676  10504.3488  34.6515042  3247.29260  
5.17999999  0.03048654  10504.5073  34.6530392  3247.29767  
5.18999999  0.03048632  10504.6636  34.6545412  3247.30205  
5.19999999  0.03048609  10504.8178  34.6560105  3247.30574  
5.20999999  0.03048585  10504.9699  34.6574475  3247.30876  
5.21999999  0.03048560  10505.1200  34.6588523  3247.31110  
5.22999999  0.03048534  10505.2679  34.6602252  3247.31278  
5.23999999  0.03048508  10505.4138  34.6615665  3247.31380  
5.24999999  0.03048481  10505.5577  34.6628765  3247.31418  
5.25999999  0.03048453  10505.6995  34.6641554  3247.31391  
5.26999999  0.03048424  10505.8393  34.6654035  3247.31301  
5.27999999  0.03048395  10505.9771  34.6666211  3247.31148  
5.28999999  0.03048365  10506.1129  34.6678083  3247.30933  
5.29999999  0.03048335  10506.2468  34.6689655  3247.30657  
5.30999999  0.03048303  10506.3786  34.6700929  3247.30320  
5.31999999  0.03048272  10506.5085  34.6711909  3247.29923  
5.32999999  0.03048239  10506.6365  34.6722595  3247.29468  
5.33999999  0.03048206  10506.7625  34.6732992  3247.28954  
5.34999999  0.03048172  10506.8866  34.6743101  3247.28382  
5.35999999  0.03048138  10507.0089  34.6752925  3247.27753  
5.36999999  0.03048103  10507.1292  34.6762467  3247.27068  
5.37999999  0.03048067  10507.2476  34.6771728  3247.26327  
5.38999999  0.03048031  10507.3642  34.6780713  3247.25532  
5.39999999  0.03047994  10507.4790  34.6789423  3247.24682  
5.40999999  0.03047956  10507.5919  34.6797860  3247.23778  
5.41999999  0.03047919  10507.7030  34.6806027  3247.22822  
5.42999999  0.03047880  10507.8122  34.6813927  3247.21813  
5.43999999  0.03047841  10507.9197  34.6821563  3247.20753  
5.44999999  0.03047801  10508.0254  34.6828935  3247.19642  
5.45999999  0.03047761  10508.1293  34.6836048  3247.18481  
5.46999999  0.03047721  10508.2314  34.6842903  3247.17270  
5.47999999  0.03047679  10508.3318  34.6849503  3247.16010  
5.48999999  0.03047638  10508.4305  34.6855851  3247.14702  
5.49999999  0.03047596  10508.5274  34.6861948  3247.13346  
5.50999999  0.03047553  10508.6226  34.6867797  3247.11944  
5.51999999  0.03047510  10508.7161  34.6873401  3247.10494  
5.52999999  0.03047466  10508.8080  34.6878761  3247.08999  
5.53999999  0.03047422  10508.8981  34.6883881  3247.07459  
5.54999999  0.03047378  10508.9867  34.6888763  3247.05875  
5.55999999  0.03047333  10509.0735  34.6893408  3247.04247  
5.56999999  0.03047287  10509.1587  34.6897820  3247.02575  
5.57999999  0.03047242  10509.2423  34.6902001  3247.00861  
5.58999999  0.03047195  10509.3243  34.6905952  3246.99104  
5.59999999  0.03047149  10509.4047  34.6909677  3246.97306  
5.60999999  0.03047102  10509.4835  34.6913177  3246.95468  
5.61999999  0.03047054  10509.5607  34.6916456  3246.93589  
5.62999999  0.03047007  10509.6364  34.6919514  3246.91670  
5.63999999  0.03046958  10509.7105  34.6922355  3246.89713  
5.64999999  0.03046910  10509.7831  34.6924981  3246.87717  
5.65999999  0.03046861  10509.8542  34.6927393  3246.85683  
5.66999999  0.03046812  10509.9237  34.6929595  3246.83611  
5.67999999  0.03046762  10509.9918  34.6931588  3246.81503  
5.68999999  0.03046712  10510.0583  34.6933375  3246.79359  
5.69999999  0.03046662  10510.1234  34.6934958  3246.77179  
5.70999999  0.03046611  10510.1870  34.6936339  3246.74964  
5.71999999  0.03046560  10510.2492  34.6937520  3246.72714  
5.72999999  0.03046509  10510.3099  34.6938504  3246.70431  
5.73999999  0.03046457  10510.3692  34.6939292  3246.68114  
5.74999999  0.03046406  10510.4271  34.6939887  3246.65764  
5.75999999  0.03046353  10510.4836  34.6940291  3246.63382  
5.76999999  0.03046301  10510.5386  34.6940505  3246.60968  
5.77999999  0.03046248  10510.5923  34.6940533  3246.58523  
5.78999999  0.03046195  10510.6447  34.6940377  3246.56047  
5.79999999  0.03046142  10510.6956  34.6940037  3246.53541  
5.80999999  0.03046089  10510.7453  34.6939518  3246.51006  
5.81999999  0.03046035  10510.7936  34.6938819  3246.48441  
5.82999999  0.03045981  10510.8405  34.6937945  3246.45847  
5.83999999  0.03045927  10510.8862  34.6936896  3246.43225  
5.84999999  0.03045872  10510.9305  34.6935674  3246.40576  
5.85999999  0.03045818  10510.9736  34.6934283  3246.37900  
5.86999999  0.03045763  10511.0154  34.6932723  3246.35197  
5.87999999  0.03045708  10511.0559  34.6930997  3246.32468  
5.88999999  0.03045652  10511.0952  34.6929107  3246.29713  
5.89999999  0.03045597  10511.1332  34.6927055  3246.26933  
5.90999999  0.03045541  10511.1700  34.6924843  3246.24128  
5.91999999  0.03045485  10511.2056  34.6922472  3246.21299  
5.92999999  0.03045429  10511.2400  34.6919945  3246.18447  
5.93999999  0.03045373  10511.2732  34.6917264  3246.15571  
5.94999999  0.03045317  10511.3051  34.6914430  3246.12672  
5.95999999  0.03045260  10511.3359  34.6911446  3246.09751  
5.96999999  0.03045204  10511.3656  34.6908313  3246.06809  
5.97999999  0.03045147  10511.3941  34.6905034  3246.03845  
5.98999999  0.03045090  10511.4214  34.6901610  3246.00860  
5.99999999  0.03045033  10511.4476  34.6898044  3245.97854  
6.00999999  0.03044976  10511.4727  34.6894336  3245.94829  
6.01999999  0.03044918  10511.4967  34.6890489  3245.91783  
6.02999999  0.03044861  10511.5196  34.6886505  3245.88719  
6.03999999  0.03044803  10511.5414  34.6882385  3245.85636  
6.04999999  0.03044745  10511.5621  34.6878132  3245.82535  
6.05999999  0.03044688  10511.5818  34.6873747  3245.79416  
6.06999999  0.03044630  10511.6004  34.6869232  3245.76279  
6.07999999  0.03044572  10511.6179  34.6864589  3245.73126  
6.08999999  0.03044514  10511.6344  34.6859820  3245.69956  
6.09999999  0.03044455  10511.6499  34.6854926  3245.66770  
6.10999999  0.03044397  10511.6644  34.6849909  3245.63567  
6.11999999  0.03044339  10511.6779  34.6844771  3245.60350  
6.12999999  0.03044280  10511.6904  34.6839514  3245.57118  
6.13999999  0.03044222  10511.7019  34.6834139  3245.53871  
6.14999999  0.03044163  10511.7124  34.6828648  3245.50610  
6.15999999  0.03044105  10511.7219  34.6823043  3245.47335  
6.16999999  0.03044046  10511.7305  34.6817326  3245.44047  
6.17999999  0.03043988  10511.7382  34.6811497  3245.40746  
6.18999999  0.03043929  10511.7449  34.6805560  3245.37432  
6.19999999  0.03043870  10511.7507  34.6799515  3245.34107  
6.20999999  0.03043811  10511.7556  34.6793364  3245.30769  
6.21999999  0.03043753  10511.7596  34.6787110  3245.27420  
6.22999999  0.03043694  10511.7627  34.6780752  3245.24060  
6.23999999  0.03043635  10511.7649  34.6774294  3245.20689  
6.24999999  0.03043576  10511.7663  34.6767736  3245.17307  
6.25999999  0.03043517  10511.7668  34.6761081  3245.13916  
6.26999999  0.03043459  10511.7664  34.6754329  3245.10515  
6.27999999  0.03043400  10511.7652  34.6747483  3245.07105  
6.28999999  0.03043341  10511.7631  34.6740544  3245.03686  
6.29999999  0.03043282  10511.7602  34.6733513  3245.00258  
6.30999999  0.03043223  10511.7565  34.6726393  3244.96822  
6.31999999  0.03043165  10511.7520  34.6719184  3244.93378  
6.32999999  0.03043106  10511.7467  34.6711888  3244.89927  
6.33999999  0.03043047  10511.7406  34.6704507  3244.86468  
6.34999999  0.03042988  10511.7338  34.6697042  3244.83003  
6.35999999  0.03042930  10511.7262  34.6689495  3244.79530  
6.36999999  0.03042871  10511.7178  34.6681867  3244.76052  
6.37999999  0.03042812  10511.7086  34.6674159  3244.72568  
6.38999999  0.03042754  10511.6987  34.6666374  3244.69078  
6.39999999  0.03042695  10511.6881  34.6658512  3244.65583  
6.40999999  0.03042637  10511.6768  34.6650575  3244.62082  
6.41999999  0.03042579  10511.6647  34.6642564  3244.58577  
6.42999999  0.03042520  10511.6520  34.6634481  3244.55068  
6.43999999  0.03042462  10511.6385  34.6626328  3244.51555  
6.44999999  0.03042404  10511.6244  34.6618105  3244.48038  
6.45999999  0.03042346  10511.6096  34.6609813  3244.44517  
6.46999999  0.03042288  10511.5941  34.6601455  3244.40993  
6.47999999  0.03042230  10511.5779  34.6593032  3244.37467  
6.48999999  0.03042172  10511.5611  34.6584545  3244.33937  
6.49999999  0.03042114  10511.5437  34.6575995  3244.30406  
6.50999999  0.03042056  10511.5256  34.6567384  3244.26872  
6.51999999  0.03041999  10511.5069  34.6558713  3244.23337  
6.52999999  0.03041941  10511.4875  34.6549983  3244.19800  
6.53999999  0.03041884  10511.4676  34.6541195  3244.16262  
6.54999999  0.03041826  10511.4470  34.6532352  3244.12723  
6.55999999  0.03041769  10511.4259  34.6523454  3244.09183  
6.56999999  0.03041712  10511.4042  34.6514502  3244.05643  
6.57999999  0.03041655  10511.3819  34.6505498  3244.02103  
6.58999999  0.03041598  10511.3590  34.6496442  3243.98562  
6.59999999  0.03041541  10511.3356  34.6487337  3243.95023  
6.60999999  0.03041485  10511.3116  34.6478184  3243.91483  
6.61999999  0.03041428  10511.2871  34.6468983  3243.87945  
6.62999999  0.03041372  10511.2620  34.6459735  3243.84408  
6.63999999  0.03041315  10511.2364  34.6450443  3243.80872  
6.64999999  0.03041259  10511.2103  34.6441107  3243.77337  
6.65999999  0.03041203  10511.1836  34.6431728  3243.73805  
6.66999999  0.03041147  10511.1565  34.6422308  3243.70274  
6.67999999  0.03041091  10511.1289  34.6412848  3243.66746  
6.68999999  0.03041036  10511.1007  34.6403348  3243.63220  
6.69999999  0.03040980  10511.0721  34.6393810  3243.59697  
6.70999999  0.03040925  10511.0430  34.6384235  3243.56177  
6.71999999  0.03040870  10511.0135  34.6374625  3243.52660  
6.72999999  0.03040814  10510.9835  34.6364979  3243.49147  
6.73999999  0.03040760  10510.9530  34.6355300  3243.45637  
6.74999999  0.03040705  10510.9221  34.6345589  3243.42131  
6.75999999  0.03040650  10510.8907  34.6335846  3243.38629  
6.76999999  0.03040596  10510.8589  34.6326072  3243.35131  
6.77999999  0.03040541  10510.8267  34.6316269  3243.31638  
6.78999999  0.03040487  10510.7941  34.6306438  3243.28149  
6.79999999  0.03040433  10510.7611  34.6296580  3243.24665  
6.80999999  0.03040380  10510.7276  34.6286695  3243.21186  
6.81999999  0.03040326  10510.6938  34.6276785  3243.17713  
6.82999999  0.03040272  10510.6596  34.6266851  3243.14244  
6.83999999  0.03040219  10510.6250  34.6256894  3243.10782  
6.84999999  0.03040166  10510.5900  34.6246914  3243.07325  
6.85999999  0.03040113  10510.5546  34.6236913  3243.03874  
6.86999999  0.03040060  10510.5189  34.6226892  3243.00430  
6.87999999  0.03040008  10510.4828  34.6216851  3242.96991  
6.88999999  0.03039955  10510.4464  34.6206792  3242.93560  
6.89999999  0.03039903  10510.4096  34.6196715  3242.90135  
6.90999999  0.03039851  10510.3725  34.6186622  3242.86716  
6.91999999  0.03039799  10510.3351  34.6176513  3242.83305  
6.92999999  0.03039747  10510.2974  34.6166390  3242.79901  
6.93999999  0.03039696  10510.2593  34.6156252  3242.76505  
6.94999999  0.03039645  10510.2209  34.6146102  3242.73116  
6.95999999  0.03039594  10510.1822  34.6135940  3242.69734  
6.96999999  0.03039543  10510.1432  34.6125766  3242.66361  
6.97999999  0.03039492  10510.1040  34.6115582  3242.62995  
6.98999999  0.03039441  10510.0644  34.6105389  3242.59638  
6.99999999  0.03039391  10510.0246  34.6095187  3242.56289  
7.00999999  0.03039341  10509.9845  34.6084978  3242.52948  
7.01999999  0.03039291  10509.9441  34.6074761  3242.49616  
7.02999999  0.03039241  10509.9035  34.6064538  3242.46293  
7.03999999  0.03039192  10509.8626  34.6054310  3242.42979  
7.04999999  0.03039143  10509.8214  34.6044078  3242.39673  
7.05999999  0.03039093  10509.7800  34.6033841  3242.36377  
7.06999999  0.03039044  10509.7384  34.6023602  3242.33090  
7.07999999  0.03038996  10509.6966  34.6013361  3242.29812  
7.08999999  0.03038947  10509.6545  34.6003118  3242.26544  
7.09999999  0.03038899  10509.6122  34.5992874  3242.23286  
7.10999999  0.03038851  10509.5697  34.5982631  3242.20038  
7.11999999  0.03038803  10509.5269  34.5972389  3242.16799  
7.12999999  0.03038755  10509.4840  34.5962148  3242.13571  
7.13999999  0.03038708  10509.4409  34.5951909  3242.10352  
7.14999999  0.03038661  10509.3975  34.5941674  3242.07144  
7.15999999  0.03038614  10509.3540  34.5931442  3242.03947  
7.16999999  0.03038567  10509.3103  34.5921215  3242.00759  
7.17999999  0.03038521  10509.2665  34.5910992  3241.97583  
7.18999999  0.03038474  10509.2224  34.5900776  3241.94417  
7.19999999  0.03038428  10509.1782  34.5890566  3241.91262  
7.20999999  0.03038382  10509.1338  34.5880363  3241.88118  
7.21999999  0.03038337  10509.0893  34.5870168  3241.84985  
7.22999999  0.03038291  10509.0446  34.5859982  3241.81863  
7.23999999  0.03038246  10508.9998  34.5849804  3241.78753  
7.24999999  0.03038201  10508.9548  34.5839637  3241.75654  
7.25999999  0.03038156  10508.9097  34.5829480  3241.72566  
7.26999999  0.03038112  10508.8644  34.5819333  3241.69490  
7.27999999  0.03038067  10508.8191  34.5809199  3241.66425  
7.28999999  0.03038023  10508.7736  34.5799076  3241.63372  
7.29999999  0.03037979  10508.7280  34.5788967  3241.60331  
7.30999999  0.03037936  10508.6822  34.5778870  3241.57302  
7.31999999  0.03037892  10508.6364  34.5768788  3241.54285  
7.32999999  0.03037849  10508.5905  34.5758720  3241.51280  
7.33999999  0.03037806  10508.5444  34.5748668  3241.48287  
7.34999999  0.03037763  10508.4983  34.5738631  3241.45306  
7.35999999  0.03037721  10508.4521  34.5728610  3241.42337  
7.36999999  0.03037679  10508.4057  34.5718606  3241.39381  
7.37999999  0.03037637  10508.3593  34.5708619  3241.36438  
7.38999999  0.03037595  10508.3129  34.5698650  3241.33507  
7.39999999  0.03037553  10508.2663  34.5688700  3241.30588  
7.40999999  0.03037512  10508.2197  34.5678768  3241.27682  
7.41999999  0.03037471  10508.1730  34.5668856  3241.24789  
7.42999999  0.03037430  10508.1263  34.5658964  3241.21908  
7.43999999  0.03037389  10508.0795  34.5649091  3241.19041  
7.44999999  0.03037349  10508.0326  34.5639240  3241.16186  
7.45999999  0.03037309  10507.9857  34.5629410  3241.13345  
7.46999999  0.03037269  10507.9388  34.5619602  3241.10516  
7.47999999  0.03037229  10507.8918  34.5609816  3241.07700  
7.48999999  0.03037190  10507.8448  34.5600053  3241.04898  
7.49999999  0.03037150  10507.7977  34.5590313  3241.02109  
7.50999999  0.03037111  10507.7506  34.5580597  3240.99333  
7.51999999  0.03037073  10507.7035  34.5570904  3240.96570  
7.52999999  0.03037034  10507.6564  34.5561237  3240.93821  
7.53999999  0.03036996  10507.6092  34.5551594  3240.91085  
7.54999999  0.03036958  10507.5620  34.5541976  3240.88362  
7.55999999  0.03036920  10507.5148  34.5532384  3240.85653  
7.56999999  0.03036882  10507.4676  34.5522818  3240.82958  
7.57999999  0.03036845  10507.4205  34.5513279  3240.80276  
7.58999999  0.03036808  10507.3733  34.5503767  3240.77607  
7.59999999  0.03036771  10507.3261  34.5494282  3240.74953  
7.60999999  0.03036735  10507.2789  34.5484824  3240.72312  
7.61999999  0.03036698  10507.2317  34.5475395  3240.69685  
7.62999999  0.03036662  10507.1845  34.5465994  3240.67071  
7.63999999  0.03036626  10507.1374  34.5456622  3240.64471  
7.64999999  0.03036590  10507.0903  34.5447279  3240.61885  
7.65999999  0.03036555  10507.0432  34.5437965  3240.59313  
7.66999999  0.03036520  10506.9961  34.5428682  3240.56755  
7.67999999  0.03036485  10506.9490  34.5419428  3240.54211  
7.68999999  0.03036450  10506.9020  34.5410205  3240.51680  
7.69999999  0.03036415  10506.8550  34.5401013  3240.49164  
7.70999999  0.03036381  10506.8081  34.5391851  3240.46662  
7.71999999  0.03036347  10506.7612  34.5382722  3240.44173  
7.72999999  0.03036313  10506.7143  34.5373624  3240.41699  
7.73999999  0.03036280  10506.6675  34.5364558  3240.39239  
7.74999999  0.03036246  10506.6207  34.5355524  3240.36792  
7.75999999  0.03036213  10506.5740  34.5346523  3240.34360  
7.76999999  0.03036180  10506.5273  34.5337555  3240.31942  
7.77999999  0.03036148  10506.4807  34.5328620  3240.29538  
7.78999999  0.03036115  10506.4342  34.5319719  3240.27148  
7.79999999  0.03036083  10506.3877  34.5310851  3240.24772  
7.80999999  0.03036051  10506.3413  34.5302017  3240.22411  
7.81999999  0.03036020  10506.2950  34.5293218  3240.20063  
7.82999999  0.03035988  10506.2487  34.5284452  3240.17730  
7.83999999  0.03035957  10506.2025  34.5275722  3240.15411  
7.84999999  0.03035926  10506.1564  34.5267027  3240.13106  
7.85999999  0.03035895  10506.1103  34.5258366  3240.10815  
7.86999999  0.03035865  10506.0644  34.5249742  3240.08539  
7.87999999  0.03035834  10506.0185  34.5241153  3240.06277  
7.88999999  0.03035804  10505.9727  34.5232599  3240.04029  
7.89999999  0.03035774  10505.9270  34.5224082  3240.01795  
7.90999999  0.03035745  10505.8814  34.5215601  3239.99575  
7.91999999  0.03035715  10505.8359  34.5207157  3239.97369  
7.92999999  0.03035686  10505.7905  34.5198749  3239.95178  
7.93999999  0.03035657  10505.7452  34.5190378  3239.93001  
7.94999999  0.03035628  10505.6999  34.5182044  3239.90838  
7.95999999  0.03035600  10505.6548  34.5173748  3239.88689  
7.96999999  0.03035572  10505.6098  34.5165488  3239.86555  
7.97999999  0.03035544  10505.5649  34.5157267  3239.84434  
7.98999999  0.03035516  10505.5201  34.5149083  3239.82328  
7.99999999  0.03035488  10505.4754  34.5140937  3239.80236  
8.00999999  0.03035461  10505.4308  34.5132829  3239.78158  
8.01999999  0.03035434  10505.3863  34.5124760  3239.76094  
8.02999999  0.03035407  10505.3420  34.5116729  3239.74045  
8.03999999  0.03035380  10505.2978  34.5108736  3239.72009  
8.04999999  0.03035353  10505.2536  34.5100782  3239.69988  
8.05999999  0.03035327  10505.2097  34.5092867  3239.67980  
8.06999999  0.03035301  10505.1658  34.5084991  3239.65987  
8.07999999  0.03035275  10505.1220  34.5077154  3239.64008  
8.08999999  0.03035250  10505.0784  34.5069356  3239.62043  
8.09999999  0.03035224  10505.0349  34.5061597  3239.60091  
8.10999999  0.03035199  10504.9916  34.5053878  3239.58154  
8.11999999  0.03035174  10504.9484  34.5046199  3239.56231  
8.12999999  0.03035149  10504.9053  34.5038559  3239.54322  
8.13999999  0.03035125  10504.8623  34.5030959  3239.52427  
8.14999999  0.03035101  10504.8195  34.5023398  3239.50545  
8.15999999  0.03035076  10504.7768  34.5015878  3239.48678  
8.16999999  0.03035053  10504.7343  34.5008398  3239.46824  
8.17999999  0.03035029  10504.6919  34.5000957  3239.44985  
8.18999999  0.03035005  10504.6496  34.4993557  3239.43159  
8.19999999  0.03034982  10504.6075  34.4986198  3239.41347  
8.20999999  0.03034959  10504.5656  34.4978878  3239.39549  
8.21999999  0.03034936  10504.5238  34.4971599  3239.37764  
8.22999999  0.03034914  10504.4821  34.4964361  3239.35993  
8.23999999  0.03034891  10504.4406  34.4957163  3239.34236  
8.24999999  0.03034869  10504.3992  34.4950006  3239.32493  
8.25999999  0.03034847  10504.3580  34.4942889  3239.30763  
8.26999999  0.03034825  10504.3169  34.4935814  3239.29047  
8.27999999  0.03034804  10504.2760  34.4928779  3239.27344  
8.28999999  0.03034782  10504.2353  34.4921785  3239.25655  
8.29999999  0.03034761  10504.1947  34.4914831  3239.23980  
8.30999999  0.03034740  10504.1543  34.4907919  3239.22318  
8.31999999  0.03034719  10504.1140  34.4901047  3239.20669  
8.32999999  0.03034699  10504.0739  34.4894217  3239.19034  
8.33999999  0.03034678  10504.0339  34.4887427  3239.17412  
8.34999999  0.03034658  10503.9942  34.4880679  3239.15804  
8.35999999  0.03034638  10503.9545  34.4873972  3239.14209  
8.36999999  0.03034619  10503.9151  34.4867305  3239.12627  
8.37999999  0.03034599  10503.8758  34.4860680  3239.11058  
8.38999999  0.03034580  10503.8367  34.4854096  3239.09503  
8.39999999  0.03034560  10503.7977  34.4847553  3239.07960  
8.40999999  0.03034541  10503.7589  34.4841051  3239.06431  
8.41999999  0.03034523  10503.7203  34.4834590  3239.04915  
8.42999999  0.03034504  10503.6819  34.4828171  3239.03412  
8.43999999  0.03034486  10503.6436  34.4821792  3239.01922  
8.44999999  0.03034467  10503.6055  34.4815455  3239.00445  
8.45999999  0.03034449  10503.5676  34.4809158  3238.98981  
8.46999999  0.03034432  10503.5298  34.4802903  3238.97530  
8.47999999  0.03034414  10503.4922  34.4796689  3238.96092  
8.48999999  0.03034396  10503.4548  34.4790516  3238.94666  
8.49999999  0.03034379  10503.4176  34.4784384  3238.93254  
8.50999999  0.03034362  10503.3805  34.4778293  3238.91853  
8.51999999  0.03034345  10503.3437  34.4772243  3238.90466  
8.52999999  0.03034328  10503.3070  34.4766233  3238.89091  
8.53999999  0.03034312  10503.2704  34.4760265  3238.87729  
8.54999999  0.03034296  10503.2341  34.4754338  3238.86380  
8.55999999  0.03034279  10503.1979  34.4748451  3238.85043  
8.56999999  0.03034263  10503.1620  34.4742606  3238.83718  
8.57999999  0.03034248  10503.1262  34.4736801  3238.82406  
8.58999999  0.03034232  10503.0906  34.4731037  3238.81106  
8.59999999  0.03034217  10503.0551  34.4725313  3238.79818  
8.60999999  0.03034201  10503.0199  34.4719631  3238.78543  
8.61999999  0.03034186  10502.9848  34.4713988  3238.77280  
8.62999999  0.03034171  10502.9499  34.4708387  3238.76029  
8.63999999  0.03034156  10502.9152  34.4702825  3238.74790  
8.64999999  0.03034142  10502.8807  34.4697305  3238.73563  
8.65999999  0.03034127  10502.8464  34.4691824  3238.72349  
8.66999999  0.03034113  10502.8122  34.4686384  3238.71146  
8.67999999  0.03034099  10502.7783  34.4680984  3238.69955  
8.68999999  0.03034085  10502.7445  34.4675624  3238.68776  
8.69999999  0.03034072  10502.7109  34.4670305  3238.67609  
8.70999999  0.03034058  10502.6775  34.4665025  3238.66454  
8.71999999  0.03034045  10502.6443  34.4659785  3238.65310  
8.72999999  0.03034031  10502.6113  34.4654585  3238.64178  
8.73999999  0.03034018  10502.5785  34.4649425  3238.63058  
8.74999999  0.03034005  10502.5458  34.4644305  3238.61949  
8.75999999  0.03033993  10502.5133  34.4639224  3238.60852  
8.76999999  0.03033980  10502.4811  34.4634183  3238.59766  
8.77999999  0.03033968  10502.4490  34.4629181  3238.58692  
8.78999999  0.03033956  10502.4171  34.4624219  3238.57629  
8.79999999  0.03033943  10502.3854  34.4619296  3238.56578  
8.80999999  0.03033932  10502.3539  34.4614412  3238.55537  
8.81999999  0.03033920  10502.3225  34.4609567  3238.54508  
8.82999999  0.03033908  10502.2914  34.4604761  3238.53490  
8.83999999  0.03033897  10502.2604  34.4599995  3238.52483  
8.84999999  0.03033885  10502.2297  34.4595267  3238.51487  
8.85999999  0.03033874  10502.1991  34.4590577  3238.50502  
8.86999999  0.03033863  10502.1687  34.4585926  3238.49529  
8.87999999  0.03033852  10502.1385  34.4581314  3238.48566  
8.88999999  0.03033842  10502.1085  34.4576740  3238.47613  
8.89999999  0.03033831  10502.0787  34.4572205  3238.46672  
8.90999999  0.03033821  10502.0491  34.4567707  3238.45741  
8.91999999  0.03033811  10502.0196  34.4563248  3238.44821  
8.92999999  0.03033800  10501.9904  34.4558827  3238.43912  
8.93999999  0.03033790  10501.9613  34.4554443  3238.43013  
8.94999999  0.03033781  10501.9325  34.4550098  3238.42125  
8.95999999  0.03033771  10501.9038  34.4545789  3238.41247  
8.96999999  0.03033761  10501.8753  34.4541519  3238.40379  
8.97999999  0.03033752  10501.8470  34.4537286  3238.39522  
8.98999999  0.03033743  10501.8189  34.4533090  3238.38675  
8.99999999  0.03033734  10501.7910  34.4528931  3238.37838  
9.00999999  0.03033725  10501.7632  34.4524809  3238.37012  
9.01999999  0.03033716  10501.7357  34.4520724  3238.36195  
9.02999999  0.03033707  10501.7083  34.4516676  3238.35389  
9.03999999  0.03033699  10501.6812  34.4512664  3238.34593  
9.04999999  0.03033690  10501.6542  34.4508689  3238.33806  
9.05999999  0.03033682  10501.6274  34.4504751  3238.33030  
9.06999999  0.03033674  10501.6008  34.4500848  3238.32263  
9.07999999  0.03033666  10501.5744  34.4496982  3238.31506  
9.08999999  0.03033658  10501.5482  34.4493152  3238.30759  
9.09999999  0.03033650  10501.5221  34.4489358  3238.30022  
9.10999999  0.03033643  10501.4963  34.4485599  3238.29294  
9.11999999  0.03033635  10501.4706  34.4481876  3238.28575  
9.12999999  0.03033628  10501.4451  34.4478188  3238.27866  
9.13999999  0.03033621  10501.4198  34.4474536  3238.27167  
9.14999999  0.03033614  10501.3947  34.4470919  3238.26477  
9.15999999  0.03033607  10501.3698  34.4467337  3238.25796  
9.16999999  0.03033600  10501.3450  34.4463790  3238.25125  
9.17999999  0.03033593  10501.3205  34.4460277  3238.24462  
9.18999999  0.03033586  10501.2961  34.4456799  3238.23809  
9.19999999  0.03033580  10501.2719  34.4453356  3238.23165  
9.20999999  0.03033574  10501.2479  34.4449947  3238.22530  
9.21999999  0.03033567  10501.2241  34.4446572  3238.21904  
9.22999999  0.03033561  10501.2005  34.4443232  3238.21287  
9.23999999  0.03033555  10501.1770  34.4439925  3238.20679  
9.24999999  0.03033549  10501.1538  34.4436652  3238.20079  
9.25999999  0.03033544  10501.1307  34.4433412  3238.19489  
9.26999999  0.03033538  10501.1078  34.4430206  3238.18906  
9.27999999  0.03033532  10501.0850  34.4427033  3238.18333  
9.28999999  0.03033527  10501.0625  34.4423893  3238.17768  
9.29999999  0.03033522  10501.0401  34.4420787  3238.17212  
9.30999999  0.03033516  10501.0179  34.4417713  3238.16664  
9.31999999  0.03033511  10500.9959  34.4414672  3238.16125  
9.32999999  0.03033506  10500.9741  34.4411663  3238.15594  
9.33999999  0.03033501  10500.9525  34.4408687  3238.15071  
9.34999999  0.03033497  10500.9310  34.4405743  3238.14556  
9.35999999  0.03033492  10500.9097  34.4402831  3238.14050  
9.36999999  0.03033488  10500.8886  34.4399951  3238.13552  
9.37999999  0.03033483  10500.8677  34.4397103  3238.13062  
9.38999999  0.03033479  10500.8469  34.4394286  3238.12580  
9.39999999  0.03033475  10500.8263  34.4391501  3238.12105  
9.40999999  0.03033470  10500.8059  34.4388747  3238.11639  
9.41999999  0.03033466  10500.7857  34.4386024  3238.11181  
9.42999999  0.03033462  10500.7656  34.4383333  3238.10730  
9.43999999  0.03033459  10500.7457  34.4380672  3238.10287  
9.44999999  0.03033455  10500.7260  34.4378041  3238.09852  
9.45999999  0.03033451  10500.7064  34.4375442  3238.09424  
9.46999999  0.03033448  10500.6871  34.4372872  3238.09004  
9.47999999  0.03033444  10500.6679  34.4370333  3238.08591  
9.48999999  0.03033441  10500.6488  34.4367824  3238.08186  
9.49999999  0.03033438  10500.6300  34.4365344  3238.07789  
9.50999999  0.03033435  10500.6113  34.4362894  3238.07398  
9.51999999  0.03033431  10500.5928  34.4360474  3238.07015  
9.52999999  0.03033429  10500.5744  34.4358083  3238.06639  
9.53999999  0.03033426  10500.5562  34.4355722  3238.06270  
9.54999999  0.03033423  10500.5382  34.4353389  3238.05909  
9.55999999  0.03033420  10500.5203  34.4351086  3238.05554  
9.56999999  0.03033418  10500.5027  34.4348811  3238.05207  
9.57999999  0.03033415  10500.4851  34.4346564  3238.04866  
9.58999999  0.03033413  10500.4678  34.4344346  3238.04533  
9.59999999  0.03033410  10500.4506  34.4342156  3238.04206  
9.60999999  0.03033408  10500.4336  34.4339995  3238.03886  
9.61999999  0.03033406  10500.4167  34.4337861  3238.03572  
9.62999999  0.03033404  10500.4000  34.4335755  3238.03266  
9.63999999  0.03033402  10500.3835  34.4333676  3238.02966  
9.64999999  0.03033400  10500.3671  34.4331625  3238.02672  
9.65999999  0.03033398  10500.3509  34.4329601  3238.02385  
9.66999999  0.03033396  10500.3348  34.4327605  3238.02105  
9.67999999  0.03033395  10500.3189  34.4325635  3238.01831  
9.68999999  0.03033393  10500.3031  34.4323692  3238.01563  
9.69999999  0.03033391  10500.2876  34.4321775  3238.01302  
9.70999999  0.03033390  10500.2721  34.4319885  3238.01047  
9.71999999  0.03033389  10500.2569  34.4318021  3238.00798  
9.72999999  0.03033387  10500.2417  34.4316184  3238.00555  
9.73999999  0.03033386  10500.2268  34.4314372  3238.00318  
9.74999999  0.03033385  10500.2120  34.4312586  3238.00088  
9.75999999  0.03033384  10500.1973  34.4310825  3237.99863  
9.76999999  0.03033383  10500.1828  34.4309090  3237.99644  
9.77999999  0.03033382  10500.1685  34.4307381  3237.99431  
9.78999999  0.03033381  10500.1543  34.4305696  3237.99224  
9.79999999  0.03033380  10500.1402  34.4304036  3237.99023  
9.80999999  0.03033380  10500.1263  34.4302401  3237.98828  
9.81999999  0.03033379  10500.1126  34.4300791  3237.98638  
9.82999999  0.03033379  10500.0990  34.4299205  3237.98454  
9.83999999  0.03033378  10500.0855  34.4297643  3237.98275  
9.84999999  0.03033378  10500.0722  34.4296106  3237.98102  
9.85999999  0.03033377  10500.0591  34.4294592  3237.97934  
9.86999999  0.03033377  10500.0461  34.4293102  3237.97772  
9.87999999  0.03033377  10500.0332  34.4291636  3237.97615  
9.88999999  0.03033377  10500.0205  34.4290194  3237.97464  
9.89999999  0.03033377  10500.0079  34.4288774  3237.97318  
9.90999999  0.03033376  10499.9955  34.4287378  3237.97177  
9.91999999  0.03033376  10499.9832  34.4286005  3237.97041  
9.92999999  0.03033377  10499.9710  34.4284654  3237.96910  
9.93999999  0.03033377  10499.9590  34.4283326  3237.96785  
9.94999999  0.03033377  10499.9471  34.4282021  3237.96664  
9.95999999  0.03033377  10499.9354  34.4280738  3237.96549  
9.96999999  0.03033378  10499.9238  34.4279477  3237.96438  
9.97999999  0.03033378  10499.9123  34.4278238  3237.96332  
9.98999999  0.03033378  10499.9010  34.4277021  3237.96231  
9.99999999  0.03033379  10499.8898  34.4275826  3237.96135  
10.0099999  0.03033379  10499.8788  34.4274652  3237.96044  
g.NS.time   B1.FAR      S1.N        B1.Wfuel    FNo.Tt      
0.0         0.025       10000.0     23.75       2863.15062  
0.0         0.025       9999.83112  23.7486208  2863.12424  
0.0         0.025       9999.77359  23.7479159  2863.11542  
0.0         0.026       9999.77359  23.7479159  2863.11542  
0.0         0.026       10074.7854  25.4210742  2932.74092  
0.0         0.028       10156.7910  27.2190876  3002.53917  
0.0         0.03        10246.2299  29.1540940  3072.50763  
0.01        0.02602126  10074.8168  25.4421446  2934.01284  
0.02        0.02604251  10074.8723  25.4634148  2935.28712  
0.03        0.02606377  10074.9546  25.4849533  2936.56451  
0.04        0.02608502  10075.0632  25.5067436  2937.84489  
0.05        0.02610627  10075.1977  25.5287815  2939.12814  
0.06000000  0.02612751  10075.3577  25.5510623  2940.41462  
0.07        0.02614874  10075.5427  25.5735812  2941.70319  
0.08        0.02616997  10075.7525  25.5963338  2942.99423  
0.09        0.02619118  10075.9864  25.6193155  2944.28761  
0.09999999  0.02621238  10076.2443  25.6425218  2945.58320  
0.10999999  0.02623357  10076.5256  25.6659482  2946.88089  
0.11999999  0.02625474  10076.8299  25.6895905  2948.18054  
0.12999999  0.02627590  10077.1570  25.7134442  2949.48204  
0.13999999  0.02629704  10077.5064  25.7375052  2950.78527  
0.15        0.02631816  10077.8777  25.7617691  2952.09011  
0.16        0.02633927  10078.2706  25.7862319  2953.39645  
0.17        0.02636036  10078.6847  25.8108894  2954.70417  
0.18000000  0.02638142  10079.1197  25.8357375  2956.01317  
0.19000000  0.02640247  10079.5751  25.8607723  2957.32333  
0.20000000  0.02642349  10080.0507  25.8859898  2958.63455  
0.21000000  0.02644449  10080.5462  25.9113861  2959.94672  
0.22000000  0.02646546  10081.0610  25.9369573  2961.25974  
0.23000000  0.02648641  10081.5950  25.9626995  2962.57350  
0.24000000  0.02650733  10082.1478  25.9886092  2963.88790  
0.25000000  0.02652822  10082.7191  26.0146824  2965.20285  
0.26000000  0.02654908  10083.3085  26.0409156  2966.51824  
0.27000000  0.02656992  10083.9158  26.0673051  2967.83397  
0.28000000  0.02659072  10084.5406  26.0938474  2969.14996  
0.29000000  0.02661149  10085.1826  26.1205389  2970.46612  
0.30000000  0.02663224  10085.8414  26.1473761  2971.78233  
0.31000000  0.02665294  10086.5169  26.1743556  2973.09853  
0.32000000  0.02667362  10087.2087  26.2014740  2974.41462  
0.33000000  0.02669426  10087.9165  26.2287279  2975.73050  
0.34000000  0.02671486  10088.6400  26.2561140  2977.04611  
0.35000000  0.02673543  10089.3790  26.2836291  2978.36134  
0.36000000  0.02675596  10090.1331  26.3112698  2979.67613  
0.37000000  0.02677645  10090.9021  26.3390331  2980.99038  
0.38000000  0.02679691  10091.6857  26.3669158  2982.30401  
0.39000000  0.02681732  10092.4837  26.3949148  2983.61695  
0.40000000  0.02683770  10093.2957  26.4230270  2984.92913  
0.41000000  0.02685803  10094.1216  26.4512493  2986.24045  
0.42000000  0.02687833  10094.9609  26.4795789  2987.55086  
0.43000000  0.02689858  10095.8136  26.5080127  2988.86026  
0.44000000  0.02691879  10096.6794  26.5365478  2990.16860  
0.45000000  0.02693896  10097.5578  26.5651806  2991.47579  
0.46000000  0.02695908  10098.4487  26.5939081  2992.78176  
0.47000000  0.02697916  10099.3519  26.6227284  2994.08645  
g.NS.time   B1.FAR      S1.N        B1.Wfuel    FNo.Tt      
0.0         0.025       10000.0     23.75       2863.15062  
0.0         0.025       9999.83112  23.7486208  2863.12424  
0.0         0.025       9999.77359  23.7479159  2863.11542  
0.0         0.026       9999.77359  23.7479159  2863.11542  
0.0         0.026       10074.7854  25.4210742  2932.74092  
0.0         0.028       10156.7910  27.2190876  3002.53917  
0.0         0.03        10246.2299  29.1540940  3072.50763  
0.01        0.02602126  10074.8168  25.4421446  2934.01284  
0.02        0.02604251  10074.8723  25.4634148  2935.28712  
0.03        0.02606377  10074.9546  25.4849533  2936.56451  
0.04        0.02608502  10075.0632  25.5067436  2937.84489  
0.05        0.02610627  10075.1977  25.5287815  2939.12814  
0.06000000  0.02612751  10075.3577  25.5510623  2940.41462  
0.07        0.02614874  10075.5427  25.5735812  2941.70319  
0.08        0.02616997  10075.7525  25.5963338  2942.99423  
0.09        0.02619118  10075.9864  25.6193155  2944.28761  
0.09999999  0.02621238  10076.2443  25.6425218  2945.58320  
0.10999999  0.02623357  10076.5256  25.6659482  2946.88089  
0.11999999  0.02625474  10076.8299  25.6895905  2948.18054  
0.12999999  0.02627590  10077.1570  25.7134442  2949.48204  
0.13999999  0.02629704  10077.5064  25.7375052  2950.78527  
0.15        0.02631816  10077.8777  25.7617691  2952.09011  
0.16        0.02633927  10078.2706  25.7862319  2953.39645  
0.17        0.02636036  10078.6847  25.8108894  2954.70417  
0.18000000  0.02638142  10079.1197  25.8357375  2956.01317  
0.19000000  0.02640247  10079.5751  25.8607723  2957.32333  
0.20000000  0.02642349  10080.0507  25.8859898  2958.63455  
0.21000000  0.02644449  10080.5462  25.9113861  2959.94672  
0.22000000  0.02646546  10081.0610  25.9369573  2961.25974  
0.23000000  0.02648641  10081.5950  25.9626995  2962.57350  
0.24000000  0.02650733  10082.1478  25.9886092  2963.88790  
0.25000000  0.02652822  10082.7191  26.0146824  2965.20285  
0.26000000  0.02654908  10083.3085  26.0409156  2966.51824  
0.27000000  0.02656992  10083.9158  26.0673051  2967.83397  
0.28000000  0.02659072  10084.5406  26.0938474  2969.14996  
0.29000000  0.02661149  10085.1826  26.1205389  2970.46612  
0.30000000  0.02663224  10085.8414  26.1473761  2971.78233  
0.31000000  0.02665294  10086.5169  26.1743556  2973.09853  
0.32000000  0.02667362  10087.2087  26.2014740  2974.41462  
0.33000000  0.02669426  10087.9165  26.2287279  2975.73050  
0.34000000  0.02671486  10088.6400  26.2561140  2977.04611  
0.35000000  0.02673543  10089.3790  26.2836291  2978.36134  
0.36000000  0.02675596  10090.1331  26.3112698  2979.67613  
0.37000000  0.02677645  10090.9021  26.3390331  2980.99038  
0.38000000  0.02679691  10091.6857  26.3669158  2982.30401  
0.39000000  0.02681732  10092.4837  26.3949148  2983.61695  
0.40000000  0.02683770  10093.2957  26.4230270  2984.92913  
0.41000000  0.02685803  10094.1216  26.4512493  2986.24045  
0.42000000  0.02687833  10094.9609  26.4795789  2987.55086  
0.43000000  0.02689858  10095.8136  26.5080127  2988.86026  
0.44000000  0.02691879  10096.6794  26.5365478  2990.16860  
0.45000000  0.02693896  10097.5578  26.5651806  2991.47579  
0.46000000  0.02695908  10098.4487  26.5939081  2992.78176  
0.47000000  0.02697916  10099.3519  26.6227284  2994.08645  
0.48000000  0.02699919  10100.2672  26.6516387  2995.38980  
0.49000000  0.02701917  10101.1944  26.6806364  2996.69173  
0.50000000  0.02703912  10102.1331  26.7097188  2997.99219  
0.51000000  0.02705901  10103.0832  26.7388831  2999.29111  
0.52000000  0.02707885  10104.0445  26.7681268  3000.58842  
0.53000000  0.02709865  10105.0168  26.7974474  3001.88407  
0.54000000  0.02711840  10105.9997  26.8268421  3003.17799  
0.55000000  0.02713810  10106.9932  26.8563086  3004.47013  
0.56000000  0.02715775  10107.9969  26.8858442  3005.76042  
0.57000000  0.02717735  10109.0107  26.9154467  3007.04881  
0.58000000  0.02719690  10110.0344  26.9451134  3008.33525  
0.59000000  0.02721640  10111.0678  26.9748422  3009.61966  
0.60000000  0.02723585  10112.1107  27.0046305  3010.90201  
0.61000000  0.02725524  10113.1628  27.0344760  3012.18224  
0.62000000  0.02727458  10114.2240  27.0643765  3013.46030  
0.63000000  0.02729387  10115.2941  27.0943297  3014.73613  
0.64000000  0.02731311  10116.3729  27.1243333  3016.00968  
0.65000000  0.02733229  10117.4602  27.1543852  3017.28091  
0.66000000  0.02735141  10118.5558  27.1844831  3018.54976  
0.67000000  0.02737049  10119.6596  27.2146249  3019.81620  
0.68000000  0.02738950  10120.7713  27.2448085  3021.08016  
0.69000000  0.02740847  10121.8908  27.2750318  3022.34161  
0.70000000  0.02742737  10123.0180  27.3052926  3023.60051  
0.71000000  0.02744622  10124.1526  27.3355890  3024.85680  
0.72000000  0.02746501  10125.2944  27.3659190  3026.11044  
0.73000000  0.02748375  10126.4434  27.3962805  3027.36139  
0.74000000  0.02750243  10127.5993  27.4266716  3028.60962  
0.75000000  0.02752105  10128.7620  27.4570903  3029.85507  
0.76000000  0.02753961  10129.9313  27.4875348  3031.09771  
0.77000000  0.02755811  10131.1071  27.5180032  3032.33751  
0.78000000  0.02757656  10132.2892  27.5484935  3033.57441  
0.79000000  0.02759494  10133.4774  27.5790040  3034.80839  
0.80000000  0.02761327  10134.6717  27.6095328  3036.03941  
0.81000000  0.02763153  10135.8718  27.6400782  3037.26742  
0.82000000  0.02764974  10137.0776  27.6706384  3038.49241  
0.83000000  0.02766789  10138.2889  27.7012116  3039.71432  
0.84000000  0.02768597  10139.5057  27.7317962  3040.93313  
0.85000000  0.02770400  10140.7278  27.7623904  3042.14881  
0.86000000  0.02772196  10141.9550  27.7929925  3043.36132  
0.87000000  0.02773986  10143.1872  27.8236010  3044.57063  
0.88000000  0.02775770  10144.4243  27.8542141  3045.77671  
0.89000000  0.02777548  10145.6661  27.8848303  3046.97953  
0.90000000  0.02779320  10146.9126  27.9154480  3048.17906  
0.91000000  0.02781085  10148.1635  27.9460656  3049.37526  
0.92000000  0.02782844  10149.4187  27.9766816  3050.56812  
0.93000000  0.02784597  10150.6782  28.0072944  3051.75761  
0.94000000  0.02786344  10151.9418  28.0379026  3052.94369  
0.95000000  0.02788084  10153.2093  28.0685047  3054.12634  
0.96000000  0.02789818  10154.4808  28.0990991  3055.30553  
0.97000000  0.02791546  10155.7559  28.1296845  3056.48125  
0.98000000  0.02793267  10157.0347  28.1602594  3057.65345  
0.99000000  0.02794982  10158.3169  28.1908225  3058.82213  
1.00000000  0.02796690  10159.6026  28.2213723  3059.98726  
1.01000000  0.02798392  10160.8916  28.2519074  3061.14880  
1.02000000  0.02800088  10162.1837  28.2824266  3062.30675  
1.03000000  0.02801777  10163.4788  28.3129285  3063.46108  
1.04000000  0.02803459  10164.7770  28.3434118  3064.61177  
1.05000000  0.02805136  10166.0779  28.3738751  3065.75879  
1.06000000  0.02806805  10167.3816  28.4043172  3066.90212  
1.07000000  0.02808468  10168.6880  28.4347369  3068.04176  
1.08000000  0.02810125  10169.9968  28.4651328  3069.17767  
1.09000000  0.02811775  10171.3081  28.4955039  3070.30984  
1.10000000  0.02813418  10172.6218  28.5258488  3071.43824  
1.11000000  0.02815055  10173.9377  28.5561663  3072.56287  
1.12000000  0.02816686  10175.2557  28.5864554  3073.68371  
1.13000000  0.02818309  10176.5758  28.6167147  3074.80073  
1.14000000  0.02819926  10177.8978  28.6469433  3075.91392  
1.15000000  0.02821537  10179.2217  28.6771398  3077.02327  
1.16000000  0.02823141  10180.5473  28.7073034  3078.12876  
1.17000000  0.02824738  10181.8747  28.7374327  3079.23037  
1.18000000  0.02826329  10183.2036  28.7675268  3080.32809  
1.19000000  0.02827913  10184.5340  28.7975846  3081.42191  
1.20000000  0.02829490  10185.8659  28.8276051  3082.51181  
1.21000000  0.02831061  10187.1991  28.8575871  3083.59778  
1.22000000  0.02832625  10188.5335  28.8875296  3084.67980  
1.23000000  0.02834182  10189.8691  28.9174317  3085.75786  
1.24000000  0.02835733  10191.2058  28.9472923  3086.83195  
1.25000000  0.02837277  10192.5435  28.9771105  3087.90207  
1.26000000  0.02838814  10193.8821  29.0068853  3088.96819  
1.27000000  0.02840344  10195.2215  29.0366157  3090.03030  
1.28000000  0.02841868  10196.5618  29.0663008  3091.08840  
1.29000000  0.02843386  10197.9027  29.0959397  3092.14248  
1.30000000  0.02844896  10199.2442  29.1255314  3093.19252  
1.31000000  0.02846400  10200.5863  29.1550751  3094.23852  
1.32000000  0.02847897  10201.9289  29.1845698  3095.28046  
1.33000000  0.02849387  10203.2718  29.2140147  3096.31834  
1.34000000  0.02850871  10204.6151  29.2434089  3097.35215  
1.35000000  0.02852348  10205.9587  29.2727516  3098.38189  
1.36000000  0.02853818  10207.3024  29.3020419  3099.40753  
1.37000000  0.02855282  10208.6463  29.3312790  3100.42908  
1.38000000  0.02856738  10209.9902  29.3604620  3101.44653  
1.39000000  0.02858188  10211.3341  29.3895902  3102.45987  
1.40000000  0.02859632  10212.6779  29.4186627  3103.46909  
1.41000000  0.02861068  10214.0216  29.4476788  3104.47419  
1.42000000  0.02862498  10215.3651  29.4766378  3105.47517  
1.43000000  0.02863921  10216.7083  29.5055388  3106.47201  
1.44000000  0.02865338  10218.0512  29.5343811  3107.46471  
1.45000000  0.02866748  10219.3936  29.5631639  3108.45327  
1.46000000  0.02868151  10220.7357  29.5918866  3109.43768  
1.47000000  0.02869547  10222.0772  29.6205485  3110.41745  
1.48000000  0.02870937  10223.4182  29.6491488  3111.39360  
1.49000000  0.02872319  10224.7585  29.6776868  3112.36559  
1.50000000  0.02873696  10226.0982  29.7061619  3113.33341  
1.51000000  0.02875065  10227.4371  29.7345733  3114.29705  
1.52000000  0.02876428  10228.7752  29.7629204  3115.25653  
1.53000000  0.02877784  10230.1125  29.7912026  3116.21183  
1.54000000  0.02879134  10231.4489  29.8194191  3117.16295  
1.55000000  0.02880476  10232.7843  29.8475694  3118.10989  
1.56000000  0.02881812  10234.1187  29.8756529  3119.05264  
1.57000000  0.02883142  10235.4520  29.9036688  3119.99121  
1.58000000  0.02884464  10236.7842  29.9316167  3120.92560  
1.59000000  0.02885781  10238.1153  29.9594959  3121.85580  
1.60000000  0.02887090  10239.4452  29.9873058  3122.78180  
1.61000000  0.02888393  10240.7738  30.0150459  3123.70362  
1.62000000  0.02889689  10242.1010  30.0427156  3124.62125  
1.63000000  0.02890978  10243.4270  30.0703143  3125.53468  
1.64000000  0.02892261  10244.7515  30.0978416  3126.44392  
1.65000000  0.02893538  10246.0746  30.1252967  3127.34898  
1.66000000  0.02894807  10247.3962  30.1526793  3128.24984  
1.67000000  0.02896070  10248.7162  30.1799887  3129.14651  
1.68000000  0.02897327  10250.0346  30.2072245  3130.03899  
1.69000000  0.02898576  10251.3515  30.2343862  3130.92728  
1.70000000  0.02899820  10252.6666  30.2614732  3131.81138  
1.71000000  0.02901056  10253.9801  30.2884852  3132.69130  
1.72000000  0.02902286  10255.2918  30.3154215  3133.56703  
1.73000000  0.02903510  10256.6016  30.3422817  3134.43857  
1.74000000  0.02904727  10257.9097  30.3690654  3135.30594  
1.75000000  0.02905937  10259.2159  30.3957721  3136.16912  
1.76000000  0.02907141  10260.5201  30.4224014  3137.02813  
1.77000000  0.02908339  10261.8224  30.4489527  3137.88296  
1.78000000  0.02909530  10263.1227  30.4754257  3138.73361  
1.79000000  0.02910714  10264.4210  30.5018200  3139.58010  
1.80000000  0.02911892  10265.7172  30.5281351  3140.42242  
1.81000000  0.02913063  10267.0112  30.5543706  3141.26057  
1.82000000  0.02914228  10268.3032  30.5805261  3142.09456  
1.83000000  0.02915387  10269.5929  30.6066013  3142.92440  
1.84000000  0.02916539  10270.8805  30.6325956  3143.75008  
1.85000000  0.02917684  10272.1658  30.6585088  3144.57161  
1.86000000  0.02918824  10273.4488  30.6843405  3145.38899  
1.87000000  0.02919956  10274.7294  30.7100903  3146.20223  
1.88000000  0.02921083  10276.0078  30.7357578  3147.01133  
1.89000000  0.02922203  10277.2837  30.7613427  3147.81630  
1.90000000  0.02923316  10278.5572  30.7868446  3148.61714  
1.91000000  0.02924423  10279.8283  30.8122632  3149.41385  
1.92000000  0.02925524  10281.0969  30.8375982  3150.20644  
1.93000000  0.02926619  10282.3629  30.8628492  3150.99544  
1.94000000  0.02927707  10283.6264  30.8880159  3151.77985  
1.95000000  0.02928789  10284.8874  30.9130979  3152.56015  
1.96000000  0.02929864  10286.1457  30.9380950  3153.33636  
1.97000000  0.02930934  10287.4014  30.9630070  3154.10847  
1.98000000  0.02931997  10288.6544  30.9878334  3154.87649  
1.99000000  0.02933053  10289.9048  31.0125740  3155.64044  
2.00000000  0.02934104  10291.1524  31.0372285  3156.40031  
2.01000000  0.02935148  10292.3972  31.0617967  3157.15610  
2.02000000  0.02936186  10293.6393  31.0862783  3157.90784  
2.03000000  0.02937218  10294.8786  31.1106730  3158.65551  
2.04000000  0.02938244  10296.1151  31.1349805  3159.39914  
2.05000000  0.02939263  10297.3487  31.1592006  3160.13872  
2.06        0.02940276  10298.5794  31.1833331  3160.87426  
2.07        0.02941283  10299.8072  31.2073777  3161.60578  
2.07999999  0.02942284  10301.0320  31.2313342  3162.33326  
2.08999999  0.02943279  10302.2540  31.2552023  3163.05673  
2.09999999  0.02944268  10303.4729  31.2789819  3163.77619  
2.10999999  0.02945250  10304.6889  31.3026738  3164.49166  
2.11999999  0.02946227  10305.9020  31.3262775  3165.20315  
2.12999999  0.02947198  10307.1120  31.3497919  3165.91063  
2.13999999  0.02948162  10308.3189  31.3732167  3166.61414  
2.14999999  0.02949120  10309.5227  31.3965518  3167.31367  
2.15999999  0.02950073  10310.7234  31.4197969  3168.00923  
2.16999999  0.02951019  10311.9209  31.4429519  3168.70084  
2.17999999  0.02951960  10313.1152  31.4660166  3169.38849  
2.18999999  0.02952894  10314.3064  31.4889909  3170.07219  
2.19999999  0.02953822  10315.4943  31.5118745  3170.75196  
2.20999999  0.02954745  10316.6790  31.5346674  3171.42780  
2.21999999  0.02955662  10317.8604  31.5573693  3172.09973  
2.22999999  0.02956572  10319.0386  31.5799802  3172.76774  
2.23999999  0.02957477  10320.2135  31.6024999  3173.43185  
2.24999999  0.02958376  10321.3850  31.6249282  3174.09207  
2.25999999  0.02959269  10322.5532  31.6472651  3174.74840  
2.26999999  0.02960156  10323.7181  31.6695103  3175.40085  
2.27999999  0.02961038  10324.8796  31.6916638  3176.04944  
2.28999999  0.02961913  10326.0377  31.7137255  3176.69417  
2.29999999  0.02962783  10327.1925  31.7356952  3177.33505  
2.30999999  0.02963647  10328.3438  31.7575728  3177.97209  
2.31999999  0.02964505  10329.4916  31.7793582  3178.60530  
2.32999999  0.02965358  10330.6361  31.8010513  3179.23469  
2.33999999  0.02966205  10331.7770  31.8226521  3179.86026  
2.34999999  0.02967046  10332.9145  31.8441604  3180.48203  
2.35999999  0.02967881  10334.0484  31.8655762  3181.10001  
2.36999999  0.02968711  10335.1789  31.8868993  3181.71420  
2.37999999  0.02969535  10336.3058  31.9081297  3182.32462  
2.38999999  0.02970354  10337.4292  31.9292673  3182.93127  
2.39999999  0.02971167  10338.5490  31.9503121  3183.53417  
2.40999999  0.02971974  10339.6653  31.9712639  3184.13332  
2.41999999  0.02972775  10340.7779  31.9921227  3184.72874  
2.42999999  0.02973572  10341.8870  32.0128885  3185.32043  
2.43999999  0.02974362  10342.9924  32.0335607  3185.90840  
2.44999999  0.02975147  10344.0942  32.0541403  3186.49267  
2.45999999  0.02975927  10345.1924  32.0746267  3187.07324  
2.46999999  0.02976701  10346.2869  32.0950199  3187.65013  
2.47999999  0.02977469  10347.3778  32.1153198  3188.22334  
2.48999999  0.02978232  10348.4650  32.1355263  3188.79289  
2.49999999  0.02978990  10349.5485  32.1556396  3189.35878  
2.50999999  0.02979742  10350.6283  32.1756595  3189.92103  
2.51999999  0.02980489  10351.7044  32.1955860  3190.47964  
2.52999999  0.02981231  10352.7768  32.2154192  3191.03464  
2.53999999  0.02981967  10353.8454  32.2351589  3191.58601  
2.54999999  0.02982698  10354.9103  32.2548052  3192.13379  
2.55999999  0.02983423  10355.9714  32.2743581  3192.67798  
2.56999999  0.02984143  10357.0288  32.2938176  3193.21858  
2.57999999  0.02984858  10358.0824  32.3131836  3193.75562  
2.58999999  0.02985568  10359.1322  32.3324562  3194.28909  
2.59999999  0.02986272  10360.1782  32.3516354  3194.81902  
2.60999999  0.02986971  10361.2204  32.3707213  3195.34541  
2.61999999  0.02987665  10362.2588  32.3897137  3195.86827  
2.62999999  0.02988354  10363.2933  32.4086128  3196.38762  
2.63999999  0.02989037  10364.3241  32.4274185  3196.90346  
2.64999999  0.02989716  10365.3510  32.4461309  3197.41581  
2.65999999  0.02990389  10366.3740  32.4647500  3197.92468  
2.66999999  0.02991057  10367.3932  32.4832759  3198.43007  
2.67999999  0.02991720  10368.4085  32.5017086  3198.93201  
2.68999999  0.02992378  10369.4200  32.5200480  3199.43050  
2.69999999  0.02993031  10370.4275  32.5382944  3199.92555  
2.70999999  0.02993679  10371.4312  32.5564476  3200.41717  
2.71999999  0.02994322  10372.4310  32.5745079  3200.90538  
2.72999999  0.02994959  10373.4269  32.5924751  3201.39019  
2.73999999  0.02995592  10374.4189  32.6103494  3201.87160  
2.74999999  0.02996220  10375.4069  32.6281308  3202.34963  
2.75999999  0.02996843  10376.3911  32.6458195  3202.82430  
2.76999999  0.02997461  10377.3713  32.6634154  3203.29560  
2.77999999  0.02998074  10378.3476  32.6809186  3203.76356  
2.78999999  0.02998683  10379.3199  32.6983292  3204.22819  
2.79999999  0.02999286  10380.2883  32.7156473  3204.68949  
2.80999999  0.02999885  10381.2528  32.7328729  3205.14748  
2.81999999  0.03000478  10382.2133  32.7500062  3205.60218  
2.82999999  0.03001067  10383.1698  32.7670472  3206.05358  
2.83999999  0.03001651  10384.1222  32.7839936  3206.50168  
2.84999999  0.03002231  10385.0705  32.8008479  3206.94652  
2.85999999  0.03002805  10386.0149  32.8176102  3207.38811  
2.86999999  0.03003375  10386.9554  32.8342805  3207.82646  
2.87999999  0.03003941  10387.8918  32.8508588  3208.26158  
2.88999999  0.03004501  10388.8242  32.8673454  3208.69348  
2.89999999  0.03005057  10389.7526  32.8837403  3209.12217  
2.90999999  0.03005608  10390.6771  32.9000437  3209.54768  
2.91999999  0.03006155  10391.5975  32.9162556  3209.97000  
2.92999999  0.03006697  10392.5139  32.9323761  3210.38915  
2.93999999  0.03007234  10393.4263  32.9484054  3210.80515  
2.94999999  0.03007767  10394.3347  32.9643436  3211.21800  
2.95999999  0.03008295  10395.2391  32.9801908  3211.62772  
2.96999999  0.03008819  10396.1395  32.9959471  3212.03431  
2.97999999  0.03009339  10397.0358  33.0116127  3212.43780  
2.98999999  0.03009853  10397.9281  33.0271876  3212.83819  
2.99999999  0.03010364  10398.8164  33.0426721  3213.23550  
3.00999999  0.03010870  10399.7007  33.0580662  3213.62973  
3.01999999  0.03011371  10400.5809  33.0733701  3214.02091  
3.02999999  0.03011868  10401.4571  33.0885840  3214.40903  
3.03999999  0.03012361  10402.3293  33.1037079  3214.79412  
3.04999999  0.03012849  10403.1974  33.1187420  3215.17619  
3.05999999  0.03013333  10404.0615  33.1336864  3215.55524  
3.06999999  0.03013813  10404.9216  33.1485414  3215.93130  
3.07999999  0.03014288  10405.7776  33.1633070  3216.30437  
3.08999999  0.03014759  10406.6296  33.1779834  3216.67446  
3.09999999  0.03015226  10407.4775  33.1925708  3217.04159  
3.10999999  0.03015689  10408.3215  33.2070693  3217.40577  
 solver exceeded maximu number of iterations

3.11999999  0.03016147  10409.1613  33.2214789  3217.76701  
g.NS.time   B1.FAR      S1.N        B1.Wfuel    FNo.Tt      
0.0         0.025       10000.0     23.75       2863.15062  
0.0         0.025       9999.83112  23.7486208  2863.12424  
0.0         0.025       9999.77359  23.7479159  2863.11542  
0.0         0.026       9999.77359  23.7479159  2863.11542  
0.0         0.026       10074.7854  25.4210742  2932.74092  
0.0         0.028       10156.7910  27.2190876  3002.53917  
0.0         0.03        10246.2299  29.1540940  3072.50763  
0.01        0.02602126  10074.8168  25.4421446  2934.01284  
0.02        0.02604251  10074.8723  25.4634148  2935.28712  
0.03        0.02606377  10074.9546  25.4849533  2936.56451  
0.04        0.02608502  10075.0632  25.5067436  2937.84489  
0.05        0.02610627  10075.1977  25.5287815  2939.12814  
0.06000000  0.02612751  10075.3577  25.5510623  2940.41462  
0.07        0.02614874  10075.5427  25.5735812  2941.70319  
0.08        0.02616997  10075.7525  25.5963338  2942.99423  
0.09        0.02619118  10075.9864  25.6193155  2944.28761  
0.09999999  0.02621238  10076.2443  25.6425218  2945.58320  
0.10999999  0.02623357  10076.5256  25.6659482  2946.88089  
0.11999999  0.02625474  10076.8299  25.6895905  2948.18054  
0.12999999  0.02627590  10077.1570  25.7134442  2949.48204  
0.13999999  0.02629704  10077.5064  25.7375052  2950.78527  
0.15        0.02631816  10077.8777  25.7617691  2952.09011  
0.16        0.02633927  10078.2706  25.7862319  2953.39645  
0.17        0.02636036  10078.6847  25.8108894  2954.70417  
0.18000000  0.02638142  10079.1197  25.8357375  2956.01317  
0.19000000  0.02640247  10079.5751  25.8607723  2957.32333  
0.20000000  0.02642349  10080.0507  25.8859898  2958.63455  
0.21000000  0.02644449  10080.5462  25.9113861  2959.94672  
0.22000000  0.02646546  10081.0610  25.9369573  2961.25974  
0.23000000  0.02648641  10081.5950  25.9626995  2962.57350  
0.24000000  0.02650733  10082.1478  25.9886092  2963.88790  
0.25000000  0.02652822  10082.7191  26.0146824  2965.20285  
0.26000000  0.02654908  10083.3085  26.0409156  2966.51824  
0.27000000  0.02656992  10083.9158  26.0673051  2967.83397  
0.28000000  0.02659072  10084.5406  26.0938474  2969.14996  


g.NS.time   S1.L        Mass.xloc   
0.01        13.9999196  13.9999196  
0.02        13.9995984  13.9995984  
0.03        13.9989569  13.9989569  
0.04        13.9979964  13.9979964  
0.05        13.9967182  13.9967182  
0.06000000  13.9951236  13.9951236  
0.07        13.9932143  13.9932143  
0.08        13.9909919  13.9909919  
0.09        13.9884580  13.9884580  
0.09999999  13.9856145  13.9856145  
0.10999999  13.9824634  13.9824634  
0.11999999  13.9790065  13.9790065  
0.12999999  13.9752461  13.9752461  
0.13999999  13.9711843  13.9711843  
0.15        13.9668233  13.9668233  
0.16        13.9621655  13.9621655  
0.17        13.9572134  13.9572134  
0.18000000  13.9519696  13.9519696  
0.19000000  13.9464365  13.9464365  
0.20000000  13.9406171  13.9406171  
0.21000000  13.9345139  13.9345139  
0.22000000  13.9281300  13.9281300  
0.23000000  13.9214682  13.9214682  
0.24000000  13.9145317  13.9145317  
0.25000000  13.9073234  13.9073234  
0.26000000  13.8998467  13.8998467  
0.27000000  13.8921047  13.8921047  
0.28000000  13.8841009  13.8841009  
0.29000000  13.8758386  13.8758386  
0.30000000  13.8673213  13.8673213  
0.31000000  13.8585525  13.8585525  
0.32000000  13.8495360  13.8495360  
0.33000000  13.8402754  13.8402754  
0.34000000  13.8307744  13.8307744  
0.35000000  13.8210369  13.8210369  
0.36000000  13.8110668  13.8110668  
0.37000000  13.8008680  13.8008680  
0.38000000  13.7904446  13.7904446  
0.39000000  13.7798005  13.7798005  
0.40000000  13.7689400  13.7689400  
0.41000000  13.7578673  13.7578673  
0.42000000  13.7465865  13.7465865  
0.43000000  13.7351019  13.7351019  
0.44000000  13.7234180  13.7234180  
0.45000000  13.7115391  13.7115391  
0.46000000  13.6994697  13.6994697  
0.47000000  13.6872142  13.6872142  
0.48000000  13.6747772  13.6747772  
0.49000000  13.6621633  13.6621633  
0.50000000  13.6493770  13.6493770  
0.51000000  13.6364231  13.6364231  
0.52000000  13.6233063  13.6233063  
0.53000000  13.6100313  13.6100313  
0.54000000  13.5966028  13.5966028  
0.55000000  13.5830257  13.5830257  
0.56000000  13.5693049  13.5693049  
0.57000000  13.5554451  13.5554451  
0.58000000  13.5414514  13.5414514  
0.59000000  13.5273286  13.5273286  
0.60000000  13.5130817  13.5130817  
0.61000000  13.4987156  13.4987156  
0.62000000  13.4842354  13.4842354  
0.63000000  13.4696461  13.4696461  
0.64000000  13.4549527  13.4549527  
0.65000000  13.4401603  13.4401603  
0.66000000  13.4252740  13.4252740  
0.67000000  13.4102988  13.4102988  
0.68000000  13.3952398  13.3952398  
0.69000000  13.3801022  13.3801022  
0.70000000  13.3648911  13.3648911  
0.71000000  13.3496116  13.3496116  
0.72000000  13.3342688  13.3342688  
0.73000000  13.3188679  13.3188679  
0.74000000  13.3034140  13.3034140  
0.75000000  13.2879122  13.2879122  
0.76000000  13.2723677  13.2723677  
0.77000000  13.2567856  13.2567856  
0.78000000  13.2411711  13.2411711  
0.79000000  13.2255292  13.2255292  
0.80000000  13.2098652  13.2098652  
0.81000000  13.1941840  13.1941840  
0.82000000  13.1784908  13.1784908  
0.83000000  13.1627906  13.1627906  
0.84000000  13.1470886  13.1470886  
0.85000000  13.1313898  13.1313898  
0.86000000  13.1156993  13.1156993  
0.87000000  13.1000219  13.1000219  
0.88000000  13.0843628  13.0843628  
0.89000000  13.0687270  13.0687270  
0.90000000  13.0531193  13.0531193  
0.91000000  13.0375447  13.0375447  
0.92000000  13.0220081  13.0220081  
0.93000000  13.0065144  13.0065144  
0.94000000  12.9910683  12.9910683  
0.95000000  12.9756748  12.9756748  
0.96000000  12.9603386  12.9603386  
0.97000000  12.9450645  12.9450645  
0.98000000  12.9298571  12.9298571  
0.99000000  12.9147211  12.9147211  
1.00000000  12.8996613  12.8996613  
1.01000000  12.8846820  12.8846820  
1.02000000  12.8697880  12.8697880  
1.03000000  12.8549838  12.8549838  
1.04000000  12.8402737  12.8402737  
1.05000000  12.8256623  12.8256623  
1.06000000  12.8111539  12.8111539  
1.07000000  12.7967528  12.7967528  
1.08000000  12.7824633  12.7824633  
1.09000000  12.7682898  12.7682898  
1.10000000  12.7542362  12.7542362  
1.11000000  12.7403069  12.7403069  
1.12000000  12.7265058  12.7265058  
1.13000000  12.7128370  12.7128370  
1.14000000  12.6993044  12.6993044  
1.15000000  12.6859120  12.6859120  
1.16000000  12.6726636  12.6726636  
1.17000000  12.6595630  12.6595630  
1.18000000  12.6466140  12.6466140  
1.19000000  12.6338202  12.6338202  
1.20000000  12.6211852  12.6211852  
1.21000000  12.6087126  12.6087126  
1.22000000  12.5964059  12.5964059  
1.23000000  12.5842685  12.5842685  
1.24000000  12.5723038  12.5723038  
1.25000000  12.5605150  12.5605150  
1.26000000  12.5489053  12.5489053  
1.27000000  12.5374780  12.5374780  
1.28000000  12.5262362  12.5262362  
1.29000000  12.5151827  12.5151827  
1.30000000  12.5043206  12.5043206  
1.31000000  12.4936528  12.4936528  
1.32000000  12.4831820  12.4831820  
1.33000000  12.4729111  12.4729111  
1.34000000  12.4628426  12.4628426  
1.35000000  12.4529791  12.4529791  
1.36000000  12.4433232  12.4433232  
1.37000000  12.4338772  12.4338772  
1.38000000  12.4246436  12.4246436  
1.39000000  12.4156247  12.4156247  
1.40000000  12.4068226  12.4068226  
1.41000000  12.3982394  12.3982394  
1.42000000  12.3898773  12.3898773  
1.43000000  12.3817382  12.3817382  
1.44000000  12.3738240  12.3738240  
1.45000000  12.3661366  12.3661366  
1.46000000  12.3586776  12.3586776  
1.47000000  12.3514487  12.3514487  
1.48000000  12.3444516  12.3444516  
1.49000000  12.3376877  12.3376877  
1.50000000  12.3311584  12.3311584  
1.51000000  12.3248652  12.3248652  
1.52000000  12.3188092  12.3188092  
1.53000000  12.3129916  12.3129916  
1.54000000  12.3074135  12.3074135  
1.55000000  12.3020761  12.3020761  
1.56000000  12.2969801  12.2969801  
1.57000000  12.2921266  12.2921266  
1.58000000  12.2875161  12.2875161  
1.59000000  12.2831495  12.2831495  
1.60000000  12.2790274  12.2790274  
1.61000000  12.2751504  12.2751504  
1.62000000  12.2715187  12.2715187  
1.63000000  12.2681330  12.2681330  
1.64000000  12.2649933  12.2649933  
1.65000000  12.2621001  12.2621001  
1.66000000  12.2594533  12.2594533  
1.67000000  12.2570531  12.2570531  
1.68000000  12.2548995  12.2548995  
1.69000000  12.2529923  12.2529923  
1.70000000  12.2513313  12.2513313  
1.71000000  12.2499164  12.2499164  
1.72000000  12.2487471  12.2487471  
1.73000000  12.2478231  12.2478231  
1.74000000  12.2471438  12.2471438  
1.75000000  12.2467087  12.2467087  
1.76000000  12.2465172  12.2465172  
1.77000000  12.2465685  12.2465685  
1.78000000  12.2468619  12.2468619  
1.79000000  12.2473964  12.2473964  
1.80000000  12.2481711  12.2481711  
1.81000000  12.2491850  12.2491850  
1.82000000  12.2504370  12.2504370  
1.83000000  12.2519259  12.2519259  
1.84000000  12.2536505  12.2536505  
1.85000000  12.2556095  12.2556095  
1.86000000  12.2578015  12.2578015  
1.87000000  12.2602250  12.2602250  
1.88000000  12.2628785  12.2628785  
1.89000000  12.2657605  12.2657605  
1.90000000  12.2688692  12.2688692  
1.91000000  12.2722029  12.2722029  
1.92000000  12.2757599  12.2757599  
1.93000000  12.2795383  12.2795383  
1.94000000  12.2835361  12.2835361  
1.95000000  12.2877514  12.2877514  
1.96000000  12.2921820  12.2921820  
1.97000000  12.2968260  12.2968260  
1.98000000  12.3016811  12.3016811  
1.99000000  12.3067450  12.3067450  
2.00000000  12.3120156  12.3120156  
2.01000000  12.3174903  12.3174903  
2.02000000  12.3231669  12.3231669  
2.03000000  12.3290427  12.3290427  
2.04000000  12.3351154  12.3351154  
2.05000000  12.3413823  12.3413823  
2.06        12.3478407  12.3478407  
2.07        12.3544880  12.3544880  
2.07999999  12.3613215  12.3613215  
2.08999999  12.3683383  12.3683383  
2.09999999  12.3755356  12.3755356  
2.10999999  12.3829105  12.3829105  
2.11999999  12.3904600  12.3904600  
2.12999999  12.3981813  12.3981813  
2.13999999  12.4060711  12.4060711  
2.14999999  12.4141266  12.4141266  
2.15999999  12.4223444  12.4223444  
2.16999999  12.4307216  12.4307216  
2.17999999  12.4392548  12.4392548  
2.18999999  12.4479408  12.4479408  
2.19999999  12.4567764  12.4567764  
2.20999999  12.4657582  12.4657582  
2.21999999  12.4748828  12.4748828  
2.22999999  12.4841470  12.4841470  
2.23999999  12.4935471  12.4935471  
2.24999999  12.5030799  12.5030799  
2.25999999  12.5127418  12.5127418  
2.26999999  12.5225292  12.5225292  
2.27999999  12.5324386  12.5324386  
2.28999999  12.5424665  12.5424665  
2.29999999  12.5526093  12.5526093  
2.30999999  12.5628632  12.5628632  
2.31999999  12.5732247  12.5732247  
2.32999999  12.5836901  12.5836901  
2.33999999  12.5942557  12.5942557  
2.34999999  12.6049177  12.6049177  
2.35999999  12.6156725  12.6156725  
2.36999999  12.6265163  12.6265163  
2.37999999  12.6374452  12.6374452  
2.38999999  12.6484556  12.6484556  
2.39999999  12.6595435  12.6595435  
2.40999999  12.6707053  12.6707053  
2.41999999  12.6819370  12.6819370  
2.42999999  12.6932349  12.6932349  
2.43999999  12.7045951  12.7045951  
2.44999999  12.7160137  12.7160137  
2.45999999  12.7274869  12.7274869  
2.46999999  12.7390108  12.7390108  
2.47999999  12.7505816  12.7505816  
2.48999999  12.7621953  12.7621953  
2.49999999  12.7738482  12.7738482  
2.50999999  12.7855363  12.7855363  
2.51999999  12.7972558  12.7972558  
2.52999999  12.8090027  12.8090027  
2.53999999  12.8207734  12.8207734  
2.54999999  12.8325637  12.8325637  
2.55999999  12.8443700  12.8443700  
2.56999999  12.8561884  12.8561884  
2.57999999  12.8680150  12.8680150  
2.58999999  12.8798461  12.8798461  
2.59999999  12.8916777  12.8916777  
2.60999999  12.9035061  12.9035061  
2.61999999  12.9153275  12.9153275  
2.62999999  12.9271381  12.9271381  
2.63999999  12.9389342  12.9389342  
2.64999999  12.9507120  12.9507120  
2.65999999  12.9624678  12.9624678  
2.66999999  12.9741978  12.9741978  
2.67999999  12.9858985  12.9858985  
2.68999999  12.9975660  12.9975660  
2.69999999  13.0091969  13.0091969  
2.70999999  13.0207873  13.0207873  
2.71999999  13.0323339  13.0323339  
2.72999999  13.0438329  13.0438329  
2.73999999  13.0552809  13.0552809  
2.74999999  13.0666743  13.0666743  
2.75999999  13.0780097  13.0780097  
2.76999999  13.0892835  13.0892835  
2.77999999  13.1004924  13.1004924  
2.78999999  13.1116330  13.1116330  
2.79999999  13.1227018  13.1227018  
2.80999999  13.1336957  13.1336957  
2.81999999  13.1446112  13.1446112  
2.82999999  13.1554452  13.1554452  
2.83999999  13.1661943  13.1661943  
2.84999999  13.1768555  13.1768555  
2.85999999  13.1874255  13.1874255  
2.86999999  13.1979014  13.1979014  
2.87999999  13.2082799  13.2082799  
2.88999999  13.2185581  13.2185581  
2.89999999  13.2287330  13.2287330  
2.90999999  13.2388017  13.2388017  
2.91999999  13.2487613  13.2487613  
2.92999999  13.2586088  13.2586088  
2.93999999  13.2683416  13.2683416  
2.94999999  13.2779568  13.2779568  
2.95999999  13.2874518  13.2874518  
2.96999999  13.2968239  13.2968239  
2.97999999  13.3060704  13.3060704  
2.98999999  13.3151888  13.3151888  
2.99999999  13.3241765  13.3241765  
3.00999999  13.3330312  13.3330312  
3.01999999  13.3417504  13.3417504  
3.02999999  13.3503316  13.3503316  
3.03999999  13.3587727  13.3587727  
3.04999999  13.3670713  13.3670713  
3.05999999  13.3752252  13.3752252  
3.06999999  13.3832323  13.3832323  
3.07999999  13.3910904  13.3910904  
3.08999999  13.3987976  13.3987976  
3.09999999  13.4063518  13.4063518  
3.10999999  13.4137511  13.4137511  
3.11999999  13.4209936  13.4209936  
3.12999999  13.4280775  13.4280775  
3.13999999  13.4350011  13.4350011  
3.14999999  13.4417625  13.4417625  
3.15999999  13.4483602  13.4483602  
3.16999999  13.4547925  13.4547925  
3.17999999  13.4610580  13.4610580  
3.18999999  13.4671551  13.4671551  
3.19999999  13.4730825  13.4730825  
3.20999999  13.4788387  13.4788387  
3.21999999  13.4844225  13.4844225  
3.22999999  13.4898326  13.4898326  
3.23999999  13.4950679  13.4950679  
3.24999999  13.5001272  13.5001272  
3.25999999  13.5050095  13.5050095  
3.26999999  13.5097137  13.5097137  
3.27999999  13.5142390  13.5142390  
3.28999999  13.5185844  13.5185844  
3.29999999  13.5227491  13.5227491  
3.30999999  13.5267324  13.5267324  
3.31999999  13.5305336  13.5305336  
3.32999999  13.5341520  13.5341520  
3.33999999  13.5375871  13.5375871  
3.34999999  13.5408384  13.5408384  
3.35999999  13.5439053  13.5439053  
3.36999999  13.5467875  13.5467875  
3.37999999  13.5494847  13.5494847  
3.38999999  13.5519966  13.5519966  
3.39999999  13.5543229  13.5543229  
3.40999999  13.5564636  13.5564636  
3.41999999  13.5584186  13.5584186  
3.42999999  13.5601877  13.5601877  
3.43999999  13.5617711  13.5617711  
3.44999999  13.5631688  13.5631688  
3.45999999  13.5643810  13.5643810  
3.46999999  13.5654079  13.5654079  
3.47999999  13.5662497  13.5662497  
3.48999999  13.5669067  13.5669067  
3.49999999  13.5673795  13.5673795  
3.50999999  13.5676683  13.5676683  
3.51999999  13.5677737  13.5677737  
3.52999999  13.5676962  13.5676962  
3.53999999  13.5674366  13.5674366  
3.54999999  13.5669953  13.5669953  
3.55999999  13.5663732  13.5663732  
3.56999999  13.5655710  13.5655710  
3.57999999  13.5645896  13.5645896  
3.58999999  13.5634299  13.5634299  
3.59999999  13.5620928  13.5620928  
3.60999999  13.5605793  13.5605793  
3.61999999  13.5588904  13.5588904  
3.62999999  13.5570273  13.5570273  
3.63999999  13.5549912  13.5549912  
3.64999999  13.5527832  13.5527832  
3.65999999  13.5504046  13.5504046  
3.66999999  13.5478567  13.5478567  
3.67999999  13.5451409  13.5451409  
3.68999999  13.5422585  13.5422585  
3.69999999  13.5392112  13.5392112  
3.70999999  13.5360003  13.5360003  
3.71999999  13.5326274  13.5326274  
3.72999999  13.5290941  13.5290941  
3.73999999  13.5254021  13.5254021  
3.74999999  13.5215531  13.5215531  
3.75999999  13.5175488  13.5175488  
3.76999999  13.5133910  13.5133910  
3.77999999  13.5090816  13.5090816  
3.78999999  13.5046223  13.5046223  
3.79999999  13.5000152  13.5000152  
3.80999999  13.4952621  13.4952621  
3.81999999  13.4903652  13.4903652  
3.82999999  13.4853263  13.4853263  
3.83999999  13.4801476  13.4801476  
3.84999999  13.4748312  13.4748312  
3.85999999  13.4693793  13.4693793  
3.86999999  13.4637940  13.4637940  
3.87999999  13.4580776  13.4580776  
3.88999999  13.4522323  13.4522323  
3.89999999  13.4462604  13.4462604  
3.90999999  13.4401642  13.4401642  
3.91999999  13.4339462  13.4339462  
3.92999999  13.4276086  13.4276086  
3.93999999  13.4211540  13.4211540  
3.94999999  13.4145847  13.4145847  
3.95999999  13.4079033  13.4079033  
3.96999999  13.4011123  13.4011123  
3.97999999  13.3942141  13.3942141  
3.98999999  13.3872114  13.3872114  
3.99999999  13.3801067  13.3801067  
4.00999999  13.3729026  13.3729026  
4.01999999  13.3656019  13.3656019  
4.02999999  13.3582071  13.3582071  
4.03999999  13.3507209  13.3507209  
4.04999999  13.3431461  13.3431461  
4.05999999  13.3354852  13.3354852  
4.06999999  13.3277412  13.3277412  
4.07999999  13.3199167  13.3199167  
4.08999999  13.3120145  13.3120145  
4.09999999  13.3040375  13.3040375  
4.10999999  13.2959883  13.2959883  
4.11999999  13.2878698  13.2878698  
4.12999999  13.2796850  13.2796850  
4.13999999  13.2714365  13.2714365  
4.14999999  13.2631273  13.2631273  
4.15999999  13.2547602  13.2547602  
4.16999999  13.2463381  13.2463381  
4.17999999  13.2378639  13.2378639  
4.18999999  13.2293405  13.2293405  
4.19999999  13.2207707  13.2207707  
4.20999999  13.2121575  13.2121575  
4.21999999  13.2035039  13.2035039  
4.22999999  13.1948126  13.1948126  
4.23999999  13.1860866  13.1860866  
4.24999999  13.1773289  13.1773289  
4.25999999  13.1685423  13.1685423  
4.26999999  13.1597298  13.1597298  
4.27999999  13.1508942  13.1508942  
4.28999999  13.1420386  13.1420386  
4.29999999  13.1331658  13.1331658  
4.30999999  13.1242786  13.1242786  
4.31999999  13.1153801  13.1153801  
4.32999999  13.1064732  13.1064732  
4.33999999  13.0975606  13.0975606  
4.34999999  13.0886453  13.0886453  
4.35999999  13.0797302  13.0797302  
4.36999999  13.0708181  13.0708181  
4.37999999  13.0619119  13.0619119  
4.38999999  13.0530144  13.0530144  
4.39999999  13.0441284  13.0441284  
4.40999999  13.0352569  13.0352569  
4.41999999  13.0264025  13.0264025  
4.42999999  13.0175681  13.0175681  
4.43999999  13.0087565  13.0087565  
4.44999999  12.9999704  12.9999704  
4.45999999  12.9912125  12.9912125  
4.46999999  12.9824856  12.9824856  
4.47999999  12.9737924  12.9737924  
4.48999999  12.9651355  12.9651355  
4.49999999  12.9565177  12.9565177  
4.50999999  12.9479416  12.9479416  
4.51999999  12.9394098  12.9394098  
4.52999999  12.9309249  12.9309249  
4.53999999  12.9224894  12.9224894  
4.54999999  12.9141060  12.9141060  
4.55999999  12.9057772  12.9057772  
4.56999999  12.8975054  12.8975054  
4.57999999  12.8892931  12.8892931  
4.58999999  12.8811429  12.8811429  
4.59999999  12.8730570  12.8730570  
4.60999999  12.8650380  12.8650380  
4.61999999  12.8570881  12.8570881  
4.62999999  12.8492097  12.8492097  
4.63999999  12.8414051  12.8414051  
4.64999999  12.8336765  12.8336765  
4.65999999  12.8260263  12.8260263  
4.66999999  12.8184566  12.8184566  
4.67999999  12.8109696  12.8109696  
4.68999999  12.8035674  12.8035674  
4.69999999  12.7962522  12.7962522  
4.70999999  12.7890259  12.7890259  
4.71999999  12.7818908  12.7818908  
4.72999999  12.7748486  12.7748486  
4.73999999  12.7679015  12.7679015  
4.74999999  12.7610513  12.7610513  
4.75999999  12.7543000  12.7543000  
4.76999999  12.7476493  12.7476493  
4.77999999  12.7411012  12.7411012  
4.78999999  12.7346573  12.7346573  
4.79999999  12.7283194  12.7283194  
4.80999999  12.7220892  12.7220892  
4.81999999  12.7159684  12.7159684  
4.82999999  12.7099586  12.7099586  
4.83999999  12.7040613  12.7040613  
4.84999999  12.6982782  12.6982782  
4.85999999  12.6926106  12.6926106  
4.86999999  12.6870600  12.6870600  
4.87999999  12.6816278  12.6816278  
4.88999999  12.6763155  12.6763155  
4.89999999  12.6711243  12.6711243  
4.90999999  12.6660555  12.6660555  
4.91999999  12.6611104  12.6611104  
4.92999999  12.6562901  12.6562901  
4.93999999  12.6515957  12.6515957  
4.94999999  12.6470285  12.6470285  
4.95999999  12.6425894  12.6425894  
4.96999999  12.6382794  12.6382794  
4.97999999  12.6340996  12.6340996  
4.98999999  12.6300509  12.6300509  
4.99999999  12.6261341  12.6261341  
5.00999999  12.6223500  12.6223500  
5.01999999  12.6186996  12.6186996  
5.02999999  12.6151834  12.6151834  
5.03999999  12.6118022  12.6118022  
5.04999999  12.6085567  12.6085567  
5.05999999  12.6054475  12.6054475  
5.06999999  12.6024751  12.6024751  
5.07999999  12.5996400  12.5996400  
5.08999999  12.5969427  12.5969427  
5.09999999  12.5943837  12.5943837  
5.10999999  12.5919633  12.5919633  
5.11999999  12.5896818  12.5896818  
5.12999999  12.5875396  12.5875396  
5.13999999  12.5855368  12.5855368  
5.14999999  12.5836738  12.5836738  
5.15999999  12.5819505  12.5819505  
5.16999999  12.5803671  12.5803671  
5.17999999  12.5789238  12.5789238  
5.18999999  12.5776204  12.5776204  
5.19999999  12.5764570  12.5764570  
5.20999999  12.5754335  12.5754335  
5.21999999  12.5745498  12.5745498  
5.22999999  12.5738056  12.5738056  
5.23999999  12.5732009  12.5732009  
5.24999999  12.5727353  12.5727353  
5.25999999  12.5724086  12.5724086  
5.26999999  12.5722203  12.5722203  
5.27999999  12.5721702  12.5721702  
5.28999999  12.5722577  12.5722577  
5.29999999  12.5724825  12.5724825  
5.30999999  12.5728440  12.5728440  
5.31999999  12.5733416  12.5733416  
5.32999999  12.5739748  12.5739748  
5.33999999  12.5747429  12.5747429  
5.34999999  12.5756453  12.5756453  
5.35999999  12.5766811  12.5766811  
5.36999999  12.5778497  12.5778497  
5.37999999  12.5791502  12.5791502  
5.38999999  12.5805819  12.5805819  
5.39999999  12.5821437  12.5821437  
5.40999999  12.5838349  12.5838349  
5.41999999  12.5856544  12.5856544  
5.42999999  12.5876013  12.5876013  
5.43999999  12.5896744  12.5896744  
5.44999999  12.5918728  12.5918728  
5.45999999  12.5941954  12.5941954  
5.46999999  12.5966409  12.5966409  
5.47999999  12.5992082  12.5992082  
5.48999999  12.6018961  12.6018961  
5.49999999  12.6047033  12.6047033  
5.50999999  12.6076286  12.6076286  
5.51999999  12.6106706  12.6106706  
5.52999999  12.6138280  12.6138280  
5.53999999  12.6170994  12.6170994  
5.54999999  12.6204833  12.6204833  
5.55999999  12.6239783  12.6239783  
5.56999999  12.6275830  12.6275830  
5.57999999  12.6312959  12.6312959  
5.58999999  12.6351153  12.6351153  
5.59999999  12.6390397  12.6390397  
5.60999999  12.6430676  12.6430676  
5.61999999  12.6471972  12.6471972  
5.62999999  12.6514270  12.6514270  
5.63999999  12.6557552  12.6557552  
5.64999999  12.6601802  12.6601802  
5.65999999  12.6647001  12.6647001  
5.66999999  12.6693134  12.6693134  
5.67999999  12.6740181  12.6740181  
5.68999999  12.6788125  12.6788125  
5.69999999  12.6836947  12.6836947  
5.70999999  12.6886629  12.6886629  
5.71999999  12.6937152  12.6937152  
5.72999999  12.6988497  12.6988497  
5.73999999  12.7040645  12.7040645  
5.74999999  12.7093577  12.7093577  
5.75999999  12.7147273  12.7147273  
5.76999999  12.7201714  12.7201714  
5.77999999  12.7256879  12.7256879  
5.78999999  12.7312748  12.7312748  
5.79999999  12.7369302  12.7369302  
5.80999999  12.7426520  12.7426520  
5.81999999  12.7484381  12.7484381  
5.82999999  12.7542864  12.7542864  
5.83999999  12.7601950  12.7601950  
5.84999999  12.7661616  12.7661616  
5.85999999  12.7721842  12.7721842  
5.86999999  12.7782607  12.7782607  
5.87999999  12.7843890  12.7843890  
5.88999999  12.7905668  12.7905668  
5.89999999  12.7967921  12.7967921  
5.90999999  12.8030628  12.8030628  
5.91999999  12.8093766  12.8093766  
5.92999999  12.8157313  12.8157313  
5.93999999  12.8221249  12.8221249  
5.94999999  12.8285551  12.8285551  
5.95999999  12.8350197  12.8350197  
5.96999999  12.8415166  12.8415166  
5.97999999  12.8480435  12.8480435  
5.98999999  12.8545984  12.8545984  
5.99999999  12.8611788  12.8611788  
6.00999999  12.8677828  12.8677828  
6.01999999  12.8744080  12.8744080  
6.02999999  12.8810523  12.8810523  
6.03999999  12.8877135  12.8877135  
6.04999999  12.8943894  12.8943894  
6.05999999  12.9010777  12.9010777  
6.06999999  12.9077764  12.9077764  
6.07999999  12.9144832  12.9144832  
6.08999999  12.9211958  12.9211958  
6.09999999  12.9279123  12.9279123  
6.10999999  12.9346303  12.9346303  
6.11999999  12.9413478  12.9413478  
6.12999999  12.9480625  12.9480625  
6.13999999  12.9547723  12.9547723  
6.14999999  12.9614751  12.9614751  
6.15999999  12.9681687  12.9681687  
6.16999999  12.9748511  12.9748511  
6.17999999  12.9815200  12.9815200  
6.18999999  12.9881735  12.9881735  
6.19999999  12.9948093  12.9948093  
6.20999999  13.0014255  13.0014255  
6.21999999  13.0080200  13.0080200  
6.22999999  13.0145907  13.0145907  
6.23999999  13.0211356  13.0211356  
6.24999999  13.0276526  13.0276526  
6.25999999  13.0341399  13.0341399  
6.26999999  13.0405952  13.0405952  
6.27999999  13.0470168  13.0470168  
6.28999999  13.0534027  13.0534027  
6.29999999  13.0597508  13.0597508  
6.30999999  13.0660593  13.0660593  
6.31999999  13.0723263  13.0723263  
6.32999999  13.0785499  13.0785499  
6.33999999  13.0847283  13.0847283  
6.34999999  13.0908595  13.0908595  
6.35999999  13.0969419  13.0969419  
6.36999999  13.1029735  13.1029735  
6.37999999  13.1089526  13.1089526  
6.38999999  13.1148775  13.1148775  
6.39999999  13.1207464  13.1207464  
6.40999999  13.1265577  13.1265577  
6.41999999  13.1323096  13.1323096  
6.42999999  13.1380004  13.1380004  
6.43999999  13.1436286  13.1436286  
6.44999999  13.1491925  13.1491925  
6.45999999  13.1546906  13.1546906  
6.46999999  13.1601213  13.1601213  
6.47999999  13.1654831  13.1654831  
6.48999999  13.1707744  13.1707744  
6.49999999  13.1759938  13.1759938  
6.50999999  13.1811399  13.1811399  
6.51999999  13.1862112  13.1862112  
6.52999999  13.1912063  13.1912063  
6.53999999  13.1961239  13.1961239  
6.54999999  13.2009627  13.2009627  
6.55999999  13.2057213  13.2057213  
6.56999999  13.2103985  13.2103985  
6.57999999  13.2149930  13.2149930  
6.58999999  13.2195036  13.2195036  
6.59999999  13.2239292  13.2239292  
6.60999999  13.2282686  13.2282686  
6.61999999  13.2325206  13.2325206  
6.62999999  13.2366842  13.2366842  
6.63999999  13.2407584  13.2407584  
6.64999999  13.2447420  13.2447420  
6.65999999  13.2486342  13.2486342  
6.66999999  13.2524340  13.2524340  
6.67999999  13.2561403  13.2561403  
6.68999999  13.2597525  13.2597525  
6.69999999  13.2632695  13.2632695  
6.70999999  13.2666906  13.2666906  
6.71999999  13.2700149  13.2700149  
6.72999999  13.2732418  13.2732418  
6.73999999  13.2763705  13.2763705  
6.74999999  13.2794002  13.2794002  
6.75999999  13.2823304  13.2823304  
6.76999999  13.2851605  13.2851605  
6.77999999  13.2878898  13.2878898  
6.78999999  13.2905177  13.2905177  
6.79999999  13.2930438  13.2930438  
6.80999999  13.2954676  13.2954676  
6.81999999  13.2977886  13.2977886  
6.82999999  13.3000065  13.3000065  
6.83999999  13.3021208  13.3021208  
6.84999999  13.3041311  13.3041311  
6.85999999  13.3060372  13.3060372  
6.86999999  13.3078389  13.3078389  
6.87999999  13.3095357  13.3095357  
6.88999999  13.3111276  13.3111276  
6.89999999  13.3126144  13.3126144  
6.90999999  13.3139959  13.3139959  
6.91999999  13.3152721  13.3152721  
6.92999999  13.3164428  13.3164428  
6.93999999  13.3175080  13.3175080  
6.94999999  13.3184677  13.3184677  
6.95999999  13.3193219  13.3193219  
6.96999999  13.3200708  13.3200708  
6.97999999  13.3207144  13.3207144  
6.98999999  13.3212528  13.3212528  
6.99999999  13.3216862  13.3216862  
7.00999999  13.3220148  13.3220148  
7.01999999  13.3222388  13.3222388  
7.02999999  13.3223585  13.3223585  
7.03999999  13.3223742  13.3223742  
7.04999999  13.3222863  13.3222863  
7.05999999  13.3220950  13.3220950  
7.06999999  13.3218008  13.3218008  
7.07999999  13.3214041  13.3214041  
7.08999999  13.3209053  13.3209053  
7.09999999  13.3203050  13.3203050  
7.10999999  13.3196037  13.3196037  
7.11999999  13.3188018  13.3188018  
7.12999999  13.3179001  13.3179001  
7.13999999  13.3168991  13.3168991  
7.14999999  13.3157994  13.3157994  
7.15999999  13.3146018  13.3146018  
7.16999999  13.3133068  13.3133068  
7.17999999  13.3119154  13.3119154  
7.18999999  13.3104281  13.3104281  
7.19999999  13.3088458  13.3088458  
7.20999999  13.3071693  13.3071693  
7.21999999  13.3053995  13.3053995  
7.22999999  13.3035372  13.3035372  
7.23999999  13.3015833  13.3015833  
7.24999999  13.2995387  13.2995387  
7.25999999  13.2974044  13.2974044  
7.26999999  13.2951814  13.2951814  
7.27999999  13.2928706  13.2928706  
7.28999999  13.2904731  13.2904731  
7.29999999  13.2879900  13.2879900  
7.30999999  13.2854222  13.2854222  
7.31999999  13.2827710  13.2827710  
7.32999999  13.2800374  13.2800374  
7.33999999  13.2772225  13.2772225  
7.34999999  13.2743276  13.2743276  
7.35999999  13.2713538  13.2713538  
7.36999999  13.2683023  13.2683023  
7.37999999  13.2651744  13.2651744  
7.38999999  13.2619713  13.2619713  
7.39999999  13.2586943  13.2586943  
7.40999999  13.2553447  13.2553447  
7.41999999  13.2519237  13.2519237  
7.42999999  13.2484328  13.2484328  
7.43999999  13.2448732  13.2448732  
7.44999999  13.2412464  13.2412464  
7.45999999  13.2375536  13.2375536  
7.46999999  13.2337964  13.2337964  
7.47999999  13.2299761  13.2299761  
7.48999999  13.2260941  13.2260941  
7.49999999  13.2221520  13.2221520  
7.50999999  13.2181511  13.2181511  
7.51999999  13.2140929  13.2140929  
7.52999999  13.2099790  13.2099790  
7.53999999  13.2058108  13.2058108  
7.54999999  13.2015898  13.2015898  
7.55999999  13.1973176  13.1973176  
7.56999999  13.1929957  13.1929957  
7.57999999  13.1886257  13.1886257  
7.58999999  13.1842090  13.1842090  
7.59999999  13.1797474  13.1797474  
7.60999999  13.1752423  13.1752423  
7.61999999  13.1706953  13.1706953  
7.62999999  13.1661081  13.1661081  
7.63999999  13.1614823  13.1614823  
7.64999999  13.1568194  13.1568194  
7.65999999  13.1521211  13.1521211  
7.66999999  13.1473890  13.1473890  
7.67999999  13.1426247  13.1426247  
7.68999999  13.1378299  13.1378299  
7.69999999  13.1330062  13.1330062  
7.70999999  13.1281553  13.1281553  
7.71999999  13.1232787  13.1232787  
7.72999999  13.1183782  13.1183782  
7.73999999  13.1134554  13.1134554  
7.74999999  13.1085120  13.1085120  
7.75999999  13.1035495  13.1035495  
7.76999999  13.0985697  13.0985697  
7.77999999  13.0935743  13.0935743  
7.78999999  13.0885648  13.0885648  
7.79999999  13.0835430  13.0835430  
7.80999999  13.0785104  13.0785104  
7.81999999  13.0734688  13.0734688  
7.82999999  13.0684198  13.0684198  
7.83999999  13.0633650  13.0633650  
7.84999999  13.0583061  13.0583061  
7.85999999  13.0532447  13.0532447  
7.86999999  13.0481824  13.0481824  
7.87999999  13.0431210  13.0431210  
7.88999999  13.0380619  13.0380619  
7.89999999  13.0330069  13.0330069  
7.90999999  13.0279576  13.0279576  
7.91999999  13.0229154  13.0229154  
7.92999999  13.0178821  13.0178821  
7.93999999  13.0128593  13.0128593  
7.94999999  13.0078484  13.0078484  
7.95999999  13.0028512  13.0028512  
7.96999999  12.9978691  12.9978691  
7.97999999  12.9929036  12.9929036  
7.98999999  12.9879565  12.9879565  
7.99999999  12.9830291  12.9830291  
8.00999999  12.9781230  12.9781230  
8.01999999  12.9732397  12.9732397  
8.02999999  12.9683807  12.9683807  
8.03999999  12.9635475  12.9635475  
8.04999999  12.9587415  12.9587415  
8.05999999  12.9539643  12.9539643  
8.06999999  12.9492172  12.9492172  
8.07999999  12.9445017  12.9445017  
8.08999999  12.9398192  12.9398192  
8.09999999  12.9351710  12.9351710  
8.10999999  12.9305587  12.9305587  
8.11999999  12.9259835  12.9259835  
8.12999999  12.9214468  12.9214468  
8.13999999  12.9169500  12.9169500  
8.14999999  12.9124943  12.9124943  
8.15999999  12.9080811  12.9080811  
8.16999999  12.9037116  12.9037116  
8.17999999  12.8993871  12.8993871  
8.18999999  12.8951088  12.8951088  
8.19999999  12.8908780  12.8908780  
8.20999999  12.8866959  12.8866959  
8.21999999  12.8825636  12.8825636  
8.22999999  12.8784824  12.8784824  
8.23999999  12.8744534  12.8744534  
8.24999999  12.8704777  12.8704777  
8.25999999  12.8665564  12.8665564  
8.26999999  12.8626905  12.8626905  
8.27999999  12.8588813  12.8588813  
8.28999999  12.8551297  12.8551297  
8.29999999  12.8514367  12.8514367  
8.30999999  12.8478033  12.8478033  
8.31999999  12.8442305  12.8442305  
8.32999999  12.8407193  12.8407193  
8.33999999  12.8372706  12.8372706  
8.34999999  12.8338853  12.8338853  
8.35999999  12.8305642  12.8305642  
8.36999999  12.8273083  12.8273083  
8.37999999  12.8241184  12.8241184  
8.38999999  12.8209953  12.8209953  
8.39999999  12.8179397  12.8179397  
8.40999999  12.8149525  12.8149525  
8.41999999  12.8120344  12.8120344  
8.42999999  12.8091861  12.8091861  
8.43999999  12.8064083  12.8064083  
8.44999999  12.8037016  12.8037016  
8.45999999  12.8010667  12.8010667  
8.46999999  12.7985043  12.7985043  
8.47999999  12.7960149  12.7960149  
8.48999999  12.7935990  12.7935990  
8.49999999  12.7912573  12.7912573  
8.50999999  12.7889902  12.7889902  
8.51999999  12.7867982  12.7867982  
8.52999999  12.7846818  12.7846818  
8.53999999  12.7826414  12.7826414  
8.54999999  12.7806774  12.7806774  
8.55999999  12.7787903  12.7787903  
8.56999999  12.7769803  12.7769803  
8.57999999  12.7752479  12.7752479  
8.58999999  12.7735932  12.7735932  
8.59999999  12.7720167  12.7720167  
8.60999999  12.7705185  12.7705185  
8.61999999  12.7690989  12.7690989  
8.62999999  12.7677581  12.7677581  
8.63999999  12.7664962  12.7664962  
8.64999999  12.7653135  12.7653135  
8.65999999  12.7642100  12.7642100  
8.66999999  12.7631858  12.7631858  
8.67999999  12.7622411  12.7622411  
8.68999999  12.7613759  12.7613759  
8.69999999  12.7605901  12.7605901  
8.70999999  12.7598838  12.7598838  
8.71999999  12.7592570  12.7592570  
8.72999999  12.7587095  12.7587095  
8.73999999  12.7582414  12.7582414  
8.74999999  12.7578526  12.7578526  
8.75999999  12.7575428  12.7575428  
8.76999999  12.7573119  12.7573119  
8.77999999  12.7571598  12.7571598  
8.78999999  12.7570863  12.7570863  
8.79999999  12.7570910  12.7570910  
8.80999999  12.7571739  12.7571739  
8.81999999  12.7573345  12.7573345  
8.82999999  12.7575726  12.7575726  
8.83999999  12.7578879  12.7578879  
8.84999999  12.7582800  12.7582800  
8.85999999  12.7587486  12.7587486  
8.86999999  12.7592931  12.7592931  
8.87999999  12.7599134  12.7599134  
8.88999999  12.7606088  12.7606088  
8.89999999  12.7613789  12.7613789  
8.90999999  12.7622232  12.7622232  
8.91999999  12.7631413  12.7631413  
8.92999999  12.7641326  12.7641326  
8.93999999  12.7651965  12.7651965  
8.94999999  12.7663324  12.7663324  
8.95999999  12.7675398  12.7675398  
8.96999999  12.7688181  12.7688181  
8.97999999  12.7701665  12.7701665  
8.98999999  12.7715846  12.7715846  
8.99999999  12.7730714  12.7730714  
9.00999999  12.7746265  12.7746265  
9.01999999  12.7762490  12.7762490  
9.02999999  12.7779382  12.7779382  
9.03999999  12.7796933  12.7796933  
9.04999999  12.7815137  12.7815137  
9.05999999  12.7833984  12.7833984  
9.06999999  12.7853467  12.7853467  
9.07999999  12.7873577  12.7873577  
9.08999999  12.7894306  12.7894306  
9.09999999  12.7915646  12.7915646  
9.10999999  12.7937587  12.7937587  
9.11999999  12.7960120  12.7960120  
9.12999999  12.7983237  12.7983237  
9.13999999  12.8006927  12.8006927  
9.14999999  12.8031182  12.8031182  
9.15999999  12.8055992  12.8055992  
9.16999999  12.8081348  12.8081348  
9.17999999  12.8107238  12.8107238  
9.18999999  12.8133654  12.8133654  
9.19999999  12.8160584  12.8160584  
9.20999999  12.8188020  12.8188020  
9.21999999  12.8215950  12.8215950  
9.22999999  12.8244363  12.8244363  
9.23999999  12.8273250  12.8273250  
9.24999999  12.8302598  12.8302598  
9.25999999  12.8332398  12.8332398  
9.26999999  12.8362638  12.8362638  
9.27999999  12.8393308  12.8393308  
9.28999999  12.8424395  12.8424395  
9.29999999  12.8455889  12.8455889  
9.30999999  12.8487778  12.8487778  
9.31999999  12.8520050  12.8520050  
9.32999999  12.8552695  12.8552695  
9.33999999  12.8585700  12.8585700  
9.34999999  12.8619053  12.8619053  
9.35999999  12.8652743  12.8652743  
9.36999999  12.8686758  12.8686758  
9.37999999  12.8721086  12.8721086  
9.38999999  12.8755714  12.8755714  
9.39999999  12.8790631  12.8790631  
9.40999999  12.8825825  12.8825825  
9.41999999  12.8861283  12.8861283  
9.42999999  12.8896993  12.8896993  
9.43999999  12.8932943  12.8932943  
9.44999999  12.8969120  12.8969120  
9.45999999  12.9005512  12.9005512  
9.46999999  12.9042107  12.9042107  
9.47999999  12.9078893  12.9078893  
9.48999999  12.9115856  12.9115856  
9.49999999  12.9152984  12.9152984  
9.50999999  12.9190266  12.9190266  
9.51999999  12.9227688  12.9227688  
9.52999999  12.9265238  12.9265238  
9.53999999  12.9302903  12.9302903  
9.54999999  12.9340671  12.9340671  
9.55999999  12.9378530  12.9378530  
9.56999999  12.9416467  12.9416467  
9.57999999  12.9454470  12.9454470  
9.58999999  12.9492526  12.9492526  
9.59999999  12.9530623  12.9530623  
9.60999999  12.9568748  12.9568748  
9.61999999  12.9606889  12.9606889  
9.62999999  12.9645034  12.9645034  
9.63999999  12.9683170  12.9683170  
9.64999999  12.9721286  12.9721286  
9.65999999  12.9759368  12.9759368  
9.66999999  12.9797406  12.9797406  
9.67999999  12.9835386  12.9835386  
9.68999999  12.9873298  12.9873298  
9.69999999  12.9911128  12.9911128  
9.70999999  12.9948865  12.9948865  
9.71999999  12.9986497  12.9986497  
9.72999999  13.0024013  13.0024013  
9.73999999  13.0061400  13.0061400  
9.74999999  13.0098648  13.0098648  
9.75999999  13.0135744  13.0135744  
9.76999999  13.0172677  13.0172677  
9.77999999  13.0209435  13.0209435  
9.78999999  13.0246009  13.0246009  
9.79999999  13.0282386  13.0282386  
9.80999999  13.0318555  13.0318555  
9.81999999  13.0354505  13.0354505  
9.82999999  13.0390226  13.0390226  
9.83999999  13.0425706  13.0425706  
9.84999999  13.0460936  13.0460936  
9.85999999  13.0495904  13.0495904  
9.86999999  13.0530600  13.0530600  
9.87999999  13.0565015  13.0565015  
9.88999999  13.0599137  13.0599137  
9.89999999  13.0632956  13.0632956  
9.90999999  13.0666464  13.0666464  
9.91999999  13.0699650  13.0699650  
9.92999999  13.0732504  13.0732504  
9.93999999  13.0765017  13.0765017  
9.94999999  13.0797179  13.0797179  
9.95999999  13.0828982  13.0828982  
9.96999999  13.0860416  13.0860416  
9.97999999  13.0891473  13.0891473  
9.98999999  13.0922143  13.0922143  
9.99999999  13.0952418  13.0952418  
10.0099999  13.0982289  13.0982289  
10.0199999  13.1011749  13.1011749  
10.0299999  13.1040789  13.1040789  
10.0399999  13.1069401  13.1069401  
10.0499999  13.1097577  13.1097577  
10.0599999  13.1125310  13.1125310  
10.0699999  13.1152592  13.1152592  
10.0799999  13.1179416  13.1179416  
10.0899999  13.1205774  13.1205774  
10.0999999  13.1231660  13.1231660  
10.1099999  13.1257067  13.1257067  
10.1199999  13.1281988  13.1281988  
10.1299999  13.1306417  13.1306417  
10.1399999  13.1330348  13.1330348  
10.1499999  13.1353774  13.1353774  
10.1599999  13.1376689  13.1376689  
10.1699999  13.1399088  13.1399088  
10.1799999  13.1420966  13.1420966  
10.1899999  13.1442316  13.1442316  
10.1999999  13.1463134  13.1463134  
10.2099999  13.1483415  13.1483415  
10.2199999  13.1503153  13.1503153  
10.2299999  13.1522346  13.1522346  
10.2399999  13.1540987  13.1540987  
10.2499999  13.1559072  13.1559072  
10.2599999  13.1576599  13.1576599  
10.2699999  13.1593562  13.1593562  
10.2799999  13.1609959  13.1609959  
10.2899999  13.1625785  13.1625785  
10.2999999  13.1641038  13.1641038  
10.3099999  13.1655714  13.1655714  
10.3199999  13.1669811  13.1669811  
10.3299999  13.1683325  13.1683325  
10.3399999  13.1696255  13.1696255  
10.3499999  13.1708599  13.1708599  
10.3599999  13.1720353  13.1720353  
10.3699999  13.1731517  13.1731517  
10.3799999  13.1742088  13.1742088  
10.3899999  13.1752065  13.1752065  
10.3999999  13.1761447  13.1761447  
10.4099999  13.1770232  13.1770232  
10.4199999  13.1778420  13.1778420  
10.4299999  13.1786010  13.1786010  
10.4399999  13.1793002  13.1793002  
10.4499999  13.1799395  13.1799395  
10.4599999  13.1805189  13.1805189  
10.4699999  13.1810383  13.1810383  
10.4799999  13.1814980  13.1814980  
10.4899999  13.1818978  13.1818978  
10.4999999  13.1822378  13.1822378  
10.5099999  13.1825182  13.1825182  
10.5199999  13.1827390  13.1827390  
10.5299999  13.1829003  13.1829003  
10.5399999  13.1830023  13.1830023  
10.5499999  13.1830452  13.1830452  
10.5599999  13.1830291  13.1830291  
10.5699999  13.1829542  13.1829542  
10.5799999  13.1828208  13.1828208  
10.5899999  13.1826290  13.1826290  
10.5999999  13.1823791  13.1823791  
10.6099999  13.1820713  13.1820713  
10.6199999  13.1817061  13.1817061  
10.6299999  13.1812836  13.1812836  
10.6399999  13.1808042  13.1808042  
10.6499999  13.1802682  13.1802682  
10.6599999  13.1796760  13.1796760  
10.6699999  13.1790279  13.1790279  
10.6799999  13.1783244  13.1783244  
10.6899999  13.1775658  13.1775658  
10.6999999  13.1767526  13.1767526  
10.7099999  13.1758851  13.1758851  
10.7199999  13.1749639  13.1749639  
10.7299999  13.1739895  13.1739895  
10.7399999  13.1729622  13.1729622  
10.7499999  13.1718826  13.1718826  
10.7599999  13.1707513  13.1707513  
10.7699999  13.1695687  13.1695687  
10.7799999  13.1683354  13.1683354  
10.7899999  13.1670519  13.1670519  
10.7999999  13.1657189  13.1657189  
10.8099999  13.1643368  13.1643368  
10.8199999  13.1629064  13.1629064  
10.8299999  13.1614283  13.1614283  
10.8399999  13.1599030  13.1599030  
10.8499999  13.1583311  13.1583311  
10.8599999  13.1567135  13.1567135  
10.8699999  13.1550507  13.1550507  
10.8799999  13.1533433  13.1533433  
10.8899999  13.1515922  13.1515922  
10.8999999  13.1497980  13.1497980  
10.9099999  13.1479613  13.1479613  
10.9199999  13.1460831  13.1460831  
10.9299999  13.1441639  13.1441639  
10.9399999  13.1422045  13.1422045  
10.9499999  13.1402057  13.1402057  
10.9599999  13.1381683  13.1381683  
10.9699999  13.1360930  13.1360930  
10.9799999  13.1339806  13.1339806  
10.9899999  13.1318319  13.1318319  
10.9999999  13.1296478  13.1296478  
11.0099999  13.1274290  13.1274290  
11.0199999  13.1251764  13.1251764  
11.0299999  13.1228908  13.1228908  
11.0399999  13.1205730  13.1205730  
11.0499999  13.1182240  13.1182240  
11.0599999  13.1158444  13.1158444  
11.0699999  13.1134353  13.1134353  
11.0799999  13.1109975  13.1109975  
11.0899999  13.1085318  13.1085318  
11.0999999  13.1060391  13.1060391  
11.1099999  13.1035204  13.1035204  
11.1199999  13.1009765  13.1009765  
11.1299999  13.0984083  13.0984083  
11.1399999  13.0958168  13.0958168  
11.1499999  13.0932028  13.0932028  
11.1599999  13.0905672  13.0905672  
11.1699999  13.0879109  13.0879109  
11.1799999  13.0852350  13.0852350  
11.1899999  13.0825402  13.0825402  
11.1999999  13.0798276  13.0798276  
11.2099999  13.0770981  13.0770981  
11.2199999  13.0743525  13.0743525  
11.2299999  13.0715919  13.0715919  
11.2399999  13.0688171  13.0688171  
11.2499999  13.0660291  13.0660291  
11.2599999  13.0632288  13.0632288  
11.2699999  13.0604173  13.0604173  
11.2799999  13.0575953  13.0575953  
11.2899999  13.0547639  13.0547639  
11.2999999  13.0519240  13.0519240  
11.3099999  13.0490766  13.0490766  
11.3199999  13.0462225  13.0462225  
11.3299999  13.0433627  13.0433627  
11.3399999  13.0404982  13.0404982  
11.3499999  13.0376299  13.0376299  
11.3599999  13.0347587  13.0347587  
11.3699999  13.0318855  13.0318855  
11.3799999  13.0290113  13.0290113  
11.3899999  13.0261371  13.0261371  
11.3999999  13.0232637  13.0232637  
11.4099999  13.0203920  13.0203920  
11.4199999  13.0175231  13.0175231  
11.4299999  13.0146577  13.0146577  
11.4399999  13.0117968  13.0117968  
11.4499999  13.0089413  13.0089413  
11.4599999  13.0060921  13.0060921  
11.4699999  13.0032502  13.0032502  
11.4799999  13.0004163  13.0004163  
11.4899999  12.9975914  12.9975914  
11.4999999  12.9947763  12.9947763  
11.5099999  12.9919720  12.9919720  
11.5199999  12.9891793  12.9891793  
11.5299999  12.9863990  12.9863990  
11.5399999  12.9836320  12.9836320  
11.5499999  12.9808792  12.9808792  
11.5599999  12.9781414  12.9781414  
11.5699999  12.9754194  12.9754194  
11.5799999  12.9727141  12.9727141  
11.5899999  12.9700262  12.9700262  
11.5999999  12.9673566  12.9673566  
11.6099999  12.9647061  12.9647061  
11.6199999  12.9620754  12.9620754  
11.6299999  12.9594654  12.9594654  
11.6399999  12.9568769  12.9568769  
11.6499999  12.9543105  12.9543105  
11.6599999  12.9517670  12.9517670  
11.6699999  12.9492472  12.9492472  
11.6799999  12.9467518  12.9467518  
11.6899999  12.9442816  12.9442816  
11.6999999  12.9418372  12.9418372  
11.7099999  12.9394194  12.9394194  
11.7199999  12.9370288  12.9370288  
11.7299999  12.9346662  12.9346662  
11.7399999  12.9323321  12.9323321  
11.7499999  12.9300273  12.9300273  
11.7599999  12.9277525  12.9277525  
11.7699999  12.9255081  12.9255081  
11.7799999  12.9232949  12.9232949  
11.7899999  12.9211135  12.9211135  
11.7999999  12.9189644  12.9189644  
11.8099999  12.9168483  12.9168483  
11.8199999  12.9147658  12.9147658  
11.8299999  12.9127173  12.9127173  
11.8399999  12.9107035  12.9107035  
11.8499999  12.9087248  12.9087248  
11.8599999  12.9067819  12.9067819  
11.8699999  12.9048751  12.9048751  
11.8799999  12.9030051  12.9030051  
11.8899999  12.9011723  12.9011723  
11.8999999  12.8993771  12.8993771  
11.9099999  12.8976200  12.8976200  
11.9199999  12.8959015  12.8959015  
11.9299999  12.8942220  12.8942220  
11.9399999  12.8925819  12.8925819  
11.9499999  12.8909816  12.8909816  
11.9599999  12.8894215  12.8894215  
11.9699999  12.8879019  12.8879019  
11.9799999  12.8864233  12.8864233  
11.9899999  12.8849859  12.8849859  
11.9999999  12.8835901  12.8835901  
12.0099999  12.8822362  12.8822362  
12.0199999  12.8809245  12.8809245  
12.0299999  12.8796554  12.8796554  
12.0399999  12.8784290  12.8784290  
12.0499999  12.8772456  12.8772456  
12.0599999  12.8761054  12.8761054  
12.0699999  12.8750088  12.8750088  
12.0799999  12.8739559  12.8739559  
12.0899999  12.8729469  12.8729469  
12.0999999  12.8719819  12.8719819  
12.1099999  12.8710612  12.8710612  
12.1199999  12.8701850  12.8701850  
12.1299999  12.8693532  12.8693532  
12.1399999  12.8685662  12.8685662  
12.1499999  12.8678239  12.8678239  
12.1599999  12.8671265  12.8671265  
12.1699999  12.8664740  12.8664740  
12.1799999  12.8658666  12.8658666  
12.1899999  12.8653042  12.8653042  
12.1999999  12.8647870  12.8647870  
12.2099999  12.8643149  12.8643149  
12.2199999  12.8638879  12.8638879  
12.2299999  12.8635060  12.8635060  
12.2399999  12.8631693  12.8631693  
12.2499999  12.8628776  12.8628776  
12.2599999  12.8626309  12.8626309  
12.2699999  12.8624292  12.8624292  
12.2799999  12.8622723  12.8622723  
12.2899999  12.8621602  12.8621602  
12.2999999  12.8620928  12.8620928  
12.3099999  12.8620700  12.8620700  
12.3199999  12.8620915  12.8620915  
12.3299999  12.8621574  12.8621574  
12.3399999  12.8622673  12.8622673  
12.3499999  12.8624211  12.8624211  
12.3599999  12.8626187  12.8626187  
12.3699999  12.8628598  12.8628598  
12.3799999  12.8631442  12.8631442  
12.3899999  12.8634717  12.8634717  
12.3999999  12.8638420  12.8638420  
12.4099999  12.8642549  12.8642549  
12.4199999  12.8647101  12.8647101  
12.4299999  12.8652073  12.8652073  
12.4399999  12.8657463  12.8657463  
12.4499999  12.8663267  12.8663267  
12.4599999  12.8669482  12.8669482  
12.4699999  12.8676104  12.8676104  
12.4799999  12.8683131  12.8683131  
12.4899999  12.8690559  12.8690559  
12.4999999  12.8698384  12.8698384  
12.5099999  12.8706602  12.8706602  
12.5199999  12.8715209  12.8715209  
12.5299999  12.8724202  12.8724202  
12.5399999  12.8733576  12.8733576  
12.5499999  12.8743326  12.8743326  
12.5599999  12.8753450  12.8753450  
12.5699999  12.8763942  12.8763942  
12.5799999  12.8774797  12.8774797  
12.5899999  12.8786011  12.8786011  
12.5999999  12.8797579  12.8797579  
12.6099999  12.8809497  12.8809497  
12.6199999  12.8821759  12.8821759  
12.6299999  12.8834361  12.8834361  
12.6399999  12.8847296  12.8847296  
12.6499999  12.8860561  12.8860561  
12.6599999  12.8874149  12.8874149  
12.6699999  12.8888056  12.8888056  
12.6799999  12.8902275  12.8902275  
12.6899999  12.8916801  12.8916801  
12.6999999  12.8931629  12.8931629  
12.7099999  12.8946753  12.8946753  
12.7199999  12.8962167  12.8962167  
12.7299999  12.8977864  12.8977864  
12.7399999  12.8993840  12.8993840  
12.7499999  12.9010088  12.9010088  
12.7599999  12.9026602  12.9026602  
12.7699999  12.9043376  12.9043376  
12.7799999  12.9060403  12.9060403  
12.7899999  12.9077677  12.9077677  
12.7999999  12.9095193  12.9095193  
12.8099999  12.9112943  12.9112943  
12.8199999  12.9130921  12.9130921  
12.8299999  12.9149121  12.9149121  
12.8399999  12.9167536  12.9167536  
12.8499999  12.9186159  12.9186159  
12.8599999  12.9204984  12.9204984  
12.8699999  12.9224004  12.9224004  
12.8799999  12.9243212  12.9243212  
12.8899999  12.9262602  12.9262602  
12.8999999  12.9282167  12.9282167  
12.9099999  12.9301899  12.9301899  
12.9199999  12.9321792  12.9321792  
12.9299999  12.9341840  12.9341840  
12.9399999  12.9362034  12.9362034  
12.9499999  12.9382369  12.9382369  
12.9599999  12.9402837  12.9402837  
12.9699999  12.9423431  12.9423431  
12.9799999  12.9444144  12.9444144  
12.9899999  12.9464969  12.9464969  
12.9999999  12.9485900  12.9485900  
13.0099999  12.9506928  12.9506928  
13.0199999  12.9528047  12.9528047  
13.0299999  12.9549250  12.9549250  
13.0399999  12.9570530  12.9570530  
13.0499999  12.9591880  12.9591880  
13.0599999  12.9613292  12.9613292  
13.0699999  12.9634759  12.9634759  
13.0799999  12.9656275  12.9656275  
13.0899999  12.9677832  12.9677832  
13.0999999  12.9699424  12.9699424  
13.1099999  12.9721042  12.9721042  
13.1199999  12.9742681  12.9742681  
13.1299999  12.9764333  12.9764333  
13.1399999  12.9785992  12.9785992  
13.1499999  12.9807649  12.9807649  
13.1599999  12.9829298  12.9829298  
13.1699999  12.9850933  12.9850933  
13.1799999  12.9872546  12.9872546  
13.1899999  12.9894131  12.9894131  
13.1999999  12.9915681  12.9915681  
13.2099999  12.9937188  12.9937188  
13.2199999  12.9958646  12.9958646  
13.2299999  12.9980049  12.9980049  
13.2399999  13.0001389  13.0001389  
13.2499999  13.0022660  13.0022660  
13.2599999  13.0043855  13.0043855  
13.2699999  13.0064969  13.0064969  
13.2799999  13.0085993  13.0085993  
13.2899999  13.0106922  13.0106922  
13.2999999  13.0127750  13.0127750  
13.3099999  13.0148470  13.0148470  
13.3199999  13.0169075  13.0169075  
13.3299999  13.0189559  13.0189559  
13.3399999  13.0209917  13.0209917  
13.3499999  13.0230142  13.0230142  
13.3599999  13.0250228  13.0250228  
13.3699999  13.0270169  13.0270169  
13.3799999  13.0289959  13.0289959  
13.3899999  13.0309592  13.0309592  
13.3999999  13.0329063  13.0329063  
13.4099999  13.0348365  13.0348365  
13.4199999  13.0367493  13.0367493  
13.4299999  13.0386442  13.0386442  
13.4399999  13.0405205  13.0405205  
13.4499999  13.0423778  13.0423778  
13.4599999  13.0442155  13.0442155  
13.4699999  13.0460331  13.0460331  
13.4799999  13.0478300  13.0478300  
13.4899999  13.0496058  13.0496058  
13.4999999  13.0513599  13.0513599  
13.5099999  13.0530919  13.0530919  
13.5199999  13.0548012  13.0548012  
13.5299999  13.0564874  13.0564874  
13.5399999  13.0581501  13.0581501  
13.5499999  13.0597887  13.0597887  
13.5599999  13.0614028  13.0614028  
13.5699999  13.0629920  13.0629920  
13.5799999  13.0645559  13.0645559  
13.5899999  13.0660939  13.0660939  
13.5999999  13.0676058  13.0676058  
13.6099999  13.0690911  13.0690911  
13.6199999  13.0705494  13.0705494  
13.6299999  13.0719803  13.0719803  
13.6399999  13.0733835  13.0733835  
13.6499999  13.0747586  13.0747586  
13.6599999  13.0761052  13.0761052  
13.6699999  13.0774230  13.0774230  
13.6799999  13.0787118  13.0787118  
13.6899999  13.0799710  13.0799710  
13.6999999  13.0812006  13.0812006  
13.7099999  13.0824000  13.0824000  
13.7199999  13.0835691  13.0835691  
13.7299999  13.0847076  13.0847076  
13.7399999  13.0858152  13.0858152  
13.7499999  13.0868917  13.0868917  
13.7599999  13.0879368  13.0879368  
13.7699999  13.0889502  13.0889502  
13.7799999  13.0899318  13.0899318  
13.7899999  13.0908813  13.0908813  
13.7999999  13.0917986  13.0917986  
13.8099999  13.0926834  13.0926834  
13.8199999  13.0935356  13.0935356  
13.8299999  13.0943549  13.0943549  
13.8399999  13.0951413  13.0951413  
13.8499999  13.0958946  13.0958946  
13.8599999  13.0966146  13.0966146  
13.8699999  13.0973013  13.0973013  
13.8799999  13.0979545  13.0979545  
13.8899999  13.0985740  13.0985740  
13.8999999  13.0991600  13.0991600  
13.9099999  13.0997121  13.0997121  
13.9199999  13.1002304  13.1002304  
13.9299999  13.1007149  13.1007149  
13.9399999  13.1011654  13.1011654  
13.9499999  13.1015819  13.1015819  
13.9599999  13.1019644  13.1019644  
13.9699999  13.1023130  13.1023130  
13.9799999  13.1026275  13.1026275  
13.9899999  13.1029080  13.1029080  
13.9999999  13.1031546  13.1031546  
14.0099999  13.1033671  13.1033671  
14.0199999  13.1035458  13.1035458  
14.0299999  13.1036906  13.1036906  
14.0399999  13.1038017  13.1038017  
14.0499999  13.1038790  13.1038790  
14.0599999  13.1039226  13.1039226  
14.0699999  13.1039327  13.1039327  
14.0799999  13.1039094  13.1039094  
14.0899999  13.1038527  13.1038527  
14.0999999  13.1037629  13.1037629  
14.1099999  13.1036399  13.1036399  
14.1199999  13.1034841  13.1034841  
14.1299999  13.1032955  13.1032955  
14.1399999  13.1030742  13.1030742  
14.1499999  13.1028206  13.1028206  
14.1599999  13.1025347  13.1025347  
14.1699999  13.1022168  13.1022168  
14.1799999  13.1018671  13.1018671  
14.1899999  13.1014857  13.1014857  
14.1999999  13.1010729  13.1010729  
14.2099999  13.1006290  13.1006290  
14.2199999  13.1001541  13.1001541  
14.2299999  13.0996486  13.0996486  
14.2399999  13.0991127  13.0991127  
14.2499999  13.0985466  13.0985466  
14.2599999  13.0979507  13.0979507  
14.2699999  13.0973252  13.0973252  
14.2799999  13.0966704  13.0966704  
14.2899999  13.0959867  13.0959867  
14.2999999  13.0952742  13.0952742  
14.3099999  13.0945335  13.0945335  
14.3199999  13.0937648  13.0937648  
14.3299999  13.0929683  13.0929683  
14.3399999  13.0921446  13.0921446  
14.3499999  13.0912939  13.0912939  
14.3599999  13.0904166  13.0904166  
14.3699999  13.0895130  13.0895130  
14.3799999  13.0885835  13.0885835  
14.3899999  13.0876286  13.0876286  
14.3999999  13.0866486  13.0866486  
14.4099999  13.0856439  13.0856439  
14.4199999  13.0846148  13.0846148  
14.4299999  13.0835619  13.0835619  
14.4399999  13.0824855  13.0824855  
14.4499999  13.0813860  13.0813860  
14.4599999  13.0802640  13.0802640  
14.4699999  13.0791197  13.0791197  
14.4799999  13.0779536  13.0779536  
14.4899999  13.0767663  13.0767663  
14.4999999  13.0755581  13.0755581  
14.5099999  13.0743295  13.0743295  
14.5199999  13.0730809  13.0730809  
14.5299999  13.0718129  13.0718129  
14.5399999  13.0705258  13.0705258  
14.5499999  13.0692203  13.0692203  
14.5599999  13.0678966  13.0678966  
14.5699999  13.0665554  13.0665554  
14.5799999  13.0651972  13.0651972  
14.5899999  13.0638223  13.0638223  
14.5999999  13.0624313  13.0624313  
14.6099999  13.0610247  13.0610247  
14.6199999  13.0596031  13.0596031  
14.6299999  13.0581668  13.0581668  
14.6399999  13.0567165  13.0567165  
14.6499999  13.0552526  13.0552526  
14.6599999  13.0537756  13.0537756  
14.6699999  13.0522861  13.0522861  
14.6799999  13.0507846  13.0507846  
14.6899999  13.0492716  13.0492716  
14.6999999  13.0477476  13.0477476  
14.7099999  13.0462131  13.0462131  
14.7199999  13.0446688  13.0446688  
14.7299999  13.0431150  13.0431150  
14.7399999  13.0415524  13.0415524  
14.7499999  13.0399814  13.0399814  
14.7599999  13.0384027  13.0384027  
14.7699999  13.0368166  13.0368166  
14.7799999  13.0352238  13.0352238  
14.7899999  13.0336249  13.0336249  
14.7999999  13.0320202  13.0320202  
14.8099999  13.0304105  13.0304105  
14.8199999  13.0287961  13.0287961  
14.8299999  13.0271776  13.0271776  
14.8399999  13.0255557  13.0255557  
14.8499999  13.0239307  13.0239307  
14.8599999  13.0223032  13.0223032  
14.8699999  13.0206739  13.0206739  
14.8799999  13.0190431  13.0190431  
14.8899999  13.0174114  13.0174114  
14.8999999  13.0157794  13.0157794  
14.9099999  13.0141475  13.0141475  
14.9199999  13.0125164  13.0125164  
14.9299999  13.0108864  13.0108864  
14.9399999  13.0092582  13.0092582  
14.9499999  13.0076323  13.0076323  
14.9599999  13.0060091  13.0060091  
14.9699999  13.0043893  13.0043893  
14.9799999  13.0027732  13.0027732  
14.9899999  13.0011614  13.0011614  
14.9999999  12.9995544  12.9995544  
15.0099999  12.9979528  12.9979528  
15.0199999  12.9963569  12.9963569  
15.0299999  12.9947674  12.9947674  
15.0399999  12.9931846  12.9931846  
15.0499999  12.9916091  12.9916091  
15.0599999  12.9900414  12.9900414  
15.0699999  12.9884819  12.9884819  
15.0799999  12.9869312  12.9869312  
15.0899999  12.9853896  12.9853896  
15.0999999  12.9838577  12.9838577  
15.1099999  12.9823358  12.9823358  
15.1199999  12.9808246  12.9808246  
15.1299999  12.9793244  12.9793244  
15.1399999  12.9778356  12.9778356  
15.1499999  12.9763588  12.9763588  
15.1599999  12.9748943  12.9748943  
15.1699999  12.9734426  12.9734426  
15.1799999  12.9720041  12.9720041  
15.1899999  12.9705792  12.9705792  
15.1999999  12.9691683  12.9691683  
15.2099999  12.9677719  12.9677719  
15.2199999  12.9663904  12.9663904  
15.2299999  12.9650241  12.9650241  
15.2399999  12.9636734  12.9636734  
15.2499999  12.9623387  12.9623387  
15.2599999  12.9610205  12.9610205  
15.2699999  12.9597190  12.9597190  
15.2799999  12.9584346  12.9584346  
15.2899999  12.9571678  12.9571678  
15.2999999  12.9559187  12.9559187  
15.3099999  12.9546879  12.9546879  
15.3199999  12.9534756  12.9534756  
15.3299999  12.9522821  12.9522821  
15.3399999  12.9511078  12.9511078  
15.3499999  12.9499530  12.9499530  
15.3599999  12.9488180  12.9488180  
15.3699999  12.9477031  12.9477031  
15.3799999  12.9466086  12.9466086  
15.3899999  12.9455348  12.9455348  
15.3999999  12.9444819  12.9444819  
15.4099999  12.9434503  12.9434503  
15.4199999  12.9424402  12.9424402  
15.4299999  12.9414518  12.9414518  
15.4399999  12.9404854  12.9404854  
15.4499999  12.9395413  12.9395413  
15.4599999  12.9386196  12.9386196  
15.4699999  12.9377206  12.9377206  
15.4799999  12.9368445  12.9368445  
15.4899999  12.9359916  12.9359916  
15.4999999  12.9351619  12.9351619  
15.5099999  12.9343558  12.9343558  
15.5199999  12.9335733  12.9335733  
15.5299999  12.9328148  12.9328148  
15.5399999  12.9320802  12.9320802  
15.5499999  12.9313699  12.9313699  
15.5599999  12.9306839  12.9306839  
15.5699999  12.9300224  12.9300224  
15.5799999  12.9293855  12.9293855  
15.5899999  12.9287734  12.9287734  
15.5999999  12.9281861  12.9281861  
15.6099999  12.9276238  12.9276238  
15.6199999  12.9270866  12.9270866  
15.6299999  12.9265745  12.9265745  
15.6399999  12.9260877  12.9260877  
15.6499999  12.9256262  12.9256262  
15.6599999  12.9251901  12.9251901  
15.6699999  12.9247795  12.9247795  
15.6799999  12.9243943  12.9243943  
15.6899999  12.9240347  12.9240347  
15.6999999  12.9237007  12.9237007  
15.7099999  12.9233922  12.9233922  
15.7199999  12.9231094  12.9231094  
15.7299999  12.9228522  12.9228522  
15.7399999  12.9226207  12.9226207  
15.7499999  12.9224147  12.9224147  
15.7599999  12.9222344  12.9222344  
15.7699999  12.9220796  12.9220796  
15.7799999  12.9219504  12.9219504  
15.7899999  12.9218467  12.9218467  
15.7999999  12.9217685  12.9217685  
15.8099999  12.9217156  12.9217156  
15.8199999  12.9216881  12.9216881  
15.8299999  12.9216858  12.9216858  
15.8399999  12.9217088  12.9217088  
15.8499999  12.9217568  12.9217568  
15.8599999  12.9218298  12.9218298  
15.8699999  12.9219277  12.9219277  
15.8799999  12.9220504  12.9220504  
15.8899999  12.9221977  12.9221977  
15.8999999  12.9223696  12.9223696  
15.9099999  12.9225659  12.9225659  
15.9199999  12.9227865  12.9227865  
15.9299999  12.9230311  12.9230311  
15.9399999  12.9232998  12.9232998  
15.9499999  12.9235922  12.9235922  
15.9599999  12.9239082  12.9239082  
15.9699999  12.9242477  12.9242477  
15.9799999  12.9246104  12.9246104  
15.9899999  12.9249962  12.9249962  
15.9999999  12.9254049  12.9254049  
16.0099999  12.9258363  12.9258363  
16.0199999  12.9262901  12.9262901  
16.0299999  12.9267661  12.9267661  
16.0399999  12.9272641  12.9272641  
16.0499999  12.9277840  12.9277840  
16.0599999  12.9283253  12.9283253  
16.0699999  12.9288880  12.9288880  
16.0799999  12.9294717  12.9294717  
16.0899999  12.9300762  12.9300762  
16.0999999  12.9307013  12.9307013  
16.1099999  12.9313466  12.9313466  
16.1199999  12.9320119  12.9320119  
16.1299999  12.9326969  12.9326969  
16.1399999  12.9334014  12.9334014  
16.1499999  12.9341250  12.9341250  
16.1599999  12.9348674  12.9348674  
16.1699999  12.9356284  12.9356284  
16.1799999  12.9364077  12.9364077  
16.1899999  12.9372049  12.9372049  
16.1999999  12.9380197  12.9380197  
16.2099999  12.9388518  12.9388518  
16.2199999  12.9397009  12.9397009  
16.2299999  12.9405666  12.9405666  
16.2399999  12.9414487  12.9414487  
16.2499999  12.9423468  12.9423468  
16.2599999  12.9432605  12.9432605  
16.2699999  12.9441895  12.9441895  
16.2799999  12.9451334  12.9451334  
16.2899999  12.9460920  12.9460920  
16.2999999  12.9470648  12.9470648  
16.3099999  12.9480515  12.9480515  
16.3199999  12.9490518  12.9490518  
16.3299999  12.9500651  12.9500651  
16.3399999  12.9510913  12.9510913  
16.3499999  12.9521299  12.9521299  
16.3599999  12.9531806  12.9531806  
16.3699999  12.9542429  12.9542429  
16.3799999  12.9553165  12.9553165  
16.3899999  12.9564011  12.9564011  
16.3999999  12.9574962  12.9574962  
16.4099999  12.9586014  12.9586014  
16.4199999  12.9597163  12.9597163  
16.4299999  12.9608407  12.9608407  
16.4399999  12.9619740  12.9619740  
16.4499999  12.9631158  12.9631158  
16.4599999  12.9642659  12.9642659  
16.4699999  12.9654238  12.9654238  
16.4799999  12.9665890  12.9665890  
16.4899999  12.9677613  12.9677613  
16.4999999  12.9689401  12.9689401  
16.5099999  12.9701252  12.9701252  
16.5199999  12.9713160  12.9713160  
16.5299999  12.9725122  12.9725122  
16.5399999  12.9737134  12.9737134  
16.5499999  12.9749192  12.9749192  
16.5599999  12.9761292  12.9761292  
16.5699999  12.9773430  12.9773430  
16.5799999  12.9785601  12.9785601  
16.5899999  12.9797803  12.9797803  
16.5999999  12.9810030  12.9810030  
16.6099999  12.9822279  12.9822279  
16.6199999  12.9834545  12.9834545  
16.6299999  12.9846826  12.9846826  
16.6399999  12.9859116  12.9859116  
16.6499999  12.9871412  12.9871412  
16.6599999  12.9883710  12.9883710  
16.6699999  12.9896005  12.9896005  
16.6799999  12.9908295  12.9908295  
16.6899999  12.9920574  12.9920574  
16.6999999  12.9932840  12.9932840  
16.7099999  12.9945087  12.9945087  
16.7199999  12.9957313  12.9957313  
16.7299999  12.9969514  12.9969514  
16.7399999  12.9981685  12.9981685  
16.7499999  12.9993822  12.9993822  
16.7599999  13.0005923  13.0005923  
16.7699999  13.0017983  13.0017983  
16.7799999  13.0029998  13.0029998  
16.7899999  13.0041965  13.0041965  
16.7999999  13.0053881  13.0053881  
16.8099999  13.0065740  13.0065740  
16.8199999  13.0077540  13.0077540  
16.8299999  13.0089278  13.0089278  
16.8399999  13.0100949  13.0100949  
16.8499999  13.0112550  13.0112550  
16.8599999  13.0124077  13.0124077  
16.8699999  13.0135528  13.0135528  
16.8799999  13.0146898  13.0146898  
16.8899999  13.0158184  13.0158184  
16.8999999  13.0169384  13.0169384  
16.9099999  13.0180492  13.0180492  
16.9199999  13.0191508  13.0191508  
16.9299999  13.0202426  13.0202426  
16.9399999  13.0213244  13.0213244  
16.9499999  13.0223958  13.0223958  
16.9599999  13.0234567  13.0234567  
16.9699999  13.0245065  13.0245065  
16.9799999  13.0255451  13.0255451  
16.9899999  13.0265722  13.0265722  
16.9999999  13.0275874  13.0275874  
17.0099999  13.0285905  13.0285905  
17.0199999  13.0295812  13.0295812  
17.0299999  13.0305592  13.0305592  
17.0399999  13.0315242  13.0315242  
17.0499999  13.0324760  13.0324760  
17.0599999  13.0334143  13.0334143  
17.0699999  13.0343388  13.0343388  
17.0799999  13.0352493  13.0352493  
17.0899999  13.0361456  13.0361456  
17.0999999  13.0370273  13.0370273  
17.1099999  13.0378943  13.0378943  
17.1199999  13.0387464  13.0387464  
17.1299999  13.0395833  13.0395833  
17.1399999  13.0404047  13.0404047  
17.1499999  13.0412105  13.0412105  
17.1599999  13.0420005  13.0420005  
17.1699999  13.0427744  13.0427744  
17.1799999  13.0435321  13.0435321  
17.1899999  13.0442734  13.0442734  
17.1999999  13.0449980  13.0449980  
17.2099999  13.0457059  13.0457059  
17.2199999  13.0463968  13.0463968  
17.2299999  13.0470705  13.0470705  
17.2399999  13.0477270  13.0477270  
17.2499999  13.0483660  13.0483660  
17.2599999  13.0489874  13.0489874  
17.2699999  13.0495911  13.0495911  
17.2799999  13.0501768  13.0501768  
17.2899999  13.0507446  13.0507446  
17.2999999  13.0512942  13.0512942  
17.3099999  13.0518256  13.0518256  
17.3199999  13.0523386  13.0523386  
17.3299999  13.0528331  13.0528331  
17.3399999  13.0533091  13.0533091  
17.3499999  13.0537664  13.0537664  
17.3599999  13.0542049  13.0542049  
17.3699999  13.0546246  13.0546246  
17.3799999  13.0550254  13.0550254  
17.3899999  13.0554072  13.0554072  
17.3999999  13.0557700  13.0557700  
17.4099999  13.0561137  13.0561137  
17.4199999  13.0564382  13.0564382  
17.4299999  13.0567436  13.0567436  
17.4399999  13.0570297  13.0570297  
17.4499999  13.0572966  13.0572966  
17.4599999  13.0575442  13.0575442  
17.4699999  13.0577725  13.0577725  
17.4799999  13.0579815  13.0579815  
17.4899999  13.0581712  13.0581712  
17.4999999  13.0583416  13.0583416  
17.5099999  13.0584927  13.0584927  
17.5199999  13.0586245  13.0586245  
17.5299999  13.0587370  13.0587370  
17.5399999  13.0588303  13.0588303  
17.5499999  13.0589043  13.0589043  
17.5599999  13.0589592  13.0589592  
17.5699999  13.0589950  13.0589950  
17.5799999  13.0590117  13.0590117  
17.5899999  13.0590094  13.0590094  
17.5999999  13.0589881  13.0589881  
17.6099999  13.0589479  13.0589479  
17.6199999  13.0588889  13.0588889  
17.6299999  13.0588111  13.0588111  
17.6399999  13.0587147  13.0587147  
17.6499999  13.0585998  13.0585998  
17.6599999  13.0584663  13.0584663  
17.6699999  13.0583145  13.0583145  
17.6799999  13.0581445  13.0581445  
17.6899999  13.0579562  13.0579562  
17.6999999  13.0577500  13.0577500  
17.7099999  13.0575259  13.0575259  
17.7199999  13.0572840  13.0572840  
17.7299999  13.0570244  13.0570244  
17.7399999  13.0567474  13.0567474  
17.7499999  13.0564530  13.0564530  
17.7599999  13.0561414  13.0561414  
17.7699999  13.0558128  13.0558128  
17.7799999  13.0554673  13.0554673  
17.7899999  13.0551050  13.0551050  
17.7999999  13.0547263  13.0547263  
17.8099999  13.0543311  13.0543311  
17.8199999  13.0539197  13.0539197  
17.8299999  13.0534924  13.0534924  
17.8399999  13.0530492  13.0530492  
17.8499999  13.0525904  13.0525904  
17.8599999  13.0521161  13.0521161  
17.8699999  13.0516266  13.0516266  
17.8799999  13.0511221  13.0511221  
17.8899999  13.0506028  13.0506028  
17.9        13.0500689  13.0500689  
17.91       13.0495206  13.0495206  
17.92       13.0489582  13.0489582  
17.9300000  13.0483818  13.0483818  
17.9400000  13.0477918  13.0477918  
17.9500000  13.0471882  13.0471882  
17.9600000  13.0465714  13.0465714  
17.9700000  13.0459417  13.0459417  
17.9800000  13.0452992  13.0452992  
17.9900000  13.0446442  13.0446442  
18.0000000  13.0439770  13.0439770  
18.0100000  13.0432977  13.0432977  
18.0200000  13.0426067  13.0426067  
18.0300000  13.0419043  13.0419043  
18.0400000  13.0411907  13.0411907  
18.0500000  13.0404660  13.0404660  
18.0600000  13.0397308  13.0397308  
18.0700000  13.0389851  13.0389851  
18.0800000  13.0382293  13.0382293  
18.0900000  13.0374636  13.0374636  
18.1000000  13.0366883  13.0366883  
18.1100000  13.0359037  13.0359037  
18.1200000  13.0351101  13.0351101  
18.1300000  13.0343078  13.0343078  
18.1400000  13.0334971  13.0334971  
18.1500000  13.0326781  13.0326781  
18.1600000  13.0318513  13.0318513  
18.1700000  13.0310169  13.0310169  
18.1800000  13.0301753  13.0301753  
18.1900000  13.0293266  13.0293266  
18.2000000  13.0284712  13.0284712  
18.2100000  13.0276094  13.0276094  
18.2200000  13.0267416  13.0267416  
18.2300000  13.0258679  13.0258679  
18.2400000  13.0249887  13.0249887  
18.2500000  13.0241043  13.0241043  
18.2600000  13.0232150  13.0232150  
18.2700000  13.0223211  13.0223211  
18.2800000  13.0214229  13.0214229  
18.2900000  13.0205207  13.0205207  
18.3000000  13.0196148  13.0196148  
18.3100000  13.0187055  13.0187055  
18.3200000  13.0177931  13.0177931  
18.3300000  13.0168779  13.0168779  
18.3400000  13.0159603  13.0159603  
18.3500000  13.0150404  13.0150404  
18.3600000  13.0141187  13.0141187  
18.3700000  13.0131954  13.0131954  
18.3800000  13.0122709  13.0122709  
18.3900000  13.0113453  13.0113453  
18.4000000  13.0104191  13.0104191  
18.4100000  13.0094925  13.0094925  
18.4200000  13.0085659  13.0085659  
18.4300000  13.0076395  13.0076395  
18.4400000  13.0067136  13.0067136  
18.4500000  13.0057885  13.0057885  
18.4600000  13.0048645  13.0048645  
18.4700000  13.0039419  13.0039419  
18.4800000  13.0030211  13.0030211  
18.4900000  13.0021022  13.0021022  
18.5000000  13.0011856  13.0011856  
18.5100000  13.0002715  13.0002715  
18.5200000  12.9993603  12.9993603  
18.5300000  12.9984523  12.9984523  
18.5400000  12.9975477  12.9975477  
18.5500000  12.9966467  12.9966467  
18.5600000  12.9957498  12.9957498  
18.5700000  12.9948570  12.9948570  
18.5800000  12.9939688  12.9939688  
18.5900000  12.9930854  12.9930854  
18.6000000  12.9922071  12.9922071  
18.6100000  12.9913341  12.9913341  
18.6200000  12.9904667  12.9904667  
18.6300000  12.9896051  12.9896051  
18.6400000  12.9887497  12.9887497  
18.6500000  12.9879006  12.9879006  
18.6600000  12.9870581  12.9870581  
18.6700000  12.9862225  12.9862225  
18.6800000  12.9853940  12.9853940  
18.6900000  12.9845729  12.9845729  
18.7000000  12.9837594  12.9837594  
18.7100000  12.9829537  12.9829537  
18.7200000  12.9821561  12.9821561  
18.7300000  12.9813668  12.9813668  
18.7400000  12.9805860  12.9805860  
18.7500000  12.9798139  12.9798139  
18.7600000  12.9790509  12.9790509  
18.7700000  12.9782970  12.9782970  
18.7800000  12.9775525  12.9775525  
18.7900000  12.9768176  12.9768176  
18.8000000  12.9760925  12.9760925  
18.8100000  12.9753775  12.9753775  
18.8200000  12.9746727  12.9746727  
18.8300000  12.9739782  12.9739782  
18.8400000  12.9732944  12.9732944  
18.8500000  12.9726214  12.9726214  
18.8600000  12.9719593  12.9719593  
18.8700000  12.9713084  12.9713084  
18.8800000  12.9706687  12.9706687  
18.8900000  12.9700406  12.9700406  
18.9000000  12.9694241  12.9694241  
18.9100000  12.9688194  12.9688194  
18.9200000  12.9682267  12.9682267  
18.9300000  12.9676461  12.9676461  
18.9400000  12.9670778  12.9670778  
18.9500000  12.9665219  12.9665219  
18.9600000  12.9659785  12.9659785  
18.9700000  12.9654478  12.9654478  
18.9800000  12.9649300  12.9649300  
18.9900000  12.9644250  12.9644250  
19.0000000  12.9639332  12.9639332  
19.0100000  12.9634545  12.9634545  
19.0200000  12.9629891  12.9629891  
19.0300000  12.9625370  12.9625370  
19.0400000  12.9620985  12.9620985  
19.0500000  12.9616736  12.9616736  
19.0600000  12.9612623  12.9612623  
19.0700000  12.9608649  12.9608649  
19.0800000  12.9604813  12.9604813  
19.0900000  12.9601116  12.9601116  
19.1000000  12.9597559  12.9597559  
19.1100000  12.9594144  12.9594144  
19.1200000  12.9590869  12.9590869  
19.1300000  12.9587737  12.9587737  
19.1400000  12.9584747  12.9584747  
19.1500000  12.9581900  12.9581900  
19.1600000  12.9579197  12.9579197  
19.1700000  12.9576638  12.9576638  
19.1800000  12.9574223  12.9574223  
19.1900000  12.9571953  12.9571953  
19.2000000  12.9569828  12.9569828  
19.2100000  12.9567848  12.9567848  
19.2200000  12.9566013  12.9566013  
19.2300000  12.9564323  12.9564323  
19.2400000  12.9562779  12.9562779  
19.2500000  12.9561381  12.9561381  
19.2600000  12.9560128  12.9560128  
19.2700000  12.9559020  12.9559020  
19.2800000  12.9558058  12.9558058  
19.2900000  12.9557241  12.9557241  
19.3000000  12.9556569  12.9556569  
19.3100000  12.9556041  12.9556041  
19.3200000  12.9555658  12.9555658  
19.3300000  12.9555419  12.9555419  
19.3400000  12.9555324  12.9555324  
19.3500000  12.9555372  12.9555372  
19.3600000  12.9555563  12.9555563  
19.3700000  12.9555896  12.9555896  
19.3800000  12.9556370  12.9556370  
19.3900000  12.9556986  12.9556986  
19.4000000  12.9557742  12.9557742  
19.4100000  12.9558638  12.9558638  
19.4200000  12.9559673  12.9559673  
19.4300000  12.9560846  12.9560846  
19.4400000  12.9562157  12.9562157  
19.4500000  12.9563604  12.9563604  
19.4600000  12.9565187  12.9565187  
19.4700000  12.9566904  12.9566904  
19.4800000  12.9568755  12.9568755  
19.4900000  12.9570739  12.9570739  
19.5000000  12.9572854  12.9572854  
19.5100000  12.9575100  12.9575100  
19.5200000  12.9577476  12.9577476  
19.5300000  12.9579979  12.9579979  
19.5400000  12.9582609  12.9582609  
19.5500000  12.9585366  12.9585366  
19.5600000  12.9588246  12.9588246  
19.5700000  12.9591250  12.9591250  
19.5800000  12.9594375  12.9594375  
19.5900000  12.9597621  12.9597621  
19.6000000  12.9600986  12.9600986  
19.6100000  12.9604468  12.9604468  
19.6200000  12.9608066  12.9608066  
19.6300000  12.9611778  12.9611778  
19.6400000  12.9615604  12.9615604  
19.6500000  12.9619540  12.9619540  
19.6600000  12.9623587  12.9623587  
19.6700000  12.9627741  12.9627741  
19.6800000  12.9632001  12.9632001  
19.6900000  12.9636367  12.9636367  
19.7000000  12.9640835  12.9640835  
19.7100000  12.9645404  12.9645404  
19.7200000  12.9650072  12.9650072  
19.7300000  12.9654838  12.9654838  
19.7400000  12.9659700  12.9659700  
19.7500000  12.9664655  12.9664655  
19.7600000  12.9669702  12.9669702  
19.7700000  12.9674839  12.9674839  
19.7800000  12.9680064  12.9680064  
19.7900000  12.9685375  12.9685375  
19.8000000  12.9690771  12.9690771  
19.8100000  12.9696248  12.9696248  
19.8200000  12.9701805  12.9701805  
19.8300000  12.9707441  12.9707441  
19.8400000  12.9713152  12.9713152  
19.8500000  12.9718937  12.9718937  
19.8600000  12.9724794  12.9724794  
19.8700000  12.9730720  12.9730720  
19.8800000  12.9736714  12.9736714  
19.8900000  12.9742774  12.9742774  
19.9000000  12.9748896  12.9748896  
19.9100000  12.9755080  12.9755080  
19.9200000  12.9761323  12.9761323  
19.9300000  12.9767622  12.9767622  
19.9400000  12.9773975  12.9773975  
19.9500000  12.9780381  12.9780381  
19.9600000  12.9786837  12.9786837  
19.9700000  12.9793341  12.9793341  
19.9800000  12.9799890  12.9799890  
19.9900000  12.9806482  12.9806482  
20.0000000  12.9813116  12.9813116  
20.0100000  12.9819788  12.9819788  
20.0200000  12.9826496  12.9826496  
20.0300000  12.9833239  12.9833239  
20.0400000  12.9840014  12.9840014  
20.0500000  12.9846818  12.9846818  
20.0600000  12.9853650  12.9853650  
20.0700000  12.9860507  12.9860507  
20.0800000  12.9867387  12.9867387  
20.0900000  12.9874287  12.9874287  
20.1000000  12.9881205  12.9881205  
20.1100000  12.9888140  12.9888140  
20.1200000  12.9895088  12.9895088  
20.1300000  12.9902047  12.9902047  
20.1400000  12.9909016  12.9909016  
20.1500000  12.9915991  12.9915991  
20.1600000  12.9922971  12.9922971  
20.1700000  12.9929954  12.9929954  
20.1800000  12.9936936  12.9936936  
20.1900000  12.9943916  12.9943916  
20.2000000  12.9950892  12.9950892  
20.2100000  12.9957861  12.9957861  
20.2200000  12.9964821  12.9964821  
20.2300000  12.9971771  12.9971771  
20.2400000  12.9978707  12.9978707  
20.2500000  12.9985627  12.9985627  
20.2600000  12.9992530  12.9992530  
20.2700000  12.9999413  12.9999413  
20.2800000  13.0006274  13.0006274  
20.2900000  13.0013111  13.0013111  
20.3000000  13.0019922  13.0019922  
20.3100000  13.0026705  13.0026705  
20.3200000  13.0033457  13.0033457  
20.3300000  13.0040177  13.0040177  
20.3400000  13.0046862  13.0046862  
20.3500000  13.0053511  13.0053511  
20.3600000  13.0060121  13.0060121  
20.3700000  13.0066690  13.0066690  
20.3800000  13.0073217  13.0073217  
20.3900000  13.0079700  13.0079700  
20.4000000  13.0086136  13.0086136  
20.4100000  13.0092523  13.0092523  
20.4200000  13.0098861  13.0098861  
20.4300000  13.0105146  13.0105146  
20.4400000  13.0111377  13.0111377  
20.4500000  13.0117552  13.0117552  
20.4600000  13.0123670  13.0123670  
20.4700000  13.0129728  13.0129728  
20.4800000  13.0135726  13.0135726  
20.4900000  13.0141660  13.0141660  
20.5000000  13.0147529  13.0147529  
20.5100000  13.0153333  13.0153333  
20.5200000  13.0159068  13.0159068  
20.5300000  13.0164734  13.0164734  
20.5400000  13.0170328  13.0170328  
20.5500000  13.0175850  13.0175850  
20.5600000  13.0181298  13.0181298  
20.5700000  13.0186670  13.0186670  
20.5800000  13.0191964  13.0191964  
20.5900000  13.0197180  13.0197180  
20.6000000  13.0202316  13.0202316  
20.6100000  13.0207370  13.0207370  
20.6200000  13.0212341  13.0212341  
20.6300000  13.0217228  13.0217228  
20.6400000  13.0222029  13.0222029  
20.6500000  13.0226744  13.0226744  
20.6600000  13.0231371  13.0231371  
20.6700000  13.0235908  13.0235908  
20.6800000  13.0240355  13.0240355  
20.6900000  13.0244710  13.0244710  
20.7000000  13.0248973  13.0248973  
20.7100000  13.0253142  13.0253142  
20.7200000  13.0257216  13.0257216  
20.7300000  13.0261194  13.0261194  
20.7400000  13.0265076  13.0265076  
20.7500000  13.0268860  13.0268860  
20.7600000  13.0272545  13.0272545  
20.7700000  13.0276131  13.0276131  
20.7800000  13.0279617  13.0279617  
20.7900000  13.0283001  13.0283001  
20.8000000  13.0286284  13.0286284  
20.8100000  13.0289464  13.0289464  
20.8200000  13.0292541  13.0292541  
20.8300000  13.0295514  13.0295514  
20.8400000  13.0298382  13.0298382  
20.8500000  13.0301145  13.0301145  
20.8600000  13.0303803  13.0303803  
20.8700000  13.0306354  13.0306354  
20.8800000  13.0308799  13.0308799  
20.8900000  13.0311136  13.0311136  
20.9000000  13.0313366  13.0313366  
20.9100000  13.0315488  13.0315488  
20.9200000  13.0317502  13.0317502  
20.9300000  13.0319408  13.0319408  
20.9400000  13.0321204  13.0321204  
20.9500000  13.0322892  13.0322892  
20.9600000  13.0324470  13.0324470  
20.9700000  13.0325939  13.0325939  
20.9800000  13.0327298  13.0327298  
20.9900000  13.0328548  13.0328548  
21.0000000  13.0329688  13.0329688  
21.0100000  13.0330718  13.0330718  
21.0200000  13.0331639  13.0331639  
21.0300000  13.0332451  13.0332451  
21.0400000  13.0333153  13.0333153  
21.0500000  13.0333745  13.0333745  
21.0600000  13.0334228  13.0334228  
21.0700000  13.0334603  13.0334603  
21.0800000  13.0334868  13.0334868  
21.0900000  13.0335025  13.0335025  
21.1000000  13.0335074  13.0335074  
21.1100000  13.0335015  13.0335015  
21.1200000  13.0334849  13.0334849  
21.1300000  13.0334575  13.0334575  
21.1400000  13.0334195  13.0334195  
21.1500000  13.0333708  13.0333708  
21.1600000  13.0333116  13.0333116  
21.1700000  13.0332418  13.0332418  
21.1800000  13.0331616  13.0331616  
21.1900000  13.0330710  13.0330710  
21.2000000  13.0329701  13.0329701  
21.2100000  13.0328589  13.0328589  
21.2200000  13.0327375  13.0327375  
21.2300000  13.0326059  13.0326059  
21.2400000  13.0324643  13.0324643  
21.2500000  13.0323127  13.0323127  
21.2600000  13.0321512  13.0321512  
21.2700000  13.0319799  13.0319799  
21.2800000  13.0317988  13.0317988  
21.2900000  13.0316082  13.0316082  
21.3000000  13.0314079  13.0314079  
21.3100000  13.0311983  13.0311983  
21.3200000  13.0309792  13.0309792  
21.3300000  13.0307509  13.0307509  
21.3400000  13.0305135  13.0305135  
21.3500000  13.0302670  13.0302670  
21.3600000  13.0300116  13.0300116  
21.3700000  13.0297473  13.0297473  
21.3800000  13.0294744  13.0294744  
21.3900000  13.0291928  13.0291928  
21.4000000  13.0289028  13.0289028  
21.4100000  13.0286044  13.0286044  
21.4200000  13.0282977  13.0282977  
21.4300000  13.0279830  13.0279830  
21.4400000  13.0276603  13.0276603  
21.4500000  13.0273297  13.0273297  
21.4600000  13.0269914  13.0269914  
21.4700000  13.0266455  13.0266455  
21.4800000  13.0262921  13.0262921  
21.4900000  13.0259315  13.0259315  
21.5000000  13.0255636  13.0255636  
21.5100000  13.0251888  13.0251888  
21.5200000  13.0248070  13.0248070  
21.5300000  13.0244185  13.0244185  
21.5400000  13.0240234  13.0240234  
21.5500000  13.0236218  13.0236218  
21.5600000  13.0232139  13.0232139  
21.5700000  13.0227999  13.0227999  
21.5800000  13.0223799  13.0223799  
21.5900000  13.0219540  13.0219540  
21.6000000  13.0215225  13.0215225  
21.6100000  13.0210854  13.0210854  
21.6200000  13.0206429  13.0206429  
21.6300000  13.0201953  13.0201953  
21.6400000  13.0197425  13.0197425  
21.6500000  13.0192849  13.0192849  
21.6600000  13.0188226  13.0188226  
21.6700000  13.0183557  13.0183557  
21.6800000  13.0178844  13.0178844  
21.6900000  13.0174088  13.0174088  
21.7000000  13.0169292  13.0169292  
21.7100000  13.0164457  13.0164457  
21.7200000  13.0159585  13.0159585  
21.7300000  13.0154677  13.0154677  
21.7400000  13.0149735  13.0149735  
21.7500000  13.0144760  13.0144760  
21.7600000  13.0139756  13.0139756  
21.7700000  13.0134722  13.0134722  
21.7800000  13.0129661  13.0129661  
21.7900000  13.0124575  13.0124575  
21.8000000  13.0119465  13.0119465  
21.8100000  13.0114333  13.0114333  
21.8200000  13.0109181  13.0109181  
21.8300000  13.0104011  13.0104011  
21.8400000  13.0098823  13.0098823  
21.8500000  13.0093621  13.0093621  
21.8600000  13.0088405  13.0088405  
21.8700000  13.0083177  13.0083177  
21.8800000  13.0077940  13.0077940  
21.8900000  13.0072694  13.0072694  
21.9000000  13.0067442  13.0067442  
21.9100000  13.0062185  13.0062185  
21.9200000  13.0056925  13.0056925  
21.9300000  13.0051663  13.0051663  
21.9400000  13.0046402  13.0046402  
21.9500000  13.0041143  13.0041143  
21.9600000  13.0035888  13.0035888  
21.9700000  13.0030637  13.0030637  
21.9800000  13.0025394  13.0025394  
21.9900000  13.0020160  13.0020160  
22.0000000  13.0014936  13.0014936  
22.0100000  13.0009724  13.0009724  
22.0200000  13.0004525  13.0004525  
22.0300000  12.9999342  12.9999342  
22.0400000  12.9994176  12.9994176  
22.0500000  12.9989028  12.9989028  
22.0600000  12.9983900  12.9983900  
22.0700000  12.9978794  12.9978794  
22.0800000  12.9973711  12.9973711  
22.0900000  12.9968653  12.9968653  
22.1000000  12.9963621  12.9963621  
22.1100000  12.9958617  12.9958617  
22.1200000  12.9953643  12.9953643  
22.1300000  12.9948699  12.9948699  
22.1400000  12.9943788  12.9943788  
22.1500000  12.9938911  12.9938911  
22.1600000  12.9934069  12.9934069  
22.1700000  12.9929263  12.9929263  
22.1800000  12.9924496  12.9924496  
22.1900000  12.9919769  12.9919769  
22.2000000  12.9915082  12.9915082  
22.2100000  12.9910438  12.9910438  
22.2200000  12.9905838  12.9905838  
22.2300000  12.9901282  12.9901282  
22.2400000  12.9896773  12.9896773  
22.2500000  12.9892312  12.9892312  
22.2600000  12.9887899  12.9887899  
22.2700000  12.9883537  12.9883537  
22.2800000  12.9879227  12.9879227  
22.2900000  12.9874969  12.9874969  
22.3000000  12.9870764  12.9870764  
22.3100000  12.9866615  12.9866615  
22.3200000  12.9862523  12.9862523  
22.3300000  12.9858487  12.9858487  
22.3400000  12.9854510  12.9854510  
22.3500000  12.9850592  12.9850592  
22.3600000  12.9846736  12.9846736  
22.3700000  12.9842940  12.9842940  
22.3800000  12.9839208  12.9839208  
22.3900000  12.9835539  12.9835539  
22.4000000  12.9831935  12.9831935  
22.4100000  12.9828396  12.9828396  
22.4200000  12.9824924  12.9824924  
22.4300000  12.9821520  12.9821520  
22.4400000  12.9818183  12.9818183  
22.4500000  12.9814916  12.9814916  
22.4600000  12.9811719  12.9811719  
22.4700000  12.9808593  12.9808593  
22.4800000  12.9805538  12.9805538  
22.4900000  12.9802556  12.9802556  
22.5000000  12.9799646  12.9799646  
22.5100000  12.9796811  12.9796811  
22.5200000  12.9794050  12.9794050  
22.5300000  12.9791364  12.9791364  
22.5400000  12.9788753  12.9788753  
22.5500000  12.9786219  12.9786219  
22.5600000  12.9783762  12.9783762  
22.5700000  12.9781382  12.9781382  
22.5800000  12.9779080  12.9779080  
22.5900000  12.9776857  12.9776857  
22.6000000  12.9774712  12.9774712  
22.6100000  12.9772647  12.9772647  
22.6200000  12.9770662  12.9770662  
22.6300000  12.9768756  12.9768756  
22.6400000  12.9766931  12.9766931  
22.6500000  12.9765187  12.9765187  
22.6600000  12.9763524  12.9763524  
22.6700000  12.9761942  12.9761942  
22.6800000  12.9760442  12.9760442  
22.6900000  12.9759024  12.9759024  
22.7000000  12.9757688  12.9757688  
22.7100000  12.9756433  12.9756433  
22.7200000  12.9755262  12.9755262  
22.7300000  12.9754172  12.9754172  
22.7400000  12.9753166  12.9753166  
22.7500000  12.9752241  12.9752241  
22.7600000  12.9751400  12.9751400  
22.7700000  12.9750641  12.9750641  
22.7800000  12.9749964  12.9749964  
22.7900000  12.9749371  12.9749371  
22.8000000  12.9748859  12.9748859  
22.8100000  12.9748430  12.9748430  
22.8200000  12.9748084  12.9748084  
22.8300000  12.9747819  12.9747819  
22.8400000  12.9747636  12.9747636  
22.8500000  12.9747535  12.9747535  
22.8600000  12.9747516  12.9747516  
22.8700000  12.9747577  12.9747577  
22.8800000  12.9747720  12.9747720  
22.8900000  12.9747943  12.9747943  
22.9000000  12.9748247  12.9748247  
22.9100000  12.9748630  12.9748630  
22.9200000  12.9749094  12.9749094  
22.9300000  12.9749636  12.9749636  
22.9400000  12.9750257  12.9750257  
22.9500000  12.9750956  12.9750956  
22.9600000  12.9751733  12.9751733  
22.9700000  12.9752588  12.9752588  
22.9800000  12.9753519  12.9753519  
22.9900000  12.9754526  12.9754526  
23.0000000  12.9755610  12.9755610  
23.0100000  12.9756768  12.9756768  
23.0200000  12.9758000  12.9758000  
23.0300000  12.9759307  12.9759307  
23.0400000  12.9760687  12.9760687  
23.0500000  12.9762139  12.9762139  
23.0600000  12.9763663  12.9763663  
23.0700000  12.9765258  12.9765258  
23.0800000  12.9766923  12.9766923  
23.0900000  12.9768658  12.9768658  
23.1000000  12.9770462  12.9770462  
23.1100000  12.9772333  12.9772333  
23.1200000  12.9774272  12.9774272  
23.1300000  12.9776277  12.9776277  
23.1400000  12.9778348  12.9778348  
23.1500000  12.9780483  12.9780483  
23.1600000  12.9782682  12.9782682  
23.1700000  12.9784944  12.9784944  
23.1800000  12.9787268  12.9787268  
23.1900000  12.9789652  12.9789652  
23.2000000  12.9792097  12.9792097  
23.2100000  12.9794600  12.9794600  
23.2200000  12.9797162  12.9797162  
23.2300000  12.9799780  12.9799780  
23.2400000  12.9802454  12.9802454  
23.2500000  12.9805184  12.9805184  
23.2600000  12.9807967  12.9807967  
23.2700000  12.9810803  12.9810803  
23.2800000  12.9813690  12.9813690  
23.2900000  12.9816628  12.9816628  
23.3000000  12.9819616  12.9819616  
23.3100000  12.9822652  12.9822652  
23.3200000  12.9825736  12.9825736  
23.3300000  12.9828865  12.9828865  
23.3400000  12.9832039  12.9832039  
23.3500000  12.9835258  12.9835258  
23.3600000  12.9838518  12.9838518  
23.3700000  12.9841821  12.9841821  
23.3800000  12.9845163  12.9845163  
23.3900000  12.9848545  12.9848545  
23.4000000  12.9851964  12.9851964  
23.4100000  12.9855420  12.9855420  
23.4200000  12.9858911  12.9858911  
23.4300000  12.9862436  12.9862436  
23.4400000  12.9865995  12.9865995  
23.4500000  12.9869585  12.9869585  
23.4600000  12.9873205  12.9873205  
23.4700000  12.9876854  12.9876854  
23.4800000  12.9880532  12.9880532  
23.4900000  12.9884235  12.9884235  
23.5000000  12.9887965  12.9887965  
23.5100000  12.9891718  12.9891718  
23.5200000  12.9895494  12.9895494  
23.5300000  12.9899291  12.9899291  
23.5400000  12.9903109  12.9903109  
23.5500000  12.9906945  12.9906945  
23.5600000  12.9910799  12.9910799  
23.5700000  12.9914669  12.9914669  
23.5800000  12.9918555  12.9918555  
23.5900000  12.9922454  12.9922454  
23.6000000  12.9926365  12.9926365  
23.6100000  12.9930288  12.9930288  
23.6200000  12.9934220  12.9934220  
23.6300000  12.9938161  12.9938161  
23.6400000  12.9942109  12.9942109  
23.6500000  12.9946062  12.9946062  
23.6600000  12.9950021  12.9950021  
23.6700000  12.9953983  12.9953983  
23.6800000  12.9957947  12.9957947  
23.6900000  12.9961912  12.9961912  
23.7000000  12.9965876  12.9965876  
23.7100000  12.9969838  12.9969838  
23.7200000  12.9973798  12.9973798  
23.7300000  12.9977753  12.9977753  
23.7400000  12.9981702  12.9981702  
23.7500000  12.9985645  12.9985645  
23.7600000  12.9989580  12.9989580  
23.7700000  12.9993505  12.9993505  
23.7800000  12.9997420  12.9997420  
23.7900000  13.0001323  13.0001323  
23.8000000  13.0005213  13.0005213  
23.8100000  13.0009089  13.0009089  
23.8200000  13.0012949  13.0012949  
23.8300000  13.0016793  13.0016793  
23.8400000  13.0020619  13.0020619  
23.8500000  13.0024427  13.0024427  
23.8600000  13.0028214  13.0028214  
23.8700000  13.0031980  13.0031980  
23.8800000  13.0035723  13.0035723  
23.8900000  13.0039443  13.0039443  
23.9000000  13.0043139  13.0043139  
23.9100000  13.0046808  13.0046808  
23.9200000  13.0050451  13.0050451  
23.9300000  13.0054066  13.0054066  
23.9400000  13.0057652  13.0057652  
23.9500000  13.0061208  13.0061208  
23.9600000  13.0064733  13.0064733  
23.9700000  13.0068225  13.0068225  
23.9800000  13.0071685  13.0071685  
23.9900000  13.0075110  13.0075110  
24.0000000  13.0078500  13.0078500  
24.0100000  13.0081854  13.0081854  
24.0200000  13.0085171  13.0085171  
24.0300000  13.0088450  13.0088450  
24.0400000  13.0091689  13.0091689  
24.0500000  13.0094889  13.0094889  
24.0600000  13.0098049  13.0098049  
24.0700000  13.0101166  13.0101166  
24.0800000  13.0104241  13.0104241  
24.0900000  13.0107273  13.0107273  
24.1000000  13.0110260  13.0110260  
24.1100000  13.0113202  13.0113202  
24.1200000  13.0116099  13.0116099  
24.1300000  13.0118948  13.0118948  
24.1400000  13.0121751  13.0121751  
24.1500000  13.0124505  13.0124505  
24.1600000  13.0127211  13.0127211  
24.1700000  13.0129866  13.0129866  
24.1800000  13.0132472  13.0132472  
24.1900000  13.0135026  13.0135026  
24.2000000  13.0137529  13.0137529  
24.2100000  13.0139980  13.0139980  
24.2200000  13.0142378  13.0142378  
24.2300000  13.0144722  13.0144722  
24.2400000  13.0147012  13.0147012  
24.2500000  13.0149248  13.0149248  
24.2600000  13.0151429  13.0151429  
24.2700000  13.0153553  13.0153553  
24.2800000  13.0155622  13.0155622  
24.2900000  13.0157634  13.0157634  
24.3000000  13.0159589  13.0159589  
24.3100000  13.0161486  13.0161486  
24.3200000  13.0163325  13.0163325  
24.3300000  13.0165106  13.0165106  
24.3400000  13.0166828  13.0166828  
24.3500000  13.0168491  13.0168491  
24.3600000  13.0170094  13.0170094  
24.3700000  13.0171638  13.0171638  
24.3800000  13.0173121  13.0173121  
24.3900000  13.0174544  13.0174544  
24.4000000  13.0175906  13.0175906  
24.4100000  13.0177207  13.0177207  
24.4200000  13.0178448  13.0178448  
24.4300000  13.0179626  13.0179626  
24.4400000  13.0180744  13.0180744  
24.4500000  13.0181799  13.0181799  
24.4600000  13.0182793  13.0182793  
24.4700000  13.0183725  13.0183725  
24.4800000  13.0184595  13.0184595  
24.4900000  13.0185402  13.0185402  
24.5000000  13.0186148  13.0186148  
24.5100000  13.0186831  13.0186831  
24.5200000  13.0187452  13.0187452  
24.5300000  13.0188010  13.0188010  
24.5400000  13.0188507  13.0188507  
24.5500000  13.0188941  13.0188941  
24.5600000  13.0189313  13.0189313  
24.5700000  13.0189623  13.0189623  
24.5800000  13.0189871  13.0189871  
24.5900000  13.0190058  13.0190058  
24.6000000  13.0190182  13.0190182  
24.6100000  13.0190245  13.0190245  
24.6200000  13.0190247  13.0190247  
24.6300000  13.0190188  13.0190188  
24.6400000  13.0190067  13.0190067  
24.6500000  13.0189886  13.0189886  
24.6600000  13.0189645  13.0189645  
24.6700000  13.0189343  13.0189343  
24.6800000  13.0188981  13.0188981  
24.6900000  13.0188560  13.0188560  
24.7000000  13.0188079  13.0188079  
24.7100000  13.0187540  13.0187540  
24.7200000  13.0186942  13.0186942  
24.7300000  13.0186286  13.0186286  
24.7400000  13.0185572  13.0185572  
24.7500000  13.0184801  13.0184801  
24.7600000  13.0183972  13.0183972  
24.7700000  13.0183088  13.0183088  
24.7800000  13.0182147  13.0182147  
24.7900000  13.0181151  13.0181151  
24.8000000  13.0180100  13.0180100  
24.8100000  13.0178994  13.0178994  
24.8200000  13.0177834  13.0177834  
24.8300000  13.0176621  13.0176621  
24.8400000  13.0175355  13.0175355  
24.8500000  13.0174036  13.0174036  
24.8600000  13.0172666  13.0172666  
24.8700000  13.0171245  13.0171245  
24.8800000  13.0169773  13.0169773  
24.8900000  13.0168252  13.0168252  
24.9000000  13.0166681  13.0166681  
24.9100000  13.0165062  13.0165062  
24.9200000  13.0163395  13.0163395  
24.9300000  13.0161681  13.0161681  
24.9400000  13.0159920  13.0159920  
24.9500000  13.0158114  13.0158114  
24.9600000  13.0156262  13.0156262  
24.9700000  13.0154366  13.0154366  
24.9800000  13.0152427  13.0152427  
24.9900000  13.0150445  13.0150445  
25.0000000  13.0148421  13.0148421  
25.0100000  13.0146356  13.0146356  
25.0200000  13.0144250  13.0144250  
25.0300000  13.0142105  13.0142105  
25.0400000  13.0139921  13.0139921  
25.0500000  13.0137699  13.0137699  
25.0600000  13.0135440  13.0135440  
25.0700000  13.0133144  13.0133144  
25.0800000  13.0130813  13.0130813  
25.0900000  13.0128448  13.0128448  
25.1000000  13.0126049  13.0126049  
25.1100000  13.0123617  13.0123617  
25.1200000  13.0121153  13.0121153  
25.1300000  13.0118659  13.0118659  
25.1400000  13.0116134  13.0116134  
25.1500000  13.0113579  13.0113579  
25.1600000  13.0110997  13.0110997  
25.1700000  13.0108387  13.0108387  
25.1800000  13.0105751  13.0105751  
25.1900000  13.0103089  13.0103089  
25.2000000  13.0100403  13.0100403  
25.2100000  13.0097693  13.0097693  
25.2200000  13.0094960  13.0094960  
25.2300000  13.0092206  13.0092206  
25.2400000  13.0089430  13.0089430  
25.2500000  13.0086635  13.0086635  
25.2600000  13.0083821  13.0083821  
25.2700000  13.0080989  13.0080989  
25.2800000  13.0078141  13.0078141  
25.2900000  13.0075276  13.0075276  
25.3000000  13.0072396  13.0072396  
25.3100000  13.0069502  13.0069502  
25.3200000  13.0066596  13.0066596  
25.3300000  13.0063677  13.0063677  
25.3400000  13.0060747  13.0060747  
25.3500000  13.0057807  13.0057807  
25.3600000  13.0054858  13.0054858  
25.3700000  13.0051900  13.0051900  
25.3800000  13.0048936  13.0048936  
25.3900000  13.0045965  13.0045965  
25.4000000  13.0042989  13.0042989  
25.4100000  13.0040009  13.0040009  
25.4200000  13.0037026  13.0037026  
25.4300000  13.0034040  13.0034040  
25.4400000  13.0031053  13.0031053  
25.4500000  13.0028065  13.0028065  
25.4600000  13.0025078  13.0025078  
25.4700000  13.0022093  13.0022093  
25.4800000  13.0019110  13.0019110  
25.4900000  13.0016131  13.0016131  
25.5000000  13.0013156  13.0013156  
25.5100000  13.0010186  13.0010186  
25.5200000  13.0007222  13.0007222  
25.5300000  13.0004266  13.0004266  
25.5400000  13.0001318  13.0001318  
25.5500000  12.9998379  12.9998379  
25.5600000  12.9995450  12.9995450  
25.5700000  12.9992532  12.9992532  
25.5800000  12.9989625  12.9989625  
25.5900000  12.9986732  12.9986732  
25.6000000  12.9983851  12.9983851  
25.6100000  12.9980986  12.9980986  
25.6200000  12.9978135  12.9978135  
25.6300000  12.9975301  12.9975301  
25.6400000  12.9972484  12.9972484  
25.6500000  12.9969685  12.9969685  
25.6600000  12.9966904  12.9966904  
25.6700000  12.9964143  12.9964143  
25.6800000  12.9961403  12.9961403  
25.6900000  12.9958683  12.9958683  
25.7000000  12.9955986  12.9955986  
25.7100000  12.9953312  12.9953312  
25.7200000  12.9950661  12.9950661  
25.7300000  12.9948034  12.9948034  
25.7400000  12.9945433  12.9945433  
25.7500000  12.9942857  12.9942857  
25.7600000  12.9940309  12.9940309  
25.7700000  12.9937787  12.9937787  
25.7800000  12.9935294  12.9935294  
25.7900000  12.9932829  12.9932829  
25.8000000  12.9930394  12.9930394  
25.8100000  12.9927990  12.9927990  
25.8200000  12.9925616  12.9925616  
25.8300000  12.9923273  12.9923273  
25.8400000  12.9920963  12.9920963  
25.8500000  12.9918686  12.9918686  
25.8600000  12.9916442  12.9916442  
25.8700000  12.9914232  12.9914232  
25.8800000  12.9912057  12.9912057  
25.8900000  12.9909917  12.9909917  
25.9000000  12.9907813  12.9907813  
25.9100000  12.9905746  12.9905746  
25.9200000  12.9903715  12.9903715  
25.9300000  12.9901722  12.9901722  
25.9400000  12.9899767  12.9899767  
25.9500000  12.9897850  12.9897850  
25.9600000  12.9895972  12.9895972  
25.9700000  12.9894134  12.9894134  
25.9800000  12.9892336  12.9892336  
25.9900000  12.9890578  12.9890578  
26.0000000  12.9888861  12.9888861  
26.0100000  12.9887185  12.9887185  
26.0200000  12.9885551  12.9885551  
26.0300000  12.9883959  12.9883959  
26.0400000  12.9882409  12.9882409  
26.0500000  12.9880902  12.9880902  
26.0600000  12.9879438  12.9879438  
26.0700000  12.9878018  12.9878018  
26.0800000  12.9876641  12.9876641  
26.0900000  12.9875309  12.9875309  
26.1000000  12.9874021  12.9874021  
26.1100000  12.9872777  12.9872777  
26.1200000  12.9871579  12.9871579  
26.1300000  12.9870425  12.9870425  
26.1400000  12.9869317  12.9869317  
26.1500000  12.9868255  12.9868255  
26.1600000  12.9867238  12.9867238  
26.1700000  12.9866267  12.9866267  
26.1800000  12.9865342  12.9865342  
26.1900000  12.9864464  12.9864464  
26.2000000  12.9863632  12.9863632  
26.2100000  12.9862846  12.9862846  
26.2200000  12.9862107  12.9862107  
26.2300000  12.9861415  12.9861415  
26.2400000  12.9860770  12.9860770  
26.2500000  12.9860171  12.9860171  
26.2600000  12.9859619  12.9859619  
26.2700000  12.9859114  12.9859114  
26.2800000  12.9858657  12.9858657  
26.2900000  12.9858246  12.9858246  
26.3000000  12.9857881  12.9857881  
26.3100000  12.9857564  12.9857564  
26.3200000  12.9857294  12.9857294  
26.3300000  12.9857070  12.9857070  
26.3400000  12.9856893  12.9856893  
26.3500000  12.9856762  12.9856762  
26.3600000  12.9856678  12.9856678  
26.3700000  12.9856641  12.9856641  
26.3800000  12.9856649  12.9856649  
26.3900000  12.9856704  12.9856704  
26.4000000  12.9856804  12.9856804  
26.4100000  12.9856950  12.9856950  
26.4200000  12.9857142  12.9857142  
26.4300000  12.9857379  12.9857379  
26.4400000  12.9857661  12.9857661  
26.4500000  12.9857988  12.9857988  
26.4600000  12.9858360  12.9858360  
26.4700000  12.9858775  12.9858775  
26.4800000  12.9859235  12.9859235  
26.4900000  12.9859739  12.9859739  
26.5000000  12.9860286  12.9860286  
26.5100000  12.9860877  12.9860877  
26.5200000  12.9861510  12.9861510  
26.5300000  12.9862185  12.9862185  
26.5400000  12.9862903  12.9862903  
26.5500000  12.9863663  12.9863663  
26.5600000  12.9864463  12.9864463  
26.5700000  12.9865305  12.9865305  
26.5800000  12.9866188  12.9866188  
26.5900000  12.9867111  12.9867111  
26.6000000  12.9868073  12.9868073  
26.6100000  12.9869075  12.9869075  
26.6200000  12.9870115  12.9870115  
26.6300000  12.9871194  12.9871194  
26.6400000  12.9872311  12.9872311  
26.6500000  12.9873466  12.9873466  
26.6600000  12.9874657  12.9874657  
26.6700000  12.9875885  12.9875885  
26.6800000  12.9877149  12.9877149  
26.6900000  12.9878448  12.9878448  
26.7000000  12.9879782  12.9879782  
26.7100000  12.9881150  12.9881150  
26.7200000  12.9882553  12.9882553  
26.7300000  12.9883988  12.9883988  
26.7400000  12.9885456  12.9885456  
26.7500000  12.9886957  12.9886957  
26.7600000  12.9888488  12.9888488  
26.7700000  12.9890051  12.9890051  
26.7800000  12.9891644  12.9891644  
26.7900000  12.9893267  12.9893267  
26.8000000  12.9894919  12.9894919  
26.8100000  12.9896599  12.9896599  
26.8200000  12.9898307  12.9898307  
26.8300000  12.9900043  12.9900043  
26.8400000  12.9901804  12.9901804  
26.8500000  12.9903592  12.9903592  
26.8600000  12.9905405  12.9905405  
26.8700000  12.9907243  12.9907243  
26.8800000  12.9909105  12.9909105  
26.8900000  12.9910989  12.9910989  
26.9000000  12.9912897  12.9912897  
26.9100000  12.9914826  12.9914826  
26.9200000  12.9916776  12.9916776  
26.9300000  12.9918747  12.9918747  
26.9400000  12.9920738  12.9920738  
26.9500000  12.9922747  12.9922747  
26.9600000  12.9924776  12.9924776  
26.9700000  12.9926821  12.9926821  
26.9800000  12.9928884  12.9928884  
26.9900000  12.9930963  12.9930963  
27.0000000  12.9933057  12.9933057  
27.0100000  12.9935167  12.9935167  
27.0200000  12.9937290  12.9937290  
27.0300000  12.9939427  12.9939427  
27.0400000  12.9941576  12.9941576  
27.0500000  12.9943737  12.9943737  
27.0600000  12.9945909  12.9945909  
27.0700000  12.9948092  12.9948092  
27.0800000  12.9950284  12.9950284  
27.0900000  12.9952485  12.9952485  
27.1000000  12.9954695  12.9954695  
27.1100000  12.9956912  12.9956912  
27.1200000  12.9959135  12.9959135  
27.1300000  12.9961365  12.9961365  
27.1400000  12.9963600  12.9963600  
27.1500000  12.9965839  12.9965839  
27.1600000  12.9968082  12.9968082  
27.1700000  12.9970329  12.9970329  
27.1800000  12.9972577  12.9972577  
27.1900000  12.9974827  12.9974827  
27.2000000  12.9977078  12.9977078  
27.2100000  12.9979329  12.9979329  
27.2200000  12.9981580  12.9981580  
27.2300000  12.9983829  12.9983829  
27.2400000  12.9986076  12.9986076  
27.2500000  12.9988321  12.9988321  
27.2600000  12.9990562  12.9990562  
27.2700000  12.9992798  12.9992798  
27.2800000  12.9995030  12.9995030  
27.2900000  12.9997257  12.9997257  
27.3000000  12.9999477  12.9999477  
27.3100000  13.0001690  13.0001690  
27.3200000  13.0003895  13.0003895  
27.3300000  13.0006092  13.0006092  
27.3400000  13.0008281  13.0008281  
27.3500000  13.0010459  13.0010459  
27.3600000  13.0012627  13.0012627  
27.3700000  13.0014784  13.0014784  
27.3800000  13.0016929  13.0016929  
27.3900000  13.0019062  13.0019062  
27.4000000  13.0021182  13.0021182  
27.4100000  13.0023289  13.0023289  
27.4200000  13.0025381  13.0025381  
27.4300000  13.0027458  13.0027458  
27.4400000  13.0029520  13.0029520  
27.4500000  13.0031565  13.0031565  
27.4600000  13.0033594  13.0033594  
27.4700000  13.0035606  13.0035606  
27.4800000  13.0037599  13.0037599  
27.4900000  13.0039574  13.0039574  
27.5000000  13.0041530  13.0041530  
27.5100000  13.0043467  13.0043467  
27.5200000  13.0045383  13.0045383  
27.5300000  13.0047279  13.0047279  
27.5400000  13.0049153  13.0049153  
27.5500000  13.0051005  13.0051005  
27.5600000  13.0052835  13.0052835  
27.5700000  13.0054642  13.0054642  
27.5800000  13.0056426  13.0056426  
27.5900000  13.0058186  13.0058186  
27.6000000  13.0059922  13.0059922  
27.6100000  13.0061632  13.0061632  
27.6200000  13.0063318  13.0063318  
27.6300000  13.0064977  13.0064977  
27.6400000  13.0066611  13.0066611  
27.6500000  13.0068218  13.0068218  
27.6600000  13.0069797  13.0069797  
27.6700000  13.0071349  13.0071349  
27.6800000  13.0072873  13.0072873  
27.6900000  13.0074369  13.0074369  
27.7000000  13.0075837  13.0075837  
27.7100000  13.0077275  13.0077275  
27.7200000  13.0078683  13.0078683  
27.7300000  13.0080062  13.0080062  
27.7400000  13.0081411  13.0081411  
27.7500000  13.0082729  13.0082729  
27.7600000  13.0084016  13.0084016  
27.7700000  13.0085272  13.0085272  
27.7800000  13.0086497  13.0086497  
27.7900000  13.0087690  13.0087690  
27.8000000  13.0088851  13.0088851  
27.8100000  13.0089979  13.0089979  
27.8200000  13.0091075  13.0091075  
27.8300000  13.0092139  13.0092139  
27.8400000  13.0093169  13.0093169  
27.8500000  13.0094166  13.0094166  
27.8600000  13.0095129  13.0095129  
27.8700000  13.0096059  13.0096059  
27.8800000  13.0096955  13.0096955  
27.8900000  13.0097817  13.0097817  
27.9000000  13.0098645  13.0098645  
27.9100000  13.0099438  13.0099438  
27.9200000  13.0100197  13.0100197  
27.9300000  13.0100921  13.0100921  
27.9400000  13.0101610  13.0101610  
27.9500000  13.0102265  13.0102265  
27.9600000  13.0102884  13.0102884  
27.9700000  13.0103469  13.0103469  
27.9800000  13.0104018  13.0104018  
27.9900000  13.0104532  13.0104532  
28.0000000  13.0105011  13.0105011  
28.0100000  13.0105455  13.0105455  
28.0200000  13.0105863  13.0105863  
28.0300000  13.0106236  13.0106236  
28.0400000  13.0106573  13.0106573  
28.0500000  13.0106876  13.0106876  
28.0600000  13.0107143  13.0107143  
28.0700000  13.0107374  13.0107374  
28.0800000  13.0107570  13.0107570  
28.0900000  13.0107732  13.0107732  
28.1000000  13.0107857  13.0107857  
28.1100000  13.0107948  13.0107948  
28.1200000  13.0108004  13.0108004  
28.1300000  13.0108025  13.0108025  
28.1400000  13.0108011  13.0108011  
28.1500000  13.0107963  13.0107963  
28.1600000  13.0107880  13.0107880  
28.1700000  13.0107762  13.0107762  
28.1800000  13.0107611  13.0107611  
28.1900000  13.0107425  13.0107425  
28.2000000  13.0107205  13.0107205  
28.2100000  13.0106952  13.0106952  
28.2200000  13.0106665  13.0106665  
28.2300000  13.0106344  13.0106344  
28.2400000  13.0105991  13.0105991  
28.2500000  13.0105604  13.0105604  
28.2600000  13.0105185  13.0105185  
28.2700000  13.0104733  13.0104733  
28.2800000  13.0104249  13.0104249  
28.2900000  13.0103733  13.0103733  
28.3000000  13.0103186  13.0103186  
28.3100000  13.0102607  13.0102607  
28.3200000  13.0101997  13.0101997  
28.3300000  13.0101356  13.0101356  
28.3400000  13.0100685  13.0100685  
28.3500000  13.0099983  13.0099983  
28.3600000  13.0099251  13.0099251  
28.3700000  13.0098490  13.0098490  
28.3800000  13.0097700  13.0097700  
28.3900000  13.0096881  13.0096881  
28.4000000  13.0096033  13.0096033  
28.4100000  13.0095157  13.0095157  
28.4200000  13.0094254  13.0094254  
28.4300000  13.0093323  13.0093323  
28.4400000  13.0092365  13.0092365  
28.4500000  13.0091380  13.0091380  
28.4600000  13.0090369  13.0090369  
28.4700000  13.0089333  13.0089333  
28.4800000  13.0088271  13.0088271  
28.4900000  13.0087184  13.0087184  
28.5000000  13.0086072  13.0086072  
28.5100000  13.0084937  13.0084937  
28.5200000  13.0083778  13.0083778  
28.5300000  13.0082595  13.0082595  
28.5400000  13.0081390  13.0081390  
28.5500000  13.0080162  13.0080162  
28.5600000  13.0078913  13.0078913  
28.5700000  13.0077643  13.0077643  
28.5800000  13.0076351  13.0076351  
28.5900000  13.0075039  13.0075039  
28.6000000  13.0073707  13.0073707  
28.6100000  13.0072356  13.0072356  
28.6200000  13.0070986  13.0070986  
28.6300000  13.0069597  13.0069597  
28.6400000  13.0068191  13.0068191  
28.6500000  13.0066767  13.0066767  
28.6600000  13.0065326  13.0065326  
28.6700000  13.0063869  13.0063869  
28.6800000  13.0062396  13.0062396  
28.6900000  13.0060908  13.0060908  
28.7000000  13.0059405  13.0059405  
28.7100000  13.0057887  13.0057887  
28.7200000  13.0056356  13.0056356  
28.7300000  13.0054812  13.0054812  
28.7400000  13.0053255  13.0053255  
28.7500000  13.0051686  13.0051686  
28.7600000  13.0050105  13.0050105  
28.7700000  13.0048514  13.0048514  
28.7800000  13.0046912  13.0046912  
28.7900000  13.0045299  13.0045299  
28.8000000  13.0043678  13.0043678  
28.8100000  13.0042048  13.0042048  
28.8200000  13.0040409  13.0040409  
28.8300000  13.0038763  13.0038763  
28.8400000  13.0037110  13.0037110  
28.8500000  13.0035449  13.0035449  
28.8600000  13.0033783  13.0033783  
28.8700000  13.0032112  13.0032112  
28.8800000  13.0030435  13.0030435  
28.8900000  13.0028754  13.0028754  
28.9000000  13.0027069  13.0027069  
28.9100000  13.0025381  13.0025381  
28.9200000  13.0023691  13.0023691  
28.9300000  13.0021998  13.0021998  
28.9400000  13.0020303  13.0020303  
28.9500000  13.0018607  13.0018607  
28.9600000  13.0016911  13.0016911  
28.9700000  13.0015215  13.0015215  
28.9800000  13.0013519  13.0013519  
28.9900000  13.0011825  13.0011825  
29.0000000  13.0010132  13.0010132  
29.0100000  13.0008441  13.0008441  
29.0200000  13.0006753  13.0006753  
29.0300000  13.0005068  13.0005068  
29.0400000  13.0003387  13.0003387  
29.0500000  13.0001711  13.0001711  
29.0600000  13.0000039  13.0000039  
29.0700000  12.9998372  12.9998372  
29.0800000  12.9996712  12.9996712  
29.0900000  12.9995058  12.9995058  
29.1000000  12.9993410  12.9993410  
29.1100000  12.9991770  12.9991770  
29.1200000  12.9990139  12.9990139  
29.1300000  12.9988515  12.9988515  
29.1400000  12.9986900  12.9986900  
29.1500000  12.9985295  12.9985295  
29.1600000  12.9983700  12.9983700  
29.1700000  12.9982115  12.9982115  
29.1800000  12.9980541  12.9980541  
29.1900000  12.9978978  12.9978978  
29.2000000  12.9977427  12.9977427  
29.2100000  12.9975888  12.9975888  
29.2200000  12.9974362  12.9974362  
29.2300000  12.9972849  12.9972849  
29.2400000  12.9971350  12.9971350  
29.2500000  12.9969865  12.9969865  
29.2600000  12.9968394  12.9968394  
29.2700000  12.9966938  12.9966938  
29.2800000  12.9965497  12.9965497  
29.2900000  12.9964072  12.9964072  
29.3000000  12.9962663  12.9962663  
29.3100000  12.9961271  12.9961271  
29.3200000  12.9959896  12.9959896  
29.3300000  12.9958538  12.9958538  
29.3400000  12.9957198  12.9957198  
29.3500000  12.9955875  12.9955875  
29.3600000  12.9954571  12.9954571  
29.3700000  12.9953286  12.9953286  
29.3800000  12.9952021  12.9952021  
29.3900000  12.9950774  12.9950774  
29.4000000  12.9949548  12.9949548  
29.4100000  12.9948341  12.9948341  
29.4200000  12.9947155  12.9947155  
29.4300000  12.9945990  12.9945990  
29.4400000  12.9944846  12.9944846  
29.4500000  12.9943723  12.9943723  
29.4600000  12.9942623  12.9942623  
29.4700000  12.9941544  12.9941544  
29.4800000  12.9940487  12.9940487  
29.4900000  12.9939453  12.9939453  
29.5000000  12.9938442  12.9938442  
29.5100000  12.9937453  12.9937453  
29.5200000  12.9936488  12.9936488  
29.5300000  12.9935547  12.9935547  
29.5400000  12.9934629  12.9934629  
29.5500000  12.9933735  12.9933735  
29.5600000  12.9932865  12.9932865  
29.5700000  12.9932020  12.9932020  
29.5800000  12.9931200  12.9931200  
29.5900000  12.9930404  12.9930404  
29.6000000  12.9929633  12.9929633  
29.6100000  12.9928887  12.9928887  
29.6200000  12.9928166  12.9928166  
29.6300000  12.9927471  12.9927471  
29.6400000  12.9926801  12.9926801  
29.6500000  12.9926157  12.9926157  
29.6600000  12.9925539  12.9925539  
29.6700000  12.9924947  12.9924947  
29.6800000  12.9924380  12.9924380  
29.6900000  12.9923840  12.9923840  
29.7000000  12.9923326  12.9923326  
29.7100000  12.9922839  12.9922839  
29.7200000  12.9922378  12.9922378  
29.7300000  12.9921943  12.9921943  
29.7400000  12.9921535  12.9921535  
29.7500000  12.9921153  12.9921153  
29.7600000  12.9920798  12.9920798  
29.7700000  12.9920469  12.9920469  
29.7800000  12.9920167  12.9920167  
29.7900000  12.9919892  12.9919892  
29.8000000  12.9919643  12.9919643  
29.8100000  12.9919421  12.9919421  
29.8200000  12.9919225  12.9919225  
29.8300000  12.9919057  12.9919057  
29.8400000  12.9918914  12.9918914  
29.8500000  12.9918799  12.9918799  
29.8600000  12.9918709  12.9918709  
29.8700000  12.9918646  12.9918646  
29.8800000  12.9918610  12.9918610  
29.8900000  12.9918600  12.9918600  
29.9000000  12.9918616  12.9918616  
29.9100000  12.9918658  12.9918658  
29.9200000  12.9918726  12.9918726  
29.9300000  12.9918820  12.9918820  
29.9400000  12.9918939  12.9918939  
29.9500000  12.9919085  12.9919085  
29.9600000  12.9919256  12.9919256  
29.9700000  12.9919452  12.9919452  
29.9800000  12.9919674  12.9919674  
29.9900000  12.9919921  12.9919921  
30.0000000  12.9920192  12.9920192  
30.0100000  12.9920489  12.9920489  
30.0200000  12.9920810  12.9920810  
30.0300000  12.9921156  12.9921156  
30.0400000  12.9921525  12.9921525  
30.0500000  12.9921919  12.9921919  
30.0600000  12.9922337  12.9922337  
30.0700000  12.9922778  12.9922778  
30.0800000  12.9923243  12.9923243  
30.0900000  12.9923731  12.9923731  
30.1000000  12.9924241  12.9924241  
30.1100000  12.9924775  12.9924775  
30.1200000  12.9925331  12.9925331  
30.1300000  12.9925909  12.9925909  
30.1400000  12.9926509  12.9926509  
30.1500000  12.9927131  12.9927131  
30.1600000  12.9927774  12.9927774  
30.1700000  12.9928439  12.9928439  
30.1800000  12.9929124  12.9929124  
30.1900000  12.9929830  12.9929830  
30.2000000  12.9930556  12.9930556  
30.2100000  12.9931302  12.9931302  
30.2200000  12.9932068  12.9932068  
30.2300000  12.9932853  12.9932853  
30.2400000  12.9933657  12.9933657  
30.2500000  12.9934480  12.9934480  
30.2600000  12.9935322  12.9935322  
30.2700000  12.9936181  12.9936181  
30.2800000  12.9937059  12.9937059  
30.2900000  12.9937953  12.9937953  
30.3000000  12.9938865  12.9938865  
30.3100000  12.9939793  12.9939793  
30.3200000  12.9940738  12.9940738  
30.3300000  12.9941699  12.9941699  
30.3400000  12.9942676  12.9942676  
30.3500000  12.9943667  12.9943667  
30.3600000  12.9944674  12.9944674  
30.3700000  12.9945695  12.9945695  
30.3800000  12.9946731  12.9946731  
30.3900000  12.9947780  12.9947780  
30.4000000  12.9948843  12.9948843  
30.4100000  12.9949918  12.9949918  
30.4200000  12.9951006  12.9951006  
30.4300000  12.9952107  12.9952107  
30.4400000  12.9953219  12.9953219  
30.4500000  12.9954343  12.9954343  
30.4600000  12.9955478  12.9955478  
30.4700000  12.9956624  12.9956624  
30.4800000  12.9957780  12.9957780  
30.4900000  12.9958945  12.9958945  
30.5000000  12.9960121  12.9960121  
30.5100000  12.9961305  12.9961305  
30.5200000  12.9962498  12.9962498  
30.5300000  12.9963699  12.9963699  
30.5400000  12.9964908  12.9964908  
30.5500000  12.9966124  12.9966124  
30.5600000  12.9967347  12.9967347  
30.5700000  12.9968577  12.9968577  
30.5800000  12.9969813  12.9969813  
30.5900000  12.9971054  12.9971054  
30.6000000  12.9972301  12.9972301  
30.6100000  12.9973553  12.9973553  
30.6200000  12.9974810  12.9974810  
30.6300000  12.9976070  12.9976070  
30.6400000  12.9977334  12.9977334  
30.6500000  12.9978602  12.9978602  
30.6600000  12.9979872  12.9979872  
30.6700000  12.9981144  12.9981144  
30.6800000  12.9982419  12.9982419  
30.6900000  12.9983695  12.9983695  
30.7000000  12.9984972  12.9984972  
30.7100000  12.9986250  12.9986250  
30.7200000  12.9987528  12.9987528  
30.7300000  12.9988806  12.9988806  
30.7400000  12.9990083  12.9990083  
30.7500000  12.9991360  12.9991360  
30.7600000  12.9992635  12.9992635  
30.7700000  12.9993909  12.9993909  
30.7800000  12.9995180  12.9995180  
30.7900000  12.9996449  12.9996449  
30.8000000  12.9997715  12.9997715  
30.8100000  12.9998978  12.9998978  
30.8200000  13.0000237  13.0000237  
30.8300000  13.0001492  13.0001492  
30.8400000  13.0002742  13.0002742  
30.8500000  13.0003987  13.0003987  
30.8600000  13.0005227  13.0005227  
30.8700000  13.0006462  13.0006462  
30.8800000  13.0007690  13.0007690  
30.8900000  13.0008912  13.0008912  
30.9000000  13.0010127  13.0010127  
30.9100000  13.0011335  13.0011335  
30.9200000  13.0012536  13.0012536  
30.9300000  13.0013729  13.0013729  
30.9400000  13.0014913  13.0014913  
30.9500000  13.0016089  13.0016089  
30.9600000  13.0017255  13.0017255  
30.9700000  13.0018413  13.0018413  
30.9800000  13.0019561  13.0019561  
30.9900000  13.0020699  13.0020699  
31.0000000  13.0021826  13.0021826  
31.0100000  13.0022943  13.0022943  
31.0200000  13.0024049  13.0024049  
31.0300000  13.0025144  13.0025144  
31.0400000  13.0026227  13.0026227  
31.0500000  13.0027298  13.0027298  
31.0600000  13.0028357  13.0028357  
31.0700000  13.0029403  13.0029403  
31.0800000  13.0030437  13.0030437  
31.0900000  13.0031457  13.0031457  
31.1000000  13.0032465  13.0032465  
31.1100000  13.0033458  13.0033458  
31.1200000  13.0034437  13.0034437  
31.1300000  13.0035403  13.0035403  
31.1400000  13.0036353  13.0036353  
31.1500000  13.0037289  13.0037289  
31.1600000  13.0038211  13.0038211  
31.1700000  13.0039116  13.0039116  
31.1800000  13.0040007  13.0040007  
31.1900000  13.0040881  13.0040881  
31.2000000  13.0041740  13.0041740  
31.2100000  13.0042582  13.0042582  
31.2200000  13.0043408  13.0043408  
31.2300000  13.0044218  13.0044218  
31.2400000  13.0045010  13.0045010  
31.2500000  13.0045786  13.0045786  
31.2600000  13.0046544  13.0046544  
31.2700000  13.0047285  13.0047285  
31.2800000  13.0048009  13.0048009  
31.2900000  13.0048715  13.0048715  
31.3000000  13.0049402  13.0049402  
31.3100000  13.0050072  13.0050072  
31.3200000  13.0050723  13.0050723  
31.3300000  13.0051356  13.0051356  
31.3400000  13.0051971  13.0051971  
31.3500000  13.0052567  13.0052567  
31.3600000  13.0053144  13.0053144  
31.3700000  13.0053702  13.0053702  
31.3800000  13.0054241  13.0054241  
31.3900000  13.0054760  13.0054760  
31.4000000  13.0055261  13.0055261  
31.4100000  13.0055742  13.0055742  
31.4200000  13.0056204  13.0056204  
31.4300000  13.0056646  13.0056646  
31.4400000  13.0057068  13.0057068  
31.4500000  13.0057471  13.0057471  
31.4600000  13.0057854  13.0057854  
31.4700000  13.0058217  13.0058217  
31.4800000  13.0058561  13.0058561  
31.4900000  13.0058884  13.0058884  
31.5000000  13.0059187  13.0059187  
31.5100000  13.0059471  13.0059471  
31.5200000  13.0059734  13.0059734  
31.5300000  13.0059978  13.0059978  
31.5400000  13.0060201  13.0060201  
31.5500000  13.0060404  13.0060404  
31.5600000  13.0060587  13.0060587  
31.5700000  13.0060750  13.0060750  
31.5800000  13.0060893  13.0060893  
31.5900000  13.0061016  13.0061016  
31.6000000  13.0061119  13.0061119  
31.6100000  13.0061202  13.0061202  
31.6200000  13.0061265  13.0061265  
31.6300000  13.0061308  13.0061308  
31.6400000  13.0061332  13.0061332  
31.6500000  13.0061335  13.0061335  
31.6600000  13.0061319  13.0061319  
31.6700000  13.0061283  13.0061283  
31.6800000  13.0061228  13.0061228  
31.6900000  13.0061153  13.0061153  
31.7000000  13.0061058  13.0061058  
31.7100000  13.0060945  13.0060945  
31.7200000  13.0060812  13.0060812  
31.7300000  13.0060660  13.0060660  
31.7400000  13.0060489  13.0060489  
31.7500000  13.0060299  13.0060299  
31.7600000  13.0060090  13.0060090  
31.7700000  13.0059863  13.0059863  
31.7800000  13.0059617  13.0059617  
31.7900000  13.0059353  13.0059353  
31.8000000  13.0059070  13.0059070  
31.8100000  13.0058769  13.0058769  
31.8200000  13.0058451  13.0058451  
31.8300000  13.0058115  13.0058115  
31.8400000  13.0057761  13.0057761  
31.8500000  13.0057390  13.0057390  
31.8600000  13.0057001  13.0057001  
31.8700000  13.0056595  13.0056595  
31.8800000  13.0056173  13.0056173  
31.8900000  13.0055734  13.0055734  
31.9000000  13.0055278  13.0055278  
31.9100000  13.0054806  13.0054806  
31.9200000  13.0054318  13.0054318  
31.9300000  13.0053814  13.0053814  
31.9400000  13.0053294  13.0053294  
31.9500000  13.0052759  13.0052759  
31.9600000  13.0052209  13.0052209  
31.9700000  13.0051643  13.0051643  
31.9800000  13.0051063  13.0051063  
31.9900000  13.0050468  13.0050468  
32.0000000  13.0049859  13.0049859  
32.0100000  13.0049236  13.0049236  
32.0200000  13.0048599  13.0048599  
32.0300000  13.0047949  13.0047949  
32.0400000  13.0047285  13.0047285  
32.0500000  13.0046608  13.0046608  
32.0600000  13.0045918  13.0045918  
32.0700000  13.0045216  13.0045216  
32.0800000  13.0044501  13.0044501  
32.0900000  13.0043775  13.0043775  
32.1000000  13.0043037  13.0043037  
32.1100000  13.0042287  13.0042287  
32.1200000  13.0041526  13.0041526  
32.1300000  13.0040754  13.0040754  
32.1400000  13.0039972  13.0039972  
32.1500000  13.0039179  13.0039179  
32.1600000  13.0038376  13.0038376  
32.1700000  13.0037564  13.0037564  
32.1800000  13.0036742  13.0036742  
32.1900000  13.0035910  13.0035910  
32.2000000  13.0035070  13.0035070  
32.2100000  13.0034222  13.0034222  
32.2200000  13.0033365  13.0033365  
32.2300000  13.0032500  13.0032500  
32.2400000  13.0031627  13.0031627  
32.2500000  13.0030747  13.0030747  
32.2600000  13.0029860  13.0029860  
32.2700000  13.0028967  13.0028967  
32.2800000  13.0028066  13.0028066  
32.2900000  13.0027160  13.0027160  
32.3000000  13.0026248  13.0026248  
32.3100000  13.0025330  13.0025330  
32.3200000  13.0024407  13.0024407  
32.3300000  13.0023480  13.0023480  
32.3400000  13.0022548  13.0022548  
32.3500000  13.0021611  13.0021611  
32.3600000  13.0020671  13.0020671  
32.3700000  13.0019726  13.0019726  
32.3800000  13.0018779  13.0018779  
32.3900000  13.0017829  13.0017829  
32.4000000  13.0016876  13.0016876  
32.4100000  13.0015920  13.0015920  
32.4200000  13.0014963  13.0014963  
32.4300000  13.0014004  13.0014004  
32.4400000  13.0013043  13.0013043  
32.4500000  13.0012081  13.0012081  
32.4600000  13.0011119  13.0011119  
32.4700000  13.0010156  13.0010156  
32.4800000  13.0009193  13.0009193  
32.4900000  13.0008230  13.0008230  
32.5000000  13.0007267  13.0007267  
32.5100000  13.0006305  13.0006305  
32.5200000  13.0005345  13.0005345  
32.5300000  13.0004385  13.0004385  
32.5400000  13.0003428  13.0003428  
32.5500000  13.0002472  13.0002472  
32.5600000  13.0001518  13.0001518  
32.5700000  13.0000568  13.0000568  
32.5800000  12.9999620  12.9999620  
32.5900000  12.9998675  12.9998675  
32.6000000  12.9997733  12.9997733  
32.6100000  12.9996796  12.9996796  
32.6200000  12.9995862  12.9995862  
32.6300000  12.9994933  12.9994933  
32.6400000  12.9994008  12.9994008  
32.6500000  12.9993089  12.9993089  
32.6600000  12.9992174  12.9992174  
32.6700000  12.9991265  12.9991265  
32.6800000  12.9990362  12.9990362  
32.6900000  12.9989464  12.9989464  
32.7000000  12.9988573  12.9988573  
32.7100000  12.9987689  12.9987689  
32.7200000  12.9986811  12.9986811  
32.7300000  12.9985940  12.9985940  
32.7400000  12.9985077  12.9985077  
32.7500000  12.9984221  12.9984221  
32.7600000  12.9983373  12.9983373  
32.7700000  12.9982533  12.9982533  
32.7800000  12.9981702  12.9981702  
32.7900000  12.9980879  12.9980879  
32.8000000  12.9980064  12.9980064  
32.8100000  12.9979259  12.9979259  
32.8200000  12.9978463  12.9978463  
32.8300000  12.9977677  12.9977677  
32.8400000  12.9976900  12.9976900  
32.8500000  12.9976133  12.9976133  
32.8600000  12.9975377  12.9975377  
32.8700000  12.9974630  12.9974630  
32.8800000  12.9973894  12.9973894  
32.8900000  12.9973169  12.9973169  
32.9000000  12.9972455  12.9972455  
32.9100000  12.9971752  12.9971752  
32.9200000  12.9971061  12.9971061  
32.9300000  12.9970381  12.9970381  
32.9400000  12.9969712  12.9969712  
32.9500000  12.9969056  12.9969056  
32.9600000  12.9968411  12.9968411  
32.9700000  12.9967779  12.9967779  
32.9800000  12.9967159  12.9967159  
32.9900000  12.9966552  12.9966552  
33.0000000  12.9965958  12.9965958  
33.0100000  12.9965376  12.9965376  
33.0200000  12.9964807  12.9964807  
33.0300000  12.9964252  12.9964252  
33.0400000  12.9963709  12.9963709  
33.0500000  12.9963180  12.9963180  
33.0600000  12.9962665  12.9962665  
33.0700000  12.9962163  12.9962163  
33.0800000  12.9961675  12.9961675  
33.0900000  12.9961201  12.9961201  
33.1000000  12.9960741  12.9960741  
33.1100000  12.9960295  12.9960295  
33.1200000  12.9959864  12.9959864  
33.1300000  12.9959446  12.9959446  
33.1400000  12.9959043  12.9959043  
33.1500000  12.9958655  12.9958655  
33.1600000  12.9958281  12.9958281  
33.1700000  12.9957921  12.9957921  
33.1800000  12.9957576  12.9957576  
33.1900000  12.9957246  12.9957246  
33.2000000  12.9956931  12.9956931  
33.2100000  12.9956631  12.9956631  
33.2200000  12.9956345  12.9956345  
33.2300000  12.9956075  12.9956075  
33.2400000  12.9955819  12.9955819  
33.2500000  12.9955579  12.9955579  
33.2600000  12.9955353  12.9955353  
33.2700000  12.9955143  12.9955143  
33.2800000  12.9954948  12.9954948  
33.2900000  12.9954768  12.9954768  
33.3000000  12.9954603  12.9954603  
33.3100000  12.9954453  12.9954453  
33.3200000  12.9954318  12.9954318  
33.3300000  12.9954198  12.9954198  
33.3400000  12.9954094  12.9954094  
33.3500000  12.9954004  12.9954004  
33.3600000  12.9953930  12.9953930  
33.3700000  12.9953870  12.9953870  
33.3800000  12.9953826  12.9953826  
33.3900000  12.9953797  12.9953797  
33.4000000  12.9953782  12.9953782  
33.4100000  12.9953783  12.9953783  
33.4200000  12.9953798  12.9953798  
33.4300000  12.9953828  12.9953828  
33.4400000  12.9953873  12.9953873  
33.4500000  12.9953933  12.9953933  
33.4600000  12.9954007  12.9954007  
33.4700000  12.9954096  12.9954096  
33.4800000  12.9954199  12.9954199  
33.4900000  12.9954317  12.9954317  
33.5000000  12.9954449  12.9954449  
33.5100000  12.9954595  12.9954595  
33.5200000  12.9954755  12.9954755  
33.5300000  12.9954929  12.9954929  
33.5400000  12.9955118  12.9955118  
33.5500000  12.9955320  12.9955320  
33.5600000  12.9955535  12.9955535  
33.5700000  12.9955765  12.9955765  
33.5800000  12.9956008  12.9956008  
33.5900000  12.9956264  12.9956264  
33.6000000  12.9956533  12.9956533  
33.6100000  12.9956816  12.9956816  
33.6200000  12.9957111  12.9957111  
33.6300000  12.9957420  12.9957420  
33.6400000  12.9957741  12.9957741  
33.6500000  12.9958074  12.9958074  
33.6600000  12.9958420  12.9958420  
33.6700000  12.9958779  12.9958779  
33.6800000  12.9959149  12.9959149  
33.6900000  12.9959531  12.9959531  
33.7000000  12.9959925  12.9959925  
33.7100000  12.9960331  12.9960331  
33.7200000  12.9960748  12.9960748  
33.7300000  12.9961177  12.9961177  
33.7400000  12.9961616  12.9961616  
33.7500000  12.9962067  12.9962067  
33.7600000  12.9962528  12.9962528  
33.7700000  12.9963000  12.9963000  
33.7800000  12.9963482  12.9963482  
33.7900000  12.9963974  12.9963974  
33.8000000  12.9964476  12.9964476  
33.8100000  12.9964988  12.9964988  
33.8200000  12.9965510  12.9965510  
33.8300000  12.9966041  12.9966041  
33.8400000  12.9966582  12.9966582  
33.8500000  12.9967131  12.9967131  
33.8600000  12.9967689  12.9967689  
33.8700000  12.9968256  12.9968256  
33.8800000  12.9968831  12.9968831  
33.8900000  12.9969414  12.9969414  
33.9000000  12.9970006  12.9970006  
33.9100000  12.9970605  12.9970605  
33.9200000  12.9971211  12.9971211  
33.9300000  12.9971825  12.9971825  
33.9400000  12.9972446  12.9972446  
33.9500000  12.9973074  12.9973074  
33.9600000  12.9973708  12.9973708  
33.9700000  12.9974349  12.9974349  
33.9800000  12.9974996  12.9974996  
33.9900000  12.9975649  12.9975649  
34.0000000  12.9976308  12.9976308  
34.0100000  12.9976972  12.9976972  
34.0200000  12.9977641  12.9977641  
34.0300000  12.9978316  12.9978316  
34.0400000  12.9978995  12.9978995  
34.0500000  12.9979679  12.9979679  
34.0600000  12.9980367  12.9980367  
34.0700000  12.9981060  12.9981060  
34.0800000  12.9981756  12.9981756  
34.0900000  12.9982455  12.9982455  
34.1000000  12.9983159  12.9983159  
34.1100000  12.9983865  12.9983865  
34.1200000  12.9984574  12.9984574  
34.1300000  12.9985286  12.9985286  
34.1400000  12.9986001  12.9986001  
34.1500000  12.9986717  12.9986717  
34.1600000  12.9987436  12.9987436  
34.1700000  12.9988156  12.9988156  
34.1800000  12.9988878  12.9988878  
34.1900000  12.9989601  12.9989601  
34.2000000  12.9990325  12.9990325  
34.2100000  12.9991050  12.9991050  
34.2200000  12.9991775  12.9991775  
34.2300000  12.9992501  12.9992501  
34.2400000  12.9993226  12.9993226  
34.2500000  12.9993952  12.9993952  
34.2600000  12.9994677  12.9994677  
34.2700000  12.9995402  12.9995402  
34.2800000  12.9996125  12.9996125  
34.2900000  12.9996848  12.9996848  
34.3000000  12.9997569  12.9997569  
34.3100000  12.9998289  12.9998289  
34.3200000  12.9999007  12.9999007  
34.3300000  12.9999723  12.9999723  
34.3400000  13.0000437  13.0000437  
34.3500000  13.0001149  13.0001149  
34.3600000  13.0001857  13.0001857  
34.3700000  13.0002563  13.0002563  
34.3800000  13.0003266  13.0003266  
34.3900000  13.0003966  13.0003966  
34.4000000  13.0004661  13.0004661  
34.4100000  13.0005354  13.0005354  
34.4200000  13.0006042  13.0006042  
34.4300000  13.0006726  13.0006726  
34.4400000  13.0007406  13.0007406  
34.4500000  13.0008081  13.0008081  
34.4600000  13.0008751  13.0008751  
34.4700000  13.0009417  13.0009417  
34.4800000  13.0010077  13.0010077  
34.4900000  13.0010732  13.0010732  
34.5000000  13.0011381  13.0011381  
34.5100000  13.0012025  13.0012025  
34.5200000  13.0012663  13.0012663  
34.5300000  13.0013294  13.0013294  
34.5400000  13.0013920  13.0013920  
34.5500000  13.0014538  13.0014538  
34.5600000  13.0015150  13.0015150  
34.5700000  13.0015756  13.0015756  
34.5800000  13.0016354  13.0016354  
34.5900000  13.0016945  13.0016945  
34.6000000  13.0017529  13.0017529  
34.6100000  13.0018105  13.0018105  
34.6200000  13.0018674  13.0018674  
34.6300000  13.0019234  13.0019234  
34.6400000  13.0019787  13.0019787  
34.6500000  13.0020332  13.0020332  
34.6600000  13.0020868  13.0020868  
34.6700000  13.0021396  13.0021396  
34.6800000  13.0021915  13.0021915  
34.6900000  13.0022426  13.0022426  
34.7000000  13.0022927  13.0022927  
34.7100000  13.0023420  13.0023420  
34.7200000  13.0023904  13.0023904  
34.7300000  13.0024378  13.0024378  
34.7400000  13.0024843  13.0024843  
34.7500000  13.0025299  13.0025299  
34.7600000  13.0025745  13.0025745  
34.7700000  13.0026181  13.0026181  
34.7800000  13.0026608  13.0026608  
34.7900000  13.0027024  13.0027024  
34.8000000  13.0027431  13.0027431  
34.8100000  13.0027827  13.0027827  
34.8200000  13.0028213  13.0028213  
34.8300000  13.0028589  13.0028589  
34.8400000  13.0028954  13.0028954  
34.8500000  13.0029309  13.0029309  
34.8600000  13.0029654  13.0029654  
34.8700000  13.0029987  13.0029987  
34.8800000  13.0030310  13.0030310  
34.8900000  13.0030623  13.0030623  
34.9000000  13.0030924  13.0030924  
34.9100000  13.0031215  13.0031215  
34.9200000  13.0031494  13.0031494  
34.9300000  13.0031763  13.0031763  
34.9400000  13.0032020  13.0032020  
34.9500000  13.0032266  13.0032266  
34.9600000  13.0032501  13.0032501  
34.9700000  13.0032725  13.0032725  
34.9800000  13.0032938  13.0032938  
34.9900000  13.0033140  13.0033140  
35.0000000  13.0033330  13.0033330  
35.0100000  13.0033509  13.0033509  
35.0200000  13.0033676  13.0033676  
35.0300000  13.0033832  13.0033832  
35.0400000  13.0033977  13.0033977  
35.0500000  13.0034110  13.0034110  
35.0600000  13.0034232  13.0034232  
35.0700000  13.0034343  13.0034343  
35.0800000  13.0034442  13.0034442  
35.0900000  13.0034529  13.0034529  
35.1000000  13.0034606  13.0034606  
35.1100000  13.0034671  13.0034671  
35.1200000  13.0034725  13.0034725  
35.1300000  13.0034767  13.0034767  
35.1400000  13.0034798  13.0034798  
35.1500000  13.0034818  13.0034818  
35.1600000  13.0034826  13.0034826  
35.1700000  13.0034823  13.0034823  
35.1800000  13.0034809  13.0034809  
35.1900000  13.0034784  13.0034784  
35.2000000  13.0034748  13.0034748  
35.2100000  13.0034701  13.0034701  
35.2200000  13.0034643  13.0034643  
35.2300000  13.0034573  13.0034573  
35.2400000  13.0034493  13.0034493  
35.2500000  13.0034402  13.0034402  
35.2600000  13.0034301  13.0034301  
35.2700000  13.0034188  13.0034188  
35.2800000  13.0034065  13.0034065  
35.2900000  13.0033932  13.0033932  
35.3000000  13.0033788  13.0033788  
35.3100000  13.0033633  13.0033633  
35.3200000  13.0033468  13.0033468  
35.3300000  13.0033293  13.0033293  
35.3400000  13.0033108  13.0033108  
35.3500000  13.0032913  13.0032913  
35.3600000  13.0032708  13.0032708  
35.3700000  13.0032493  13.0032493  
35.3800000  13.0032268  13.0032268  
35.3900000  13.0032034  13.0032034  
35.4000000  13.0031790  13.0031790  
35.4100000  13.0031536  13.0031536  
35.4200000  13.0031274  13.0031274  
35.4300000  13.0031002  13.0031002  
35.4400000  13.0030721  13.0030721  
35.4500000  13.0030431  13.0030431  
35.4600000  13.0030132  13.0030132  
35.4700000  13.0029825  13.0029825  
35.4800000  13.0029508  13.0029508  
35.4900000  13.0029184  13.0029184  
35.5000000  13.0028851  13.0028851  
35.5100000  13.0028510  13.0028510  
35.5200000  13.0028160  13.0028160  
35.5300000  13.0027803  13.0027803  
35.5400000  13.0027438  13.0027438  
35.5500000  13.0027066  13.0027066  
35.5600000  13.0026686  13.0026686  
35.5700000  13.0026298  13.0026298  
35.5800000  13.0025904  13.0025904  
35.5900000  13.0025502  13.0025502  
35.6000000  13.0025093  13.0025093  
35.6100000  13.0024678  13.0024678  
35.6200000  13.0024256  13.0024256  
35.6300000  13.0023827  13.0023827  
35.6400000  13.0023393  13.0023393  
35.6500000  13.0022952  13.0022952  
35.6600000  13.0022505  13.0022505  
35.6700000  13.0022053  13.0022053  
35.6800000  13.0021594  13.0021594  
35.6900000  13.0021131  13.0021131  
35.7000000  13.0020662  13.0020662  
35.7100000  13.0020188  13.0020188  
35.7200000  13.0019708  13.0019708  
35.7300000  13.0019225  13.0019225  
35.7400000  13.0018736  13.0018736  
35.7500000  13.0018243  13.0018243  
35.7600000  13.0017746  13.0017746  
35.7700000  13.0017245  13.0017245  
35.7800000  13.0016739  13.0016739  
35.7900000  13.0016230  13.0016230  
35.8000000  13.0015718  13.0015718  
35.8100000  13.0015202  13.0015202  
35.8200000  13.0014682  13.0014682  
35.8300000  13.0014160  13.0014160  
35.8400000  13.0013635  13.0013635  
35.8500000  13.0013107  13.0013107  
35.8600000  13.0012577  13.0012577  
35.8700000  13.0012044  13.0012044  
35.8800000  13.0011509  13.0011509  
35.8900000  13.0010972  13.0010972  
35.9000000  13.0010434  13.0010434  
35.9100000  13.0009893  13.0009893  
35.9200000  13.0009352  13.0009352  
35.9300000  13.0008809  13.0008809  
35.9400000  13.0008264  13.0008264  
35.9500000  13.0007719  13.0007719  
35.9600000  13.0007174  13.0007174  
35.9700000  13.0006627  13.0006627  
35.9800000  13.0006081  13.0006081  
35.9900000  13.0005534  13.0005534  
36.0000000  13.0004987  13.0004987  
36.0100000  13.0004440  13.0004440  
36.0200000  13.0003894  13.0003894  
36.0300000  13.0003348  13.0003348  
36.0400000  13.0002803  13.0002803  
36.0500000  13.0002259  13.0002259  
36.0600000  13.0001715  13.0001715  
36.0700000  13.0001173  13.0001173  
36.0800000  13.0000632  13.0000632  
36.0900000  13.0000093  13.0000093  
36.1000000  12.9999556  12.9999556  
36.1100000  12.9999020  12.9999020  
36.1200000  12.9998486  12.9998486  
36.1300000  12.9997955  12.9997955  
36.1400000  12.9997426  12.9997426  
36.1500000  12.9996899  12.9996899  
36.1600000  12.9996376  12.9996376  
36.1700000  12.9995855  12.9995855  
36.1800000  12.9995337  12.9995337  
36.1900000  12.9994822  12.9994822  
36.2000000  12.9994310  12.9994310  
36.2100000  12.9993802  12.9993802  
36.2200000  12.9993298  12.9993298  
36.2300000  12.9992797  12.9992797  
36.2400000  12.9992301  12.9992301  
36.2500000  12.9991808  12.9991808  
36.2600000  12.9991320  12.9991320  
36.2700000  12.9990836  12.9990836  
36.2800000  12.9990356  12.9990356  
36.2900000  12.9989881  12.9989881  
36.3000000  12.9989411  12.9989411  
36.3100000  12.9988946  12.9988946  
36.3200000  12.9988486  12.9988486  
36.3300000  12.9988031  12.9988031  
36.3400000  12.9987581  12.9987581  
36.3500000  12.9987137  12.9987137  
36.3600000  12.9986698  12.9986698  
36.3700000  12.9986265  12.9986265  
36.3800000  12.9985838  12.9985838  
36.3900000  12.9985417  12.9985417  
36.4000000  12.9985001  12.9985001  
36.4100000  12.9984592  12.9984592  
36.4200000  12.9984190  12.9984190  
36.4300000  12.9983793  12.9983793  
36.4400000  12.9983403  12.9983403  
36.4500000  12.9983020  12.9983020  
36.4600000  12.9982643  12.9982643  
36.4700000  12.9982273  12.9982273  
36.4800000  12.9981911  12.9981911  
36.4900000  12.9981555  12.9981555  
36.5000000  12.9981206  12.9981206  
36.5100000  12.9980864  12.9980864  
36.5200000  12.9980529  12.9980529  
36.5300000  12.9980202  12.9980202  
36.5400000  12.9979882  12.9979882  
36.5500000  12.9979570  12.9979570  
36.5600000  12.9979266  12.9979266  
36.5700000  12.9978968  12.9978968  
36.5800000  12.9978679  12.9978679  
36.5900000  12.9978398  12.9978398  
36.6000000  12.9978124  12.9978124  
36.6100000  12.9977858  12.9977858  
36.6200000  12.9977600  12.9977600  
36.6300000  12.9977351  12.9977351  
36.6400000  12.9977109  12.9977109  
36.6500000  12.9976875  12.9976875  
36.6600000  12.9976650  12.9976650  
36.6700000  12.9976433  12.9976433  
36.6800000  12.9976224  12.9976224  
36.6900000  12.9976023  12.9976023  
36.7000000  12.9975831  12.9975831  
36.7100000  12.9975647  12.9975647  
36.7200000  12.9975472  12.9975472  
36.7300000  12.9975305  12.9975305  
36.7400000  12.9975147  12.9975147  
36.7500000  12.9974997  12.9974997  
36.7600000  12.9974855  12.9974855  
36.7700000  12.9974722  12.9974722  
36.7800000  12.9974598  12.9974598  
36.7900000  12.9974482  12.9974482  
36.8000000  12.9974375  12.9974375  
36.8100000  12.9974276  12.9974276  
36.8200000  12.9974186  12.9974186  
36.8300000  12.9974105  12.9974105  
36.8400000  12.9974032  12.9974032  
36.8500000  12.9973967  12.9973967  
36.8600000  12.9973912  12.9973912  
36.8700000  12.9973865  12.9973865  
36.8800000  12.9973826  12.9973826  
36.8900000  12.9973796  12.9973796  
36.9000000  12.9973774  12.9973774  
36.9100000  12.9973761  12.9973761  
36.9200000  12.9973757  12.9973757  
36.9300000  12.9973761  12.9973761  
36.9400000  12.9973773  12.9973773  
36.9500000  12.9973794  12.9973794  
36.9600000  12.9973823  12.9973823  
36.9700000  12.9973860  12.9973860  
36.9800000  12.9973906  12.9973906  
36.9900000  12.9973959  12.9973959  
37.0000000  12.9974022  12.9974022  
37.0100000  12.9974092  12.9974092  
37.0200000  12.9974170  12.9974170  
37.0300000  12.9974257  12.9974257  
37.0400000  12.9974351  12.9974351  
37.0500000  12.9974453  12.9974453  
37.0600000  12.9974563  12.9974563  
37.0700000  12.9974682  12.9974682  
37.0800000  12.9974807  12.9974807  
37.0900000  12.9974941  12.9974941  
37.1000000  12.9975082  12.9975082  
37.1100000  12.9975231  12.9975231  
37.1200000  12.9975387  12.9975387  
37.1300000  12.9975550  12.9975550  
37.1400000  12.9975721  12.9975721  
37.1500000  12.9975899  12.9975899  
37.1600000  12.9976085  12.9976085  
37.1700000  12.9976277  12.9976277  
37.1800000  12.9976477  12.9976477  
37.1900000  12.9976683  12.9976683  
37.2000000  12.9976896  12.9976896  
37.2100000  12.9977116  12.9977116  
37.2200000  12.9977343  12.9977343  
37.2300000  12.9977576  12.9977576  
37.2400000  12.9977815  12.9977815  
37.2500000  12.9978061  12.9978061  
37.2600000  12.9978313  12.9978313  
37.2700000  12.9978572  12.9978572  
37.2800000  12.9978836  12.9978836  
37.2900000  12.9979107  12.9979107  
37.3000000  12.9979383  12.9979383  
37.3100000  12.9979665  12.9979665  
37.3200000  12.9979952  12.9979952  
37.3300000  12.9980246  12.9980246  
37.3400000  12.9980544  12.9980544  
37.3500000  12.9980848  12.9980848  
37.3600000  12.9981157  12.9981157  
37.3700000  12.9981471  12.9981471  
37.3800000  12.9981790  12.9981790  
37.3900000  12.9982114  12.9982114  
37.4000000  12.9982442  12.9982442  
37.4100000  12.9982775  12.9982775  
37.4200000  12.9983113  12.9983113  
37.4300000  12.9983455  12.9983455  
37.4400000  12.9983801  12.9983801  
37.4500000  12.9984151  12.9984151  
37.4600000  12.9984506  12.9984506  
37.4700000  12.9984864  12.9984864  
37.4800000  12.9985225  12.9985225  
37.4900000  12.9985591  12.9985591  
37.5000000  12.9985960  12.9985960  
37.5100000  12.9986332  12.9986332  
37.5200000  12.9986707  12.9986707  
37.5300000  12.9987086  12.9987086  
37.5400000  12.9987467  12.9987467  
37.5500000  12.9987851  12.9987851  
37.5600000  12.9988238  12.9988238  
37.5700000  12.9988627  12.9988627  
37.5800000  12.9989019  12.9989019  
37.5900000  12.9989413  12.9989413  
37.6000000  12.9989809  12.9989809  
37.6100000  12.9990207  12.9990207  
37.6200000  12.9990607  12.9990607  
37.6300000  12.9991009  12.9991009  
37.6400000  12.9991413  12.9991413  
37.6500000  12.9991817  12.9991817  
37.6600000  12.9992224  12.9992224  
37.6700000  12.9992631  12.9992631  
37.6800000  12.9993039  12.9993039  
37.6900000  12.9993449  12.9993449  
37.7000000  12.9993859  12.9993859  
37.7100000  12.9994270  12.9994270  
37.7200000  12.9994681  12.9994681  
37.7300000  12.9995093  12.9995093  
37.7400000  12.9995505  12.9995505  
37.7500000  12.9995917  12.9995917  
37.7600000  12.9996329  12.9996329  
37.7700000  12.9996741  12.9996741  
37.7800000  12.9997152  12.9997152  
37.7900000  12.9997563  12.9997563  
37.8000000  12.9997974  12.9997974  
37.8100000  12.9998384  12.9998384  
37.8200000  12.9998793  12.9998793  
37.8300000  12.9999202  12.9999202  
37.8400000  12.9999609  12.9999609  
37.8500000  13.0000015  13.0000015  
37.8600000  13.0000420  13.0000420  
37.8700000  13.0000823  13.0000823  
37.8800000  13.0001225  13.0001225  
37.8900000  13.0001625  13.0001625  
37.9000000  13.0002023  13.0002023  
37.9100000  13.0002419  13.0002419  
37.9200000  13.0002814  13.0002814  
37.9300000  13.0003206  13.0003206  
37.9400000  13.0003596  13.0003596  
37.9500000  13.0003983  13.0003983  
37.9600000  13.0004368  13.0004368  
37.9700000  13.0004750  13.0004750  
37.9800000  13.0005130  13.0005130  
37.9900000  13.0005506  13.0005506  
38.0000000  13.0005880  13.0005880  
38.0100000  13.0006250  13.0006250  
38.0200000  13.0006618  13.0006618  
38.0300000  13.0006982  13.0006982  
38.0400000  13.0007342  13.0007342  
38.0500000  13.0007699  13.0007699  
38.0600000  13.0008053  13.0008053  
38.0700000  13.0008403  13.0008403  
38.0800000  13.0008749  13.0008749  
38.0900000  13.0009091  13.0009091  
38.1000000  13.0009429  13.0009429  
38.1100000  13.0009762  13.0009762  
38.1200000  13.0010092  13.0010092  
38.1300000  13.0010417  13.0010417  
38.1400000  13.0010738  13.0010738  
38.1500000  13.0011055  13.0011055  
38.1600000  13.0011367  13.0011367  
38.1700000  13.0011674  13.0011674  
38.1800000  13.0011976  13.0011976  
38.1900000  13.0012274  13.0012274  
38.2000000  13.0012567  13.0012567  
38.2100000  13.0012855  13.0012855  
38.2200000  13.0013137  13.0013137  
38.2300000  13.0013415  13.0013415  
38.2400000  13.0013687  13.0013687  
38.2500000  13.0013954  13.0013954  
38.2600000  13.0014216  13.0014216  
38.2700000  13.0014473  13.0014473  
38.2800000  13.0014724  13.0014724  
38.2900000  13.0014969  13.0014969  
38.3000000  13.0015209  13.0015209  
38.3100000  13.0015443  13.0015443  
38.3200000  13.0015671  13.0015671  
38.3300000  13.0015894  13.0015894  
38.3400000  13.0016110  13.0016110  
38.3500000  13.0016321  13.0016321  
38.3600000  13.0016526  13.0016526  
38.3700000  13.0016725  13.0016725  
38.3800000  13.0016918  13.0016918  
38.3900000  13.0017105  13.0017105  
38.4000000  13.0017286  13.0017286  
38.4100000  13.0017461  13.0017461  
38.4200000  13.0017629  13.0017629  
38.4300000  13.0017792  13.0017792  
38.4400000  13.0017948  13.0017948  
38.4500000  13.0018097  13.0018097  
38.4600000  13.0018241  13.0018241  
38.4700000  13.0018378  13.0018378  
38.4800000  13.0018509  13.0018509  
38.4900000  13.0018633  13.0018633  
38.5000000  13.0018751  13.0018751  
38.5100000  13.0018863  13.0018863  
38.5200000  13.0018968  13.0018968  
38.5300000  13.0019067  13.0019067  
38.5400000  13.0019159  13.0019159  
38.5500000  13.0019245  13.0019245  
38.5600000  13.0019325  13.0019325  
38.5700000  13.0019398  13.0019398  
38.5800000  13.0019464  13.0019464  
38.5900000  13.0019524  13.0019524  
38.6000000  13.0019578  13.0019578  
38.6100000  13.0019625  13.0019625  
38.6200000  13.0019665  13.0019665  
38.6300000  13.0019700  13.0019700  
38.6400000  13.0019727  13.0019727  
38.6500000  13.0019749  13.0019749  
38.6600000  13.0019763  13.0019763  
38.6700000  13.0019772  13.0019772  
38.6800000  13.0019774  13.0019774  
38.6900000  13.0019770  13.0019770  
38.7000000  13.0019759  13.0019759  
38.7100000  13.0019742  13.0019742  
38.7200000  13.0019719  13.0019719  
38.7300000  13.0019689  13.0019689  
38.7400000  13.0019654  13.0019654  
38.7500000  13.0019612  13.0019612  
38.7600000  13.0019564  13.0019564  
38.7700000  13.0019510  13.0019510  
38.7800000  13.0019449  13.0019449  
38.7900000  13.0019383  13.0019383  
38.8000000  13.0019310  13.0019310  
38.8100000  13.0019232  13.0019232  
38.8200000  13.0019148  13.0019148  
38.8300000  13.0019058  13.0019058  
38.8400000  13.0018962  13.0018962  
38.8500000  13.0018860  13.0018860  
38.8600000  13.0018752  13.0018752  
38.8700000  13.0018639  13.0018639  
38.8800000  13.0018520  13.0018520  
38.8900000  13.0018396  13.0018396  
38.9000000  13.0018266  13.0018266  
38.9100000  13.0018130  13.0018130  
38.9200000  13.0017990  13.0017990  
38.9300000  13.0017843  13.0017843  
38.9400000  13.0017692  13.0017692  
38.9500000  13.0017535  13.0017535  
38.9600000  13.0017374  13.0017374  
38.9700000  13.0017207  13.0017207  
38.9800000  13.0017035  13.0017035  
38.9900000  13.0016858  13.0016858  
39.0000000  13.0016677  13.0016677  
39.0100000  13.0016491  13.0016491  
39.0200000  13.0016299  13.0016299  
39.0300000  13.0016104  13.0016104  
39.0400000  13.0015904  13.0015904  
39.0500000  13.0015699  13.0015699  
39.0600000  13.0015490  13.0015490  
39.0700000  13.0015276  13.0015276  
39.0800000  13.0015059  13.0015059  
39.0900000  13.0014837  13.0014837  
39.1000000  13.0014611  13.0014611  
39.1100000  13.0014382  13.0014382  
39.1200000  13.0014148  13.0014148  
39.1300000  13.0013910  13.0013910  
39.1400000  13.0013669  13.0013669  
39.1500000  13.0013425  13.0013425  
39.1600000  13.0013176  13.0013176  
39.1700000  13.0012924  13.0012924  
39.1800000  13.0012669  13.0012669  
39.1900000  13.0012411  13.0012411  
39.2000000  13.0012150  13.0012150  
39.2100000  13.0011885  13.0011885  
39.2200000  13.0011617  13.0011617  
39.2300000  13.0011347  13.0011347  
39.2400000  13.0011074  13.0011074  
39.2500000  13.0010798  13.0010798  
39.2600000  13.0010520  13.0010520  
39.2700000  13.0010239  13.0010239  
39.2800000  13.0009955  13.0009955  
39.2900000  13.0009670  13.0009670  
39.3000000  13.0009382  13.0009382  
39.3100000  13.0009092  13.0009092  
39.3200000  13.0008800  13.0008800  
39.3300000  13.0008506  13.0008506  
39.3400000  13.0008211  13.0008211  
39.3500000  13.0007913  13.0007913  
39.3600000  13.0007615  13.0007615  
39.3700000  13.0007314  13.0007314  
39.3800000  13.0007012  13.0007012  
39.3900000  13.0006709  13.0006709  
39.4000000  13.0006405  13.0006405  
39.4100000  13.0006100  13.0006100  
39.4200000  13.0005794  13.0005794  
39.4300000  13.0005487  13.0005487  
39.4400000  13.0005179  13.0005179  
39.4500000  13.0004870  13.0004870  
39.4600000  13.0004561  13.0004561  
39.4700000  13.0004251  13.0004251  
39.4800000  13.0003941  13.0003941  
39.4900000  13.0003631  13.0003631  
39.5000000  13.0003321  13.0003321  
39.5100000  13.0003010  13.0003010  
39.5200000  13.0002700  13.0002700  
39.5300000  13.0002389  13.0002389  
39.5400000  13.0002079  13.0002079  
39.5500000  13.0001769  13.0001769  
39.5600000  13.0001460  13.0001460  
39.5700000  13.0001151  13.0001151  
39.5800000  13.0000843  13.0000843  
39.5900000  13.0000535  13.0000535  
39.6000000  13.0000229  13.0000229  
39.6100000  12.9999923  12.9999923  
39.6200000  12.9999618  12.9999618  
39.6300000  12.9999315  12.9999315  
39.6400000  12.9999012  12.9999012  
39.6500000  12.9998711  12.9998711  
39.6600000  12.9998411  12.9998411  
39.6700000  12.9998113  12.9998113  
39.6800000  12.9997816  12.9997816  
39.6900000  12.9997521  12.9997521  
39.7000000  12.9997228  12.9997228  
39.7100000  12.9996936  12.9996936  
39.7200000  12.9996646  12.9996646  
39.7300000  12.9996359  12.9996359  
39.7400000  12.9996073  12.9996073  
39.7500000  12.9995790  12.9995790  
39.7600000  12.9995509  12.9995509  
39.7700000  12.9995230  12.9995230  
39.7800000  12.9994954  12.9994954  
39.7900000  12.9994680  12.9994680  
39.8000000  12.9994409  12.9994409  
39.8100000  12.9994141  12.9994141  
39.8200000  12.9993875  12.9993875  
39.8300000  12.9993612  12.9993612  
39.8400000  12.9993352  12.9993352  
39.8500000  12.9993095  12.9993095  
39.8600000  12.9992841  12.9992841  
39.8700000  12.9992590  12.9992590  
39.8800000  12.9992342  12.9992342  
39.8900000  12.9992098  12.9992098  
39.9000000  12.9991857  12.9991857  
39.9100000  12.9991619  12.9991619  
39.9200000  12.9991385  12.9991385  
39.9300000  12.9991154  12.9991154  
39.9400000  12.9990927  12.9990927  
39.9500000  12.9990703  12.9990703  
39.9600000  12.9990483  12.9990483  
39.9700000  12.9990267  12.9990267  
39.9800000  12.9990055  12.9990055  
39.9900000  12.9989847  12.9989847  
40.0000000  12.9989642  12.9989642  
40.0100000  12.9989442  12.9989442  
40.0200000  12.9989245  12.9989245  
40.0300000  12.9989053  12.9989053  
40.0400000  12.9988865  12.9988865  
40.0500000  12.9988681  12.9988681  
40.0600000  12.9988501  12.9988501  
40.0700000  12.9988326  12.9988326  
40.0800000  12.9988155  12.9988155  
40.0900000  12.9987988  12.9987988  
40.1000000  12.9987825  12.9987825  
40.1100000  12.9987667  12.9987667  
40.1200000  12.9987514  12.9987514  
40.1300000  12.9987365  12.9987365  
40.1400000  12.9987221  12.9987221  
40.1500000  12.9987081  12.9987081  
40.1600000  12.9986945  12.9986945  
40.1700000  12.9986815  12.9986815  
40.1800000  12.9986689  12.9986689  
40.1900000  12.9986567  12.9986567  
40.2000000  12.9986451  12.9986451  
40.2100000  12.9986339  12.9986339  
40.2200000  12.9986232  12.9986232  
40.2300000  12.9986130  12.9986130  
40.2400000  12.9986032  12.9986032  
40.2500000  12.9985939  12.9985939  
40.2600000  12.9985851  12.9985851  
40.2700000  12.9985768  12.9985768  
40.2800000  12.9985690  12.9985690  
40.2900000  12.9985617  12.9985617  
40.3000000  12.9985548  12.9985548  
40.3100000  12.9985484  12.9985484  
40.3200000  12.9985425  12.9985425  
40.3300000  12.9985372  12.9985372  
40.3400000  12.9985322  12.9985322  
40.3500000  12.9985278  12.9985278  
40.3600000  12.9985239  12.9985239  
40.3700000  12.9985205  12.9985205  
40.3800000  12.9985175  12.9985175  
40.3900000  12.9985150  12.9985150  
40.4000000  12.9985130  12.9985130  
40.4100000  12.9985115  12.9985115  
40.4200000  12.9985105  12.9985105  
40.4300000  12.9985100  12.9985100  
40.4400000  12.9985099  12.9985099  
40.4500000  12.9985103  12.9985103  
40.4600000  12.9985112  12.9985112  
40.4700000  12.9985126  12.9985126  
40.4800000  12.9985145  12.9985145  
40.4900000  12.9985168  12.9985168  
40.5000000  12.9985196  12.9985196  
40.5100000  12.9985228  12.9985228  
40.5200000  12.9985266  12.9985266  
40.5300000  12.9985308  12.9985308  
40.5400000  12.9985354  12.9985354  
40.5500000  12.9985405  12.9985405  
40.5600000  12.9985460  12.9985460  
40.5700000  12.9985520  12.9985520  
40.5800000  12.9985585  12.9985585  
40.5900000  12.9985654  12.9985654  
40.6000000  12.9985727  12.9985727  
40.6100000  12.9985805  12.9985805  
40.6200000  12.9985887  12.9985887  
40.6300000  12.9985973  12.9985973  
40.6400000  12.9986063  12.9986063  
40.6500000  12.9986158  12.9986158  
40.6600000  12.9986257  12.9986257  
40.6700000  12.9986360  12.9986360  
40.6800000  12.9986467  12.9986467  
40.6900000  12.9986578  12.9986578  
40.7000000  12.9986693  12.9986693  
40.7100000  12.9986811  12.9986811  
40.7200000  12.9986934  12.9986934  
40.7300000  12.9987060  12.9987060  
40.7400000  12.9987191  12.9987191  
40.7500000  12.9987325  12.9987325  
40.7600000  12.9987462  12.9987462  
40.7700000  12.9987603  12.9987603  
40.7800000  12.9987748  12.9987748  
40.7900000  12.9987896  12.9987896  
40.8000000  12.9988048  12.9988048  
40.8100000  12.9988203  12.9988203  
40.8200000  12.9988361  12.9988361  
40.8300000  12.9988522  12.9988522  
40.8400000  12.9988687  12.9988687  
40.8500000  12.9988855  12.9988855  
40.8600000  12.9989026  12.9989026  
40.8700000  12.9989199  12.9989199  
40.8800000  12.9989376  12.9989376  
40.8900000  12.9989556  12.9989556  
40.9000000  12.9989738  12.9989738  
40.9100000  12.9989923  12.9989923  
40.9200000  12.9990111  12.9990111  
40.9300000  12.9990301  12.9990301  
40.9400000  12.9990494  12.9990494  
40.9500000  12.9990689  12.9990689  
40.9600000  12.9990886  12.9990886  
40.9700000  12.9991086  12.9991086  
40.9800000  12.9991288  12.9991288  
40.9900000  12.9991492  12.9991492  
41.0000000  12.9991699  12.9991699  
41.0100000  12.9991907  12.9991907  
41.0200000  12.9992117  12.9992117  
41.0300000  12.9992329  12.9992329  
41.0400000  12.9992543  12.9992543  
41.0500000  12.9992759  12.9992759  
41.0600000  12.9992976  12.9992976  
41.0700000  12.9993195  12.9993195  
41.0800000  12.9993415  12.9993415  
41.0900000  12.9993637  12.9993637  
41.1000000  12.9993860  12.9993860  
41.1100000  12.9994084  12.9994084  
41.1200000  12.9994309  12.9994309  
41.1300000  12.9994536  12.9994536  
41.1400000  12.9994763  12.9994763  
41.1500000  12.9994992  12.9994992  
41.1600000  12.9995221  12.9995221  
41.1700000  12.9995452  12.9995452  
41.1800000  12.9995683  12.9995683  
41.1900000  12.9995914  12.9995914  
41.2000000  12.9996146  12.9996146  
41.2100000  12.9996379  12.9996379  
41.2200000  12.9996612  12.9996612  
41.2300000  12.9996845  12.9996845  
41.2400000  12.9997079  12.9997079  
41.2500000  12.9997313  12.9997313  
41.2600000  12.9997547  12.9997547  
41.2700000  12.9997781  12.9997781  
41.2800000  12.9998015  12.9998015  
41.2900000  12.9998248  12.9998248  
41.3000000  12.9998482  12.9998482  
41.3100000  12.9998715  12.9998715  
41.3200000  12.9998948  12.9998948  
41.3300000  12.9999181  12.9999181  
41.3400000  12.9999413  12.9999413  
41.3500000  12.9999645  12.9999645  
41.3600000  12.9999876  12.9999876  
41.3700000  13.0000106  13.0000106  
41.3800000  13.0000335  13.0000335  
41.3900000  13.0000564  13.0000564  
41.4000000  13.0000792  13.0000792  
41.4100000  13.0001019  13.0001019  
41.4200000  13.0001244  13.0001244  
41.4300000  13.0001469  13.0001469  
41.4400000  13.0001692  13.0001692  
41.4500000  13.0001914  13.0001914  
41.4600000  13.0002135  13.0002135  
41.4700000  13.0002354  13.0002354  
41.4800000  13.0002572  13.0002572  
41.4900000  13.0002789  13.0002789  
41.5000000  13.0003003  13.0003003  
41.5100000  13.0003217  13.0003217  
41.5200000  13.0003428  13.0003428  
41.5300000  13.0003638  13.0003638  
41.5400000  13.0003845  13.0003845  
41.5500000  13.0004051  13.0004051  
41.5600000  13.0004255  13.0004255  
41.5700000  13.0004457  13.0004457  
41.5800000  13.0004657  13.0004657  
41.5900000  13.0004854  13.0004854  
41.6000000  13.0005050  13.0005050  
41.6100000  13.0005243  13.0005243  
41.6200000  13.0005434  13.0005434  
41.6300000  13.0005623  13.0005623  
41.6400000  13.0005809  13.0005809  
41.6500000  13.0005992  13.0005992  
41.6600000  13.0006174  13.0006174  
41.6700000  13.0006352  13.0006352  
41.6800000  13.0006528  13.0006528  
41.6900000  13.0006701  13.0006701  
41.7000000  13.0006872  13.0006872  
41.7100000  13.0007040  13.0007040  
41.7200000  13.0007205  13.0007205  
41.7300000  13.0007367  13.0007367  
41.7400000  13.0007526  13.0007526  
41.7500000  13.0007683  13.0007683  
41.7600000  13.0007836  13.0007836  
41.7700000  13.0007987  13.0007987  
41.7800000  13.0008134  13.0008134  
41.7900000  13.0008278  13.0008278  
41.8000000  13.0008419  13.0008419  
41.8100000  13.0008557  13.0008557  
41.8200000  13.0008692  13.0008692  
41.8300000  13.0008824  13.0008824  
41.8400000  13.0008952  13.0008952  
41.8500000  13.0009077  13.0009077  
41.8600000  13.0009198  13.0009198  
41.8700000  13.0009317  13.0009317  
41.8800000  13.0009432  13.0009432  
41.8900000  13.0009543  13.0009543  
41.9000000  13.0009651  13.0009651  
41.9100000  13.0009756  13.0009756  
41.9200000  13.0009857  13.0009857  
41.9300000  13.0009955  13.0009955  
41.9400000  13.0010049  13.0010049  
41.9500000  13.0010140  13.0010140  
41.9600000  13.0010227  13.0010227  
41.9700000  13.0010310  13.0010310  
41.9800000  13.0010390  13.0010390  
41.9900000  13.0010467  13.0010467  
42.0000000  13.0010539  13.0010539  
42.0100000  13.0010609  13.0010609  
42.0200000  13.0010674  13.0010674  
42.0300000  13.0010736  13.0010736  
42.0400000  13.0010794  13.0010794  
42.0500000  13.0010849  13.0010849  
42.0600000  13.0010900  13.0010900  
42.0700000  13.0010947  13.0010947  
42.0800000  13.0010990  13.0010990  
42.0900000  13.0011030  13.0011030  
42.1000000  13.0011066  13.0011066  
42.1100000  13.0011099  13.0011099  
42.1200000  13.0011128  13.0011128  
42.1300000  13.0011153  13.0011153  
42.1400000  13.0011174  13.0011174  
42.1500000  13.0011192  13.0011192  
42.1600000  13.0011206  13.0011206  
42.1700000  13.0011217  13.0011217  
42.1800000  13.0011224  13.0011224  
42.1900000  13.0011227  13.0011227  
42.2000000  13.0011227  13.0011227  
42.2100000  13.0011223  13.0011223  
42.2200000  13.0011215  13.0011215  
42.2300000  13.0011204  13.0011204  
42.2400000  13.0011189  13.0011189  
42.2500000  13.0011171  13.0011171  
42.2600000  13.0011149  13.0011149  
42.2700000  13.0011124  13.0011124  
42.2800000  13.0011095  13.0011095  
42.2900000  13.0011063  13.0011063  
42.3000000  13.0011027  13.0011027  
42.3100000  13.0010988  13.0010988  
42.3200000  13.0010946  13.0010946  
42.3300000  13.0010900  13.0010900  
42.3400000  13.0010850  13.0010850  
42.3500000  13.0010798  13.0010798  
42.3600000  13.0010742  13.0010742  
42.3700000  13.0010683  13.0010683  
42.3800000  13.0010620  13.0010620  
42.3900000  13.0010555  13.0010555  
42.4000000  13.0010486  13.0010486  
42.4100000  13.0010414  13.0010414  
42.4200000  13.0010339  13.0010339  
42.4300000  13.0010261  13.0010261  
42.4400000  13.0010179  13.0010179  
42.4500000  13.0010095  13.0010095  
42.4600000  13.0010008  13.0010008  
42.4700000  13.0009918  13.0009918  
42.4800000  13.0009825  13.0009825  
42.4900000  13.0009729  13.0009729  
42.5000000  13.0009630  13.0009630  
42.5100000  13.0009528  13.0009528  
42.5200000  13.0009424  13.0009424  
42.5300000  13.0009317  13.0009317  
42.5400000  13.0009208  13.0009208  
42.5500000  13.0009096  13.0009096  
42.5600000  13.0008981  13.0008981  
42.5700000  13.0008863  13.0008863  
42.5800000  13.0008744  13.0008744  
42.5900000  13.0008622  13.0008622  
42.6000000  13.0008497  13.0008497  
42.6100000  13.0008370  13.0008370  
42.6200000  13.0008241  13.0008241  
42.6300000  13.0008110  13.0008110  
42.6400000  13.0007976  13.0007976  
42.6500000  13.0007840  13.0007840  
42.6600000  13.0007702  13.0007702  
42.6700000  13.0007563  13.0007563  
42.6800000  13.0007421  13.0007421  
42.6900000  13.0007277  13.0007277  
42.7000000  13.0007131  13.0007131  
42.7100000  13.0006984  13.0006984  
42.7200000  13.0006835  13.0006835  
42.7300000  13.0006684  13.0006684  
42.7400000  13.0006531  13.0006531  
42.7500000  13.0006377  13.0006377  
42.7600000  13.0006221  13.0006221  
42.7700000  13.0006064  13.0006064  
42.7800000  13.0005905  13.0005905  
42.7900000  13.0005745  13.0005745  
42.8000000  13.0005584  13.0005584  
42.8100000  13.0005421  13.0005421  
42.8200000  13.0005257  13.0005257  
42.8300000  13.0005092  13.0005092  
42.8400000  13.0004926  13.0004926  
42.8500000  13.0004758  13.0004758  
42.8600000  13.0004590  13.0004590  
42.8700000  13.0004421  13.0004421  
42.8800000  13.0004251  13.0004251  
42.8900000  13.0004080  13.0004080  
42.9000000  13.0003908  13.0003908  
42.9100000  13.0003736  13.0003736  
42.9200000  13.0003563  13.0003563  
42.9300000  13.0003390  13.0003390  
42.9400000  13.0003215  13.0003215  
42.9500000  13.0003041  13.0003041  
42.9600000  13.0002866  13.0002866  
42.9700000  13.0002690  13.0002690  
42.9800000  13.0002515  13.0002515  
42.9900000  13.0002339  13.0002339  
43.0000000  13.0002163  13.0002163  
43.0100000  13.0001987  13.0001987  
43.0200000  13.0001810  13.0001810  
43.0300000  13.0001634  13.0001634  
43.0400000  13.0001458  13.0001458  
43.0500000  13.0001282  13.0001282  
43.06       13.0001106  13.0001106  
43.07       13.0000930  13.0000930  
43.08       13.0000754  13.0000754  
43.0899999  13.0000579  13.0000579  
43.0999999  13.0000404  13.0000404  
43.1099999  13.0000230  13.0000230  
43.1199999  13.0000056  13.0000056  
43.1299999  12.9999882  12.9999882  
43.1399999  12.9999710  12.9999710  
43.1499999  12.9999538  12.9999538  
43.1599999  12.9999366  12.9999366  
43.1699999  12.9999195  12.9999195  
43.1799999  12.9999026  12.9999026  
43.1899999  12.9998857  12.9998857  
43.1999999  12.9998688  12.9998688  
43.2099999  12.9998521  12.9998521  
43.2199999  12.9998355  12.9998355  
43.2299999  12.9998190  12.9998190  
43.2399999  12.9998026  12.9998026  
43.2499999  12.9997863  12.9997863  
43.2599999  12.9997702  12.9997702  
43.2699999  12.9997541  12.9997541  
43.2799999  12.9997382  12.9997382  
43.2899999  12.9997225  12.9997225  
43.2999999  12.9997069  12.9997069  
43.3099999  12.9996914  12.9996914  
43.3199999  12.9996760  12.9996760  
43.3299999  12.9996609  12.9996609  
43.3399999  12.9996458  12.9996458  
43.3499999  12.9996310  12.9996310  
43.3599999  12.9996163  12.9996163  
43.3699999  12.9996018  12.9996018  
43.3799999  12.9995874  12.9995874  
43.3899999  12.9995732  12.9995732  
43.3999999  12.9995593  12.9995593  
43.4099999  12.9995455  12.9995455  
43.4199999  12.9995318  12.9995318  
43.4299999  12.9995184  12.9995184  
43.4399999  12.9995052  12.9995052  
43.4499999  12.9994922  12.9994922  
43.4599999  12.9994794  12.9994794  
43.4699999  12.9994668  12.9994668  
43.4799999  12.9994544  12.9994544  
43.4899999  12.9994422  12.9994422  
43.4999999  12.9994303  12.9994303  
43.5099999  12.9994185  12.9994185  
43.5199999  12.9994070  12.9994070  
43.5299999  12.9993957  12.9993957  
43.5399999  12.9993847  12.9993847  
43.5499999  12.9993739  12.9993739  
43.5599999  12.9993633  12.9993633  
43.5699999  12.9993529  12.9993529  
43.5799999  12.9993428  12.9993428  
43.5899999  12.9993330  12.9993330  
43.5999999  12.9993233  12.9993233  
43.6099999  12.9993140  12.9993140  
43.6199999  12.9993049  12.9993049  
43.6299999  12.9992960  12.9992960  
43.6399999  12.9992874  12.9992874  
43.6499999  12.9992791  12.9992791  
43.6599999  12.9992710  12.9992710  
43.6699999  12.9992631  12.9992631  
43.6799999  12.9992556  12.9992556  
43.6899999  12.9992483  12.9992483  
43.6999999  12.9992412  12.9992412  
43.7099999  12.9992344  12.9992344  
43.7199999  12.9992279  12.9992279  
43.7299999  12.9992217  12.9992217  
43.7399999  12.9992157  12.9992157  
43.7499999  12.9992100  12.9992100  
43.7599999  12.9992046  12.9992046  
43.7699999  12.9991995  12.9991995  
43.7799999  12.9991946  12.9991946  
43.7899999  12.9991900  12.9991900  
43.7999999  12.9991857  12.9991857  
43.8099999  12.9991816  12.9991816  
43.8199999  12.9991778  12.9991778  
43.8299999  12.9991743  12.9991743  
43.8399999  12.9991711  12.9991711  
43.8499999  12.9991682  12.9991682  
43.8599999  12.9991655  12.9991655  
43.8699999  12.9991631  12.9991631  
43.8799999  12.9991610  12.9991610  
43.8899999  12.9991591  12.9991591  
43.8999999  12.9991576  12.9991576  
43.9099999  12.9991563  12.9991563  
43.9199999  12.9991553  12.9991553  
43.9299999  12.9991546  12.9991546  
43.9399999  12.9991541  12.9991541  
43.9499999  12.9991539  12.9991539  
43.9599999  12.9991540  12.9991540  
43.9699999  12.9991543  12.9991543  
43.9799999  12.9991550  12.9991550  
43.9899999  12.9991559  12.9991559  
43.9999999  12.9991570  12.9991570  
44.0099999  12.9991585  12.9991585  
44.0199999  12.9991602  12.9991602  
44.0299999  12.9991621  12.9991621  
44.0399999  12.9991643  12.9991643  
44.0499999  12.9991668  12.9991668  
44.0599999  12.9991696  12.9991696  
44.0699999  12.9991726  12.9991726  
44.0799999  12.9991758  12.9991758  
44.0899999  12.9991794  12.9991794  
44.0999999  12.9991831  12.9991831  
44.1099999  12.9991871  12.9991871  
44.1199999  12.9991914  12.9991914  
44.1299999  12.9991959  12.9991959  
44.1399999  12.9992007  12.9992007  
44.1499999  12.9992057  12.9992057  
44.1599999  12.9992109  12.9992109  
44.1699999  12.9992164  12.9992164  
44.1799999  12.9992221  12.9992221  
44.1899999  12.9992280  12.9992280  
44.1999999  12.9992342  12.9992342  
44.2099999  12.9992406  12.9992406  
44.2199999  12.9992472  12.9992472  
44.2299999  12.9992541  12.9992541  
44.2399999  12.9992611  12.9992611  
44.2499999  12.9992684  12.9992684  
44.2599999  12.9992759  12.9992759  
44.2699999  12.9992836  12.9992836  
44.2799999  12.9992915  12.9992915  
44.2899999  12.9992996  12.9992996  
44.2999999  12.9993079  12.9993079  
44.3099999  12.9993164  12.9993164  
44.3199999  12.9993251  12.9993251  
44.3299999  12.9993339  12.9993339  
44.3399999  12.9993430  12.9993430  
44.3499999  12.9993522  12.9993522  
44.3599999  12.9993617  12.9993617  
44.3699999  12.9993713  12.9993713  
44.3799999  12.9993810  12.9993810  
44.3899999  12.9993910  12.9993910  
44.3999999  12.9994011  12.9994011  
44.4099999  12.9994113  12.9994113  
44.4199999  12.9994217  12.9994217  
44.4299999  12.9994323  12.9994323  
44.4399999  12.9994430  12.9994430  
44.4499999  12.9994539  12.9994539  
44.4599999  12.9994649  12.9994649  
44.4699999  12.9994760  12.9994760  
44.4799999  12.9994873  12.9994873  
44.4899999  12.9994987  12.9994987  
44.4999999  12.9995102  12.9995102  
44.5099999  12.9995219  12.9995219  
44.5199999  12.9995336  12.9995336  
44.5299999  12.9995455  12.9995455  
44.5399999  12.9995575  12.9995575  
44.5499999  12.9995696  12.9995696  
44.5599999  12.9995818  12.9995818  
44.5699999  12.9995941  12.9995941  
44.5799999  12.9996064  12.9996064  
44.5899999  12.9996189  12.9996189  
44.5999999  12.9996314  12.9996314  
44.6099999  12.9996440  12.9996440  
44.6199999  12.9996567  12.9996567  
44.6299999  12.9996695  12.9996695  
44.6399999  12.9996823  12.9996823  
44.6499999  12.9996952  12.9996952  
44.6599999  12.9997082  12.9997082  
44.6699999  12.9997212  12.9997212  
44.6799999  12.9997342  12.9997342  
44.6899999  12.9997473  12.9997473  
44.6999999  12.9997604  12.9997604  
44.7099999  12.9997736  12.9997736  
44.7199999  12.9997868  12.9997868  
44.7299999  12.9998000  12.9998000  
44.7399999  12.9998132  12.9998132  
44.7499999  12.9998265  12.9998265  
44.7599999  12.9998398  12.9998398  
44.7699999  12.9998530  12.9998530  
44.7799999  12.9998663  12.9998663  
44.7899999  12.9998796  12.9998796  
44.7999999  12.9998929  12.9998929  
44.8099999  12.9999062  12.9999062  
44.8199999  12.9999194  12.9999194  
44.8299999  12.9999327  12.9999327  
44.8399999  12.9999459  12.9999459  
44.8499999  12.9999591  12.9999591  
44.8599999  12.9999723  12.9999723  
44.8699999  12.9999854  12.9999854  
44.8799999  12.9999985  12.9999985  
44.8899999  13.0000115  13.0000115  
44.8999999  13.0000245  13.0000245  
44.9099999  13.0000375  13.0000375  
44.9199999  13.0000504  13.0000504  
44.9299999  13.0000633  13.0000633  
44.9399999  13.0000760  13.0000760  
44.9499999  13.0000888  13.0000888  
44.9599999  13.0001014  13.0001014  
44.9699999  13.0001140  13.0001140  
44.9799999  13.0001265  13.0001265  
44.9899999  13.0001389  13.0001389  
44.9999999  13.0001513  13.0001513  
45.0099999  13.0001635  13.0001635  
45.0199999  13.0001757  13.0001757  
45.0299999  13.0001877  13.0001877  
45.0399999  13.0001997  13.0001997  
45.0499999  13.0002115  13.0002115  
45.0599999  13.0002233  13.0002233  
45.0699999  13.0002349  13.0002349  
45.0799999  13.0002465  13.0002465  
45.0899999  13.0002579  13.0002579  
45.0999999  13.0002692  13.0002692  
45.1099999  13.0002803  13.0002803  
45.1199999  13.0002914  13.0002914  
45.1299999  13.0003023  13.0003023  
45.1399999  13.0003131  13.0003131  
45.1499999  13.0003237  13.0003237  
45.1599999  13.0003342  13.0003342  
45.1699999  13.0003446  13.0003446  
45.1799999  13.0003548  13.0003548  
45.1899999  13.0003649  13.0003649  
45.1999999  13.0003748  13.0003748  
45.2099999  13.0003846  13.0003846  
45.2199999  13.0003942  13.0003942  
45.2299999  13.0004037  13.0004037  
45.2399999  13.0004130  13.0004130  
45.2499999  13.0004221  13.0004221  
45.2599999  13.0004311  13.0004311  
45.2699999  13.0004399  13.0004399  
45.2799999  13.0004486  13.0004486  
45.2899999  13.0004570  13.0004570  
45.2999999  13.0004653  13.0004653  
45.3099999  13.0004734  13.0004734  
45.3199999  13.0004814  13.0004814  
45.3299999  13.0004891  13.0004891  
45.3399999  13.0004967  13.0004967  
45.3499999  13.0005041  13.0005041  
45.3599999  13.0005113  13.0005113  
45.3699999  13.0005183  13.0005183  
45.3799999  13.0005251  13.0005251  
45.3899999  13.0005318  13.0005318  
45.3999999  13.0005382  13.0005382  
45.4099999  13.0005445  13.0005445  
45.4199999  13.0005505  13.0005505  
45.4299999  13.0005564  13.0005564  
45.4399999  13.0005621  13.0005621  
45.4499999  13.0005675  13.0005675  
45.4599999  13.0005728  13.0005728  
45.4699999  13.0005778  13.0005778  
45.4799999  13.0005827  13.0005827  
45.4899999  13.0005874  13.0005874  
45.4999999  13.0005918  13.0005918  
45.5099999  13.0005961  13.0005961  
45.5199999  13.0006001  13.0006001  
45.5299999  13.0006039  13.0006039  
45.5399999  13.0006076  13.0006076  
45.5499999  13.0006110  13.0006110  
45.5599999  13.0006142  13.0006142  
45.5699999  13.0006172  13.0006172  
45.5799999  13.0006200  13.0006200  
45.5899999  13.0006226  13.0006226  
45.5999999  13.0006250  13.0006250  
45.6099999  13.0006272  13.0006272  
45.6199999  13.0006291  13.0006291  
45.6299999  13.0006309  13.0006309  
45.6399999  13.0006324  13.0006324  
45.6499999  13.0006338  13.0006338  
45.6599999  13.0006349  13.0006349  
45.6699999  13.0006358  13.0006358  
45.6799999  13.0006366  13.0006366  
45.6899999  13.0006371  13.0006371  
45.6999999  13.0006374  13.0006374  
45.7099999  13.0006375  13.0006375  
45.7199999  13.0006374  13.0006374  
45.7299999  13.0006371  13.0006371  
45.7399999  13.0006365  13.0006365  
45.7499999  13.0006358  13.0006358  
45.7599999  13.0006349  13.0006349  
45.7699999  13.0006338  13.0006338  
45.7799999  13.0006325  13.0006325  
45.7899999  13.0006309  13.0006309  
45.7999999  13.0006292  13.0006292  
45.8099999  13.0006273  13.0006273  
45.8199999  13.0006252  13.0006252  
45.8299999  13.0006229  13.0006229  
45.8399999  13.0006204  13.0006204  
45.8499999  13.0006177  13.0006177  
45.8599999  13.0006148  13.0006148  
45.8699999  13.0006118  13.0006118  
45.8799999  13.0006085  13.0006085  
45.8899999  13.0006051  13.0006051  
45.8999999  13.0006014  13.0006014  
45.9099999  13.0005976  13.0005976  
45.9199999  13.0005936  13.0005936  
45.9299999  13.0005895  13.0005895  
45.9399999  13.0005851  13.0005851  
45.9499999  13.0005806  13.0005806  
45.9599999  13.0005759  13.0005759  
45.9699999  13.0005711  13.0005711  
45.9799999  13.0005661  13.0005661  
45.9899999  13.0005609  13.0005609  
45.9999999  13.0005555  13.0005555  
46.0099999  13.0005500  13.0005500  
46.0199999  13.0005443  13.0005443  
46.0299999  13.0005385  13.0005385  
46.0399999  13.0005325  13.0005325  
46.0499999  13.0005264  13.0005264  
46.0599999  13.0005201  13.0005201  
46.0699999  13.0005137  13.0005137  
46.0799999  13.0005071  13.0005071  
46.0899999  13.0005004  13.0005004  
46.0999999  13.0004935  13.0004935  
46.1099999  13.0004865  13.0004865  
46.1199999  13.0004794  13.0004794  
46.1299999  13.0004721  13.0004721  
46.1399999  13.0004647  13.0004647  
46.1499999  13.0004572  13.0004572  
46.1599999  13.0004496  13.0004496  
46.1699999  13.0004418  13.0004418  
46.1799999  13.0004340  13.0004340  
46.1899999  13.0004260  13.0004260  
46.1999999  13.0004179  13.0004179  
46.2099999  13.0004097  13.0004097  
46.2199999  13.0004014  13.0004014  
46.2299999  13.0003929  13.0003929  
46.2399999  13.0003844  13.0003844  
46.2499999  13.0003758  13.0003758  
46.2599999  13.0003671  13.0003671  
46.2699999  13.0003583  13.0003583  
46.2799999  13.0003494  13.0003494  
46.2899999  13.0003405  13.0003405  
46.2999999  13.0003314  13.0003314  
46.3099999  13.0003223  13.0003223  
46.3199999  13.0003131  13.0003131  
46.3299999  13.0003038  13.0003038  
46.3399999  13.0002945  13.0002945  
46.3499999  13.0002851  13.0002851  
46.3599999  13.0002756  13.0002756  
46.3699999  13.0002661  13.0002661  
46.3799999  13.0002565  13.0002565  
46.3899999  13.0002469  13.0002469  
46.3999999  13.0002372  13.0002372  
46.4099999  13.0002275  13.0002275  
46.4199999  13.0002177  13.0002177  
46.4299999  13.0002079  13.0002079  
46.4399999  13.0001981  13.0001981  
46.4499999  13.0001882  13.0001882  
46.4599999  13.0001783  13.0001783  
46.4699999  13.0001684  13.0001684  
46.4799999  13.0001585  13.0001585  
46.4899999  13.0001485  13.0001485  
46.4999999  13.0001385  13.0001385  
46.5099999  13.0001285  13.0001285  
46.5199999  13.0001185  13.0001185  
46.5299999  13.0001085  13.0001085  
46.5399999  13.0000985  13.0000985  
46.5499999  13.0000885  13.0000885  
46.5599999  13.0000785  13.0000785  
46.5699999  13.0000685  13.0000685  
46.5799999  13.0000585  13.0000585  
46.5899999  13.0000485  13.0000485  
46.5999999  13.0000386  13.0000386  
46.6099999  13.0000286  13.0000286  
46.6199999  13.0000187  13.0000187  
46.6299999  13.0000088  13.0000088  
46.6399999  12.9999990  12.9999990  
46.6499999  12.9999891  12.9999891  
46.6599999  12.9999793  12.9999793  
46.6699999  12.9999696  12.9999696  
46.6799999  12.9999599  12.9999599  
46.6899999  12.9999502  12.9999502  
46.6999999  12.9999406  12.9999406  
46.7099999  12.9999310  12.9999310  
46.7199999  12.9999215  12.9999215  
46.7299999  12.9999120  12.9999120  
46.7399999  12.9999026  12.9999026  
46.7499999  12.9998933  12.9998933  
46.7599999  12.9998840  12.9998840  
46.7699999  12.9998748  12.9998748  
46.7799999  12.9998656  12.9998656  
46.7899999  12.9998565  12.9998565  
46.7999999  12.9998475  12.9998475  
46.8099999  12.9998386  12.9998386  
46.8199999  12.9998298  12.9998298  
46.8299999  12.9998210  12.9998210  
46.8399999  12.9998124  12.9998124  
46.8499999  12.9998038  12.9998038  
46.8599999  12.9997953  12.9997953  
46.8699999  12.9997869  12.9997869  
46.8799999  12.9997786  12.9997786  
46.8899999  12.9997704  12.9997704  
46.8999999  12.9997623  12.9997623  
46.9099999  12.9997543  12.9997543  
46.9199999  12.9997464  12.9997464  
46.9299999  12.9997386  12.9997386  
46.9399999  12.9997309  12.9997309  
46.9499999  12.9997233  12.9997233  
46.9599999  12.9997159  12.9997159  
46.9699999  12.9997085  12.9997085  
46.9799999  12.9997013  12.9997013  
46.9899999  12.9996942  12.9996942  
46.9999999  12.9996872  12.9996872  
47.0099999  12.9996804  12.9996804  
47.0199999  12.9996736  12.9996736  
47.0299999  12.9996670  12.9996670  
47.0399999  12.9996605  12.9996605  
47.0499999  12.9996542  12.9996542  
47.0599999  12.9996480  12.9996480  
47.0699999  12.9996419  12.9996419  
47.0799999  12.9996359  12.9996359  
47.0899999  12.9996301  12.9996301  
47.0999999  12.9996244  12.9996244  
47.1099999  12.9996189  12.9996189  
47.1199999  12.9996135  12.9996135  
47.1299999  12.9996082  12.9996082  
47.1399999  12.9996031  12.9996031  
47.1499999  12.9995982  12.9995982  
47.1599999  12.9995933  12.9995933  
47.1699999  12.9995887  12.9995887  
47.1799999  12.9995841  12.9995841  
47.1899999  12.9995797  12.9995797  
47.1999999  12.9995755  12.9995755  
47.2099999  12.9995714  12.9995714  
47.2199999  12.9995675  12.9995675  
47.2299999  12.9995637  12.9995637  
47.2399999  12.9995601  12.9995601  
47.2499999  12.9995566  12.9995566  
47.2599999  12.9995533  12.9995533  
47.2699999  12.9995501  12.9995501  
47.2799999  12.9995471  12.9995471  
47.2899999  12.9995442  12.9995442  
47.2999999  12.9995415  12.9995415  
47.3099999  12.9995390  12.9995390  
47.3199999  12.9995366  12.9995366  
47.3299999  12.9995344  12.9995344  
47.3399999  12.9995323  12.9995323  
47.3499999  12.9995304  12.9995304  
47.3599999  12.9995286  12.9995286  
47.3699999  12.9995270  12.9995270  
47.3799999  12.9995256  12.9995256  
47.3899999  12.9995243  12.9995243  
47.3999999  12.9995231  12.9995231  
47.4099999  12.9995221  12.9995221  
47.4199999  12.9995213  12.9995213  
47.4299999  12.9995207  12.9995207  
47.4399999  12.9995202  12.9995202  
47.4499999  12.9995198  12.9995198  
47.4599999  12.9995196  12.9995196  
47.4699999  12.9995196  12.9995196  
47.4799999  12.9995197  12.9995197  
47.4899999  12.9995199  12.9995199  
47.4999999  12.9995204  12.9995204  
47.5099999  12.9995209  12.9995209  
47.5199999  12.9995217  12.9995217  
47.5299999  12.9995225  12.9995225  
47.5399999  12.9995236  12.9995236  
47.5499999  12.9995248  12.9995248  
47.5599999  12.9995261  12.9995261  
47.5699999  12.9995276  12.9995276  
47.5799999  12.9995292  12.9995292  
47.5899999  12.9995309  12.9995309  
47.5999999  12.9995329  12.9995329  
47.6099999  12.9995349  12.9995349  
47.6199999  12.9995371  12.9995371  
47.6299999  12.9995395  12.9995395  
47.6399999  12.9995419  12.9995419  
47.6499999  12.9995446  12.9995446  
47.6599999  12.9995473  12.9995473  
47.6699999  12.9995502  12.9995502  
47.6799999  12.9995532  12.9995532  
47.6899999  12.9995564  12.9995564  
47.6999999  12.9995597  12.9995597  
47.7099999  12.9995631  12.9995631  
47.7199999  12.9995667  12.9995667  
47.7299999  12.9995704  12.9995704  
47.7399999  12.9995742  12.9995742  
47.7499999  12.9995781  12.9995781  
47.7599999  12.9995822  12.9995822  
47.7699999  12.9995864  12.9995864  
47.7799999  12.9995907  12.9995907  
47.7899999  12.9995951  12.9995951  
47.7999999  12.9995996  12.9995996  
47.8099999  12.9996043  12.9996043  
47.8199999  12.9996090  12.9996090  
47.8299999  12.9996139  12.9996139  
47.8399999  12.9996189  12.9996189  
47.8499999  12.9996240  12.9996240  
47.8599999  12.9996291  12.9996291  
47.8699999  12.9996344  12.9996344  
47.8799999  12.9996398  12.9996398  
47.8899999  12.9996453  12.9996453  
47.8999999  12.9996509  12.9996509  
47.9099999  12.9996566  12.9996566  
47.9199999  12.9996624  12.9996624  
47.9299999  12.9996682  12.9996682  
47.9399999  12.9996742  12.9996742  
47.9499999  12.9996802  12.9996802  
47.9599999  12.9996863  12.9996863  
47.9699999  12.9996925  12.9996925  
47.9799999  12.9996988  12.9996988  
47.9899999  12.9997052  12.9997052  
47.9999999  12.9997116  12.9997116  
48.0099999  12.9997181  12.9997181  
48.0199999  12.9997247  12.9997247  
48.0299999  12.9997313  12.9997313  
48.0399999  12.9997380  12.9997380  
48.0499999  12.9997448  12.9997448  
48.0599999  12.9997516  12.9997516  
48.0699999  12.9997585  12.9997585  
48.0799999  12.9997655  12.9997655  
48.0899999  12.9997725  12.9997725  
48.0999999  12.9997795  12.9997795  
48.1099999  12.9997866  12.9997866  
48.1199999  12.9997937  12.9997937  
48.1299999  12.9998009  12.9998009  
48.1399999  12.9998081  12.9998081  
48.1499999  12.9998154  12.9998154  
48.1599999  12.9998227  12.9998227  
48.1699999  12.9998300  12.9998300  
48.1799999  12.9998374  12.9998374  
48.1899999  12.9998448  12.9998448  
48.1999999  12.9998522  12.9998522  
48.2099999  12.9998597  12.9998597  
48.2199999  12.9998671  12.9998671  
48.2299999  12.9998746  12.9998746  
48.2399999  12.9998821  12.9998821  
48.2499999  12.9998896  12.9998896  
48.2599999  12.9998971  12.9998971  
48.2699999  12.9999047  12.9999047  
48.2799999  12.9999122  12.9999122  
48.2899999  12.9999197  12.9999197  
48.2999999  12.9999273  12.9999273  
48.3099999  12.9999348  12.9999348  
48.3199999  12.9999424  12.9999424  
48.3299999  12.9999499  12.9999499  
48.3399999  12.9999574  12.9999574  
48.3499999  12.9999649  12.9999649  
48.3599999  12.9999724  12.9999724  
48.3699999  12.9999799  12.9999799  
48.3799999  12.9999874  12.9999874  
48.3899999  12.9999948  12.9999948  
48.3999999  13.0000023  13.0000023  
48.4099999  13.0000097  13.0000097  
48.4199999  13.0000170  13.0000170  
48.4299999  13.0000244  13.0000244  
48.4399999  13.0000317  13.0000317  
48.4499999  13.0000390  13.0000390  
48.4599999  13.0000462  13.0000462  
48.4699999  13.0000534  13.0000534  
48.4799999  13.0000606  13.0000606  
48.4899999  13.0000677  13.0000677  
48.4999999  13.0000748  13.0000748  
48.5099999  13.0000818  13.0000818  
48.5199999  13.0000888  13.0000888  
48.5299999  13.0000958  13.0000958  
48.5399999  13.0001026  13.0001026  
48.5499999  13.0001095  13.0001095  
48.5599999  13.0001162  13.0001162  
48.5699999  13.0001229  13.0001229  
48.5799999  13.0001296  13.0001296  
48.5899999  13.0001362  13.0001362  
48.5999999  13.0001427  13.0001427  
48.6099999  13.0001491  13.0001491  
48.6199999  13.0001555  13.0001555  
48.6299999  13.0001618  13.0001618  
48.6399999  13.0001681  13.0001681  
48.6499999  13.0001742  13.0001742  
48.6599999  13.0001803  13.0001803  
48.6699999  13.0001863  13.0001863  
48.6799999  13.0001923  13.0001923  
48.6899999  13.0001981  13.0001981  
48.6999999  13.0002039  13.0002039  
48.7099999  13.0002096  13.0002096  
48.7199999  13.0002152  13.0002152  
48.7299999  13.0002207  13.0002207  
48.7399999  13.0002261  13.0002261  
48.7499999  13.0002315  13.0002315  
48.7599999  13.0002367  13.0002367  
48.7699999  13.0002418  13.0002418  
48.7799999  13.0002469  13.0002469  
48.7899999  13.0002519  13.0002519  
48.7999999  13.0002567  13.0002567  
48.8099999  13.0002615  13.0002615  
48.8199999  13.0002662  13.0002662  
48.8299999  13.0002707  13.0002707  
48.8399999  13.0002752  13.0002752  
48.8499999  13.0002795  13.0002795  
48.8599999  13.0002838  13.0002838  
48.8699999  13.0002880  13.0002880  
48.8799999  13.0002920  13.0002920  
48.8899999  13.0002959  13.0002959  
48.8999999  13.0002998  13.0002998  
48.9099999  13.0003035  13.0003035  
48.9199999  13.0003071  13.0003071  
48.9299999  13.0003106  13.0003106  
48.9399999  13.0003140  13.0003140  
48.9499999  13.0003173  13.0003173  
48.9599999  13.0003204  13.0003204  
48.9699999  13.0003235  13.0003235  
48.9799999  13.0003264  13.0003264  
48.9899999  13.0003293  13.0003293  
48.9999999  13.0003320  13.0003320  
49.0099999  13.0003346  13.0003346  
49.0199999  13.0003370  13.0003370  
49.0299999  13.0003394  13.0003394  
49.0399999  13.0003417  13.0003417  
49.0499999  13.0003438  13.0003438  
49.0599999  13.0003458  13.0003458  
49.0699999  13.0003477  13.0003477  
49.0799999  13.0003495  13.0003495  
49.0899999  13.0003511  13.0003511  
49.0999999  13.0003527  13.0003527  
49.1099999  13.0003541  13.0003541  
49.1199999  13.0003554  13.0003554  
49.1299999  13.0003566  13.0003566  
49.1399999  13.0003576  13.0003576  
49.1499999  13.0003586  13.0003586  
49.1599999  13.0003594  13.0003594  
49.1699999  13.0003601  13.0003601  
49.1799999  13.0003607  13.0003607  
49.1899999  13.0003612  13.0003612  
49.1999999  13.0003616  13.0003616  
49.2099999  13.0003618  13.0003618  
49.2199999  13.0003619  13.0003619  
49.2299999  13.0003619  13.0003619  
49.2399999  13.0003618  13.0003618  
49.2499999  13.0003616  13.0003616  
49.2599999  13.0003612  13.0003612  
49.2699999  13.0003608  13.0003608  
49.2799999  13.0003602  13.0003602  
49.2899999  13.0003595  13.0003595  
49.2999999  13.0003587  13.0003587  
49.3099999  13.0003578  13.0003578  
49.3199999  13.0003568  13.0003568  
49.3299999  13.0003557  13.0003557  
49.3399999  13.0003544  13.0003544  
49.3499999  13.0003531  13.0003531  
49.3599999  13.0003516  13.0003516  
49.3699999  13.0003500  13.0003500  
49.3799999  13.0003483  13.0003483  
49.3899999  13.0003466  13.0003466  
49.3999999  13.0003447  13.0003447  
49.4099999  13.0003427  13.0003427  
49.4199999  13.0003406  13.0003406  
49.4299999  13.0003384  13.0003384  
49.4399999  13.0003361  13.0003361  
49.4499999  13.0003337  13.0003337  
49.4599999  13.0003311  13.0003311  
49.4699999  13.0003285  13.0003285  
49.4799999  13.0003258  13.0003258  
49.4899999  13.0003230  13.0003230  
49.4999999  13.0003201  13.0003201  
49.5099999  13.0003172  13.0003172  
49.5199999  13.0003141  13.0003141  
49.5299999  13.0003109  13.0003109  
49.5399999  13.0003077  13.0003077  
49.5499999  13.0003043  13.0003043  
49.5599999  13.0003009  13.0003009  
49.5699999  13.0002974  13.0002974  
49.5799999  13.0002937  13.0002937  
49.5899999  13.0002901  13.0002901  
49.5999999  13.0002863  13.0002863  
49.6099999  13.0002824  13.0002824  
49.6199999  13.0002785  13.0002785  
49.6299999  13.0002745  13.0002745  
49.6399999  13.0002704  13.0002704  
49.6499999  13.0002663  13.0002663  
49.6599999  13.0002621  13.0002621  
49.6699999  13.0002578  13.0002578  
49.6799999  13.0002534  13.0002534  
49.6899999  13.0002490  13.0002490  
49.6999999  13.0002445  13.0002445  
49.7099999  13.0002399  13.0002399  
49.7199999  13.0002353  13.0002353  
49.7299999  13.0002306  13.0002306  
49.7399999  13.0002258  13.0002258  
49.7499999  13.0002210  13.0002210  
49.7599999  13.0002162  13.0002162  
49.7699999  13.0002113  13.0002113  
49.7799999  13.0002063  13.0002063  
49.7899999  13.0002013  13.0002013  
49.7999999  13.0001962  13.0001962  
49.8099999  13.0001911  13.0001911  
49.8199999  13.0001860  13.0001860  
49.8299999  13.0001808  13.0001808  
49.8399999  13.0001755  13.0001755  
49.8499999  13.0001702  13.0001702  
49.8599999  13.0001649  13.0001649  
49.8699999  13.0001596  13.0001596  
49.8799999  13.0001542  13.0001542  
49.8899999  13.0001488  13.0001488  
49.8999999  13.0001433  13.0001433  
49.9099999  13.0001378  13.0001378  
49.9199999  13.0001323  13.0001323  
49.9299999  13.0001268  13.0001268  
49.9399999  13.0001213  13.0001213  
49.9499999  13.0001157  13.0001157  
49.9599999  13.0001101  13.0001101  
49.9699999  13.0001045  13.0001045  
49.9799999  13.0000988  13.0000988  
49.9899999  13.0000932  13.0000932  
49.9999999  13.0000876  13.0000876  
50.0099999  13.0000819  13.0000819  
50.0199999  13.0000762  13.0000762  
50.0299999  13.0000705  13.0000705  
50.0399999  13.0000649  13.0000649  
50.0499999  13.0000592  13.0000592  
50.0599999  13.0000535  13.0000535  
50.0699999  13.0000478  13.0000478  
50.0799999  13.0000421  13.0000421  
50.0899999  13.0000365  13.0000365  
50.0999999  13.0000308  13.0000308  
50.1099999  13.0000251  13.0000251  
50.1199999  13.0000195  13.0000195  
50.1299999  13.0000138  13.0000138  
50.1399999  13.0000082  13.0000082  
50.1499999  13.0000026  13.0000026  
50.1599999  12.9999970  12.9999970  
50.1699999  12.9999914  12.9999914  
50.1799999  12.9999859  12.9999859  
50.1899999  12.9999804  12.9999804  
50.1999999  12.9999749  12.9999749  
50.2099999  12.9999694  12.9999694  
50.2199999  12.9999639  12.9999639  
50.2299999  12.9999585  12.9999585  
50.2399999  12.9999531  12.9999531  
50.2499999  12.9999477  12.9999477  
50.2599999  12.9999424  12.9999424  
50.2699999  12.9999371  12.9999371  
50.2799999  12.9999319  12.9999319  
50.2899999  12.9999267  12.9999267  
50.2999999  12.9999215  12.9999215  
50.3099999  12.9999163  12.9999163  
50.3199999  12.9999113  12.9999113  
50.3299999  12.9999062  12.9999062  
50.3399999  12.9999012  12.9999012  
50.3499999  12.9998963  12.9998963  
50.3599999  12.9998914  12.9998914  
50.3699999  12.9998865  12.9998865  
50.3799999  12.9998817  12.9998817  
50.3899999  12.9998770  12.9998770  
50.3999999  12.9998723  12.9998723  
50.4099999  12.9998676  12.9998676  
50.4199999  12.9998631  12.9998631  
50.4299999  12.9998585  12.9998585  
50.4399999  12.9998541  12.9998541  
50.4499999  12.9998497  12.9998497  
50.4599999  12.9998454  12.9998454  
50.4699999  12.9998411  12.9998411  
50.4799999  12.9998369  12.9998369  
50.4899999  12.9998327  12.9998327  
50.4999999  12.9998287  12.9998287  
50.5099999  12.9998247  12.9998247  
50.5199999  12.9998207  12.9998207  
50.5299999  12.9998169  12.9998169  
50.5399999  12.9998131  12.9998131  
50.5499999  12.9998093  12.9998093  
50.5599999  12.9998057  12.9998057  
50.5699999  12.9998021  12.9998021  
50.5799999  12.9997986  12.9997986  
50.5899999  12.9997952  12.9997952  
50.5999999  12.9997919  12.9997919  
50.6099999  12.9997886  12.9997886  
50.6199999  12.9997854  12.9997854  
50.6299999  12.9997823  12.9997823  
50.6399999  12.9997792  12.9997792  
50.6499999  12.9997763  12.9997763  
50.6599999  12.9997734  12.9997734  
50.6699999  12.9997706  12.9997706  
50.6799999  12.9997679  12.9997679  
50.6899999  12.9997653  12.9997653  
50.6999999  12.9997628  12.9997628  
50.7099999  12.9997603  12.9997603  
50.7199999  12.9997580  12.9997580  
50.7299999  12.9997557  12.9997557  
50.7399999  12.9997535  12.9997535  
50.7499999  12.9997514  12.9997514  
50.7599999  12.9997493  12.9997493  
50.7699999  12.9997474  12.9997474  
50.7799999  12.9997456  12.9997456  
50.7899999  12.9997438  12.9997438  
50.7999999  12.9997421  12.9997421  
50.8099999  12.9997405  12.9997405  
50.8199999  12.9997390  12.9997390  
50.8299999  12.9997376  12.9997376  
50.8399999  12.9997363  12.9997363  
50.8499999  12.9997351  12.9997351  
50.8599999  12.9997339  12.9997339  
50.8699999  12.9997329  12.9997329  
50.8799999  12.9997319  12.9997319  
50.8899999  12.9997311  12.9997311  
50.8999999  12.9997303  12.9997303  
50.9099999  12.9997296  12.9997296  
50.9199999  12.9997290  12.9997290  
50.9299999  12.9997284  12.9997284  
50.9399999  12.9997280  12.9997280  
50.9499999  12.9997277  12.9997277  
50.9599999  12.9997274  12.9997274  
50.9699999  12.9997273  12.9997273  
50.9799999  12.9997272  12.9997272  
50.9899999  12.9997272  12.9997272  
50.9999999  12.9997273  12.9997273  
51.0099999  12.9997275  12.9997275  
51.0199999  12.9997278  12.9997278  
51.0299999  12.9997281  12.9997281  
51.0399999  12.9997286  12.9997286  
51.0499999  12.9997291  12.9997291  
51.0599999  12.9997297  12.9997297  
51.0699999  12.9997304  12.9997304  
51.0799999  12.9997312  12.9997312  
51.0899999  12.9997321  12.9997321  
51.0999999  12.9997331  12.9997331  
51.1099999  12.9997341  12.9997341  
51.1199999  12.9997352  12.9997352  
51.1299999  12.9997364  12.9997364  
51.1399999  12.9997377  12.9997377  
51.1499999  12.9997391  12.9997391  
51.1599999  12.9997405  12.9997405  
51.1699999  12.9997420  12.9997420  
51.1799999  12.9997436  12.9997436  
51.1899999  12.9997453  12.9997453  
51.1999999  12.9997471  12.9997471  
51.2099999  12.9997489  12.9997489  
51.2199999  12.9997508  12.9997508  
51.2299999  12.9997528  12.9997528  
51.2399999  12.9997548  12.9997548  
51.2499999  12.9997569  12.9997569  
51.2599999  12.9997591  12.9997591  
51.2699999  12.9997614  12.9997614  
51.2799999  12.9997637  12.9997637  
51.2899999  12.9997661  12.9997661  
51.2999999  12.9997686  12.9997686  
51.3099999  12.9997712  12.9997712  
51.3199999  12.9997738  12.9997738  
51.3299999  12.9997764  12.9997764  
51.3399999  12.9997791  12.9997791  
51.3499999  12.9997819  12.9997819  
51.3599999  12.9997848  12.9997848  
51.3699999  12.9997877  12.9997877  
51.3799999  12.9997907  12.9997907  
51.3899999  12.9997937  12.9997937  
51.3999999  12.9997968  12.9997968  
51.4099999  12.9997999  12.9997999  
51.4199999  12.9998031  12.9998031  
51.4299999  12.9998064  12.9998064  
51.4399999  12.9998097  12.9998097  
51.4499999  12.9998130  12.9998130  
51.4599999  12.9998164  12.9998164  
51.4699999  12.9998199  12.9998199  
51.4799999  12.9998234  12.9998234  
51.4899999  12.9998269  12.9998269  
51.4999999  12.9998305  12.9998305  
51.5099999  12.9998341  12.9998341  
51.5199999  12.9998378  12.9998378  
51.5299999  12.9998415  12.9998415  
51.5399999  12.9998453  12.9998453  
51.5499999  12.9998490  12.9998490  
51.5599999  12.9998529  12.9998529  
51.5699999  12.9998567  12.9998567  
51.5799999  12.9998606  12.9998606  
51.5899999  12.9998645  12.9998645  
51.5999999  12.9998685  12.9998685  
51.6099999  12.9998725  12.9998725  
51.6199999  12.9998765  12.9998765  
51.6299999  12.9998805  12.9998805  
51.6399999  12.9998846  12.9998846  
51.6499999  12.9998887  12.9998887  
51.6599999  12.9998928  12.9998928  
51.6699999  12.9998969  12.9998969  
51.6799999  12.9999011  12.9999011  
51.6899999  12.9999052  12.9999052  
51.6999999  12.9999094  12.9999094  
51.7099999  12.9999136  12.9999136  
51.7199999  12.9999179  12.9999179  
51.7299999  12.9999221  12.9999221  
51.7399999  12.9999263  12.9999263  
51.7499999  12.9999306  12.9999306  
51.7599999  12.9999348  12.9999348  
51.7699999  12.9999391  12.9999391  
51.7799999  12.9999434  12.9999434  
51.7899999  12.9999477  12.9999477  
51.7999999  12.9999519  12.9999519  
51.8099999  12.9999562  12.9999562  
51.8199999  12.9999605  12.9999605  
51.8299999  12.9999648  12.9999648  
51.8399999  12.9999691  12.9999691  
51.8499999  12.9999733  12.9999733  
51.8599999  12.9999776  12.9999776  
51.8699999  12.9999819  12.9999819  
51.8799999  12.9999861  12.9999861  
51.8899999  12.9999904  12.9999904  
51.8999999  12.9999946  12.9999946  
51.9099999  12.9999988  12.9999988  
51.9199999  13.0000031  13.0000031  
51.9299999  13.0000072  13.0000072  
51.9399999  13.0000114  13.0000114  
51.9499999  13.0000156  13.0000156  
51.9599999  13.0000197  13.0000197  
51.9699999  13.0000239  13.0000239  
51.9799999  13.0000280  13.0000280  
51.9899999  13.0000321  13.0000321  
51.9999999  13.0000361  13.0000361  
52.0099999  13.0000401  13.0000401  
52.0199999  13.0000442  13.0000442  
52.0299999  13.0000481  13.0000481  
52.0399999  13.0000521  13.0000521  
52.0499999  13.0000560  13.0000560  
52.0599999  13.0000599  13.0000599  
52.0699999  13.0000638  13.0000638  
52.0799999  13.0000676  13.0000676  
52.0899999  13.0000714  13.0000714  
52.0999999  13.0000751  13.0000751  
52.1099999  13.0000789  13.0000789  
52.1199999  13.0000826  13.0000826  
52.1299999  13.0000862  13.0000862  
52.1399999  13.0000898  13.0000898  
52.1499999  13.0000934  13.0000934  
52.1599999  13.0000969  13.0000969  
52.1699999  13.0001004  13.0001004  
52.1799999  13.0001038  13.0001038  
52.1899999  13.0001072  13.0001072  
52.1999999  13.0001106  13.0001106  
52.2099999  13.0001139  13.0001139  
52.2199999  13.0001171  13.0001171  
52.2299999  13.0001203  13.0001203  
52.2399999  13.0001235  13.0001235  
52.2499999  13.0001266  13.0001266  
52.2599999  13.0001297  13.0001297  
52.2699999  13.0001327  13.0001327  
52.2799999  13.0001356  13.0001356  
52.2899999  13.0001385  13.0001385  
52.2999999  13.0001414  13.0001414  
52.3099999  13.0001442  13.0001442  
52.3199999  13.0001469  13.0001469  
52.3299999  13.0001496  13.0001496  
52.3399999  13.0001522  13.0001522  
52.3499999  13.0001548  13.0001548  
52.3599999  13.0001573  13.0001573  
52.3699999  13.0001597  13.0001597  
52.3799999  13.0001621  13.0001621  
52.3899999  13.0001645  13.0001645  
52.3999999  13.0001667  13.0001667  
52.4099999  13.0001689  13.0001689  
52.4199999  13.0001711  13.0001711  
52.4299999  13.0001732  13.0001732  
52.4399999  13.0001752  13.0001752  
52.4499999  13.0001772  13.0001772  
52.4599999  13.0001791  13.0001791  
52.4699999  13.0001809  13.0001809  
52.4799999  13.0001827  13.0001827  
52.4899999  13.0001844  13.0001844  
52.4999999  13.0001860  13.0001860  
52.5099999  13.0001876  13.0001876  
52.5199999  13.0001891  13.0001891  
52.5299999  13.0001905  13.0001905  
52.5399999  13.0001919  13.0001919  
52.5499999  13.0001932  13.0001932  
52.5599999  13.0001945  13.0001945  
52.5699999  13.0001957  13.0001957  
52.5799999  13.0001968  13.0001968  
52.5899999  13.0001978  13.0001978  
52.5999999  13.0001988  13.0001988  
52.6099999  13.0001997  13.0001997  
52.6199999  13.0002006  13.0002006  
52.6299999  13.0002013  13.0002013  
52.6399999  13.0002021  13.0002021  
52.6499999  13.0002027  13.0002027  
52.6599999  13.0002033  13.0002033  
52.6699999  13.0002038  13.0002038  
52.6799999  13.0002042  13.0002042  
52.6899999  13.0002046  13.0002046  
52.6999999  13.0002049  13.0002049  
52.7099999  13.0002052  13.0002052  
52.7199999  13.0002053  13.0002053  
52.7299999  13.0002054  13.0002054  
52.7399999  13.0002055  13.0002055  
52.7499999  13.0002055  13.0002055  
52.7599999  13.0002054  13.0002054  
52.7699999  13.0002052  13.0002052  
52.7799999  13.0002050  13.0002050  
52.7899999  13.0002047  13.0002047  
52.7999999  13.0002044  13.0002044  
52.8099999  13.0002039  13.0002039  
52.8199999  13.0002035  13.0002035  
52.8299999  13.0002029  13.0002029  
52.8399999  13.0002023  13.0002023  
52.8499999  13.0002016  13.0002016  
52.8599999  13.0002009  13.0002009  
52.8699999  13.0002001  13.0002001  
52.8799999  13.0001992  13.0001992  
52.8899999  13.0001983  13.0001983  
52.8999999  13.0001973  13.0001973  
52.9099999  13.0001963  13.0001963  
52.9199999  13.0001952  13.0001952  
52.9299999  13.0001940  13.0001940  
52.9399999  13.0001928  13.0001928  
52.9499999  13.0001916  13.0001916  
52.9599999  13.0001902  13.0001902  
52.9699999  13.0001888  13.0001888  
52.9799999  13.0001874  13.0001874  
52.9899999  13.0001859  13.0001859  
52.9999999  13.0001843  13.0001843  
53.0099999  13.0001827  13.0001827  
53.0199999  13.0001810  13.0001810  
53.0299999  13.0001793  13.0001793  
53.0399999  13.0001776  13.0001776  
53.0499999  13.0001757  13.0001757  
53.0599999  13.0001739  13.0001739  
53.0699999  13.0001719  13.0001719  
53.0799999  13.0001700  13.0001700  
53.0899999  13.0001680  13.0001680  
53.0999999  13.0001659  13.0001659  
53.1099999  13.0001638  13.0001638  
53.1199999  13.0001616  13.0001616  
53.1299999  13.0001594  13.0001594  
53.1399999  13.0001572  13.0001572  
53.1499999  13.0001549  13.0001549  
53.1599999  13.0001525  13.0001525  
53.1699999  13.0001502  13.0001502  
53.1799999  13.0001477  13.0001477  
53.1899999  13.0001453  13.0001453  
53.1999999  13.0001428  13.0001428  
53.2099999  13.0001403  13.0001403  
53.2199999  13.0001377  13.0001377  
53.2299999  13.0001351  13.0001351  
53.2399999  13.0001324  13.0001324  
53.2499999  13.0001298  13.0001298  
53.2599999  13.0001271  13.0001271  
53.2699999  13.0001243  13.0001243  
53.2799999  13.0001215  13.0001215  
53.2899999  13.0001187  13.0001187  
53.2999999  13.0001159  13.0001159  
53.3099999  13.0001131  13.0001131  
53.3199999  13.0001102  13.0001102  
53.3299999  13.0001073  13.0001073  
53.3399999  13.0001043  13.0001043  
53.3499999  13.0001014  13.0001014  
53.3599999  13.0000984  13.0000984  
53.3699999  13.0000954  13.0000954  
53.3799999  13.0000923  13.0000923  
53.3899999  13.0000893  13.0000893  
53.3999999  13.0000862  13.0000862  
53.4099999  13.0000831  13.0000831  
53.4199999  13.0000800  13.0000800  
53.4299999  13.0000769  13.0000769  
53.4399999  13.0000738  13.0000738  
53.4499999  13.0000706  13.0000706  
53.4599999  13.0000675  13.0000675  
53.4699999  13.0000643  13.0000643  
53.4799999  13.0000611  13.0000611  
53.4899999  13.0000579  13.0000579  
53.4999999  13.0000547  13.0000547  
53.5099999  13.0000515  13.0000515  
53.5199999  13.0000483  13.0000483  
53.5299999  13.0000451  13.0000451  
53.5399999  13.0000419  13.0000419  
53.5499999  13.0000387  13.0000387  
53.5599999  13.0000354  13.0000354  
53.5699999  13.0000322  13.0000322  
53.5799999  13.0000290  13.0000290  
53.5899999  13.0000258  13.0000258  
53.5999999  13.0000225  13.0000225  
53.6099999  13.0000193  13.0000193  
53.6199999  13.0000161  13.0000161  
53.6299999  13.0000129  13.0000129  
53.6399999  13.0000097  13.0000097  
53.6499999  13.0000065  13.0000065  
53.6599999  13.0000033  13.0000033  
53.6699999  13.0000001  13.0000001  
53.6799999  12.9999969  12.9999969  
53.6899999  12.9999938  12.9999938  
53.6999999  12.9999906  12.9999906  
53.7099999  12.9999875  12.9999875  
53.7199999  12.9999844  12.9999844  
53.7299999  12.9999813  12.9999813  
53.7399999  12.9999782  12.9999782  
53.7499999  12.9999751  12.9999751  
53.7599999  12.9999721  12.9999721  
53.7699999  12.9999690  12.9999690  
53.7799999  12.9999660  12.9999660  
53.7899999  12.9999630  12.9999630  
53.7999999  12.9999600  12.9999600  
53.8099999  12.9999571  12.9999571  
53.8199999  12.9999542  12.9999542  
53.8299999  12.9999512  12.9999512  
53.8399999  12.9999484  12.9999484  
53.8499999  12.9999455  12.9999455  
53.8599999  12.9999427  12.9999427  
53.8699999  12.9999399  12.9999399  
53.8799999  12.9999371  12.9999371  
53.8899999  12.9999344  12.9999344  
53.8999999  12.9999317  12.9999317  
53.9099999  12.9999290  12.9999290  
53.9199999  12.9999263  12.9999263  
53.9299999  12.9999237  12.9999237  
53.9399999  12.9999211  12.9999211  
53.9499999  12.9999186  12.9999186  
53.9599999  12.9999161  12.9999161  
53.9699999  12.9999136  12.9999136  
53.9799999  12.9999111  12.9999111  
53.9899999  12.9999087  12.9999087  
53.9999999  12.9999064  12.9999064  
54.0099999  12.9999040  12.9999040  
54.0199999  12.9999017  12.9999017  
54.0299999  12.9998995  12.9998995  
54.0399999  12.9998972  12.9998972  
54.0499999  12.9998951  12.9998951  
54.0599999  12.9998929  12.9998929  
54.0699999  12.9998908  12.9998908  
54.0799999  12.9998888  12.9998888  
54.0899999  12.9998868  12.9998868  
54.0999999  12.9998848  12.9998848  
54.1099999  12.9998829  12.9998829  
54.1199999  12.9998810  12.9998810  
54.1299999  12.9998792  12.9998792  
54.1399999  12.9998774  12.9998774  
54.1499999  12.9998756  12.9998756  
54.1599999  12.9998739  12.9998739  
54.1699999  12.9998723  12.9998723  
54.1799999  12.9998707  12.9998707  
54.1899999  12.9998691  12.9998691  
54.1999999  12.9998676  12.9998676  
54.2099999  12.9998661  12.9998661  
54.2199999  12.9998647  12.9998647  
54.2299999  12.9998633  12.9998633  
54.2399999  12.9998620  12.9998620  
54.2499999  12.9998607  12.9998607  
54.2599999  12.9998595  12.9998595  
54.2699999  12.9998583  12.9998583  
54.2799999  12.9998572  12.9998572  
54.2899999  12.9998561  12.9998561  
54.2999999  12.9998551  12.9998551  
54.3099999  12.9998541  12.9998541  
54.3199999  12.9998532  12.9998532  
54.3299999  12.9998523  12.9998523  
54.3399999  12.9998515  12.9998515  
54.3499999  12.9998507  12.9998507  
54.3599999  12.9998500  12.9998500  
54.3699999  12.9998493  12.9998493  
54.3799999  12.9998486  12.9998486  
54.3899999  12.9998481  12.9998481  
54.3999999  12.9998475  12.9998475  
54.4099999  12.9998471  12.9998471  
54.4199999  12.9998467  12.9998467  
54.4299999  12.9998463  12.9998463  
54.4399999  12.9998460  12.9998460  
54.4499999  12.9998457  12.9998457  
54.4599999  12.9998455  12.9998455  
54.4699999  12.9998453  12.9998453  
54.4799999  12.9998452  12.9998452  
54.4899999  12.9998451  12.9998451  
54.4999999  12.9998451  12.9998451  
54.5099999  12.9998451  12.9998451  
54.5199999  12.9998452  12.9998452  
54.5299999  12.9998453  12.9998453  
54.5399999  12.9998455  12.9998455  
54.5499999  12.9998457  12.9998457  
54.5599999  12.9998460  12.9998460  
54.5699999  12.9998463  12.9998463  
54.5799999  12.9998467  12.9998467  
54.5899999  12.9998471  12.9998471  
54.5999999  12.9998476  12.9998476  
54.6099999  12.9998481  12.9998481  
54.6199999  12.9998487  12.9998487  
54.6299999  12.9998493  12.9998493  
54.6399999  12.9998499  12.9998499  
54.6499999  12.9998506  12.9998506  
54.6599999  12.9998514  12.9998514  
54.6699999  12.9998522  12.9998522  
54.6799999  12.9998530  12.9998530  
54.6899999  12.9998539  12.9998539  
54.6999999  12.9998548  12.9998548  
54.7099999  12.9998558  12.9998558  
54.7199999  12.9998568  12.9998568  
54.7299999  12.9998579  12.9998579  
54.7399999  12.9998590  12.9998590  
54.7499999  12.9998601  12.9998601  
54.7599999  12.9998613  12.9998613  
54.7699999  12.9998625  12.9998625  
54.7799999  12.9998638  12.9998638  
54.7899999  12.9998651  12.9998651  
54.7999999  12.9998664  12.9998664  
54.8099999  12.9998678  12.9998678  
54.8199999  12.9998692  12.9998692  
54.8299999  12.9998707  12.9998707  
54.8399999  12.9998722  12.9998722  
54.8499999  12.9998737  12.9998737  
54.8599999  12.9998752  12.9998752  
54.8699999  12.9998768  12.9998768  
54.8799999  12.9998785  12.9998785  
54.8899999  12.9998802  12.9998802  
54.8999999  12.9998819  12.9998819  
54.9099999  12.9998836  12.9998836  
54.9199999  12.9998854  12.9998854  
54.9299999  12.9998871  12.9998871  
54.9399999  12.9998890  12.9998890  
54.9499999  12.9998908  12.9998908  
54.9599999  12.9998927  12.9998927  
54.9699999  12.9998946  12.9998946  
54.9799999  12.9998966  12.9998966  
54.9899999  12.9998985  12.9998985  
54.9999999  12.9999005  12.9999005  
55.0099999  12.9999026  12.9999026  
55.0199999  12.9999046  12.9999046  
55.0299999  12.9999067  12.9999067  
55.0399999  12.9999088  12.9999088  
55.0499999  12.9999109  12.9999109  
55.0599999  12.9999130  12.9999130  
55.0699999  12.9999152  12.9999152  
55.0799999  12.9999174  12.9999174  
55.0899999  12.9999196  12.9999196  
55.0999999  12.9999218  12.9999218  
55.1099999  12.9999240  12.9999240  
55.1199999  12.9999263  12.9999263  
55.1299999  12.9999285  12.9999285  
55.1399999  12.9999308  12.9999308  
55.1499999  12.9999331  12.9999331  
55.1599999  12.9999354  12.9999354  
55.1699999  12.9999378  12.9999378  
55.1799999  12.9999401  12.9999401  
55.1899999  12.9999425  12.9999425  
55.1999999  12.9999448  12.9999448  
55.2099999  12.9999472  12.9999472  
55.2199999  12.9999496  12.9999496  
55.2299999  12.9999520  12.9999520  
55.2399999  12.9999544  12.9999544  
55.2499999  12.9999568  12.9999568  
55.2599999  12.9999592  12.9999592  
55.2699999  12.9999616  12.9999616  
55.2799999  12.9999640  12.9999640  
55.2899999  12.9999664  12.9999664  
55.2999999  12.9999689  12.9999689  
55.3099999  12.9999713  12.9999713  
55.3199999  12.9999737  12.9999737  
55.3299999  12.9999762  12.9999762  
55.3399999  12.9999786  12.9999786  
55.3499999  12.9999810  12.9999810  
55.3599999  12.9999834  12.9999834  
55.3699999  12.9999859  12.9999859  
55.3799999  12.9999883  12.9999883  
55.3899999  12.9999907  12.9999907  
55.3999999  12.9999931  12.9999931  
55.4099999  12.9999955  12.9999955  
55.4199999  12.9999979  12.9999979  
55.4299999  13.0000003  13.0000003  
55.4399999  13.0000027  13.0000027  
55.4499999  13.0000051  13.0000051  
55.4599999  13.0000075  13.0000075  
55.4699999  13.0000098  13.0000098  
55.4799999  13.0000122  13.0000122  
55.4899999  13.0000145  13.0000145  
55.4999999  13.0000168  13.0000168  
55.5099999  13.0000192  13.0000192  
55.5199999  13.0000215  13.0000215  
55.5299999  13.0000237  13.0000237  
55.5399999  13.0000260  13.0000260  
55.5499999  13.0000283  13.0000283  
55.5599999  13.0000305  13.0000305  
55.5699999  13.0000327  13.0000327  
55.5799999  13.0000349  13.0000349  
55.5899999  13.0000371  13.0000371  
55.5999999  13.0000393  13.0000393  
55.6099999  13.0000414  13.0000414  
55.6199999  13.0000435  13.0000435  
55.6299999  13.0000457  13.0000457  
55.6399999  13.0000477  13.0000477  
55.6499999  13.0000498  13.0000498  
55.6599999  13.0000518  13.0000518  
55.6699999  13.0000538  13.0000538  
55.6799999  13.0000558  13.0000558  
55.6899999  13.0000578  13.0000578  
55.6999999  13.0000598  13.0000598  
55.7099999  13.0000617  13.0000617  
55.7199999  13.0000636  13.0000636  
55.7299999  13.0000654  13.0000654  
55.7399999  13.0000673  13.0000673  
55.7499999  13.0000691  13.0000691  
55.7599999  13.0000709  13.0000709  
55.7699999  13.0000726  13.0000726  
55.7799999  13.0000743  13.0000743  
55.7899999  13.0000760  13.0000760  
55.7999999  13.0000777  13.0000777  
55.8099999  13.0000793  13.0000793  
55.8199999  13.0000809  13.0000809  
55.8299999  13.0000825  13.0000825  
55.8399999  13.0000840  13.0000840  
55.8499999  13.0000855  13.0000855  
55.8599999  13.0000870  13.0000870  
55.8699999  13.0000885  13.0000885  
55.8799999  13.0000899  13.0000899  
55.8899999  13.0000913  13.0000913  
55.8999999  13.0000926  13.0000926  
55.9099999  13.0000939  13.0000939  
55.9199999  13.0000952  13.0000952  
55.9299999  13.0000964  13.0000964  
55.9399999  13.0000976  13.0000976  
55.9499999  13.0000988  13.0000988  
55.9599999  13.0000999  13.0000999  
55.9699999  13.0001010  13.0001010  
55.9799999  13.0001021  13.0001021  
55.9899999  13.0001031  13.0001031  
55.9999999  13.0001041  13.0001041  
56.0099999  13.0001051  13.0001051  
56.0199999  13.0001060  13.0001060  
56.0299999  13.0001069  13.0001069  
56.0399999  13.0001077  13.0001077  
56.0499999  13.0001085  13.0001085  
56.0599999  13.0001093  13.0001093  
56.0699999  13.0001100  13.0001100  
56.0799999  13.0001107  13.0001107  
56.0899999  13.0001114  13.0001114  
56.0999999  13.0001120  13.0001120  
56.1099999  13.0001125  13.0001125  
56.1199999  13.0001131  13.0001131  
56.1299999  13.0001136  13.0001136  
56.1399999  13.0001141  13.0001141  
56.1499999  13.0001145  13.0001145  
56.1599999  13.0001149  13.0001149  
56.1699999  13.0001152  13.0001152  
56.1799999  13.0001155  13.0001155  
56.1899999  13.0001158  13.0001158  
56.1999999  13.0001160  13.0001160  
56.2099999  13.0001162  13.0001162  
56.2199999  13.0001164  13.0001164  
56.2299999  13.0001165  13.0001165  
56.2399999  13.0001166  13.0001166  
56.2499999  13.0001166  13.0001166  
56.2599999  13.0001166  13.0001166  
56.2699999  13.0001166  13.0001166  
56.2799999  13.0001166  13.0001166  
56.2899999  13.0001164  13.0001164  
56.2999999  13.0001163  13.0001163  
56.3099999  13.0001161  13.0001161  
56.3199999  13.0001159  13.0001159  
56.3299999  13.0001157  13.0001157  
56.3399999  13.0001154  13.0001154  
56.3499999  13.0001150  13.0001150  
56.3599999  13.0001147  13.0001147  
56.3699999  13.0001143  13.0001143  
56.3799999  13.0001139  13.0001139  
56.3899999  13.0001134  13.0001134  
56.3999999  13.0001129  13.0001129  
56.4099999  13.0001124  13.0001124  
56.4199999  13.0001118  13.0001118  
56.4299999  13.0001112  13.0001112  
56.4399999  13.0001105  13.0001105  
56.4499999  13.0001099  13.0001099  
56.4599999  13.0001092  13.0001092  
56.4699999  13.0001084  13.0001084  
56.4799999  13.0001077  13.0001077  
56.4899999  13.0001068  13.0001068  
56.4999999  13.0001060  13.0001060  
56.5099999  13.0001051  13.0001051  
56.5199999  13.0001043  13.0001043  
56.5299999  13.0001033  13.0001033  
56.5399999  13.0001024  13.0001024  
56.5499999  13.0001014  13.0001014  
56.5599999  13.0001004  13.0001004  
56.5699999  13.0000993  13.0000993  
56.5799999  13.0000982  13.0000982  
56.5899999  13.0000971  13.0000971  
56.5999999  13.0000960  13.0000960  
56.6099999  13.0000948  13.0000948  
56.6199999  13.0000937  13.0000937  
56.6299999  13.0000924  13.0000924  
56.6399999  13.0000912  13.0000912  
56.6499999  13.0000900  13.0000900  
56.6599999  13.0000887  13.0000887  
56.6699999  13.0000874  13.0000874  
56.6799999  13.0000860  13.0000860  
56.6899999  13.0000847  13.0000847  
56.6999999  13.0000833  13.0000833  
56.7099999  13.0000819  13.0000819  
56.7199999  13.0000804  13.0000804  
56.7299999  13.0000790  13.0000790  
56.7399999  13.0000775  13.0000775  
56.7499999  13.0000760  13.0000760  
56.7599999  13.0000745  13.0000745  
56.7699999  13.0000730  13.0000730  
56.7799999  13.0000715  13.0000715  
56.7899999  13.0000699  13.0000699  
56.7999999  13.0000683  13.0000683  
56.8099999  13.0000667  13.0000667  
56.8199999  13.0000651  13.0000651  
56.8299999  13.0000635  13.0000635  
56.8399999  13.0000618  13.0000618  
56.8499999  13.0000602  13.0000602  
56.8599999  13.0000585  13.0000585  
56.8699999  13.0000568  13.0000568  
56.8799999  13.0000551  13.0000551  
56.8899999  13.0000534  13.0000534  
56.8999999  13.0000517  13.0000517  
56.9099999  13.0000499  13.0000499  
56.9199999  13.0000482  13.0000482  
56.9299999  13.0000464  13.0000464  
56.9399999  13.0000447  13.0000447  
56.9499999  13.0000429  13.0000429  
56.9599999  13.0000411  13.0000411  
56.9699999  13.0000393  13.0000393  
56.9799999  13.0000375  13.0000375  
56.9899999  13.0000357  13.0000357  
56.9999999  13.0000339  13.0000339  
57.0099999  13.0000321  13.0000321  
57.0199999  13.0000303  13.0000303  
57.0299999  13.0000285  13.0000285  
57.0399999  13.0000266  13.0000266  
57.0499999  13.0000248  13.0000248  
57.0599999  13.0000230  13.0000230  
57.0699999  13.0000212  13.0000212  
57.0799999  13.0000193  13.0000193  
57.0899999  13.0000175  13.0000175  
57.0999999  13.0000157  13.0000157  
57.1099999  13.0000138  13.0000138  
57.1199999  13.0000120  13.0000120  
57.1299999  13.0000102  13.0000102  
57.1399999  13.0000083  13.0000083  
57.1499999  13.0000065  13.0000065  
57.1599999  13.0000047  13.0000047  
57.1699999  13.0000029  13.0000029  
57.1799999  13.0000011  13.0000011  
57.1899999  12.9999993  12.9999993  
57.1999999  12.9999975  12.9999975  
57.2099999  12.9999957  12.9999957  
57.2199999  12.9999939  12.9999939  
57.2299999  12.9999921  12.9999921  
57.2399999  12.9999904  12.9999904  
57.2499999  12.9999886  12.9999886  
57.2599999  12.9999868  12.9999868  
57.2699999  12.9999851  12.9999851  
57.2799999  12.9999834  12.9999834  
57.2899999  12.9999817  12.9999817  
57.2999999  12.9999800  12.9999800  
57.3099999  12.9999783  12.9999783  
57.3199999  12.9999766  12.9999766  
57.3299999  12.9999749  12.9999749  
57.3399999  12.9999732  12.9999732  
57.3499999  12.9999716  12.9999716  
57.3599999  12.9999700  12.9999700  
57.3699999  12.9999684  12.9999684  
57.3799999  12.9999668  12.9999668  
57.3899999  12.9999652  12.9999652  
57.3999999  12.9999636  12.9999636  
57.4099999  12.9999621  12.9999621  
57.4199999  12.9999605  12.9999605  
57.4299999  12.9999590  12.9999590  
57.4399999  12.9999575  12.9999575  
57.4499999  12.9999560  12.9999560  
57.4599999  12.9999546  12.9999546  
57.4699999  12.9999531  12.9999531  
57.4799999  12.9999517  12.9999517  
57.4899999  12.9999503  12.9999503  
57.4999999  12.9999489  12.9999489  
57.5099999  12.9999476  12.9999476  
57.5199999  12.9999462  12.9999462  
57.5299999  12.9999449  12.9999449  
57.5399999  12.9999436  12.9999436  
57.5499999  12.9999424  12.9999424  
57.5599999  12.9999411  12.9999411  
57.5699999  12.9999399  12.9999399  
57.5799999  12.9999387  12.9999387  
57.5899999  12.9999375  12.9999375  
57.5999999  12.9999363  12.9999363  
57.6099999  12.9999352  12.9999352  
57.6199999  12.9999341  12.9999341  
57.6299999  12.9999330  12.9999330  
57.6399999  12.9999320  12.9999320  
57.6499999  12.9999309  12.9999309  
57.6599999  12.9999299  12.9999299  
57.6699999  12.9999289  12.9999289  
57.6799999  12.9999280  12.9999280  
57.6899999  12.9999271  12.9999271  
57.6999999  12.9999262  12.9999262  
57.7099999  12.9999253  12.9999253  
57.7199999  12.9999244  12.9999244  
57.7299999  12.9999236  12.9999236  
57.7399999  12.9999228  12.9999228  
57.7499999  12.9999220  12.9999220  
57.7599999  12.9999213  12.9999213  
57.7699999  12.9999206  12.9999206  
57.7799999  12.9999199  12.9999199  
57.7899999  12.9999193  12.9999193  
57.7999999  12.9999186  12.9999186  
57.8099999  12.9999180  12.9999180  
57.8199999  12.9999175  12.9999175  
57.8299999  12.9999169  12.9999169  
57.8399999  12.9999164  12.9999164  
57.8499999  12.9999159  12.9999159  
57.8599999  12.9999154  12.9999154  
57.8699999  12.9999150  12.9999150  
57.8799999  12.9999146  12.9999146  
57.8899999  12.9999142  12.9999142  
57.8999999  12.9999139  12.9999139  
57.9099999  12.9999136  12.9999136  
57.9199999  12.9999133  12.9999133  
57.9299999  12.9999130  12.9999130  
57.9399999  12.9999128  12.9999128  
57.9499999  12.9999126  12.9999126  
57.9599999  12.9999124  12.9999124  
57.9699999  12.9999123  12.9999123  
57.9799999  12.9999122  12.9999122  
57.9899999  12.9999121  12.9999121  
57.9999999  12.9999120  12.9999120  
58.0099999  12.9999120  12.9999120  
58.0199999  12.9999120  12.9999120  
58.0299999  12.9999120  12.9999120  
58.0399999  12.9999121  12.9999121  
58.0499999  12.9999122  12.9999122  
58.0599999  12.9999123  12.9999123  
58.0699999  12.9999124  12.9999124  
58.0799999  12.9999126  12.9999126  
58.0899999  12.9999128  12.9999128  
58.0999999  12.9999130  12.9999130  
58.1099999  12.9999133  12.9999133  
58.1199999  12.9999136  12.9999136  
58.1299999  12.9999139  12.9999139  
58.1399999  12.9999142  12.9999142  
58.1499999  12.9999145  12.9999145  
58.1599999  12.9999149  12.9999149  
58.1699999  12.9999153  12.9999153  
58.1799999  12.9999158  12.9999158  
58.1899999  12.9999162  12.9999162  
58.1999999  12.9999167  12.9999167  
58.2099999  12.9999172  12.9999172  
58.2199999  12.9999178  12.9999178  
58.2299999  12.9999183  12.9999183  
58.2399999  12.9999189  12.9999189  
58.2499999  12.9999195  12.9999195  
58.2599999  12.9999202  12.9999202  
58.2699999  12.9999208  12.9999208  
58.2799999  12.9999215  12.9999215  
58.2899999  12.9999222  12.9999222  
58.2999999  12.9999229  12.9999229  
58.3099999  12.9999237  12.9999237  
58.3199999  12.9999245  12.9999245  
58.3299999  12.9999252  12.9999252  
58.3399999  12.9999261  12.9999261  
58.3499999  12.9999269  12.9999269  
58.3599999  12.9999278  12.9999278  
58.3699999  12.9999286  12.9999286  
58.3799999  12.9999295  12.9999295  
58.3899999  12.9999304  12.9999304  
58.3999999  12.9999314  12.9999314  
58.4099999  12.9999323  12.9999323  
58.4199999  12.9999333  12.9999333  
58.4299999  12.9999343  12.9999343  
58.4399999  12.9999353  12.9999353  
58.4499999  12.9999363  12.9999363  
58.4599999  12.9999374  12.9999374  
58.4699999  12.9999384  12.9999384  
58.4799999  12.9999395  12.9999395  
58.4899999  12.9999406  12.9999406  
58.4999999  12.9999417  12.9999417  
58.5099999  12.9999429  12.9999429  
58.5199999  12.9999440  12.9999440  
58.5299999  12.9999451  12.9999451  
58.5399999  12.9999463  12.9999463  
58.5499999  12.9999475  12.9999475  
58.5599999  12.9999487  12.9999487  
58.5699999  12.9999499  12.9999499  
58.5799999  12.9999511  12.9999511  
58.5899999  12.9999523  12.9999523  
58.5999999  12.9999536  12.9999536  
58.6099999  12.9999548  12.9999548  
58.6199999  12.9999561  12.9999561  
58.6299999  12.9999574  12.9999574  
58.6399999  12.9999587  12.9999587  
58.6499999  12.9999600  12.9999600  
58.6599999  12.9999613  12.9999613  
58.6699999  12.9999626  12.9999626  
58.6799999  12.9999639  12.9999639  
58.6899999  12.9999652  12.9999652  
58.6999999  12.9999665  12.9999665  
58.7099999  12.9999679  12.9999679  
58.7199999  12.9999692  12.9999692  
58.7299999  12.9999706  12.9999706  
58.7399999  12.9999719  12.9999719  
58.7499999  12.9999733  12.9999733  
58.7599999  12.9999746  12.9999746  
58.7699999  12.9999760  12.9999760  
58.7799999  12.9999774  12.9999774  
58.7899999  12.9999788  12.9999788  
58.7999999  12.9999801  12.9999801  
58.8099999  12.9999815  12.9999815  
58.8199999  12.9999829  12.9999829  
58.8299999  12.9999843  12.9999843  
58.8399999  12.9999856  12.9999856  
58.8499999  12.9999870  12.9999870  
58.8599999  12.9999884  12.9999884  
58.8699999  12.9999898  12.9999898  
58.8799999  12.9999912  12.9999912  
58.8899999  12.9999925  12.9999925  
58.8999999  12.9999939  12.9999939  
58.9099999  12.9999953  12.9999953  
58.9199999  12.9999967  12.9999967  
58.9299999  12.9999980  12.9999980  
58.9399999  12.9999994  12.9999994  
58.9499999  13.0000007  13.0000007  
58.9599999  13.0000021  13.0000021  
58.9699999  13.0000034  13.0000034  
58.9799999  13.0000048  13.0000048  
58.9899999  13.0000061  13.0000061  
58.9999999  13.0000075  13.0000075  
59.0099999  13.0000088  13.0000088  
59.0199999  13.0000101  13.0000101  
59.0299999  13.0000114  13.0000114  
59.0399999  13.0000127  13.0000127  
59.0499999  13.0000140  13.0000140  
59.0599999  13.0000153  13.0000153  
59.0699999  13.0000166  13.0000166  
59.0799999  13.0000178  13.0000178  
59.0899999  13.0000191  13.0000191  
59.0999999  13.0000203  13.0000203  
59.1099999  13.0000216  13.0000216  
59.1199999  13.0000228  13.0000228  
59.1299999  13.0000240  13.0000240  
59.1399999  13.0000252  13.0000252  
59.1499999  13.0000264  13.0000264  
59.1599999  13.0000276  13.0000276  
59.1699999  13.0000287  13.0000287  
59.1799999  13.0000299  13.0000299  
59.1899999  13.0000310  13.0000310  
59.1999999  13.0000322  13.0000322  
59.2099999  13.0000333  13.0000333  
59.2199999  13.0000344  13.0000344  
59.2299999  13.0000355  13.0000355  
59.2399999  13.0000365  13.0000365  
59.2499999  13.0000376  13.0000376  
59.2599999  13.0000386  13.0000386  
59.2699999  13.0000396  13.0000396  
59.2799999  13.0000406  13.0000406  
59.2899999  13.0000416  13.0000416  
59.2999999  13.0000426  13.0000426  
59.3099999  13.0000435  13.0000435  
59.3199999  13.0000445  13.0000445  
59.3299999  13.0000454  13.0000454  
59.3399999  13.0000463  13.0000463  
59.3499999  13.0000472  13.0000472  
59.3599999  13.0000481  13.0000481  
59.3699999  13.0000489  13.0000489  
59.3799999  13.0000497  13.0000497  
59.3899999  13.0000506  13.0000506  
59.3999999  13.0000513  13.0000513  
59.4099999  13.0000521  13.0000521  
59.4199999  13.0000529  13.0000529  
59.4299999  13.0000536  13.0000536  
59.4399999  13.0000543  13.0000543  
59.4499999  13.0000550  13.0000550  
59.4599999  13.0000557  13.0000557  
59.4699999  13.0000564  13.0000564  
59.4799999  13.0000570  13.0000570  
59.4899999  13.0000576  13.0000576  
59.4999999  13.0000582  13.0000582  
59.5099999  13.0000588  13.0000588  
59.5199999  13.0000593  13.0000593  
59.5299999  13.0000599  13.0000599  
59.5399999  13.0000604  13.0000604  
59.5499999  13.0000609  13.0000609  
59.5599999  13.0000613  13.0000613  
59.5699999  13.0000618  13.0000618  
59.5799999  13.0000622  13.0000622  
59.5899999  13.0000626  13.0000626  
59.5999999  13.0000630  13.0000630  
59.6099999  13.0000634  13.0000634  
59.6199999  13.0000637  13.0000637  
59.6299999  13.0000640  13.0000640  
59.6399999  13.0000643  13.0000643  
59.6499999  13.0000646  13.0000646  
59.6599999  13.0000648  13.0000648  
59.6699999  13.0000651  13.0000651  
59.6799999  13.0000653  13.0000653  
59.6899999  13.0000655  13.0000655  
59.6999999  13.0000656  13.0000656  
59.7099999  13.0000658  13.0000658  
59.7199999  13.0000659  13.0000659  
59.7299999  13.0000660  13.0000660  
59.7399999  13.0000661  13.0000661  
59.7499999  13.0000662  13.0000662  
59.7599999  13.0000662  13.0000662  
59.7699999  13.0000662  13.0000662  
59.7799999  13.0000662  13.0000662  
59.7899999  13.0000662  13.0000662  
59.7999999  13.0000661  13.0000661  
59.8099999  13.0000661  13.0000661  
59.8199999  13.0000660  13.0000660  
59.8299999  13.0000659  13.0000659  
59.8399999  13.0000657  13.0000657  
59.8499999  13.0000656  13.0000656  
59.8599999  13.0000654  13.0000654  
59.8699999  13.0000652  13.0000652  
59.8799999  13.0000650  13.0000650  
59.8899999  13.0000648  13.0000648  
59.8999999  13.0000645  13.0000645  
59.9099999  13.0000642  13.0000642  
59.9199999  13.0000640  13.0000640  
59.9299999  13.0000636  13.0000636  
59.9399999  13.0000633  13.0000633  
59.9499999  13.0000630  13.0000630  
59.9599999  13.0000626  13.0000626  
59.9699999  13.0000622  13.0000622  
59.9799999  13.0000618  13.0000618  
59.9899999  13.0000614  13.0000614  
59.9999999  13.0000609  13.0000609  
60.0099999  13.0000604  13.0000604  
60.0199999  13.0000600  13.0000600  
60.0299999  13.0000595  13.0000595  
60.0399999  13.0000589  13.0000589  
60.0499999  13.0000584  13.0000584  
60.0599999  13.0000579  13.0000579  
60.0699999  13.0000573  13.0000573  
60.0799999  13.0000567  13.0000567  
60.0899999  13.0000561  13.0000561  
60.0999999  13.0000555  13.0000555  
60.1099999  13.0000549  13.0000549  
60.1199999  13.0000542  13.0000542  
60.1299999  13.0000535  13.0000535  
60.1399999  13.0000529  13.0000529  
60.1499999  13.0000522  13.0000522  
60.1599999  13.0000515  13.0000515  
60.1699999  13.0000507  13.0000507  
60.1799999  13.0000500  13.0000500  
60.1899999  13.0000493  13.0000493  
60.1999999  13.0000485  13.0000485  
60.2099999  13.0000477  13.0000477  
60.2199999  13.0000469  13.0000469  
60.2299999  13.0000461  13.0000461  
60.2399999  13.0000453  13.0000453  
60.2499999  13.0000445  13.0000445  
60.2599999  13.0000436  13.0000436  
60.2699999  13.0000428  13.0000428  
60.2799999  13.0000419  13.0000419  
60.2899999  13.0000411  13.0000411  
60.2999999  13.0000402  13.0000402  
60.3099999  13.0000393  13.0000393  
60.3199999  13.0000384  13.0000384  
60.3299999  13.0000375  13.0000375  
60.3399999  13.0000366  13.0000366  
60.3499999  13.0000356  13.0000356  
60.3599999  13.0000347  13.0000347  
60.3699999  13.0000337  13.0000337  
60.3799999  13.0000328  13.0000328  
60.3899999  13.0000318  13.0000318  
60.3999999  13.0000309  13.0000309  
60.4099999  13.0000299  13.0000299  
60.4199999  13.0000289  13.0000289  
60.4299999  13.0000279  13.0000279  
60.4399999  13.0000269  13.0000269  
60.4499999  13.0000259  13.0000259  
60.4599999  13.0000249  13.0000249  
60.4699999  13.0000239  13.0000239  
60.4799999  13.0000229  13.0000229  
60.4899999  13.0000219  13.0000219  
60.4999999  13.0000209  13.0000209  
60.5099999  13.0000198  13.0000198  
60.5199999  13.0000188  13.0000188  
60.5299999  13.0000178  13.0000178  
60.5399999  13.0000167  13.0000167  
60.5499999  13.0000157  13.0000157  
60.5599999  13.0000147  13.0000147  
60.5699999  13.0000136  13.0000136  
60.5799999  13.0000126  13.0000126  
60.5899999  13.0000115  13.0000115  
60.5999999  13.0000105  13.0000105  
60.6099999  13.0000095  13.0000095  
60.6199999  13.0000084  13.0000084  
60.6299999  13.0000074  13.0000074  
60.6399999  13.0000063  13.0000063  
60.6499999  13.0000053  13.0000053  
60.6599999  13.0000043  13.0000043  
60.6699999  13.0000032  13.0000032  
60.6799999  13.0000022  13.0000022  
60.6899999  13.0000012  13.0000012  
60.6999999  13.0000002  13.0000002  
60.7099999  12.9999991  12.9999991  
60.7199999  12.9999981  12.9999981  
60.7299999  12.9999971  12.9999971  
60.7399999  12.9999961  12.9999961  
60.7499999  12.9999951  12.9999951  
60.7599999  12.9999941  12.9999941  
60.7699999  12.9999931  12.9999931  
60.7799999  12.9999921  12.9999921  
60.7899999  12.9999911  12.9999911  
60.7999999  12.9999901  12.9999901  
60.8099999  12.9999892  12.9999892  
60.8199999  12.9999882  12.9999882  
60.8299999  12.9999872  12.9999872  
60.8399999  12.9999863  12.9999863  
60.8499999  12.9999853  12.9999853  
60.8599999  12.9999844  12.9999844  
60.8699999  12.9999835  12.9999835  
60.8799999  12.9999825  12.9999825  
60.8899999  12.9999816  12.9999816  
60.8999999  12.9999807  12.9999807  
60.9099999  12.9999798  12.9999798  
60.9199999  12.9999789  12.9999789  
60.9299999  12.9999781  12.9999781  
60.9399999  12.9999772  12.9999772  
60.9499999  12.9999763  12.9999763  
60.9599999  12.9999755  12.9999755  
60.9699999  12.9999747  12.9999747  
60.9799999  12.9999738  12.9999738  
60.9899999  12.9999730  12.9999730  
60.9999999  12.9999722  12.9999722  
61.0099999  12.9999714  12.9999714  
61.0199999  12.9999707  12.9999707  
61.0299999  12.9999699  12.9999699  
61.0399999  12.9999691  12.9999691  
61.0499999  12.9999684  12.9999684  
61.0599999  12.9999677  12.9999677  
61.0699999  12.9999669  12.9999669  
61.0799999  12.9999662  12.9999662  
61.0899999  12.9999656  12.9999656  
61.0999999  12.9999649  12.9999649  
61.1099999  12.9999642  12.9999642  
61.1199999  12.9999636  12.9999636  
61.1299999  12.9999629  12.9999629  
61.1399999  12.9999623  12.9999623  
61.1499999  12.9999617  12.9999617  
61.1599999  12.9999611  12.9999611  
61.1699999  12.9999605  12.9999605  
61.1799999  12.9999600  12.9999600  
61.1899999  12.9999594  12.9999594  
61.1999999  12.9999589  12.9999589  
61.2099999  12.9999583  12.9999583  
61.2199999  12.9999578  12.9999578  
61.2299999  12.9999573  12.9999573  
61.2399999  12.9999569  12.9999569  
61.2499999  12.9999564  12.9999564  
61.2599999  12.9999560  12.9999560  
61.2699999  12.9999555  12.9999555  
61.2799999  12.9999551  12.9999551  
61.2899999  12.9999547  12.9999547  
61.2999999  12.9999543  12.9999543  
61.3099999  12.9999540  12.9999540  
61.3199999  12.9999536  12.9999536  
61.3299999  12.9999533  12.9999533  
61.3399999  12.9999530  12.9999530  
61.3499999  12.9999527  12.9999527  
61.3599999  12.9999524  12.9999524  
61.3699999  12.9999521  12.9999521  
61.3799999  12.9999519  12.9999519  
61.3899999  12.9999516  12.9999516  
61.3999999  12.9999514  12.9999514  
61.4099999  12.9999512  12.9999512  
61.4199999  12.9999510  12.9999510  
61.4299999  12.9999508  12.9999508  
61.4399999  12.9999507  12.9999507  
61.4499999  12.9999505  12.9999505  
61.4599999  12.9999504  12.9999504  
61.4699999  12.9999503  12.9999503  
61.4799999  12.9999502  12.9999502  
61.4899999  12.9999502  12.9999502  
61.4999999  12.9999501  12.9999501  
61.5099999  12.9999501  12.9999501  
61.5199999  12.9999500  12.9999500  
61.5299999  12.9999500  12.9999500  
61.5399999  12.9999500  12.9999500  
61.5499999  12.9999500  12.9999500  
61.5599999  12.9999501  12.9999501  
61.5699999  12.9999501  12.9999501  
61.5799999  12.9999502  12.9999502  
61.5899999  12.9999503  12.9999503  
61.5999999  12.9999504  12.9999504  
61.6099999  12.9999505  12.9999505  
61.6199999  12.9999507  12.9999507  
61.6299999  12.9999508  12.9999508  
61.6399999  12.9999510  12.9999510  
61.6499999  12.9999511  12.9999511  
61.6599999  12.9999513  12.9999513  
61.6699999  12.9999515  12.9999515  
61.6799999  12.9999518  12.9999518  
61.6899999  12.9999520  12.9999520  
61.6999999  12.9999523  12.9999523  
61.7099999  12.9999525  12.9999525  
61.7199999  12.9999528  12.9999528  
61.7299999  12.9999531  12.9999531  
61.7399999  12.9999534  12.9999534  
61.7499999  12.9999537  12.9999537  
61.7599999  12.9999541  12.9999541  
61.7699999  12.9999544  12.9999544  
61.7799999  12.9999548  12.9999548  
61.7899999  12.9999552  12.9999552  
61.7999999  12.9999556  12.9999556  
61.8099999  12.9999560  12.9999560  
61.8199999  12.9999564  12.9999564  
61.8299999  12.9999568  12.9999568  
61.8399999  12.9999573  12.9999573  
61.8499999  12.9999577  12.9999577  
61.8599999  12.9999582  12.9999582  
61.8699999  12.9999587  12.9999587  
61.8799999  12.9999592  12.9999592  
61.8899999  12.9999597  12.9999597  
61.8999999  12.9999602  12.9999602  
61.9099999  12.9999607  12.9999607  
61.9199999  12.9999612  12.9999612  
61.9299999  12.9999618  12.9999618  
61.9399999  12.9999624  12.9999624  
61.9499999  12.9999629  12.9999629  
61.9599999  12.9999635  12.9999635  
61.9699999  12.9999641  12.9999641  
61.9799999  12.9999647  12.9999647  
61.9899999  12.9999653  12.9999653  
61.9999999  12.9999659  12.9999659  
62.0099999  12.9999665  12.9999665  
62.0199999  12.9999672  12.9999672  
62.0299999  12.9999678  12.9999678  
62.0399999  12.9999685  12.9999685  
62.0499999  12.9999691  12.9999691  
62.0599999  12.9999698  12.9999698  
62.0699999  12.9999705  12.9999705  
62.0799999  12.9999711  12.9999711  
62.0899999  12.9999718  12.9999718  
62.0999999  12.9999725  12.9999725  
62.1099999  12.9999732  12.9999732  
62.1199999  12.9999739  12.9999739  
62.1299999  12.9999746  12.9999746  
62.1399999  12.9999754  12.9999754  
62.1499999  12.9999761  12.9999761  
62.1599999  12.9999768  12.9999768  
62.1699999  12.9999776  12.9999776  
62.1799999  12.9999783  12.9999783  
62.1899999  12.9999790  12.9999790  
62.1999999  12.9999798  12.9999798  
62.2099999  12.9999805  12.9999805  
62.2199999  12.9999813  12.9999813  
62.2299999  12.9999821  12.9999821  
62.2399999  12.9999828  12.9999828  
62.2499999  12.9999836  12.9999836  
62.2599999  12.9999844  12.9999844  
62.2699999  12.9999851  12.9999851  
62.2799999  12.9999859  12.9999859  
62.2899999  12.9999867  12.9999867  
62.2999999  12.9999875  12.9999875  
62.3099999  12.9999882  12.9999882  
62.3199999  12.9999890  12.9999890  
62.3299999  12.9999898  12.9999898  
62.3399999  12.9999906  12.9999906  
62.3499999  12.9999914  12.9999914  
62.3599999  12.9999922  12.9999922  
62.3699999  12.9999929  12.9999929  
62.3799999  12.9999937  12.9999937  
62.3899999  12.9999945  12.9999945  
62.3999999  12.9999953  12.9999953  
62.4099999  12.9999961  12.9999961  
62.4199999  12.9999969  12.9999969  
62.4299999  12.9999976  12.9999976  
62.4399999  12.9999984  12.9999984  
62.4499999  12.9999992  12.9999992  
62.4599999  13.0000000  13.0000000  
62.4699999  13.0000007  13.0000007  
62.4799999  13.0000015  13.0000015  
62.4899999  13.0000023  13.0000023  
62.4999999  13.0000030  13.0000030  
62.5099999  13.0000038  13.0000038  
62.5199999  13.0000045  13.0000045  
62.5299999  13.0000053  13.0000053  
62.5399999  13.0000060  13.0000060  
62.5499999  13.0000068  13.0000068  
62.5599999  13.0000075  13.0000075  
62.5699999  13.0000082  13.0000082  
62.5799999  13.0000090  13.0000090  
62.5899999  13.0000097  13.0000097  
62.5999999  13.0000104  13.0000104  
62.6099999  13.0000111  13.0000111  
62.6199999  13.0000118  13.0000118  
62.6299999  13.0000125  13.0000125  
62.6399999  13.0000132  13.0000132  
62.6499999  13.0000139  13.0000139  
62.6599999  13.0000146  13.0000146  
62.6699999  13.0000153  13.0000153  
62.6799999  13.0000159  13.0000159  
62.6899999  13.0000166  13.0000166  
62.6999999  13.0000172  13.0000172  
62.7099999  13.0000179  13.0000179  
62.7199999  13.0000185  13.0000185  
62.7299999  13.0000191  13.0000191  
62.7399999  13.0000198  13.0000198  
62.7499999  13.0000204  13.0000204  
62.7599999  13.0000210  13.0000210  
62.7699999  13.0000216  13.0000216  
62.7799999  13.0000221  13.0000221  
62.7899999  13.0000227  13.0000227  
62.7999999  13.0000233  13.0000233  
62.8099999  13.0000238  13.0000238  
62.8199999  13.0000244  13.0000244  
62.8299999  13.0000249  13.0000249  
62.8399999  13.0000255  13.0000255  
62.8499999  13.0000260  13.0000260  
62.8599999  13.0000265  13.0000265  
62.8699999  13.0000270  13.0000270  
62.8799999  13.0000275  13.0000275  
62.8899999  13.0000280  13.0000280  
62.8999999  13.0000284  13.0000284  
62.9099999  13.0000289  13.0000289  
62.9199999  13.0000293  13.0000293  
62.9299999  13.0000298  13.0000298  
62.9399999  13.0000302  13.0000302  
62.9499999  13.0000306  13.0000306  
62.9599999  13.0000310  13.0000310  
62.9699999  13.0000314  13.0000314  
62.9799999  13.0000318  13.0000318  
62.9899999  13.0000321  13.0000321  
62.9999999  13.0000325  13.0000325  
63.0099999  13.0000328  13.0000328  
63.0199999  13.0000332  13.0000332  
63.0299999  13.0000335  13.0000335  
63.0399999  13.0000338  13.0000338  
63.0499999  13.0000341  13.0000341  
63.0599999  13.0000344  13.0000344  
63.0699999  13.0000346  13.0000346  
63.0799999  13.0000349  13.0000349  
63.0899999  13.0000352  13.0000352  
63.0999999  13.0000354  13.0000354  
63.1099999  13.0000356  13.0000356  
63.1199999  13.0000358  13.0000358  
63.1299999  13.0000360  13.0000360  
63.1399999  13.0000362  13.0000362  
63.1499999  13.0000364  13.0000364  
63.1599999  13.0000366  13.0000366  
63.1699999  13.0000367  13.0000367  
63.1799999  13.0000369  13.0000369  
63.1899999  13.0000370  13.0000370  
63.1999999  13.0000371  13.0000371  
63.2099999  13.0000372  13.0000372  
63.2199999  13.0000373  13.0000373  
63.2299999  13.0000374  13.0000374  
63.2399999  13.0000374  13.0000374  
63.2499999  13.0000375  13.0000375  
63.2599999  13.0000375  13.0000375  
63.2699999  13.0000376  13.0000376  
63.2799999  13.0000376  13.0000376  
63.2899999  13.0000376  13.0000376  
63.2999999  13.0000376  13.0000376  
63.3099999  13.0000375  13.0000375  
63.3199999  13.0000375  13.0000375  
63.3299999  13.0000375  13.0000375  
63.3399999  13.0000374  13.0000374  
63.3499999  13.0000373  13.0000373  
63.3599999  13.0000373  13.0000373  
63.3699999  13.0000372  13.0000372  
63.3799999  13.0000371  13.0000371  
63.3899999  13.0000370  13.0000370  
63.3999999  13.0000368  13.0000368  
63.4099999  13.0000367  13.0000367  
63.4199999  13.0000365  13.0000365  
63.4299999  13.0000364  13.0000364  
63.4399999  13.0000362  13.0000362  
63.4499999  13.0000360  13.0000360  
63.4599999  13.0000358  13.0000358  
63.4699999  13.0000356  13.0000356  
63.4799999  13.0000354  13.0000354  
63.4899999  13.0000352  13.0000352  
63.4999999  13.0000350  13.0000350  
63.5099999  13.0000347  13.0000347  
63.5199999  13.0000345  13.0000345  
63.5299999  13.0000342  13.0000342  
63.5399999  13.0000339  13.0000339  
63.5499999  13.0000336  13.0000336  
63.5599999  13.0000333  13.0000333  
63.5699999  13.0000330  13.0000330  
63.5799999  13.0000327  13.0000327  
63.5899999  13.0000324  13.0000324  
63.5999999  13.0000320  13.0000320  
63.6099999  13.0000317  13.0000317  
63.6199999  13.0000313  13.0000313  
63.6299999  13.0000310  13.0000310  
63.6399999  13.0000306  13.0000306  
63.6499999  13.0000302  13.0000302  
63.6599999  13.0000298  13.0000298  
63.6699999  13.0000294  13.0000294  
63.6799999  13.0000290  13.0000290  
63.6899999  13.0000286  13.0000286  
63.6999999  13.0000282  13.0000282  
63.7099999  13.0000278  13.0000278  
63.7199999  13.0000273  13.0000273  
63.7299999  13.0000269  13.0000269  
63.7399999  13.0000264  13.0000264  
63.7499999  13.0000260  13.0000260  
63.7599999  13.0000255  13.0000255  
63.7699999  13.0000250  13.0000250  
63.7799999  13.0000246  13.0000246  
63.7899999  13.0000241  13.0000241  
63.7999999  13.0000236  13.0000236  
63.8099999  13.0000231  13.0000231  
63.8199999  13.0000226  13.0000226  
63.8299999  13.0000221  13.0000221  
63.8399999  13.0000216  13.0000216  
63.8499999  13.0000210  13.0000210  
63.8599999  13.0000205  13.0000205  
63.8699999  13.0000200  13.0000200  
63.8799999  13.0000194  13.0000194  
63.8899999  13.0000189  13.0000189  
63.8999999  13.0000184  13.0000184  
63.9099999  13.0000178  13.0000178  
63.9199999  13.0000173  13.0000173  
63.9299999  13.0000167  13.0000167  
63.9399999  13.0000162  13.0000162  
63.9499999  13.0000156  13.0000156  
63.9599999  13.0000150  13.0000150  
63.9699999  13.0000145  13.0000145  
63.9799999  13.0000139  13.0000139  
63.9899999  13.0000133  13.0000133  
63.9999999  13.0000127  13.0000127  
64.0099999  13.0000122  13.0000122  
64.0199999  13.0000116  13.0000116  
64.0299999  13.0000110  13.0000110  
64.0399999  13.0000104  13.0000104  
64.0499999  13.0000098  13.0000098  
64.0599999  13.0000092  13.0000092  
64.0699999  13.0000086  13.0000086  
64.0799999  13.0000081  13.0000081  
64.0899999  13.0000075  13.0000075  
64.0999999  13.0000069  13.0000069  
64.1099999  13.0000063  13.0000063  
64.1199999  13.0000057  13.0000057  
64.1299999  13.0000051  13.0000051  
64.1399999  13.0000045  13.0000045  
64.1499999  13.0000039  13.0000039  
64.1599999  13.0000033  13.0000033  
64.1699999  13.0000027  13.0000027  
64.1799999  13.0000022  13.0000022  
64.1899999  13.0000016  13.0000016  
64.1999999  13.0000010  13.0000010  
64.2099999  13.0000004  13.0000004  
64.2199999  12.9999998  12.9999998  
64.2299999  12.9999992  12.9999992  
64.2399999  12.9999987  12.9999987  
64.2499999  12.9999981  12.9999981  
64.2599999  12.9999975  12.9999975  
64.2699999  12.9999969  12.9999969  
64.2799999  12.9999964  12.9999964  
64.2899999  12.9999958  12.9999958  
64.2999999  12.9999952  12.9999952  
64.3099999  12.9999947  12.9999947  
64.3199999  12.9999941  12.9999941  
64.3299999  12.9999936  12.9999936  
64.3399999  12.9999930  12.9999930  
64.3499999  12.9999925  12.9999925  
64.3599999  12.9999920  12.9999920  
64.3699999  12.9999914  12.9999914  
64.3799999  12.9999909  12.9999909  
64.3899999  12.9999904  12.9999904  
64.3999999  12.9999898  12.9999898  
64.4099999  12.9999893  12.9999893  
64.4199999  12.9999888  12.9999888  
64.4299999  12.9999883  12.9999883  
64.4399999  12.9999878  12.9999878  
64.4499999  12.9999873  12.9999873  
64.4599999  12.9999868  12.9999868  
64.4699999  12.9999863  12.9999863  
64.4799999  12.9999859  12.9999859  
64.4899999  12.9999854  12.9999854  
64.4999999  12.9999849  12.9999849  
64.5099999  12.9999845  12.9999845  
64.5199999  12.9999840  12.9999840  
64.5299999  12.9999836  12.9999836  
64.5399999  12.9999831  12.9999831  
64.5499999  12.9999827  12.9999827  
64.5599999  12.9999823  12.9999823  
64.5699999  12.9999819  12.9999819  
64.5799999  12.9999814  12.9999814  
64.5899999  12.9999810  12.9999810  
64.5999999  12.9999806  12.9999806  
64.6099999  12.9999803  12.9999803  
64.6199999  12.9999799  12.9999799  
64.6299999  12.9999795  12.9999795  
64.6399999  12.9999791  12.9999791  
64.6499999  12.9999788  12.9999788  
64.6599999  12.9999784  12.9999784  
64.6699999  12.9999781  12.9999781  
64.6799999  12.9999777  12.9999777  
64.6899999  12.9999774  12.9999774  
64.6999999  12.9999771  12.9999771  
64.7099999  12.9999768  12.9999768  
64.7199999  12.9999765  12.9999765  
64.7299999  12.9999762  12.9999762  
64.7399999  12.9999759  12.9999759  
64.7499999  12.9999756  12.9999756  
64.7599999  12.9999754  12.9999754  
64.7699999  12.9999751  12.9999751  
64.7799999  12.9999749  12.9999749  
64.7899999  12.9999746  12.9999746  
64.7999999  12.9999744  12.9999744  
64.8099999  12.9999742  12.9999742  
64.8199999  12.9999740  12.9999740  
64.8299999  12.9999738  12.9999738  
64.8399999  12.9999736  12.9999736  
64.8499999  12.9999734  12.9999734  
64.8599999  12.9999732  12.9999732  
64.8699999  12.9999730  12.9999730  
64.8799999  12.9999729  12.9999729  
64.8899999  12.9999727  12.9999727  
64.8999999  12.9999726  12.9999726  
64.9099999  12.9999725  12.9999725  
64.9199999  12.9999723  12.9999723  
64.9299999  12.9999722  12.9999722  
64.9399999  12.9999721  12.9999721  
64.9499999  12.9999720  12.9999720  
64.9599999  12.9999719  12.9999719  
64.9699999  12.9999719  12.9999719  
64.9799999  12.9999718  12.9999718  
64.9899999  12.9999717  12.9999717  
64.9999999  12.9999717  12.9999717  
65.0099999  12.9999717  12.9999717  
65.0199999  12.9999716  12.9999716  
65.0299999  12.9999716  12.9999716  
65.0399999  12.9999716  12.9999716  
65.0499999  12.9999716  12.9999716  
65.0599999  12.9999716  12.9999716  
65.0699999  12.9999716  12.9999716  
65.0799999  12.9999717  12.9999717  
65.0899999  12.9999717  12.9999717  
65.0999999  12.9999717  12.9999717  
65.1099999  12.9999718  12.9999718  
65.1199999  12.9999718  12.9999718  
65.1299999  12.9999719  12.9999719  
65.1399999  12.9999720  12.9999720  
65.1499999  12.9999721  12.9999721  
65.1599999  12.9999722  12.9999722  
65.1699999  12.9999723  12.9999723  
65.1799999  12.9999724  12.9999724  
65.1899999  12.9999725  12.9999725  
65.1999999  12.9999727  12.9999727  
65.2099999  12.9999728  12.9999728  
65.2199999  12.9999729  12.9999729  
65.2299999  12.9999731  12.9999731  
65.2399999  12.9999733  12.9999733  
65.2499999  12.9999734  12.9999734  
65.2599999  12.9999736  12.9999736  
65.2699999  12.9999738  12.9999738  
65.2799999  12.9999740  12.9999740  
65.2899999  12.9999742  12.9999742  
65.2999999  12.9999744  12.9999744  
65.3099999  12.9999746  12.9999746  
65.3199999  12.9999749  12.9999749  
65.3299999  12.9999751  12.9999751  
65.3399999  12.9999753  12.9999753  
65.3499999  12.9999756  12.9999756  
65.3599999  12.9999758  12.9999758  
65.3699999  12.9999761  12.9999761  
65.3799999  12.9999764  12.9999764  
65.3899999  12.9999766  12.9999766  
65.3999999  12.9999769  12.9999769  
65.4099999  12.9999772  12.9999772  
65.4199999  12.9999775  12.9999775  
65.4299999  12.9999778  12.9999778  
65.4399999  12.9999781  12.9999781  
65.4499999  12.9999784  12.9999784  
65.4599999  12.9999787  12.9999787  
65.4699999  12.9999791  12.9999791  
65.4799999  12.9999794  12.9999794  
65.4899999  12.9999797  12.9999797  
65.4999999  12.9999801  12.9999801  
65.5099999  12.9999804  12.9999804  
65.5199999  12.9999808  12.9999808  
65.5299999  12.9999811  12.9999811  
65.5399999  12.9999815  12.9999815  
65.5499999  12.9999819  12.9999819  
65.5599999  12.9999822  12.9999822  
65.5699999  12.9999826  12.9999826  
65.5799999  12.9999830  12.9999830  
65.5899999  12.9999834  12.9999834  
65.5999999  12.9999838  12.9999838  
65.6099999  12.9999841  12.9999841  
65.6199999  12.9999845  12.9999845  
65.6299999  12.9999849  12.9999849  
65.6399999  12.9999853  12.9999853  
65.6499999  12.9999858  12.9999858  
65.6599999  12.9999862  12.9999862  
65.6699999  12.9999866  12.9999866  
65.6799999  12.9999870  12.9999870  
65.6899999  12.9999874  12.9999874  
65.6999999  12.9999878  12.9999878  
65.7099999  12.9999883  12.9999883  
65.7199999  12.9999887  12.9999887  
65.7299999  12.9999891  12.9999891  
65.7399999  12.9999895  12.9999895  
65.7499999  12.9999900  12.9999900  
65.7599999  12.9999904  12.9999904  
65.7699999  12.9999908  12.9999908  
65.7799999  12.9999913  12.9999913  
65.7899999  12.9999917  12.9999917  
65.7999999  12.9999922  12.9999922  
65.8099999  12.9999926  12.9999926  
65.8199999  12.9999930  12.9999930  
65.8299999  12.9999935  12.9999935  
65.8399999  12.9999939  12.9999939  
65.8499999  12.9999944  12.9999944  
65.8599999  12.9999948  12.9999948  
65.8699999  12.9999953  12.9999953  
65.8799999  12.9999957  12.9999957  
65.8899999  12.9999962  12.9999962  
65.8999999  12.9999966  12.9999966  
65.9099999  12.9999971  12.9999971  
65.9199999  12.9999975  12.9999975  
65.9299999  12.9999979  12.9999979  
65.9399999  12.9999984  12.9999984  
65.9499999  12.9999988  12.9999988  
65.9599999  12.9999993  12.9999993  
65.9699999  12.9999997  12.9999997  
65.9799999  13.0000001  13.0000001  
65.9899999  13.0000006  13.0000006  
65.9999999  13.0000010  13.0000010  
66.0099999  13.0000014  13.0000014  
66.0199999  13.0000019  13.0000019  
66.0299999  13.0000023  13.0000023  
66.0399999  13.0000027  13.0000027  
66.0499999  13.0000032  13.0000032  
66.0599999  13.0000036  13.0000036  
66.0699999  13.0000040  13.0000040  
66.0799999  13.0000044  13.0000044  
66.0899999  13.0000048  13.0000048  
66.0999999  13.0000052  13.0000052  
66.1099999  13.0000057  13.0000057  
66.1199999  13.0000061  13.0000061  
66.1299999  13.0000065  13.0000065  
66.1399999  13.0000069  13.0000069  
66.1499999  13.0000073  13.0000073  
66.1599999  13.0000076  13.0000076  
66.1699999  13.0000080  13.0000080  
66.1799999  13.0000084  13.0000084  
66.1899999  13.0000088  13.0000088  
66.1999999  13.0000092  13.0000092  
66.2099999  13.0000095  13.0000095  
66.2199999  13.0000099  13.0000099  
66.2299999  13.0000103  13.0000103  
66.2399999  13.0000106  13.0000106  
66.2499999  13.0000110  13.0000110  
66.2599999  13.0000113  13.0000113  
66.2699999  13.0000117  13.0000117  
66.2799999  13.0000120  13.0000120  
66.2899999  13.0000124  13.0000124  
66.2999999  13.0000127  13.0000127  
66.3099999  13.0000130  13.0000130  
66.3199999  13.0000133  13.0000133  
66.3299999  13.0000137  13.0000137  
66.3399999  13.0000140  13.0000140  
66.3499999  13.0000143  13.0000143  
66.3599999  13.0000146  13.0000146  
66.3699999  13.0000149  13.0000149  
66.3799999  13.0000151  13.0000151  
66.3899999  13.0000154  13.0000154  
66.3999999  13.0000157  13.0000157  
66.4099999  13.0000160  13.0000160  
66.4199999  13.0000162  13.0000162  
66.4299999  13.0000165  13.0000165  
66.4399999  13.0000167  13.0000167  
66.4499999  13.0000170  13.0000170  
66.4599999  13.0000172  13.0000172  
66.4699999  13.0000174  13.0000174  
66.4799999  13.0000177  13.0000177  
66.4899999  13.0000179  13.0000179  
66.4999999  13.0000181  13.0000181  
66.5099999  13.0000183  13.0000183  
66.5199999  13.0000185  13.0000185  
66.5299999  13.0000187  13.0000187  
66.5399999  13.0000189  13.0000189  
66.5499999  13.0000191  13.0000191  
66.5599999  13.0000192  13.0000192  
66.5699999  13.0000194  13.0000194  
66.5799999  13.0000196  13.0000196  
66.5899999  13.0000197  13.0000197  
66.5999999  13.0000199  13.0000199  
66.6099999  13.0000200  13.0000200  
66.6199999  13.0000201  13.0000201  
66.6299999  13.0000203  13.0000203  
66.6399999  13.0000204  13.0000204  
66.6499999  13.0000205  13.0000205  
66.6599999  13.0000206  13.0000206  
66.6699999  13.0000207  13.0000207  
66.6799999  13.0000208  13.0000208  
66.6899999  13.0000209  13.0000209  
66.6999999  13.0000209  13.0000209  
66.7099999  13.0000210  13.0000210  
66.7199999  13.0000211  13.0000211  
66.7299999  13.0000211  13.0000211  
66.7399999  13.0000212  13.0000212  
66.7499999  13.0000212  13.0000212  
66.7599999  13.0000212  13.0000212  
66.7699999  13.0000213  13.0000213  
66.7799999  13.0000213  13.0000213  
66.7899999  13.0000213  13.0000213  
66.7999999  13.0000213  13.0000213  
66.8099999  13.0000213  13.0000213  
66.8199999  13.0000213  13.0000213  
66.8299999  13.0000213  13.0000213  
66.8399999  13.0000213  13.0000213  
66.8499999  13.0000212  13.0000212  
66.8599999  13.0000212  13.0000212  
66.8699999  13.0000212  13.0000212  
66.8799999  13.0000211  13.0000211  
66.8899999  13.0000211  13.0000211  
66.8999999  13.0000210  13.0000210  
66.9099999  13.0000209  13.0000209  
66.9199999  13.0000209  13.0000209  
66.9299999  13.0000208  13.0000208  
66.9399999  13.0000207  13.0000207  
66.9499999  13.0000206  13.0000206  
66.9599999  13.0000205  13.0000205  
66.9699999  13.0000204  13.0000204  
66.9799999  13.0000203  13.0000203  
66.9899999  13.0000202  13.0000202  
66.9999999  13.0000200  13.0000200  
67.0099999  13.0000199  13.0000199  
67.0199999  13.0000198  13.0000198  
67.0299999  13.0000196  13.0000196  
67.0399999  13.0000195  13.0000195  
67.0499999  13.0000193  13.0000193  
67.0599999  13.0000192  13.0000192  
67.0699999  13.0000190  13.0000190  
67.0799999  13.0000188  13.0000188  
67.0899999  13.0000186  13.0000186  
67.0999999  13.0000185  13.0000185  
67.1099999  13.0000183  13.0000183  
67.1199999  13.0000181  13.0000181  
67.1299999  13.0000179  13.0000179  
67.1399999  13.0000177  13.0000177  
67.1499999  13.0000175  13.0000175  
67.1599999  13.0000173  13.0000173  
67.1699999  13.0000170  13.0000170  
67.1799999  13.0000168  13.0000168  
67.1899999  13.0000166  13.0000166  
67.1999999  13.0000164  13.0000164  
67.2099999  13.0000161  13.0000161  
67.2199999  13.0000159  13.0000159  
67.2299999  13.0000156  13.0000156  
67.2399999  13.0000154  13.0000154  
67.2499999  13.0000151  13.0000151  
67.2599999  13.0000149  13.0000149  
67.2699999  13.0000146  13.0000146  
67.2799999  13.0000143  13.0000143  
67.2899999  13.0000141  13.0000141  
67.2999999  13.0000138  13.0000138  
67.3099999  13.0000135  13.0000135  
67.3199999  13.0000132  13.0000132  
67.3299999  13.0000130  13.0000130  
67.3399999  13.0000127  13.0000127  
67.3499999  13.0000124  13.0000124  
67.3599999  13.0000121  13.0000121  
67.3699999  13.0000118  13.0000118  
67.3799999  13.0000115  13.0000115  
67.3899999  13.0000112  13.0000112  
67.3999999  13.0000109  13.0000109  
67.4099999  13.0000106  13.0000106  
67.4199999  13.0000103  13.0000103  
67.4299999  13.0000100  13.0000100  
67.4399999  13.0000096  13.0000096  
67.4499999  13.0000093  13.0000093  
67.4599999  13.0000090  13.0000090  
67.4699999  13.0000087  13.0000087  
67.4799999  13.0000084  13.0000084  
67.4899999  13.0000080  13.0000080  
67.4999999  13.0000077  13.0000077  
67.5099999  13.0000074  13.0000074  
67.5199999  13.0000071  13.0000071  
67.5299999  13.0000067  13.0000067  
67.5399999  13.0000064  13.0000064  
67.5499999  13.0000061  13.0000061  
67.5599999  13.0000057  13.0000057  
67.5699999  13.0000054  13.0000054  
67.5799999  13.0000051  13.0000051  
67.5899999  13.0000047  13.0000047  
67.5999999  13.0000044  13.0000044  
67.6099999  13.0000041  13.0000041  
67.6199999  13.0000037  13.0000037  
67.6299999  13.0000034  13.0000034  
67.6399999  13.0000031  13.0000031  
67.6499999  13.0000027  13.0000027  
67.6599999  13.0000024  13.0000024  
67.6699999  13.0000021  13.0000021  
67.6799999  13.0000017  13.0000017  
67.6899999  13.0000014  13.0000014  
67.6999999  13.0000011  13.0000011  
67.7099999  13.0000007  13.0000007  
67.7199999  13.0000004  13.0000004  
67.7299999  13.0000001  13.0000001  
67.7399999  12.9999997  12.9999997  
67.7499999  12.9999994  12.9999994  
67.7599999  12.9999991  12.9999991  
67.7699999  12.9999988  12.9999988  
67.7799999  12.9999984  12.9999984  
67.7899999  12.9999981  12.9999981  
67.7999999  12.9999978  12.9999978  
67.8099999  12.9999975  12.9999975  
67.8199999  12.9999971  12.9999971  
67.8299999  12.9999968  12.9999968  
67.8399999  12.9999965  12.9999965  
67.8499999  12.9999962  12.9999962  
67.8599999  12.9999959  12.9999959  
67.8699999  12.9999956  12.9999956  
67.8799999  12.9999953  12.9999953  
67.8899999  12.9999950  12.9999950  
67.8999999  12.9999947  12.9999947  
67.9099999  12.9999944  12.9999944  
67.9199999  12.9999941  12.9999941  
67.9299999  12.9999938  12.9999938  
67.9399999  12.9999935  12.9999935  
67.9499999  12.9999932  12.9999932  
67.9599999  12.9999929  12.9999929  
67.9699999  12.9999927  12.9999927  
67.9799999  12.9999924  12.9999924  
67.9899999  12.9999921  12.9999921  
67.9999999  12.9999918  12.9999918  
68.0099999  12.9999916  12.9999916  
68.0199999  12.9999913  12.9999913  
68.0299999  12.9999911  12.9999911  
68.0399999  12.9999908  12.9999908  
68.0499999  12.9999905  12.9999905  
68.0599999  12.9999903  12.9999903  
68.0699999  12.9999901  12.9999901  
68.0799999  12.9999898  12.9999898  
68.0899999  12.9999896  12.9999896  
68.0999999  12.9999893  12.9999893  
68.1099999  12.9999891  12.9999891  
68.1199999  12.9999889  12.9999889  
68.1299999  12.9999887  12.9999887  
68.1399999  12.9999885  12.9999885  
68.1499999  12.9999882  12.9999882  
68.1599999  12.9999880  12.9999880  
68.1699999  12.9999878  12.9999878  
68.1799999  12.9999876  12.9999876  
68.1899999  12.9999875  12.9999875  
68.1999999  12.9999873  12.9999873  
68.2099999  12.9999871  12.9999871  
68.2199999  12.9999869  12.9999869  
68.2299999  12.9999867  12.9999867  
68.2399999  12.9999866  12.9999866  
68.2499999  12.9999864  12.9999864  
68.2599999  12.9999862  12.9999862  
68.2699999  12.9999861  12.9999861  
68.2799999  12.9999859  12.9999859  
68.2899999  12.9999858  12.9999858  
68.2999999  12.9999857  12.9999857  
68.3099999  12.9999855  12.9999855  
68.3199999  12.9999854  12.9999854  
68.3299999  12.9999853  12.9999853  
68.3399999  12.9999851  12.9999851  
68.3499999  12.9999850  12.9999850  
68.3599999  12.9999849  12.9999849  
68.3699999  12.9999848  12.9999848  
68.3799999  12.9999847  12.9999847  
68.3899999  12.9999846  12.9999846  
68.3999999  12.9999845  12.9999845  
68.4099999  12.9999845  12.9999845  
68.4199999  12.9999844  12.9999844  
68.4299999  12.9999843  12.9999843  
68.4399999  12.9999842  12.9999842  
68.4499999  12.9999842  12.9999842  
68.4599999  12.9999841  12.9999841  
68.4699999  12.9999841  12.9999841  
68.4799999  12.9999840  12.9999840  
68.4899999  12.9999840  12.9999840  
68.4999999  12.9999840  12.9999840  
68.5099999  12.9999839  12.9999839  
68.5199999  12.9999839  12.9999839  
68.5299999  12.9999839  12.9999839  
68.5399999  12.9999839  12.9999839  
68.5499999  12.9999839  12.9999839  
68.5599999  12.9999839  12.9999839  
68.5699999  12.9999839  12.9999839  
68.5799999  12.9999839  12.9999839  
68.5899999  12.9999839  12.9999839  
68.5999999  12.9999839  12.9999839  
68.6099999  12.9999839  12.9999839  
68.6199999  12.9999839  12.9999839  
68.6299999  12.9999840  12.9999840  
68.6399999  12.9999840  12.9999840  
68.6499999  12.9999841  12.9999841  
68.6599999  12.9999841  12.9999841  
68.6699999  12.9999841  12.9999841  
68.6799999  12.9999842  12.9999842  
68.6899999  12.9999843  12.9999843  
68.6999999  12.9999843  12.9999843  
68.7099999  12.9999844  12.9999844  
68.7199999  12.9999845  12.9999845  
68.7299999  12.9999846  12.9999846  
68.7399999  12.9999847  12.9999847  
68.7499999  12.9999847  12.9999847  
68.7599999  12.9999848  12.9999848  
68.7699999  12.9999849  12.9999849  
68.7799999  12.9999850  12.9999850  
68.7899999  12.9999851  12.9999851  
68.7999999  12.9999853  12.9999853  
68.8099999  12.9999854  12.9999854  
68.8199999  12.9999855  12.9999855  
68.8299999  12.9999856  12.9999856  
68.8399999  12.9999858  12.9999858  
68.8499999  12.9999859  12.9999859  
68.8599999  12.9999860  12.9999860  
68.8699999  12.9999862  12.9999862  
68.8799999  12.9999863  12.9999863  
68.8899999  12.9999865  12.9999865  
68.8999999  12.9999866  12.9999866  
68.9099999  12.9999868  12.9999868  
68.9199999  12.9999869  12.9999869  
68.9299999  12.9999871  12.9999871  
68.9399999  12.9999873  12.9999873  
68.9499999  12.9999874  12.9999874  
68.9599999  12.9999876  12.9999876  
68.9699999  12.9999878  12.9999878  
68.9799999  12.9999880  12.9999880  
68.9899999  12.9999882  12.9999882  
68.9999999  12.9999884  12.9999884  
69.0099999  12.9999886  12.9999886  
69.0199999  12.9999887  12.9999887  
69.0299999  12.9999889  12.9999889  
69.0399999  12.9999891  12.9999891  
69.0499999  12.9999893  12.9999893  
69.0599999  12.9999896  12.9999896  
69.0699999  12.9999898  12.9999898  
69.0799999  12.9999900  12.9999900  
69.0899999  12.9999902  12.9999902  
69.0999999  12.9999904  12.9999904  
69.1099999  12.9999906  12.9999906  
69.1199999  12.9999908  12.9999908  
69.1299999  12.9999911  12.9999911  
69.1399999  12.9999913  12.9999913  
69.1499999  12.9999915  12.9999915  
69.1599999  12.9999918  12.9999918  
69.1699999  12.9999920  12.9999920  
69.1799999  12.9999922  12.9999922  
69.1899999  12.9999925  12.9999925  
69.1999999  12.9999927  12.9999927  
69.2099999  12.9999929  12.9999929  
69.2199999  12.9999932  12.9999932  
69.2299999  12.9999934  12.9999934  
69.2399999  12.9999937  12.9999937  
69.2499999  12.9999939  12.9999939  
69.2599999  12.9999941  12.9999941  
69.2699999  12.9999944  12.9999944  
69.2799999  12.9999946  12.9999946  
69.2899999  12.9999949  12.9999949  
69.2999999  12.9999951  12.9999951  
69.3099999  12.9999954  12.9999954  
69.3199999  12.9999956  12.9999956  
69.3299999  12.9999959  12.9999959  
69.3399999  12.9999961  12.9999961  
69.3499999  12.9999964  12.9999964  
69.3599999  12.9999966  12.9999966  
69.3699999  12.9999969  12.9999969  
69.3799999  12.9999971  12.9999971  
69.3899999  12.9999974  12.9999974  
69.3999999  12.9999977  12.9999977  
69.4099999  12.9999979  12.9999979  
69.4199999  12.9999982  12.9999982  
69.4299999  12.9999984  12.9999984  
69.4399999  12.9999987  12.9999987  
69.4499999  12.9999989  12.9999989  
69.4599999  12.9999992  12.9999992  
69.4699999  12.9999994  12.9999994  
69.4799999  12.9999997  12.9999997  
69.4899999  12.9999999  12.9999999  
69.4999999  13.0000002  13.0000002  
69.5099999  13.0000004  13.0000004  
69.5199999  13.0000007  13.0000007  
69.5299999  13.0000009  13.0000009  
69.5399999  13.0000011  13.0000011  
69.5499999  13.0000014  13.0000014  
69.5599999  13.0000016  13.0000016  
69.5699999  13.0000019  13.0000019  
69.5799999  13.0000021  13.0000021  
69.5899999  13.0000024  13.0000024  
69.5999999  13.0000026  13.0000026  
69.6099999  13.0000028  13.0000028  
69.6199999  13.0000031  13.0000031  
69.6299999  13.0000033  13.0000033  
69.6399999  13.0000035  13.0000035  
69.6499999  13.0000037  13.0000037  
69.6599999  13.0000040  13.0000040  
69.6699999  13.0000042  13.0000042  
69.6799999  13.0000044  13.0000044  
69.6899999  13.0000046  13.0000046  
69.6999999  13.0000049  13.0000049  
69.7099999  13.0000051  13.0000051  
69.7199999  13.0000053  13.0000053  
69.7299999  13.0000055  13.0000055  
69.7399999  13.0000057  13.0000057  
69.7499999  13.0000059  13.0000059  
69.7599999  13.0000061  13.0000061  
69.7699999  13.0000063  13.0000063  
69.7799999  13.0000065  13.0000065  
69.7899999  13.0000067  13.0000067  
69.7999999  13.0000069  13.0000069  
69.8099999  13.0000071  13.0000071  
69.8199999  13.0000073  13.0000073  
69.8299999  13.0000074  13.0000074  
69.8399999  13.0000076  13.0000076  
69.8499999  13.0000078  13.0000078  
69.8599999  13.0000080  13.0000080  
69.8699999  13.0000081  13.0000081  
69.8799999  13.0000083  13.0000083  
69.8899999  13.0000085  13.0000085  
69.8999999  13.0000086  13.0000086  
69.9099999  13.0000088  13.0000088  
69.9199999  13.0000090  13.0000090  
69.9299999  13.0000091  13.0000091  
69.9399999  13.0000093  13.0000093  
69.9499999  13.0000094  13.0000094  
69.9599999  13.0000095  13.0000095  
69.9699999  13.0000097  13.0000097  
69.9799999  13.0000098  13.0000098  
69.9899999  13.0000099  13.0000099  
69.9999999  13.0000101  13.0000101  
70.0099999  13.0000102  13.0000102  
70.0199999  13.0000103  13.0000103  
70.0299999  13.0000104  13.0000104  
70.0399999  13.0000105  13.0000105  
70.0499999  13.0000106  13.0000106  
70.0599999  13.0000107  13.0000107  
70.0699999  13.0000108  13.0000108  
70.0799999  13.0000109  13.0000109  
70.0899999  13.0000110  13.0000110  
70.0999999  13.0000111  13.0000111  
70.1099999  13.0000112  13.0000112  
70.1199999  13.0000113  13.0000113  
70.1299999  13.0000114  13.0000114  
70.1399999  13.0000114  13.0000114  
70.1499999  13.0000115  13.0000115  
70.1599999  13.0000116  13.0000116  
70.1699999  13.0000116  13.0000116  
70.1799999  13.0000117  13.0000117  
70.1899999  13.0000117  13.0000117  
70.1999999  13.0000118  13.0000118  
70.2099999  13.0000118  13.0000118  
70.2199999  13.0000119  13.0000119  
70.2299999  13.0000119  13.0000119  
70.2399999  13.0000120  13.0000120  
70.2499999  13.0000120  13.0000120  
70.2599999  13.0000120  13.0000120  
70.2699999  13.0000120  13.0000120  
70.2799999  13.0000120  13.0000120  
70.2899999  13.0000121  13.0000121  
70.2999999  13.0000121  13.0000121  
70.3099999  13.0000121  13.0000121  
70.3199999  13.0000121  13.0000121  
70.3299999  13.0000121  13.0000121  
70.3399999  13.0000121  13.0000121  
70.3499999  13.0000121  13.0000121  
70.3599999  13.0000120  13.0000120  
70.3699999  13.0000120  13.0000120  
70.3799999  13.0000120  13.0000120  
70.3899999  13.0000120  13.0000120  
70.3999999  13.0000120  13.0000120  
70.4099999  13.0000119  13.0000119  
70.4199999  13.0000119  13.0000119  
70.4299999  13.0000118  13.0000118  
70.4399999  13.0000118  13.0000118  
70.4499999  13.0000118  13.0000118  
70.4599999  13.0000117  13.0000117  
70.4699999  13.0000117  13.0000117  
70.4799999  13.0000116  13.0000116  
70.4899999  13.0000115  13.0000115  
70.4999999  13.0000115  13.0000115  
70.5099999  13.0000114  13.0000114  
70.5199999  13.0000113  13.0000113  
70.5299999  13.0000112  13.0000112  
70.5399999  13.0000112  13.0000112  
70.5499999  13.0000111  13.0000111  
70.5599999  13.0000110  13.0000110  
70.5699999  13.0000109  13.0000109  
70.5799999  13.0000108  13.0000108  
70.5899999  13.0000107  13.0000107  
70.5999999  13.0000106  13.0000106  
70.6099999  13.0000105  13.0000105  
70.6199999  13.0000104  13.0000104  
70.6299999  13.0000103  13.0000103  
70.6399999  13.0000102  13.0000102  
70.6499999  13.0000101  13.0000101  
70.6599999  13.0000100  13.0000100  
70.6699999  13.0000098  13.0000098  
70.6799999  13.0000097  13.0000097  
70.6899999  13.0000096  13.0000096  
70.6999999  13.0000095  13.0000095  
70.7099999  13.0000093  13.0000093  
70.7199999  13.0000092  13.0000092  
70.7299999  13.0000091  13.0000091  
70.7399999  13.0000089  13.0000089  
70.7499999  13.0000088  13.0000088  
70.7599999  13.0000087  13.0000087  
70.7699999  13.0000085  13.0000085  
70.7799999  13.0000084  13.0000084  
70.7899999  13.0000082  13.0000082  
70.7999999  13.0000081  13.0000081  
70.8099999  13.0000079  13.0000079  
70.8199999  13.0000077  13.0000077  
70.8299999  13.0000076  13.0000076  
70.8399999  13.0000074  13.0000074  
70.8499999  13.0000073  13.0000073  
70.8599999  13.0000071  13.0000071  
70.8699999  13.0000069  13.0000069  
70.8799999  13.0000068  13.0000068  
70.8899999  13.0000066  13.0000066  
70.8999999  13.0000064  13.0000064  
70.9099999  13.0000063  13.0000063  
70.9199999  13.0000061  13.0000061  
70.9299999  13.0000059  13.0000059  
70.9399999  13.0000057  13.0000057  
70.9499999  13.0000056  13.0000056  
70.9599999  13.0000054  13.0000054  
70.9699999  13.0000052  13.0000052  
70.9799999  13.0000050  13.0000050  
70.9899999  13.0000048  13.0000048  
70.9999999  13.0000047  13.0000047  
71.0099999  13.0000045  13.0000045  
71.0199999  13.0000043  13.0000043  
71.0299999  13.0000041  13.0000041  
71.0399999  13.0000039  13.0000039  
71.0499999  13.0000037  13.0000037  
71.0599999  13.0000035  13.0000035  
71.0699999  13.0000033  13.0000033  
71.0799999  13.0000032  13.0000032  
71.0899999  13.0000030  13.0000030  
71.0999999  13.0000028  13.0000028  
71.1099999  13.0000026  13.0000026  
71.1199999  13.0000024  13.0000024  
71.1299999  13.0000022  13.0000022  
71.1399999  13.0000020  13.0000020  
71.1499999  13.0000018  13.0000018  
71.1599999  13.0000016  13.0000016  
71.1699999  13.0000014  13.0000014  
71.1799999  13.0000013  13.0000013  
71.1899999  13.0000011  13.0000011  
71.1999999  13.0000009  13.0000009  
71.2099999  13.0000007  13.0000007  
71.2199999  13.0000005  13.0000005  
71.2299999  13.0000003  13.0000003  
71.2399999  13.0000001  13.0000001  
71.2499999  12.9999999  12.9999999  
71.2599999  12.9999997  12.9999997  
71.2699999  12.9999996  12.9999996  
71.2799999  12.9999994  12.9999994  
71.2899999  12.9999992  12.9999992  
71.2999999  12.9999990  12.9999990  
71.3099999  12.9999988  12.9999988  
71.3199999  12.9999986  12.9999986  
71.3299999  12.9999985  12.9999985  
71.3399999  12.9999983  12.9999983  
71.3499999  12.9999981  12.9999981  
71.3599999  12.9999979  12.9999979  
71.3699999  12.9999977  12.9999977  
71.3799999  12.9999976  12.9999976  
71.3899999  12.9999974  12.9999974  
71.3999999  12.9999972  12.9999972  
71.4099999  12.9999971  12.9999971  
71.4199999  12.9999969  12.9999969  
71.4299999  12.9999967  12.9999967  
71.4399999  12.9999966  12.9999966  
71.4499999  12.9999964  12.9999964  
71.4599999  12.9999962  12.9999962  
71.4699999  12.9999961  12.9999961  
71.4799999  12.9999959  12.9999959  
71.4899999  12.9999957  12.9999957  
71.4999999  12.9999956  12.9999956  
71.5099999  12.9999954  12.9999954  
71.5199999  12.9999953  12.9999953  
71.5299999  12.9999951  12.9999951  
71.5399999  12.9999950  12.9999950  
71.5499999  12.9999948  12.9999948  
71.5599999  12.9999947  12.9999947  
71.5699999  12.9999945  12.9999945  
71.5799999  12.9999944  12.9999944  
71.5899999  12.9999943  12.9999943  
71.5999999  12.9999941  12.9999941  
71.6099999  12.9999940  12.9999940  
71.6199999  12.9999939  12.9999939  
71.6299999  12.9999937  12.9999937  
71.6399999  12.9999936  12.9999936  
71.6499999  12.9999935  12.9999935  
71.6599999  12.9999934  12.9999934  
71.6699999  12.9999933  12.9999933  
71.6799999  12.9999931  12.9999931  
71.6899999  12.9999930  12.9999930  
71.6999999  12.9999929  12.9999929  
71.7099999  12.9999928  12.9999928  
71.7199999  12.9999927  12.9999927  
71.7299999  12.9999926  12.9999926  
71.7399999  12.9999925  12.9999925  
71.7499999  12.9999924  12.9999924  
71.7599999  12.9999923  12.9999923  
71.7699999  12.9999922  12.9999922  
71.7799999  12.9999921  12.9999921  
71.7899999  12.9999920  12.9999920  
71.7999999  12.9999920  12.9999920  
71.8099999  12.9999919  12.9999919  
71.8199999  12.9999918  12.9999918  
71.8299999  12.9999917  12.9999917  
71.8399999  12.9999917  12.9999917  
71.8499999  12.9999916  12.9999916  
71.8599999  12.9999915  12.9999915  
71.8699999  12.9999915  12.9999915  
71.8799999  12.9999914  12.9999914  
71.8899999  12.9999913  12.9999913  
71.8999999  12.9999913  12.9999913  
71.9099999  12.9999912  12.9999912  
71.9199999  12.9999912  12.9999912  
71.9299999  12.9999911  12.9999911  
71.9399999  12.9999911  12.9999911  
71.9499999  12.9999911  12.9999911  
71.9599999  12.9999910  12.9999910  
71.9699999  12.9999910  12.9999910  
71.9799999  12.9999910  12.9999910  
71.9899999  12.9999909  12.9999909  
71.9999999  12.9999909  12.9999909  
72.0099999  12.9999909  12.9999909  
72.0199999  12.9999909  12.9999909  
72.0299999  12.9999908  12.9999908  
72.0399999  12.9999908  12.9999908  
72.0499999  12.9999908  12.9999908  
72.0599999  12.9999908  12.9999908  
72.0699999  12.9999908  12.9999908  
72.0799999  12.9999908  12.9999908  
72.0899999  12.9999908  12.9999908  
72.0999999  12.9999908  12.9999908  
72.1099999  12.9999908  12.9999908  
72.1199999  12.9999908  12.9999908  
72.13       12.9999908  12.9999908  
72.14       12.9999909  12.9999909  
72.15       12.9999909  12.9999909  
72.1600000  12.9999909  12.9999909  
72.1700000  12.9999909  12.9999909  
72.1800000  12.9999910  12.9999910  
72.1900000  12.9999910  12.9999910  
72.2000000  12.9999910  12.9999910  
72.2100000  12.9999911  12.9999911  
72.2200000  12.9999911  12.9999911  
72.2300000  12.9999911  12.9999911  
72.2400000  12.9999912  12.9999912  
72.2500000  12.9999912  12.9999912  
72.2600000  12.9999913  12.9999913  
72.2700000  12.9999913  12.9999913  
72.2800000  12.9999914  12.9999914  
72.2900000  12.9999914  12.9999914  
72.3000000  12.9999915  12.9999915  
72.3100000  12.9999916  12.9999916  
72.3200000  12.9999916  12.9999916  
72.3300000  12.9999917  12.9999917  
72.3400000  12.9999918  12.9999918  
72.3500000  12.9999918  12.9999918  
72.3600000  12.9999919  12.9999919  
72.3700000  12.9999920  12.9999920  
72.3800000  12.9999921  12.9999921  
72.3900000  12.9999922  12.9999922  
72.4000000  12.9999922  12.9999922  
72.4100000  12.9999923  12.9999923  
72.4200000  12.9999924  12.9999924  
72.4300000  12.9999925  12.9999925  
72.4400000  12.9999926  12.9999926  
72.4500000  12.9999927  12.9999927  
72.4600000  12.9999928  12.9999928  
72.4700000  12.9999929  12.9999929  
72.4800000  12.9999930  12.9999930  
72.4900000  12.9999931  12.9999931  
72.5000000  12.9999932  12.9999932  
72.5100000  12.9999933  12.9999933  
72.5200000  12.9999934  12.9999934  
72.5300000  12.9999935  12.9999935  
72.5400000  12.9999936  12.9999936  
72.5500000  12.9999937  12.9999937  
72.5600000  12.9999939  12.9999939  
72.5700000  12.9999940  12.9999940  
72.5800000  12.9999941  12.9999941  
72.5900000  12.9999942  12.9999942  
72.6000000  12.9999943  12.9999943  
72.6100000  12.9999945  12.9999945  
72.6200000  12.9999946  12.9999946  
72.6300000  12.9999947  12.9999947  
72.6400000  12.9999948  12.9999948  
72.6500000  12.9999950  12.9999950  
72.6600000  12.9999951  12.9999951  
72.6700000  12.9999952  12.9999952  
72.6800000  12.9999954  12.9999954  
72.6900000  12.9999955  12.9999955  
72.7000000  12.9999956  12.9999956  
72.7100000  12.9999958  12.9999958  
72.7200000  12.9999959  12.9999959  
72.7300000  12.9999960  12.9999960  
72.7400000  12.9999962  12.9999962  
72.7500000  12.9999963  12.9999963  
72.7600000  12.9999964  12.9999964  
72.7700000  12.9999966  12.9999966  
72.7800000  12.9999967  12.9999967  
72.7900000  12.9999969  12.9999969  
72.8000000  12.9999970  12.9999970  
72.8100000  12.9999971  12.9999971  
72.8200000  12.9999973  12.9999973  
72.8300000  12.9999974  12.9999974  
72.8400000  12.9999976  12.9999976  
72.8500000  12.9999977  12.9999977  
72.8600000  12.9999978  12.9999978  
72.8700000  12.9999980  12.9999980  
72.8800000  12.9999981  12.9999981  
72.8900000  12.9999983  12.9999983  
72.9000000  12.9999984  12.9999984  
72.9100000  12.9999986  12.9999986  
72.9200000  12.9999987  12.9999987  
72.9300000  12.9999989  12.9999989  
72.9400000  12.9999990  12.9999990  
72.9500000  12.9999991  12.9999991  
72.9600000  12.9999993  12.9999993  
72.9700000  12.9999994  12.9999994  
72.9800000  12.9999996  12.9999996  
72.9900000  12.9999997  12.9999997  
73.0000000  12.9999998  12.9999998  
73.0100000  13.0000000  13.0000000  
73.0200000  13.0000001  13.0000001  
73.0300000  13.0000003  13.0000003  
73.0400000  13.0000004  13.0000004  
73.0500000  13.0000006  13.0000006  
73.0600000  13.0000007  13.0000007  
73.0700000  13.0000008  13.0000008  
73.0800000  13.0000010  13.0000010  
73.0900000  13.0000011  13.0000011  
73.1000000  13.0000012  13.0000012  
73.1100000  13.0000014  13.0000014  
73.1200000  13.0000015  13.0000015  
73.1300000  13.0000016  13.0000016  
73.1400000  13.0000018  13.0000018  
73.1500000  13.0000019  13.0000019  
73.1600000  13.0000020  13.0000020  
73.1700000  13.0000022  13.0000022  
73.1800000  13.0000023  13.0000023  
73.1900000  13.0000024  13.0000024  
73.2000000  13.0000025  13.0000025  
73.2100000  13.0000027  13.0000027  
73.2200000  13.0000028  13.0000028  
73.2300000  13.0000029  13.0000029  
73.2400000  13.0000030  13.0000030  
73.2500000  13.0000031  13.0000031  
73.2600000  13.0000033  13.0000033  
73.2700000  13.0000034  13.0000034  
73.2800000  13.0000035  13.0000035  
73.2900000  13.0000036  13.0000036  
73.3000000  13.0000037  13.0000037  
73.3100000  13.0000038  13.0000038  
73.3200000  13.0000039  13.0000039  
73.3300000  13.0000040  13.0000040  
73.3400000  13.0000041  13.0000041  
73.3500000  13.0000043  13.0000043  
73.3600000  13.0000044  13.0000044  
73.3700000  13.0000045  13.0000045  
73.3800000  13.0000045  13.0000045  
73.3900000  13.0000046  13.0000046  
73.4000000  13.0000047  13.0000047  
73.4100000  13.0000048  13.0000048  
73.4200000  13.0000049  13.0000049  
73.4300000  13.0000050  13.0000050  
73.4400000  13.0000051  13.0000051  
73.4500000  13.0000052  13.0000052  
73.4600000  13.0000053  13.0000053  
73.4700000  13.0000053  13.0000053  
73.4800000  13.0000054  13.0000054  
73.4900000  13.0000055  13.0000055  
73.5000000  13.0000056  13.0000056  
73.5100000  13.0000057  13.0000057  
73.5200000  13.0000057  13.0000057  
73.5300000  13.0000058  13.0000058  
73.5400000  13.0000059  13.0000059  
73.5500000  13.0000059  13.0000059  
73.5600000  13.0000060  13.0000060  
73.5700000  13.0000060  13.0000060  
73.5800000  13.0000061  13.0000061  
73.5900000  13.0000062  13.0000062  
73.6000000  13.0000062  13.0000062  
73.6100000  13.0000063  13.0000063  
73.6200000  13.0000063  13.0000063  
73.6300000  13.0000064  13.0000064  
73.6400000  13.0000064  13.0000064  
73.6500000  13.0000065  13.0000065  
73.6600000  13.0000065  13.0000065  
73.6700000  13.0000065  13.0000065  
73.6800000  13.0000066  13.0000066  
73.6900000  13.0000066  13.0000066  
73.7000000  13.0000066  13.0000066  
73.7100000  13.0000067  13.0000067  
73.7200000  13.0000067  13.0000067  
73.7300000  13.0000067  13.0000067  
73.7400000  13.0000067  13.0000067  
73.7500000  13.0000068  13.0000068  
73.7600000  13.0000068  13.0000068  
73.7700000  13.0000068  13.0000068  
73.7800000  13.0000068  13.0000068  
73.7900000  13.0000068  13.0000068  
73.8000000  13.0000068  13.0000068  
73.8100000  13.0000068  13.0000068  
73.8200000  13.0000068  13.0000068  
73.8300000  13.0000068  13.0000068  
73.8400000  13.0000068  13.0000068  
73.8500000  13.0000068  13.0000068  
73.8600000  13.0000068  13.0000068  
73.8700000  13.0000068  13.0000068  
73.8800000  13.0000068  13.0000068  
73.8900000  13.0000068  13.0000068  
73.9000000  13.0000068  13.0000068  
73.9100000  13.0000068  13.0000068  
73.9200000  13.0000068  13.0000068  
73.9300000  13.0000067  13.0000067  
73.9400000  13.0000067  13.0000067  
73.9500000  13.0000067  13.0000067  
73.9600000  13.0000067  13.0000067  
73.9700000  13.0000066  13.0000066  
73.9800000  13.0000066  13.0000066  
73.9900000  13.0000066  13.0000066  
74.0000000  13.0000065  13.0000065  
74.0100000  13.0000065  13.0000065  
74.0200000  13.0000065  13.0000065  
74.0300000  13.0000064  13.0000064  
74.0400000  13.0000064  13.0000064  
74.0500000  13.0000063  13.0000063  
74.0600000  13.0000063  13.0000063  
74.0700000  13.0000063  13.0000063  
74.0800000  13.0000062  13.0000062  
74.0900000  13.0000062  13.0000062  
74.1000000  13.0000061  13.0000061  
74.1100000  13.0000060  13.0000060  
74.1200000  13.0000060  13.0000060  
74.1300000  13.0000059  13.0000059  
74.1400000  13.0000059  13.0000059  
74.1500000  13.0000058  13.0000058  
74.1600000  13.0000057  13.0000057  
74.1700000  13.0000057  13.0000057  
74.1800000  13.0000056  13.0000056  
74.1900000  13.0000055  13.0000055  
74.2000000  13.0000055  13.0000055  
74.2100000  13.0000054  13.0000054  
74.2200000  13.0000053  13.0000053  
74.2300000  13.0000053  13.0000053  
74.2400000  13.0000052  13.0000052  
74.2500000  13.0000051  13.0000051  
74.2600000  13.0000050  13.0000050  
74.2700000  13.0000049  13.0000049  
74.2800000  13.0000049  13.0000049  
74.2900000  13.0000048  13.0000048  
74.3000000  13.0000047  13.0000047  
74.3100000  13.0000046  13.0000046  
74.3200000  13.0000045  13.0000045  
74.3300000  13.0000044  13.0000044  
74.3400000  13.0000043  13.0000043  
74.3500000  13.0000043  13.0000043  
74.3600000  13.0000042  13.0000042  
74.3700000  13.0000041  13.0000041  
74.3800000  13.0000040  13.0000040  
74.3900000  13.0000039  13.0000039  
74.4000000  13.0000038  13.0000038  
74.4100000  13.0000037  13.0000037  
74.4200000  13.0000036  13.0000036  
74.4300000  13.0000035  13.0000035  
74.4400000  13.0000034  13.0000034  
74.4500000  13.0000033  13.0000033  
74.4600000  13.0000032  13.0000032  
74.4700000  13.0000031  13.0000031  
74.4800000  13.0000030  13.0000030  
74.4900000  13.0000029  13.0000029  
74.5000000  13.0000028  13.0000028  
74.5100000  13.0000027  13.0000027  
74.5200000  13.0000026  13.0000026  
74.5300000  13.0000025  13.0000025  
74.5400000  13.0000024  13.0000024  
74.5500000  13.0000023  13.0000023  
74.5600000  13.0000022  13.0000022  
74.5700000  13.0000020  13.0000020  
74.5800000  13.0000019  13.0000019  
74.5900000  13.0000018  13.0000018  
74.6000000  13.0000017  13.0000017  
74.6100000  13.0000016  13.0000016  
74.6200000  13.0000015  13.0000015  
74.6300000  13.0000014  13.0000014  
74.6400000  13.0000013  13.0000013  
74.6500000  13.0000012  13.0000012  
74.6600000  13.0000011  13.0000011  
74.6700000  13.0000010  13.0000010  
74.6800000  13.0000009  13.0000009  
74.6900000  13.0000008  13.0000008  
74.7000000  13.0000006  13.0000006  
74.7100000  13.0000005  13.0000005  
74.7200000  13.0000004  13.0000004  
74.7300000  13.0000003  13.0000003  
74.7400000  13.0000002  13.0000002  
74.7500000  13.0000001  13.0000001  
74.7600000  13.0000000  13.0000000  
74.7700000  12.9999999  12.9999999  
74.7800000  12.9999998  12.9999998  
74.7900000  12.9999997  12.9999997  
74.8000000  12.9999996  12.9999996  
74.8100000  12.9999995  12.9999995  
74.8200000  12.9999994  12.9999994  
74.8300000  12.9999993  12.9999993  
74.8400000  12.9999992  12.9999992  
74.8500000  12.9999991  12.9999991  
74.8600000  12.9999990  12.9999990  
74.8700000  12.9999989  12.9999989  
74.8800000  12.9999988  12.9999988  
74.8900000  12.9999987  12.9999987  
74.9000000  12.9999986  12.9999986  
74.9100000  12.9999985  12.9999985  
74.9200000  12.9999984  12.9999984  
74.9300000  12.9999983  12.9999983  
74.9400000  12.9999982  12.9999982  
74.9500000  12.9999981  12.9999981  
74.9600000  12.9999980  12.9999980  
74.9700000  12.9999979  12.9999979  
74.9800000  12.9999978  12.9999978  
74.9900000  12.9999977  12.9999977  
75.0000000  12.9999976  12.9999976  
75.0100000  12.9999975  12.9999975  
75.0200000  12.9999974  12.9999974  
75.0300000  12.9999973  12.9999973  
75.0400000  12.9999973  12.9999973  
75.0500000  12.9999972  12.9999972  
75.0600000  12.9999971  12.9999971  
75.0700000  12.9999970  12.9999970  
75.0800000  12.9999969  12.9999969  
75.0900000  12.9999968  12.9999968  
75.1000000  12.9999968  12.9999968  
75.1100000  12.9999967  12.9999967  
75.1200000  12.9999966  12.9999966  
75.1300000  12.9999965  12.9999965  
75.1400000  12.9999965  12.9999965  
75.1500000  12.9999964  12.9999964  
75.1600000  12.9999963  12.9999963  
75.1700000  12.9999963  12.9999963  
75.1800000  12.9999962  12.9999962  
75.1900000  12.9999961  12.9999961  
75.2000000  12.9999961  12.9999961  
75.2100000  12.9999960  12.9999960  
75.2200000  12.9999959  12.9999959  
75.2300000  12.9999959  12.9999959  
75.2400000  12.9999958  12.9999958  
75.2500000  12.9999958  12.9999958  
75.2600000  12.9999957  12.9999957  
75.2700000  12.9999956  12.9999956  
75.2800000  12.9999956  12.9999956  
75.2900000  12.9999955  12.9999955  
75.3000000  12.9999955  12.9999955  
75.3100000  12.9999954  12.9999954  
75.3200000  12.9999954  12.9999954  
75.3300000  12.9999953  12.9999953  
75.3400000  12.9999953  12.9999953  
75.3500000  12.9999953  12.9999953  
75.3600000  12.9999952  12.9999952  
75.3700000  12.9999952  12.9999952  
75.3800000  12.9999951  12.9999951  
75.3900000  12.9999951  12.9999951  
75.4000000  12.9999951  12.9999951  
75.4100000  12.9999950  12.9999950  
75.4200000  12.9999950  12.9999950  
75.4300000  12.9999950  12.9999950  
75.4400000  12.9999950  12.9999950  
75.4500000  12.9999949  12.9999949  
75.4600000  12.9999949  12.9999949  
75.4700000  12.9999949  12.9999949  
75.4800000  12.9999949  12.9999949  
75.4900000  12.9999949  12.9999949  
75.5000000  12.9999948  12.9999948  
75.5100000  12.9999948  12.9999948  
75.5200000  12.9999948  12.9999948  
75.5300000  12.9999948  12.9999948  
75.5400000  12.9999948  12.9999948  
75.5500000  12.9999948  12.9999948  
75.5600000  12.9999948  12.9999948  
75.5700000  12.9999948  12.9999948  
75.5800000  12.9999948  12.9999948  
75.5900000  12.9999948  12.9999948  
75.6000000  12.9999948  12.9999948  
75.6100000  12.9999948  12.9999948  
75.6200000  12.9999948  12.9999948  
75.6300000  12.9999948  12.9999948  
75.6400000  12.9999948  12.9999948  
75.6500000  12.9999948  12.9999948  
75.6600000  12.9999948  12.9999948  
75.6700000  12.9999948  12.9999948  
75.6800000  12.9999948  12.9999948  
75.6900000  12.9999948  12.9999948  
75.7000000  12.9999949  12.9999949  
75.7100000  12.9999949  12.9999949  
75.7200000  12.9999949  12.9999949  
75.7300000  12.9999949  12.9999949  
75.7400000  12.9999949  12.9999949  
75.7500000  12.9999950  12.9999950  
75.7600000  12.9999950  12.9999950  
75.7700000  12.9999950  12.9999950  
75.7800000  12.9999950  12.9999950  
75.7900000  12.9999951  12.9999951  
75.8000000  12.9999951  12.9999951  
75.8100000  12.9999951  12.9999951  
75.8200000  12.9999952  12.9999952  
75.8300000  12.9999952  12.9999952  
75.8400000  12.9999952  12.9999952  
75.8500000  12.9999953  12.9999953  
75.8600000  12.9999953  12.9999953  
75.8700000  12.9999954  12.9999954  
75.8800000  12.9999954  12.9999954  
75.8900000  12.9999955  12.9999955  
75.9000000  12.9999955  12.9999955  
75.9100000  12.9999955  12.9999955  
75.9200000  12.9999956  12.9999956  
75.9300000  12.9999956  12.9999956  
75.9400000  12.9999957  12.9999957  
75.9500000  12.9999957  12.9999957  
75.9600000  12.9999958  12.9999958  
75.9700000  12.9999959  12.9999959  
75.9800000  12.9999959  12.9999959  
75.9900000  12.9999960  12.9999960  
76.0000000  12.9999960  12.9999960  
76.0100000  12.9999961  12.9999961  
76.0200000  12.9999961  12.9999961  
76.0300000  12.9999962  12.9999962  
76.0400000  12.9999963  12.9999963  
76.0500000  12.9999963  12.9999963  
76.0600000  12.9999964  12.9999964  
76.0700000  12.9999965  12.9999965  
76.0800000  12.9999965  12.9999965  
76.0900000  12.9999966  12.9999966  
76.1000000  12.9999967  12.9999967  
76.1100000  12.9999967  12.9999967  
76.1200000  12.9999968  12.9999968  
76.1300000  12.9999969  12.9999969  
76.1400000  12.9999969  12.9999969  
76.1500000  12.9999970  12.9999970  
76.1600000  12.9999971  12.9999971  
76.1700000  12.9999971  12.9999971  
76.1800000  12.9999972  12.9999972  
76.1900000  12.9999973  12.9999973  
76.2000000  12.9999974  12.9999974  
76.2100000  12.9999974  12.9999974  
76.2200000  12.9999975  12.9999975  
76.2300000  12.9999976  12.9999976  
76.2400000  12.9999977  12.9999977  
76.2500000  12.9999978  12.9999978  
76.2600000  12.9999978  12.9999978  
76.2700000  12.9999979  12.9999979  
76.2800000  12.9999980  12.9999980  
76.2900000  12.9999981  12.9999981  
76.3000000  12.9999981  12.9999981  
76.3100000  12.9999982  12.9999982  
76.3200000  12.9999983  12.9999983  
76.3300000  12.9999984  12.9999984  
76.3400000  12.9999985  12.9999985  
76.3500000  12.9999985  12.9999985  
76.3600000  12.9999986  12.9999986  
76.3700000  12.9999987  12.9999987  
76.3800000  12.9999988  12.9999988  
76.3900000  12.9999989  12.9999989  
76.4000000  12.9999990  12.9999990  
76.4100000  12.9999990  12.9999990  
76.4200000  12.9999991  12.9999991  
76.4300000  12.9999992  12.9999992  
76.4400000  12.9999993  12.9999993  
76.4500000  12.9999994  12.9999994  
76.4600000  12.9999994  12.9999994  
76.4700000  12.9999995  12.9999995  
76.4800000  12.9999996  12.9999996  
76.4900000  12.9999997  12.9999997  
76.5000000  12.9999998  12.9999998  
76.5100000  12.9999998  12.9999998  
76.5200000  12.9999999  12.9999999  
76.5300000  13.0000000  13.0000000  
76.5400000  13.0000001  13.0000001  
76.5500000  13.0000002  13.0000002  
76.5600000  13.0000002  13.0000002  
76.5700000  13.0000003  13.0000003  
76.5800000  13.0000004  13.0000004  
76.5900000  13.0000005  13.0000005  
76.6000000  13.0000006  13.0000006  
76.6100000  13.0000006  13.0000006  
76.6200000  13.0000007  13.0000007  
76.6300000  13.0000008  13.0000008  
76.6400000  13.0000009  13.0000009  
76.6500000  13.0000009  13.0000009  
76.6600000  13.0000010  13.0000010  
76.6700000  13.0000011  13.0000011  
76.6800000  13.0000012  13.0000012  
76.6900000  13.0000012  13.0000012  
76.7000000  13.0000013  13.0000013  
76.7100000  13.0000014  13.0000014  
76.7200000  13.0000014  13.0000014  
76.7300000  13.0000015  13.0000015  
76.7400000  13.0000016  13.0000016  
76.7500000  13.0000017  13.0000017  
76.7600000  13.0000017  13.0000017  
76.7700000  13.0000018  13.0000018  
76.7800000  13.0000019  13.0000019  
76.7900000  13.0000019  13.0000019  
76.8000000  13.0000020  13.0000020  
76.8100000  13.0000021  13.0000021  
76.8200000  13.0000021  13.0000021  
76.8300000  13.0000022  13.0000022  
76.8400000  13.0000022  13.0000022  
76.8500000  13.0000023  13.0000023  
76.8600000  13.0000024  13.0000024  
76.8700000  13.0000024  13.0000024  
76.8800000  13.0000025  13.0000025  
76.8900000  13.0000025  13.0000025  
76.9000000  13.0000026  13.0000026  
76.9100000  13.0000026  13.0000026  
76.9200000  13.0000027  13.0000027  
76.9300000  13.0000027  13.0000027  
76.9400000  13.0000028  13.0000028  
76.9500000  13.0000028  13.0000028  
76.9600000  13.0000029  13.0000029  
76.9700000  13.0000029  13.0000029  
76.9800000  13.0000030  13.0000030  
76.9900000  13.0000030  13.0000030  
77.0000000  13.0000031  13.0000031  
77.0100000  13.0000031  13.0000031  
77.0200000  13.0000032  13.0000032  
77.0300000  13.0000032  13.0000032  
77.0400000  13.0000032  13.0000032  
77.0500000  13.0000033  13.0000033  
77.0600000  13.0000033  13.0000033  
77.0700000  13.0000034  13.0000034  
77.0800000  13.0000034  13.0000034  
77.0900000  13.0000034  13.0000034  
77.1000000  13.0000035  13.0000035  
77.1100000  13.0000035  13.0000035  
77.1200000  13.0000035  13.0000035  
77.1300000  13.0000035  13.0000035  
77.1400000  13.0000036  13.0000036  
77.1500000  13.0000036  13.0000036  
77.1600000  13.0000036  13.0000036  
77.1700000  13.0000037  13.0000037  
77.1800000  13.0000037  13.0000037  
77.1900000  13.0000037  13.0000037  
77.2000000  13.0000037  13.0000037  
77.2100000  13.0000037  13.0000037  
77.2200000  13.0000038  13.0000038  
77.2300000  13.0000038  13.0000038  
77.2400000  13.0000038  13.0000038  
77.2500000  13.0000038  13.0000038  
77.2600000  13.0000038  13.0000038  
77.2700000  13.0000038  13.0000038  
77.2800000  13.0000038  13.0000038  
77.2900000  13.0000038  13.0000038  
77.3000000  13.0000038  13.0000038  
77.3100000  13.0000038  13.0000038  
77.3200000  13.0000039  13.0000039  
77.3300000  13.0000039  13.0000039  
77.3400000  13.0000039  13.0000039  
77.3500000  13.0000039  13.0000039  
77.3600000  13.0000039  13.0000039  
77.3700000  13.0000039  13.0000039  
77.3800000  13.0000039  13.0000039  
77.3900000  13.0000039  13.0000039  
77.4000000  13.0000038  13.0000038  
77.4100000  13.0000038  13.0000038  
77.4200000  13.0000038  13.0000038  
77.4300000  13.0000038  13.0000038  
77.4400000  13.0000038  13.0000038  
77.4500000  13.0000038  13.0000038  
77.4600000  13.0000038  13.0000038  
77.4700000  13.0000038  13.0000038  
77.4800000  13.0000038  13.0000038  
77.4900000  13.0000037  13.0000037  
77.5000000  13.0000037  13.0000037  
77.5100000  13.0000037  13.0000037  
77.5200000  13.0000037  13.0000037  
77.5300000  13.0000037  13.0000037  
77.5400000  13.0000036  13.0000036  
77.5500000  13.0000036  13.0000036  
77.5600000  13.0000036  13.0000036  
77.5700000  13.0000036  13.0000036  
77.5800000  13.0000035  13.0000035  
77.5900000  13.0000035  13.0000035  
77.6000000  13.0000035  13.0000035  
77.6100000  13.0000035  13.0000035  
77.6200000  13.0000034  13.0000034  
77.6300000  13.0000034  13.0000034  
77.6400000  13.0000034  13.0000034  
77.6500000  13.0000033  13.0000033  
77.6600000  13.0000033  13.0000033  
77.6700000  13.0000033  13.0000033  
77.6800000  13.0000032  13.0000032  
77.6900000  13.0000032  13.0000032  
77.7000000  13.0000031  13.0000031  
77.7100000  13.0000031  13.0000031  
77.7200000  13.0000031  13.0000031  
77.7300000  13.0000030  13.0000030  
77.7400000  13.0000030  13.0000030  
77.7500000  13.0000029  13.0000029  
77.7600000  13.0000029  13.0000029  
77.7700000  13.0000029  13.0000029  
77.7800000  13.0000028  13.0000028  
77.7900000  13.0000028  13.0000028  
77.8000000  13.0000027  13.0000027  
77.8100000  13.0000027  13.0000027  
77.8200000  13.0000026  13.0000026  
77.8300000  13.0000026  13.0000026  
77.8400000  13.0000025  13.0000025  
77.8500000  13.0000025  13.0000025  
77.8600000  13.0000024  13.0000024  
77.8700000  13.0000024  13.0000024  
77.8800000  13.0000023  13.0000023  
77.8900000  13.0000023  13.0000023  
77.9000000  13.0000022  13.0000022  
77.9100000  13.0000022  13.0000022  
77.9200000  13.0000021  13.0000021  
77.9300000  13.0000020  13.0000020  
77.9400000  13.0000020  13.0000020  
77.9500000  13.0000019  13.0000019  
77.9600000  13.0000019  13.0000019  
77.9700000  13.0000018  13.0000018  
77.9800000  13.0000018  13.0000018  
77.9900000  13.0000017  13.0000017  
78.0000000  13.0000017  13.0000017  
78.0100000  13.0000016  13.0000016  
78.0200000  13.0000015  13.0000015  
78.0300000  13.0000015  13.0000015  
78.0400000  13.0000014  13.0000014  
78.0500000  13.0000014  13.0000014  
78.0600000  13.0000013  13.0000013  
78.0700000  13.0000012  13.0000012  
78.0800000  13.0000012  13.0000012  
78.0900000  13.0000011  13.0000011  
78.1000000  13.0000011  13.0000011  
78.1100000  13.0000010  13.0000010  
78.1200000  13.0000009  13.0000009  
78.1300000  13.0000009  13.0000009  
78.1400000  13.0000008  13.0000008  
78.1500000  13.0000007  13.0000007  
78.1600000  13.0000007  13.0000007  
78.1700000  13.0000006  13.0000006  
78.1800000  13.0000006  13.0000006  
78.1900000  13.0000005  13.0000005  
78.2000000  13.0000004  13.0000004  
78.2100000  13.0000004  13.0000004  
78.2200000  13.0000003  13.0000003  
78.2300000  13.0000003  13.0000003  
78.2400000  13.0000002  13.0000002  
78.2500000  13.0000001  13.0000001  
78.2600000  13.0000001  13.0000001  
78.2700000  13.0000000  13.0000000  
78.2800000  13.0000000  13.0000000  
78.2900000  12.9999999  12.9999999  
78.3000000  12.9999998  12.9999998  
78.3100000  12.9999998  12.9999998  
78.3200000  12.9999997  12.9999997  
78.3300000  12.9999997  12.9999997  
78.3400000  12.9999996  12.9999996  
78.3500000  12.9999995  12.9999995  
78.3600000  12.9999995  12.9999995  
78.3700000  12.9999994  12.9999994  
78.3800000  12.9999994  12.9999994  
78.3900000  12.9999993  12.9999993  
78.4000000  12.9999992  12.9999992  
78.4100000  12.9999992  12.9999992  
78.4200000  12.9999991  12.9999991  
78.4300000  12.9999991  12.9999991  
78.4400000  12.9999990  12.9999990  
78.4500000  12.9999990  12.9999990  
78.4600000  12.9999989  12.9999989  
78.4700000  12.9999989  12.9999989  
78.4800000  12.9999988  12.9999988  
78.4900000  12.9999988  12.9999988  
78.5000000  12.9999987  12.9999987  
78.5100000  12.9999987  12.9999987  
78.5200000  12.9999986  12.9999986  
78.5300000  12.9999986  12.9999986  
78.5400000  12.9999985  12.9999985  
78.5500000  12.9999985  12.9999985  
78.5600000  12.9999984  12.9999984  
78.5700000  12.9999984  12.9999984  
78.5800000  12.9999983  12.9999983  
78.5900000  12.9999983  12.9999983  
78.6000000  12.9999982  12.9999982  
78.6100000  12.9999982  12.9999982  
78.6200000  12.9999981  12.9999981  
78.6300000  12.9999981  12.9999981  
78.6400000  12.9999980  12.9999980  
78.6500000  12.9999980  12.9999980  
78.6600000  12.9999980  12.9999980  
78.6700000  12.9999979  12.9999979  
78.6800000  12.9999979  12.9999979  
78.6900000  12.9999978  12.9999978  
78.7000000  12.9999978  12.9999978  
78.7100000  12.9999978  12.9999978  
78.7200000  12.9999977  12.9999977  
78.7300000  12.9999977  12.9999977  
78.7400000  12.9999977  12.9999977  
78.7500000  12.9999976  12.9999976  
78.7600000  12.9999976  12.9999976  
78.7700000  12.9999976  12.9999976  
78.7800000  12.9999975  12.9999975  
78.7900000  12.9999975  12.9999975  
78.8000000  12.9999975  12.9999975  
78.8100000  12.9999974  12.9999974  
78.8200000  12.9999974  12.9999974  
78.8300000  12.9999974  12.9999974  
78.8400000  12.9999974  12.9999974  
78.8500000  12.9999973  12.9999973  
78.8600000  12.9999973  12.9999973  
78.8700000  12.9999973  12.9999973  
78.8800000  12.9999973  12.9999973  
78.8900000  12.9999972  12.9999972  
78.9000000  12.9999972  12.9999972  
78.9100000  12.9999972  12.9999972  
78.9200000  12.9999972  12.9999972  
78.9300000  12.9999972  12.9999972  
78.9400000  12.9999971  12.9999971  
78.9500000  12.9999971  12.9999971  
78.9600000  12.9999971  12.9999971  
78.9700000  12.9999971  12.9999971  
78.9800000  12.9999971  12.9999971  
78.9900000  12.9999971  12.9999971  
79.0000000  12.9999971  12.9999971  
79.0100000  12.9999971  12.9999971  
79.0200000  12.9999970  12.9999970  
79.0300000  12.9999970  12.9999970  
79.0400000  12.9999970  12.9999970  
79.0500000  12.9999970  12.9999970  
79.0600000  12.9999970  12.9999970  
79.0700000  12.9999970  12.9999970  
79.0800000  12.9999970  12.9999970  
79.0900000  12.9999970  12.9999970  
79.1000000  12.9999970  12.9999970  
79.1100000  12.9999970  12.9999970  
79.1200000  12.9999970  12.9999970  
79.1300000  12.9999970  12.9999970  
79.1400000  12.9999970  12.9999970  
79.1500000  12.9999970  12.9999970  
79.1600000  12.9999970  12.9999970  
79.1700000  12.9999970  12.9999970  
79.1800000  12.9999970  12.9999970  
79.1900000  12.9999970  12.9999970  
79.2000000  12.9999970  12.9999970  
79.2100000  12.9999971  12.9999971  
79.2200000  12.9999971  12.9999971  
79.2300000  12.9999971  12.9999971  
79.2400000  12.9999971  12.9999971  
79.2500000  12.9999971  12.9999971  
79.2600000  12.9999971  12.9999971  
79.2700000  12.9999971  12.9999971  
79.2800000  12.9999971  12.9999971  
79.2900000  12.9999972  12.9999972  
79.3000000  12.9999972  12.9999972  
79.3100000  12.9999972  12.9999972  
79.3200000  12.9999972  12.9999972  
79.3300000  12.9999972  12.9999972  
79.3400000  12.9999972  12.9999972  
79.3500000  12.9999973  12.9999973  
79.3600000  12.9999973  12.9999973  
79.3700000  12.9999973  12.9999973  
79.3800000  12.9999973  12.9999973  
79.3900000  12.9999974  12.9999974  
79.4000000  12.9999974  12.9999974  
79.4100000  12.9999974  12.9999974  
79.4200000  12.9999974  12.9999974  
79.4300000  12.9999975  12.9999975  
79.4400000  12.9999975  12.9999975  
79.4500000  12.9999975  12.9999975  
79.4600000  12.9999975  12.9999975  
79.4700000  12.9999976  12.9999976  
79.4800000  12.9999976  12.9999976  
79.4900000  12.9999976  12.9999976  
79.5000000  12.9999977  12.9999977  
79.5100000  12.9999977  12.9999977  
79.5200000  12.9999977  12.9999977  
79.5300000  12.9999978  12.9999978  
79.5400000  12.9999978  12.9999978  
79.5500000  12.9999978  12.9999978  
79.5600000  12.9999979  12.9999979  
79.5700000  12.9999979  12.9999979  
79.5800000  12.9999979  12.9999979  
79.5900000  12.9999980  12.9999980  
79.6000000  12.9999980  12.9999980  
79.6100000  12.9999981  12.9999981  
79.6200000  12.9999981  12.9999981  
79.6300000  12.9999981  12.9999981  
79.6400000  12.9999982  12.9999982  
79.6500000  12.9999982  12.9999982  
79.6600000  12.9999983  12.9999983  
79.6700000  12.9999983  12.9999983  
79.6800000  12.9999983  12.9999983  
79.6900000  12.9999984  12.9999984  
79.7000000  12.9999984  12.9999984  
79.7100000  12.9999985  12.9999985  
79.7200000  12.9999985  12.9999985  
79.7300000  12.9999985  12.9999985  
79.7400000  12.9999986  12.9999986  
79.7500000  12.9999986  12.9999986  
79.7600000  12.9999987  12.9999987  
79.7700000  12.9999987  12.9999987  
79.7800000  12.9999988  12.9999988  
79.7900000  12.9999988  12.9999988  
79.8000000  12.9999989  12.9999989  
79.8100000  12.9999989  12.9999989  
79.8200000  12.9999989  12.9999989  
79.8300000  12.9999990  12.9999990  
79.8400000  12.9999990  12.9999990  
79.8500000  12.9999991  12.9999991  
79.8600000  12.9999991  12.9999991  
79.8700000  12.9999992  12.9999992  
79.8800000  12.9999992  12.9999992  
79.8900000  12.9999993  12.9999993  
79.9000000  12.9999993  12.9999993  
79.9100000  12.9999994  12.9999994  
79.9200000  12.9999994  12.9999994  
79.9300000  12.9999994  12.9999994  
79.9400000  12.9999995  12.9999995  
79.9500000  12.9999995  12.9999995  
79.9600000  12.9999996  12.9999996  
79.9700000  12.9999996  12.9999996  
79.9800000  12.9999997  12.9999997  
79.9900000  12.9999997  12.9999997  
80.0000000  12.9999998  12.9999998  
80.0100000  12.9999998  12.9999998  
80.0200000  12.9999999  12.9999999  
80.0300000  12.9999999  12.9999999  
80.0400000  13.0000000  13.0000000  
80.0500000  13.0000000  13.0000000  
80.0600000  13.0000000  13.0000000  
80.0700000  13.0000001  13.0000001  
80.0800000  13.0000001  13.0000001  
80.0900000  13.0000002  13.0000002  
80.1000000  13.0000002  13.0000002  
80.1100000  13.0000003  13.0000003  
80.1200000  13.0000003  13.0000003  
80.1300000  13.0000004  13.0000004  
80.1400000  13.0000004  13.0000004  
80.1500000  13.0000004  13.0000004  
80.1600000  13.0000005  13.0000005  
80.1700000  13.0000005  13.0000005  
80.1800000  13.0000006  13.0000006  
80.1900000  13.0000006  13.0000006  
80.2000000  13.0000007  13.0000007  
80.2100000  13.0000007  13.0000007  
80.2200000  13.0000007  13.0000007  
80.2300000  13.0000008  13.0000008  
80.2400000  13.0000008  13.0000008  
80.2500000  13.0000009  13.0000009  
80.2600000  13.0000009  13.0000009  
80.2700000  13.0000009  13.0000009  
80.2800000  13.0000010  13.0000010  
80.2900000  13.0000010  13.0000010  
80.3000000  13.0000010  13.0000010  
80.3100000  13.0000011  13.0000011  
80.3200000  13.0000011  13.0000011  
80.3300000  13.0000012  13.0000012  
80.3400000  13.0000012  13.0000012  
80.3500000  13.0000012  13.0000012  
80.3600000  13.0000013  13.0000013  
80.3700000  13.0000013  13.0000013  
80.3800000  13.0000013  13.0000013  
80.3900000  13.0000014  13.0000014  
80.4000000  13.0000014  13.0000014  
80.4100000  13.0000014  13.0000014  
80.4200000  13.0000015  13.0000015  
80.4300000  13.0000015  13.0000015  
80.4400000  13.0000015  13.0000015  
80.4500000  13.0000015  13.0000015  
80.4600000  13.0000016  13.0000016  
80.4700000  13.0000016  13.0000016  
80.4800000  13.0000016  13.0000016  
80.4900000  13.0000017  13.0000017  
80.5000000  13.0000017  13.0000017  
80.5100000  13.0000017  13.0000017  
80.5200000  13.0000017  13.0000017  
80.5300000  13.0000018  13.0000018  
80.5400000  13.0000018  13.0000018  
80.5500000  13.0000018  13.0000018  
80.5600000  13.0000018  13.0000018  
80.5700000  13.0000019  13.0000019  
80.5800000  13.0000019  13.0000019  
80.5900000  13.0000019  13.0000019  
80.6000000  13.0000019  13.0000019  
80.6100000  13.0000019  13.0000019  
80.6200000  13.0000019  13.0000019  
80.6300000  13.0000020  13.0000020  
80.6400000  13.0000020  13.0000020  
80.6500000  13.0000020  13.0000020  
80.6600000  13.0000020  13.0000020  
80.6700000  13.0000020  13.0000020  
80.6800000  13.0000020  13.0000020  
80.6900000  13.0000021  13.0000021  
80.7000000  13.0000021  13.0000021  
80.7100000  13.0000021  13.0000021  
80.7200000  13.0000021  13.0000021  
80.7300000  13.0000021  13.0000021  
80.7400000  13.0000021  13.0000021  
80.7500000  13.0000021  13.0000021  
80.7600000  13.0000021  13.0000021  
80.7700000  13.0000021  13.0000021  
80.7800000  13.0000021  13.0000021  
80.7900000  13.0000021  13.0000021  
80.8000000  13.0000022  13.0000022  
80.8100000  13.0000022  13.0000022  
80.8200000  13.0000022  13.0000022  
80.8300000  13.0000022  13.0000022  
80.8400000  13.0000022  13.0000022  
80.8500000  13.0000022  13.0000022  
80.8600000  13.0000022  13.0000022  
80.8700000  13.0000022  13.0000022  
80.8800000  13.0000022  13.0000022  
80.8900000  13.0000022  13.0000022  
80.9000000  13.0000022  13.0000022  
80.9100000  13.0000022  13.0000022  
80.9200000  13.0000022  13.0000022  
80.9300000  13.0000022  13.0000022  
80.9400000  13.0000022  13.0000022  
80.9500000  13.0000021  13.0000021  
80.9600000  13.0000021  13.0000021  
80.9700000  13.0000021  13.0000021  
80.9800000  13.0000021  13.0000021  
80.9900000  13.0000021  13.0000021  
81.0000000  13.0000021  13.0000021  
81.0100000  13.0000021  13.0000021  
81.0200000  13.0000021  13.0000021  
81.0300000  13.0000021  13.0000021  
81.0400000  13.0000021  13.0000021  
81.0500000  13.0000021  13.0000021  
81.0600000  13.0000020  13.0000020  
81.0700000  13.0000020  13.0000020  
81.0800000  13.0000020  13.0000020  
81.0900000  13.0000020  13.0000020  
81.1000000  13.0000020  13.0000020  
81.1100000  13.0000020  13.0000020  
81.1200000  13.0000020  13.0000020  
81.1300000  13.0000019  13.0000019  
81.1400000  13.0000019  13.0000019  
81.1500000  13.0000019  13.0000019  
81.1600000  13.0000019  13.0000019  
81.1700000  13.0000019  13.0000019  
81.1800000  13.0000018  13.0000018  
81.1900000  13.0000018  13.0000018  
81.2000000  13.0000018  13.0000018  
81.2100000  13.0000018  13.0000018  
81.2200000  13.0000018  13.0000018  
81.2300000  13.0000017  13.0000017  
81.2400000  13.0000017  13.0000017  
81.2500000  13.0000017  13.0000017  
81.2600000  13.0000017  13.0000017  
81.2700000  13.0000016  13.0000016  
81.2800000  13.0000016  13.0000016  
81.2900000  13.0000016  13.0000016  
81.3000000  13.0000016  13.0000016  
81.3100000  13.0000015  13.0000015  
81.3200000  13.0000015  13.0000015  
81.3300000  13.0000015  13.0000015  
81.3400000  13.0000015  13.0000015  
81.3500000  13.0000014  13.0000014  
81.3600000  13.0000014  13.0000014  
81.3700000  13.0000014  13.0000014  
81.3800000  13.0000013  13.0000013  
81.3900000  13.0000013  13.0000013  
81.4000000  13.0000013  13.0000013  
81.4100000  13.0000013  13.0000013  
81.4200000  13.0000012  13.0000012  
81.4300000  13.0000012  13.0000012  
81.4400000  13.0000012  13.0000012  
81.4500000  13.0000011  13.0000011  
81.4600000  13.0000011  13.0000011  
81.4700000  13.0000011  13.0000011  
81.4800000  13.0000010  13.0000010  
81.4900000  13.0000010  13.0000010  
81.5000000  13.0000010  13.0000010  
81.5100000  13.0000009  13.0000009  
81.5200000  13.0000009  13.0000009  
81.5300000  13.0000009  13.0000009  
81.5400000  13.0000008  13.0000008  
81.5500000  13.0000008  13.0000008  
81.5600000  13.0000008  13.0000008  
81.5700000  13.0000007  13.0000007  
81.5800000  13.0000007  13.0000007  
81.5900000  13.0000007  13.0000007  
81.6000000  13.0000006  13.0000006  
81.6100000  13.0000006  13.0000006  
81.6200000  13.0000006  13.0000006  
81.6300000  13.0000005  13.0000005  
81.6400000  13.0000005  13.0000005  
81.6500000  13.0000005  13.0000005  
81.6600000  13.0000004  13.0000004  
81.6700000  13.0000004  13.0000004  
81.6800000  13.0000004  13.0000004  
81.6900000  13.0000003  13.0000003  
81.7000000  13.0000003  13.0000003  
81.7100000  13.0000002  13.0000002  
81.7200000  13.0000002  13.0000002  
81.7300000  13.0000002  13.0000002  
81.7400000  13.0000001  13.0000001  
81.7500000  13.0000001  13.0000001  
81.7600000  13.0000001  13.0000001  
81.7700000  13.0000000  13.0000000  
81.7800000  13.0000000  13.0000000  
81.7900000  13.0000000  13.0000000  
81.8000000  12.9999999  12.9999999  
81.8100000  12.9999999  12.9999999  
81.8200000  12.9999999  12.9999999  
81.8300000  12.9999998  12.9999998  
81.8400000  12.9999998  12.9999998  
81.8500000  12.9999998  12.9999998  
81.8600000  12.9999997  12.9999997  
81.8700000  12.9999997  12.9999997  
81.8800000  12.9999997  12.9999997  
81.8900000  12.9999996  12.9999996  
81.9000000  12.9999996  12.9999996  
81.9100000  12.9999996  12.9999996  
81.9200000  12.9999995  12.9999995  
81.9300000  12.9999995  12.9999995  
81.9400000  12.9999995  12.9999995  
81.9500000  12.9999994  12.9999994  
81.9600000  12.9999994  12.9999994  
81.9700000  12.9999994  12.9999994  
81.9800000  12.9999993  12.9999993  
81.9900000  12.9999993  12.9999993  
82.0000000  12.9999993  12.9999993  
82.0100000  12.9999993  12.9999993  
82.0200000  12.9999992  12.9999992  
82.0300000  12.9999992  12.9999992  
82.0400000  12.9999992  12.9999992  
82.0500000  12.9999991  12.9999991  
82.0600000  12.9999991  12.9999991  
82.0700000  12.9999991  12.9999991  
82.0800000  12.9999991  12.9999991  
82.0900000  12.9999990  12.9999990  
82.1000000  12.9999990  12.9999990  
82.1100000  12.9999990  12.9999990  
82.1200000  12.9999990  12.9999990  
82.1300000  12.9999989  12.9999989  
82.1400000  12.9999989  12.9999989  
82.1500000  12.9999989  12.9999989  
82.1600000  12.9999989  12.9999989  
82.1700000  12.9999988  12.9999988  
82.1800000  12.9999988  12.9999988  
82.1900000  12.9999988  12.9999988  
82.2000000  12.9999988  12.9999988  
82.2100000  12.9999987  12.9999987  
82.2200000  12.9999987  12.9999987  
82.2300000  12.9999987  12.9999987  
82.2400000  12.9999987  12.9999987  
82.2500000  12.9999987  12.9999987  
82.2600000  12.9999986  12.9999986  
82.2700000  12.9999986  12.9999986  
82.2800000  12.9999986  12.9999986  
82.2900000  12.9999986  12.9999986  
82.3000000  12.9999986  12.9999986  
82.3100000  12.9999985  12.9999985  
82.3200000  12.9999985  12.9999985  
82.3300000  12.9999985  12.9999985  
82.3400000  12.9999985  12.9999985  
82.3500000  12.9999985  12.9999985  
82.3600000  12.9999985  12.9999985  
82.3700000  12.9999985  12.9999985  
82.3800000  12.9999984  12.9999984  
82.3900000  12.9999984  12.9999984  
82.4000000  12.9999984  12.9999984  
82.4100000  12.9999984  12.9999984  
82.4200000  12.9999984  12.9999984  
82.4300000  12.9999984  12.9999984  
82.4400000  12.9999984  12.9999984  
82.4500000  12.9999984  12.9999984  
82.4600000  12.9999984  12.9999984  
82.4700000  12.9999983  12.9999983  
82.4800000  12.9999983  12.9999983  
82.4900000  12.9999983  12.9999983  
82.5000000  12.9999983  12.9999983  
82.5100000  12.9999983  12.9999983  
82.5200000  12.9999983  12.9999983  
82.5300000  12.9999983  12.9999983  
82.5400000  12.9999983  12.9999983  
82.5500000  12.9999983  12.9999983  
82.5600000  12.9999983  12.9999983  
82.5700000  12.9999983  12.9999983  
82.5800000  12.9999983  12.9999983  
82.5900000  12.9999983  12.9999983  
82.6000000  12.9999983  12.9999983  
82.6100000  12.9999983  12.9999983  
82.6200000  12.9999983  12.9999983  
82.6300000  12.9999983  12.9999983  
82.6400000  12.9999983  12.9999983  
82.6500000  12.9999983  12.9999983  
82.6600000  12.9999983  12.9999983  
82.6700000  12.9999983  12.9999983  
82.6800000  12.9999983  12.9999983  
82.6900000  12.9999983  12.9999983  
82.7000000  12.9999983  12.9999983  
82.7100000  12.9999983  12.9999983  
82.7200000  12.9999983  12.9999983  
82.7300000  12.9999983  12.9999983  
82.7400000  12.9999983  12.9999983  
82.7500000  12.9999983  12.9999983  
82.7600000  12.9999983  12.9999983  
82.7700000  12.9999983  12.9999983  
82.7800000  12.9999983  12.9999983  
82.7900000  12.9999983  12.9999983  
82.8000000  12.9999984  12.9999984  
82.8100000  12.9999984  12.9999984  
82.8200000  12.9999984  12.9999984  
82.8300000  12.9999984  12.9999984  
82.8400000  12.9999984  12.9999984  
82.8500000  12.9999984  12.9999984  
82.8600000  12.9999984  12.9999984  
82.8700000  12.9999984  12.9999984  
82.8800000  12.9999984  12.9999984  
82.8900000  12.9999985  12.9999985  
82.9000000  12.9999985  12.9999985  
82.9100000  12.9999985  12.9999985  
82.9200000  12.9999985  12.9999985  
82.9300000  12.9999985  12.9999985  
82.9400000  12.9999985  12.9999985  
82.9500000  12.9999985  12.9999985  
82.9600000  12.9999986  12.9999986  
82.9700000  12.9999986  12.9999986  
82.9800000  12.9999986  12.9999986  
82.9900000  12.9999986  12.9999986  
83.0000000  12.9999986  12.9999986  
83.0100000  12.9999986  12.9999986  
83.0200000  12.9999987  12.9999987  
83.0300000  12.9999987  12.9999987  
83.0400000  12.9999987  12.9999987  
83.0500000  12.9999987  12.9999987  
83.0600000  12.9999987  12.9999987  
83.0700000  12.9999988  12.9999988  
83.0800000  12.9999988  12.9999988  
83.0900000  12.9999988  12.9999988  
83.1000000  12.9999988  12.9999988  
83.1100000  12.9999988  12.9999988  
83.1200000  12.9999989  12.9999989  
83.1300000  12.9999989  12.9999989  
83.1400000  12.9999989  12.9999989  
83.1500000  12.9999989  12.9999989  
83.1600000  12.9999990  12.9999990  
83.1700000  12.9999990  12.9999990  
83.1800000  12.9999990  12.9999990  
83.1900000  12.9999990  12.9999990  
83.2000000  12.9999990  12.9999990  
83.2100000  12.9999991  12.9999991  
83.2200000  12.9999991  12.9999991  
83.2300000  12.9999991  12.9999991  
83.2400000  12.9999991  12.9999991  
83.2500000  12.9999992  12.9999992  
83.2600000  12.9999992  12.9999992  
83.2700000  12.9999992  12.9999992  
83.2800000  12.9999992  12.9999992  
83.2900000  12.9999993  12.9999993  
83.3000000  12.9999993  12.9999993  
83.3100000  12.9999993  12.9999993  
83.3200000  12.9999993  12.9999993  
83.3300000  12.9999994  12.9999994  
83.3400000  12.9999994  12.9999994  
83.3500000  12.9999994  12.9999994  
83.3600000  12.9999994  12.9999994  
83.3700000  12.9999995  12.9999995  
83.3800000  12.9999995  12.9999995  
83.3900000  12.9999995  12.9999995  
83.4000000  12.9999995  12.9999995  
83.4100000  12.9999996  12.9999996  
83.4200000  12.9999996  12.9999996  
83.4300000  12.9999996  12.9999996  
83.4400000  12.9999997  12.9999997  
83.4500000  12.9999997  12.9999997  
83.4600000  12.9999997  12.9999997  
83.4700000  12.9999997  12.9999997  
83.4800000  12.9999998  12.9999998  
83.4900000  12.9999998  12.9999998  
83.5000000  12.9999998  12.9999998  
83.5100000  12.9999998  12.9999998  
83.5200000  12.9999999  12.9999999  
83.5300000  12.9999999  12.9999999  
83.5400000  12.9999999  12.9999999  
83.5500000  12.9999999  12.9999999  
83.5600000  13.0000000  13.0000000  
83.5700000  13.0000000  13.0000000  
83.5800000  13.0000000  13.0000000  
83.5900000  13.0000000  13.0000000  
83.6000000  13.0000001  13.0000001  
83.6100000  13.0000001  13.0000001  
83.6200000  13.0000001  13.0000001  
83.6300000  13.0000001  13.0000001  
83.6400000  13.0000002  13.0000002  
83.6500000  13.0000002  13.0000002  
83.6600000  13.0000002  13.0000002  
83.6700000  13.0000002  13.0000002  
83.6800000  13.0000003  13.0000003  
83.6900000  13.0000003  13.0000003  
83.7000000  13.0000003  13.0000003  
83.7100000  13.0000003  13.0000003  
83.7200000  13.0000004  13.0000004  
83.7300000  13.0000004  13.0000004  
83.7400000  13.0000004  13.0000004  
83.7500000  13.0000004  13.0000004  
83.7600000  13.0000005  13.0000005  
83.7700000  13.0000005  13.0000005  
83.7800000  13.0000005  13.0000005  
83.7900000  13.0000005  13.0000005  
83.8000000  13.0000005  13.0000005  
83.8100000  13.0000006  13.0000006  
83.8200000  13.0000006  13.0000006  
83.8300000  13.0000006  13.0000006  
83.8400000  13.0000006  13.0000006  
83.8500000  13.0000006  13.0000006  
83.8600000  13.0000007  13.0000007  
83.8700000  13.0000007  13.0000007  
83.8800000  13.0000007  13.0000007  
83.8900000  13.0000007  13.0000007  
83.9000000  13.0000007  13.0000007  
83.9100000  13.0000008  13.0000008  
83.9200000  13.0000008  13.0000008  
83.9300000  13.0000008  13.0000008  
83.9400000  13.0000008  13.0000008  
83.9500000  13.0000008  13.0000008  
83.9600000  13.0000008  13.0000008  
83.9700000  13.0000009  13.0000009  
83.9800000  13.0000009  13.0000009  
83.9900000  13.0000009  13.0000009  
84.0000000  13.0000009  13.0000009  
84.0100000  13.0000009  13.0000009  
84.0200000  13.0000009  13.0000009  
84.0300000  13.0000010  13.0000010  
84.0400000  13.0000010  13.0000010  
84.0500000  13.0000010  13.0000010  
84.0600000  13.0000010  13.0000010  
84.0700000  13.0000010  13.0000010  
84.0800000  13.0000010  13.0000010  
84.0900000  13.0000010  13.0000010  
84.1000000  13.0000010  13.0000010  
84.1100000  13.0000011  13.0000011  
84.1200000  13.0000011  13.0000011  
84.1300000  13.0000011  13.0000011  
84.1400000  13.0000011  13.0000011  
84.1500000  13.0000011  13.0000011  
84.1600000  13.0000011  13.0000011  
84.1700000  13.0000011  13.0000011  
84.1800000  13.0000011  13.0000011  
84.1900000  13.0000011  13.0000011  
84.2000000  13.0000011  13.0000011  
84.2100000  13.0000011  13.0000011  
84.2200000  13.0000012  13.0000012  
84.2300000  13.0000012  13.0000012  
84.2400000  13.0000012  13.0000012  
84.2500000  13.0000012  13.0000012  
84.2600000  13.0000012  13.0000012  
84.2700000  13.0000012  13.0000012  
84.2800000  13.0000012  13.0000012  
84.2900000  13.0000012  13.0000012  
84.3000000  13.0000012  13.0000012  
84.3100000  13.0000012  13.0000012  
84.3200000  13.0000012  13.0000012  
84.3300000  13.0000012  13.0000012  
84.3400000  13.0000012  13.0000012  
84.3500000  13.0000012  13.0000012  
84.3600000  13.0000012  13.0000012  
84.3700000  13.0000012  13.0000012  
84.3800000  13.0000012  13.0000012  
84.3900000  13.0000012  13.0000012  
84.4000000  13.0000012  13.0000012  
84.4100000  13.0000012  13.0000012  
84.4200000  13.0000012  13.0000012  
84.4300000  13.0000012  13.0000012  
84.4400000  13.0000012  13.0000012  
84.4500000  13.0000012  13.0000012  
84.4600000  13.0000012  13.0000012  
84.4700000  13.0000012  13.0000012  
84.4800000  13.0000012  13.0000012  
84.4900000  13.0000012  13.0000012  
84.5000000  13.0000012  13.0000012  
84.5100000  13.0000012  13.0000012  
84.5200000  13.0000012  13.0000012  
84.5300000  13.0000012  13.0000012  
84.5400000  13.0000012  13.0000012  
84.5500000  13.0000012  13.0000012  
84.5600000  13.0000011  13.0000011  
84.5700000  13.0000011  13.0000011  
84.5800000  13.0000011  13.0000011  
84.5900000  13.0000011  13.0000011  
84.6000000  13.0000011  13.0000011  
84.6100000  13.0000011  13.0000011  
84.6200000  13.0000011  13.0000011  
84.6300000  13.0000011  13.0000011  
84.6400000  13.0000011  13.0000011  
84.6500000  13.0000011  13.0000011  
84.6600000  13.0000011  13.0000011  
84.6700000  13.0000011  13.0000011  
84.6800000  13.0000010  13.0000010  
84.6900000  13.0000010  13.0000010  
84.7000000  13.0000010  13.0000010  
84.7100000  13.0000010  13.0000010  
84.7200000  13.0000010  13.0000010  
84.7300000  13.0000010  13.0000010  
84.7400000  13.0000010  13.0000010  
84.7500000  13.0000010  13.0000010  
84.7600000  13.0000009  13.0000009  
84.7700000  13.0000009  13.0000009  
84.7800000  13.0000009  13.0000009  
84.7900000  13.0000009  13.0000009  
84.8000000  13.0000009  13.0000009  
84.8100000  13.0000009  13.0000009  
84.8200000  13.0000009  13.0000009  
84.8300000  13.0000008  13.0000008  
84.8400000  13.0000008  13.0000008  
84.8500000  13.0000008  13.0000008  
84.8600000  13.0000008  13.0000008  
84.8700000  13.0000008  13.0000008  
84.8800000  13.0000008  13.0000008  
84.8900000  13.0000007  13.0000007  
84.9000000  13.0000007  13.0000007  
84.9100000  13.0000007  13.0000007  
84.9200000  13.0000007  13.0000007  
84.9300000  13.0000007  13.0000007  
84.9400000  13.0000007  13.0000007  
84.9500000  13.0000006  13.0000006  
84.9600000  13.0000006  13.0000006  
84.9700000  13.0000006  13.0000006  
84.9800000  13.0000006  13.0000006  
84.9900000  13.0000006  13.0000006  
85.0000000  13.0000006  13.0000006  
85.0100000  13.0000005  13.0000005  
85.0200000  13.0000005  13.0000005  
85.0300000  13.0000005  13.0000005  
85.0400000  13.0000005  13.0000005  
85.0500000  13.0000005  13.0000005  
85.0600000  13.0000004  13.0000004  
85.0700000  13.0000004  13.0000004  
85.0800000  13.0000004  13.0000004  
85.0900000  13.0000004  13.0000004  
85.1000000  13.0000004  13.0000004  
85.1100000  13.0000003  13.0000003  
85.1200000  13.0000003  13.0000003  
85.1300000  13.0000003  13.0000003  
85.1400000  13.0000003  13.0000003  
85.1500000  13.0000003  13.0000003  
85.1600000  13.0000003  13.0000003  
85.1700000  13.0000002  13.0000002  
85.1800000  13.0000002  13.0000002  
85.1900000  13.0000002  13.0000002  
85.2000000  13.0000002  13.0000002  
85.2100000  13.0000002  13.0000002  
85.2200000  13.0000001  13.0000001  
85.2300000  13.0000001  13.0000001  
85.2400000  13.0000001  13.0000001  
85.2500000  13.0000001  13.0000001  
85.2600000  13.0000001  13.0000001  
85.2700000  13.0000000  13.0000000  
85.2800000  13.0000000  13.0000000  
85.2900000  13.0000000  13.0000000  
85.3000000  13.0000000  13.0000000  
85.3100000  13.0000000  13.0000000  
85.3200000  12.9999999  12.9999999  
85.3300000  12.9999999  12.9999999  
85.3400000  12.9999999  12.9999999  
85.3500000  12.9999999  12.9999999  
85.3600000  12.9999999  12.9999999  
85.3700000  12.9999998  12.9999998  
85.3800000  12.9999998  12.9999998  
85.3900000  12.9999998  12.9999998  
85.4000000  12.9999998  12.9999998  
85.4100000  12.9999998  12.9999998  
85.4200000  12.9999997  12.9999997  
85.4300000  12.9999997  12.9999997  
85.4400000  12.9999997  12.9999997  
85.4500000  12.9999997  12.9999997  
85.4600000  12.9999997  12.9999997  
85.4700000  12.9999997  12.9999997  
85.4800000  12.9999996  12.9999996  
85.4900000  12.9999996  12.9999996  
85.5000000  12.9999996  12.9999996  
85.5100000  12.9999996  12.9999996  
85.5200000  12.9999996  12.9999996  
85.5300000  12.9999996  12.9999996  
85.5400000  12.9999995  12.9999995  
85.5500000  12.9999995  12.9999995  
85.5600000  12.9999995  12.9999995  
85.5700000  12.9999995  12.9999995  
85.5800000  12.9999995  12.9999995  
85.5900000  12.9999995  12.9999995  
85.6000000  12.9999994  12.9999994  
85.6100000  12.9999994  12.9999994  
85.6200000  12.9999994  12.9999994  
85.6300000  12.9999994  12.9999994  
85.6400000  12.9999994  12.9999994  
85.6500000  12.9999994  12.9999994  
85.6600000  12.9999993  12.9999993  
85.6700000  12.9999993  12.9999993  
85.6800000  12.9999993  12.9999993  
85.6900000  12.9999993  12.9999993  
85.7000000  12.9999993  12.9999993  
85.7100000  12.9999993  12.9999993  
85.7200000  12.9999993  12.9999993  
85.7300000  12.9999993  12.9999993  
85.7400000  12.9999992  12.9999992  
85.7500000  12.9999992  12.9999992  
85.7600000  12.9999992  12.9999992  
85.7700000  12.9999992  12.9999992  
85.7800000  12.9999992  12.9999992  
85.7900000  12.9999992  12.9999992  
85.8000000  12.9999992  12.9999992  
85.8100000  12.9999992  12.9999992  
85.8200000  12.9999992  12.9999992  
85.8300000  12.9999991  12.9999991  
85.8400000  12.9999991  12.9999991  
85.8500000  12.9999991  12.9999991  
85.8600000  12.9999991  12.9999991  
85.8700000  12.9999991  12.9999991  
85.8800000  12.9999991  12.9999991  
85.8900000  12.9999991  12.9999991  
85.9000000  12.9999991  12.9999991  
85.9100000  12.9999991  12.9999991  
85.9200000  12.9999991  12.9999991  
85.9300000  12.9999991  12.9999991  
85.9400000  12.9999991  12.9999991  
85.9500000  12.9999991  12.9999991  
85.9600000  12.9999991  12.9999991  
85.9700000  12.9999990  12.9999990  
85.9800000  12.9999990  12.9999990  
85.9900000  12.9999990  12.9999990  
86.0000000  12.9999990  12.9999990  
86.0100000  12.9999990  12.9999990  
86.0200000  12.9999990  12.9999990  
86.0300000  12.9999990  12.9999990  
86.0400000  12.9999990  12.9999990  
86.0500000  12.9999990  12.9999990  
86.0600000  12.9999990  12.9999990  
86.0700000  12.9999990  12.9999990  
86.0800000  12.9999990  12.9999990  
86.0900000  12.9999990  12.9999990  
86.1000000  12.9999990  12.9999990  
86.1100000  12.9999990  12.9999990  
86.1200000  12.9999990  12.9999990  
86.1300000  12.9999990  12.9999990  
86.1400000  12.9999990  12.9999990  
86.1500000  12.9999990  12.9999990  
86.1600000  12.9999990  12.9999990  
86.1700000  12.9999990  12.9999990  
86.1800000  12.9999990  12.9999990  
86.1900000  12.9999990  12.9999990  
86.2000000  12.9999990  12.9999990  
86.2100000  12.9999990  12.9999990  
86.2200000  12.9999990  12.9999990  
86.2300000  12.9999990  12.9999990  
86.2400000  12.9999990  12.9999990  
86.2500000  12.9999990  12.9999990  
86.2600000  12.9999990  12.9999990  
86.2700000  12.9999990  12.9999990  
86.2800000  12.9999990  12.9999990  
86.2900000  12.9999990  12.9999990  
86.3000000  12.9999990  12.9999990  
86.3100000  12.9999990  12.9999990  
86.3200000  12.9999990  12.9999990  
86.3300000  12.9999991  12.9999991  
86.3400000  12.9999991  12.9999991  
86.3500000  12.9999991  12.9999991  
86.3600000  12.9999991  12.9999991  
86.3700000  12.9999991  12.9999991  
86.3800000  12.9999991  12.9999991  
86.3900000  12.9999991  12.9999991  
86.4000000  12.9999991  12.9999991  
86.4100000  12.9999991  12.9999991  
86.4200000  12.9999991  12.9999991  
86.4300000  12.9999991  12.9999991  
86.4400000  12.9999991  12.9999991  
86.4500000  12.9999991  12.9999991  
86.4600000  12.9999991  12.9999991  
86.4700000  12.9999992  12.9999992  
86.4800000  12.9999992  12.9999992  
86.4900000  12.9999992  12.9999992  
86.5000000  12.9999992  12.9999992  
86.5100000  12.9999992  12.9999992  
86.5200000  12.9999992  12.9999992  
86.5300000  12.9999992  12.9999992  
86.5400000  12.9999992  12.9999992  
86.5500000  12.9999992  12.9999992  
86.5600000  12.9999992  12.9999992  
86.5700000  12.9999993  12.9999993  
86.5800000  12.9999993  12.9999993  
86.5900000  12.9999993  12.9999993  
86.6000000  12.9999993  12.9999993  
86.6100000  12.9999993  12.9999993  
86.6200000  12.9999993  12.9999993  
86.6300000  12.9999993  12.9999993  
86.6400000  12.9999993  12.9999993  
86.6500000  12.9999994  12.9999994  
86.6600000  12.9999994  12.9999994  
86.6700000  12.9999994  12.9999994  
86.6800000  12.9999994  12.9999994  
86.6900000  12.9999994  12.9999994  
86.7000000  12.9999994  12.9999994  
86.7100000  12.9999994  12.9999994  
86.7200000  12.9999994  12.9999994  
86.7300000  12.9999995  12.9999995  
86.7400000  12.9999995  12.9999995  
86.7500000  12.9999995  12.9999995  
86.7600000  12.9999995  12.9999995  
86.7700000  12.9999995  12.9999995  
86.7800000  12.9999995  12.9999995  
86.7900000  12.9999995  12.9999995  
86.8000000  12.9999996  12.9999996  
86.8100000  12.9999996  12.9999996  
86.8200000  12.9999996  12.9999996  
86.8300000  12.9999996  12.9999996  
86.8400000  12.9999996  12.9999996  
86.8500000  12.9999996  12.9999996  
86.8600000  12.9999996  12.9999996  
86.8700000  12.9999997  12.9999997  
86.8800000  12.9999997  12.9999997  
86.8900000  12.9999997  12.9999997  
86.9000000  12.9999997  12.9999997  
86.9100000  12.9999997  12.9999997  
86.9200000  12.9999997  12.9999997  
86.9300000  12.9999997  12.9999997  
86.9400000  12.9999998  12.9999998  
86.9500000  12.9999998  12.9999998  
86.9600000  12.9999998  12.9999998  
86.9700000  12.9999998  12.9999998  
86.9800000  12.9999998  12.9999998  
86.9900000  12.9999998  12.9999998  
87.0000000  12.9999998  12.9999998  
87.0100000  12.9999999  12.9999999  
87.0200000  12.9999999  12.9999999  
87.0300000  12.9999999  12.9999999  
87.0400000  12.9999999  12.9999999  
87.0500000  12.9999999  12.9999999  
87.0600000  12.9999999  12.9999999  
87.0700000  12.9999999  12.9999999  
87.0800000  13.0000000  13.0000000  
87.0900000  13.0000000  13.0000000  
87.1000000  13.0000000  13.0000000  
87.1100000  13.0000000  13.0000000  
87.1200000  13.0000000  13.0000000  
87.1300000  13.0000000  13.0000000  
87.1400000  13.0000001  13.0000001  
87.1500000  13.0000001  13.0000001  
87.1600000  13.0000001  13.0000001  
87.1700000  13.0000001  13.0000001  
87.1800000  13.0000001  13.0000001  
87.1900000  13.0000001  13.0000001  
87.2000000  13.0000001  13.0000001  
87.2100000  13.0000001  13.0000001  
87.2200000  13.0000002  13.0000002  
87.2300000  13.0000002  13.0000002  
87.2400000  13.0000002  13.0000002  
87.2500000  13.0000002  13.0000002  
87.2600000  13.0000002  13.0000002  
87.2700000  13.0000002  13.0000002  
87.2800000  13.0000002  13.0000002  
87.2900000  13.0000003  13.0000003  
87.3000000  13.0000003  13.0000003  
87.3100000  13.0000003  13.0000003  
87.3200000  13.0000003  13.0000003  
87.3300000  13.0000003  13.0000003  
87.3400000  13.0000003  13.0000003  
87.3500000  13.0000003  13.0000003  
87.3600000  13.0000003  13.0000003  
87.3700000  13.0000003  13.0000003  
87.3800000  13.0000004  13.0000004  
87.3900000  13.0000004  13.0000004  
87.4000000  13.0000004  13.0000004  
87.4100000  13.0000004  13.0000004  
87.4200000  13.0000004  13.0000004  
87.4300000  13.0000004  13.0000004  
87.4400000  13.0000004  13.0000004  
87.4500000  13.0000004  13.0000004  
87.4600000  13.0000004  13.0000004  
87.4700000  13.0000005  13.0000005  
87.4800000  13.0000005  13.0000005  
87.4900000  13.0000005  13.0000005  
87.5000000  13.0000005  13.0000005  
87.5100000  13.0000005  13.0000005  
87.5200000  13.0000005  13.0000005  
87.5300000  13.0000005  13.0000005  
87.5400000  13.0000005  13.0000005  
87.5500000  13.0000005  13.0000005  
87.5600000  13.0000005  13.0000005  
87.5700000  13.0000005  13.0000005  
87.5800000  13.0000005  13.0000005  
87.5900000  13.0000006  13.0000006  
87.6000000  13.0000006  13.0000006  
87.6100000  13.0000006  13.0000006  
87.6200000  13.0000006  13.0000006  
87.6300000  13.0000006  13.0000006  
87.6400000  13.0000006  13.0000006  
87.6500000  13.0000006  13.0000006  
87.6600000  13.0000006  13.0000006  
87.6700000  13.0000006  13.0000006  
87.6800000  13.0000006  13.0000006  
87.6900000  13.0000006  13.0000006  
87.7000000  13.0000006  13.0000006  
87.7100000  13.0000006  13.0000006  
87.7200000  13.0000006  13.0000006  
87.7300000  13.0000006  13.0000006  
87.7400000  13.0000006  13.0000006  
87.7500000  13.0000006  13.0000006  
87.7600000  13.0000006  13.0000006  
87.7700000  13.0000006  13.0000006  
87.7800000  13.0000006  13.0000006  
87.7900000  13.0000007  13.0000007  
87.8000000  13.0000007  13.0000007  
87.8100000  13.0000007  13.0000007  
87.8200000  13.0000007  13.0000007  
87.8300000  13.0000007  13.0000007  
87.8400000  13.0000007  13.0000007  
87.8500000  13.0000007  13.0000007  
87.8600000  13.0000007  13.0000007  
87.8700000  13.0000007  13.0000007  
87.8800000  13.0000007  13.0000007  
87.8900000  13.0000007  13.0000007  
87.9000000  13.0000007  13.0000007  
87.9100000  13.0000007  13.0000007  
87.9200000  13.0000007  13.0000007  
87.9300000  13.0000007  13.0000007  
87.9400000  13.0000007  13.0000007  
87.9500000  13.0000007  13.0000007  
87.9600000  13.0000007  13.0000007  
87.9700000  13.0000007  13.0000007  
87.9800000  13.0000007  13.0000007  
87.9900000  13.0000007  13.0000007  
88.0000000  13.0000007  13.0000007  
88.0100000  13.0000007  13.0000007  
88.0200000  13.0000006  13.0000006  
88.0300000  13.0000006  13.0000006  
88.0400000  13.0000006  13.0000006  
88.0500000  13.0000006  13.0000006  
88.0600000  13.0000006  13.0000006  
88.0700000  13.0000006  13.0000006  
88.0800000  13.0000006  13.0000006  
88.0900000  13.0000006  13.0000006  
88.1000000  13.0000006  13.0000006  
88.1100000  13.0000006  13.0000006  
88.1200000  13.0000006  13.0000006  
88.1300000  13.0000006  13.0000006  
88.1400000  13.0000006  13.0000006  
88.1500000  13.0000006  13.0000006  
88.1600000  13.0000006  13.0000006  
88.1700000  13.0000006  13.0000006  
88.1800000  13.0000006  13.0000006  
88.1900000  13.0000006  13.0000006  
88.2000000  13.0000006  13.0000006  
88.2100000  13.0000006  13.0000006  
88.2200000  13.0000006  13.0000006  
88.2300000  13.0000005  13.0000005  
88.2400000  13.0000005  13.0000005  
88.2500000  13.0000005  13.0000005  
88.2600000  13.0000005  13.0000005  
88.2700000  13.0000005  13.0000005  
88.2800000  13.0000005  13.0000005  
88.2900000  13.0000005  13.0000005  
88.3000000  13.0000005  13.0000005  
88.3100000  13.0000005  13.0000005  
88.3200000  13.0000005  13.0000005  
88.3300000  13.0000005  13.0000005  
88.3400000  13.0000005  13.0000005  
88.3500000  13.0000005  13.0000005  
88.3600000  13.0000004  13.0000004  
88.3700000  13.0000004  13.0000004  
88.3800000  13.0000004  13.0000004  
88.3900000  13.0000004  13.0000004  
88.4000000  13.0000004  13.0000004  
88.4100000  13.0000004  13.0000004  
88.4200000  13.0000004  13.0000004  
88.4300000  13.0000004  13.0000004  
88.4400000  13.0000004  13.0000004  
88.4500000  13.0000004  13.0000004  
88.4600000  13.0000004  13.0000004  
88.4700000  13.0000003  13.0000003  
88.4800000  13.0000003  13.0000003  
88.4900000  13.0000003  13.0000003  
88.5000000  13.0000003  13.0000003  
88.5100000  13.0000003  13.0000003  
88.5200000  13.0000003  13.0000003  
88.5300000  13.0000003  13.0000003  
88.5400000  13.0000003  13.0000003  
88.5500000  13.0000003  13.0000003  
88.5600000  13.0000002  13.0000002  
88.5700000  13.0000002  13.0000002  
88.5800000  13.0000002  13.0000002  
88.5900000  13.0000002  13.0000002  
88.6000000  13.0000002  13.0000002  
88.6100000  13.0000002  13.0000002  
88.6200000  13.0000002  13.0000002  
88.6300000  13.0000002  13.0000002  
88.6400000  13.0000002  13.0000002  
88.6500000  13.0000001  13.0000001  
88.6600000  13.0000001  13.0000001  
88.6700000  13.0000001  13.0000001  
88.6800000  13.0000001  13.0000001  
88.6900000  13.0000001  13.0000001  
88.7000000  13.0000001  13.0000001  
88.7100000  13.0000001  13.0000001  
88.7200000  13.0000001  13.0000001  
88.7300000  13.0000001  13.0000001  
88.7400000  13.0000000  13.0000000  
88.7500000  13.0000000  13.0000000  
88.7600000  13.0000000  13.0000000  
88.7700000  13.0000000  13.0000000  
88.7800000  13.0000000  13.0000000  
88.7900000  13.0000000  13.0000000  
88.8000000  13.0000000  13.0000000  
88.8100000  13.0000000  13.0000000  
88.8200000  13.0000000  13.0000000  
88.8300000  12.9999999  12.9999999  
88.8400000  12.9999999  12.9999999  
88.8500000  12.9999999  12.9999999  
88.8600000  12.9999999  12.9999999  
88.8700000  12.9999999  12.9999999  
88.8800000  12.9999999  12.9999999  
88.8900000  12.9999999  12.9999999  
88.9000000  12.9999999  12.9999999  
88.9100000  12.9999999  12.9999999  
88.9200000  12.9999999  12.9999999  
88.9300000  12.9999998  12.9999998  
88.9400000  12.9999998  12.9999998  
88.9500000  12.9999998  12.9999998  
88.9600000  12.9999998  12.9999998  
88.9700000  12.9999998  12.9999998  
88.9800000  12.9999998  12.9999998  
88.9900000  12.9999998  12.9999998  
89.0000000  12.9999998  12.9999998  
89.0100000  12.9999998  12.9999998  
89.0200000  12.9999997  12.9999997  
89.0300000  12.9999997  12.9999997  
89.0400000  12.9999997  12.9999997  
89.0500000  12.9999997  12.9999997  
89.0600000  12.9999997  12.9999997  
89.0700000  12.9999997  12.9999997  
89.0800000  12.9999997  12.9999997  
89.0900000  12.9999997  12.9999997  
89.1000000  12.9999997  12.9999997  
89.1100000  12.9999997  12.9999997  
89.1200000  12.9999997  12.9999997  
89.1300000  12.9999996  12.9999996  
89.1400000  12.9999996  12.9999996  
89.1500000  12.9999996  12.9999996  
89.1600000  12.9999996  12.9999996  
89.1700000  12.9999996  12.9999996  
89.1800000  12.9999996  12.9999996  
89.1900000  12.9999996  12.9999996  
89.2000000  12.9999996  12.9999996  
89.2100000  12.9999996  12.9999996  
89.2200000  12.9999996  12.9999996  
89.2300000  12.9999996  12.9999996  
89.2400000  12.9999996  12.9999996  
89.2500000  12.9999996  12.9999996  
89.2600000  12.9999995  12.9999995  
89.2700000  12.9999995  12.9999995  
89.2800000  12.9999995  12.9999995  
89.2900000  12.9999995  12.9999995  
89.3000000  12.9999995  12.9999995  
89.3100000  12.9999995  12.9999995  
89.3200000  12.9999995  12.9999995  
89.3300000  12.9999995  12.9999995  
89.3400000  12.9999995  12.9999995  
89.3500000  12.9999995  12.9999995  
89.3600000  12.9999995  12.9999995  
89.3700000  12.9999995  12.9999995  
89.3800000  12.9999995  12.9999995  
89.3900000  12.9999995  12.9999995  
89.4000000  12.9999995  12.9999995  
89.4100000  12.9999995  12.9999995  
89.4200000  12.9999995  12.9999995  
89.4300000  12.9999995  12.9999995  
89.4400000  12.9999995  12.9999995  
89.4500000  12.9999994  12.9999994  
89.4600000  12.9999994  12.9999994  
89.4700000  12.9999994  12.9999994  
89.4800000  12.9999994  12.9999994  
89.4900000  12.9999994  12.9999994  
89.5000000  12.9999994  12.9999994  
89.5100000  12.9999994  12.9999994  
89.5200000  12.9999994  12.9999994  
89.5300000  12.9999994  12.9999994  
89.5400000  12.9999994  12.9999994  
89.5500000  12.9999994  12.9999994  
89.5600000  12.9999994  12.9999994  
89.5700000  12.9999994  12.9999994  
89.5800000  12.9999994  12.9999994  
89.5900000  12.9999994  12.9999994  
89.6000000  12.9999994  12.9999994  
89.6100000  12.9999994  12.9999994  
89.6200000  12.9999994  12.9999994  
89.6300000  12.9999994  12.9999994  
89.6400000  12.9999994  12.9999994  
89.6500000  12.9999994  12.9999994  
89.6600000  12.9999994  12.9999994  
89.6700000  12.9999994  12.9999994  
89.6800000  12.9999994  12.9999994  
89.6900000  12.9999994  12.9999994  
89.7000000  12.9999994  12.9999994  
89.7100000  12.9999994  12.9999994  
89.7200000  12.9999994  12.9999994  
89.7300000  12.9999994  12.9999994  
89.7400000  12.9999994  12.9999994  
89.7500000  12.9999994  12.9999994  
89.7600000  12.9999994  12.9999994  
89.7700000  12.9999994  12.9999994  
89.7800000  12.9999994  12.9999994  
89.7900000  12.9999994  12.9999994  
89.8000000  12.9999994  12.9999994  
89.8100000  12.9999994  12.9999994  
89.8200000  12.9999994  12.9999994  
89.8300000  12.9999994  12.9999994  
89.8400000  12.9999994  12.9999994  
89.8500000  12.9999994  12.9999994  
89.8600000  12.9999994  12.9999994  
89.8700000  12.9999994  12.9999994  
89.8800000  12.9999995  12.9999995  
89.8900000  12.9999995  12.9999995  
89.9000000  12.9999995  12.9999995  
89.9100000  12.9999995  12.9999995  
89.9200000  12.9999995  12.9999995  
89.9300000  12.9999995  12.9999995  
89.9400000  12.9999995  12.9999995  
89.9500000  12.9999995  12.9999995  
89.9600000  12.9999995  12.9999995  
89.9700000  12.9999995  12.9999995  
89.9800000  12.9999995  12.9999995  
89.9900000  12.9999995  12.9999995  
90.0000000  12.9999995  12.9999995  
90.0100000  12.9999995  12.9999995  
90.0200000  12.9999995  12.9999995  
90.0300000  12.9999995  12.9999995  
90.0400000  12.9999995  12.9999995  
90.0500000  12.9999995  12.9999995  
90.0600000  12.9999995  12.9999995  
90.0700000  12.9999995  12.9999995  
90.0800000  12.9999996  12.9999996  
90.0900000  12.9999996  12.9999996  
90.1000000  12.9999996  12.9999996  
90.1100000  12.9999996  12.9999996  
90.1200000  12.9999996  12.9999996  
90.1300000  12.9999996  12.9999996  
90.1400000  12.9999996  12.9999996  
90.1500000  12.9999996  12.9999996  
90.1600000  12.9999996  12.9999996  
90.1700000  12.9999996  12.9999996  
90.1800000  12.9999996  12.9999996  
90.1900000  12.9999996  12.9999996  
90.2000000  12.9999996  12.9999996  
90.2100000  12.9999996  12.9999996  
90.2200000  12.9999996  12.9999996  
90.2300000  12.9999997  12.9999997  
90.2400000  12.9999997  12.9999997  
90.2500000  12.9999997  12.9999997  
90.2600000  12.9999997  12.9999997  
90.2700000  12.9999997  12.9999997  
90.2800000  12.9999997  12.9999997  
90.2900000  12.9999997  12.9999997  
90.3000000  12.9999997  12.9999997  
90.3100000  12.9999997  12.9999997  
90.3200000  12.9999997  12.9999997  
90.3300000  12.9999997  12.9999997  
90.3400000  12.9999997  12.9999997  
90.3500000  12.9999998  12.9999998  
90.3600000  12.9999998  12.9999998  
90.3700000  12.9999998  12.9999998  
90.3800000  12.9999998  12.9999998  
90.3900000  12.9999998  12.9999998  
90.4000000  12.9999998  12.9999998  
90.4100000  12.9999998  12.9999998  
90.4200000  12.9999998  12.9999998  
90.4300000  12.9999998  12.9999998  
90.4400000  12.9999998  12.9999998  
90.4500000  12.9999998  12.9999998  
90.4600000  12.9999998  12.9999998  
90.4700000  12.9999999  12.9999999  
90.4800000  12.9999999  12.9999999  
90.4900000  12.9999999  12.9999999  
90.5000000  12.9999999  12.9999999  
90.5100000  12.9999999  12.9999999  
90.5200000  12.9999999  12.9999999  
90.5300000  12.9999999  12.9999999  
90.5400000  12.9999999  12.9999999  
90.5500000  12.9999999  12.9999999  
90.5600000  12.9999999  12.9999999  
90.5700000  12.9999999  12.9999999  
90.5800000  12.9999999  12.9999999  
90.5900000  13.0000000  13.0000000  
90.6000000  13.0000000  13.0000000  
90.6100000  13.0000000  13.0000000  
90.6200000  13.0000000  13.0000000  
90.6300000  13.0000000  13.0000000  
90.6400000  13.0000000  13.0000000  
90.6500000  13.0000000  13.0000000  
90.6600000  13.0000000  13.0000000  
90.6700000  13.0000000  13.0000000  
90.6800000  13.0000000  13.0000000  
90.6900000  13.0000000  13.0000000  
90.7000000  13.0000000  13.0000000  
90.7100000  13.0000001  13.0000001  
90.7200000  13.0000001  13.0000001  
90.7300000  13.0000001  13.0000001  
90.7400000  13.0000001  13.0000001  
90.7500000  13.0000001  13.0000001  
90.7600000  13.0000001  13.0000001  
90.7700000  13.0000001  13.0000001  
90.7800000  13.0000001  13.0000001  
90.7900000  13.0000001  13.0000001  
90.8000000  13.0000001  13.0000001  
90.8100000  13.0000001  13.0000001  
90.8200000  13.0000001  13.0000001  
90.8300000  13.0000001  13.0000001  
90.8400000  13.0000001  13.0000001  
90.8500000  13.0000002  13.0000002  
90.8600000  13.0000002  13.0000002  
90.8700000  13.0000002  13.0000002  
90.8800000  13.0000002  13.0000002  
90.8900000  13.0000002  13.0000002  
90.9000000  13.0000002  13.0000002  
90.9100000  13.0000002  13.0000002  
90.9200000  13.0000002  13.0000002  
90.9300000  13.0000002  13.0000002  
90.9400000  13.0000002  13.0000002  
90.9500000  13.0000002  13.0000002  
90.9600000  13.0000002  13.0000002  
90.9700000  13.0000002  13.0000002  
90.9800000  13.0000002  13.0000002  
90.9900000  13.0000002  13.0000002  
91.0000000  13.0000002  13.0000002  
91.0100000  13.0000002  13.0000002  
91.0200000  13.0000003  13.0000003  
91.0300000  13.0000003  13.0000003  
91.0400000  13.0000003  13.0000003  
91.0500000  13.0000003  13.0000003  
91.0600000  13.0000003  13.0000003  
91.0700000  13.0000003  13.0000003  
91.0800000  13.0000003  13.0000003  
91.0900000  13.0000003  13.0000003  
91.1000000  13.0000003  13.0000003  
91.1100000  13.0000003  13.0000003  
91.1200000  13.0000003  13.0000003  
91.1300000  13.0000003  13.0000003  
91.1400000  13.0000003  13.0000003  
91.1500000  13.0000003  13.0000003  
91.1600000  13.0000003  13.0000003  
91.1700000  13.0000003  13.0000003  
91.1800000  13.0000003  13.0000003  
91.1900000  13.0000003  13.0000003  
91.2000000  13.0000003  13.0000003  
91.2100000  13.0000003  13.0000003  
91.2200000  13.0000003  13.0000003  
91.2300000  13.0000003  13.0000003  
91.2400000  13.0000003  13.0000003  
91.2500000  13.0000003  13.0000003  
91.2600000  13.0000003  13.0000003  
91.2700000  13.0000003  13.0000003  
91.2800000  13.0000003  13.0000003  
91.2900000  13.0000003  13.0000003  
91.3000000  13.0000003  13.0000003  
91.3100000  13.0000003  13.0000003  
91.3200000  13.0000004  13.0000004  
91.3300000  13.0000004  13.0000004  
91.3400000  13.0000004  13.0000004  
91.3500000  13.0000004  13.0000004  
91.3600000  13.0000004  13.0000004  
91.3700000  13.0000004  13.0000004  
91.3800000  13.0000004  13.0000004  
91.3900000  13.0000004  13.0000004  
91.4000000  13.0000004  13.0000004  
91.4100000  13.0000004  13.0000004  
91.4200000  13.0000004  13.0000004  
91.4300000  13.0000004  13.0000004  
91.4400000  13.0000004  13.0000004  
91.4500000  13.0000004  13.0000004  
91.4600000  13.0000004  13.0000004  
91.4700000  13.0000004  13.0000004  
91.4800000  13.0000004  13.0000004  
91.4900000  13.0000004  13.0000004  
91.5000000  13.0000004  13.0000004  
91.5100000  13.0000004  13.0000004  
91.5200000  13.0000003  13.0000003  
91.5300000  13.0000003  13.0000003  
91.5400000  13.0000003  13.0000003  
91.5500000  13.0000003  13.0000003  
91.5600000  13.0000003  13.0000003  
91.5700000  13.0000003  13.0000003  
91.5800000  13.0000003  13.0000003  
91.5900000  13.0000003  13.0000003  
91.6000000  13.0000003  13.0000003  
91.6100000  13.0000003  13.0000003  
91.6200000  13.0000003  13.0000003  
91.6300000  13.0000003  13.0000003  
91.6400000  13.0000003  13.0000003  
91.6500000  13.0000003  13.0000003  
91.6600000  13.0000003  13.0000003  
91.6700000  13.0000003  13.0000003  
91.6800000  13.0000003  13.0000003  
91.6900000  13.0000003  13.0000003  
91.7000000  13.0000003  13.0000003  
91.7100000  13.0000003  13.0000003  
91.7200000  13.0000003  13.0000003  
91.7300000  13.0000003  13.0000003  
91.7400000  13.0000003  13.0000003  
91.7500000  13.0000003  13.0000003  
91.7600000  13.0000003  13.0000003  
91.7700000  13.0000003  13.0000003  
91.7800000  13.0000003  13.0000003  
91.7900000  13.0000003  13.0000003  
91.8000000  13.0000003  13.0000003  
91.8100000  13.0000003  13.0000003  
91.8200000  13.0000003  13.0000003  
91.8300000  13.0000003  13.0000003  
91.8400000  13.0000002  13.0000002  
91.8500000  13.0000002  13.0000002  
91.8600000  13.0000002  13.0000002  
91.8700000  13.0000002  13.0000002  
91.8800000  13.0000002  13.0000002  
91.8900000  13.0000002  13.0000002  
91.9000000  13.0000002  13.0000002  
91.9100000  13.0000002  13.0000002  
91.9200000  13.0000002  13.0000002  
91.9300000  13.0000002  13.0000002  
91.9400000  13.0000002  13.0000002  
91.9500000  13.0000002  13.0000002  
91.9600000  13.0000002  13.0000002  
91.9700000  13.0000002  13.0000002  
91.9800000  13.0000002  13.0000002  
91.9900000  13.0000002  13.0000002  
92.0000000  13.0000002  13.0000002  
92.0100000  13.0000002  13.0000002  
92.0200000  13.0000002  13.0000002  
92.0300000  13.0000001  13.0000001  
92.0400000  13.0000001  13.0000001  
92.0500000  13.0000001  13.0000001  
92.0600000  13.0000001  13.0000001  
92.0700000  13.0000001  13.0000001  
92.0800000  13.0000001  13.0000001  
92.0900000  13.0000001  13.0000001  
92.1000000  13.0000001  13.0000001  
92.1100000  13.0000001  13.0000001  
92.1200000  13.0000001  13.0000001  
92.1300000  13.0000001  13.0000001  
92.1400000  13.0000001  13.0000001  
92.1500000  13.0000001  13.0000001  
92.1600000  13.0000001  13.0000001  
92.1700000  13.0000001  13.0000001  
92.1800000  13.0000001  13.0000001  
92.1900000  13.0000000  13.0000000  
92.2000000  13.0000000  13.0000000  
92.2100000  13.0000000  13.0000000  
92.2200000  13.0000000  13.0000000  
92.2300000  13.0000000  13.0000000  
92.2400000  13.0000000  13.0000000  
92.2500000  13.0000000  13.0000000  
92.2600000  13.0000000  13.0000000  
92.2700000  13.0000000  13.0000000  
92.2800000  13.0000000  13.0000000  
92.2900000  13.0000000  13.0000000  
92.3000000  13.0000000  13.0000000  
92.3100000  13.0000000  13.0000000  
92.3200000  13.0000000  13.0000000  
92.3300000  13.0000000  13.0000000  
92.3400000  13.0000000  13.0000000  
92.3500000  12.9999999  12.9999999  
92.3600000  12.9999999  12.9999999  
92.3700000  12.9999999  12.9999999  
92.3800000  12.9999999  12.9999999  
92.3900000  12.9999999  12.9999999  
92.4000000  12.9999999  12.9999999  
92.4100000  12.9999999  12.9999999  
92.4200000  12.9999999  12.9999999  
92.4300000  12.9999999  12.9999999  
92.4400000  12.9999999  12.9999999  
92.4500000  12.9999999  12.9999999  
92.4600000  12.9999999  12.9999999  
92.4700000  12.9999999  12.9999999  
92.4800000  12.9999999  12.9999999  
92.4900000  12.9999999  12.9999999  
92.5000000  12.9999999  12.9999999  
92.5100000  12.9999998  12.9999998  
92.5200000  12.9999998  12.9999998  
92.5300000  12.9999998  12.9999998  
92.5400000  12.9999998  12.9999998  
92.5500000  12.9999998  12.9999998  
92.5600000  12.9999998  12.9999998  
92.5700000  12.9999998  12.9999998  
92.5800000  12.9999998  12.9999998  
92.5900000  12.9999998  12.9999998  
92.6000000  12.9999998  12.9999998  
92.6100000  12.9999998  12.9999998  
92.6200000  12.9999998  12.9999998  
92.6300000  12.9999998  12.9999998  
92.6400000  12.9999998  12.9999998  
92.6500000  12.9999998  12.9999998  
92.6600000  12.9999998  12.9999998  
92.6700000  12.9999998  12.9999998  
92.6800000  12.9999998  12.9999998  
92.6900000  12.9999998  12.9999998  
92.7000000  12.9999998  12.9999998  
92.7100000  12.9999997  12.9999997  
92.7200000  12.9999997  12.9999997  
92.7300000  12.9999997  12.9999997  
92.7400000  12.9999997  12.9999997  
92.7500000  12.9999997  12.9999997  
92.7600000  12.9999997  12.9999997  
92.7700000  12.9999997  12.9999997  
92.7800000  12.9999997  12.9999997  
92.7900000  12.9999997  12.9999997  
92.8000000  12.9999997  12.9999997  
92.8100000  12.9999997  12.9999997  
92.8200000  12.9999997  12.9999997  
92.8300000  12.9999997  12.9999997  
92.8400000  12.9999997  12.9999997  
92.8500000  12.9999997  12.9999997  
92.8600000  12.9999997  12.9999997  
92.8700000  12.9999997  12.9999997  
92.8800000  12.9999997  12.9999997  
92.8900000  12.9999997  12.9999997  
92.9000000  12.9999997  12.9999997  
92.9100000  12.9999997  12.9999997  
92.9200000  12.9999997  12.9999997  
92.9300000  12.9999997  12.9999997  
92.9400000  12.9999997  12.9999997  
92.9500000  12.9999997  12.9999997  
92.9600000  12.9999997  12.9999997  
92.9700000  12.9999997  12.9999997  
92.9800000  12.9999997  12.9999997  
92.9900000  12.9999997  12.9999997  
93.0000000  12.9999997  12.9999997  
93.0100000  12.9999997  12.9999997  
93.0200000  12.9999997  12.9999997  
93.0300000  12.9999997  12.9999997  
93.0400000  12.9999997  12.9999997  
93.0500000  12.9999997  12.9999997  
93.0600000  12.9999997  12.9999997  
93.0700000  12.9999996  12.9999996  
93.0800000  12.9999996  12.9999996  
93.0900000  12.9999996  12.9999996  
93.1000000  12.9999996  12.9999996  
93.1100000  12.9999996  12.9999996  
93.1200000  12.9999996  12.9999996  
93.1300000  12.9999996  12.9999996  
93.1400000  12.9999996  12.9999996  
93.1500000  12.9999996  12.9999996  
93.1600000  12.9999996  12.9999996  
93.1700000  12.9999996  12.9999996  
93.1800000  12.9999996  12.9999996  
93.1900000  12.9999996  12.9999996  
93.2000000  12.9999996  12.9999996  
93.2100000  12.9999996  12.9999996  
93.2200000  12.9999996  12.9999996  
93.2300000  12.9999996  12.9999996  
93.2400000  12.9999996  12.9999996  
93.2500000  12.9999996  12.9999996  
93.2600000  12.9999996  12.9999996  
93.2700000  12.9999996  12.9999996  
93.2800000  12.9999996  12.9999996  
93.2900000  12.9999997  12.9999997  
93.3000000  12.9999997  12.9999997  
93.3100000  12.9999997  12.9999997  
93.3200000  12.9999997  12.9999997  
93.3300000  12.9999997  12.9999997  
93.3400000  12.9999997  12.9999997  
93.3500000  12.9999997  12.9999997  
93.3600000  12.9999997  12.9999997  
93.3700000  12.9999997  12.9999997  
93.3800000  12.9999997  12.9999997  
93.3900000  12.9999997  12.9999997  
93.4000000  12.9999997  12.9999997  
93.4100000  12.9999997  12.9999997  
93.4200000  12.9999997  12.9999997  
93.4300000  12.9999997  12.9999997  
93.4400000  12.9999997  12.9999997  
93.4500000  12.9999997  12.9999997  
93.4600000  12.9999997  12.9999997  
93.4700000  12.9999997  12.9999997  
93.4800000  12.9999997  12.9999997  
93.4900000  12.9999997  12.9999997  
93.5000000  12.9999997  12.9999997  
93.5100000  12.9999997  12.9999997  
93.5200000  12.9999997  12.9999997  
93.5300000  12.9999997  12.9999997  
93.5400000  12.9999997  12.9999997  
93.5500000  12.9999997  12.9999997  
93.5600000  12.9999997  12.9999997  
93.5700000  12.9999997  12.9999997  
93.5800000  12.9999997  12.9999997  
93.5900000  12.9999997  12.9999997  
93.6000000  12.9999997  12.9999997  
93.6100000  12.9999997  12.9999997  
93.6200000  12.9999997  12.9999997  
93.6300000  12.9999997  12.9999997  
93.6400000  12.9999997  12.9999997  
93.6500000  12.9999997  12.9999997  
93.6600000  12.9999997  12.9999997  
93.6700000  12.9999998  12.9999998  
93.6800000  12.9999998  12.9999998  
93.6900000  12.9999998  12.9999998  
93.7000000  12.9999998  12.9999998  
93.7100000  12.9999998  12.9999998  
93.7200000  12.9999998  12.9999998  
93.7300000  12.9999998  12.9999998  
93.7400000  12.9999998  12.9999998  
93.7500000  12.9999998  12.9999998  
93.7600000  12.9999998  12.9999998  
93.7700000  12.9999998  12.9999998  
93.7800000  12.9999998  12.9999998  
93.7900000  12.9999998  12.9999998  
93.8000000  12.9999998  12.9999998  
93.8100000  12.9999998  12.9999998  
93.8200000  12.9999998  12.9999998  
93.8300000  12.9999998  12.9999998  
93.8400000  12.9999998  12.9999998  
93.8500000  12.9999998  12.9999998  
93.8600000  12.9999998  12.9999998  
93.8700000  12.9999998  12.9999998  
93.8800000  12.9999998  12.9999998  
93.8900000  12.9999998  12.9999998  
93.9000000  12.9999999  12.9999999  
93.9100000  12.9999999  12.9999999  
93.9200000  12.9999999  12.9999999  
93.9300000  12.9999999  12.9999999  
93.9400000  12.9999999  12.9999999  
93.9500000  12.9999999  12.9999999  
93.9600000  12.9999999  12.9999999  
93.9700000  12.9999999  12.9999999  
93.9800000  12.9999999  12.9999999  
93.9900000  12.9999999  12.9999999  
94.0000000  12.9999999  12.9999999  
94.0100000  12.9999999  12.9999999  
94.0200000  12.9999999  12.9999999  
94.0300000  12.9999999  12.9999999  
94.0400000  12.9999999  12.9999999  
94.0500000  12.9999999  12.9999999  
94.0600000  12.9999999  12.9999999  
94.0700000  12.9999999  12.9999999  
94.0800000  12.9999999  12.9999999  
94.0900000  12.9999999  12.9999999  
94.1000000  12.9999999  12.9999999  
94.1100000  13.0000000  13.0000000  
94.1200000  13.0000000  13.0000000  
94.1300000  13.0000000  13.0000000  
94.1400000  13.0000000  13.0000000  
94.1500000  13.0000000  13.0000000  
94.1600000  13.0000000  13.0000000  
94.1700000  13.0000000  13.0000000  
94.1800000  13.0000000  13.0000000  
94.1900000  13.0000000  13.0000000  
94.2000000  13.0000000  13.0000000  
94.2100000  13.0000000  13.0000000  
94.2200000  13.0000000  13.0000000  
94.2300000  13.0000000  13.0000000  
94.2400000  13.0000000  13.0000000  
94.2500000  13.0000000  13.0000000  
94.2600000  13.0000000  13.0000000  
94.2700000  13.0000000  13.0000000  
94.2800000  13.0000000  13.0000000  
94.2900000  13.0000000  13.0000000  
94.3000000  13.0000000  13.0000000  
94.3100000  13.0000000  13.0000000  
94.3200000  13.0000000  13.0000000  
94.3300000  13.0000001  13.0000001  
94.3400000  13.0000001  13.0000001  
94.3500000  13.0000001  13.0000001  
94.3600000  13.0000001  13.0000001  
94.3700000  13.0000001  13.0000001  
94.3800000  13.0000001  13.0000001  
94.3900000  13.0000001  13.0000001  
94.4000000  13.0000001  13.0000001  
94.4100000  13.0000001  13.0000001  
94.4200000  13.0000001  13.0000001  
94.4300000  13.0000001  13.0000001  
94.4400000  13.0000001  13.0000001  
94.4500000  13.0000001  13.0000001  
94.4600000  13.0000001  13.0000001  
94.4700000  13.0000001  13.0000001  
94.4800000  13.0000001  13.0000001  
94.4900000  13.0000001  13.0000001  
94.5000000  13.0000001  13.0000001  
94.5100000  13.0000001  13.0000001  
94.5200000  13.0000001  13.0000001  
94.5300000  13.0000001  13.0000001  
94.5400000  13.0000001  13.0000001  
94.5500000  13.0000001  13.0000001  
94.5600000  13.0000001  13.0000001  
94.5700000  13.0000001  13.0000001  
94.5800000  13.0000001  13.0000001  
94.5900000  13.0000001  13.0000001  
94.6000000  13.0000001  13.0000001  
94.6100000  13.0000001  13.0000001  
94.6200000  13.0000001  13.0000001  
94.6300000  13.0000001  13.0000001  
94.6400000  13.0000001  13.0000001  
94.6500000  13.0000002  13.0000002  
94.6600000  13.0000002  13.0000002  
94.6700000  13.0000002  13.0000002  
94.6800000  13.0000002  13.0000002  
94.6900000  13.0000002  13.0000002  
94.7000000  13.0000002  13.0000002  
94.7100000  13.0000002  13.0000002  
94.7200000  13.0000002  13.0000002  
94.7300000  13.0000002  13.0000002  
94.7400000  13.0000002  13.0000002  
94.7500000  13.0000002  13.0000002  
94.7600000  13.0000002  13.0000002  
94.7700000  13.0000002  13.0000002  
94.7800000  13.0000002  13.0000002  
94.7900000  13.0000002  13.0000002  
94.8000000  13.0000002  13.0000002  
94.8100000  13.0000002  13.0000002  
94.8200000  13.0000002  13.0000002  
94.8300000  13.0000002  13.0000002  
94.8400000  13.0000002  13.0000002  
94.8500000  13.0000002  13.0000002  
94.8600000  13.0000002  13.0000002  
94.8700000  13.0000002  13.0000002  
94.8800000  13.0000002  13.0000002  
94.8900000  13.0000002  13.0000002  
94.9000000  13.0000002  13.0000002  
94.9100000  13.0000002  13.0000002  
94.9200000  13.0000002  13.0000002  
94.9300000  13.0000002  13.0000002  
94.9400000  13.0000002  13.0000002  
94.9500000  13.0000002  13.0000002  
94.9600000  13.0000002  13.0000002  
94.9700000  13.0000002  13.0000002  
94.9800000  13.0000002  13.0000002  
94.9900000  13.0000002  13.0000002  
95.0000000  13.0000002  13.0000002  
95.0100000  13.0000002  13.0000002  
95.0200000  13.0000002  13.0000002  
95.0300000  13.0000002  13.0000002  
95.0400000  13.0000002  13.0000002  
95.0500000  13.0000002  13.0000002  
95.0600000  13.0000002  13.0000002  
95.0700000  13.0000002  13.0000002  
95.0800000  13.0000002  13.0000002  
95.0900000  13.0000002  13.0000002  
95.1000000  13.0000002  13.0000002  
95.1100000  13.0000002  13.0000002  
95.1200000  13.0000002  13.0000002  
95.1300000  13.0000002  13.0000002  
95.1400000  13.0000002  13.0000002  
95.1500000  13.0000002  13.0000002  
95.1600000  13.0000002  13.0000002  
95.1700000  13.0000002  13.0000002  
95.1800000  13.0000002  13.0000002  
95.1900000  13.0000002  13.0000002  
95.2000000  13.0000002  13.0000002  
95.2100000  13.0000002  13.0000002  
95.2200000  13.0000002  13.0000002  
95.2300000  13.0000001  13.0000001  
95.2400000  13.0000001  13.0000001  
95.2500000  13.0000001  13.0000001  
95.2600000  13.0000001  13.0000001  
95.2700000  13.0000001  13.0000001  
95.2800000  13.0000001  13.0000001  
95.2900000  13.0000001  13.0000001  
95.3000000  13.0000001  13.0000001  
95.3100000  13.0000001  13.0000001  
95.3200000  13.0000001  13.0000001  
95.3300000  13.0000001  13.0000001  
95.3400000  13.0000001  13.0000001  
95.3500000  13.0000001  13.0000001  
95.3600000  13.0000001  13.0000001  
95.3700000  13.0000001  13.0000001  
95.3800000  13.0000001  13.0000001  
95.3900000  13.0000001  13.0000001  
95.4000000  13.0000001  13.0000001  
95.4100000  13.0000001  13.0000001  
95.4200000  13.0000001  13.0000001  
95.4300000  13.0000001  13.0000001  
95.4400000  13.0000001  13.0000001  
95.4500000  13.0000001  13.0000001  
95.4600000  13.0000001  13.0000001  
95.4700000  13.0000001  13.0000001  
95.4800000  13.0000001  13.0000001  
95.4900000  13.0000001  13.0000001  
95.5000000  13.0000001  13.0000001  
95.5100000  13.0000001  13.0000001  
95.5200000  13.0000001  13.0000001  
95.5300000  13.0000001  13.0000001  
95.5400000  13.0000001  13.0000001  
95.5500000  13.0000001  13.0000001  
95.5600000  13.0000001  13.0000001  
95.5700000  13.0000001  13.0000001  
95.5800000  13.0000000  13.0000000  
95.5900000  13.0000000  13.0000000  
95.6000000  13.0000000  13.0000000  
95.6100000  13.0000000  13.0000000  
95.6200000  13.0000000  13.0000000  
95.6300000  13.0000000  13.0000000  
95.6400000  13.0000000  13.0000000  
95.6500000  13.0000000  13.0000000  
95.6600000  13.0000000  13.0000000  
95.6700000  13.0000000  13.0000000  
95.6800000  13.0000000  13.0000000  
95.6900000  13.0000000  13.0000000  
95.7000000  13.0000000  13.0000000  
95.7100000  13.0000000  13.0000000  
95.7200000  13.0000000  13.0000000  
95.7300000  13.0000000  13.0000000  
95.7400000  13.0000000  13.0000000  
95.7500000  13.0000000  13.0000000  
95.7600000  13.0000000  13.0000000  
95.7700000  13.0000000  13.0000000  
95.7800000  13.0000000  13.0000000  
95.7900000  13.0000000  13.0000000  
95.8000000  13.0000000  13.0000000  
95.8100000  13.0000000  13.0000000  
95.8200000  13.0000000  13.0000000  
95.8300000  13.0000000  13.0000000  
95.8400000  13.0000000  13.0000000  
95.8500000  13.0000000  13.0000000  
95.8600000  12.9999999  12.9999999  
95.8700000  12.9999999  12.9999999  
95.8800000  12.9999999  12.9999999  
95.8900000  12.9999999  12.9999999  
95.9000000  12.9999999  12.9999999  
95.9100000  12.9999999  12.9999999  
95.9200000  12.9999999  12.9999999  
95.9300000  12.9999999  12.9999999  
95.9400000  12.9999999  12.9999999  
95.9500000  12.9999999  12.9999999  
95.9600000  12.9999999  12.9999999  
95.9700000  12.9999999  12.9999999  
95.9800000  12.9999999  12.9999999  
95.9900000  12.9999999  12.9999999  
96.0000000  12.9999999  12.9999999  
96.0100000  12.9999999  12.9999999  
96.0200000  12.9999999  12.9999999  
96.0300000  12.9999999  12.9999999  
96.0400000  12.9999999  12.9999999  
96.0500000  12.9999999  12.9999999  
96.0600000  12.9999999  12.9999999  
96.0700000  12.9999999  12.9999999  
96.0800000  12.9999999  12.9999999  
96.0900000  12.9999999  12.9999999  
96.1000000  12.9999999  12.9999999  
96.1100000  12.9999999  12.9999999  
96.1200000  12.9999999  12.9999999  
96.1300000  12.9999999  12.9999999  
96.1400000  12.9999999  12.9999999  
96.1500000  12.9999999  12.9999999  
96.1600000  12.9999999  12.9999999  
96.1700000  12.9999999  12.9999999  
96.1800000  12.9999998  12.9999998  
96.1900000  12.9999998  12.9999998  
96.2000000  12.9999998  12.9999998  
96.2100000  12.9999998  12.9999998  
96.2200000  12.9999998  12.9999998  
96.2300000  12.9999998  12.9999998  
96.2400000  12.9999998  12.9999998  
96.2500000  12.9999998  12.9999998  
96.2600000  12.9999998  12.9999998  
96.2700000  12.9999998  12.9999998  
96.2800000  12.9999998  12.9999998  
96.2900000  12.9999998  12.9999998  
96.3000000  12.9999998  12.9999998  
96.3100000  12.9999998  12.9999998  
96.3200000  12.9999998  12.9999998  
96.3300000  12.9999998  12.9999998  
96.3400000  12.9999998  12.9999998  
96.3500000  12.9999998  12.9999998  
96.3600000  12.9999998  12.9999998  
96.3700000  12.9999998  12.9999998  
96.3800000  12.9999998  12.9999998  
96.3900000  12.9999998  12.9999998  
96.4000000  12.9999998  12.9999998  
96.4100000  12.9999998  12.9999998  
96.4200000  12.9999998  12.9999998  
96.4300000  12.9999998  12.9999998  
96.4400000  12.9999998  12.9999998  
96.4500000  12.9999998  12.9999998  
96.4600000  12.9999998  12.9999998  
96.4700000  12.9999998  12.9999998  
96.4800000  12.9999998  12.9999998  
96.4900000  12.9999998  12.9999998  
96.5000000  12.9999998  12.9999998  
96.5100000  12.9999998  12.9999998  
96.5200000  12.9999998  12.9999998  
96.5300000  12.9999998  12.9999998  
96.5400000  12.9999998  12.9999998  
96.5500000  12.9999998  12.9999998  
96.5600000  12.9999998  12.9999998  
96.5700000  12.9999998  12.9999998  
96.5800000  12.9999998  12.9999998  
96.5900000  12.9999998  12.9999998  
96.6000000  12.9999998  12.9999998  
96.6100000  12.9999998  12.9999998  
96.6200000  12.9999998  12.9999998  
96.6300000  12.9999998  12.9999998  
96.6400000  12.9999998  12.9999998  
96.6500000  12.9999998  12.9999998  
96.6600000  12.9999998  12.9999998  
96.6700000  12.9999998  12.9999998  
96.6800000  12.9999998  12.9999998  
96.6900000  12.9999998  12.9999998  
96.7000000  12.9999998  12.9999998  
96.7100000  12.9999998  12.9999998  
96.7200000  12.9999998  12.9999998  
96.7300000  12.9999998  12.9999998  
96.7400000  12.9999998  12.9999998  
96.7500000  12.9999998  12.9999998  
96.7600000  12.9999998  12.9999998  
96.7700000  12.9999998  12.9999998  
96.7800000  12.9999998  12.9999998  
96.7900000  12.9999998  12.9999998  
96.8000000  12.9999998  12.9999998  
96.8100000  12.9999998  12.9999998  
96.8200000  12.9999998  12.9999998  
96.8300000  12.9999998  12.9999998  
96.8400000  12.9999998  12.9999998  
96.8500000  12.9999998  12.9999998  
96.8600000  12.9999998  12.9999998  
96.8700000  12.9999998  12.9999998  
96.8800000  12.9999998  12.9999998  
96.8900000  12.9999998  12.9999998  
96.9000000  12.9999998  12.9999998  
96.9100000  12.9999998  12.9999998  
96.9200000  12.9999998  12.9999998  
96.9300000  12.9999998  12.9999998  
96.9400000  12.9999998  12.9999998  
96.9500000  12.9999998  12.9999998  
96.9600000  12.9999998  12.9999998  
96.9700000  12.9999998  12.9999998  
96.9800000  12.9999998  12.9999998  
96.9900000  12.9999998  12.9999998  
97.0000000  12.9999998  12.9999998  
97.0100000  12.9999998  12.9999998  
97.0200000  12.9999998  12.9999998  
97.0300000  12.9999998  12.9999998  
97.0400000  12.9999998  12.9999998  
97.0500000  12.9999998  12.9999998  
97.0600000  12.9999998  12.9999998  
97.0700000  12.9999998  12.9999998  
97.0800000  12.9999998  12.9999998  
97.0900000  12.9999998  12.9999998  
97.1000000  12.9999998  12.9999998  
97.1100000  12.9999998  12.9999998  
97.1200000  12.9999998  12.9999998  
97.1300000  12.9999998  12.9999998  
97.1400000  12.9999998  12.9999998  
97.1500000  12.9999998  12.9999998  
97.1600000  12.9999998  12.9999998  
97.1700000  12.9999998  12.9999998  
97.1800000  12.9999998  12.9999998  
97.1900000  12.9999998  12.9999998  
97.2000000  12.9999998  12.9999998  
97.2100000  12.9999998  12.9999998  
97.2200000  12.9999998  12.9999998  
97.2300000  12.9999998  12.9999998  
97.2400000  12.9999999  12.9999999  
97.2500000  12.9999999  12.9999999  
97.2600000  12.9999999  12.9999999  
97.2700000  12.9999999  12.9999999  
97.2800000  12.9999999  12.9999999  
97.2900000  12.9999999  12.9999999  
97.3000000  12.9999999  12.9999999  
97.3100000  12.9999999  12.9999999  
97.3200000  12.9999999  12.9999999  
97.3300000  12.9999999  12.9999999  
97.3400000  12.9999999  12.9999999  
97.3500000  12.9999999  12.9999999  
97.3600000  12.9999999  12.9999999  
97.3700000  12.9999999  12.9999999  
97.3800000  12.9999999  12.9999999  
97.3900000  12.9999999  12.9999999  
97.4000000  12.9999999  12.9999999  
97.4100000  12.9999999  12.9999999  
97.4200000  12.9999999  12.9999999  
97.4300000  12.9999999  12.9999999  
97.4400000  12.9999999  12.9999999  
97.4500000  12.9999999  12.9999999  
97.4600000  12.9999999  12.9999999  
97.4700000  12.9999999  12.9999999  
97.4800000  12.9999999  12.9999999  
97.4900000  12.9999999  12.9999999  
97.5000000  12.9999999  12.9999999  
97.5100000  12.9999999  12.9999999  
97.5200000  12.9999999  12.9999999  
97.5300000  12.9999999  12.9999999  
97.5400000  12.9999999  12.9999999  
97.5500000  12.9999999  12.9999999  
97.5600000  12.9999999  12.9999999  
97.5700000  12.9999999  12.9999999  
97.5800000  12.9999999  12.9999999  
97.5900000  12.9999999  12.9999999  
97.6000000  12.9999999  12.9999999  
97.6100000  12.9999999  12.9999999  
97.6200000  13.0000000  13.0000000  
97.6300000  13.0000000  13.0000000  
97.6400000  13.0000000  13.0000000  
97.6500000  13.0000000  13.0000000  
97.6600000  13.0000000  13.0000000  
97.6700000  13.0000000  13.0000000  
97.6800000  13.0000000  13.0000000  
97.6900000  13.0000000  13.0000000  
97.7000000  13.0000000  13.0000000  
97.7100000  13.0000000  13.0000000  
97.7200000  13.0000000  13.0000000  
97.7300000  13.0000000  13.0000000  
97.7400000  13.0000000  13.0000000  
97.7500000  13.0000000  13.0000000  
97.7600000  13.0000000  13.0000000  
97.7700000  13.0000000  13.0000000  
97.7800000  13.0000000  13.0000000  
97.7900000  13.0000000  13.0000000  
97.8000000  13.0000000  13.0000000  
97.8100000  13.0000000  13.0000000  
97.8200000  13.0000000  13.0000000  
97.8300000  13.0000000  13.0000000  
97.8400000  13.0000000  13.0000000  
97.8500000  13.0000000  13.0000000  
97.8600000  13.0000000  13.0000000  
97.8700000  13.0000000  13.0000000  
97.8800000  13.0000000  13.0000000  
97.8900000  13.0000000  13.0000000  
97.9000000  13.0000000  13.0000000  
97.9100000  13.0000000  13.0000000  
97.9200000  13.0000000  13.0000000  
97.9300000  13.0000000  13.0000000  
97.9400000  13.0000000  13.0000000  
97.9500000  13.0000000  13.0000000  
97.9600000  13.0000000  13.0000000  
97.9700000  13.0000000  13.0000000  
97.9800000  13.0000000  13.0000000  
97.9900000  13.0000000  13.0000000  
98.0000000  13.0000000  13.0000000  
98.0100000  13.0000000  13.0000000  
98.0200000  13.0000000  13.0000000  
98.0300000  13.0000000  13.0000000  
98.0400000  13.0000000  13.0000000  
98.0500000  13.0000000  13.0000000  
98.0600000  13.0000000  13.0000000  
98.0700000  13.0000001  13.0000001  
98.0800000  13.0000001  13.0000001  
98.0900000  13.0000001  13.0000001  
98.1000000  13.0000001  13.0000001  
98.1100000  13.0000001  13.0000001  
98.1200000  13.0000001  13.0000001  
98.1300000  13.0000001  13.0000001  
98.1400000  13.0000001  13.0000001  
98.1500000  13.0000001  13.0000001  
98.1600000  13.0000001  13.0000001  
98.1700000  13.0000001  13.0000001  
98.1800000  13.0000001  13.0000001  
98.1900000  13.0000001  13.0000001  
98.2000000  13.0000001  13.0000001  
98.2100000  13.0000001  13.0000001  
98.2200000  13.0000001  13.0000001  
98.2300000  13.0000001  13.0000001  
98.2400000  13.0000001  13.0000001  
98.2500000  13.0000001  13.0000001  
98.2600000  13.0000001  13.0000001  
98.2700000  13.0000001  13.0000001  
98.2800000  13.0000001  13.0000001  
98.2900000  13.0000001  13.0000001  
98.3000000  13.0000001  13.0000001  
98.3100000  13.0000001  13.0000001  
98.3200000  13.0000001  13.0000001  
98.3300000  13.0000001  13.0000001  
98.3400000  13.0000001  13.0000001  
98.3500000  13.0000001  13.0000001  
98.3600000  13.0000001  13.0000001  
98.3700000  13.0000001  13.0000001  
98.3800000  13.0000001  13.0000001  
98.3900000  13.0000001  13.0000001  
98.4000000  13.0000001  13.0000001  
98.4100000  13.0000001  13.0000001  
98.4200000  13.0000001  13.0000001  
98.4300000  13.0000001  13.0000001  
98.4400000  13.0000001  13.0000001  
98.4500000  13.0000001  13.0000001  
98.4600000  13.0000001  13.0000001  
98.4700000  13.0000001  13.0000001  
98.4800000  13.0000001  13.0000001  
98.4900000  13.0000001  13.0000001  
98.5000000  13.0000001  13.0000001  
98.5100000  13.0000001  13.0000001  
98.5200000  13.0000001  13.0000001  
98.5300000  13.0000001  13.0000001  
98.5400000  13.0000001  13.0000001  
98.5500000  13.0000001  13.0000001  
98.5600000  13.0000001  13.0000001  
98.5700000  13.0000001  13.0000001  
98.5800000  13.0000001  13.0000001  
98.5900000  13.0000001  13.0000001  
98.6000000  13.0000001  13.0000001  
98.6100000  13.0000001  13.0000001  
98.6200000  13.0000001  13.0000001  
98.6300000  13.0000001  13.0000001  
98.6400000  13.0000001  13.0000001  
98.6500000  13.0000001  13.0000001  
98.6600000  13.0000001  13.0000001  
98.6700000  13.0000001  13.0000001  
98.6800000  13.0000001  13.0000001  
98.6900000  13.0000001  13.0000001  
98.7000000  13.0000001  13.0000001  
98.7100000  13.0000001  13.0000001  
98.7200000  13.0000001  13.0000001  
98.7300000  13.0000001  13.0000001  
98.7400000  13.0000001  13.0000001  
98.7500000  13.0000001  13.0000001  
98.7600000  13.0000001  13.0000001  
98.7700000  13.0000001  13.0000001  
98.7800000  13.0000001  13.0000001  
98.7900000  13.0000001  13.0000001  
98.8000000  13.0000001  13.0000001  
98.8100000  13.0000001  13.0000001  
98.8200000  13.0000001  13.0000001  
98.8300000  13.0000001  13.0000001  
98.8400000  13.0000001  13.0000001  
98.8500000  13.0000000  13.0000000  
98.8600000  13.0000000  13.0000000  
98.8700000  13.0000000  13.0000000  
98.8800000  13.0000000  13.0000000  
98.8900000  13.0000000  13.0000000  
98.9000000  13.0000000  13.0000000  
98.9100000  13.0000000  13.0000000  
98.9200000  13.0000000  13.0000000  
98.9300000  13.0000000  13.0000000  
98.9400000  13.0000000  13.0000000  
98.9500000  13.0000000  13.0000000  
98.9600000  13.0000000  13.0000000  
98.9700000  13.0000000  13.0000000  
98.9800000  13.0000000  13.0000000  
98.9900000  13.0000000  13.0000000  
99.0000000  13.0000000  13.0000000  
99.0100000  13.0000000  13.0000000  
99.0200000  13.0000000  13.0000000  
99.0300000  13.0000000  13.0000000  
99.0400000  13.0000000  13.0000000  
99.0500000  13.0000000  13.0000000  
99.0600000  13.0000000  13.0000000  
99.0700000  13.0000000  13.0000000  
99.0800000  13.0000000  13.0000000  
99.0900000  13.0000000  13.0000000  
99.1000000  13.0000000  13.0000000  
99.1100000  13.0000000  13.0000000  
99.1200000  13.0000000  13.0000000  
99.1300000  13.0000000  13.0000000  
99.1400000  13.0000000  13.0000000  
99.1500000  13.0000000  13.0000000  
99.1600000  13.0000000  13.0000000  
99.1700000  13.0000000  13.0000000  
99.1800000  13.0000000  13.0000000  
99.1900000  13.0000000  13.0000000  
99.2000000  13.0000000  13.0000000  
99.2100000  13.0000000  13.0000000  
99.2200000  13.0000000  13.0000000  
99.2300000  13.0000000  13.0000000  
99.2400000  13.0000000  13.0000000  
99.2500000  13.0000000  13.0000000  
99.2600000  13.0000000  13.0000000  
99.2700000  13.0000000  13.0000000  
99.2800000  13.0000000  13.0000000  
99.2900000  13.0000000  13.0000000  
99.3000000  13.0000000  13.0000000  
99.3100000  13.0000000  13.0000000  
99.3200000  13.0000000  13.0000000  
99.3300000  13.0000000  13.0000000  
99.3400000  13.0000000  13.0000000  
99.3500000  13.0000000  13.0000000  
99.3600000  13.0000000  13.0000000  
99.3700000  13.0000000  13.0000000  
99.3800000  12.9999999  12.9999999  
99.3900000  12.9999999  12.9999999  
99.4000000  12.9999999  12.9999999  
99.4100000  12.9999999  12.9999999  
99.4200000  12.9999999  12.9999999  
99.4300000  12.9999999  12.9999999  
99.4400000  12.9999999  12.9999999  
99.4500000  12.9999999  12.9999999  
99.4600000  12.9999999  12.9999999  
99.4700000  12.9999999  12.9999999  
99.4800000  12.9999999  12.9999999  
99.4900000  12.9999999  12.9999999  
99.5000000  12.9999999  12.9999999  
99.5100000  12.9999999  12.9999999  
99.5200000  12.9999999  12.9999999  
99.5300000  12.9999999  12.9999999  
99.5400000  12.9999999  12.9999999  
99.5500000  12.9999999  12.9999999  
99.5600000  12.9999999  12.9999999  
99.5700000  12.9999999  12.9999999  
99.5800000  12.9999999  12.9999999  
99.5900000  12.9999999  12.9999999  
99.6000000  12.9999999  12.9999999  
99.6100000  12.9999999  12.9999999  
99.6200000  12.9999999  12.9999999  
99.6300000  12.9999999  12.9999999  
99.6400000  12.9999999  12.9999999  
99.6500000  12.9999999  12.9999999  
99.6600000  12.9999999  12.9999999  
99.6700000  12.9999999  12.9999999  
99.6800000  12.9999999  12.9999999  
99.6900000  12.9999999  12.9999999  
99.7000000  12.9999999  12.9999999  
99.7100000  12.9999999  12.9999999  
99.7200000  12.9999999  12.9999999  
99.7300000  12.9999999  12.9999999  
99.7400000  12.9999999  12.9999999  
99.7500000  12.9999999  12.9999999  
99.7600000  12.9999999  12.9999999  
99.7700000  12.9999999  12.9999999  
99.7800000  12.9999999  12.9999999  
99.7900000  12.9999999  12.9999999  
99.8000000  12.9999999  12.9999999  
99.8100000  12.9999999  12.9999999  
99.8200000  12.9999999  12.9999999  
99.8300000  12.9999999  12.9999999  
99.8400000  12.9999999  12.9999999  
99.8500000  12.9999999  12.9999999  
99.8600000  12.9999999  12.9999999  
99.8700000  12.9999999  12.9999999  
99.8800000  12.9999999  12.9999999  
99.8900000  12.9999999  12.9999999  
99.9000000  12.9999999  12.9999999  
99.9100000  12.9999999  12.9999999  
99.9200000  12.9999999  12.9999999  
99.9300000  12.9999999  12.9999999  
99.9400000  12.9999999  12.9999999  
99.9500000  12.9999999  12.9999999  
99.9600000  12.9999999  12.9999999  
99.9700000  12.9999999  12.9999999  
99.9800000  12.9999999  12.9999999  
99.9900000  12.9999999  12.9999999  
100.000000  12.9999999  12.9999999  
g.NS.time   B1.FAR      S1.N        B1.Wfuel    FNo.Tt      
0.0         0.025       10000.0     23.75       2863.15062  
0.0         0.025       9999.83112  23.7486208  2863.12424  
0.0         0.025       9999.77359  23.7479159  2863.11542  
0.0         0.026       9999.77359  23.7479159  2863.11542  
0.0         0.026       10074.7854  25.4210742  2932.74092  
0.0         0.028       10156.7910  27.2190876  3002.53917  
0.0         0.03        10246.2299  29.1540940  3072.50763  
0.01        0.02602126  10074.8168  25.4421446  2934.01284  
0.02        0.02604251  10074.8723  25.4634148  2935.28712  
0.03        0.02606377  10074.9546  25.4849533  2936.56451  
0.04        0.02608502  10075.0632  25.5067436  2937.84489  
0.05        0.02610627  10075.1977  25.5287815  2939.12814  
0.06000000  0.02612751  10075.3577  25.5510623  2940.41462  
0.07        0.02614874  10075.5427  25.5735812  2941.70319  
0.08        0.02616997  10075.7525  25.5963338  2942.99423  
0.09        0.02619118  10075.9864  25.6193155  2944.28761  
0.09999999  0.02621238  10076.2443  25.6425218  2945.58320  
0.10999999  0.02623357  10076.5256  25.6659482  2946.88089  
0.11999999  0.02625474  10076.8299  25.6895905  2948.18054  
0.12999999  0.02627590  10077.1570  25.7134442  2949.48204  
0.13999999  0.02629704  10077.5064  25.7375052  2950.78527  
0.15        0.02631816  10077.8777  25.7617691  2952.09011  
0.16        0.02633927  10078.2706  25.7862319  2953.39645  
0.17        0.02636036  10078.6847  25.8108894  2954.70417  
0.18000000  0.02638142  10079.1197  25.8357375  2956.01317  
0.19000000  0.02640247  10079.5751  25.8607723  2957.32333  
0.20000000  0.02642349  10080.0507  25.8859898  2958.63455  
0.21000000  0.02644449  10080.5462  25.9113861  2959.94672  
0.22000000  0.02646546  10081.0610  25.9369573  2961.25974  
0.23000000  0.02648641  10081.5950  25.9626995  2962.57350  
0.24000000  0.02650733  10082.1478  25.9886092  2963.88790  
0.25000000  0.02652822  10082.7191  26.0146824  2965.20285  
0.26000000  0.02654908  10083.3085  26.0409156  2966.51824  
0.27000000  0.02656992  10083.9158  26.0673051  2967.83397  
0.28000000  0.02659072  10084.5406  26.0938474  2969.14996  
0.29000000  0.02661149  10085.1826  26.1205389  2970.46612  
0.30000000  0.02663224  10085.8414  26.1473761  2971.78233  
0.31000000  0.02665294  10086.5169  26.1743556  2973.09853  
0.32000000  0.02667362  10087.2087  26.2014740  2974.41462  
0.33000000  0.02669426  10087.9165  26.2287279  2975.73050  
0.34000000  0.02671486  10088.6400  26.2561140  2977.04611  
0.35000000  0.02673543  10089.3790  26.2836291  2978.36134  
0.36000000  0.02675596  10090.1331  26.3112698  2979.67613  
0.37000000  0.02677645  10090.9021  26.3390331  2980.99038  
0.38000000  0.02679691  10091.6857  26.3669158  2982.30401  
0.39000000  0.02681732  10092.4837  26.3949148  2983.61695  
0.40000000  0.02683770  10093.2957  26.4230270  2984.92913  
0.41000000  0.02685803  10094.1216  26.4512493  2986.24045  
0.42000000  0.02687833  10094.9609  26.4795789  2987.55086  
0.43000000  0.02689858  10095.8136  26.5080127  2988.86026  
0.44000000  0.02691879  10096.6794  26.5365478  2990.16860  
0.45000000  0.02693896  10097.5578  26.5651806  2991.47579  
0.46000000  0.02695908  10098.4487  26.5939081  2992.78176  
0.47000000  0.02697916  10099.3519  26.6227284  2994.08645  
0.48000000  0.02699919  10100.2672  26.6516387  2995.38980  
0.49000000  0.02701917  10101.1944  26.6806364  2996.69173  
0.50000000  0.02703912  10102.1331  26.7097188  2997.99219  
0.51000000  0.02705901  10103.0832  26.7388831  2999.29111  
0.52000000  0.02707885  10104.0445  26.7681268  3000.58842  
0.53000000  0.02709865  10105.0168  26.7974474  3001.88407  
0.54000000  0.02711840  10105.9997  26.8268421  3003.17799  
0.55000000  0.02713810  10106.9932  26.8563086  3004.47013  
0.56000000  0.02715775  10107.9969  26.8858442  3005.76042  
0.57000000  0.02717735  10109.0107  26.9154467  3007.04881  
0.58000000  0.02719690  10110.0344  26.9451134  3008.33525  
0.59000000  0.02721640  10111.0678  26.9748422  3009.61966  
0.60000000  0.02723585  10112.1107  27.0046305  3010.90201  
0.61000000  0.02725524  10113.1628  27.0344760  3012.18224  
0.62000000  0.02727458  10114.2240  27.0643765  3013.46030  
0.63000000  0.02729387  10115.2941  27.0943297  3014.73613  
0.64000000  0.02731311  10116.3729  27.1243333  3016.00968  
0.65000000  0.02733229  10117.4602  27.1543852  3017.28091  
0.66000000  0.02735141  10118.5558  27.1844831  3018.54976  
0.67000000  0.02737049  10119.6596  27.2146249  3019.81620  
0.68000000  0.02738950  10120.7713  27.2448085  3021.08016  
0.69000000  0.02740847  10121.8908  27.2750318  3022.34161  
0.70000000  0.02742737  10123.0180  27.3052926  3023.60051  
0.71000000  0.02744622  10124.1526  27.3355890  3024.85680  
0.72000000  0.02746501  10125.2944  27.3659190  3026.11044  
0.73000000  0.02748375  10126.4434  27.3962805  3027.36139  
0.74000000  0.02750243  10127.5993  27.4266716  3028.60962  
0.75000000  0.02752105  10128.7620  27.4570903  3029.85507  
0.76000000  0.02753961  10129.9313  27.4875348  3031.09771  
0.77000000  0.02755811  10131.1071  27.5180032  3032.33751  
0.78000000  0.02757656  10132.2892  27.5484935  3033.57441  
0.79000000  0.02759494  10133.4774  27.5790040  3034.80839  
0.80000000  0.02761327  10134.6717  27.6095328  3036.03941  
0.81000000  0.02763153  10135.8718  27.6400782  3037.26742  
0.82000000  0.02764974  10137.0776  27.6706384  3038.49241  
0.83000000  0.02766789  10138.2889  27.7012116  3039.71432  
0.84000000  0.02768597  10139.5057  27.7317962  3040.93313  
0.85000000  0.02770400  10140.7278  27.7623904  3042.14881  
0.86000000  0.02772196  10141.9550  27.7929925  3043.36132  
0.87000000  0.02773986  10143.1872  27.8236010  3044.57063  
0.88000000  0.02775770  10144.4243  27.8542141  3045.77671  
0.89000000  0.02777548  10145.6661  27.8848303  3046.97953  
0.90000000  0.02779320  10146.9126  27.9154480  3048.17906  
0.91000000  0.02781085  10148.1635  27.9460656  3049.37526  
0.92000000  0.02782844  10149.4187  27.9766816  3050.56812  
0.93000000  0.02784597  10150.6782  28.0072944  3051.75761  
0.94000000  0.02786344  10151.9418  28.0379026  3052.94369  
0.95000000  0.02788084  10153.2093  28.0685047  3054.12634  
0.96000000  0.02789818  10154.4808  28.0990991  3055.30553  
0.97000000  0.02791546  10155.7559  28.1296845  3056.48125  
0.98000000  0.02793267  10157.0347  28.1602594  3057.65345  
0.99000000  0.02794982  10158.3169  28.1908225  3058.82213  
1.00000000  0.02796690  10159.6026  28.2213723  3059.98726  
1.01000000  0.02798392  10160.8916  28.2519074  3061.14880  
1.02000000  0.02800088  10162.1837  28.2824266  3062.30675  
1.03000000  0.02801777  10163.4788  28.3129285  3063.46108  
1.04000000  0.02803459  10164.7770  28.3434118  3064.61177  
1.05000000  0.02805136  10166.0779  28.3738751  3065.75879  
1.06000000  0.02806805  10167.3816  28.4043172  3066.90212  
1.07000000  0.02808468  10168.6880  28.4347369  3068.04176  
1.08000000  0.02810125  10169.9968  28.4651328  3069.17767  
1.09000000  0.02811775  10171.3081  28.4955039  3070.30984  
1.10000000  0.02813418  10172.6218  28.5258488  3071.43824  
1.11000000  0.02815055  10173.9377  28.5561663  3072.56287  
1.12000000  0.02816686  10175.2557  28.5864554  3073.68371  
1.13000000  0.02818309  10176.5758  28.6167147  3074.80073  
1.14000000  0.02819926  10177.8978  28.6469433  3075.91392  
1.15000000  0.02821537  10179.2217  28.6771398  3077.02327  
1.16000000  0.02823141  10180.5473  28.7073034  3078.12876  
1.17000000  0.02824738  10181.8747  28.7374327  3079.23037  
1.18000000  0.02826329  10183.2036  28.7675268  3080.32809  
1.19000000  0.02827913  10184.5340  28.7975846  3081.42191  
1.20000000  0.02829490  10185.8659  28.8276051  3082.51181  
1.21000000  0.02831061  10187.1991  28.8575871  3083.59778  
1.22000000  0.02832625  10188.5335  28.8875296  3084.67980  
1.23000000  0.02834182  10189.8691  28.9174317  3085.75786  
1.24000000  0.02835733  10191.2058  28.9472923  3086.83195  
1.25000000  0.02837277  10192.5435  28.9771105  3087.90207  
1.26000000  0.02838814  10193.8821  29.0068853  3088.96819  
1.27000000  0.02840344  10195.2215  29.0366157  3090.03030  
1.28000000  0.02841868  10196.5618  29.0663008  3091.08840  
1.29000000  0.02843386  10197.9027  29.0959397  3092.14248  
1.30000000  0.02844896  10199.2442  29.1255314  3093.19252  
1.31000000  0.02846400  10200.5863  29.1550751  3094.23852  
1.32000000  0.02847897  10201.9289  29.1845698  3095.28046  
1.33000000  0.02849387  10203.2718  29.2140147  3096.31834  
1.34000000  0.02850871  10204.6151  29.2434089  3097.35215  
1.35000000  0.02852348  10205.9587  29.2727516  3098.38189  
1.36000000  0.02853818  10207.3024  29.3020419  3099.40753  
1.37000000  0.02855282  10208.6463  29.3312790  3100.42908  
1.38000000  0.02856738  10209.9902  29.3604620  3101.44653  
1.39000000  0.02858188  10211.3341  29.3895902  3102.45987  
1.40000000  0.02859632  10212.6779  29.4186627  3103.46909  
1.41000000  0.02861068  10214.0216  29.4476788  3104.47419  
1.42000000  0.02862498  10215.3651  29.4766378  3105.47517  
1.43000000  0.02863921  10216.7083  29.5055388  3106.47201  
1.44000000  0.02865338  10218.0512  29.5343811  3107.46471  
1.45000000  0.02866748  10219.3936  29.5631639  3108.45327  
1.46000000  0.02868151  10220.7357  29.5918866  3109.43768  
1.47000000  0.02869547  10222.0772  29.6205485  3110.41745  
1.48000000  0.02870937  10223.4182  29.6491488  3111.39360  
1.49000000  0.02872319  10224.7585  29.6776868  3112.36559  
1.50000000  0.02873696  10226.0982  29.7061619  3113.33341  
1.51000000  0.02875065  10227.4371  29.7345733  3114.29705  
1.52000000  0.02876428  10228.7752  29.7629204  3115.25653  
1.53000000  0.02877784  10230.1125  29.7912026  3116.21183  
1.54000000  0.02879134  10231.4489  29.8194191  3117.16295  
1.55000000  0.02880476  10232.7843  29.8475694  3118.10989  
1.56000000  0.02881812  10234.1187  29.8756529  3119.05264  
1.57000000  0.02883142  10235.4520  29.9036688  3119.99121  
1.58000000  0.02884464  10236.7842  29.9316167  3120.92560  
1.59000000  0.02885781  10238.1153  29.9594959  3121.85580  
1.60000000  0.02887090  10239.4452  29.9873058  3122.78180  
1.61000000  0.02888393  10240.7738  30.0150459  3123.70362  
1.62000000  0.02889689  10242.1010  30.0427156  3124.62125  
1.63000000  0.02890978  10243.4270  30.0703143  3125.53468  
1.64000000  0.02892261  10244.7515  30.0978416  3126.44392  
1.65000000  0.02893538  10246.0746  30.1252967  3127.34898  
1.66000000  0.02894807  10247.3962  30.1526793  3128.24984  
1.67000000  0.02896070  10248.7162  30.1799887  3129.14651  
1.68000000  0.02897327  10250.0346  30.2072245  3130.03899  
1.69000000  0.02898576  10251.3515  30.2343862  3130.92728  
1.70000000  0.02899820  10252.6666  30.2614732  3131.81138  
1.71000000  0.02901056  10253.9801  30.2884852  3132.69130  
1.72000000  0.02902286  10255.2918  30.3154215  3133.56703  
1.73000000  0.02903510  10256.6016  30.3422817  3134.43857  
1.74000000  0.02904727  10257.9097  30.3690654  3135.30594  
1.75000000  0.02905937  10259.2159  30.3957721  3136.16912  
1.76000000  0.02907141  10260.5201  30.4224014  3137.02813  
1.77000000  0.02908339  10261.8224  30.4489527  3137.88296  
1.78000000  0.02909530  10263.1227  30.4754257  3138.73361  
1.79000000  0.02910714  10264.4210  30.5018200  3139.58010  
1.80000000  0.02911892  10265.7172  30.5281351  3140.42242  
1.81000000  0.02913063  10267.0112  30.5543706  3141.26057  
1.82000000  0.02914228  10268.3032  30.5805261  3142.09456  
1.83000000  0.02915387  10269.5929  30.6066013  3142.92440  
1.84000000  0.02916539  10270.8805  30.6325956  3143.75008  
1.85000000  0.02917684  10272.1658  30.6585088  3144.57161  
1.86000000  0.02918824  10273.4488  30.6843405  3145.38899  
1.87000000  0.02919956  10274.7294  30.7100903  3146.20223  
1.88000000  0.02921083  10276.0078  30.7357578  3147.01133  
1.89000000  0.02922203  10277.2837  30.7613427  3147.81630  
1.90000000  0.02923316  10278.5572  30.7868446  3148.61714  
1.91000000  0.02924423  10279.8283  30.8122632  3149.41385  
1.92000000  0.02925524  10281.0969  30.8375982  3150.20644  
1.93000000  0.02926619  10282.3629  30.8628492  3150.99544  
1.94000000  0.02927707  10283.6264  30.8880159  3151.77985  
1.95000000  0.02928789  10284.8874  30.9130979  3152.56015  
1.96000000  0.02929864  10286.1457  30.9380950  3153.33636  
1.97000000  0.02930934  10287.4014  30.9630070  3154.10847  
1.98000000  0.02931997  10288.6544  30.9878334  3154.87649  
1.99000000  0.02933053  10289.9048  31.0125740  3155.64044  
2.00000000  0.02934104  10291.1524  31.0372285  3156.40031  
2.01000000  0.02935148  10292.3972  31.0617967  3157.15610  
2.02000000  0.02936186  10293.6393  31.0862783  3157.90784  
2.03000000  0.02937218  10294.8786  31.1106730  3158.65551  
2.04000000  0.02938244  10296.1151  31.1349805  3159.39914  
2.05000000  0.02939263  10297.3487  31.1592006  3160.13872  
2.06        0.02940276  10298.5794  31.1833331  3160.87426  
2.07        0.02941283  10299.8072  31.2073777  3161.60578  
2.07999999  0.02942284  10301.0320  31.2313342  3162.33326  
2.08999999  0.02943279  10302.2540  31.2552023  3163.05673  
2.09999999  0.02944268  10303.4729  31.2789819  3163.77619  
2.10999999  0.02945250  10304.6889  31.3026738  3164.49166  
2.11999999  0.02946227  10305.9020  31.3262775  3165.20315  
2.12999999  0.02947198  10307.1120  31.3497919  3165.91063  
2.13999999  0.02948162  10308.3189  31.3732167  3166.61414  
2.14999999  0.02949120  10309.5227  31.3965518  3167.31367  
2.15999999  0.02950073  10310.7234  31.4197969  3168.00923  
2.16999999  0.02951019  10311.9209  31.4429519  3168.70084  
2.17999999  0.02951960  10313.1152  31.4660166  3169.38849  
2.18999999  0.02952894  10314.3064  31.4889909  3170.07219  
2.19999999  0.02953822  10315.4943  31.5118745  3170.75196  
2.20999999  0.02954745  10316.6790  31.5346674  3171.42780  
2.21999999  0.02955662  10317.8604  31.5573693  3172.09973  
2.22999999  0.02956572  10319.0386  31.5799802  3172.76774  
2.23999999  0.02957477  10320.2135  31.6024999  3173.43185  
2.24999999  0.02958376  10321.3850  31.6249282  3174.09207  
2.25999999  0.02959269  10322.5532  31.6472651  3174.74840  
2.26999999  0.02960156  10323.7181  31.6695103  3175.40085  
2.27999999  0.02961038  10324.8796  31.6916638  3176.04944  
2.28999999  0.02961913  10326.0377  31.7137255  3176.69417  
2.29999999  0.02962783  10327.1925  31.7356952  3177.33505  
2.30999999  0.02963647  10328.3438  31.7575728  3177.97209  
2.31999999  0.02964505  10329.4916  31.7793582  3178.60530  
2.32999999  0.02965358  10330.6361  31.8010513  3179.23469  
2.33999999  0.02966205  10331.7770  31.8226521  3179.86026  
2.34999999  0.02967046  10332.9145  31.8441604  3180.48203  
2.35999999  0.02967881  10334.0484  31.8655762  3181.10001  
2.36999999  0.02968711  10335.1789  31.8868993  3181.71420  
2.37999999  0.02969535  10336.3058  31.9081297  3182.32462  
2.38999999  0.02970354  10337.4292  31.9292673  3182.93127  
2.39999999  0.02971167  10338.5490  31.9503121  3183.53417  
2.40999999  0.02971974  10339.6653  31.9712639  3184.13332  
2.41999999  0.02972775  10340.7779  31.9921227  3184.72874  
2.42999999  0.02973572  10341.8870  32.0128885  3185.32043  
2.43999999  0.02974362  10342.9924  32.0335607  3185.90840  
2.44999999  0.02975147  10344.0942  32.0541403  3186.49267  
2.45999999  0.02975927  10345.1924  32.0746267  3187.07324  
2.46999999  0.02976701  10346.2869  32.0950199  3187.65013  
2.47999999  0.02977469  10347.3778  32.1153198  3188.22334  
2.48999999  0.02978232  10348.4650  32.1355263  3188.79289  
2.49999999  0.02978990  10349.5485  32.1556396  3189.35878  
2.50999999  0.02979742  10350.6283  32.1756595  3189.92103  
2.51999999  0.02980489  10351.7044  32.1955860  3190.47964  
2.52999999  0.02981231  10352.7768  32.2154192  3191.03464  
2.53999999  0.02981967  10353.8454  32.2351589  3191.58601  
2.54999999  0.02982698  10354.9103  32.2548052  3192.13379  
2.55999999  0.02983423  10355.9714  32.2743581  3192.67798  
2.56999999  0.02984143  10357.0288  32.2938176  3193.21858  
2.57999999  0.02984858  10358.0824  32.3131836  3193.75562  
2.58999999  0.02985568  10359.1322  32.3324562  3194.28909  
2.59999999  0.02986272  10360.1782  32.3516354  3194.81902  
2.60999999  0.02986971  10361.2204  32.3707213  3195.34541  
2.61999999  0.02987665  10362.2588  32.3897137  3195.86827  
2.62999999  0.02988354  10363.2933  32.4086128  3196.38762  
2.63999999  0.02989037  10364.3241  32.4274185  3196.90346  
2.64999999  0.02989716  10365.3510  32.4461309  3197.41581  
2.65999999  0.02990389  10366.3740  32.4647500  3197.92468  
2.66999999  0.02991057  10367.3932  32.4832759  3198.43007  
2.67999999  0.02991720  10368.4085  32.5017086  3198.93201  
2.68999999  0.02992378  10369.4200  32.5200480  3199.43050  
2.69999999  0.02993031  10370.4275  32.5382944  3199.92555  
2.70999999  0.02993679  10371.4312  32.5564476  3200.41717  
2.71999999  0.02994322  10372.4310  32.5745079  3200.90538  
2.72999999  0.02994959  10373.4269  32.5924751  3201.39019  
2.73999999  0.02995592  10374.4189  32.6103494  3201.87160  
2.74999999  0.02996220  10375.4069  32.6281308  3202.34963  
2.75999999  0.02996843  10376.3911  32.6458195  3202.82430  
2.76999999  0.02997461  10377.3713  32.6634154  3203.29560  
2.77999999  0.02998074  10378.3476  32.6809186  3203.76356  
2.78999999  0.02998683  10379.3199  32.6983292  3204.22819  
2.79999999  0.02999286  10380.2883  32.7156473  3204.68949  
2.80999999  0.02999885  10381.2528  32.7328729  3205.14748  
2.81999999  0.03000478  10382.2133  32.7500062  3205.60218  
2.82999999  0.03001067  10383.1698  32.7670472  3206.05358  
2.83999999  0.03001651  10384.1222  32.7839936  3206.50168  
2.84999999  0.03002231  10385.0705  32.8008479  3206.94652  
2.85999999  0.03002805  10386.0149  32.8176102  3207.38811  
2.86999999  0.03003375  10386.9554  32.8342805  3207.82646  
2.87999999  0.03003941  10387.8918  32.8508588  3208.26158  
2.88999999  0.03004501  10388.8242  32.8673454  3208.69348  
2.89999999  0.03005057  10389.7526  32.8837403  3209.12217  
2.90999999  0.03005608  10390.6771  32.9000437  3209.54768  
2.91999999  0.03006155  10391.5975  32.9162556  3209.97000  
2.92999999  0.03006697  10392.5139  32.9323761  3210.38915  
2.93999999  0.03007234  10393.4263  32.9484054  3210.80515  
2.94999999  0.03007767  10394.3347  32.9643436  3211.21800  
2.95999999  0.03008295  10395.2391  32.9801908  3211.62772  
2.96999999  0.03008819  10396.1395  32.9959471  3212.03431  
2.97999999  0.03009339  10397.0358  33.0116127  3212.43780  
2.98999999  0.03009853  10397.9281  33.0271876  3212.83819  
2.99999999  0.03010364  10398.8164  33.0426721  3213.23550  
3.00999999  0.03010870  10399.7007  33.0580662  3213.62973  
3.01999999  0.03011371  10400.5809  33.0733701  3214.02091  
3.02999999  0.03011868  10401.4571  33.0885840  3214.40903  
3.03999999  0.03012361  10402.3293  33.1037079  3214.79412  
3.04999999  0.03012849  10403.1974  33.1187420  3215.17619  
3.05999999  0.03013333  10404.0615  33.1336864  3215.55524  
3.06999999  0.03013813  10404.9216  33.1485414  3215.93130  
3.07999999  0.03014288  10405.7776  33.1633070  3216.30437  
3.08999999  0.03014759  10406.6296  33.1779834  3216.67446  
3.09999999  0.03015226  10407.4775  33.1925708  3217.04159  
3.10999999  0.03015689  10408.3215  33.2070693  3217.40577  
3.11999999  0.03016147  10409.1613  33.2214791  3217.76702  
3.12999999  0.03016602  10409.9972  33.2358004  3218.12533  
3.13999999  0.03017052  10410.8290  33.2500333  3218.48074  
3.14999999  0.03017497  10411.6567  33.2641779  3218.83324  
3.15999999  0.03017939  10412.4804  33.2782345  3219.18286  
3.16999999  0.03018377  10413.3001  33.2922032  3219.52960  
3.17999999  0.03018810  10414.1157  33.3060843  3219.87347  
3.18999999  0.03019240  10414.9274  33.3198778  3220.21449  
3.19999999  0.03019665  10415.7349  33.3335839  3220.55268  
3.20999999  0.03020086  10416.5385  33.3472029  3220.88804  
3.21999999  0.03020504  10417.3380  33.3607349  3221.22058  
3.22999999  0.03020917  10418.1334  33.3741801  3221.55032  
3.23999999  0.03021326  10418.9249  33.3875387  3221.87728  
3.24999999  0.03021732  10419.7123  33.4008109  3222.20145  
3.25999999  0.03022133  10420.4957  33.4139969  3222.52287  
3.26999999  0.03022531  10421.2751  33.4270968  3222.84153  
3.27999999  0.03022924  10422.0504  33.4401109  3223.15745  
3.28999999  0.03023314  10422.8217  33.4530393  3223.47064  
3.29999999  0.03023700  10423.5890  33.4658823  3223.78112  
3.30999999  0.03024082  10424.3523  33.4786401  3224.08889  
3.31999999  0.03024460  10425.1116  33.4913128  3224.39398  
3.32999999  0.03024835  10425.8669  33.5039007  3224.69639  
3.33999999  0.03025205  10426.6181  33.5164040  3224.99613  
3.34999999  0.03025572  10427.3654  33.5288228  3225.29322  
3.35999999  0.03025935  10428.1086  33.5411575  3225.58767  
3.36999999  0.03026295  10428.8479  33.5534081  3225.87949  
3.37999999  0.03026651  10429.5832  33.5655750  3226.16870  
3.38999999  0.03027003  10430.3144  33.5776583  3226.45531  
3.39999999  0.03027351  10431.0417  33.5896582  3226.73932  
3.40999999  0.03027696  10431.7650  33.6015751  3227.02076  
3.41999999  0.03028037  10432.4843  33.6134090  3227.29963  
3.42999999  0.03028375  10433.1997  33.6251602  3227.57595  
3.43999999  0.03028709  10433.9111  33.6368290  3227.84973  
3.44999999  0.03029039  10434.6185  33.6484156  3228.12097  
3.45999999  0.03029366  10435.3219  33.6599201  3228.38971  
3.46999999  0.03029689  10436.0214  33.6713429  3228.65594  
3.47999999  0.03030009  10436.7169  33.6826841  3228.91968  
3.48999999  0.03030326  10437.4085  33.6939440  3229.18094  
3.49999999  0.03030639  10438.0962  33.7051229  3229.43973  
3.50999999  0.03030948  10438.7799  33.7162209  3229.69608  
3.51999999  0.03031254  10439.4596  33.7272383  3229.94998  
3.52999999  0.03031557  10440.1355  33.7381753  3230.20145  
3.53999999  0.03031856  10440.8074  33.7490322  3230.45050  
3.54999999  0.03032152  10441.4754  33.7598092  3230.69715  
3.55999999  0.03032445  10442.1395  33.7705066  3230.94141  
3.56999999  0.03032734  10442.7996  33.7811246  3231.18329  
3.57999999  0.03033020  10443.4559  33.7916634  3231.42280  
3.58999999  0.03033303  10444.1083  33.8021234  3231.65996  
3.59999999  0.03033582  10444.7568  33.8125046  3231.89477  
3.60999999  0.03033859  10445.4014  33.8228075  3232.12726  
3.61999999  0.03034132  10446.0421  33.8330322  3232.35742  
3.62999999  0.03034401  10446.6790  33.8431791  3232.58528  
3.63999999  0.03034668  10447.3120  33.8532482  3232.81085  
3.64999999  0.03034931  10447.9411  33.8632400  3233.03414  
3.65999999  0.03035192  10448.5664  33.8731547  3233.25515  
3.66999999  0.03035449  10449.1878  33.8829924  3233.47391  
3.67999999  0.03035703  10449.8054  33.8927536  3233.69043  
3.68999999  0.03035954  10450.4192  33.9024384  3233.90472  
3.69999999  0.03036202  10451.0291  33.9120471  3234.11678  
3.70999999  0.03036447  10451.6352  33.9215799  3234.32664  
3.71999999  0.03036688  10452.2375  33.9310372  3234.53430  
3.72999999  0.03036927  10452.8361  33.9404192  3234.73978  
3.73999999  0.03037163  10453.4308  33.9497262  3234.94308  
3.74999999  0.03037396  10454.0217  33.9589583  3235.14423  
3.75999999  0.03037626  10454.6088  33.9681160  3235.34323  
3.76999999  0.03037853  10455.1922  33.9771994  3235.54010  
3.77999999  0.03038077  10455.7718  33.9862089  3235.73484  
3.78999999  0.03038298  10456.3477  33.9951446  3235.92747  
3.79999999  0.03038516  10456.9197  34.0040070  3236.11801  
3.80999999  0.03038732  10457.4881  34.0127962  3236.30645  
3.81999999  0.03038944  10458.0527  34.0215125  3236.49283  
3.82999999  0.03039154  10458.6136  34.0301562  3236.67714  
3.83999999  0.03039361  10459.1708  34.0387275  3236.85940  
3.84999999  0.03039565  10459.7243  34.0472269  3237.03962  
3.85999999  0.03039766  10460.2740  34.0556544  3237.21781  
3.86999999  0.03039965  10460.8201  34.0640105  3237.39399  
3.87999999  0.03040161  10461.3625  34.0722953  3237.56816  
3.88999999  0.03040354  10461.9012  34.0805092  3237.74035  
3.89999999  0.03040545  10462.4362  34.0886525  3237.91056  
3.90999999  0.03040732  10462.9676  34.0967254  3238.07879  
3.91999999  0.03040918  10463.4954  34.1047282  3238.24508  
3.92999999  0.03041100  10464.0195  34.1126612  3238.40942  
3.93999999  0.03041280  10464.5399  34.1205246  3238.57183  
3.94999999  0.03041457  10465.0568  34.1283189  3238.73231  
3.95999999  0.03041632  10465.5700  34.1360442  3238.89089  
3.96999999  0.03041804  10466.0797  34.1437008  3239.04758  
3.97999999  0.03041974  10466.5857  34.1512890  3239.20237  
3.98999999  0.03042141  10467.0882  34.1588092  3239.35530  
3.99999999  0.03042305  10467.5870  34.1662615  3239.50636  
4.00999999  0.03042467  10468.0824  34.1736463  3239.65558  
4.01999999  0.03042627  10468.5741  34.1809640  3239.80295  
4.02999999  0.03042784  10469.0623  34.1882146  3239.94850  
4.03999999  0.03042939  10469.5470  34.1953987  3240.09223  
4.04999999  0.03043091  10470.0282  34.2025164  3240.23416  
4.05999999  0.03043241  10470.5058  34.2095680  3240.37430  
4.06999999  0.03043388  10470.9799  34.2165538  3240.51266  
4.07999999  0.03043534  10471.4506  34.2234742  3240.64924  
4.08999999  0.03043676  10471.9177  34.2303294  3240.78407  
4.09999999  0.03043817  10472.3814  34.2371198  3240.91716  
4.10999999  0.03043955  10472.8416  34.2438455  3241.04851  
4.11999999  0.03044091  10473.2983  34.2505069  3241.17813  
4.12999999  0.03044224  10473.7516  34.2571044  3241.30605  
4.13999999  0.03044355  10474.2015  34.2636381  3241.43226  
4.14999999  0.03044484  10474.6480  34.2701084  3241.55678  
4.15999999  0.03044611  10475.0910  34.2765156  3241.67962  
4.16999999  0.03044736  10475.5307  34.2828600  3241.80080  
4.17999999  0.03044858  10475.9669  34.2891419  3241.92032  
4.18999999  0.03044978  10476.3998  34.2953615  3242.03820  
4.19999999  0.03045096  10476.8293  34.3015193  3242.15444  
4.20999999  0.03045212  10477.2554  34.3076154  3242.26907  
4.21999999  0.03045326  10477.6782  34.3136502  3242.38207  
4.22999999  0.03045437  10478.0976  34.3196239  3242.49348  
4.23999999  0.03045547  10478.5138  34.3255370  3242.60330  
4.24999999  0.03045654  10478.9266  34.3313896  3242.71155  
4.25999999  0.03045760  10479.3361  34.3371821  3242.81822  
4.26999999  0.03045863  10479.7423  34.3429147  3242.92334  
4.27999999  0.03045964  10480.1452  34.3485879  3243.02691  
4.28999999  0.03046064  10480.5449  34.3542018  3243.12895  
4.29999999  0.03046161  10480.9413  34.3597568  3243.22947  
4.30999999  0.03046256  10481.3344  34.3652531  3243.32847  
4.31999999  0.03046349  10481.7244  34.3706912  3243.42597  
4.32999999  0.03046441  10482.1111  34.3760712  3243.52198  
4.33999999  0.03046530  10482.4946  34.3813935  3243.61651  
4.34999999  0.03046618  10482.8748  34.3866583  3243.70957  
4.35999999  0.03046703  10483.2519  34.3918661  3243.80117  
4.36999999  0.03046787  10483.6259  34.3970171  3243.89132  
4.37999999  0.03046869  10483.9966  34.4021115  3243.98004  
4.38999999  0.03046949  10484.3642  34.4071497  3244.06733  
4.39999999  0.03047027  10484.7287  34.4121320  3244.15320  
4.40999999  0.03047104  10485.0900  34.4170587  3244.23766  
4.41999999  0.03047178  10485.4482  34.4219301  3244.32073  
4.42999999  0.03047251  10485.8033  34.4267465  3244.40242  
4.43999999  0.03047322  10486.1554  34.4315082  3244.48273  
4.44999999  0.03047391  10486.5043  34.4362155  3244.56167  
4.45999999  0.03047459  10486.8502  34.4408687  3244.63926  
4.46999999  0.03047524  10487.1930  34.4454681  3244.71551  
4.47999999  0.03047588  10487.5327  34.4500140  3244.79043  
4.48999999  0.03047651  10487.8695  34.4545067  3244.86402  
4.49999999  0.03047711  10488.2032  34.4589466  3244.93630  
4.50999999  0.03047770  10488.5339  34.4633338  3245.00728  
4.51999999  0.03047828  10488.8616  34.4676688  3245.07696  
4.52999999  0.03047883  10489.1863  34.4719517  3245.14536  
4.53999999  0.03047937  10489.5081  34.4761830  3245.21249  
4.54999999  0.03047990  10489.8268  34.4803629  3245.27836  
4.55999999  0.03048041  10490.1427  34.4844917  3245.34298  
4.56999999  0.03048090  10490.4556  34.4885697  3245.40635  
4.57999999  0.03048138  10490.7656  34.4925973  3245.46849  
4.58999999  0.03048184  10491.0727  34.4965747  3245.52941  
4.59999999  0.03048229  10491.3769  34.5005021  3245.58912  
4.60999999  0.03048272  10491.6782  34.5043800  3245.64763  
4.61999999  0.03048313  10491.9766  34.5082087  3245.70494  
4.62999999  0.03048353  10492.2722  34.5119883  3245.76107  
4.63999999  0.03048392  10492.5649  34.5157193  3245.81603  
4.64999999  0.03048429  10492.8548  34.5194019  3245.86982  
4.65999999  0.03048465  10493.1419  34.5230363  3245.92246  
4.66999999  0.03048499  10493.4262  34.5266231  3245.97396  
4.67999999  0.03048532  10493.7076  34.5301623  3246.02432  
4.68999999  0.03048564  10493.9863  34.5336543  3246.07356  
4.69999999  0.03048594  10494.2623  34.5370994  3246.12168  
4.70999999  0.03048622  10494.5354  34.5404980  3246.16870  
4.71999999  0.03048650  10494.8059  34.5438502  3246.21462  
4.72999999  0.03048676  10495.0736  34.5471565  3246.25945  
4.73999999  0.03048700  10495.3385  34.5504170  3246.30321  
4.74999999  0.03048724  10495.6008  34.5536321  3246.34589  
4.75999999  0.03048746  10495.8604  34.5568021  3246.38752  
4.76999999  0.03048766  10496.1173  34.5599273  3246.42810  
4.77999999  0.03048786  10496.3716  34.5630079  3246.46764  
4.78999999  0.03048804  10496.6232  34.5660444  3246.50615  
4.79999999  0.03048821  10496.8721  34.5690368  3246.54364  
4.80999999  0.03048836  10497.1185  34.5719857  3246.58011  
4.81999999  0.03048851  10497.3622  34.5748912  3246.61558  
4.82999999  0.03048864  10497.6033  34.5777536  3246.65006  
4.83999999  0.03048876  10497.8418  34.5805732  3246.68355  
4.84999999  0.03048887  10498.0778  34.5833504  3246.71606  
4.85999999  0.03048896  10498.3112  34.5860854  3246.74760  
4.86999999  0.03048905  10498.5420  34.5887785  3246.77819  
4.87999999  0.03048912  10498.7704  34.5914300  3246.80783  
4.88999999  0.03048918  10498.9962  34.5940401  3246.83652  
4.89999999  0.03048923  10499.2195  34.5966092  3246.86429  
4.90999999  0.03048927  10499.4403  34.5991376  3246.89113  
4.91999999  0.03048930  10499.6586  34.6016256  3246.91705  
4.92999999  0.03048932  10499.8744  34.6040733  3246.94207  
4.93999999  0.03048932  10500.0878  34.6064812  3246.96620  
4.94999999  0.03048932  10500.2988  34.6088495  3246.98943  
4.95999999  0.03048930  10500.5073  34.6111785  3247.01178  
4.96999999  0.03048928  10500.7134  34.6134684  3247.03326  
4.97999999  0.03048924  10500.9171  34.6157196  3247.05388  
4.98999999  0.03048920  10501.1184  34.6179324  3247.07364  
4.99999999  0.03048914  10501.3174  34.6201069  3247.09256  
5.00999999  0.03048907  10501.5140  34.6222436  3247.11064  
5.01999999  0.03048900  10501.7082  34.6243427  3247.12789  
5.02999999  0.03048891  10501.9001  34.6264044  3247.14432  
5.03999999  0.03048882  10502.0897  34.6284291  3247.15993  
5.04999999  0.03048871  10502.2769  34.6304170  3247.17474  
5.05999999  0.03048860  10502.4619  34.6323684  3247.18875  
5.06999999  0.03048848  10502.6446  34.6342836  3247.20198  
5.07999999  0.03048834  10502.8250  34.6361628  3247.21442  
5.08999999  0.03048820  10503.0032  34.6380064  3247.22609  
5.09999999  0.03048805  10503.1791  34.6398146  3247.23700  
5.10999999  0.03048789  10503.3528  34.6415877  3247.24715  
5.11999999  0.03048773  10503.5242  34.6433260  3247.25655  
5.12999999  0.03048755  10503.6935  34.6450297  3247.26521  
5.13999999  0.03048737  10503.8606  34.6466991  3247.27313  
5.14999999  0.03048717  10504.0255  34.6483345  3247.28034  
5.15999999  0.03048697  10504.1882  34.6499361  3247.28682  
5.16999999  0.03048676  10504.3488  34.6515042  3247.29260  
5.17999999  0.03048654  10504.5073  34.6530392  3247.29767  
5.18999999  0.03048632  10504.6636  34.6545412  3247.30205  
5.19999999  0.03048609  10504.8178  34.6560105  3247.30574  
5.20999999  0.03048585  10504.9699  34.6574475  3247.30876  
5.21999999  0.03048560  10505.1200  34.6588523  3247.31110  
5.22999999  0.03048534  10505.2679  34.6602252  3247.31278  
5.23999999  0.03048508  10505.4138  34.6615665  3247.31380  
5.24999999  0.03048481  10505.5577  34.6628765  3247.31418  
5.25999999  0.03048453  10505.6995  34.6641554  3247.31391  
5.26999999  0.03048424  10505.8393  34.6654035  3247.31301  
5.27999999  0.03048395  10505.9771  34.6666211  3247.31148  
5.28999999  0.03048365  10506.1129  34.6678083  3247.30933  
5.29999999  0.03048335  10506.2468  34.6689655  3247.30657  
5.30999999  0.03048303  10506.3786  34.6700929  3247.30320  
5.31999999  0.03048272  10506.5085  34.6711909  3247.29923  
5.32999999  0.03048239  10506.6365  34.6722595  3247.29468  
5.33999999  0.03048206  10506.7625  34.6732992  3247.28954  
5.34999999  0.03048172  10506.8866  34.6743101  3247.28382  
5.35999999  0.03048138  10507.0089  34.6752925  3247.27753  
5.36999999  0.03048103  10507.1292  34.6762467  3247.27068  
5.37999999  0.03048067  10507.2476  34.6771728  3247.26327  
5.38999999  0.03048031  10507.3642  34.6780713  3247.25532  
5.39999999  0.03047994  10507.4790  34.6789423  3247.24682  
5.40999999  0.03047956  10507.5919  34.6797860  3247.23778  
5.41999999  0.03047919  10507.7030  34.6806027  3247.22822  
5.42999999  0.03047880  10507.8122  34.6813927  3247.21813  
5.43999999  0.03047841  10507.9197  34.6821563  3247.20753  
5.44999999  0.03047801  10508.0254  34.6828935  3247.19642  
5.45999999  0.03047761  10508.1293  34.6836048  3247.18481  
5.46999999  0.03047721  10508.2314  34.6842903  3247.17270  
5.47999999  0.03047679  10508.3318  34.6849503  3247.16010  
5.48999999  0.03047638  10508.4305  34.6855851  3247.14702  
5.49999999  0.03047596  10508.5274  34.6861948  3247.13346  
5.50999999  0.03047553  10508.6226  34.6867797  3247.11944  
5.51999999  0.03047510  10508.7161  34.6873401  3247.10494  
5.52999999  0.03047466  10508.8080  34.6878761  3247.08999  
5.53999999  0.03047422  10508.8981  34.6883881  3247.07459  
5.54999999  0.03047378  10508.9867  34.6888763  3247.05875  
5.55999999  0.03047333  10509.0735  34.6893408  3247.04247  
5.56999999  0.03047287  10509.1587  34.6897820  3247.02575  
5.57999999  0.03047242  10509.2423  34.6902001  3247.00861  
5.58999999  0.03047195  10509.3243  34.6905952  3246.99104  
5.59999999  0.03047149  10509.4047  34.6909677  3246.97306  
5.60999999  0.03047102  10509.4835  34.6913177  3246.95468  
5.61999999  0.03047054  10509.5607  34.6916456  3246.93589  
5.62999999  0.03047007  10509.6364  34.6919514  3246.91670  
5.63999999  0.03046958  10509.7105  34.6922355  3246.89713  
5.64999999  0.03046910  10509.7831  34.6924981  3246.87717  
5.65999999  0.03046861  10509.8542  34.6927393  3246.85683  
5.66999999  0.03046812  10509.9237  34.6929595  3246.83611  
5.67999999  0.03046762  10509.9918  34.6931588  3246.81503  
5.68999999  0.03046712  10510.0583  34.6933375  3246.79359  
5.69999999  0.03046662  10510.1234  34.6934958  3246.77179  
5.70999999  0.03046611  10510.1870  34.6936339  3246.74964  
5.71999999  0.03046560  10510.2492  34.6937520  3246.72714  
5.72999999  0.03046509  10510.3099  34.6938504  3246.70431  
5.73999999  0.03046457  10510.3692  34.6939292  3246.68114  
5.74999999  0.03046406  10510.4271  34.6939887  3246.65764  
5.75999999  0.03046353  10510.4836  34.6940291  3246.63382  
5.76999999  0.03046301  10510.5386  34.6940505  3246.60968  
5.77999999  0.03046248  10510.5923  34.6940533  3246.58523  
5.78999999  0.03046195  10510.6447  34.6940377  3246.56047  
5.79999999  0.03046142  10510.6956  34.6940037  3246.53541  
5.80999999  0.03046089  10510.7453  34.6939518  3246.51006  
5.81999999  0.03046035  10510.7936  34.6938819  3246.48441  
5.82999999  0.03045981  10510.8405  34.6937945  3246.45847  
5.83999999  0.03045927  10510.8862  34.6936896  3246.43225  
5.84999999  0.03045872  10510.9305  34.6935674  3246.40576  
5.85999999  0.03045818  10510.9736  34.6934283  3246.37900  
5.86999999  0.03045763  10511.0154  34.6932723  3246.35197  
5.87999999  0.03045708  10511.0559  34.6930997  3246.32468  
5.88999999  0.03045652  10511.0952  34.6929107  3246.29713  
5.89999999  0.03045597  10511.1332  34.6927055  3246.26933  
5.90999999  0.03045541  10511.1700  34.6924843  3246.24128  
5.91999999  0.03045485  10511.2056  34.6922472  3246.21299  
5.92999999  0.03045429  10511.2400  34.6919945  3246.18447  
5.93999999  0.03045373  10511.2732  34.6917264  3246.15571  
5.94999999  0.03045317  10511.3051  34.6914430  3246.12672  
5.95999999  0.03045260  10511.3359  34.6911446  3246.09751  
5.96999999  0.03045204  10511.3656  34.6908313  3246.06809  
5.97999999  0.03045147  10511.3941  34.6905034  3246.03845  
5.98999999  0.03045090  10511.4214  34.6901610  3246.00860  
5.99999999  0.03045033  10511.4476  34.6898044  3245.97854  
6.00999999  0.03044976  10511.4727  34.6894336  3245.94829  
6.01999999  0.03044918  10511.4967  34.6890489  3245.91783  
6.02999999  0.03044861  10511.5196  34.6886505  3245.88719  
6.03999999  0.03044803  10511.5414  34.6882385  3245.85636  
6.04999999  0.03044745  10511.5621  34.6878132  3245.82535  
6.05999999  0.03044688  10511.5818  34.6873747  3245.79416  
6.06999999  0.03044630  10511.6004  34.6869232  3245.76279  
6.07999999  0.03044572  10511.6179  34.6864589  3245.73126  
6.08999999  0.03044514  10511.6344  34.6859820  3245.69956  
6.09999999  0.03044455  10511.6499  34.6854926  3245.66770  
6.10999999  0.03044397  10511.6644  34.6849909  3245.63567  
6.11999999  0.03044339  10511.6779  34.6844771  3245.60350  
6.12999999  0.03044280  10511.6904  34.6839514  3245.57118  
6.13999999  0.03044222  10511.7019  34.6834139  3245.53871  
6.14999999  0.03044163  10511.7124  34.6828648  3245.50610  
6.15999999  0.03044105  10511.7219  34.6823043  3245.47335  
6.16999999  0.03044046  10511.7305  34.6817326  3245.44047  
6.17999999  0.03043988  10511.7382  34.6811497  3245.40746  
6.18999999  0.03043929  10511.7449  34.6805560  3245.37432  
6.19999999  0.03043870  10511.7507  34.6799515  3245.34107  
6.20999999  0.03043811  10511.7556  34.6793364  3245.30769  
6.21999999  0.03043753  10511.7596  34.6787110  3245.27420  
6.22999999  0.03043694  10511.7627  34.6780752  3245.24060  
6.23999999  0.03043635  10511.7649  34.6774294  3245.20689  
6.24999999  0.03043576  10511.7663  34.6767736  3245.17307  
6.25999999  0.03043517  10511.7668  34.6761081  3245.13916  
6.26999999  0.03043459  10511.7664  34.6754329  3245.10515  
6.27999999  0.03043400  10511.7652  34.6747483  3245.07105  
6.28999999  0.03043341  10511.7631  34.6740544  3245.03686  
6.29999999  0.03043282  10511.7602  34.6733513  3245.00258  
6.30999999  0.03043223  10511.7565  34.6726393  3244.96822  
6.31999999  0.03043165  10511.7520  34.6719184  3244.93378  
6.32999999  0.03043106  10511.7467  34.6711888  3244.89927  
6.33999999  0.03043047  10511.7406  34.6704507  3244.86468  
6.34999999  0.03042988  10511.7338  34.6697042  3244.83003  
6.35999999  0.03042930  10511.7262  34.6689495  3244.79530  
6.36999999  0.03042871  10511.7178  34.6681867  3244.76052  
6.37999999  0.03042812  10511.7086  34.6674159  3244.72568  
6.38999999  0.03042754  10511.6987  34.6666374  3244.69078  
6.39999999  0.03042695  10511.6881  34.6658512  3244.65583  
6.40999999  0.03042637  10511.6768  34.6650575  3244.62082  
6.41999999  0.03042579  10511.6647  34.6642564  3244.58577  
6.42999999  0.03042520  10511.6520  34.6634481  3244.55068  
6.43999999  0.03042462  10511.6385  34.6626328  3244.51555  
6.44999999  0.03042404  10511.6244  34.6618105  3244.48038  
6.45999999  0.03042346  10511.6096  34.6609813  3244.44517  
6.46999999  0.03042288  10511.5941  34.6601455  3244.40993  
6.47999999  0.03042230  10511.5779  34.6593032  3244.37467  
6.48999999  0.03042172  10511.5611  34.6584545  3244.33937  
6.49999999  0.03042114  10511.5437  34.6575995  3244.30406  
6.50999999  0.03042056  10511.5256  34.6567384  3244.26872  
6.51999999  0.03041999  10511.5069  34.6558713  3244.23337  
6.52999999  0.03041941  10511.4875  34.6549983  3244.19800  
6.53999999  0.03041884  10511.4676  34.6541195  3244.16262  
6.54999999  0.03041826  10511.4470  34.6532352  3244.12723  
6.55999999  0.03041769  10511.4259  34.6523454  3244.09183  
6.56999999  0.03041712  10511.4042  34.6514502  3244.05643  
6.57999999  0.03041655  10511.3819  34.6505498  3244.02103  
6.58999999  0.03041598  10511.3590  34.6496442  3243.98562  
6.59999999  0.03041541  10511.3356  34.6487337  3243.95023  
6.60999999  0.03041485  10511.3116  34.6478184  3243.91483  
6.61999999  0.03041428  10511.2871  34.6468983  3243.87945  
6.62999999  0.03041372  10511.2620  34.6459735  3243.84408  
6.63999999  0.03041315  10511.2364  34.6450443  3243.80872  
6.64999999  0.03041259  10511.2103  34.6441107  3243.77337  
6.65999999  0.03041203  10511.1836  34.6431728  3243.73805  
6.66999999  0.03041147  10511.1565  34.6422308  3243.70274  
6.67999999  0.03041091  10511.1289  34.6412848  3243.66746  
6.68999999  0.03041036  10511.1007  34.6403348  3243.63220  
6.69999999  0.03040980  10511.0721  34.6393810  3243.59697  
6.70999999  0.03040925  10511.0430  34.6384235  3243.56177  
6.71999999  0.03040870  10511.0135  34.6374625  3243.52660  
6.72999999  0.03040814  10510.9835  34.6364979  3243.49147  
6.73999999  0.03040760  10510.9530  34.6355300  3243.45637  
6.74999999  0.03040705  10510.9221  34.6345589  3243.42131  
6.75999999  0.03040650  10510.8907  34.6335846  3243.38629  
6.76999999  0.03040596  10510.8589  34.6326072  3243.35131  
6.77999999  0.03040541  10510.8267  34.6316269  3243.31638  
6.78999999  0.03040487  10510.7941  34.6306438  3243.28149  
6.79999999  0.03040433  10510.7611  34.6296580  3243.24665  
6.80999999  0.03040380  10510.7276  34.6286695  3243.21186  
6.81999999  0.03040326  10510.6938  34.6276785  3243.17713  
6.82999999  0.03040272  10510.6596  34.6266851  3243.14244  
6.83999999  0.03040219  10510.6250  34.6256894  3243.10782  
6.84999999  0.03040166  10510.5900  34.6246914  3243.07325  
6.85999999  0.03040113  10510.5546  34.6236913  3243.03874  
6.86999999  0.03040060  10510.5189  34.6226892  3243.00430  
6.87999999  0.03040008  10510.4828  34.6216851  3242.96991  
6.88999999  0.03039955  10510.4464  34.6206792  3242.93560  
6.89999999  0.03039903  10510.4096  34.6196715  3242.90135  
6.90999999  0.03039851  10510.3725  34.6186622  3242.86716  
6.91999999  0.03039799  10510.3351  34.6176513  3242.83305  
6.92999999  0.03039747  10510.2974  34.6166390  3242.79901  
6.93999999  0.03039696  10510.2593  34.6156252  3242.76505  
6.94999999  0.03039645  10510.2209  34.6146102  3242.73116  
6.95999999  0.03039594  10510.1822  34.6135940  3242.69734  
6.96999999  0.03039543  10510.1432  34.6125766  3242.66361  
6.97999999  0.03039492  10510.1040  34.6115582  3242.62995  
6.98999999  0.03039441  10510.0644  34.6105389  3242.59638  
6.99999999  0.03039391  10510.0246  34.6095187  3242.56289  
7.00999999  0.03039341  10509.9845  34.6084978  3242.52948  
7.01999999  0.03039291  10509.9441  34.6074761  3242.49616  
7.02999999  0.03039241  10509.9035  34.6064538  3242.46293  
7.03999999  0.03039192  10509.8626  34.6054310  3242.42979  
7.04999999  0.03039143  10509.8214  34.6044078  3242.39673  
7.05999999  0.03039093  10509.7800  34.6033841  3242.36377  
7.06999999  0.03039044  10509.7384  34.6023602  3242.33090  
7.07999999  0.03038996  10509.6966  34.6013361  3242.29812  
7.08999999  0.03038947  10509.6545  34.6003118  3242.26544  
7.09999999  0.03038899  10509.6122  34.5992874  3242.23286  
7.10999999  0.03038851  10509.5697  34.5982631  3242.20038  
7.11999999  0.03038803  10509.5269  34.5972389  3242.16799  
7.12999999  0.03038755  10509.4840  34.5962148  3242.13571  
7.13999999  0.03038708  10509.4409  34.5951909  3242.10352  
7.14999999  0.03038661  10509.3975  34.5941674  3242.07144  
7.15999999  0.03038614  10509.3540  34.5931442  3242.03947  
7.16999999  0.03038567  10509.3103  34.5921215  3242.00759  
7.17999999  0.03038521  10509.2665  34.5910992  3241.97583  
7.18999999  0.03038474  10509.2224  34.5900776  3241.94417  
7.19999999  0.03038428  10509.1782  34.5890566  3241.91262  
7.20999999  0.03038382  10509.1338  34.5880363  3241.88118  
7.21999999  0.03038337  10509.0893  34.5870168  3241.84985  
7.22999999  0.03038291  10509.0446  34.5859982  3241.81863  
7.23999999  0.03038246  10508.9998  34.5849804  3241.78753  
7.24999999  0.03038201  10508.9548  34.5839637  3241.75654  
7.25999999  0.03038156  10508.9097  34.5829480  3241.72566  
7.26999999  0.03038112  10508.8644  34.5819333  3241.69490  
7.27999999  0.03038067  10508.8191  34.5809199  3241.66425  
7.28999999  0.03038023  10508.7736  34.5799076  3241.63372  
7.29999999  0.03037979  10508.7280  34.5788967  3241.60331  
7.30999999  0.03037936  10508.6822  34.5778870  3241.57302  
7.31999999  0.03037892  10508.6364  34.5768788  3241.54285  
7.32999999  0.03037849  10508.5905  34.5758720  3241.51280  
7.33999999  0.03037806  10508.5444  34.5748668  3241.48287  
7.34999999  0.03037763  10508.4983  34.5738631  3241.45306  
7.35999999  0.03037721  10508.4521  34.5728610  3241.42337  
7.36999999  0.03037679  10508.4057  34.5718606  3241.39381  
7.37999999  0.03037637  10508.3593  34.5708619  3241.36438  
7.38999999  0.03037595  10508.3129  34.5698650  3241.33507  
7.39999999  0.03037553  10508.2663  34.5688700  3241.30588  
7.40999999  0.03037512  10508.2197  34.5678768  3241.27682  
7.41999999  0.03037471  10508.1730  34.5668856  3241.24789  
7.42999999  0.03037430  10508.1263  34.5658964  3241.21908  
7.43999999  0.03037389  10508.0795  34.5649091  3241.19041  
7.44999999  0.03037349  10508.0326  34.5639240  3241.16186  
7.45999999  0.03037309  10507.9857  34.5629410  3241.13345  
7.46999999  0.03037269  10507.9388  34.5619602  3241.10516  
7.47999999  0.03037229  10507.8918  34.5609816  3241.07700  
7.48999999  0.03037190  10507.8448  34.5600053  3241.04898  
7.49999999  0.03037150  10507.7977  34.5590313  3241.02109  
7.50999999  0.03037111  10507.7506  34.5580597  3240.99333  
7.51999999  0.03037073  10507.7035  34.5570904  3240.96570  
7.52999999  0.03037034  10507.6564  34.5561237  3240.93821  
7.53999999  0.03036996  10507.6092  34.5551594  3240.91085  
7.54999999  0.03036958  10507.5620  34.5541976  3240.88362  
7.55999999  0.03036920  10507.5148  34.5532384  3240.85653  
7.56999999  0.03036882  10507.4676  34.5522818  3240.82958  
7.57999999  0.03036845  10507.4205  34.5513279  3240.80276  
7.58999999  0.03036808  10507.3733  34.5503767  3240.77607  
7.59999999  0.03036771  10507.3261  34.5494282  3240.74953  
7.60999999  0.03036735  10507.2789  34.5484824  3240.72312  
7.61999999  0.03036698  10507.2317  34.5475395  3240.69685  
7.62999999  0.03036662  10507.1845  34.5465994  3240.67071  
7.63999999  0.03036626  10507.1374  34.5456622  3240.64471  
7.64999999  0.03036590  10507.0903  34.5447279  3240.61885  
7.65999999  0.03036555  10507.0432  34.5437965  3240.59313  
7.66999999  0.03036520  10506.9961  34.5428682  3240.56755  
7.67999999  0.03036485  10506.9490  34.5419428  3240.54211  
7.68999999  0.03036450  10506.9020  34.5410205  3240.51680  
7.69999999  0.03036415  10506.8550  34.5401013  3240.49164  
7.70999999  0.03036381  10506.8081  34.5391851  3240.46662  
7.71999999  0.03036347  10506.7612  34.5382722  3240.44173  
7.72999999  0.03036313  10506.7143  34.5373624  3240.41699  
7.73999999  0.03036280  10506.6675  34.5364558  3240.39239  
7.74999999  0.03036246  10506.6207  34.5355524  3240.36792  
7.75999999  0.03036213  10506.5740  34.5346523  3240.34360  
7.76999999  0.03036180  10506.5273  34.5337555  3240.31942  
7.77999999  0.03036148  10506.4807  34.5328620  3240.29538  
7.78999999  0.03036115  10506.4342  34.5319719  3240.27148  
7.79999999  0.03036083  10506.3877  34.5310851  3240.24772  
7.80999999  0.03036051  10506.3413  34.5302017  3240.22411  
7.81999999  0.03036020  10506.2950  34.5293218  3240.20063  
7.82999999  0.03035988  10506.2487  34.5284452  3240.17730  
7.83999999  0.03035957  10506.2025  34.5275722  3240.15411  
7.84999999  0.03035926  10506.1564  34.5267027  3240.13106  
7.85999999  0.03035895  10506.1103  34.5258366  3240.10815  
7.86999999  0.03035865  10506.0644  34.5249742  3240.08539  
7.87999999  0.03035834  10506.0185  34.5241153  3240.06277  
7.88999999  0.03035804  10505.9727  34.5232599  3240.04029  
7.89999999  0.03035774  10505.9270  34.5224082  3240.01795  
7.90999999  0.03035745  10505.8814  34.5215601  3239.99575  
7.91999999  0.03035715  10505.8359  34.5207157  3239.97369  
7.92999999  0.03035686  10505.7905  34.5198749  3239.95178  
7.93999999  0.03035657  10505.7452  34.5190378  3239.93001  
7.94999999  0.03035628  10505.6999  34.5182044  3239.90838  
7.95999999  0.03035600  10505.6548  34.5173748  3239.88689  
7.96999999  0.03035572  10505.6098  34.5165488  3239.86555  
7.97999999  0.03035544  10505.5649  34.5157267  3239.84434  
7.98999999  0.03035516  10505.5201  34.5149083  3239.82328  
7.99999999  0.03035488  10505.4754  34.5140937  3239.80236  
8.00999999  0.03035461  10505.4308  34.5132829  3239.78158  
8.01999999  0.03035434  10505.3863  34.5124760  3239.76094  
8.02999999  0.03035407  10505.3420  34.5116729  3239.74045  
8.03999999  0.03035380  10505.2978  34.5108736  3239.72009  
8.04999999  0.03035353  10505.2536  34.5100782  3239.69988  
8.05999999  0.03035327  10505.2097  34.5092867  3239.67980  
8.06999999  0.03035301  10505.1658  34.5084991  3239.65987  
8.07999999  0.03035275  10505.1220  34.5077154  3239.64008  
8.08999999  0.03035250  10505.0784  34.5069356  3239.62043  
8.09999999  0.03035224  10505.0349  34.5061597  3239.60091  
8.10999999  0.03035199  10504.9916  34.5053878  3239.58154  
8.11999999  0.03035174  10504.9484  34.5046199  3239.56231  
8.12999999  0.03035149  10504.9053  34.5038559  3239.54322  
8.13999999  0.03035125  10504.8623  34.5030959  3239.52427  
8.14999999  0.03035101  10504.8195  34.5023398  3239.50545  
8.15999999  0.03035076  10504.7768  34.5015878  3239.48678  
8.16999999  0.03035053  10504.7343  34.5008398  3239.46824  
8.17999999  0.03035029  10504.6919  34.5000957  3239.44985  
8.18999999  0.03035005  10504.6496  34.4993557  3239.43159  
8.19999999  0.03034982  10504.6075  34.4986198  3239.41347  
8.20999999  0.03034959  10504.5656  34.4978878  3239.39549  
8.21999999  0.03034936  10504.5238  34.4971599  3239.37764  
8.22999999  0.03034914  10504.4821  34.4964361  3239.35993  
8.23999999  0.03034891  10504.4406  34.4957163  3239.34236  
8.24999999  0.03034869  10504.3992  34.4950006  3239.32493  
8.25999999  0.03034847  10504.3580  34.4942889  3239.30763  
8.26999999  0.03034825  10504.3169  34.4935814  3239.29047  
8.27999999  0.03034804  10504.2760  34.4928779  3239.27344  
8.28999999  0.03034782  10504.2353  34.4921785  3239.25655  
8.29999999  0.03034761  10504.1947  34.4914831  3239.23980  
8.30999999  0.03034740  10504.1543  34.4907919  3239.22318  
8.31999999  0.03034719  10504.1140  34.4901047  3239.20669  
8.32999999  0.03034699  10504.0739  34.4894217  3239.19034  
8.33999999  0.03034678  10504.0339  34.4887427  3239.17412  
8.34999999  0.03034658  10503.9942  34.4880679  3239.15804  
8.35999999  0.03034638  10503.9545  34.4873972  3239.14209  
8.36999999  0.03034619  10503.9151  34.4867305  3239.12627  
8.37999999  0.03034599  10503.8758  34.4860680  3239.11058  
8.38999999  0.03034580  10503.8367  34.4854096  3239.09503  
8.39999999  0.03034560  10503.7977  34.4847553  3239.07960  
8.40999999  0.03034541  10503.7589  34.4841051  3239.06431  
8.41999999  0.03034523  10503.7203  34.4834590  3239.04915  
8.42999999  0.03034504  10503.6819  34.4828171  3239.03412  
8.43999999  0.03034486  10503.6436  34.4821792  3239.01922  
8.44999999  0.03034467  10503.6055  34.4815455  3239.00445  
8.45999999  0.03034449  10503.5676  34.4809158  3238.98981  
8.46999999  0.03034432  10503.5298  34.4802903  3238.97530  
8.47999999  0.03034414  10503.4922  34.4796689  3238.96092  
8.48999999  0.03034396  10503.4548  34.4790516  3238.94666  
8.49999999  0.03034379  10503.4176  34.4784384  3238.93254  
8.50999999  0.03034362  10503.3805  34.4778293  3238.91853  
8.51999999  0.03034345  10503.3437  34.4772243  3238.90466  
8.52999999  0.03034328  10503.3070  34.4766233  3238.89091  
8.53999999  0.03034312  10503.2704  34.4760265  3238.87729  
8.54999999  0.03034296  10503.2341  34.4754338  3238.86380  
8.55999999  0.03034279  10503.1979  34.4748451  3238.85043  
8.56999999  0.03034263  10503.1620  34.4742606  3238.83718  
8.57999999  0.03034248  10503.1262  34.4736801  3238.82406  
8.58999999  0.03034232  10503.0906  34.4731037  3238.81106  
8.59999999  0.03034217  10503.0551  34.4725313  3238.79818  
8.60999999  0.03034201  10503.0199  34.4719631  3238.78543  
8.61999999  0.03034186  10502.9848  34.4713988  3238.77280  
8.62999999  0.03034171  10502.9499  34.4708387  3238.76029  
8.63999999  0.03034156  10502.9152  34.4702825  3238.74790  
8.64999999  0.03034142  10502.8807  34.4697305  3238.73563  
8.65999999  0.03034127  10502.8464  34.4691824  3238.72349  
8.66999999  0.03034113  10502.8122  34.4686384  3238.71146  
8.67999999  0.03034099  10502.7783  34.4680984  3238.69955  
8.68999999  0.03034085  10502.7445  34.4675624  3238.68776  
8.69999999  0.03034072  10502.7109  34.4670305  3238.67609  
8.70999999  0.03034058  10502.6775  34.4665025  3238.66454  
8.71999999  0.03034045  10502.6443  34.4659785  3238.65310  
8.72999999  0.03034031  10502.6113  34.4654585  3238.64178  
8.73999999  0.03034018  10502.5785  34.4649425  3238.63058  
8.74999999  0.03034005  10502.5458  34.4644305  3238.61949  
8.75999999  0.03033993  10502.5133  34.4639224  3238.60852  
8.76999999  0.03033980  10502.4811  34.4634183  3238.59766  
8.77999999  0.03033968  10502.4490  34.4629181  3238.58692  
8.78999999  0.03033956  10502.4171  34.4624219  3238.57629  
8.79999999  0.03033943  10502.3854  34.4619296  3238.56578  
8.80999999  0.03033932  10502.3539  34.4614412  3238.55537  
8.81999999  0.03033920  10502.3225  34.4609567  3238.54508  
8.82999999  0.03033908  10502.2914  34.4604761  3238.53490  
8.83999999  0.03033897  10502.2604  34.4599995  3238.52483  
8.84999999  0.03033885  10502.2297  34.4595267  3238.51487  
8.85999999  0.03033874  10502.1991  34.4590577  3238.50502  
8.86999999  0.03033863  10502.1687  34.4585926  3238.49529  
8.87999999  0.03033852  10502.1385  34.4581314  3238.48566  
8.88999999  0.03033842  10502.1085  34.4576740  3238.47613  
8.89999999  0.03033831  10502.0787  34.4572205  3238.46672  
8.90999999  0.03033821  10502.0491  34.4567707  3238.45741  
8.91999999  0.03033811  10502.0196  34.4563248  3238.44821  
8.92999999  0.03033800  10501.9904  34.4558827  3238.43912  
8.93999999  0.03033790  10501.9613  34.4554443  3238.43013  
8.94999999  0.03033781  10501.9325  34.4550098  3238.42125  
8.95999999  0.03033771  10501.9038  34.4545789  3238.41247  
8.96999999  0.03033761  10501.8753  34.4541519  3238.40379  
8.97999999  0.03033752  10501.8470  34.4537286  3238.39522  
8.98999999  0.03033743  10501.8189  34.4533090  3238.38675  
8.99999999  0.03033734  10501.7910  34.4528931  3238.37838  
9.00999999  0.03033725  10501.7632  34.4524809  3238.37012  
9.01999999  0.03033716  10501.7357  34.4520724  3238.36195  
9.02999999  0.03033707  10501.7083  34.4516676  3238.35389  
9.03999999  0.03033699  10501.6812  34.4512664  3238.34593  
9.04999999  0.03033690  10501.6542  34.4508689  3238.33806  
9.05999999  0.03033682  10501.6274  34.4504751  3238.33030  
9.06999999  0.03033674  10501.6008  34.4500848  3238.32263  
9.07999999  0.03033666  10501.5744  34.4496982  3238.31506  
9.08999999  0.03033658  10501.5482  34.4493152  3238.30759  
9.09999999  0.03033650  10501.5221  34.4489358  3238.30022  
9.10999999  0.03033643  10501.4963  34.4485599  3238.29294  
9.11999999  0.03033635  10501.4706  34.4481876  3238.28575  
9.12999999  0.03033628  10501.4451  34.4478188  3238.27866  
9.13999999  0.03033621  10501.4198  34.4474536  3238.27167  
9.14999999  0.03033614  10501.3947  34.4470919  3238.26477  
9.15999999  0.03033607  10501.3698  34.4467337  3238.25796  
9.16999999  0.03033600  10501.3450  34.4463790  3238.25125  
9.17999999  0.03033593  10501.3205  34.4460277  3238.24462  
9.18999999  0.03033586  10501.2961  34.4456799  3238.23809  
9.19999999  0.03033580  10501.2719  34.4453356  3238.23165  
9.20999999  0.03033574  10501.2479  34.4449947  3238.22530  
9.21999999  0.03033567  10501.2241  34.4446572  3238.21904  
9.22999999  0.03033561  10501.2005  34.4443232  3238.21287  
9.23999999  0.03033555  10501.1770  34.4439925  3238.20679  
9.24999999  0.03033549  10501.1538  34.4436652  3238.20079  
9.25999999  0.03033544  10501.1307  34.4433412  3238.19489  
9.26999999  0.03033538  10501.1078  34.4430206  3238.18906  
9.27999999  0.03033532  10501.0850  34.4427033  3238.18333  
9.28999999  0.03033527  10501.0625  34.4423893  3238.17768  
9.29999999  0.03033522  10501.0401  34.4420787  3238.17212  
9.30999999  0.03033516  10501.0179  34.4417713  3238.16664  
9.31999999  0.03033511  10500.9959  34.4414672  3238.16125  
9.32999999  0.03033506  10500.9741  34.4411663  3238.15594  
9.33999999  0.03033501  10500.9525  34.4408687  3238.15071  
9.34999999  0.03033497  10500.9310  34.4405743  3238.14556  
9.35999999  0.03033492  10500.9097  34.4402831  3238.14050  
9.36999999  0.03033488  10500.8886  34.4399951  3238.13552  
9.37999999  0.03033483  10500.8677  34.4397103  3238.13062  
9.38999999  0.03033479  10500.8469  34.4394286  3238.12580  
9.39999999  0.03033475  10500.8263  34.4391501  3238.12105  
9.40999999  0.03033470  10500.8059  34.4388747  3238.11639  
9.41999999  0.03033466  10500.7857  34.4386024  3238.11181  
9.42999999  0.03033462  10500.7656  34.4383333  3238.10730  
9.43999999  0.03033459  10500.7457  34.4380672  3238.10287  
9.44999999  0.03033455  10500.7260  34.4378041  3238.09852  
9.45999999  0.03033451  10500.7064  34.4375442  3238.09424  
9.46999999  0.03033448  10500.6871  34.4372872  3238.09004  
9.47999999  0.03033444  10500.6679  34.4370333  3238.08591  
9.48999999  0.03033441  10500.6488  34.4367824  3238.08186  
9.49999999  0.03033438  10500.6300  34.4365344  3238.07789  
9.50999999  0.03033435  10500.6113  34.4362894  3238.07398  
9.51999999  0.03033431  10500.5928  34.4360474  3238.07015  
9.52999999  0.03033429  10500.5744  34.4358083  3238.06639  
9.53999999  0.03033426  10500.5562  34.4355722  3238.06270  
9.54999999  0.03033423  10500.5382  34.4353389  3238.05909  
9.55999999  0.03033420  10500.5203  34.4351086  3238.05554  
9.56999999  0.03033418  10500.5027  34.4348811  3238.05207  
9.57999999  0.03033415  10500.4851  34.4346564  3238.04866  
9.58999999  0.03033413  10500.4678  34.4344346  3238.04533  
9.59999999  0.03033410  10500.4506  34.4342156  3238.04206  
9.60999999  0.03033408  10500.4336  34.4339995  3238.03886  
9.61999999  0.03033406  10500.4167  34.4337861  3238.03572  
9.62999999  0.03033404  10500.4000  34.4335755  3238.03266  
9.63999999  0.03033402  10500.3835  34.4333676  3238.02966  
9.64999999  0.03033400  10500.3671  34.4331625  3238.02672  
9.65999999  0.03033398  10500.3509  34.4329601  3238.02385  
9.66999999  0.03033396  10500.3348  34.4327605  3238.02105  
9.67999999  0.03033395  10500.3189  34.4325635  3238.01831  
9.68999999  0.03033393  10500.3031  34.4323692  3238.01563  
9.69999999  0.03033391  10500.2876  34.4321775  3238.01302  
9.70999999  0.03033390  10500.2721  34.4319885  3238.01047  
9.71999999  0.03033389  10500.2569  34.4318021  3238.00798  
9.72999999  0.03033387  10500.2417  34.4316184  3238.00555  
9.73999999  0.03033386  10500.2268  34.4314372  3238.00318  
9.74999999  0.03033385  10500.2120  34.4312586  3238.00088  
9.75999999  0.03033384  10500.1973  34.4310825  3237.99863  
9.76999999  0.03033383  10500.1828  34.4309090  3237.99644  
9.77999999  0.03033382  10500.1685  34.4307381  3237.99431  
9.78999999  0.03033381  10500.1543  34.4305696  3237.99224  
9.79999999  0.03033380  10500.1402  34.4304036  3237.99023  
9.80999999  0.03033380  10500.1263  34.4302401  3237.98828  
9.81999999  0.03033379  10500.1126  34.4300791  3237.98638  
9.82999999  0.03033379  10500.0990  34.4299205  3237.98454  
9.83999999  0.03033378  10500.0855  34.4297643  3237.98275  
9.84999999  0.03033378  10500.0722  34.4296106  3237.98102  
9.85999999  0.03033377  10500.0591  34.4294592  3237.97934  
9.86999999  0.03033377  10500.0461  34.4293102  3237.97772  
9.87999999  0.03033377  10500.0332  34.4291636  3237.97615  
9.88999999  0.03033377  10500.0205  34.4290194  3237.97464  
9.89999999  0.03033377  10500.0079  34.4288774  3237.97318  
9.90999999  0.03033376  10499.9955  34.4287378  3237.97177  
9.91999999  0.03033376  10499.9832  34.4286005  3237.97041  
9.92999999  0.03033377  10499.9710  34.4284654  3237.96910  
9.93999999  0.03033377  10499.9590  34.4283326  3237.96785  
9.94999999  0.03033377  10499.9471  34.4282021  3237.96664  
9.95999999  0.03033377  10499.9354  34.4280738  3237.96549  
9.96999999  0.03033378  10499.9238  34.4279477  3237.96438  
9.97999999  0.03033378  10499.9123  34.4278238  3237.96332  
9.98999999  0.03033378  10499.9010  34.4277021  3237.96231  
9.99999999  0.03033379  10499.8898  34.4275826  3237.96135  
10.0099999  0.03033379  10499.8788  34.4274652  3237.96044  
