******************************************************************************************

time =  0.0

******************
Ports*************
******************

Electric Ports


Fluid Ports

start      FNo         W:815.49      Tt:451.4621    Pt:5.569581    FAR:0.0         MN:0.85        Ts:393.8539    Ps:3.458029  
inlet      FNi         W:815.49      Tt:451.4621    Pt:5.569581    FAR:0.0         MN:0.0         Ts:393.8539    Ps:3.458029  
inlet      FNo         W:815.49      Tt:451.4621    Pt:5.558442    FAR:0.0         MN:0.0         Ts:0.0         Ps:0.0       
fan        FNi         W:815.49      Tt:451.4621    Pt:5.558442    FAR:0.0         MN:0.0         Ts:0.0         Ps:0.0       
fan        FNideal     W:815.49      Tt:487.2193    Pt:7.225975    FAR:0.0         MN:0.0         Ts:0.0         Ps:0.0       
fan        FNo         W:815.49      Tt:488.3671    Pt:7.225975    FAR:0.0         MN:0.0         Ts:0.0         Ps:0.0       
fan        FNoBld1     W:0.0         Tt:451.4621    Pt:5.558442    FAR:0.0         MN:0.0         Ts:0.0         Ps:0.0       
fan        FNoBld2     W:0.0         Tt:451.4621    Pt:5.558442    FAR:0.0         MN:0.0         Ts:0.0         Ps:0.0       
splitter   FNi         W:815.49      Tt:488.3671    Pt:7.225975    FAR:0.0         MN:0.0         Ts:0.0         Ps:0.0       
splitter   FNo1        W:45.305      Tt:488.3671    Pt:7.225975    FAR:0.0         MN:0.0         Ts:0.0         Ps:0.0       
splitter   FNo2        W:770.185     Tt:488.3671    Pt:7.225975    FAR:0.0         MN:0.0         Ts:0.0         Ps:0.0       
duct2      FNi         W:45.305      Tt:488.3671    Pt:7.225975    FAR:0.0         MN:0.0         Ts:0.0         Ps:0.0       
duct2      FNo         W:45.305      Tt:488.3671    Pt:7.153715    FAR:0.0         MN:0.0         Ts:0.0         Ps:0.0       
LPC        FNi         W:45.305      Tt:488.3671    Pt:7.153715    FAR:0.0         MN:0.0         Ts:0.0         Ps:0.0       
LPC        FNideal     W:45.305      Tt:666.0768    Pt:21.46114    FAR:0.0         MN:0.0         Ts:0.0         Ps:0.0       
LPC        FNo         W:45.30499    Tt:688.0166    Pt:21.46114    FAR:0.0         MN:0.0         Ts:0.0         Ps:0.0       
LPC        FNoBld1     W:4.5305e-    Tt:628.3790    Pt:10.01520    FAR:0.0         MN:0.0         Ts:0.0         Ps:0.0       
LPC        FNoBld2     W:4.5305e-    Tt:668.1616    Pt:12.87668    FAR:0.0         MN:0.0         Ts:0.0         Ps:0.0       
duct25     FNi         W:45.30499    Tt:688.0166    Pt:21.46114    FAR:0.0         MN:0.0         Ts:0.0         Ps:0.0       
duct25     FNo         W:45.30499    Tt:688.0166    Pt:21.13922    FAR:0.0         MN:0.0         Ts:0.0         Ps:0.0       
HPC        FNi         W:45.30499    Tt:688.0166    Pt:21.13922    FAR:0.0         MN:0.0         Ts:0.0         Ps:0.0       
HPC        FNideal     W:45.30499    Tt:1426.227    Pt:298.1265    FAR:0.0         MN:0.0         Ts:0.0         Ps:0.0       
HPC        FNo         W:38.43494    Tt:1553.112    Pt:298.1265    FAR:0.0         MN:0.0         Ts:0.0         Ps:0.0       
HPC        FNoBld1     W:3.435025    Tt:1017.737    Pt:102.4853    FAR:0.0         MN:0.0         Ts:0.0         Ps:0.0       
HPC        FNoBld2     W:3.435025    Tt:1031.764    Pt:106.9171    FAR:0.0         MN:0.0         Ts:0.0         Ps:0.0       
burner     FNi         W:38.43494    Tt:1553.112    Pt:298.1265    FAR:0.0         MN:0.0         Ts:0.0         Ps:0.0       
burner     FNo         W:39.50344    Tt:3165.875    Pt:286.2014    FAR:0.0278      MN:0.0         Ts:0.0         Ps:0.0       
HPT        FN41        W:42.93846    Tt:3008.740    Pt:286.2014    FAR:0.025519    MN:0.0         Ts:0.0         Ps:0.0       
HPT        FN42        W:42.93846    Tt:2225.148    Pt:64.82734    FAR:0.025519    MN:0.0         Ts:0.0         Ps:0.0       
HPT        FNi         W:39.50344    Tt:3165.875    Pt:286.2014    FAR:0.0278      MN:0.0         Ts:0.0         Ps:0.0       
HPT        FNiBld1     W:3.435025    Tt:1031.764    Pt:106.9171    FAR:0.0         MN:0.0         Ts:0.0         Ps:0.0       
HPT        FNiBld2     W:3.435025    Tt:1017.737    Pt:102.4853    FAR:0.0         MN:0.0         Ts:0.0         Ps:0.0       
HPT        FNideal     W:42.93846    Tt:2155.256    Pt:64.82734    FAR:0.025519    MN:0.0         Ts:0.0         Ps:0.0       
HPT        FNo         W:46.37349    Tt:2137.805    Pt:64.82734    FAR:0.023584    MN:0.0         Ts:0.0         Ps:0.0       
duct45     FNi         W:46.37349    Tt:2137.805    Pt:64.82734    FAR:0.023584    MN:0.0         Ts:0.0         Ps:0.0       
duct45     FNo         W:46.37349    Tt:2137.805    Pt:64.50321    FAR:0.023584    MN:0.0         Ts:0.0         Ps:0.0       
LPT        FN41        W:46.37349    Tt:2137.805    Pt:64.50321    FAR:0.023584    MN:0.0         Ts:0.0         Ps:0.0       
LPT        FN42        W:46.37349    Tt:1430.234    Pt:10.93853    FAR:0.023584    MN:0.0         Ts:0.0         Ps:0.0       
LPT        FNi         W:46.37349    Tt:2137.805    Pt:64.50321    FAR:0.023584    MN:0.0         Ts:0.0         Ps:0.0       
LPT        FNiBld1     W:0.0         Tt:0.0         Pt:0.0         FAR:0.0         MN:0.0         Ts:0.0         Ps:0.0       
LPT        FNiBld2     W:0.0         Tt:0.0         Pt:0.0         FAR:0.0         MN:0.0         Ts:0.0         Ps:0.0       
LPT        FNideal     W:46.37349    Tt:1382.989    Pt:10.93853    FAR:0.023584    MN:0.0         Ts:0.0         Ps:0.0       
LPT        FNo         W:46.37349    Tt:1430.234    Pt:10.93853    FAR:0.023584    MN:0.0         Ts:0.0         Ps:0.0       
duct5      FNi         W:46.37349    Tt:1430.234    Pt:10.93853    FAR:0.023584    MN:0.0         Ts:0.0         Ps:0.0       
duct5      FNo         W:46.37349    Tt:1430.234    Pt:10.82914    FAR:0.023584    MN:0.0         Ts:0.0         Ps:0.0       
priNozzl   FNi         W:46.37349    Tt:1430.234    Pt:10.82914    FAR:0.023584    MN:0.0         Ts:0.0         Ps:0.0       
priNozzl   FNo         W:46.37349    Tt:1430.234    Pt:10.82914    FAR:0.023584    MN:1.0         Ts:1219.830    Ps:5.696288  
duct17     FNi         W:770.185     Tt:488.3671    Pt:7.225975    FAR:0.0         MN:0.0         Ts:0.0         Ps:0.0       
duct17     FNo         W:770.185     Tt:488.3671    Pt:7.117585    FAR:0.0         MN:0.0         Ts:0.0         Ps:0.0       
fanNozzl   FNi         W:770.185     Tt:488.3671    Pt:7.117585    FAR:0.0         MN:0.0         Ts:0.0         Ps:0.0       
fanNozzl   FNo         W:770.185     Tt:488.3671    Pt:7.117585    FAR:0.0         MN:1.0         Ts:406.2583    Ps:3.755485  

Mech Ports

fan        MP          N:10000.0     hp:-10162.4    I:0.0       
LPC        MP          N:10000.0     hp:-3074.57    I:0.0       
HPC        MP          N:10000.0     hp:-14805.5    I:0.0       
HPT        MP          N:10000.0     hp:14655.90    I:0.0       
LPT        MP          N:10000.0     hp:13236.88    I:0.0       
HPshaft    MPC         N:10000.0     hp:-14805.5    I:0.0       
HPshaft    MPT         N:10000.0     hp:14655.90    I:0.0       
LPshaft    MPfan       N:10000.0     hp:-10162.4    I:0.0       
LPshaft    MPlpc       N:10000.0     hp:-3074.57    I:0.0       
LPshaft    MPlpt       N:10000.0     hp:13236.88    I:0.0       

*******************
Elements***********
*******************

FlightCond  start       W:815.49    Tt:451.462  Pt:5.56958  Tamb:393.8  Pamb:3.458  
Duct        inlet       dP:0.002    Q:0.0       
Compressor  fan         PR:1.3      eff:0.9689  Rline:2.0   NcMap:0.99  
Splitter    splitter    BPR:17.0    
Duct        duct2       dP:0.01     Q:0.0       
Compressor  LPC         PR:3.00000  eff:0.8895  Rline:2.0   NcMap:1.0   
Duct        duct25      dP:0.015    Q:0.0       
Compressor  HPC         PR:14.103   eff:0.8469  Rline:2.0   NcMap:1.0   
Burner      burner      FAR:0.0278  Tout:0.0    Wfuel:1.06  dP:0.04     
Turbine     HPT         PR:4.41482  eff:0.9225  PRmap:3.0   NcMap:0.9   
Duct        duct45      dP:0.005    Q:0.0       
Turbine     LPT         PR:5.89688  eff:0.9400  PRmap:6.0   NcMap:0.89  
Duct        duct5       dP:0.01     Q:0.0       
Nozzle      priNozzle   Fg:3136.04  
Duct        duct17      dP:0.015    Q:0.0       
Nozzle      fanNozzle   Fg:25035.3  
Shaft       HPshaft     N:10000.0   HPX:150.0   
Shaft       LPshaft     N:10000.0   HPX:0.0     
Performanc  Perf        alt:35000.  MN:0.85     Fn:7167.70  SFC:0.5366  Fg:28171.3  Fram:21003  Wfuel:1.06   

****************
Solver**********
****************

Converged:True

******************************************************************************************

time =  0.0

******************
Ports*************
******************

Electric Ports


Fluid Ports

start      FNo         W:815.49      Tt:451.4621    Pt:5.569581    FAR:0.0         MN:0.85        Ts:393.8539    Ps:3.458029  
inlet      FNi         W:815.49      Tt:451.4621    Pt:5.569581    FAR:0.0         MN:0.0         Ts:393.8539    Ps:3.458029  
inlet      FNo         W:815.49      Tt:451.4621    Pt:5.558442    FAR:0.0         MN:0.0         Ts:0.0         Ps:0.0       
fan        FNi         W:815.49      Tt:451.4621    Pt:5.558442    FAR:0.0         MN:0.0         Ts:0.0         Ps:0.0       
fan        FNideal     W:815.49      Tt:487.2193    Pt:7.225975    FAR:0.0         MN:0.0         Ts:0.0         Ps:0.0       
fan        FNo         W:815.49      Tt:488.3671    Pt:7.225975    FAR:0.0         MN:0.0         Ts:0.0         Ps:0.0       
fan        FNoBld1     W:0.0         Tt:451.4621    Pt:5.558442    FAR:0.0         MN:0.0         Ts:0.0         Ps:0.0       
fan        FNoBld2     W:0.0         Tt:451.4621    Pt:5.558442    FAR:0.0         MN:0.0         Ts:0.0         Ps:0.0       
splitter   FNi         W:815.49      Tt:488.3671    Pt:7.225975    FAR:0.0         MN:0.0         Ts:0.0         Ps:0.0       
splitter   FNo1        W:45.305      Tt:488.3671    Pt:7.225975    FAR:0.0         MN:0.0         Ts:0.0         Ps:0.0       
splitter   FNo2        W:770.185     Tt:488.3671    Pt:7.225975    FAR:0.0         MN:0.0         Ts:0.0         Ps:0.0       
duct2      FNi         W:45.305      Tt:488.3671    Pt:7.225975    FAR:0.0         MN:0.0         Ts:0.0         Ps:0.0       
duct2      FNo         W:45.305      Tt:488.3671    Pt:7.153715    FAR:0.0         MN:0.0         Ts:0.0         Ps:0.0       
LPC        FNi         W:45.305      Tt:488.3671    Pt:7.153715    FAR:0.0         MN:0.0         Ts:0.0         Ps:0.0       
LPC        FNideal     W:45.305      Tt:666.0768    Pt:21.46114    FAR:0.0         MN:0.0         Ts:0.0         Ps:0.0       
LPC        FNo         W:45.30499    Tt:688.0166    Pt:21.46114    FAR:0.0         MN:0.0         Ts:0.0         Ps:0.0       
LPC        FNoBld1     W:4.5305e-    Tt:628.3790    Pt:10.01520    FAR:0.0         MN:0.0         Ts:0.0         Ps:0.0       
LPC        FNoBld2     W:4.5305e-    Tt:668.1616    Pt:12.87668    FAR:0.0         MN:0.0         Ts:0.0         Ps:0.0       
duct25     FNi         W:45.30499    Tt:688.0166    Pt:21.46114    FAR:0.0         MN:0.0         Ts:0.0         Ps:0.0       
duct25     FNo         W:45.30499    Tt:688.0166    Pt:21.13922    FAR:0.0         MN:0.0         Ts:0.0         Ps:0.0       
HPC        FNi         W:45.30499    Tt:688.0166    Pt:21.13922    FAR:0.0         MN:0.0         Ts:0.0         Ps:0.0       
HPC        FNideal     W:45.30499    Tt:1426.227    Pt:298.1265    FAR:0.0         MN:0.0         Ts:0.0         Ps:0.0       
HPC        FNo         W:38.43494    Tt:1553.112    Pt:298.1265    FAR:0.0         MN:0.0         Ts:0.0         Ps:0.0       
HPC        FNoBld1     W:3.435025    Tt:1017.737    Pt:102.4853    FAR:0.0         MN:0.0         Ts:0.0         Ps:0.0       
HPC        FNoBld2     W:3.435025    Tt:1031.764    Pt:106.9171    FAR:0.0         MN:0.0         Ts:0.0         Ps:0.0       
burner     FNi         W:38.43494    Tt:1553.112    Pt:298.1265    FAR:0.0         MN:0.0         Ts:0.0         Ps:0.0       
burner     FNo         W:39.50344    Tt:3165.875    Pt:286.2014    FAR:0.0278      MN:0.0         Ts:0.0         Ps:0.0       
HPT        FN41        W:42.93846    Tt:3008.740    Pt:286.2014    FAR:0.025519    MN:0.0         Ts:0.0         Ps:0.0       
HPT        FN42        W:42.93846    Tt:2225.148    Pt:64.82734    FAR:0.025519    MN:0.0         Ts:0.0         Ps:0.0       
HPT        FNi         W:39.50344    Tt:3165.875    Pt:286.2014    FAR:0.0278      MN:0.0         Ts:0.0         Ps:0.0       
HPT        FNiBld1     W:3.435025    Tt:1031.764    Pt:106.9171    FAR:0.0         MN:0.0         Ts:0.0         Ps:0.0       
HPT        FNiBld2     W:3.435025    Tt:1017.737    Pt:102.4853    FAR:0.0         MN:0.0         Ts:0.0         Ps:0.0       
HPT        FNideal     W:42.93846    Tt:2155.256    Pt:64.82734    FAR:0.025519    MN:0.0         Ts:0.0         Ps:0.0       
HPT        FNo         W:46.37349    Tt:2137.805    Pt:64.82734    FAR:0.023584    MN:0.0         Ts:0.0         Ps:0.0       
duct45     FNi         W:46.37349    Tt:2137.805    Pt:64.82734    FAR:0.023584    MN:0.0         Ts:0.0         Ps:0.0       
duct45     FNo         W:46.37349    Tt:2137.805    Pt:64.50321    FAR:0.023584    MN:0.0         Ts:0.0         Ps:0.0       
LPT        FN41        W:46.37349    Tt:2137.805    Pt:64.50321    FAR:0.023584    MN:0.0         Ts:0.0         Ps:0.0       
LPT        FN42        W:46.37349    Tt:1430.234    Pt:10.93853    FAR:0.023584    MN:0.0         Ts:0.0         Ps:0.0       
LPT        FNi         W:46.37349    Tt:2137.805    Pt:64.50321    FAR:0.023584    MN:0.0         Ts:0.0         Ps:0.0       
LPT        FNiBld1     W:0.0         Tt:0.0         Pt:0.0         FAR:0.0         MN:0.0         Ts:0.0         Ps:0.0       
LPT        FNiBld2     W:0.0         Tt:0.0         Pt:0.0         FAR:0.0         MN:0.0         Ts:0.0         Ps:0.0       
LPT        FNideal     W:46.37349    Tt:1382.989    Pt:10.93853    FAR:0.023584    MN:0.0         Ts:0.0         Ps:0.0       
LPT        FNo         W:46.37349    Tt:1430.234    Pt:10.93853    FAR:0.023584    MN:0.0         Ts:0.0         Ps:0.0       
duct5      FNi         W:46.37349    Tt:1430.234    Pt:10.93853    FAR:0.023584    MN:0.0         Ts:0.0         Ps:0.0       
duct5      FNo         W:46.37349    Tt:1430.234    Pt:10.82914    FAR:0.023584    MN:0.0         Ts:0.0         Ps:0.0       
priNozzl   FNi         W:46.37349    Tt:1430.234    Pt:10.82914    FAR:0.023584    MN:0.0         Ts:0.0         Ps:0.0       
priNozzl   FNo         W:46.37349    Tt:1430.234    Pt:10.82914    FAR:0.023584    MN:1.0         Ts:1219.830    Ps:5.696288  
duct17     FNi         W:770.185     Tt:488.3671    Pt:7.225975    FAR:0.0         MN:0.0         Ts:0.0         Ps:0.0       
duct17     FNo         W:770.185     Tt:488.3671    Pt:7.117585    FAR:0.0         MN:0.0         Ts:0.0         Ps:0.0       
fanNozzl   FNi         W:770.185     Tt:488.3671    Pt:7.117585    FAR:0.0         MN:0.0         Ts:0.0         Ps:0.0       
fanNozzl   FNo         W:770.185     Tt:488.3671    Pt:7.117585    FAR:0.0         MN:1.0         Ts:406.2583    Ps:3.755485  

Mech Ports

fan        MP          N:10000.0     hp:-10162.4    I:0.0       
LPC        MP          N:10000.0     hp:-3074.57    I:0.0       
HPC        MP          N:10000.0     hp:-14805.5    I:0.0       
HPT        MP          N:10000.0     hp:14655.90    I:0.0       
LPT        MP          N:10000.0     hp:13236.88    I:0.0       
HPshaft    MPC         N:10000.0     hp:-14805.5    I:0.0       
HPshaft    MPT         N:10000.0     hp:14655.90    I:0.0       
LPshaft    MPfan       N:10000.0     hp:-10162.4    I:0.0       
LPshaft    MPlpc       N:10000.0     hp:-3074.57    I:0.0       
LPshaft    MPlpt       N:10000.0     hp:13236.88    I:0.0       

*******************
Elements***********
*******************

FlightCond  start       W:815.49    Tt:451.462  Pt:5.56958  Tamb:393.8  Pamb:3.458  
Duct        inlet       dP:0.002    Q:0.0       
Compressor  fan         PR:1.3      eff:0.9689  Rline:2.0   NcMap:0.99  
Splitter    splitter    BPR:17.0    
Duct        duct2       dP:0.01     Q:0.0       
Compressor  LPC         PR:3.00000  eff:0.8895  Rline:2.0   NcMap:1.0   
Duct        duct25      dP:0.015    Q:0.0       
Compressor  HPC         PR:14.103   eff:0.8469  Rline:2.0   NcMap:1.0   
Burner      burner      FAR:0.0278  Tout:0.0    Wfuel:1.06  dP:0.04     
Turbine     HPT         PR:4.41482  eff:0.9225  PRmap:3.0   NcMap:0.9   
Duct        duct45      dP:0.005    Q:0.0       
Turbine     LPT         PR:5.89688  eff:0.9400  PRmap:6.0   NcMap:0.89  
Duct        duct5       dP:0.01     Q:0.0       
Nozzle      priNozzle   Fg:3136.04  
Duct        duct17      dP:0.015    Q:0.0       
Nozzle      fanNozzle   Fg:25035.3  
Shaft       HPshaft     N:10000.0   HPX:150.0   
Shaft       LPshaft     N:10000.0   HPX:0.0     
Performanc  Perf        alt:35000.  MN:0.85     Fn:7167.70  SFC:0.5366  Fg:28171.3  Fram:21003  Wfuel:1.06   

****************
Solver**********
****************

Converged:True

******************************************************************************************

time =  0.0

******************
Ports*************
******************

Electric Ports


Fluid Ports

start      FNo         W:815.4895    Tt:451.4621    Pt:5.569581    FAR:0.0         MN:0.85        Ts:393.8539    Ps:3.458029  
inlet      FNi         W:815.4895    Tt:451.4621    Pt:5.569581    FAR:0.0         MN:0.0         Ts:393.8539    Ps:3.458029  
inlet      FNo         W:815.4895    Tt:451.4621    Pt:5.558442    FAR:0.0         MN:0.0         Ts:0.0         Ps:0.0       
fan        FNi         W:815.4895    Tt:451.4621    Pt:5.558442    FAR:0.0         MN:0.0         Ts:0.0         Ps:0.0       
fan        FNideal     W:815.4895    Tt:487.2192    Pt:7.225969    FAR:0.0         MN:0.0         Ts:0.0         Ps:0.0       
fan        FNo         W:815.4895    Tt:488.3669    Pt:7.225969    FAR:0.0         MN:0.0         Ts:0.0         Ps:0.0       
fan        FNoBld1     W:0.0         Tt:451.4621    Pt:5.558442    FAR:0.0         MN:0.0         Ts:0.0         Ps:0.0       
fan        FNoBld2     W:0.0         Tt:451.4621    Pt:5.558442    FAR:0.0         MN:0.0         Ts:0.0         Ps:0.0       
splitter   FNi         W:815.4895    Tt:488.3669    Pt:7.225969    FAR:0.0         MN:0.0         Ts:0.0         Ps:0.0       
splitter   FNo1        W:45.30518    Tt:488.3669    Pt:7.225969    FAR:0.0         MN:0.0         Ts:0.0         Ps:0.0       
splitter   FNo2        W:770.1843    Tt:488.3669    Pt:7.225969    FAR:0.0         MN:0.0         Ts:0.0         Ps:0.0       
duct2      FNi         W:45.30518    Tt:488.3669    Pt:7.225969    FAR:0.0         MN:0.0         Ts:0.0         Ps:0.0       
duct2      FNo         W:45.30518    Tt:488.3669    Pt:7.153709    FAR:0.0         MN:0.0         Ts:0.0         Ps:0.0       
LPC        FNi         W:45.30518    Tt:488.3669    Pt:7.153709    FAR:0.0         MN:0.0         Ts:0.0         Ps:0.0       
LPC        FNideal     W:45.30518    Tt:666.0739    Pt:21.46077    FAR:0.0         MN:0.0         Ts:0.0         Ps:0.0       
LPC        FNo         W:45.30518    Tt:688.0165    Pt:21.46077    FAR:0.0         MN:0.0         Ts:0.0         Ps:0.0       
LPC        FNoBld1     W:4.530518    Tt:628.3788    Pt:10.01494    FAR:0.0         MN:0.0         Ts:0.0         Ps:0.0       
LPC        FNoBld2     W:4.530518    Tt:668.1614    Pt:12.87636    FAR:0.0         MN:0.0         Ts:0.0         Ps:0.0       
duct25     FNi         W:45.30518    Tt:688.0165    Pt:21.46077    FAR:0.0         MN:0.0         Ts:0.0         Ps:0.0       
duct25     FNo         W:45.30518    Tt:688.0165    Pt:21.13886    FAR:0.0         MN:0.0         Ts:0.0         Ps:0.0       
HPC        FNi         W:45.30518    Tt:688.0165    Pt:21.13886    FAR:0.0         MN:0.0         Ts:0.0         Ps:0.0       
HPC        FNideal     W:45.30518    Tt:1426.237    Pt:298.1300    FAR:0.0         MN:0.0         Ts:0.0         Ps:0.0       
HPC        FNo         W:38.43511    Tt:1553.137    Pt:298.1300    FAR:0.0         MN:0.0         Ts:0.0         Ps:0.0       
HPC        FNoBld1     W:3.435039    Tt:1017.747    Pt:102.4867    FAR:0.0         MN:0.0         Ts:0.0         Ps:0.0       
HPC        FNoBld2     W:3.435039    Tt:1031.774    Pt:106.9186    FAR:0.0         MN:0.0         Ts:0.0         Ps:0.0       
burner     FNi         W:38.43511    Tt:1553.137    Pt:298.1300    FAR:0.0         MN:0.0         Ts:0.0         Ps:0.0       
burner     FNo         W:39.50360    Tt:3165.895    Pt:286.2048    FAR:0.0278      MN:0.0         Ts:0.0         Ps:0.0       
HPT        FN41        W:42.93864    Tt:3008.760    Pt:286.2048    FAR:0.025519    MN:0.0         Ts:0.0         Ps:0.0       
HPT        FN42        W:42.93864    Tt:2225.163    Pt:64.82807    FAR:0.025519    MN:0.0         Ts:0.0         Ps:0.0       
HPT        FNi         W:39.50360    Tt:3165.895    Pt:286.2048    FAR:0.0278      MN:0.0         Ts:0.0         Ps:0.0       
HPT        FNiBld1     W:3.435039    Tt:1031.774    Pt:106.9186    FAR:0.0         MN:0.0         Ts:0.0         Ps:0.0       
HPT        FNiBld2     W:3.435039    Tt:1017.747    Pt:102.4867    FAR:0.0         MN:0.0         Ts:0.0         Ps:0.0       
HPT        FNideal     W:42.93864    Tt:2155.271    Pt:64.82807    FAR:0.025519    MN:0.0         Ts:0.0         Ps:0.0       
HPT        FNo         W:46.37368    Tt:2137.820    Pt:64.82807    FAR:0.023584    MN:0.0         Ts:0.0         Ps:0.0       
duct45     FNi         W:46.37368    Tt:2137.820    Pt:64.82807    FAR:0.023584    MN:0.0         Ts:0.0         Ps:0.0       
duct45     FNo         W:46.37368    Tt:2137.820    Pt:64.50393    FAR:0.023584    MN:0.0         Ts:0.0         Ps:0.0       
LPT        FN41        W:46.37368    Tt:2137.820    Pt:64.50393    FAR:0.023584    MN:0.0         Ts:0.0         Ps:0.0       
LPT        FN42        W:46.37368    Tt:1430.245    Pt:10.93866    FAR:0.023584    MN:0.0         Ts:0.0         Ps:0.0       
LPT        FNi         W:46.37368    Tt:2137.820    Pt:64.50393    FAR:0.023584    MN:0.0         Ts:0.0         Ps:0.0       
LPT        FNiBld1     W:0.0         Tt:0.0         Pt:0.0         FAR:0.0         MN:0.0         Ts:0.0         Ps:0.0       
LPT        FNiBld2     W:0.0         Tt:0.0         Pt:0.0         FAR:0.0         MN:0.0         Ts:0.0         Ps:0.0       
LPT        FNideal     W:46.37368    Tt:1382.999    Pt:10.93866    FAR:0.023584    MN:0.0         Ts:0.0         Ps:0.0       
LPT        FNo         W:46.37368    Tt:1430.245    Pt:10.93866    FAR:0.023584    MN:0.0         Ts:0.0         Ps:0.0       
duct5      FNi         W:46.37368    Tt:1430.245    Pt:10.93866    FAR:0.023584    MN:0.0         Ts:0.0         Ps:0.0       
duct5      FNo         W:46.37368    Tt:1430.245    Pt:10.82927    FAR:0.023584    MN:0.0         Ts:0.0         Ps:0.0       
priNozzl   FNi         W:46.37368    Tt:1430.245    Pt:10.82927    FAR:0.023584    MN:0.0         Ts:0.0         Ps:0.0       
priNozzl   FNo         W:46.37368    Tt:1430.245    Pt:10.82927    FAR:0.023584    MN:1.0         Ts:1219.840    Ps:5.696337  
duct17     FNi         W:770.1843    Tt:488.3669    Pt:7.225969    FAR:0.0         MN:0.0         Ts:0.0         Ps:0.0       
duct17     FNo         W:770.1843    Tt:488.3669    Pt:7.117579    FAR:0.0         MN:0.0         Ts:0.0         Ps:0.0       
fanNozzl   FNi         W:770.1843    Tt:488.3669    Pt:7.117579    FAR:0.0         MN:0.0         Ts:0.0         Ps:0.0       
fanNozzl   FNo         W:770.1843    Tt:488.3669    Pt:7.117579    FAR:0.0         MN:1.0         Ts:406.2582    Ps:3.755482  

Mech Ports

fan        MP          N:9999.986    hp:-10162.4    I:0.0       
LPC        MP          N:9999.986    hp:-3074.59    I:0.0       
HPC        MP          N:10000.18    hp:-14806.1    I:0.0       
HPT        MP          N:10000.18    hp:14656.06    I:0.0       
LPT        MP          N:9999.986    hp:13237.02    I:0.0       
HPshaft    MPC         N:10000.18    hp:-14806.1    I:0.0       
HPshaft    MPT         N:10000.18    hp:14656.06    I:0.0       
LPshaft    MPfan       N:9999.986    hp:-10162.4    I:0.0       
LPshaft    MPlpc       N:9999.986    hp:-3074.59    I:0.0       
LPshaft    MPlpt       N:9999.986    hp:13237.02    I:0.0       

*******************
Elements***********
*******************

FlightCond  start       W:815.4895  Tt:451.462  Pt:5.56958  Tamb:393.8  Pamb:3.458  
Duct        inlet       dP:0.002    Q:0.0       
Compressor  fan         PR:1.29999  eff:0.9689  Rline:2.0   NcMap:0.99  
Splitter    splitter    BPR:16.999  
Duct        duct2       dP:0.01     Q:0.0       
Compressor  LPC         PR:2.99995  eff:0.8894  Rline:2.00  NcMap:0.99  
Duct        duct25      dP:0.015    Q:0.0       
Compressor  HPC         PR:14.1034  eff:0.8468  Rline:2.00  NcMap:1.00  
Burner      burner      FAR:0.0278  Tout:0.0    Wfuel:1.06  dP:0.04     
Turbine     HPT         PR:4.41482  eff:0.9224  PRmap:3.00  NcMap:0.90  
Duct        duct45      dP:0.005    Q:0.0       
Turbine     LPT         PR:5.89687  eff:0.9399  PRmap:5.99  NcMap:0.89  
Duct        duct5       dP:0.01     Q:0.0       
Nozzle      priNozzle   Fg:3136.07  
Duct        duct17      dP:0.015    Q:0.0       
Nozzle      fanNozzle   Fg:25035.2  
Shaft       HPshaft     N:10000.18  HPX:150.0   
Shaft       LPshaft     N:9999.986  HPX:0.0     
Performanc  Perf        alt:35000.  MN:0.85     Fn:7167.71  SFC:0.5366  Fg:28171.3  Fram:21003  Wfuel:1.06   

****************
Solver**********
****************

Converged:True

******************************************************************************************
HPT.effTable Table 2d input to low 2.9968814420506416 < 3.0
HPT.WcTable Table 2d input to low 2.9968814420506416 < 3.0

time =  0.0

******************
Ports*************
******************

Electric Ports


Fluid Ports

start      FNo         W:530.9188    Tt:453.9249    Pt:3.635879    FAR:0.0         MN:0.9         Ts:389.9699    Ps:2.138969  
inlet      FNi         W:530.9188    Tt:453.9249    Pt:3.635879    FAR:0.0         MN:0.0         Ts:389.9699    Ps:2.138969  
inlet      FNo         W:530.9188    Tt:453.9249    Pt:3.628607    FAR:0.0         MN:0.0         Ts:0.0         Ps:0.0       
fan        FNi         W:530.9188    Tt:453.9249    Pt:3.628607    FAR:0.0         MN:0.0         Ts:0.0         Ps:0.0       
fan        FNideal     W:530.9188    Tt:489.6854    Pt:4.717190    FAR:0.0         MN:0.0         Ts:0.0         Ps:0.0       
fan        FNo         W:530.9188    Tt:490.8333    Pt:4.717190    FAR:0.0         MN:0.0         Ts:0.0         Ps:0.0       
fan        FNoBld1     W:0.0         Tt:453.9249    Pt:3.628607    FAR:0.0         MN:0.0         Ts:0.0         Ps:0.0       
fan        FNoBld2     W:0.0         Tt:453.9249    Pt:3.628607    FAR:0.0         MN:0.0         Ts:0.0         Ps:0.0       
splitter   FNi         W:530.9188    Tt:490.8333    Pt:4.717190    FAR:0.0         MN:0.0         Ts:0.0         Ps:0.0       
splitter   FNo1        W:29.23159    Tt:490.8333    Pt:4.717190    FAR:0.0         MN:0.0         Ts:0.0         Ps:0.0       
splitter   FNo2        W:501.6872    Tt:490.8333    Pt:4.717190    FAR:0.0         MN:0.0         Ts:0.0         Ps:0.0       
duct2      FNi         W:29.23159    Tt:490.8333    Pt:4.717190    FAR:0.0         MN:0.0         Ts:0.0         Ps:0.0       
duct2      FNo         W:29.23159    Tt:490.8333    Pt:4.670018    FAR:0.0         MN:0.0         Ts:0.0         Ps:0.0       
LPC        FNi         W:29.23159    Tt:490.8333    Pt:4.670018    FAR:0.0         MN:0.0         Ts:0.0         Ps:0.0       
LPC        FNideal     W:29.23159    Tt:662.8976    Pt:14.19699    FAR:0.0         MN:0.0         Ts:0.0         Ps:0.0       
LPC        FNo         W:29.23159    Tt:684.0087    Pt:14.19699    FAR:0.0         MN:0.0         Ts:0.0         Ps:0.0       
LPC        FNoBld1     W:2.923159    Tt:626.2974    Pt:6.668883    FAR:0.0         MN:0.0         Ts:0.0         Ps:0.0       
LPC        FNoBld2     W:2.923159    Tt:664.7981    Pt:8.574278    FAR:0.0         MN:0.0         Ts:0.0         Ps:0.0       
duct25     FNi         W:29.23159    Tt:684.0087    Pt:14.19699    FAR:0.0         MN:0.0         Ts:0.0         Ps:0.0       
duct25     FNo         W:29.23159    Tt:684.0087    Pt:13.98403    FAR:0.0         MN:0.0         Ts:0.0         Ps:0.0       
HPC        FNi         W:29.23159    Tt:684.0087    Pt:13.98403    FAR:0.0         MN:0.0         Ts:0.0         Ps:0.0       
HPC        FNideal     W:29.23159    Tt:1425.982    Pt:192.3666    FAR:0.0         MN:0.0         Ts:0.0         Ps:0.0       
HPC        FNo         W:24.79891    Tt:1551.112    Pt:192.3666    FAR:0.0         MN:0.0         Ts:0.0         Ps:0.0       
HPC        FNoBld1     W:2.216339    Tt:1014.497    Pt:66.00155    FAR:0.0         MN:0.0         Ts:0.0         Ps:0.0       
HPC        FNoBld2     W:2.216339    Tt:1028.552    Pt:68.85568    FAR:0.0         MN:0.0         Ts:0.0         Ps:0.0       
burner     FNi         W:24.79891    Tt:1551.112    Pt:192.3666    FAR:0.0         MN:0.0         Ts:0.0         Ps:0.0       
burner     FNo         W:25.49004    Tt:3167.828    Pt:184.6719    FAR:0.027869    MN:0.0         Ts:0.0         Ps:0.0       
HPT        FN41        W:27.70638    Tt:3010.435    Pt:184.6719    FAR:0.025582    MN:0.0         Ts:0.0         Ps:0.0       
HPT        FN42        W:27.70638    Tt:2230.129    Pt:41.88046    FAR:0.025582    MN:0.0         Ts:0.0         Ps:0.0       
HPT        FNi         W:25.49004    Tt:3167.828    Pt:184.6719    FAR:0.027869    MN:0.0         Ts:0.0         Ps:0.0       
HPT        FNiBld1     W:2.216339    Tt:1028.552    Pt:68.85568    FAR:0.0         MN:0.0         Ts:0.0         Ps:0.0       
HPT        FNiBld2     W:2.216339    Tt:1014.497    Pt:66.00155    FAR:0.0         MN:0.0         Ts:0.0         Ps:0.0       
HPT        FNideal     W:27.70638    Tt:2159.543    Pt:41.88046    FAR:0.025582    MN:0.0         Ts:0.0         Ps:0.0       
HPT        FNo         W:29.92272    Tt:2142.249    Pt:41.88046    FAR:0.023643    MN:0.0         Ts:0.0         Ps:0.0       
duct45     FNi         W:29.92272    Tt:2142.249    Pt:41.88046    FAR:0.023643    MN:0.0         Ts:0.0         Ps:0.0       
duct45     FNo         W:29.92272    Tt:2142.249    Pt:41.67105    FAR:0.023643    MN:0.0         Ts:0.0         Ps:0.0       
LPT        FN41        W:29.92272    Tt:2142.249    Pt:41.67105    FAR:0.023643    MN:0.0         Ts:0.0         Ps:0.0       
LPT        FN42        W:29.92272    Tt:1435.532    Pt:6.935366    FAR:0.023643    MN:0.0         Ts:0.0         Ps:0.0       
LPT        FNi         W:29.92272    Tt:2142.249    Pt:41.67105    FAR:0.023643    MN:0.0         Ts:0.0         Ps:0.0       
LPT        FNiBld1     W:0.0         Tt:0.0         Pt:0.0         FAR:0.0         MN:0.0         Ts:0.0         Ps:0.0       
LPT        FNiBld2     W:0.0         Tt:0.0         Pt:0.0         FAR:0.0         MN:0.0         Ts:0.0         Ps:0.0       
LPT        FNideal     W:29.92272    Tt:1387.496    Pt:6.935366    FAR:0.023643    MN:0.0         Ts:0.0         Ps:0.0       
LPT        FNo         W:29.92272    Tt:1435.532    Pt:6.935366    FAR:0.023643    MN:0.0         Ts:0.0         Ps:0.0       
duct5      FNi         W:29.92272    Tt:1435.532    Pt:6.935366    FAR:0.023643    MN:0.0         Ts:0.0         Ps:0.0       
duct5      FNo         W:29.92272    Tt:1435.532    Pt:6.866012    FAR:0.023643    MN:0.0         Ts:0.0         Ps:0.0       
priNozzl   FNi         W:29.92272    Tt:1435.532    Pt:6.866012    FAR:0.023643    MN:0.0         Ts:0.0         Ps:0.0       
priNozzl   FNo         W:29.92272    Tt:1435.532    Pt:6.866012    FAR:0.023643    MN:1.0         Ts:1224.525    Ps:3.682902  
duct17     FNi         W:501.6872    Tt:490.8333    Pt:4.717190    FAR:0.0         MN:0.0         Ts:0.0         Ps:0.0       
duct17     FNo         W:501.6872    Tt:490.8333    Pt:4.646432    FAR:0.0         MN:0.0         Ts:0.0         Ps:0.0       
fanNozzl   FNi         W:501.6872    Tt:490.8333    Pt:4.646432    FAR:0.0         MN:0.0         Ts:0.0         Ps:0.0       
fanNozzl   FNo         W:501.6872    Tt:490.8333    Pt:4.646432    FAR:0.0         MN:1.0         Ts:408.3177    Ps:2.448752  

Mech Ports

fan        MP          N:10027.23    hp:-6616.82    I:0.0       
LPC        MP          N:10027.23    hp:-1919.38    I:0.0       
HPC        MP          N:9897.037    hp:-9571.85    I:0.0       
HPT        MP          N:9897.037    hp:9421.915    I:0.0       
LPT        MP          N:10027.23    hp:8536.164    I:0.0       
HPshaft    MPC         N:9897.037    hp:-9571.85    I:0.0       
HPshaft    MPT         N:9897.037    hp:9421.915    I:0.0       
LPshaft    MPfan       N:10027.23    hp:-6616.82    I:0.0       
LPshaft    MPlpc       N:10027.23    hp:-1919.38    I:0.0       
LPshaft    MPlpt       N:10027.23    hp:8536.164    I:0.0       

*******************
Elements***********
*******************

FlightCond  start       W:530.9188  Tt:453.924  Pt:3.63587  Tamb:389.9  Pamb:2.138  
Duct        inlet       dP:0.002    Q:0.0       
Compressor  fan         PR:1.30000  eff:0.9688  Rline:2.0   NcMap:1.00  
Splitter    splitter    BPR:17.162  
Duct        duct2       dP:0.01     Q:0.0       
Compressor  LPC         PR:3.04002  eff:0.8901  Rline:1.92  NcMap:1.00  
Duct        duct25      dP:0.015    Q:0.0       
Compressor  HPC         PR:13.7561  eff:0.8493  Rline:1.91  NcMap:0.99  
Burner      burner      FAR:0.0278  Tout:0.0    Wfuel:0.69  dP:0.04     
Turbine     HPT         PR:4.40950  eff:0.9215  PRmap:2.99  NcMap:0.89  
Duct        duct45      dP:0.005    Q:0.0       
Turbine     LPT         PR:6.00848  eff:0.9389  PRmap:6.11  NcMap:0.90  
Duct        duct5       dP:0.01     Q:0.0       
Nozzle      priNozzle   Fg:2057.84  
Duct        duct17      dP:0.015    Q:0.0       
Nozzle      fanNozzle   Fg:16868.0  
Shaft       HPshaft     N:9897.037  HPX:150.0   
Shaft       LPshaft     N:10027.23  HPX:0.0     
Performanc  Perf        alt:45000.  MN:0.9      Fn:4518.23  SFC:0.5506  Fg:18925.8  Fram:14407  Wfuel:0.69   

****************
Solver**********
****************

Converged:True

******************************************************************************************

time =  0.0

******************
Ports*************
******************

Electric Ports


Fluid Ports

start      FNo         W:517.3687    Tt:453.9249    Pt:3.635879    FAR:0.0         MN:0.9         Ts:389.9699    Ps:2.138969  
inlet      FNi         W:517.3687    Tt:453.9249    Pt:3.635879    FAR:0.0         MN:0.0         Ts:389.9699    Ps:2.138969  
inlet      FNo         W:517.3687    Tt:453.9249    Pt:3.628607    FAR:0.0         MN:0.0         Ts:0.0         Ps:0.0       
fan        FNi         W:517.3687    Tt:453.9249    Pt:3.628607    FAR:0.0         MN:0.0         Ts:0.0         Ps:0.0       
fan        FNideal     W:517.3687    Tt:485.9499    Pt:4.589601    FAR:0.0         MN:0.0         Ts:0.0         Ps:0.0       
fan        FNo         W:517.3687    Tt:486.0712    Pt:4.589601    FAR:0.0         MN:0.0         Ts:0.0         Ps:0.0       
fan        FNoBld1     W:0.0         Tt:453.9249    Pt:3.628607    FAR:0.0         MN:0.0         Ts:0.0         Ps:0.0       
fan        FNoBld2     W:0.0         Tt:453.9249    Pt:3.628607    FAR:0.0         MN:0.0         Ts:0.0         Ps:0.0       
splitter   FNi         W:517.3687    Tt:486.0712    Pt:4.589601    FAR:0.0         MN:0.0         Ts:0.0         Ps:0.0       
splitter   FNo1        W:27.09979    Tt:486.0712    Pt:4.589601    FAR:0.0         MN:0.0         Ts:0.0         Ps:0.0       
splitter   FNo2        W:490.2689    Tt:486.0712    Pt:4.589601    FAR:0.0         MN:0.0         Ts:0.0         Ps:0.0       
duct2      FNi         W:27.09979    Tt:486.0712    Pt:4.589601    FAR:0.0         MN:0.0         Ts:0.0         Ps:0.0       
duct2      FNo         W:27.09979    Tt:486.0712    Pt:4.543705    FAR:0.0         MN:0.0         Ts:0.0         Ps:0.0       
LPC        FNi         W:27.09979    Tt:486.0712    Pt:4.543705    FAR:0.0         MN:0.0         Ts:0.0         Ps:0.0       
LPC        FNideal     W:27.09979    Tt:654.0883    Pt:13.63739    FAR:0.0         MN:0.0         Ts:0.0         Ps:0.0       
LPC        FNo         W:27.09979    Tt:674.9082    Pt:13.63739    FAR:0.0         MN:0.0         Ts:0.0         Ps:0.0       
LPC        FNoBld1     W:2.709979    Tt:618.4895    Pt:6.365582    FAR:0.0         MN:0.0         Ts:0.0         Ps:0.0       
LPC        FNoBld2     W:2.709979    Tt:656.1372    Pt:8.184319    FAR:0.0         MN:0.0         Ts:0.0         Ps:0.0       
duct25     FNi         W:27.09979    Tt:674.9082    Pt:13.63739    FAR:0.0         MN:0.0         Ts:0.0         Ps:0.0       
duct25     FNo         W:27.09979    Tt:674.9082    Pt:13.43283    FAR:0.0         MN:0.0         Ts:0.0         Ps:0.0       
HPC        FNi         W:27.09979    Tt:674.9082    Pt:13.43283    FAR:0.0         MN:0.0         Ts:0.0         Ps:0.0       
HPC        FNideal     W:27.09979    Tt:1381.085    Pt:172.8666    FAR:0.0         MN:0.0         Ts:0.0         Ps:0.0       
HPC        FNo         W:22.99038    Tt:1498.126    Pt:172.8666    FAR:0.0         MN:0.0         Ts:0.0         Ps:0.0       
HPC        FNoBld1     W:2.054706    Tt:988.0440    Pt:58.99051    FAR:0.0         MN:0.0         Ts:0.0         Ps:0.0       
HPC        FNoBld2     W:2.054706    Tt:1001.401    Pt:61.54145    FAR:0.0         MN:0.0         Ts:0.0         Ps:0.0       
burner     FNi         W:22.99038    Tt:1498.126    Pt:172.8666    FAR:0.0         MN:0.0         Ts:0.0         Ps:0.0       
burner     FNo         W:23.57363    Tt:2989.474    Pt:165.9519    FAR:0.025369    MN:0.0         Ts:0.0         Ps:0.0       
HPT        FN41        W:25.62834    Tt:2842.195    Pt:165.9519    FAR:0.023288    MN:0.0         Ts:0.0         Ps:0.0       
HPT        FN42        W:25.62834    Tt:2091.798    Pt:37.50786    FAR:0.023288    MN:0.0         Ts:0.0         Ps:0.0       
HPT        FNi         W:23.57363    Tt:2989.474    Pt:165.9519    FAR:0.025369    MN:0.0         Ts:0.0         Ps:0.0       
HPT        FNiBld1     W:2.054706    Tt:1001.401    Pt:61.54145    FAR:0.0         MN:0.0         Ts:0.0         Ps:0.0       
HPT        FNiBld2     W:2.054706    Tt:988.0440    Pt:58.99051    FAR:0.0         MN:0.0         Ts:0.0         Ps:0.0       
HPT        FNideal     W:25.62834    Tt:2024.851    Pt:37.50786    FAR:0.023288    MN:0.0         Ts:0.0         Ps:0.0       
HPT        FNo         W:27.68304    Tt:2011.698    Pt:37.50786    FAR:0.021522    MN:0.0         Ts:0.0         Ps:0.0       
duct45     FNi         W:27.68304    Tt:2011.698    Pt:37.50786    FAR:0.021522    MN:0.0         Ts:0.0         Ps:0.0       
duct45     FNo         W:27.68304    Tt:2011.698    Pt:37.32032    FAR:0.021522    MN:0.0         Ts:0.0         Ps:0.0       
LPT        FN41        W:27.68304    Tt:2011.698    Pt:37.32032    FAR:0.021522    MN:0.0         Ts:0.0         Ps:0.0       
LPT        FN42        W:27.68304    Tt:1343.164    Pt:6.195426    FAR:0.021522    MN:0.0         Ts:0.0         Ps:0.0       
LPT        FNi         W:27.68304    Tt:2011.698    Pt:37.32032    FAR:0.021522    MN:0.0         Ts:0.0         Ps:0.0       
LPT        FNiBld1     W:0.0         Tt:0.0         Pt:0.0         FAR:0.0         MN:0.0         Ts:0.0         Ps:0.0       
LPT        FNiBld2     W:0.0         Tt:0.0         Pt:0.0         FAR:0.0         MN:0.0         Ts:0.0         Ps:0.0       
LPT        FNideal     W:27.68304    Tt:1294.422    Pt:6.195426    FAR:0.021522    MN:0.0         Ts:0.0         Ps:0.0       
LPT        FNo         W:27.68304    Tt:1343.164    Pt:6.195426    FAR:0.021522    MN:0.0         Ts:0.0         Ps:0.0       
duct5      FNi         W:27.68304    Tt:1343.164    Pt:6.195426    FAR:0.021522    MN:0.0         Ts:0.0         Ps:0.0       
duct5      FNo         W:27.68304    Tt:1343.164    Pt:6.133472    FAR:0.021522    MN:0.0         Ts:0.0         Ps:0.0       
priNozzl   FNi         W:27.68304    Tt:1343.164    Pt:6.133472    FAR:0.021522    MN:0.0         Ts:0.0         Ps:0.0       
priNozzl   FNo         W:27.68304    Tt:1343.164    Pt:6.133472    FAR:0.021522    MN:1.0         Ts:1142.393    Ps:3.283538  
duct17     FNi         W:490.2689    Tt:486.0712    Pt:4.589601    FAR:0.0         MN:0.0         Ts:0.0         Ps:0.0       
duct17     FNo         W:490.2689    Tt:486.0712    Pt:4.520757    FAR:0.0         MN:0.0         Ts:0.0         Ps:0.0       
fanNozzl   FNi         W:490.2689    Tt:486.0712    Pt:4.520757    FAR:0.0         MN:0.0         Ts:0.0         Ps:0.0       
fanNozzl   FNo         W:490.2689    Tt:486.0712    Pt:4.520757    FAR:0.0         MN:1.0         Ts:404.3412    Ps:2.388034  

Mech Ports

fan        MP          N:9583.126    hp:-5616.00    I:0.0       
LPC        MP          N:9583.126    hp:-1738.69    I:0.0       
HPC        MP          N:9720.445    hp:-8394.13    I:0.0       
HPT        MP          N:9720.445    hp:8244.072    I:0.0       
LPT        MP          N:9583.126    hp:7354.748    I:0.0       
HPshaft    MPC         N:9720.445    hp:-8394.13    I:0.0       
HPshaft    MPT         N:9720.445    hp:8244.072    I:0.0       
LPshaft    MPfan       N:9583.126    hp:-5616.00    I:0.0       
LPshaft    MPlpc       N:9583.126    hp:-1738.69    I:0.0       
LPshaft    MPlpt       N:9583.126    hp:7354.748    I:0.0       

*******************
Elements***********
*******************

FlightCond  start       W:517.3687  Tt:453.924  Pt:3.63587  Tamb:389.9  Pamb:2.138  
Duct        inlet       dP:0.002    Q:0.0       
Compressor  fan         PR:1.26483  eff:0.9962  Rline:2.0   NcMap:0.95  
Splitter    splitter    BPR:18.091  
Duct        duct2       dP:0.01     Q:0.0       
Compressor  LPC         PR:3.00138  eff:0.8890  Rline:1.82  NcMap:0.96  
Duct        duct25      dP:0.015    Q:0.0       
Compressor  HPC         PR:12.8689  eff:0.8519  Rline:1.91  NcMap:0.98  
Burner      burner      FAR:0.0253  Tout:0.0    Wfuel:0.58  dP:0.04     
Turbine     HPT         PR:4.42445  eff:0.9225  PRmap:3.00  NcMap:0.90  
Duct        duct45      dP:0.005    Q:0.0       
Turbine     LPT         PR:6.02385  eff:0.9348  PRmap:6.12  NcMap:0.88  
Duct        duct5       dP:0.01     Q:0.0       
Nozzle      priNozzle   Fg:1768.03  
Duct        duct17      dP:0.015    Q:0.0       
Nozzle      fanNozzle   Fg:16167.8  
Shaft       HPshaft     N:9720.445  HPX:150.0   
Shaft       LPshaft     N:9583.126  HPX:0.0     
Performanc  Perf        alt:45000.  MN:0.9      Fn:3895.91  SFC:0.5389  Fg:17935.8  Fram:14039  Wfuel:0.58   

****************
Solver**********
****************

Converged:True

******************************************************************************************

time =  0.0

******************
Ports*************
******************

Electric Ports


Fluid Ports

start      FNo         W:498.1226    Tt:453.9249    Pt:3.635879    FAR:0.0         MN:0.9         Ts:389.9699    Ps:2.138969  
inlet      FNi         W:498.1226    Tt:453.9249    Pt:3.635879    FAR:0.0         MN:0.0         Ts:389.9699    Ps:2.138969  
inlet      FNo         W:498.1226    Tt:453.9249    Pt:3.628607    FAR:0.0         MN:0.0         Ts:0.0         Ps:0.0       
fan        FNi         W:498.1226    Tt:453.9249    Pt:3.628607    FAR:0.0         MN:0.0         Ts:0.0         Ps:0.0       
fan        FNideal     W:498.1226    Tt:481.8786    Pt:4.454691    FAR:0.0         MN:0.0         Ts:0.0         Ps:0.0       
fan        FNo         W:498.1226    Tt:481.3899    Pt:4.454691    FAR:0.0         MN:0.0         Ts:0.0         Ps:0.0       
fan        FNoBld1     W:0.0         Tt:453.9249    Pt:3.628607    FAR:0.0         MN:0.0         Ts:0.0         Ps:0.0       
fan        FNoBld2     W:0.0         Tt:453.9249    Pt:3.628607    FAR:0.0         MN:0.0         Ts:0.0         Ps:0.0       
splitter   FNi         W:498.1226    Tt:481.3899    Pt:4.454691    FAR:0.0         MN:0.0         Ts:0.0         Ps:0.0       
splitter   FNo1        W:24.56991    Tt:481.3899    Pt:4.454691    FAR:0.0         MN:0.0         Ts:0.0         Ps:0.0       
splitter   FNo2        W:473.5526    Tt:481.3899    Pt:4.454691    FAR:0.0         MN:0.0         Ts:0.0         Ps:0.0       
duct2      FNi         W:24.56991    Tt:481.3899    Pt:4.454691    FAR:0.0         MN:0.0         Ts:0.0         Ps:0.0       
duct2      FNo         W:24.56991    Tt:481.3899    Pt:4.410144    FAR:0.0         MN:0.0         Ts:0.0         Ps:0.0       
LPC        FNi         W:24.56991    Tt:481.3899    Pt:4.410144    FAR:0.0         MN:0.0         Ts:0.0         Ps:0.0       
LPC        FNideal     W:24.56991    Tt:646.2512    Pt:13.08682    FAR:0.0         MN:0.0         Ts:0.0         Ps:0.0       
LPC        FNo         W:24.56991    Tt:668.5665    Pt:13.08682    FAR:0.0         MN:0.0         Ts:0.0         Ps:0.0       
LPC        FNoBld1     W:2.456991    Tt:612.6433    Pt:6.073675    FAR:0.0         MN:0.0         Ts:0.0         Ps:0.0       
LPC        FNoBld2     W:2.456991    Tt:649.9672    Pt:7.809010    FAR:0.0         MN:0.0         Ts:0.0         Ps:0.0       
duct25     FNi         W:24.56991    Tt:668.5665    Pt:13.08682    FAR:0.0         MN:0.0         Ts:0.0         Ps:0.0       
duct25     FNo         W:24.56991    Tt:668.5665    Pt:12.89052    FAR:0.0         MN:0.0         Ts:0.0         Ps:0.0       
HPC        FNi         W:24.56991    Tt:668.5665    Pt:12.89052    FAR:0.0         MN:0.0         Ts:0.0         Ps:0.0       
HPC        FNideal     W:24.56991    Tt:1338.678    Pt:151.6310    FAR:0.0         MN:0.0         Ts:0.0         Ps:0.0       
HPC        FNo         W:20.84413    Tt:1447.029    Pt:151.6310    FAR:0.0         MN:0.0         Ts:0.0         Ps:0.0       
HPC        FNoBld1     W:1.862890    Tt:964.0854    Pt:51.33400    FAR:0.0         MN:0.0         Ts:0.0         Ps:0.0       
HPC        FNoBld2     W:1.862890    Tt:976.6817    Pt:53.55385    FAR:0.0         MN:0.0         Ts:0.0         Ps:0.0       
burner     FNi         W:20.84413    Tt:1447.029    Pt:151.6310    FAR:0.0         MN:0.0         Ts:0.0         Ps:0.0       
burner     FNo         W:21.32082    Tt:2809.349    Pt:145.5658    FAR:0.022869    MN:0.0         Ts:0.0         Ps:0.0       
HPT        FN41        W:23.18371    Tt:2672.659    Pt:145.5658    FAR:0.020993    MN:0.0         Ts:0.0         Ps:0.0       
HPT        FN42        W:23.18371    Tt:1954.169    Pt:32.79026    FAR:0.020993    MN:0.0         Ts:0.0         Ps:0.0       
HPT        FNi         W:21.32082    Tt:2809.349    Pt:145.5658    FAR:0.022869    MN:0.0         Ts:0.0         Ps:0.0       
HPT        FNiBld1     W:1.862890    Tt:976.6817    Pt:53.55385    FAR:0.0         MN:0.0         Ts:0.0         Ps:0.0       
HPT        FNiBld2     W:1.862890    Tt:964.0854    Pt:51.33400    FAR:0.0         MN:0.0         Ts:0.0         Ps:0.0       
HPT        FNideal     W:23.18371    Tt:1889.984    Pt:32.79026    FAR:0.020993    MN:0.0         Ts:0.0         Ps:0.0       
HPT        FNo         W:25.04660    Tt:1882.013    Pt:32.79026    FAR:0.019401    MN:0.0         Ts:0.0         Ps:0.0       
duct45     FNi         W:25.04660    Tt:1882.013    Pt:32.79026    FAR:0.019401    MN:0.0         Ts:0.0         Ps:0.0       
duct45     FNo         W:25.04660    Tt:1882.013    Pt:32.62631    FAR:0.019401    MN:0.0         Ts:0.0         Ps:0.0       
LPT        FN41        W:25.04660    Tt:1882.013    Pt:32.62631    FAR:0.019401    MN:0.0         Ts:0.0         Ps:0.0       
LPT        FN42        W:25.04660    Tt:1250.742    Pt:5.401299    FAR:0.019401    MN:0.0         Ts:0.0         Ps:0.0       
LPT        FNi         W:25.04660    Tt:1882.013    Pt:32.62631    FAR:0.019401    MN:0.0         Ts:0.0         Ps:0.0       
LPT        FNiBld1     W:0.0         Tt:0.0         Pt:0.0         FAR:0.0         MN:0.0         Ts:0.0         Ps:0.0       
LPT        FNiBld2     W:0.0         Tt:0.0         Pt:0.0         FAR:0.0         MN:0.0         Ts:0.0         Ps:0.0       
LPT        FNideal     W:25.04660    Tt:1201.248    Pt:5.401299    FAR:0.019401    MN:0.0         Ts:0.0         Ps:0.0       
LPT        FNo         W:25.04660    Tt:1250.742    Pt:5.401299    FAR:0.019401    MN:0.0         Ts:0.0         Ps:0.0       
duct5      FNi         W:25.04660    Tt:1250.742    Pt:5.401299    FAR:0.019401    MN:0.0         Ts:0.0         Ps:0.0       
duct5      FNo         W:25.04660    Tt:1250.742    Pt:5.347286    FAR:0.019401    MN:0.0         Ts:0.0         Ps:0.0       
priNozzl   FNi         W:25.04660    Tt:1250.742    Pt:5.347286    FAR:0.019401    MN:0.0         Ts:0.0         Ps:0.0       
priNozzl   FNo         W:25.04660    Tt:1250.742    Pt:5.347286    FAR:0.019401    MN:1.0         Ts:1060.696    Ps:2.855582  
duct17     FNi         W:473.5526    Tt:481.3899    Pt:4.454691    FAR:0.0         MN:0.0         Ts:0.0         Ps:0.0       
duct17     FNo         W:473.5526    Tt:481.3899    Pt:4.387871    FAR:0.0         MN:0.0         Ts:0.0         Ps:0.0       
fanNozzl   FNi         W:473.5526    Tt:481.3899    Pt:4.387871    FAR:0.0         MN:0.0         Ts:0.0         Ps:0.0       
fanNozzl   FNo         W:473.5526    Tt:481.3899    Pt:4.387871    FAR:0.0         MN:1.0         Ts:400.4323    Ps:2.323526  

Mech Ports

fan        MP          N:9130.027    hp:-4619.68    I:0.0       
LPC        MP          N:9130.027    hp:-1561.95    I:0.0       
HPC        MP          N:9530.266    hp:-7172.73    I:0.0       
HPT        MP          N:9530.266    hp:7022.761    I:0.0       
LPT        MP          N:9130.027    hp:6181.617    I:0.0       
HPshaft    MPC         N:9530.266    hp:-7172.73    I:0.0       
HPshaft    MPT         N:9530.266    hp:7022.761    I:0.0       
LPshaft    MPfan       N:9130.027    hp:-4619.68    I:0.0       
LPshaft    MPlpc       N:9130.027    hp:-1561.95    I:0.0       
LPshaft    MPlpt       N:9130.027    hp:6181.617    I:0.0       

*******************
Elements***********
*******************

FlightCond  start       W:498.1226  Tt:453.924  Pt:3.63587  Tamb:389.9  Pamb:2.138  
Duct        inlet       dP:0.002    Q:0.0       
Compressor  fan         PR:1.22765  eff:1.0177  Rline:2.0   NcMap:0.91  
Splitter    splitter    BPR:19.273  
Duct        duct2       dP:0.01     Q:0.0       
Compressor  LPC         PR:2.96743  eff:0.8800  Rline:1.67  NcMap:0.91  
Duct        duct25      dP:0.015    Q:0.0       
Compressor  HPC         PR:11.7629  eff:0.8554  Rline:1.92  NcMap:0.96  
Burner      burner      FAR:0.0228  Tout:0.0    Wfuel:0.47  dP:0.04     
Turbine     HPT         PR:4.43930  eff:0.9224  PRmap:3.01  NcMap:0.91  
Duct        duct45      dP:0.005    Q:0.0       
Turbine     LPT         PR:6.04045  eff:0.9302  PRmap:6.14  NcMap:0.87  
Duct        duct5       dP:0.01     Q:0.0       
Nozzle      priNozzle   Fg:1455.49  
Duct        duct17      dP:0.015    Q:0.0       
Nozzle      fanNozzle   Fg:15286.5  
Shaft       HPshaft     N:9530.266  HPX:150.0   
Shaft       LPshaft     N:9130.027  HPX:0.0     
Performanc  Perf        alt:45000.  MN:0.9      Fn:3224.45  SFC:0.5322  Fg:16742.0  Fram:13517  Wfuel:0.47   

****************
Solver**********
****************

Converged:True

******************************************************************************************

time =  0.0

******************
Ports*************
******************

Electric Ports


Fluid Ports

start      FNo         W:472.9871    Tt:453.9249    Pt:3.635879    FAR:0.0         MN:0.9         Ts:389.9699    Ps:2.138969  
inlet      FNi         W:472.9871    Tt:453.9249    Pt:3.635879    FAR:0.0         MN:0.0         Ts:389.9699    Ps:2.138969  
inlet      FNo         W:472.9871    Tt:453.9249    Pt:3.628607    FAR:0.0         MN:0.0         Ts:0.0         Ps:0.0       
fan        FNi         W:472.9871    Tt:453.9249    Pt:3.628607    FAR:0.0         MN:0.0         Ts:0.0         Ps:0.0       
fan        FNideal     W:472.9871    Tt:477.9796    Pt:4.329010    FAR:0.0         MN:0.0         Ts:0.0         Ps:0.0       
fan        FNo         W:472.9871    Tt:477.3746    Pt:4.329010    FAR:0.0         MN:0.0         Ts:0.0         Ps:0.0       
fan        FNoBld1     W:0.0         Tt:453.9249    Pt:3.628607    FAR:0.0         MN:0.0         Ts:0.0         Ps:0.0       
fan        FNoBld2     W:0.0         Tt:453.9249    Pt:3.628607    FAR:0.0         MN:0.0         Ts:0.0         Ps:0.0       
splitter   FNi         W:472.9871    Tt:477.3746    Pt:4.329010    FAR:0.0         MN:0.0         Ts:0.0         Ps:0.0       
splitter   FNo1        W:22.18318    Tt:477.3746    Pt:4.329010    FAR:0.0         MN:0.0         Ts:0.0         Ps:0.0       
splitter   FNo2        W:450.8039    Tt:477.3746    Pt:4.329010    FAR:0.0         MN:0.0         Ts:0.0         Ps:0.0       
duct2      FNi         W:22.18318    Tt:477.3746    Pt:4.329010    FAR:0.0         MN:0.0         Ts:0.0         Ps:0.0       
duct2      FNo         W:22.18318    Tt:477.3746    Pt:4.285720    FAR:0.0         MN:0.0         Ts:0.0         Ps:0.0       
LPC        FNi         W:22.18318    Tt:477.3746    Pt:4.285720    FAR:0.0         MN:0.0         Ts:0.0         Ps:0.0       
LPC        FNideal     W:22.18318    Tt:640.0414    Pt:12.59149    FAR:0.0         MN:0.0         Ts:0.0         Ps:0.0       
LPC        FNo         W:22.18318    Tt:665.3620    Pt:12.59149    FAR:0.0         MN:0.0         Ts:0.0         Ps:0.0       
LPC        FNoBld1     W:2.218318    Tt:609.1985    Pt:5.814043    FAR:0.0         MN:0.0         Ts:0.0         Ps:0.0       
LPC        FNoBld2     W:2.218318    Tt:646.6753    Pt:7.475199    FAR:0.0         MN:0.0         Ts:0.0         Ps:0.0       
duct25     FNi         W:22.18318    Tt:665.3620    Pt:12.59149    FAR:0.0         MN:0.0         Ts:0.0         Ps:0.0       
duct25     FNo         W:22.18318    Tt:665.3620    Pt:12.40262    FAR:0.0         MN:0.0         Ts:0.0         Ps:0.0       
HPC        FNi         W:22.18318    Tt:665.3620    Pt:12.40262    FAR:0.0         MN:0.0         Ts:0.0         Ps:0.0       
HPC        FNideal     W:22.18318    Tt:1290.236    Pt:131.9951    FAR:0.0         MN:0.0         Ts:0.0         Ps:0.0       
HPC        FNo         W:18.81932    Tt:1389.052    Pt:131.9951    FAR:0.0         MN:0.0         Ts:0.0         Ps:0.0       
HPC        FNoBld1     W:1.681929    Tt:939.4617    Pt:44.24923    FAR:0.0         MN:0.0         Ts:0.0         Ps:0.0       
HPC        FNoBld2     W:1.681929    Tt:951.1828    Pt:46.16271    FAR:0.0         MN:0.0         Ts:0.0         Ps:0.0       
burner     FNi         W:18.81932    Tt:1389.052    Pt:131.9951    FAR:0.0         MN:0.0         Ts:0.0         Ps:0.0       
burner     FNo         W:19.20266    Tt:2620.130    Pt:126.7153    FAR:0.020369    MN:0.0         Ts:0.0         Ps:0.0       
HPT        FN41        W:20.88459    Tt:2494.819    Pt:126.7153    FAR:0.018698    MN:0.0         Ts:0.0         Ps:0.0       
HPT        FN42        W:20.88459    Tt:1819.015    Pt:28.51036    FAR:0.018698    MN:0.0         Ts:0.0         Ps:0.0       
HPT        FNi         W:19.20266    Tt:2620.130    Pt:126.7153    FAR:0.020369    MN:0.0         Ts:0.0         Ps:0.0       
HPT        FNiBld1     W:1.681929    Tt:951.1828    Pt:46.16271    FAR:0.0         MN:0.0         Ts:0.0         Ps:0.0       
HPT        FNiBld2     W:1.681929    Tt:939.4617    Pt:44.24923    FAR:0.0         MN:0.0         Ts:0.0         Ps:0.0       
HPT        FNideal     W:20.88459    Tt:1758.527    Pt:28.51036    FAR:0.018698    MN:0.0         Ts:0.0         Ps:0.0       
HPT        FNo         W:22.56652    Tt:1754.683    Pt:28.51036    FAR:0.017280    MN:0.0         Ts:0.0         Ps:0.0       
duct45     FNi         W:22.56652    Tt:1754.683    Pt:28.51036    FAR:0.017280    MN:0.0         Ts:0.0         Ps:0.0       
duct45     FNo         W:22.56652    Tt:1754.683    Pt:28.36781    FAR:0.017280    MN:0.0         Ts:0.0         Ps:0.0       
LPT        FN41        W:22.56652    Tt:1754.683    Pt:28.36781    FAR:0.017280    MN:0.0         Ts:0.0         Ps:0.0       
LPT        FN42        W:22.56652    Tt:1159.677    Pt:4.676388    FAR:0.017280    MN:0.0         Ts:0.0         Ps:0.0       
LPT        FNi         W:22.56652    Tt:1754.683    Pt:28.36781    FAR:0.017280    MN:0.0         Ts:0.0         Ps:0.0       
LPT        FNiBld1     W:0.0         Tt:0.0         Pt:0.0         FAR:0.0         MN:0.0         Ts:0.0         Ps:0.0       
LPT        FNiBld2     W:0.0         Tt:0.0         Pt:0.0         FAR:0.0         MN:0.0         Ts:0.0         Ps:0.0       
LPT        FNideal     W:22.56652    Tt:1111.189    Pt:4.676388    FAR:0.017280    MN:0.0         Ts:0.0         Ps:0.0       
LPT        FNo         W:22.56652    Tt:1159.677    Pt:4.676388    FAR:0.017280    MN:0.0         Ts:0.0         Ps:0.0       
duct5      FNi         W:22.56652    Tt:1159.677    Pt:4.676388    FAR:0.017280    MN:0.0         Ts:0.0         Ps:0.0       
duct5      FNo         W:22.56652    Tt:1159.677    Pt:4.629624    FAR:0.017280    MN:0.0         Ts:0.0         Ps:0.0       
priNozzl   FNi         W:22.56652    Tt:1159.677    Pt:4.629624    FAR:0.017280    MN:0.0         Ts:0.0         Ps:0.0       
priNozzl   FNo         W:22.56652    Tt:1159.677    Pt:4.629624    FAR:0.017280    MN:1.0         Ts:980.7522    Ps:2.467699  
duct17     FNi         W:450.8039    Tt:477.3746    Pt:4.329010    FAR:0.0         MN:0.0         Ts:0.0         Ps:0.0       
duct17     FNo         W:450.8039    Tt:477.3746    Pt:4.264075    FAR:0.0         MN:0.0         Ts:0.0         Ps:0.0       
fanNozzl   FNi         W:450.8039    Tt:477.3746    Pt:4.264075    FAR:0.0         MN:0.0         Ts:0.0         Ps:0.0       
fanNozzl   FNo         W:450.8039    Tt:477.3746    Pt:4.264075    FAR:0.0         MN:1.0         Ts:397.0748    Ps:2.255502  

Mech Ports

fan        MP          N:8743.747    hp:-3745.26    I:0.0       
LPC        MP          N:8743.747    hp:-1416.00    I:0.0       
HPC        MP          N:9366.802    hp:-5999.13    I:0.0       
HPT        MP          N:9366.802    hp:5849.040    I:0.0       
LPT        MP          N:8743.747    hp:5161.319    I:0.0       
HPshaft    MPC         N:9366.802    hp:-5999.13    I:0.0       
HPshaft    MPT         N:9366.802    hp:5849.040    I:0.0       
LPshaft    MPfan       N:8743.747    hp:-3745.26    I:0.0       
LPshaft    MPlpc       N:8743.747    hp:-1416.00    I:0.0       
LPshaft    MPlpt       N:8743.747    hp:5161.319    I:0.0       

*******************
Elements***********
*******************

FlightCond  start       W:472.9871  Tt:453.924  Pt:3.63587  Tamb:389.9  Pamb:2.138  
Duct        inlet       dP:0.002    Q:0.0       
Compressor  fan         PR:1.19302  eff:1.0258  Rline:2.0   NcMap:0.87  
Splitter    splitter    BPR:20.321  
Duct        duct2       dP:0.01     Q:0.0       
Compressor  LPC         PR:2.93801  eff:0.8645  Rline:1.51  NcMap:0.88  
Duct        duct25      dP:0.015    Q:0.0       
Compressor  HPC         PR:10.6425  eff:0.8585  Rline:1.96  NcMap:0.95  
Burner      burner      FAR:0.0203  Tout:0.0    Wfuel:0.38  dP:0.04     
Turbine     HPT         PR:4.44453  eff:0.9223  PRmap:3.01  NcMap:0.92  
Duct        duct45      dP:0.005    Q:0.0       
Turbine     LPT         PR:6.06618  eff:0.9275  PRmap:6.17  NcMap:0.86  
Duct        duct5       dP:0.01     Q:0.0       
Nozzle      priNozzle   Fg:1171.15  
Duct        duct17      dP:0.015    Q:0.0       
Nozzle      fanNozzle   Fg:14220.1  
Shaft       HPshaft     N:9366.802  HPX:150.0   
Shaft       LPshaft     N:8743.747  HPX:0.0     
Performanc  Perf        alt:45000.  MN:0.9      Fn:2555.81  SFC:0.5399  Fg:15391.3  Fram:12835  Wfuel:0.38   

****************
Solver**********
****************

Converged:True

******************************************************************************************

time =  0.0

******************
Ports*************
******************

Electric Ports


Fluid Ports

start      FNo         W:445.6886    Tt:453.9249    Pt:3.635879    FAR:0.0         MN:0.9         Ts:389.9699    Ps:2.138969  
inlet      FNi         W:445.6886    Tt:453.9249    Pt:3.635879    FAR:0.0         MN:0.0         Ts:389.9699    Ps:2.138969  
inlet      FNo         W:445.6886    Tt:453.9249    Pt:3.628607    FAR:0.0         MN:0.0         Ts:0.0         Ps:0.0       
fan        FNi         W:445.6886    Tt:453.9249    Pt:3.628607    FAR:0.0         MN:0.0         Ts:0.0         Ps:0.0       
fan        FNideal     W:445.6886    Tt:474.3854    Pt:4.216260    FAR:0.0         MN:0.0         Ts:0.0         Ps:0.0       
fan        FNo         W:445.6886    Tt:473.8221    Pt:4.216260    FAR:0.0         MN:0.0         Ts:0.0         Ps:0.0       
fan        FNoBld1     W:0.0         Tt:453.9249    Pt:3.628607    FAR:0.0         MN:0.0         Ts:0.0         Ps:0.0       
fan        FNoBld2     W:0.0         Tt:453.9249    Pt:3.628607    FAR:0.0         MN:0.0         Ts:0.0         Ps:0.0       
splitter   FNi         W:445.6886    Tt:473.8221    Pt:4.216260    FAR:0.0         MN:0.0         Ts:0.0         Ps:0.0       
splitter   FNo1        W:20.08218    Tt:473.8221    Pt:4.216260    FAR:0.0         MN:0.0         Ts:0.0         Ps:0.0       
splitter   FNo2        W:425.6064    Tt:473.8221    Pt:4.216260    FAR:0.0         MN:0.0         Ts:0.0         Ps:0.0       
duct2      FNi         W:20.08218    Tt:473.8221    Pt:4.216260    FAR:0.0         MN:0.0         Ts:0.0         Ps:0.0       
duct2      FNo         W:20.08218    Tt:473.8221    Pt:4.174098    FAR:0.0         MN:0.0         Ts:0.0         Ps:0.0       
LPC        FNi         W:20.08218    Tt:473.8221    Pt:4.174098    FAR:0.0         MN:0.0         Ts:0.0         Ps:0.0       
LPC        FNideal     W:20.08218    Tt:634.1731    Pt:12.10694    FAR:0.0         MN:0.0         Ts:0.0         Ps:0.0       
LPC        FNo         W:20.08218    Tt:662.7690    Pt:12.10694    FAR:0.0         MN:0.0         Ts:0.0         Ps:0.0       
LPC        FNoBld1     W:2.008218    Tt:606.3208    Pt:5.552990    FAR:0.0         MN:0.0         Ts:0.0         Ps:0.0       
LPC        FNoBld2     W:2.008218    Tt:643.9815    Pt:7.139559    FAR:0.0         MN:0.0         Ts:0.0         Ps:0.0       
duct25     FNi         W:20.08218    Tt:662.7690    Pt:12.10694    FAR:0.0         MN:0.0         Ts:0.0         Ps:0.0       
duct25     FNo         W:20.08218    Tt:662.7690    Pt:11.92533    FAR:0.0         MN:0.0         Ts:0.0         Ps:0.0       
HPC        FNi         W:20.08218    Tt:662.7690    Pt:11.92533    FAR:0.0         MN:0.0         Ts:0.0         Ps:0.0       
HPC        FNideal     W:20.08218    Tt:1250.250    Pt:115.1205    FAR:0.0         MN:0.0         Ts:0.0         Ps:0.0       
HPC        FNo         W:17.03692    Tt:1346.085    Pt:115.1205    FAR:0.0         MN:0.0         Ts:0.0         Ps:0.0       
HPC        FNoBld1     W:1.522631    Tt:921.1222    Pt:38.18223    FAR:0.0         MN:0.0         Ts:0.0         Ps:0.0       
HPC        FNoBld2     W:1.522631    Tt:932.1659    Pt:39.83335    FAR:0.0         MN:0.0         Ts:0.0         Ps:0.0       
burner     FNi         W:17.03692    Tt:1346.085    Pt:115.1205    FAR:0.0         MN:0.0         Ts:0.0         Ps:0.0       
burner     FNo         W:17.34136    Tt:2440.021    Pt:110.5157    FAR:0.017869    MN:0.0         Ts:0.0         Ps:0.0       
HPT        FN41        W:18.86399    Tt:2326.035    Pt:110.5157    FAR:0.016403    MN:0.0         Ts:0.0         Ps:0.0       
HPT        FN42        W:18.86399    Tt:1679.813    Pt:24.76924    FAR:0.016403    MN:0.0         Ts:0.0         Ps:0.0       
HPT        FNi         W:17.34136    Tt:2440.021    Pt:110.5157    FAR:0.017869    MN:0.0         Ts:0.0         Ps:0.0       
HPT        FNiBld1     W:1.522631    Tt:932.1659    Pt:39.83335    FAR:0.0         MN:0.0         Ts:0.0         Ps:0.0       
HPT        FNiBld2     W:1.522631    Tt:921.1222    Pt:38.18223    FAR:0.0         MN:0.0         Ts:0.0         Ps:0.0       
HPT        FNideal     W:18.86399    Tt:1621.708    Pt:24.76924    FAR:0.016403    MN:0.0         Ts:0.0         Ps:0.0       
HPT        FNo         W:20.38662    Tt:1623.949    Pt:24.76924    FAR:0.015159    MN:0.0         Ts:0.0         Ps:0.0       
duct45     FNi         W:20.38662    Tt:1623.949    Pt:24.76924    FAR:0.015159    MN:0.0         Ts:0.0         Ps:0.0       
duct45     FNo         W:20.38662    Tt:1623.949    Pt:24.64539    FAR:0.015159    MN:0.0         Ts:0.0         Ps:0.0       
LPT        FN41        W:20.38662    Tt:1623.949    Pt:24.64539    FAR:0.015159    MN:0.0         Ts:0.0         Ps:0.0       
LPT        FN42        W:20.38662    Tt:1067.749    Pt:4.042909    FAR:0.015159    MN:0.0         Ts:0.0         Ps:0.0       
LPT        FNi         W:20.38662    Tt:1623.949    Pt:24.64539    FAR:0.015159    MN:0.0         Ts:0.0         Ps:0.0       
LPT        FNiBld1     W:0.0         Tt:0.0         Pt:0.0         FAR:0.0         MN:0.0         Ts:0.0         Ps:0.0       
LPT        FNiBld2     W:0.0         Tt:0.0         Pt:0.0         FAR:0.0         MN:0.0         Ts:0.0         Ps:0.0       
LPT        FNideal     W:20.38662    Tt:1021.570    Pt:4.042909    FAR:0.015159    MN:0.0         Ts:0.0         Ps:0.0       
LPT        FNo         W:20.38662    Tt:1067.749    Pt:4.042909    FAR:0.015159    MN:0.0         Ts:0.0         Ps:0.0       
duct5      FNi         W:20.38662    Tt:1067.749    Pt:4.042909    FAR:0.015159    MN:0.0         Ts:0.0         Ps:0.0       
duct5      FNo         W:20.38662    Tt:1067.749    Pt:4.002480    FAR:0.015159    MN:0.0         Ts:0.0         Ps:0.0       
priNozzl   FNi         W:20.38662    Tt:1067.749    Pt:4.002480    FAR:0.015159    MN:0.0         Ts:0.0         Ps:0.0       
priNozzl   FNo         W:20.38662    Tt:1067.749    Pt:4.002480    FAR:0.015159    MN:0.997449    Ts:901.3458    Ps:2.13897   
duct17     FNi         W:425.6064    Tt:473.8221    Pt:4.216260    FAR:0.0         MN:0.0         Ts:0.0         Ps:0.0       
duct17     FNo         W:425.6064    Tt:473.8221    Pt:4.153016    FAR:0.0         MN:0.0         Ts:0.0         Ps:0.0       
fanNozzl   FNi         W:425.6064    Tt:473.8221    Pt:4.153016    FAR:0.0         MN:0.0         Ts:0.0         Ps:0.0       
fanNozzl   FNo         W:425.6064    Tt:473.8221    Pt:4.153016    FAR:0.0         MN:1.0         Ts:394.1012    Ps:2.193179  

Mech Ports

fan        MP          N:8379.045    hp:-2994.46    I:0.0       
LPC        MP          N:8379.045    hp:-1288.18    I:0.0       
HPC        MP          N:9226.365    hp:-5114.53    I:0.0       
HPT        MP          N:9226.365    hp:4964.876    I:0.0       
LPT        MP          N:8379.045    hp:4282.723    I:0.0       
HPshaft    MPC         N:9226.365    hp:-5114.53    I:0.0       
HPshaft    MPT         N:9226.365    hp:4964.876    I:0.0       
LPshaft    MPfan       N:8379.045    hp:-2994.46    I:0.0       
LPshaft    MPlpc       N:8379.045    hp:-1288.18    I:0.0       
LPshaft    MPlpt       N:8379.045    hp:4282.723    I:0.0       

*******************
Elements***********
*******************

FlightCond  start       W:445.6886  Tt:453.924  Pt:3.63587  Tamb:389.9  Pamb:2.138  
Duct        inlet       dP:0.002    Q:0.0       
Compressor  fan         PR:1.16194  eff:1.0283  Rline:2.0   NcMap:0.83  
Splitter    splitter    BPR:21.193  
Duct        duct2       dP:0.01     Q:0.0       
Compressor  LPC         PR:2.90049  eff:0.8479  Rline:1.37  NcMap:0.85  
Duct        duct25      dP:0.015    Q:0.0       
Compressor  HPC         PR:9.65344  eff:0.8551  Rline:1.99  NcMap:0.94  
Burner      burner      FAR:0.0178  Tout:0.0    Wfuel:0.30  dP:0.04     
Turbine     HPT         PR:4.46181  eff:0.9222  PRmap:3.02  NcMap:0.94  
Duct        duct45      dP:0.005    Q:0.0       
Turbine     LPT         PR:6.09595  eff:0.9260  PRmap:6.20  NcMap:0.86  
Duct        duct5       dP:0.01     Q:0.0       
Nozzle      priNozzle   Fg:924.024  
Duct        duct17      dP:0.015    Q:0.0       
Nozzle      fanNozzle   Fg:13128.2  
Shaft       HPshaft     N:9226.365  HPX:150.0   
Shaft       LPshaft     N:8379.045  HPX:0.0     
Performanc  Perf        alt:45000.  MN:0.9      Fn:1957.58  SFC:0.5598  Fg:14052.3  Fram:12094  Wfuel:0.30   

****************
Solver**********
****************

Converged:True

******************************************************************************************

time =  0.0

******************
Ports*************
******************

Electric Ports


Fluid Ports

start      FNo         W:411.4504    Tt:453.9249    Pt:3.635879    FAR:0.0         MN:0.9         Ts:389.9699    Ps:2.138969  
inlet      FNi         W:411.4504    Tt:453.9249    Pt:3.635879    FAR:0.0         MN:0.0         Ts:389.9699    Ps:2.138969  
inlet      FNo         W:411.4504    Tt:453.9249    Pt:3.628607    FAR:0.0         MN:0.0         Ts:0.0         Ps:0.0       
fan        FNi         W:411.4504    Tt:453.9249    Pt:3.628607    FAR:0.0         MN:0.0         Ts:0.0         Ps:0.0       
fan        FNideal     W:411.4504    Tt:470.1115    Pt:4.086076    FAR:0.0         MN:0.0         Ts:0.0         Ps:0.0       
fan        FNo         W:411.4504    Tt:469.7033    Pt:4.086076    FAR:0.0         MN:0.0         Ts:0.0         Ps:0.0       
fan        FNoBld1     W:0.0         Tt:453.9249    Pt:3.628607    FAR:0.0         MN:0.0         Ts:0.0         Ps:0.0       
fan        FNoBld2     W:0.0         Tt:453.9249    Pt:3.628607    FAR:0.0         MN:0.0         Ts:0.0         Ps:0.0       
splitter   FNi         W:411.4504    Tt:469.7033    Pt:4.086076    FAR:0.0         MN:0.0         Ts:0.0         Ps:0.0       
splitter   FNo1        W:17.06495    Tt:469.7033    Pt:4.086076    FAR:0.0         MN:0.0         Ts:0.0         Ps:0.0       
splitter   FNo2        W:394.3854    Tt:469.7033    Pt:4.086076    FAR:0.0         MN:0.0         Ts:0.0         Ps:0.0       
duct2      FNi         W:17.06495    Tt:469.7033    Pt:4.086076    FAR:0.0         MN:0.0         Ts:0.0         Ps:0.0       
duct2      FNo         W:17.06495    Tt:469.7033    Pt:4.045215    FAR:0.0         MN:0.0         Ts:0.0         Ps:0.0       
LPC        FNi         W:17.06495    Tt:469.7033    Pt:4.045215    FAR:0.0         MN:0.0         Ts:0.0         Ps:0.0       
LPC        FNideal     W:17.06495    Tt:626.9977    Pt:11.50371    FAR:0.0         MN:0.0         Ts:0.0         Ps:0.0       
LPC        FNo         W:17.06495    Tt:663.8051    Pt:11.50371    FAR:0.0         MN:0.0         Ts:0.0         Ps:0.0       
LPC        FNoBld1     W:1.706495    Tt:605.8237    Pt:5.220947    FAR:0.0         MN:0.0         Ts:0.0         Ps:0.0       
LPC        FNoBld2     W:1.706495    Tt:644.5089    Pt:6.712646    FAR:0.0         MN:0.0         Ts:0.0         Ps:0.0       
duct25     FNi         W:17.06495    Tt:663.8051    Pt:11.50371    FAR:0.0         MN:0.0         Ts:0.0         Ps:0.0       
duct25     FNo         W:17.06495    Tt:663.8051    Pt:11.33115    FAR:0.0         MN:0.0         Ts:0.0         Ps:0.0       
HPC        FNi         W:17.06495    Tt:663.8051    Pt:11.33115    FAR:0.0         MN:0.0         Ts:0.0         Ps:0.0       
HPC        FNideal     W:17.06495    Tt:1203.738    Pt:93.84175    FAR:0.0         MN:0.0         Ts:0.0         Ps:0.0       
HPC        FNo         W:14.47722    Tt:1297.678    Pt:93.84175    FAR:0.0         MN:0.0         Ts:0.0         Ps:0.0       
HPC        FNoBld1     W:1.293864    Tt:903.0173    Pt:30.52892    FAR:0.0         MN:0.0         Ts:0.0         Ps:0.0       
HPC        FNoBld2     W:1.293864    Tt:913.2342    Pt:31.84908    FAR:0.0         MN:0.0         Ts:0.0         Ps:0.0       
burner     FNi         W:14.47722    Tt:1297.678    Pt:93.84175    FAR:0.0         MN:0.0         Ts:0.0         Ps:0.0       
burner     FNo         W:14.69972    Tt:2251.865    Pt:90.08808    FAR:0.015369    MN:0.0         Ts:0.0         Ps:0.0       
HPT        FN41        W:15.99359    Tt:2149.986    Pt:90.08808    FAR:0.014108    MN:0.0         Ts:0.0         Ps:0.0       
HPT        FN42        W:15.99359    Tt:1544.670    Pt:20.14656    FAR:0.014108    MN:0.0         Ts:0.0         Ps:0.0       
HPT        FNi         W:14.69972    Tt:2251.865    Pt:90.08808    FAR:0.015369    MN:0.0         Ts:0.0         Ps:0.0       
HPT        FNiBld1     W:1.293864    Tt:913.2342    Pt:31.84908    FAR:0.0         MN:0.0         Ts:0.0         Ps:0.0       
HPT        FNiBld2     W:1.293864    Tt:903.0173    Pt:30.52892    FAR:0.0         MN:0.0         Ts:0.0         Ps:0.0       
HPT        FNideal     W:15.99359    Tt:1489.975    Pt:20.14656    FAR:0.014108    MN:0.0         Ts:0.0         Ps:0.0       
HPT        FNo         W:17.28745    Tt:1497.136    Pt:20.14656    FAR:0.013038    MN:0.0         Ts:0.0         Ps:0.0       
duct45     FNi         W:17.28745    Tt:1497.136    Pt:20.14656    FAR:0.013038    MN:0.0         Ts:0.0         Ps:0.0       
duct45     FNo         W:17.28745    Tt:1497.136    Pt:20.04583    FAR:0.013038    MN:0.0         Ts:0.0         Ps:0.0       
LPT        FN41        W:17.28745    Tt:1497.136    Pt:20.04583    FAR:0.013038    MN:0.0         Ts:0.0         Ps:0.0       
LPT        FN42        W:17.28745    Tt:980.4757    Pt:3.372564    FAR:0.013038    MN:0.0         Ts:0.0         Ps:0.0       
LPT        FNi         W:17.28745    Tt:1497.136    Pt:20.04583    FAR:0.013038    MN:0.0         Ts:0.0         Ps:0.0       
LPT        FNiBld1     W:0.0         Tt:0.0         Pt:0.0         FAR:0.0         MN:0.0         Ts:0.0         Ps:0.0       
LPT        FNiBld2     W:0.0         Tt:0.0         Pt:0.0         FAR:0.0         MN:0.0         Ts:0.0         Ps:0.0       
LPT        FNideal     W:17.28745    Tt:936.1328    Pt:3.372564    FAR:0.013038    MN:0.0         Ts:0.0         Ps:0.0       
LPT        FNo         W:17.28745    Tt:980.4757    Pt:3.372564    FAR:0.013038    MN:0.0         Ts:0.0         Ps:0.0       
duct5      FNi         W:17.28745    Tt:980.4757    Pt:3.372564    FAR:0.013038    MN:0.0         Ts:0.0         Ps:0.0       
duct5      FNo         W:17.28745    Tt:980.4757    Pt:3.338838    FAR:0.013038    MN:0.0         Ts:0.0         Ps:0.0       
priNozzl   FNi         W:17.28745    Tt:980.4757    Pt:3.338838    FAR:0.013038    MN:0.0         Ts:0.0         Ps:0.0       
priNozzl   FNo         W:17.28745    Tt:980.4757    Pt:3.338838    FAR:0.013038    MN:0.828797    Ts:868.4580    Ps:2.13897   
duct17     FNi         W:394.3854    Tt:469.7033    Pt:4.086076    FAR:0.0         MN:0.0         Ts:0.0         Ps:0.0       
duct17     FNo         W:394.3854    Tt:469.7033    Pt:4.024785    FAR:0.0         MN:0.0         Ts:0.0         Ps:0.0       
fanNozzl   FNi         W:394.3854    Tt:469.7033    Pt:4.024785    FAR:0.0         MN:0.0         Ts:0.0         Ps:0.0       
fanNozzl   FNo         W:394.3854    Tt:469.7033    Pt:4.024785    FAR:0.0         MN:0.993612    Ts:391.4972    Ps:2.13897   

Mech Ports

fan        MP          N:7914.724    hp:-2192.17    I:0.0       
LPC        MP          N:7914.724    hp:-1124.42    I:0.0       
HPC        MP          N:9038.363    hp:-4020.72    I:0.0       
HPT        MP          N:9038.363    hp:3870.697    I:0.0       
LPT        MP          N:7914.724    hp:3316.534    I:0.0       
HPshaft    MPC         N:9038.363    hp:-4020.72    I:0.0       
HPshaft    MPT         N:9038.363    hp:3870.697    I:0.0       
LPshaft    MPfan       N:7914.724    hp:-2192.17    I:0.0       
LPshaft    MPlpc       N:7914.724    hp:-1124.42    I:0.0       
LPshaft    MPlpt       N:7914.724    hp:3316.534    I:0.0       

*******************
Elements***********
*******************

FlightCond  start       W:411.4504  Tt:453.924  Pt:3.63587  Tamb:389.9  Pamb:2.138  
Duct        inlet       dP:0.002    Q:0.0       
Compressor  fan         PR:1.12607  eff:1.0258  Rline:2.0   NcMap:0.78  
Splitter    splitter    BPR:23.110  
Duct        duct2       dP:0.01     Q:0.0       
Compressor  LPC         PR:2.84378  eff:0.8094  Rline:1.14  NcMap:0.80  
Duct        duct25      dP:0.015    Q:0.0       
Compressor  HPC         PR:8.28174  eff:0.8474  Rline:1.98  NcMap:0.92  
Burner      burner      FAR:0.0153  Tout:0.0    Wfuel:0.22  dP:0.04     
Turbine     HPT         PR:4.47163  eff:0.9220  PRmap:3.03  NcMap:0.96  
Duct        duct45      dP:0.005    Q:0.0       
Turbine     LPT         PR:5.94379  eff:0.9234  PRmap:6.04  NcMap:0.85  
Duct        duct5       dP:0.01     Q:0.0       
Nozzle      priNozzle   Fg:639.792  
Duct        duct17      dP:0.015    Q:0.0       
Nozzle      fanNozzle   Fg:11840.1  
Shaft       HPshaft     N:9038.363  HPX:150.0   
Shaft       LPshaft     N:7914.724  HPX:0.0     
Performanc  Perf        alt:45000.  MN:0.9      Fn:1314.31  SFC:0.6094  Fg:12479.9  Fram:11165  Wfuel:0.22   

****************
Solver**********
****************

Converged:True

******************************************************************************************

time =  0.0

******************
Ports*************
******************

Electric Ports


Fluid Ports

start      FNo         W:390.9172    Tt:453.9249    Pt:3.635879    FAR:0.0         MN:0.9         Ts:389.9699    Ps:2.138969  
inlet      FNi         W:390.9172    Tt:453.9249    Pt:3.635879    FAR:0.0         MN:0.0         Ts:389.9699    Ps:2.138969  
inlet      FNo         W:390.9172    Tt:453.9249    Pt:3.628607    FAR:0.0         MN:0.0         Ts:0.0         Ps:0.0       
fan        FNi         W:390.9172    Tt:453.9249    Pt:3.628607    FAR:0.0         MN:0.0         Ts:0.0         Ps:0.0       
fan        FNideal     W:390.9172    Tt:466.4663    Pt:3.978299    FAR:0.0         MN:0.0         Ts:0.0         Ps:0.0       
fan        FNo         W:390.9172    Tt:466.2429    Pt:3.978299    FAR:0.0         MN:0.0         Ts:0.0         Ps:0.0       
fan        FNoBld1     W:0.0         Tt:453.9249    Pt:3.628607    FAR:0.0         MN:0.0         Ts:0.0         Ps:0.0       
fan        FNoBld2     W:0.0         Tt:453.9249    Pt:3.628607    FAR:0.0         MN:0.0         Ts:0.0         Ps:0.0       
splitter   FNi         W:390.9172    Tt:466.2429    Pt:3.978299    FAR:0.0         MN:0.0         Ts:0.0         Ps:0.0       
splitter   FNo1        W:15.63811    Tt:466.2429    Pt:3.978299    FAR:0.0         MN:0.0         Ts:0.0         Ps:0.0       
splitter   FNo2        W:375.2791    Tt:466.2429    Pt:3.978299    FAR:0.0         MN:0.0         Ts:0.0         Ps:0.0       
duct2      FNi         W:15.63811    Tt:466.2429    Pt:3.978299    FAR:0.0         MN:0.0         Ts:0.0         Ps:0.0       
duct2      FNo         W:15.63811    Tt:466.2429    Pt:3.938516    FAR:0.0         MN:0.0         Ts:0.0         Ps:0.0       
LPC        FNi         W:15.63811    Tt:466.2429    Pt:3.938516    FAR:0.0         MN:0.0         Ts:0.0         Ps:0.0       
LPC        FNideal     W:15.63811    Tt:620.8518    Pt:10.98200    FAR:0.0         MN:0.0         Ts:0.0         Ps:0.0       
LPC        FNo         W:15.63811    Tt:659.4842    Pt:10.98200    FAR:0.0         MN:0.0         Ts:0.0         Ps:0.0       
LPC        FNoBld1     W:1.563811    Tt:601.7599    Pt:4.930441    FAR:0.0         MN:0.0         Ts:0.0         Ps:0.0       
LPC        FNoBld2     W:1.563811    Tt:640.2640    Pt:6.339138    FAR:0.0         MN:0.0         Ts:0.0         Ps:0.0       
duct25     FNi         W:15.63811    Tt:659.4842    Pt:10.98200    FAR:0.0         MN:0.0         Ts:0.0         Ps:0.0       
duct25     FNo         W:15.63811    Tt:659.4842    Pt:10.81727    FAR:0.0         MN:0.0         Ts:0.0         Ps:0.0       
HPC        FNi         W:15.63811    Tt:659.4842    Pt:10.81727    FAR:0.0         MN:0.0         Ts:0.0         Ps:0.0       
HPC        FNideal     W:15.63811    Tt:1166.128    Pt:82.33135    FAR:0.0         MN:0.0         Ts:0.0         Ps:0.0       
HPC        FNo         W:13.26675    Tt:1258.860    Pt:82.33135    FAR:0.0         MN:0.0         Ts:0.0         Ps:0.0       
HPC        FNoBld1     W:1.185682    Tt:885.3408    Pt:26.46020    FAR:0.0         MN:0.0         Ts:0.0         Ps:0.0       
HPC        FNoBld2     W:1.185682    Tt:895.0248    Pt:27.60443    FAR:0.0         MN:0.0         Ts:0.0         Ps:0.0       
burner     FNi         W:13.26675    Tt:1258.860    Pt:82.33135    FAR:0.0         MN:0.0         Ts:0.0         Ps:0.0       
burner     FNo         W:13.43748    Tt:2068.431    Pt:79.03810    FAR:0.012869    MN:0.0         Ts:0.0         Ps:0.0       
HPT        FN41        W:14.62317    Tt:1978.525    Pt:79.03810    FAR:0.011813    MN:0.0         Ts:0.0         Ps:0.0       
HPT        FN42        W:14.62317    Tt:1397.987    Pt:17.56187    FAR:0.011813    MN:0.0         Ts:0.0         Ps:0.0       
HPT        FNi         W:13.43748    Tt:2068.431    Pt:79.03810    FAR:0.012869    MN:0.0         Ts:0.0         Ps:0.0       
HPT        FNiBld1     W:1.185682    Tt:895.0248    Pt:27.60443    FAR:0.0         MN:0.0         Ts:0.0         Ps:0.0       
HPT        FNiBld2     W:1.185682    Tt:885.3408    Pt:26.46020    FAR:0.0         MN:0.0         Ts:0.0         Ps:0.0       
HPT        FNideal     W:14.62317    Tt:1345.313    Pt:17.56187    FAR:0.011813    MN:0.0         Ts:0.0         Ps:0.0       
HPT        FNo         W:15.80885    Tt:1359.649    Pt:17.56187    FAR:0.010917    MN:0.0         Ts:0.0         Ps:0.0       
duct45     FNi         W:15.80885    Tt:1359.649    Pt:17.56187    FAR:0.010917    MN:0.0         Ts:0.0         Ps:0.0       
duct45     FNo         W:15.80885    Tt:1359.649    Pt:17.47406    FAR:0.010917    MN:0.0         Ts:0.0         Ps:0.0       
LPT        FN41        W:15.80885    Tt:1359.649    Pt:17.47406    FAR:0.010917    MN:0.0         Ts:0.0         Ps:0.0       
LPT        FN42        W:15.80885    Tt:900.3525    Pt:3.083449    FAR:0.010917    MN:0.0         Ts:0.0         Ps:0.0       
LPT        FNi         W:15.80885    Tt:1359.649    Pt:17.47406    FAR:0.010917    MN:0.0         Ts:0.0         Ps:0.0       
LPT        FNiBld1     W:0.0         Tt:0.0         Pt:0.0         FAR:0.0         MN:0.0         Ts:0.0         Ps:0.0       
LPT        FNiBld2     W:0.0         Tt:0.0         Pt:0.0         FAR:0.0         MN:0.0         Ts:0.0         Ps:0.0       
LPT        FNideal     W:15.80885    Tt:863.8983    Pt:3.083449    FAR:0.010917    MN:0.0         Ts:0.0         Ps:0.0       
LPT        FNo         W:15.80885    Tt:900.3525    Pt:3.083449    FAR:0.010917    MN:0.0         Ts:0.0         Ps:0.0       
duct5      FNi         W:15.80885    Tt:900.3525    Pt:3.083449    FAR:0.010917    MN:0.0         Ts:0.0         Ps:0.0       
duct5      FNo         W:15.80885    Tt:900.3525    Pt:3.052615    FAR:0.010917    MN:0.0         Ts:0.0         Ps:0.0       
priNozzl   FNi         W:15.80885    Tt:900.3525    Pt:3.052615    FAR:0.010917    MN:0.0         Ts:0.0         Ps:0.0       
priNozzl   FNo         W:15.80885    Tt:900.3525    Pt:3.052615    FAR:0.010917    MN:0.733839    Ts:816.7090    Ps:2.13897   
duct17     FNi         W:375.2791    Tt:466.2429    Pt:3.978299    FAR:0.0         MN:0.0         Ts:0.0         Ps:0.0       
duct17     FNo         W:375.2791    Tt:466.2429    Pt:3.918625    FAR:0.0         MN:0.0         Ts:0.0         Ps:0.0       
fanNozzl   FNi         W:375.2791    Tt:466.2429    Pt:3.918625    FAR:0.0         MN:0.0         Ts:0.0         Ps:0.0       
fanNozzl   FNo         W:375.2791    Tt:466.2429    Pt:3.918625    FAR:0.0         MN:0.970223    Ts:391.6410    Ps:2.13897   

Mech Ports

fan        MP          N:7574.966    hp:-1626.00    I:0.0       
LPC        MP          N:7574.966    hp:-1025.58    I:0.0       
HPC        MP          N:8936.775    hp:-3475.95    I:0.0       
HPT        MP          N:8936.775    hp:3325.948    I:0.0       
LPT        MP          N:7574.966    hp:2651.681    I:0.0       
HPshaft    MPC         N:8936.775    hp:-3475.95    I:0.0       
HPshaft    MPT         N:8936.775    hp:3325.948    I:0.0       
LPshaft    MPfan       N:7574.966    hp:-1626.00    I:0.0       
LPshaft    MPlpc       N:7574.966    hp:-1025.58    I:0.0       
LPshaft    MPlpt       N:7574.966    hp:2651.681    I:0.0       

*******************
Elements***********
*******************

FlightCond  start       W:390.9172  Tt:453.924  Pt:3.63587  Tamb:389.9  Pamb:2.138  
Duct        inlet       dP:0.002    Q:0.0       
Compressor  fan         PR:1.09637  eff:1.0181  Rline:2.0   NcMap:0.75  
Splitter    splitter    BPR:23.997  
Duct        duct2       dP:0.01     Q:0.0       
Compressor  LPC         PR:2.78836  eff:0.7991  Rline:1.09  NcMap:0.77  
Duct        duct25      dP:0.015    Q:0.0       
Compressor  HPC         PR:7.61110  eff:0.8411  Rline:2.05  NcMap:0.91  
Burner      burner      FAR:0.0128  Tout:0.0    Wfuel:0.17  dP:0.04     
Turbine     HPT         PR:4.50055  eff:0.9220  PRmap:3.05  NcMap:0.99  
Duct        duct45      dP:0.005    Q:0.0       
Turbine     LPT         PR:5.66704  eff:0.9284  PRmap:5.76  NcMap:0.85  
Duct        duct5       dP:0.01     Q:0.0       
Nozzle      priNozzle   Fg:503.085  
Duct        duct17      dP:0.015    Q:0.0       
Nozzle      fanNozzle   Fg:11003.3  
Shaft       HPshaft     N:8936.775  HPX:150.0   
Shaft       LPshaft     N:7574.966  HPX:0.0     
Performanc  Perf        alt:45000.  MN:0.9      Fn:898.009  SFC:0.6844  Fg:11506.3  Fram:10608  Wfuel:0.17   

****************
Solver**********
****************

Converged:True

******************************************************************************************
HPT.effTable Table 2d input to low 2.997401578187855 < 3.0
HPT.WcTable Table 2d input to low 2.997401578187855 < 3.0

time =  0.0

******************
Ports*************
******************

Electric Ports


Fluid Ports

start      FNo         W:507.3287    Tt:447.0280    Pt:3.447854    FAR:0.0         MN:0.85        Ts:389.9699    Ps:2.138969  
inlet      FNi         W:507.3287    Tt:447.0280    Pt:3.447854    FAR:0.0         MN:0.0         Ts:389.9699    Ps:2.138969  
inlet      FNo         W:507.3287    Tt:447.0280    Pt:3.440958    FAR:0.0         MN:0.0         Ts:0.0         Ps:0.0       
fan        FNi         W:507.3287    Tt:447.0280    Pt:3.440958    FAR:0.0         MN:0.0         Ts:0.0         Ps:0.0       
fan        FNideal     W:507.3287    Tt:482.4477    Pt:4.473246    FAR:0.0         MN:0.0         Ts:0.0         Ps:0.0       
fan        FNo         W:507.3287    Tt:483.5844    Pt:4.473246    FAR:0.0         MN:0.0         Ts:0.0         Ps:0.0       
fan        FNoBld1     W:0.0         Tt:447.0280    Pt:3.440958    FAR:0.0         MN:0.0         Ts:0.0         Ps:0.0       
fan        FNoBld2     W:0.0         Tt:447.0280    Pt:3.440958    FAR:0.0         MN:0.0         Ts:0.0         Ps:0.0       
splitter   FNi         W:507.3287    Tt:483.5844    Pt:4.473246    FAR:0.0         MN:0.0         Ts:0.0         Ps:0.0       
splitter   FNo1        W:27.99010    Tt:483.5844    Pt:4.473246    FAR:0.0         MN:0.0         Ts:0.0         Ps:0.0       
splitter   FNo2        W:479.3386    Tt:483.5844    Pt:4.473246    FAR:0.0         MN:0.0         Ts:0.0         Ps:0.0       
duct2      FNi         W:27.99010    Tt:483.5844    Pt:4.473246    FAR:0.0         MN:0.0         Ts:0.0         Ps:0.0       
duct2      FNo         W:27.99010    Tt:483.5844    Pt:4.428514    FAR:0.0         MN:0.0         Ts:0.0         Ps:0.0       
LPC        FNi         W:27.99010    Tt:483.5844    Pt:4.428514    FAR:0.0         MN:0.0         Ts:0.0         Ps:0.0       
LPC        FNideal     W:27.99010    Tt:652.5679    Pt:13.41411    FAR:0.0         MN:0.0         Ts:0.0         Ps:0.0       
LPC        FNo         W:27.99010    Tt:673.3226    Pt:13.41411    FAR:0.0         MN:0.0         Ts:0.0         Ps:0.0       
LPC        FNoBld1     W:2.799010    Tt:616.6363    Pt:6.289921    FAR:0.0         MN:0.0         Ts:0.0         Ps:0.0       
LPC        FNoBld2     W:2.799010    Tt:654.4644    Pt:8.087042    FAR:0.0         MN:0.0         Ts:0.0         Ps:0.0       
duct25     FNi         W:27.99010    Tt:673.3226    Pt:13.41411    FAR:0.0         MN:0.0         Ts:0.0         Ps:0.0       
duct25     FNo         W:27.99010    Tt:673.3226    Pt:13.21290    FAR:0.0         MN:0.0         Ts:0.0         Ps:0.0       
HPC        FNi         W:27.99010    Tt:673.3226    Pt:13.21290    FAR:0.0         MN:0.0         Ts:0.0         Ps:0.0       
HPC        FNideal     W:27.99010    Tt:1404.683    Pt:182.9276    FAR:0.0         MN:0.0         Ts:0.0         Ps:0.0       
HPC        FNo         W:23.74568    Tt:1528.490    Pt:182.9276    FAR:0.0         MN:0.0         Ts:0.0         Ps:0.0       
HPC        FNoBld1     W:2.122209    Tt:999.0678    Pt:62.79447    FAR:0.0         MN:0.0         Ts:0.0         Ps:0.0       
HPC        FNoBld2     W:2.122209    Tt:1012.908    Pt:65.50990    FAR:0.0         MN:0.0         Ts:0.0         Ps:0.0       
burner     FNi         W:23.74568    Tt:1528.490    Pt:182.9276    FAR:0.0         MN:0.0         Ts:0.0         Ps:0.0       
burner     FNo         W:24.39728    Tt:3126.610    Pt:175.6105    FAR:0.027440    MN:0.0         Ts:0.0         Ps:0.0       
HPT        FN41        W:26.51949    Tt:2970.917    Pt:175.6105    FAR:0.025189    MN:0.0         Ts:0.0         Ps:0.0       
HPT        FN42        W:26.51949    Tt:2200.566    Pt:39.81747    FAR:0.025189    MN:0.0         Ts:0.0         Ps:0.0       
HPT        FNi         W:24.39728    Tt:3126.610    Pt:175.6105    FAR:0.027440    MN:0.0         Ts:0.0         Ps:0.0       
HPT        FNiBld1     W:2.122209    Tt:1012.908    Pt:65.50990    FAR:0.0         MN:0.0         Ts:0.0         Ps:0.0       
HPT        FNiBld2     W:2.122209    Tt:999.0678    Pt:62.79447    FAR:0.0         MN:0.0         Ts:0.0         Ps:0.0       
HPT        FNideal     W:26.51949    Tt:2130.877    Pt:39.81747    FAR:0.025189    MN:0.0         Ts:0.0         Ps:0.0       
HPT        FNo         W:28.64170    Tt:2113.712    Pt:39.81747    FAR:0.023279    MN:0.0         Ts:0.0         Ps:0.0       
duct45     FNi         W:28.64170    Tt:2113.712    Pt:39.81747    FAR:0.023279    MN:0.0         Ts:0.0         Ps:0.0       
duct45     FNo         W:28.64170    Tt:2113.712    Pt:39.61838    FAR:0.023279    MN:0.0         Ts:0.0         Ps:0.0       
LPT        FN41        W:28.64170    Tt:2113.712    Pt:39.61838    FAR:0.023279    MN:0.0         Ts:0.0         Ps:0.0       
LPT        FN42        W:28.64170    Tt:1413.834    Pt:6.584680    FAR:0.023279    MN:0.0         Ts:0.0         Ps:0.0       
LPT        FNi         W:28.64170    Tt:2113.712    Pt:39.61838    FAR:0.023279    MN:0.0         Ts:0.0         Ps:0.0       
LPT        FNiBld1     W:0.0         Tt:0.0         Pt:0.0         FAR:0.0         MN:0.0         Ts:0.0         Ps:0.0       
LPT        FNiBld2     W:0.0         Tt:0.0         Pt:0.0         FAR:0.0         MN:0.0         Ts:0.0         Ps:0.0       
LPT        FNideal     W:28.64170    Tt:1365.996    Pt:6.584680    FAR:0.023279    MN:0.0         Ts:0.0         Ps:0.0       
LPT        FNo         W:28.64170    Tt:1413.834    Pt:6.584680    FAR:0.023279    MN:0.0         Ts:0.0         Ps:0.0       
duct5      FNi         W:28.64170    Tt:1413.834    Pt:6.584680    FAR:0.023279    MN:0.0         Ts:0.0         Ps:0.0       
duct5      FNo         W:28.64170    Tt:1413.834    Pt:6.518833    FAR:0.023279    MN:0.0         Ts:0.0         Ps:0.0       
priNozzl   FNi         W:28.64170    Tt:1413.834    Pt:6.518833    FAR:0.023279    MN:0.0         Ts:0.0         Ps:0.0       
priNozzl   FNo         W:28.64170    Tt:1413.834    Pt:6.518833    FAR:0.023279    MN:1.0         Ts:1205.255    Ps:3.496594  
duct17     FNi         W:479.3386    Tt:483.5844    Pt:4.473246    FAR:0.0         MN:0.0         Ts:0.0         Ps:0.0       
duct17     FNo         W:479.3386    Tt:483.5844    Pt:4.406147    FAR:0.0         MN:0.0         Ts:0.0         Ps:0.0       
fanNozzl   FNi         W:479.3386    Tt:483.5844    Pt:4.406147    FAR:0.0         MN:0.0         Ts:0.0         Ps:0.0       
fanNozzl   FNo         W:479.3386    Tt:483.5844    Pt:4.406147    FAR:0.0         MN:1.0         Ts:402.2646    Ps:2.330714  

Mech Ports

fan        MP          N:9950.771    hp:-6261.19    I:0.0       
LPC        MP          N:9950.771    hp:-1804.14    I:0.0       
HPC        MP          N:9833.878    hp:-9022.49    I:0.0       
HPT        MP          N:9833.878    hp:8872.631    I:0.0       
LPT        MP          N:9950.771    hp:8065.244    I:0.0       
HPshaft    MPC         N:9833.878    hp:-9022.49    I:0.0       
HPshaft    MPT         N:9833.878    hp:8872.631    I:0.0       
LPshaft    MPfan       N:9950.771    hp:-6261.19    I:0.0       
LPshaft    MPlpc       N:9950.771    hp:-1804.14    I:0.0       
LPshaft    MPlpt       N:9950.771    hp:8065.244    I:0.0       

*******************
Elements***********
*******************

FlightCond  start       W:507.3287  Tt:447.028  Pt:3.44785  Tamb:389.9  Pamb:2.138  
Duct        inlet       dP:0.002    Q:0.0       
Compressor  fan         PR:1.30000  eff:0.9688  Rline:2.0   NcMap:1.00  
Splitter    splitter    BPR:17.125  
Duct        duct2       dP:0.01     Q:0.0       
Compressor  LPC         PR:3.02903  eff:0.8899  Rline:1.94  NcMap:0.99  
Duct        duct25      dP:0.015    Q:0.0       
Compressor  HPC         PR:13.8446  eff:0.8489  Rline:1.92  NcMap:0.99  
Burner      burner      FAR:0.0274  Tout:0.0    Wfuel:0.65  dP:0.04     
Turbine     HPT         PR:4.41038  eff:0.9215  PRmap:2.99  NcMap:0.89  
Duct        duct45      dP:0.005    Q:0.0       
Turbine     LPT         PR:6.01675  eff:0.9386  PRmap:6.12  NcMap:0.90  
Duct        duct5       dP:0.01     Q:0.0       
Nozzle      priNozzle   Fg:1920.70  
Duct        duct17      dP:0.015    Q:0.0       
Nozzle      fanNozzle   Fg:15537.7  
Shaft       HPshaft     N:9833.878  HPX:150.0   
Shaft       LPshaft     N:9950.771  HPX:0.0     
Performanc  Perf        alt:45000.  MN:0.85     Fn:4455.79  SFC:0.5264  Fg:17458.4  Fram:13002  Wfuel:0.65   

****************
Solver**********
****************

Converged:True

******************************************************************************************

time =  0.0

******************
Ports*************
******************

Electric Ports


Fluid Ports

start      FNo         W:494.4310    Tt:447.0280    Pt:3.447854    FAR:0.0         MN:0.85        Ts:389.9699    Ps:2.138969  
inlet      FNi         W:494.4310    Tt:447.0280    Pt:3.447854    FAR:0.0         MN:0.0         Ts:389.9699    Ps:2.138969  
inlet      FNo         W:494.4310    Tt:447.0280    Pt:3.440958    FAR:0.0         MN:0.0         Ts:0.0         Ps:0.0       
fan        FNi         W:494.4310    Tt:447.0280    Pt:3.440958    FAR:0.0         MN:0.0         Ts:0.0         Ps:0.0       
fan        FNideal     W:494.4310    Tt:478.7222    Pt:4.352685    FAR:0.0         MN:0.0         Ts:0.0         Ps:0.0       
fan        FNo         W:494.4310    Tt:478.8453    Pt:4.352685    FAR:0.0         MN:0.0         Ts:0.0         Ps:0.0       
fan        FNoBld1     W:0.0         Tt:447.0280    Pt:3.440958    FAR:0.0         MN:0.0         Ts:0.0         Ps:0.0       
fan        FNoBld2     W:0.0         Tt:447.0280    Pt:3.440958    FAR:0.0         MN:0.0         Ts:0.0         Ps:0.0       
splitter   FNi         W:494.4310    Tt:478.8453    Pt:4.352685    FAR:0.0         MN:0.0         Ts:0.0         Ps:0.0       
splitter   FNo1        W:26.05259    Tt:478.8453    Pt:4.352685    FAR:0.0         MN:0.0         Ts:0.0         Ps:0.0       
splitter   FNo2        W:468.3785    Tt:478.8453    Pt:4.352685    FAR:0.0         MN:0.0         Ts:0.0         Ps:0.0       
duct2      FNi         W:26.05259    Tt:478.8453    Pt:4.352685    FAR:0.0         MN:0.0         Ts:0.0         Ps:0.0       
duct2      FNo         W:26.05259    Tt:478.8453    Pt:4.309158    FAR:0.0         MN:0.0         Ts:0.0         Ps:0.0       
LPC        FNi         W:26.05259    Tt:478.8453    Pt:4.309158    FAR:0.0         MN:0.0         Ts:0.0         Ps:0.0       
LPC        FNideal     W:26.05259    Tt:644.0823    Pt:12.84432    FAR:0.0         MN:0.0         Ts:0.0         Ps:0.0       
LPC        FNo         W:26.05258    Tt:664.6494    Pt:12.84432    FAR:0.0         MN:0.0         Ts:0.0         Ps:0.0       
LPC        FNoBld1     W:2.605259    Tt:609.1353    Pt:5.974614    FAR:0.0         MN:0.0         Ts:0.0         Ps:0.0       
LPC        FNoBld2     W:2.605259    Tt:646.1775    Pt:7.681647    FAR:0.0         MN:0.0         Ts:0.0         Ps:0.0       
duct25     FNi         W:26.05258    Tt:664.6494    Pt:12.84432    FAR:0.0         MN:0.0         Ts:0.0         Ps:0.0       
duct25     FNo         W:26.05258    Tt:664.6494    Pt:12.65165    FAR:0.0         MN:0.0         Ts:0.0         Ps:0.0       
HPC        FNi         W:26.05258    Tt:664.6494    Pt:12.65165    FAR:0.0         MN:0.0         Ts:0.0         Ps:0.0       
HPC        FNideal     W:26.05258    Tt:1364.989    Pt:165.1188    FAR:0.0         MN:0.0         Ts:0.0         Ps:0.0       
HPC        FNo         W:22.10197    Tt:1482.010    Pt:165.1188    FAR:0.0         MN:0.0         Ts:0.0         Ps:0.0       
HPC        FNoBld1     W:1.975307    Tt:975.4142    Pt:56.41284    FAR:0.0         MN:0.0         Ts:0.0         Ps:0.0       
HPC        FNoBld2     W:1.975307    Tt:988.6657    Pt:58.85231    FAR:0.0         MN:0.0         Ts:0.0         Ps:0.0       
burner     FNi         W:22.10197    Tt:1482.010    Pt:165.1188    FAR:0.0         MN:0.0         Ts:0.0         Ps:0.0       
burner     FNo         W:22.65321    Tt:2952.832    Pt:158.5140    FAR:0.024940    MN:0.0         Ts:0.0         Ps:0.0       
HPT        FN41        W:24.62852    Tt:2807.187    Pt:158.5140    FAR:0.022894    MN:0.0         Ts:0.0         Ps:0.0       
HPT        FN42        W:24.62852    Tt:2061.048    Pt:35.78347    FAR:0.022894    MN:0.0         Ts:0.0         Ps:0.0       
HPT        FNi         W:22.65321    Tt:2952.832    Pt:158.5140    FAR:0.024940    MN:0.0         Ts:0.0         Ps:0.0       
HPT        FNiBld1     W:1.975307    Tt:988.6657    Pt:58.85231    FAR:0.0         MN:0.0         Ts:0.0         Ps:0.0       
HPT        FNiBld2     W:1.975307    Tt:975.4142    Pt:56.41284    FAR:0.0         MN:0.0         Ts:0.0         Ps:0.0       
HPT        FNideal     W:24.62852    Tt:1994.486    Pt:35.78347    FAR:0.022894    MN:0.0         Ts:0.0         Ps:0.0       
HPT        FNo         W:26.60382    Tt:1982.273    Pt:35.78347    FAR:0.021158    MN:0.0         Ts:0.0         Ps:0.0       
duct45     FNi         W:26.60382    Tt:1982.273    Pt:35.78347    FAR:0.021158    MN:0.0         Ts:0.0         Ps:0.0       
duct45     FNo         W:26.60382    Tt:1982.273    Pt:35.60456    FAR:0.021158    MN:0.0         Ts:0.0         Ps:0.0       
LPT        FN41        W:26.60382    Tt:1982.273    Pt:35.60456    FAR:0.021158    MN:0.0         Ts:0.0         Ps:0.0       
LPT        FN42        W:26.60382    Tt:1322.197    Pt:5.904381    FAR:0.021158    MN:0.0         Ts:0.0         Ps:0.0       
LPT        FNi         W:26.60382    Tt:1982.273    Pt:35.60456    FAR:0.021158    MN:0.0         Ts:0.0         Ps:0.0       
LPT        FNiBld1     W:0.0         Tt:0.0         Pt:0.0         FAR:0.0         MN:0.0         Ts:0.0         Ps:0.0       
LPT        FNiBld2     W:0.0         Tt:0.0         Pt:0.0         FAR:0.0         MN:0.0         Ts:0.0         Ps:0.0       
LPT        FNideal     W:26.60382    Tt:1273.983    Pt:5.904381    FAR:0.021158    MN:0.0         Ts:0.0         Ps:0.0       
LPT        FNo         W:26.60382    Tt:1322.197    Pt:5.904381    FAR:0.021158    MN:0.0         Ts:0.0         Ps:0.0       
duct5      FNi         W:26.60382    Tt:1322.197    Pt:5.904381    FAR:0.021158    MN:0.0         Ts:0.0         Ps:0.0       
duct5      FNo         W:26.60382    Tt:1322.197    Pt:5.845337    FAR:0.021158    MN:0.0         Ts:0.0         Ps:0.0       
priNozzl   FNi         W:26.60382    Tt:1322.197    Pt:5.845337    FAR:0.021158    MN:0.0         Ts:0.0         Ps:0.0       
priNozzl   FNo         W:26.60382    Tt:1322.197    Pt:5.845337    FAR:0.021158    MN:1.0         Ts:1123.859    Ps:3.127717  
duct17     FNi         W:468.3785    Tt:478.8453    Pt:4.352685    FAR:0.0         MN:0.0         Ts:0.0         Ps:0.0       
duct17     FNo         W:468.3785    Tt:478.8453    Pt:4.287395    FAR:0.0         MN:0.0         Ts:0.0         Ps:0.0       
fanNozzl   FNi         W:468.3785    Tt:478.8453    Pt:4.287395    FAR:0.0         MN:0.0         Ts:0.0         Ps:0.0       
fanNozzl   FNo         W:468.3785    Tt:478.8453    Pt:4.287395    FAR:0.0         MN:1.0         Ts:398.3040    Ps:2.269155  

Mech Ports

fan        MP          N:9511.611    hp:-5310.79    I:0.0       
LPC        MP          N:9511.611    hp:-1643.71    I:0.0       
HPC        MP          N:9678.309    hp:-8001.05    I:0.0       
HPT        MP          N:9678.309    hp:7850.897    I:0.0       
LPT        MP          N:9511.611    hp:6954.381    I:0.0       
HPshaft    MPC         N:9678.309    hp:-8001.05    I:0.0       
HPshaft    MPT         N:9678.309    hp:7850.897    I:0.0       
LPshaft    MPfan       N:9511.611    hp:-5310.79    I:0.0       
LPshaft    MPlpc       N:9511.611    hp:-1643.71    I:0.0       
LPshaft    MPlpt       N:9511.611    hp:6954.381    I:0.0       

*******************
Elements***********
*******************

FlightCond  start       W:494.4310  Tt:447.028  Pt:3.44785  Tamb:389.9  Pamb:2.138  
Duct        inlet       dP:0.002    Q:0.0       
Compressor  fan         PR:1.26496  eff:0.9961  Rline:2.0   NcMap:0.95  
Splitter    splitter    BPR:17.978  
Duct        duct2       dP:0.01     Q:0.0       
Compressor  LPC         PR:2.98070  eff:0.8886  Rline:1.87  NcMap:0.96  
Duct        duct25      dP:0.015    Q:0.0       
Compressor  HPC         PR:13.0511  eff:0.8509  Rline:1.94  NcMap:0.98  
Burner      burner      FAR:0.0249  Tout:0.0    Wfuel:0.55  dP:0.04     
Turbine     HPT         PR:4.42981  eff:0.9225  PRmap:3.00  NcMap:0.90  
Duct        duct45      dP:0.005    Q:0.0       
Turbine     LPT         PR:6.03019  eff:0.9347  PRmap:6.13  NcMap:0.88  
Duct        duct5       dP:0.01     Q:0.0       
Nozzle      priNozzle   Fg:1653.65  
Duct        duct17      dP:0.015    Q:0.0       
Nozzle      fanNozzle   Fg:14855.4  
Shaft       HPshaft     N:9678.309  HPX:150.0   
Shaft       LPshaft     N:9511.611  HPX:0.0     
Performanc  Perf        alt:45000.  MN:0.85     Fn:3837.08  SFC:0.5171  Fg:16509.1  Fram:12672  Wfuel:0.55   

****************
Solver**********
****************

Converged:True

******************************************************************************************

time =  0.0

******************
Ports*************
******************

Electric Ports


Fluid Ports

start      FNo         W:475.0844    Tt:447.0280    Pt:3.447854    FAR:0.0         MN:0.85        Ts:389.9699    Ps:2.138969  
inlet      FNi         W:475.0844    Tt:447.0280    Pt:3.447854    FAR:0.0         MN:0.0         Ts:389.9699    Ps:2.138969  
inlet      FNo         W:475.0844    Tt:447.0280    Pt:3.440958    FAR:0.0         MN:0.0         Ts:0.0         Ps:0.0       
fan        FNi         W:475.0844    Tt:447.0280    Pt:3.440958    FAR:0.0         MN:0.0         Ts:0.0         Ps:0.0       
fan        FNideal     W:475.0844    Tt:474.4492    Pt:4.218221    FAR:0.0         MN:0.0         Ts:0.0         Ps:0.0       
fan        FNo         W:475.0844    Tt:473.9441    Pt:4.218221    FAR:0.0         MN:0.0         Ts:0.0         Ps:0.0       
fan        FNoBld1     W:0.0         Tt:447.0280    Pt:3.440958    FAR:0.0         MN:0.0         Ts:0.0         Ps:0.0       
fan        FNoBld2     W:0.0         Tt:447.0280    Pt:3.440958    FAR:0.0         MN:0.0         Ts:0.0         Ps:0.0       
splitter   FNi         W:475.0844    Tt:473.9441    Pt:4.218221    FAR:0.0         MN:0.0         Ts:0.0         Ps:0.0       
splitter   FNo1        W:23.32950    Tt:473.9441    Pt:4.218221    FAR:0.0         MN:0.0         Ts:0.0         Ps:0.0       
splitter   FNo2        W:451.7549    Tt:473.9441    Pt:4.218221    FAR:0.0         MN:0.0         Ts:0.0         Ps:0.0       
duct2      FNi         W:23.32950    Tt:473.9441    Pt:4.218221    FAR:0.0         MN:0.0         Ts:0.0         Ps:0.0       
duct2      FNo         W:23.32950    Tt:473.9441    Pt:4.176039    FAR:0.0         MN:0.0         Ts:0.0         Ps:0.0       
LPC        FNi         W:23.32950    Tt:473.9441    Pt:4.176039    FAR:0.0         MN:0.0         Ts:0.0         Ps:0.0       
LPC        FNideal     W:23.32950    Tt:637.7473    Pt:12.39281    FAR:0.0         MN:0.0         Ts:0.0         Ps:0.0       
LPC        FNo         W:23.32950    Tt:660.1282    Pt:12.39281    FAR:0.0         MN:0.0         Ts:0.0         Ps:0.0       
LPC        FNoBld1     W:2.332950    Tt:604.5023    Pt:5.751741    FAR:0.0         MN:0.0         Ts:0.0         Ps:0.0       
LPC        FNoBld2     W:2.332950    Tt:641.6089    Pt:7.395096    FAR:0.0         MN:0.0         Ts:0.0         Ps:0.0       
duct25     FNi         W:23.32950    Tt:660.1282    Pt:12.39281    FAR:0.0         MN:0.0         Ts:0.0         Ps:0.0       
duct25     FNo         W:23.32950    Tt:660.1282    Pt:12.20692    FAR:0.0         MN:0.0         Ts:0.0         Ps:0.0       
HPC        FNi         W:23.32950    Tt:660.1282    Pt:12.20692    FAR:0.0         MN:0.0         Ts:0.0         Ps:0.0       
HPC        FNideal     W:23.32950    Tt:1315.713    Pt:142.7612    FAR:0.0         MN:0.0         Ts:0.0         Ps:0.0       
HPC        FNo         W:19.79181    Tt:1421.688    Pt:142.7612    FAR:0.0         MN:0.0         Ts:0.0         Ps:0.0       
HPC        FNoBld1     W:1.768842    Tt:949.0077    Pt:48.30511    FAR:0.0         MN:0.0         Ts:0.0         Ps:0.0       
HPC        FNoBld2     W:1.768842    Tt:961.3127    Pt:50.39398    FAR:0.0         MN:0.0         Ts:0.0         Ps:0.0       
burner     FNi         W:19.79181    Tt:1421.688    Pt:142.7612    FAR:0.0         MN:0.0         Ts:0.0         Ps:0.0       
burner     FNo         W:20.23596    Tt:2764.416    Pt:137.0508    FAR:0.022440    MN:0.0         Ts:0.0         Ps:0.0       
HPT        FN41        W:22.00480    Tt:2629.805    Pt:137.0508    FAR:0.020599    MN:0.0         Ts:0.0         Ps:0.0       
HPT        FN42        W:22.00480    Tt:1926.564    Pt:30.89503    FAR:0.020599    MN:0.0         Ts:0.0         Ps:0.0       
HPT        FNi         W:20.23596    Tt:2764.416    Pt:137.0508    FAR:0.022440    MN:0.0         Ts:0.0         Ps:0.0       
HPT        FNiBld1     W:1.768842    Tt:961.3127    Pt:50.39398    FAR:0.0         MN:0.0         Ts:0.0         Ps:0.0       
HPT        FNiBld2     W:1.768842    Tt:949.0077    Pt:48.30511    FAR:0.0         MN:0.0         Ts:0.0         Ps:0.0       
HPT        FNideal     W:22.00480    Tt:1863.768    Pt:30.89503    FAR:0.020599    MN:0.0         Ts:0.0         Ps:0.0       
HPT        FNo         W:23.77364    Tt:1855.422    Pt:30.89503    FAR:0.019037    MN:0.0         Ts:0.0         Ps:0.0       
duct45     FNi         W:23.77364    Tt:1855.422    Pt:30.89503    FAR:0.019037    MN:0.0         Ts:0.0         Ps:0.0       
duct45     FNo         W:23.77364    Tt:1855.422    Pt:30.74055    FAR:0.019037    MN:0.0         Ts:0.0         Ps:0.0       
LPT        FN41        W:23.77364    Tt:1855.422    Pt:30.74055    FAR:0.019037    MN:0.0         Ts:0.0         Ps:0.0       
LPT        FN42        W:23.77364    Tt:1230.169    Pt:5.078598    FAR:0.019037    MN:0.0         Ts:0.0         Ps:0.0       
LPT        FNi         W:23.77364    Tt:1855.422    Pt:30.74055    FAR:0.019037    MN:0.0         Ts:0.0         Ps:0.0       
LPT        FNiBld1     W:0.0         Tt:0.0         Pt:0.0         FAR:0.0         MN:0.0         Ts:0.0         Ps:0.0       
LPT        FNiBld2     W:0.0         Tt:0.0         Pt:0.0         FAR:0.0         MN:0.0         Ts:0.0         Ps:0.0       
LPT        FNideal     W:23.77364    Tt:1180.409    Pt:5.078598    FAR:0.019037    MN:0.0         Ts:0.0         Ps:0.0       
LPT        FNo         W:23.77364    Tt:1230.169    Pt:5.078598    FAR:0.019037    MN:0.0         Ts:0.0         Ps:0.0       
duct5      FNi         W:23.77364    Tt:1230.169    Pt:5.078598    FAR:0.019037    MN:0.0         Ts:0.0         Ps:0.0       
duct5      FNo         W:23.77364    Tt:1230.169    Pt:5.027812    FAR:0.019037    MN:0.0         Ts:0.0         Ps:0.0       
priNozzl   FNi         W:23.77364    Tt:1230.169    Pt:5.027812    FAR:0.019037    MN:0.0         Ts:0.0         Ps:0.0       
priNozzl   FNo         W:23.77364    Tt:1230.169    Pt:5.027812    FAR:0.019037    MN:1.0         Ts:1042.662    Ps:2.685997  
duct17     FNi         W:451.7549    Tt:473.9441    Pt:4.218221    FAR:0.0         MN:0.0         Ts:0.0         Ps:0.0       
duct17     FNo         W:451.7549    Tt:473.9441    Pt:4.154948    FAR:0.0         MN:0.0         Ts:0.0         Ps:0.0       
fanNozzl   FNi         W:451.7549    Tt:473.9441    Pt:4.154948    FAR:0.0         MN:0.0         Ts:0.0         Ps:0.0       
fanNozzl   FNo         W:451.7549    Tt:473.9441    Pt:4.154948    FAR:0.0         MN:1.0         Ts:394.2033    Ps:2.194287  

Mech Ports

fan        MP          N:9039.067    hp:-4316.72    I:0.0       
LPC        MP          N:9039.067    hp:-1474.47    I:0.0       
HPC        MP          N:9461.790    hp:-6650.48    I:0.0       
HPT        MP          N:9461.790    hp:6500.478    I:0.0       
LPT        MP          N:9039.067    hp:5791.064    I:0.0       
HPshaft    MPC         N:9461.790    hp:-6650.48    I:0.0       
HPshaft    MPT         N:9461.790    hp:6500.478    I:0.0       
LPshaft    MPfan       N:9039.067    hp:-4316.72    I:0.0       
LPshaft    MPlpc       N:9039.067    hp:-1474.47    I:0.0       
LPshaft    MPlpt       N:9039.067    hp:5791.064    I:0.0       

*******************
Elements***********
*******************

FlightCond  start       W:475.0844  Tt:447.028  Pt:3.44785  Tamb:389.9  Pamb:2.138  
Duct        inlet       dP:0.002    Q:0.0       
Compressor  fan         PR:1.22588  eff:1.0187  Rline:2.0   NcMap:0.90  
Splitter    splitter    BPR:19.364  
Duct        duct2       dP:0.01     Q:0.0       
Compressor  LPC         PR:2.96759  eff:0.8791  Rline:1.65  NcMap:0.91  
Duct        duct25      dP:0.015    Q:0.0       
Compressor  HPC         PR:11.6951  eff:0.8555  Rline:1.92  NcMap:0.96  
Burner      burner      FAR:0.0224  Tout:0.0    Wfuel:0.44  dP:0.04     
Turbine     HPT         PR:4.43601  eff:0.9224  PRmap:3.01  NcMap:0.91  
Duct        duct45      dP:0.005    Q:0.0       
Turbine     LPT         PR:6.05296  eff:0.9292  PRmap:6.15  NcMap:0.87  
Duct        duct5       dP:0.01     Q:0.0       
Nozzle      priNozzle   Fg:1330.09  
Duct        duct17      dP:0.015    Q:0.0       
Nozzle      fanNozzle   Fg:13941.4  
Shaft       HPshaft     N:9461.790  HPX:150.0   
Shaft       LPshaft     N:9039.067  HPX:0.0     
Performanc  Perf        alt:45000.  MN:0.85     Fn:3095.33  SFC:0.5165  Fg:15271.5  Fram:12176  Wfuel:0.44   

****************
Solver**********
****************

Converged:True

******************************************************************************************

time =  0.0

******************
Ports*************
******************

Electric Ports


Fluid Ports

start      FNo         W:452.3309    Tt:447.0280    Pt:3.447854    FAR:0.0         MN:0.85        Ts:389.9699    Ps:2.138969  
inlet      FNi         W:452.3309    Tt:447.0280    Pt:3.447854    FAR:0.0         MN:0.0         Ts:389.9699    Ps:2.138969  
inlet      FNo         W:452.3309    Tt:447.0280    Pt:3.440958    FAR:0.0         MN:0.0         Ts:0.0         Ps:0.0       
fan        FNi         W:452.3309    Tt:447.0280    Pt:3.440958    FAR:0.0         MN:0.0         Ts:0.0         Ps:0.0       
fan        FNideal     W:452.3309    Tt:470.8028    Pt:4.106757    FAR:0.0         MN:0.0         Ts:0.0         Ps:0.0       
fan        FNo         W:452.3309    Tt:470.2064    Pt:4.106757    FAR:0.0         MN:0.0         Ts:0.0         Ps:0.0       
fan        FNoBld1     W:0.0         Tt:447.0280    Pt:3.440958    FAR:0.0         MN:0.0         Ts:0.0         Ps:0.0       
fan        FNoBld2     W:0.0         Tt:447.0280    Pt:3.440958    FAR:0.0         MN:0.0         Ts:0.0         Ps:0.0       
splitter   FNi         W:452.3309    Tt:470.2064    Pt:4.106757    FAR:0.0         MN:0.0         Ts:0.0         Ps:0.0       
splitter   FNo1        W:21.42542    Tt:470.2064    Pt:4.106757    FAR:0.0         MN:0.0         Ts:0.0         Ps:0.0       
splitter   FNo2        W:430.9054    Tt:470.2064    Pt:4.106757    FAR:0.0         MN:0.0         Ts:0.0         Ps:0.0       
duct2      FNi         W:21.42542    Tt:470.2064    Pt:4.106757    FAR:0.0         MN:0.0         Ts:0.0         Ps:0.0       
duct2      FNo         W:21.42542    Tt:470.2064    Pt:4.065689    FAR:0.0         MN:0.0         Ts:0.0         Ps:0.0       
LPC        FNi         W:21.42542    Tt:470.2064    Pt:4.065689    FAR:0.0         MN:0.0         Ts:0.0         Ps:0.0       
LPC        FNideal     W:21.42542    Tt:631.6640    Pt:11.90485    FAR:0.0         MN:0.0         Ts:0.0         Ps:0.0       
LPC        FNo         W:21.42542    Tt:655.8628    Pt:11.90485    FAR:0.0         MN:0.0         Ts:0.0         Ps:0.0       
LPC        FNoBld1     W:2.142542    Tt:600.3950    Pt:5.487417    FAR:0.0         MN:0.0         Ts:0.0         Ps:0.0       
LPC        FNoBld2     W:2.142542    Tt:637.3867    Pt:7.055251    FAR:0.0         MN:0.0         Ts:0.0         Ps:0.0       
duct25     FNi         W:21.42542    Tt:655.8628    Pt:11.90485    FAR:0.0         MN:0.0         Ts:0.0         Ps:0.0       
duct25     FNo         W:21.42542    Tt:655.8628    Pt:11.72628    FAR:0.0         MN:0.0         Ts:0.0         Ps:0.0       
HPC        FNi         W:21.42542    Tt:655.8628    Pt:11.72628    FAR:0.0         MN:0.0         Ts:0.0         Ps:0.0       
HPC        FNideal     W:21.42542    Tt:1274.038    Pt:126.5048    FAR:0.0         MN:0.0         Ts:0.0         Ps:0.0       
HPC        FNo         W:18.17647    Tt:1372.578    Pt:126.5048    FAR:0.0         MN:0.0         Ts:0.0         Ps:0.0       
HPC        FNoBld1     W:1.624475    Tt:927.1785    Pt:42.46805    FAR:0.0         MN:0.0         Ts:0.0         Ps:0.0       
HPC        FNoBld2     W:1.624475    Tt:938.7766    Pt:44.30450    FAR:0.0         MN:0.0         Ts:0.0         Ps:0.0       
burner     FNi         W:18.17647    Tt:1372.578    Pt:126.5048    FAR:0.0         MN:0.0         Ts:0.0         Ps:0.0       
burner     FNo         W:18.53892    Tt:2581.818    Pt:121.4446    FAR:0.019940    MN:0.0         Ts:0.0         Ps:0.0       
HPT        FN41        W:20.16340    Tt:2458.366    Pt:121.4446    FAR:0.018304    MN:0.0         Ts:0.0         Ps:0.0       
HPT        FN42        W:20.16340    Tt:1788.139    Pt:27.29512    FAR:0.018304    MN:0.0         Ts:0.0         Ps:0.0       
HPT        FNi         W:18.53892    Tt:2581.818    Pt:121.4446    FAR:0.019940    MN:0.0         Ts:0.0         Ps:0.0       
HPT        FNiBld1     W:1.624475    Tt:938.7766    Pt:44.30450    FAR:0.0         MN:0.0         Ts:0.0         Ps:0.0       
HPT        FNiBld2     W:1.624475    Tt:927.1785    Pt:42.46805    FAR:0.0         MN:0.0         Ts:0.0         Ps:0.0       
HPT        FNideal     W:20.16340    Tt:1728.096    Pt:27.29512    FAR:0.018304    MN:0.0         Ts:0.0         Ps:0.0       
HPT        FNo         W:21.78787    Tt:1725.163    Pt:27.29512    FAR:0.016916    MN:0.0         Ts:0.0         Ps:0.0       
duct45     FNi         W:21.78787    Tt:1725.163    Pt:27.29512    FAR:0.016916    MN:0.0         Ts:0.0         Ps:0.0       
duct45     FNo         W:21.78787    Tt:1725.163    Pt:27.15864    FAR:0.016916    MN:0.0         Ts:0.0         Ps:0.0       
LPT        FN41        W:21.78787    Tt:1725.163    Pt:27.15864    FAR:0.016916    MN:0.0         Ts:0.0         Ps:0.0       
LPT        FN42        W:21.78787    Tt:1139.239    Pt:4.472330    FAR:0.016916    MN:0.0         Ts:0.0         Ps:0.0       
LPT        FNi         W:21.78787    Tt:1725.163    Pt:27.15864    FAR:0.016916    MN:0.0         Ts:0.0         Ps:0.0       
LPT        FNiBld1     W:0.0         Tt:0.0         Pt:0.0         FAR:0.0         MN:0.0         Ts:0.0         Ps:0.0       
LPT        FNiBld2     W:0.0         Tt:0.0         Pt:0.0         FAR:0.0         MN:0.0         Ts:0.0         Ps:0.0       
LPT        FNideal     W:21.78787    Tt:1091.761    Pt:4.472330    FAR:0.016916    MN:0.0         Ts:0.0         Ps:0.0       
LPT        FNo         W:21.78787    Tt:1139.239    Pt:4.472330    FAR:0.016916    MN:0.0         Ts:0.0         Ps:0.0       
duct5      FNi         W:21.78787    Tt:1139.239    Pt:4.472330    FAR:0.016916    MN:0.0         Ts:0.0         Ps:0.0       
duct5      FNo         W:21.78787    Tt:1139.239    Pt:4.427607    FAR:0.016916    MN:0.0         Ts:0.0         Ps:0.0       
priNozzl   FNi         W:21.78787    Tt:1139.239    Pt:4.427607    FAR:0.016916    MN:0.0         Ts:0.0         Ps:0.0       
priNozzl   FNo         W:21.78787    Tt:1139.239    Pt:4.427607    FAR:0.016916    MN:1.0         Ts:962.9184    Ps:2.359828  
duct17     FNi         W:430.9054    Tt:470.2064    Pt:4.106757    FAR:0.0         MN:0.0         Ts:0.0         Ps:0.0       
duct17     FNo         W:430.9054    Tt:470.2064    Pt:4.045156    FAR:0.0         MN:0.0         Ts:0.0         Ps:0.0       
fanNozzl   FNi         W:430.9054    Tt:470.2064    Pt:4.045156    FAR:0.0         MN:0.0         Ts:0.0         Ps:0.0       
fanNozzl   FNo         W:430.9054    Tt:470.2064    Pt:4.045156    FAR:0.0         MN:0.997906    Ts:391.3526    Ps:2.13897   

Mech Ports

fan        MP          N:8682.114    hp:-3539.08    I:0.0       
LPC        MP          N:8682.114    hp:-1349.93    I:0.0       
HPC        MP          N:9327.693    hp:-5730.55    I:0.0       
HPT        MP          N:9327.693    hp:5580.642    I:0.0       
LPT        MP          N:8682.114    hp:4888.961    I:0.0       
HPshaft    MPC         N:9327.693    hp:-5730.55    I:0.0       
HPshaft    MPT         N:9327.693    hp:5580.642    I:0.0       
LPshaft    MPfan       N:8682.114    hp:-3539.08    I:0.0       
LPshaft    MPlpc       N:8682.114    hp:-1349.93    I:0.0       
LPshaft    MPlpt       N:8682.114    hp:4888.961    I:0.0       

*******************
Elements***********
*******************

FlightCond  start       W:452.3309  Tt:447.028  Pt:3.44785  Tamb:389.9  Pamb:2.138  
Duct        inlet       dP:0.002    Q:0.0       
Compressor  fan         PR:1.19349  eff:1.0257  Rline:2.0   NcMap:0.87  
Splitter    splitter    BPR:20.111  
Duct        duct2       dP:0.01     Q:0.0       
Compressor  LPC         PR:2.92812  eff:0.8690  Rline:1.55  NcMap:0.88  
Duct        duct25      dP:0.015    Q:0.0       
Compressor  HPC         PR:10.7881  eff:0.8577  Rline:1.98  NcMap:0.95  
Burner      burner      FAR:0.0199  Tout:0.0    Wfuel:0.36  dP:0.04     
Turbine     HPT         PR:4.44931  eff:0.9222  PRmap:3.02  NcMap:0.92  
Duct        duct45      dP:0.005    Q:0.0       
Turbine     LPT         PR:6.07259  eff:0.9278  PRmap:6.17  NcMap:0.86  
Duct        duct5       dP:0.01     Q:0.0       
Nozzle      priNozzle   Fg:1091.33  
Duct        duct17      dP:0.015    Q:0.0       
Nozzle      fanNozzle   Fg:12990.0  
Shaft       HPshaft     N:9327.693  HPX:150.0   
Shaft       LPshaft     N:8682.114  HPX:0.0     
Performanc  Perf        alt:45000.  MN:0.85     Fn:2488.33  SFC:0.5243  Fg:14081.3  Fram:11593  Wfuel:0.36   

****************
Solver**********
****************

Converged:True

******************************************************************************************

time =  0.0

******************
Ports*************
******************

Electric Ports


Fluid Ports

start      FNo         W:425.8687    Tt:447.0280    Pt:3.447854    FAR:0.0         MN:0.85        Ts:389.9699    Ps:2.138969  
inlet      FNi         W:425.8687    Tt:447.0280    Pt:3.447854    FAR:0.0         MN:0.0         Ts:389.9699    Ps:2.138969  
inlet      FNo         W:425.8687    Tt:447.0280    Pt:3.440958    FAR:0.0         MN:0.0         Ts:0.0         Ps:0.0       
fan        FNi         W:425.8687    Tt:447.0280    Pt:3.440958    FAR:0.0         MN:0.0         Ts:0.0         Ps:0.0       
fan        FNideal     W:425.8687    Tt:467.1511    Pt:3.998121    FAR:0.0         MN:0.0         Ts:0.0         Ps:0.0       
fan        FNo         W:425.8687    Tt:466.5972    Pt:3.998121    FAR:0.0         MN:0.0         Ts:0.0         Ps:0.0       
fan        FNoBld1     W:0.0         Tt:447.0280    Pt:3.440958    FAR:0.0         MN:0.0         Ts:0.0         Ps:0.0       
fan        FNoBld2     W:0.0         Tt:447.0280    Pt:3.440958    FAR:0.0         MN:0.0         Ts:0.0         Ps:0.0       
splitter   FNi         W:425.8687    Tt:466.5972    Pt:3.998121    FAR:0.0         MN:0.0         Ts:0.0         Ps:0.0       
splitter   FNo1        W:19.30267    Tt:466.5972    Pt:3.998121    FAR:0.0         MN:0.0         Ts:0.0         Ps:0.0       
splitter   FNo2        W:406.5660    Tt:466.5972    Pt:3.998121    FAR:0.0         MN:0.0         Ts:0.0         Ps:0.0       
duct2      FNi         W:19.30267    Tt:466.5972    Pt:3.998121    FAR:0.0         MN:0.0         Ts:0.0         Ps:0.0       
duct2      FNo         W:19.30267    Tt:466.5972    Pt:3.958140    FAR:0.0         MN:0.0         Ts:0.0         Ps:0.0       
LPC        FNi         W:19.30267    Tt:466.5972    Pt:3.958140    FAR:0.0         MN:0.0         Ts:0.0         Ps:0.0       
LPC        FNideal     W:19.30267    Tt:626.3544    Pt:11.46609    FAR:0.0         MN:0.0         Ts:0.0         Ps:0.0       
LPC        FNo         W:19.30267    Tt:654.2128    Pt:11.46609    FAR:0.0         MN:0.0         Ts:0.0         Ps:0.0       
LPC        FNoBld1     W:1.930267    Tt:598.1571    Pt:5.255570    FAR:0.0         MN:0.0         Ts:0.0         Ps:0.0       
LPC        FNoBld2     W:1.930267    Tt:635.5390    Pt:6.757162    FAR:0.0         MN:0.0         Ts:0.0         Ps:0.0       
duct25     FNi         W:19.30267    Tt:654.2128    Pt:11.46609    FAR:0.0         MN:0.0         Ts:0.0         Ps:0.0       
duct25     FNo         W:19.30267    Tt:654.2128    Pt:11.29410    FAR:0.0         MN:0.0         Ts:0.0         Ps:0.0       
HPC        FNi         W:19.30267    Tt:654.2128    Pt:11.29410    FAR:0.0         MN:0.0         Ts:0.0         Ps:0.0       
HPC        FNideal     W:19.30267    Tt:1235.496    Pt:109.7476    FAR:0.0         MN:0.0         Ts:0.0         Ps:0.0       
HPC        FNo         W:16.37561    Tt:1330.329    Pt:109.7476    FAR:0.0         MN:0.0         Ts:0.0         Ps:0.0       
HPC        FNoBld1     W:1.463529    Tt:909.7397    Pt:36.42781    FAR:0.0         MN:0.0         Ts:0.0         Ps:0.0       
HPC        FNoBld2     W:1.463529    Tt:920.6536    Pt:38.00307    FAR:0.0         MN:0.0         Ts:0.0         Ps:0.0       
burner     FNi         W:16.37561    Tt:1330.329    Pt:109.7476    FAR:0.0         MN:0.0         Ts:0.0         Ps:0.0       
burner     FNo         W:16.66122    Tt:2401.655    Pt:105.3577    FAR:0.017440    MN:0.0         Ts:0.0         Ps:0.0       
HPT        FN41        W:18.12475    Tt:2289.633    Pt:105.3577    FAR:0.016009    MN:0.0         Ts:0.0         Ps:0.0       
HPT        FN42        W:18.12475    Tt:1649.476    Pt:23.58823    FAR:0.016009    MN:0.0         Ts:0.0         Ps:0.0       
HPT        FNi         W:16.66122    Tt:2401.655    Pt:105.3577    FAR:0.017440    MN:0.0         Ts:0.0         Ps:0.0       
HPT        FNiBld1     W:1.463529    Tt:920.6536    Pt:38.00307    FAR:0.0         MN:0.0         Ts:0.0         Ps:0.0       
HPT        FNiBld2     W:1.463529    Tt:909.7397    Pt:36.42781    FAR:0.0         MN:0.0         Ts:0.0         Ps:0.0       
HPT        FNideal     W:18.12475    Tt:1591.851    Pt:23.58823    FAR:0.016009    MN:0.0         Ts:0.0         Ps:0.0       
HPT        FNo         W:19.58828    Tt:1594.951    Pt:23.58823    FAR:0.014796    MN:0.0         Ts:0.0         Ps:0.0       
duct45     FNi         W:19.58828    Tt:1594.951    Pt:23.58823    FAR:0.014796    MN:0.0         Ts:0.0         Ps:0.0       
duct45     FNo         W:19.58828    Tt:1594.951    Pt:23.47029    FAR:0.014796    MN:0.0         Ts:0.0         Ps:0.0       
LPT        FN41        W:19.58828    Tt:1594.951    Pt:23.47029    FAR:0.014796    MN:0.0         Ts:0.0         Ps:0.0       
LPT        FN42        W:19.58828    Tt:1046.573    Pt:3.854643    FAR:0.014796    MN:0.0         Ts:0.0         Ps:0.0       
LPT        FNi         W:19.58828    Tt:1594.951    Pt:23.47029    FAR:0.014796    MN:0.0         Ts:0.0         Ps:0.0       
LPT        FNiBld1     W:0.0         Tt:0.0         Pt:0.0         FAR:0.0         MN:0.0         Ts:0.0         Ps:0.0       
LPT        FNiBld2     W:0.0         Tt:0.0         Pt:0.0         FAR:0.0         MN:0.0         Ts:0.0         Ps:0.0       
LPT        FNideal     W:19.58828    Tt:1001.400    Pt:3.854643    FAR:0.014796    MN:0.0         Ts:0.0         Ps:0.0       
LPT        FNo         W:19.58828    Tt:1046.573    Pt:3.854643    FAR:0.014796    MN:0.0         Ts:0.0         Ps:0.0       
duct5      FNi         W:19.58828    Tt:1046.573    Pt:3.854643    FAR:0.014796    MN:0.0         Ts:0.0         Ps:0.0       
duct5      FNo         W:19.58828    Tt:1046.573    Pt:3.816097    FAR:0.014796    MN:0.0         Ts:0.0         Ps:0.0       
priNozzl   FNi         W:19.58828    Tt:1046.573    Pt:3.816097    FAR:0.014796    MN:0.0         Ts:0.0         Ps:0.0       
priNozzl   FNo         W:19.58828    Tt:1046.573    Pt:3.816097    FAR:0.014796    MN:0.954530    Ts:894.8702    Ps:2.13897   
duct17     FNi         W:406.5660    Tt:466.5972    Pt:3.998121    FAR:0.0         MN:0.0         Ts:0.0         Ps:0.0       
duct17     FNo         W:406.5660    Tt:466.5972    Pt:3.938149    FAR:0.0         MN:0.0         Ts:0.0         Ps:0.0       
fanNozzl   FNi         W:406.5660    Tt:466.5972    Pt:3.938149    FAR:0.0         MN:0.0         Ts:0.0         Ps:0.0       
fanNozzl   FNo         W:406.5660    Tt:466.5972    Pt:3.938149    FAR:0.0         MN:0.974479    Ts:391.3877    Ps:2.13897   

Mech Ports

fan        MP          N:8314.757    hp:-2813.02    I:0.0       
LPC        MP          N:8314.757    hp:-1228.82    I:0.0       
HPC        MP          N:9181.701    hp:-4858.21    I:0.0       
HPT        MP          N:9181.701    hp:4708.258    I:0.0       
LPT        MP          N:8314.757    hp:4041.754    I:0.0       
HPshaft    MPC         N:9181.701    hp:-4858.21    I:0.0       
HPshaft    MPT         N:9181.701    hp:4708.258    I:0.0       
LPshaft    MPfan       N:8314.757    hp:-2813.02    I:0.0       
LPshaft    MPlpc       N:8314.757    hp:-1228.82    I:0.0       
LPshaft    MPlpt       N:8314.757    hp:4041.754    I:0.0       

*******************
Elements***********
*******************

FlightCond  start       W:425.8687  Tt:447.028  Pt:3.44785  Tamb:389.9  Pamb:2.138  
Duct        inlet       dP:0.002    Q:0.0       
Compressor  fan         PR:1.16192  eff:1.0283  Rline:2.0   NcMap:0.83  
Splitter    splitter    BPR:21.062  
Duct        duct2       dP:0.01     Q:0.0       
Compressor  LPC         PR:2.89683  eff:0.8508  Rline:1.39  NcMap:0.85  
Duct        duct25      dP:0.015    Q:0.0       
Compressor  HPC         PR:9.71724  eff:0.8552  Rline:2.01  NcMap:0.94  
Burner      burner      FAR:0.0174  Tout:0.0    Wfuel:0.28  dP:0.04     
Turbine     HPT         PR:4.46653  eff:0.9222  PRmap:3.03  NcMap:0.94  
Duct        duct45      dP:0.005    Q:0.0       
Turbine     LPT         PR:6.08883  eff:0.9265  PRmap:6.19  NcMap:0.86  
Duct        duct5       dP:0.01     Q:0.0       
Nozzle      priNozzle   Fg:846.756  
Duct        duct17      dP:0.015    Q:0.0       
Nozzle      fanNozzle   Fg:11969.1  
Shaft       HPshaft     N:9181.701  HPX:150.0   
Shaft       LPshaft     N:8314.757  HPX:0.0     
Performanc  Perf        alt:45000.  MN:0.85     Fn:1901.03  SFC:0.5408  Fg:12815.8  Fram:10914  Wfuel:0.28   

****************
Solver**********
****************

Converged:True

******************************************************************************************

time =  0.0

******************
Ports*************
******************

Electric Ports


Fluid Ports

start      FNo         W:393.3430    Tt:447.0280    Pt:3.447854    FAR:0.0         MN:0.85        Ts:389.9699    Ps:2.138969  
inlet      FNi         W:393.3430    Tt:447.0280    Pt:3.447854    FAR:0.0         MN:0.0         Ts:389.9699    Ps:2.138969  
inlet      FNo         W:393.3430    Tt:447.0280    Pt:3.440958    FAR:0.0         MN:0.0         Ts:0.0         Ps:0.0       
fan        FNi         W:393.3430    Tt:447.0280    Pt:3.440958    FAR:0.0         MN:0.0         Ts:0.0         Ps:0.0       
fan        FNideal     W:393.3430    Tt:462.9047    Pt:3.875678    FAR:0.0         MN:0.0         Ts:0.0         Ps:0.0       
fan        FNo         W:393.3430    Tt:462.5034    Pt:3.875678    FAR:0.0         MN:0.0         Ts:0.0         Ps:0.0       
fan        FNoBld1     W:0.0         Tt:447.0280    Pt:3.440958    FAR:0.0         MN:0.0         Ts:0.0         Ps:0.0       
fan        FNoBld2     W:0.0         Tt:447.0280    Pt:3.440958    FAR:0.0         MN:0.0         Ts:0.0         Ps:0.0       
splitter   FNi         W:393.3430    Tt:462.5034    Pt:3.875678    FAR:0.0         MN:0.0         Ts:0.0         Ps:0.0       
splitter   FNo1        W:16.63411    Tt:462.5034    Pt:3.875678    FAR:0.0         MN:0.0         Ts:0.0         Ps:0.0       
splitter   FNo2        W:376.7089    Tt:462.5034    Pt:3.875678    FAR:0.0         MN:0.0         Ts:0.0         Ps:0.0       
duct2      FNi         W:16.63411    Tt:462.5034    Pt:3.875678    FAR:0.0         MN:0.0         Ts:0.0         Ps:0.0       
duct2      FNo         W:16.63411    Tt:462.5034    Pt:3.836921    FAR:0.0         MN:0.0         Ts:0.0         Ps:0.0       
LPC        FNi         W:16.63411    Tt:462.5034    Pt:3.836921    FAR:0.0         MN:0.0         Ts:0.0         Ps:0.0       
LPC        FNideal     W:16.63411    Tt:619.5188    Pt:10.89201    FAR:0.0         MN:0.0         Ts:0.0         Ps:0.0       
LPC        FNo         W:16.63411    Tt:654.0051    Pt:10.89201    FAR:0.0         MN:0.0         Ts:0.0         Ps:0.0       
LPC        FNoBld1     W:1.663411    Tt:596.7895    Pt:4.938568    FAR:0.0         MN:0.0         Ts:0.0         Ps:0.0       
LPC        FNoBld2     W:1.663411    Tt:634.9455    Pt:6.349588    FAR:0.0         MN:0.0         Ts:0.0         Ps:0.0       
duct25     FNi         W:16.63411    Tt:654.0051    Pt:10.89201    FAR:0.0         MN:0.0         Ts:0.0         Ps:0.0       
duct25     FNo         W:16.63411    Tt:654.0051    Pt:10.72863    FAR:0.0         MN:0.0         Ts:0.0         Ps:0.0       
HPC        FNi         W:16.63411    Tt:654.0051    Pt:10.72863    FAR:0.0         MN:0.0         Ts:0.0         Ps:0.0       
HPC        FNideal     W:16.63411    Tt:1189.879    Pt:90.66051    FAR:0.0         MN:0.0         Ts:0.0         Ps:0.0       
HPC        FNo         W:14.11171    Tt:1282.285    Pt:90.66051    FAR:0.0         MN:0.0         Ts:0.0         Ps:0.0       
HPC        FNoBld1     W:1.261198    Tt:891.0028    Pt:29.57479    FAR:0.0         MN:0.0         Ts:0.0         Ps:0.0       
HPC        FNoBld2     W:1.261198    Tt:901.1594    Pt:30.85370    FAR:0.0         MN:0.0         Ts:0.0         Ps:0.0       
burner     FNi         W:14.11171    Tt:1282.285    Pt:90.66051    FAR:0.0         MN:0.0         Ts:0.0         Ps:0.0       
burner     FNo         W:14.32255    Tt:2213.064    Pt:87.03409    FAR:0.014940    MN:0.0         Ts:0.0         Ps:0.0       
HPT        FN41        W:15.58375    Tt:2113.179    Pt:87.03409    FAR:0.013715    MN:0.0         Ts:0.0         Ps:0.0       
HPT        FN42        W:15.58375    Tt:1512.092    Pt:19.42934    FAR:0.013715    MN:0.0         Ts:0.0         Ps:0.0       
HPT        FNi         W:14.32255    Tt:2213.064    Pt:87.03409    FAR:0.014940    MN:0.0         Ts:0.0         Ps:0.0       
HPT        FNiBld1     W:1.261198    Tt:901.1594    Pt:30.85370    FAR:0.0         MN:0.0         Ts:0.0         Ps:0.0       
HPT        FNiBld2     W:1.261198    Tt:891.0028    Pt:29.57479    FAR:0.0         MN:0.0         Ts:0.0         Ps:0.0       
HPT        FNideal     W:15.58375    Tt:1457.755    Pt:19.42934    FAR:0.013715    MN:0.0         Ts:0.0         Ps:0.0       
HPT        FNo         W:16.84495    Tt:1465.943    Pt:19.42934    FAR:0.012675    MN:0.0         Ts:0.0         Ps:0.0       
duct45     FNi         W:16.84495    Tt:1465.943    Pt:19.42934    FAR:0.012675    MN:0.0         Ts:0.0         Ps:0.0       
duct45     FNo         W:16.84495    Tt:1465.943    Pt:19.33219    FAR:0.012675    MN:0.0         Ts:0.0         Ps:0.0       
LPT        FN41        W:16.84495    Tt:1465.943    Pt:19.33219    FAR:0.012675    MN:0.0         Ts:0.0         Ps:0.0       
LPT        FN42        W:16.84495    Tt:962.8962    Pt:3.286434    FAR:0.012675    MN:0.0         Ts:0.0         Ps:0.0       
LPT        FNi         W:16.84495    Tt:1465.943    Pt:19.33219    FAR:0.012675    MN:0.0         Ts:0.0         Ps:0.0       
LPT        FNiBld1     W:0.0         Tt:0.0         Pt:0.0         FAR:0.0         MN:0.0         Ts:0.0         Ps:0.0       
LPT        FNiBld2     W:0.0         Tt:0.0         Pt:0.0         FAR:0.0         MN:0.0         Ts:0.0         Ps:0.0       
LPT        FNideal     W:16.84495    Tt:920.8214    Pt:3.286434    FAR:0.012675    MN:0.0         Ts:0.0         Ps:0.0       
LPT        FNo         W:16.84495    Tt:962.8962    Pt:3.286434    FAR:0.012675    MN:0.0         Ts:0.0         Ps:0.0       
duct5      FNi         W:16.84495    Tt:962.8962    Pt:3.286434    FAR:0.012675    MN:0.0         Ts:0.0         Ps:0.0       
duct5      FNo         W:16.84495    Tt:962.8962    Pt:3.253570    FAR:0.012675    MN:0.0         Ts:0.0         Ps:0.0       
priNozzl   FNi         W:16.84495    Tt:962.8962    Pt:3.253570    FAR:0.012675    MN:0.0         Ts:0.0         Ps:0.0       
priNozzl   FNo         W:16.84495    Tt:962.8962    Pt:3.253570    FAR:0.012675    MN:0.803035    Ts:858.6677    Ps:2.13897   
duct17     FNi         W:376.7089    Tt:462.5034    Pt:3.875678    FAR:0.0         MN:0.0         Ts:0.0         Ps:0.0       
duct17     FNo         W:376.7089    Tt:462.5034    Pt:3.817543    FAR:0.0         MN:0.0         Ts:0.0         Ps:0.0       
fanNozzl   FNi         W:376.7089    Tt:462.5034    Pt:3.817543    FAR:0.0         MN:0.0         Ts:0.0         Ps:0.0       
fanNozzl   FNo         W:376.7089    Tt:462.5034    Pt:3.817543    FAR:0.0         MN:0.946644    Ts:391.4998    Ps:2.13897   

Mech Ports

fan        MP          N:7857.364    hp:-2054.43    I:0.0       
LPC        MP          N:7857.364    hp:-1080.75    I:0.0       
HPC        MP          N:9006.100    hp:-3879.84    I:0.0       
HPT        MP          N:9006.100    hp:3729.790    I:0.0       
LPT        MP          N:7857.364    hp:3135.246    I:0.0       
HPshaft    MPC         N:9006.100    hp:-3879.84    I:0.0       
HPshaft    MPT         N:9006.100    hp:3729.790    I:0.0       
LPshaft    MPfan       N:7857.364    hp:-2054.43    I:0.0       
LPshaft    MPlpc       N:7857.364    hp:-1080.75    I:0.0       
LPshaft    MPlpt       N:7857.364    hp:3135.246    I:0.0       

*******************
Elements***********
*******************

FlightCond  start       W:393.3430  Tt:447.028  Pt:3.44785  Tamb:389.9  Pamb:2.138  
Duct        inlet       dP:0.002    Q:0.0       
Compressor  fan         PR:1.12633  eff:1.0259  Rline:2.0   NcMap:0.78  
Splitter    splitter    BPR:22.646  
Duct        duct2       dP:0.01     Q:0.0       
Compressor  LPC         PR:2.83873  eff:0.8191  Rline:1.19  NcMap:0.80  
Duct        duct25      dP:0.015    Q:0.0       
Compressor  HPC         PR:8.45032  eff:0.8486  Rline:2.00  NcMap:0.92  
Burner      burner      FAR:0.0149  Tout:0.0    Wfuel:0.21  dP:0.04     
Turbine     HPT         PR:4.47951  eff:0.9221  PRmap:3.03  NcMap:0.96  
Duct        duct45      dP:0.005    Q:0.0       
Turbine     LPT         PR:5.88242  eff:0.9251  PRmap:5.98  NcMap:0.85  
Duct        duct5       dP:0.01     Q:0.0       
Nozzle      priNozzle   Fg:600.785  
Duct        duct17      dP:0.015    Q:0.0       
Nozzle      fanNozzle   Fg:10774.8  
Shaft       HPshaft     N:9006.100  HPX:150.0   
Shaft       LPshaft     N:7857.364  HPX:0.0     
Performanc  Perf        alt:45000.  MN:0.85     Fn:1294.45  SFC:0.5863  Fg:11375.6  Fram:10081  Wfuel:0.21   

****************
Solver**********
****************

Converged:True

******************************************************************************************

time =  0.0

******************
Ports*************
******************

Electric Ports


Fluid Ports

start      FNo         W:373.1192    Tt:447.0280    Pt:3.447854    FAR:0.0         MN:0.85        Ts:389.9699    Ps:2.138969  
inlet      FNi         W:373.1192    Tt:447.0280    Pt:3.447854    FAR:0.0         MN:0.0         Ts:389.9699    Ps:2.138969  
inlet      FNo         W:373.1192    Tt:447.0280    Pt:3.440958    FAR:0.0         MN:0.0         Ts:0.0         Ps:0.0       
fan        FNi         W:373.1192    Tt:447.0280    Pt:3.440958    FAR:0.0         MN:0.0         Ts:0.0         Ps:0.0       
fan        FNideal     W:373.1192    Tt:459.1475    Pt:3.770330    FAR:0.0         MN:0.0         Ts:0.0         Ps:0.0       
fan        FNo         W:373.1192    Tt:458.9338    Pt:3.770330    FAR:0.0         MN:0.0         Ts:0.0         Ps:0.0       
fan        FNoBld1     W:0.0         Tt:447.0280    Pt:3.440958    FAR:0.0         MN:0.0         Ts:0.0         Ps:0.0       
fan        FNoBld2     W:0.0         Tt:447.0280    Pt:3.440958    FAR:0.0         MN:0.0         Ts:0.0         Ps:0.0       
splitter   FNi         W:373.1192    Tt:458.9338    Pt:3.770330    FAR:0.0         MN:0.0         Ts:0.0         Ps:0.0       
splitter   FNo1        W:15.12898    Tt:458.9338    Pt:3.770330    FAR:0.0         MN:0.0         Ts:0.0         Ps:0.0       
splitter   FNo2        W:357.9902    Tt:458.9338    Pt:3.770330    FAR:0.0         MN:0.0         Ts:0.0         Ps:0.0       
duct2      FNi         W:15.12898    Tt:458.9338    Pt:3.770330    FAR:0.0         MN:0.0         Ts:0.0         Ps:0.0       
duct2      FNo         W:15.12898    Tt:458.9338    Pt:3.732627    FAR:0.0         MN:0.0         Ts:0.0         Ps:0.0       
LPC        FNi         W:15.12898    Tt:458.9338    Pt:3.732627    FAR:0.0         MN:0.0         Ts:0.0         Ps:0.0       
LPC        FNideal     W:15.12898    Tt:613.6250    Pt:10.39056    FAR:0.0         MN:0.0         Ts:0.0         Ps:0.0       
LPC        FNo         W:15.12898    Tt:650.7338    Pt:10.39056    FAR:0.0         MN:0.0         Ts:0.0         Ps:0.0       
LPC        FNoBld1     W:1.512898    Tt:593.4199    Pt:4.660556    FAR:0.0         MN:0.0         Ts:0.0         Ps:0.0       
LPC        FNoBld2     W:1.512898    Tt:631.6377    Pt:5.992143    FAR:0.0         MN:0.0         Ts:0.0         Ps:0.0       
duct25     FNi         W:15.12898    Tt:650.7338    Pt:10.39056    FAR:0.0         MN:0.0         Ts:0.0         Ps:0.0       
duct25     FNo         W:15.12898    Tt:650.7338    Pt:10.23470    FAR:0.0         MN:0.0         Ts:0.0         Ps:0.0       
HPC        FNi         W:15.12898    Tt:650.7338    Pt:10.23470    FAR:0.0         MN:0.0         Ts:0.0         Ps:0.0       
HPC        FNideal     W:15.12898    Tt:1150.707    Pt:78.84982    FAR:0.0         MN:0.0         Ts:0.0         Ps:0.0       
HPC        FNo         W:12.83482    Tt:1242.091    Pt:78.84982    FAR:0.0         MN:0.0         Ts:0.0         Ps:0.0       
HPC        FNoBld1     W:1.147079    Tt:873.4495    Pt:25.38759    FAR:0.0         MN:0.0         Ts:0.0         Ps:0.0       
HPC        FNoBld2     W:1.147079    Tt:882.9917    Pt:26.48543    FAR:0.0         MN:0.0         Ts:0.0         Ps:0.0       
burner     FNi         W:12.83482    Tt:1242.091    Pt:78.84982    FAR:0.0         MN:0.0         Ts:0.0         Ps:0.0       
burner     FNo         W:12.99449    Tt:2027.669    Pt:75.69583    FAR:0.012440    MN:0.0         Ts:0.0         Ps:0.0       
HPT        FN41        W:14.14157    Tt:1939.959    Pt:75.69583    FAR:0.011420    MN:0.0         Ts:0.0         Ps:0.0       
HPT        FN42        W:14.14157    Tt:1366.320    Pt:16.79724    FAR:0.011420    MN:0.0         Ts:0.0         Ps:0.0       
HPT        FNi         W:12.99449    Tt:2027.669    Pt:75.69583    FAR:0.012440    MN:0.0         Ts:0.0         Ps:0.0       
HPT        FNiBld1     W:1.147079    Tt:882.9917    Pt:26.48543    FAR:0.0         MN:0.0         Ts:0.0         Ps:0.0       
HPT        FNiBld2     W:1.147079    Tt:873.4495    Pt:25.38759    FAR:0.0         MN:0.0         Ts:0.0         Ps:0.0       
HPT        FNideal     W:14.14157    Tt:1314.201    Pt:16.79724    FAR:0.011420    MN:0.0         Ts:0.0         Ps:0.0       
HPT        FNo         W:15.28865    Tt:1329.373    Pt:16.79724    FAR:0.010554    MN:0.0         Ts:0.0         Ps:0.0       
duct45     FNi         W:15.28865    Tt:1329.373    Pt:16.79724    FAR:0.010554    MN:0.0         Ts:0.0         Ps:0.0       
duct45     FNo         W:15.28865    Tt:1329.373    Pt:16.71325    FAR:0.010554    MN:0.0         Ts:0.0         Ps:0.0       
LPT        FN41        W:15.28865    Tt:1329.373    Pt:16.71325    FAR:0.010554    MN:0.0         Ts:0.0         Ps:0.0       
LPT        FN42        W:15.28865    Tt:883.0703    Pt:2.999364    FAR:0.010554    MN:0.0         Ts:0.0         Ps:0.0       
LPT        FNi         W:15.28865    Tt:1329.373    Pt:16.71325    FAR:0.010554    MN:0.0         Ts:0.0         Ps:0.0       
LPT        FNiBld1     W:0.0         Tt:0.0         Pt:0.0         FAR:0.0         MN:0.0         Ts:0.0         Ps:0.0       
LPT        FNiBld2     W:0.0         Tt:0.0         Pt:0.0         FAR:0.0         MN:0.0         Ts:0.0         Ps:0.0       
LPT        FNideal     W:15.28865    Tt:848.8297    Pt:2.999364    FAR:0.010554    MN:0.0         Ts:0.0         Ps:0.0       
LPT        FNo         W:15.28865    Tt:883.0703    Pt:2.999364    FAR:0.010554    MN:0.0         Ts:0.0         Ps:0.0       
duct5      FNi         W:15.28865    Tt:883.0703    Pt:2.999364    FAR:0.010554    MN:0.0         Ts:0.0         Ps:0.0       
duct5      FNo         W:15.28865    Tt:883.0703    Pt:2.969371    FAR:0.010554    MN:0.0         Ts:0.0         Ps:0.0       
priNozzl   FNi         W:15.28865    Tt:883.0703    Pt:2.969371    FAR:0.010554    MN:0.0         Ts:0.0         Ps:0.0       
priNozzl   FNo         W:15.28865    Tt:883.0703    Pt:2.969371    FAR:0.010554    MN:0.705363    Ts:806.6082    Ps:2.13897   
duct17     FNi         W:357.9902    Tt:458.9338    Pt:3.770330    FAR:0.0         MN:0.0         Ts:0.0         Ps:0.0       
duct17     FNo         W:357.9902    Tt:458.9338    Pt:3.713775    FAR:0.0         MN:0.0         Ts:0.0         Ps:0.0       
fanNozzl   FNi         W:357.9902    Tt:458.9338    Pt:3.713775    FAR:0.0         MN:0.0         Ts:0.0         Ps:0.0       
fanNozzl   FNo         W:357.9902    Tt:458.9338    Pt:3.713775    FAR:0.0         MN:0.921309    Ts:391.6465    Ps:2.13897   

Mech Ports

fan        MP          N:7509.822    hp:-1499.06    I:0.0       
LPC        MP          N:7509.822    hp:-984.286    I:0.0       
HPC        MP          N:8901.118    hp:-3313.52    I:0.0       
HPT        MP          N:8901.118    hp:3163.581    I:0.0       
LPT        MP          N:7509.822    hp:2483.330    I:0.0       
HPshaft    MPC         N:8901.118    hp:-3313.52    I:0.0       
HPshaft    MPT         N:8901.118    hp:3163.581    I:0.0       
LPshaft    MPfan       N:7509.822    hp:-1499.06    I:0.0       
LPshaft    MPlpc       N:7509.822    hp:-984.286    I:0.0       
LPshaft    MPlpt       N:7509.822    hp:2483.330    I:0.0       

*******************
Elements***********
*******************

FlightCond  start       W:373.1192  Tt:447.028  Pt:3.44785  Tamb:389.9  Pamb:2.138  
Duct        inlet       dP:0.002    Q:0.0       
Compressor  fan         PR:1.09572  eff:1.0179  Rline:2.0   NcMap:0.75  
Splitter    splitter    BPR:23.662  
Duct        duct2       dP:0.01     Q:0.0       
Compressor  LPC         PR:2.78371  eff:0.8056  Rline:1.13  NcMap:0.77  
Duct        duct25      dP:0.015    Q:0.0       
Compressor  HPC         PR:7.70416  eff:0.8413  Rline:2.07  NcMap:0.91  
Burner      burner      FAR:0.0124  Tout:0.0    Wfuel:0.15  dP:0.04     
Turbine     HPT         PR:4.50644  eff:0.9220  PRmap:3.05  NcMap:1.00  
Duct        duct45      dP:0.005    Q:0.0       
Turbine     LPT         PR:5.57226  eff:0.9304  PRmap:5.66  NcMap:0.85  
Duct        duct5       dP:0.01     Q:0.0       
Nozzle      priNozzle   Fg:464.872  
Duct        duct17      dP:0.015    Q:0.0       
Nozzle      fanNozzle   Fg:9967.29  
Shaft       HPshaft     N:8901.118  HPX:150.0   
Shaft       LPshaft     N:7509.822  HPX:0.0     
Performanc  Perf        alt:45000.  MN:0.85     Fn:869.283  SFC:0.6612  Fg:10432.1  Fram:9562.  Wfuel:0.15   

****************
Solver**********
****************

Converged:True

******************************************************************************************

time =  0.0

******************
Ports*************
******************

Electric Ports


Fluid Ports

start      FNo         W:484.5331    Tt:440.5156    Pt:3.268935    FAR:0.0         MN:0.8         Ts:389.9704    Ps:2.138978  
inlet      FNi         W:484.5331    Tt:440.5156    Pt:3.268935    FAR:0.0         MN:0.0         Ts:389.9704    Ps:2.138978  
inlet      FNo         W:484.5331    Tt:440.5156    Pt:3.262397    FAR:0.0         MN:0.0         Ts:0.0         Ps:0.0       
fan        FNi         W:484.5331    Tt:440.5156    Pt:3.262397    FAR:0.0         MN:0.0         Ts:0.0         Ps:0.0       
fan        FNideal     W:484.5331    Tt:475.1850    Pt:4.241111    FAR:0.0         MN:0.0         Ts:0.0         Ps:0.0       
fan        FNo         W:484.5331    Tt:476.2969    Pt:4.241111    FAR:0.0         MN:0.0         Ts:0.0         Ps:0.0       
fan        FNoBld1     W:0.0         Tt:440.5156    Pt:3.262397    FAR:0.0         MN:0.0         Ts:0.0         Ps:0.0       
fan        FNoBld2     W:0.0         Tt:440.5156    Pt:3.262397    FAR:0.0         MN:0.0         Ts:0.0         Ps:0.0       
splitter   FNi         W:484.5331    Tt:476.2969    Pt:4.241111    FAR:0.0         MN:0.0         Ts:0.0         Ps:0.0       
splitter   FNo1        W:26.84845    Tt:476.2969    Pt:4.241111    FAR:0.0         MN:0.0         Ts:0.0         Ps:0.0       
splitter   FNo2        W:457.6846    Tt:476.2969    Pt:4.241111    FAR:0.0         MN:0.0         Ts:0.0         Ps:0.0       
duct2      FNi         W:26.84845    Tt:476.2969    Pt:4.241111    FAR:0.0         MN:0.0         Ts:0.0         Ps:0.0       
duct2      FNo         W:26.84845    Tt:476.2969    Pt:4.198700    FAR:0.0         MN:0.0         Ts:0.0         Ps:0.0       
LPC        FNi         W:26.84845    Tt:476.2969    Pt:4.198700    FAR:0.0         MN:0.0         Ts:0.0         Ps:0.0       
LPC        FNideal     W:26.84845    Tt:643.0355    Pt:12.65343    FAR:0.0         MN:0.0         Ts:0.0         Ps:0.0       
LPC        FNo         W:26.84845    Tt:663.5779    Pt:12.65343    FAR:0.0         MN:0.0         Ts:0.0         Ps:0.0       
LPC        FNoBld1     W:2.684845    Tt:607.6250    Pt:5.918311    FAR:0.0         MN:0.0         Ts:0.0         Ps:0.0       
LPC        FNoBld2     W:2.684845    Tt:644.9574    Pt:7.609258    FAR:0.0         MN:0.0         Ts:0.0         Ps:0.0       
duct25     FNi         W:26.84845    Tt:663.5779    Pt:12.65343    FAR:0.0         MN:0.0         Ts:0.0         Ps:0.0       
duct25     FNo         W:26.84845    Tt:663.5779    Pt:12.46363    FAR:0.0         MN:0.0         Ts:0.0         Ps:0.0       
HPC        FNi         W:26.84845    Tt:663.5779    Pt:12.46363    FAR:0.0         MN:0.0         Ts:0.0         Ps:0.0       
HPC        FNideal     W:26.84845    Tt:1385.834    Pt:173.8390    FAR:0.0         MN:0.0         Ts:0.0         Ps:0.0       
HPC        FNo         W:22.77715    Tt:1509.061    Pt:173.8390    FAR:0.0         MN:0.0         Ts:0.0         Ps:0.0       
HPC        FNoBld1     W:2.035650    Tt:985.4049    Pt:59.70890    FAR:0.0         MN:0.0         Ts:0.0         Ps:0.0       
HPC        FNoBld2     W:2.035650    Tt:999.1334    Pt:62.29091    FAR:0.0         MN:0.0         Ts:0.0         Ps:0.0       
burner     FNi         W:22.77715    Tt:1509.061    Pt:173.8390    FAR:0.0         MN:0.0         Ts:0.0         Ps:0.0       
burner     FNo         W:23.38597    Tt:3072.541    Pt:166.8854    FAR:0.026729    MN:0.0         Ts:0.0         Ps:0.0       
HPT        FN41        W:25.42162    Tt:2919.508    Pt:166.8854    FAR:0.024536    MN:0.0         Ts:0.0         Ps:0.0       
HPT        FN42        W:25.42162    Tt:2155.521    Pt:37.79479    FAR:0.024536    MN:0.0         Ts:0.0         Ps:0.0       
HPT        FNi         W:23.38597    Tt:3072.541    Pt:166.8854    FAR:0.026729    MN:0.0         Ts:0.0         Ps:0.0       
HPT        FNiBld1     W:2.035650    Tt:999.1334    Pt:62.29091    FAR:0.0         MN:0.0         Ts:0.0         Ps:0.0       
HPT        FNiBld2     W:2.035650    Tt:985.4049    Pt:59.70890    FAR:0.0         MN:0.0         Ts:0.0         Ps:0.0       
HPT        FNideal     W:25.42162    Tt:2086.766    Pt:37.79479    FAR:0.024536    MN:0.0         Ts:0.0         Ps:0.0       
HPT        FNo         W:27.45727    Tt:2070.775    Pt:37.79479    FAR:0.022676    MN:0.0         Ts:0.0         Ps:0.0       
duct45     FNi         W:27.45727    Tt:2070.775    Pt:37.79479    FAR:0.022676    MN:0.0         Ts:0.0         Ps:0.0       
duct45     FNo         W:27.45727    Tt:2070.775    Pt:37.60581    FAR:0.022676    MN:0.0         Ts:0.0         Ps:0.0       
LPT        FN41        W:27.45727    Tt:2070.775    Pt:37.60581    FAR:0.022676    MN:0.0         Ts:0.0         Ps:0.0       
LPT        FN42        W:27.45727    Tt:1383.236    Pt:6.240996    FAR:0.022676    MN:0.0         Ts:0.0         Ps:0.0       
LPT        FNi         W:27.45727    Tt:2070.775    Pt:37.60581    FAR:0.022676    MN:0.0         Ts:0.0         Ps:0.0       
LPT        FNiBld1     W:0.0         Tt:0.0         Pt:0.0         FAR:0.0         MN:0.0         Ts:0.0         Ps:0.0       
LPT        FNiBld2     W:0.0         Tt:0.0         Pt:0.0         FAR:0.0         MN:0.0         Ts:0.0         Ps:0.0       
LPT        FNideal     W:27.45727    Tt:1336.657    Pt:6.240996    FAR:0.022676    MN:0.0         Ts:0.0         Ps:0.0       
LPT        FNo         W:27.45727    Tt:1383.236    Pt:6.240996    FAR:0.022676    MN:0.0         Ts:0.0         Ps:0.0       
duct5      FNi         W:27.45727    Tt:1383.236    Pt:6.240996    FAR:0.022676    MN:0.0         Ts:0.0         Ps:0.0       
duct5      FNo         W:27.45727    Tt:1383.236    Pt:6.178586    FAR:0.022676    MN:0.0         Ts:0.0         Ps:0.0       
priNozzl   FNi         W:27.45727    Tt:1383.236    Pt:6.178586    FAR:0.022676    MN:0.0         Ts:0.0         Ps:0.0       
priNozzl   FNo         W:27.45727    Tt:1383.236    Pt:6.178586    FAR:0.022676    MN:1.0         Ts:1178.046    Ps:3.310440  
duct17     FNi         W:457.6846    Tt:476.2969    Pt:4.241111    FAR:0.0         MN:0.0         Ts:0.0         Ps:0.0       
duct17     FNo         W:457.6846    Tt:476.2969    Pt:4.177494    FAR:0.0         MN:0.0         Ts:0.0         Ps:0.0       
fanNozzl   FNi         W:457.6846    Tt:476.2969    Pt:4.177494    FAR:0.0         MN:0.0         Ts:0.0         Ps:0.0       
fanNozzl   FNo         W:457.6846    Tt:476.2969    Pt:4.177494    FAR:0.0         MN:1.0         Ts:396.1719    Ps:2.208379  

Mech Ports

fan        MP          N:9877.999    hp:-5850.29    I:0.0       
LPC        MP          N:9877.999    hp:-1707.20    I:0.0       
HPC        MP          N:9786.795    hp:-8542.39    I:0.0       
HPT        MP          N:9786.795    hp:8392.361    I:0.0       
LPT        MP          N:9877.999    hp:7557.672    I:0.0       
HPshaft    MPC         N:9786.795    hp:-8542.39    I:0.0       
HPshaft    MPT         N:9786.795    hp:8392.361    I:0.0       
LPshaft    MPfan       N:9877.999    hp:-5850.29    I:0.0       
LPshaft    MPlpc       N:9877.999    hp:-1707.20    I:0.0       
LPshaft    MPlpt       N:9877.999    hp:7557.672    I:0.0       

*******************
Elements***********
*******************

FlightCond  start       W:484.5331  Tt:440.515  Pt:3.26893  Tamb:389.9  Pamb:2.138  
Duct        inlet       dP:0.002    Q:0.0       
Compressor  fan         PR:1.29999  eff:0.9689  Rline:2.0   NcMap:0.99  
Splitter    splitter    BPR:17.046  
Duct        duct2       dP:0.01     Q:0.0       
Compressor  LPC         PR:3.01365  eff:0.8897  Rline:1.97  NcMap:1.00  
Duct        duct25      dP:0.015    Q:0.0       
Compressor  HPC         PR:13.9477  eff:0.8480  Rline:1.95  NcMap:0.99  
Burner      burner      FAR:0.0267  Tout:0.0    Wfuel:0.60  dP:0.04     
Turbine     HPT         PR:4.41556  eff:0.9218  PRmap:3.00  NcMap:0.89  
Duct        duct45      dP:0.005    Q:0.0       
Turbine     LPT         PR:6.02561  eff:0.9391  PRmap:6.13  NcMap:0.90  
Duct        duct5       dP:0.01     Q:0.0       
Nozzle      priNozzle   Fg:1785.08  
Duct        duct17      dP:0.015    Q:0.0       
Nozzle      fanNozzle   Fg:14220.9  
Shaft       HPshaft     N:9786.795  HPX:150.0   
Shaft       LPshaft     N:9877.999  HPX:0.0     
Performanc  Perf        alt:45000.  MN:0.8      Fn:4318.25  SFC:0.5075  Fg:16006.0  Fram:11687  Wfuel:0.60   

****************
Solver**********
****************

Converged:True

******************************************************************************************

time =  0.0

******************
Ports*************
******************

Electric Ports


Fluid Ports

start      FNo         W:472.1140    Tt:440.5156    Pt:3.268935    FAR:0.0         MN:0.8         Ts:389.9704    Ps:2.138978  
inlet      FNi         W:472.1140    Tt:440.5156    Pt:3.268935    FAR:0.0         MN:0.0         Ts:389.9704    Ps:2.138978  
inlet      FNo         W:472.1140    Tt:440.5156    Pt:3.262397    FAR:0.0         MN:0.0         Ts:0.0         Ps:0.0       
fan        FNi         W:472.1140    Tt:440.5156    Pt:3.262397    FAR:0.0         MN:0.0         Ts:0.0         Ps:0.0       
fan        FNideal     W:472.1140    Tt:471.4293    Pt:4.125781    FAR:0.0         MN:0.0         Ts:0.0         Ps:0.0       
fan        FNo         W:472.1140    Tt:471.5417    Pt:4.125781    FAR:0.0         MN:0.0         Ts:0.0         Ps:0.0       
fan        FNoBld1     W:0.0         Tt:440.5156    Pt:3.262397    FAR:0.0         MN:0.0         Ts:0.0         Ps:0.0       
fan        FNoBld2     W:0.0         Tt:440.5156    Pt:3.262397    FAR:0.0         MN:0.0         Ts:0.0         Ps:0.0       
splitter   FNi         W:472.1140    Tt:471.5417    Pt:4.125781    FAR:0.0         MN:0.0         Ts:0.0         Ps:0.0       
splitter   FNo1        W:24.87656    Tt:471.5417    Pt:4.125781    FAR:0.0         MN:0.0         Ts:0.0         Ps:0.0       
splitter   FNo2        W:447.2374    Tt:471.5417    Pt:4.125781    FAR:0.0         MN:0.0         Ts:0.0         Ps:0.0       
duct2      FNi         W:24.87656    Tt:471.5417    Pt:4.125781    FAR:0.0         MN:0.0         Ts:0.0         Ps:0.0       
duct2      FNo         W:24.87656    Tt:471.5417    Pt:4.084523    FAR:0.0         MN:0.0         Ts:0.0         Ps:0.0       
LPC        FNi         W:24.87656    Tt:471.5417    Pt:4.084523    FAR:0.0         MN:0.0         Ts:0.0         Ps:0.0       
LPC        FNideal     W:24.87656    Tt:635.9236    Pt:12.17815    FAR:0.0         MN:0.0         Ts:0.0         Ps:0.0       
LPC        FNo         W:24.87656    Tt:656.4001    Pt:12.17815    FAR:0.0         MN:0.0         Ts:0.0         Ps:0.0       
LPC        FNoBld1     W:2.487656    Tt:601.1695    Pt:5.665539    FAR:0.0         MN:0.0         Ts:0.0         Ps:0.0       
LPC        FNoBld2     W:2.487656    Tt:638.0043    Pt:7.284264    FAR:0.0         MN:0.0         Ts:0.0         Ps:0.0       
duct25     FNi         W:24.87656    Tt:656.4001    Pt:12.17815    FAR:0.0         MN:0.0         Ts:0.0         Ps:0.0       
duct25     FNo         W:24.87656    Tt:656.4001    Pt:11.99547    FAR:0.0         MN:0.0         Ts:0.0         Ps:0.0       
HPC        FNi         W:24.87656    Tt:656.4001    Pt:11.99547    FAR:0.0         MN:0.0         Ts:0.0         Ps:0.0       
HPC        FNideal     W:24.87656    Tt:1346.989    Pt:156.0831    FAR:0.0         MN:0.0         Ts:0.0         Ps:0.0       
HPC        FNo         W:21.10428    Tt:1462.642    Pt:156.0831    FAR:0.0         MN:0.0         Ts:0.0         Ps:0.0       
HPC        FNoBld1     W:1.886141    Tt:962.7411    Pt:53.31245    FAR:0.0         MN:0.0         Ts:0.0         Ps:0.0       
HPC        FNoBld2     W:1.886141    Tt:975.7920    Pt:55.61785    FAR:0.0         MN:0.0         Ts:0.0         Ps:0.0       
burner     FNi         W:21.10428    Tt:1462.642    Pt:156.0831    FAR:0.0         MN:0.0         Ts:0.0         Ps:0.0       
burner     FNo         W:21.61562    Tt:2897.849    Pt:149.8398    FAR:0.024229    MN:0.0         Ts:0.0         Ps:0.0       
HPT        FN41        W:23.50176    Tt:2754.995    Pt:149.8398    FAR:0.022241    MN:0.0         Ts:0.0         Ps:0.0       
HPT        FN42        W:23.50176    Tt:2016.788    Pt:33.78751    FAR:0.022241    MN:0.0         Ts:0.0         Ps:0.0       
HPT        FNi         W:21.61562    Tt:2897.849    Pt:149.8398    FAR:0.024229    MN:0.0         Ts:0.0         Ps:0.0       
HPT        FNiBld1     W:1.886141    Tt:975.7920    Pt:55.61785    FAR:0.0         MN:0.0         Ts:0.0         Ps:0.0       
HPT        FNiBld2     W:1.886141    Tt:962.7411    Pt:53.31245    FAR:0.0         MN:0.0         Ts:0.0         Ps:0.0       
HPT        FNideal     W:23.50176    Tt:1950.918    Pt:33.78751    FAR:0.022241    MN:0.0         Ts:0.0         Ps:0.0       
HPT        FNo         W:25.38790    Tt:1940.238    Pt:33.78751    FAR:0.020555    MN:0.0         Ts:0.0         Ps:0.0       
duct45     FNi         W:25.38790    Tt:1940.238    Pt:33.78751    FAR:0.020555    MN:0.0         Ts:0.0         Ps:0.0       
duct45     FNo         W:25.38790    Tt:1940.238    Pt:33.61858    FAR:0.020555    MN:0.0         Ts:0.0         Ps:0.0       
LPT        FN41        W:25.38790    Tt:1940.238    Pt:33.61858    FAR:0.020555    MN:0.0         Ts:0.0         Ps:0.0       
LPT        FN42        W:25.38790    Tt:1290.013    Pt:5.560917    FAR:0.020555    MN:0.0         Ts:0.0         Ps:0.0       
LPT        FNi         W:25.38790    Tt:1940.238    Pt:33.61858    FAR:0.020555    MN:0.0         Ts:0.0         Ps:0.0       
LPT        FNiBld1     W:0.0         Tt:0.0         Pt:0.0         FAR:0.0         MN:0.0         Ts:0.0         Ps:0.0       
LPT        FNiBld2     W:0.0         Tt:0.0         Pt:0.0         FAR:0.0         MN:0.0         Ts:0.0         Ps:0.0       
LPT        FNideal     W:25.38790    Tt:1243.060    Pt:5.560917    FAR:0.020555    MN:0.0         Ts:0.0         Ps:0.0       
LPT        FNo         W:25.38790    Tt:1290.013    Pt:5.560917    FAR:0.020555    MN:0.0         Ts:0.0         Ps:0.0       
duct5      FNi         W:25.38790    Tt:1290.013    Pt:5.560917    FAR:0.020555    MN:0.0         Ts:0.0         Ps:0.0       
duct5      FNo         W:25.38790    Tt:1290.013    Pt:5.505308    FAR:0.020555    MN:0.0         Ts:0.0         Ps:0.0       
priNozzl   FNi         W:25.38790    Tt:1290.013    Pt:5.505308    FAR:0.020555    MN:0.0         Ts:0.0         Ps:0.0       
priNozzl   FNo         W:25.38790    Tt:1290.013    Pt:5.505308    FAR:0.020555    MN:1.0         Ts:1095.450    Ps:2.945048  
duct17     FNi         W:447.2374    Tt:471.5417    Pt:4.125781    FAR:0.0         MN:0.0         Ts:0.0         Ps:0.0       
duct17     FNo         W:447.2374    Tt:471.5417    Pt:4.063895    FAR:0.0         MN:0.0         Ts:0.0         Ps:0.0       
fanNozzl   FNi         W:447.2374    Tt:471.5417    Pt:4.063895    FAR:0.0         MN:0.0         Ts:0.0         Ps:0.0       
fanNozzl   FNo         W:447.2374    Tt:471.5417    Pt:4.063895    FAR:0.0         MN:1.0         Ts:392.1933    Ps:2.144574  

Mech Ports

fan        MP          N:9438.141    hp:-4942.26    I:0.0       
LPC        MP          N:9438.141    hp:-1560.73    I:0.0       
HPC        MP          N:9619.553    hp:-7524.35    I:0.0       
HPT        MP          N:9619.553    hp:7374.246    I:0.0       
LPT        MP          N:9438.141    hp:6503.093    I:0.0       
HPshaft    MPC         N:9619.553    hp:-7524.35    I:0.0       
HPshaft    MPT         N:9619.553    hp:7374.246    I:0.0       
LPshaft    MPfan       N:9438.141    hp:-4942.26    I:0.0       
LPshaft    MPlpc       N:9438.141    hp:-1560.73    I:0.0       
LPshaft    MPlpt       N:9438.141    hp:6503.093    I:0.0       

*******************
Elements***********
*******************

FlightCond  start       W:472.1140  Tt:440.515  Pt:3.26893  Tamb:389.9  Pamb:2.138  
Duct        inlet       dP:0.002    Q:0.0       
Compressor  fan         PR:1.26464  eff:0.9963  Rline:2.0   NcMap:0.95  
Splitter    splitter    BPR:17.978  
Duct        duct2       dP:0.01     Q:0.0       
Compressor  LPC         PR:2.98153  eff:0.8887  Rline:1.86  NcMap:0.96  
Duct        duct25      dP:0.015    Q:0.0       
Compressor  HPC         PR:13.0118  eff:0.8507  Rline:1.95  NcMap:0.98  
Burner      burner      FAR:0.0242  Tout:0.0    Wfuel:0.51  dP:0.04     
Turbine     HPT         PR:4.43476  eff:0.9225  PRmap:3.01  NcMap:0.90  
Duct        duct45      dP:0.005    Q:0.0       
Turbine     LPT         PR:6.04550  eff:0.9354  PRmap:6.15  NcMap:0.89  
Duct        duct5       dP:0.01     Q:0.0       
Nozzle      priNozzle   Fg:1519.42  
Duct        duct17      dP:0.015    Q:0.0       
Nozzle      fanNozzle   Fg:13550.1  
Shaft       HPshaft     N:9619.553  HPX:150.0   
Shaft       LPshaft     N:9438.141  HPX:0.0     
Performanc  Perf        alt:45000.  MN:0.8      Fn:3681.30  SFC:0.5000  Fg:15069.5  Fram:11388  Wfuel:0.51   

****************
Solver**********
****************

Converged:True

******************************************************************************************

time =  0.0

******************
Ports*************
******************

Electric Ports


Fluid Ports

start      FNo         W:453.4176    Tt:440.5156    Pt:3.268935    FAR:0.0         MN:0.8         Ts:389.9704    Ps:2.138978  
inlet      FNi         W:453.4176    Tt:440.5156    Pt:3.268935    FAR:0.0         MN:0.0         Ts:389.9704    Ps:2.138978  
inlet      FNo         W:453.4176    Tt:440.5156    Pt:3.262397    FAR:0.0         MN:0.0         Ts:0.0         Ps:0.0       
fan        FNi         W:453.4176    Tt:440.5156    Pt:3.262397    FAR:0.0         MN:0.0         Ts:0.0         Ps:0.0       
fan        FNideal     W:453.4176    Tt:467.1185    Pt:3.997126    FAR:0.0         MN:0.0         Ts:0.0         Ps:0.0       
fan        FNo         W:453.4176    Tt:466.6192    Pt:3.997126    FAR:0.0         MN:0.0         Ts:0.0         Ps:0.0       
fan        FNoBld1     W:0.0         Tt:440.5156    Pt:3.262397    FAR:0.0         MN:0.0         Ts:0.0         Ps:0.0       
fan        FNoBld2     W:0.0         Tt:440.5156    Pt:3.262397    FAR:0.0         MN:0.0         Ts:0.0         Ps:0.0       
splitter   FNi         W:453.4176    Tt:466.6192    Pt:3.997126    FAR:0.0         MN:0.0         Ts:0.0         Ps:0.0       
splitter   FNo1        W:22.27610    Tt:466.6192    Pt:3.997126    FAR:0.0         MN:0.0         Ts:0.0         Ps:0.0       
splitter   FNo2        W:431.1415    Tt:466.6192    Pt:3.997126    FAR:0.0         MN:0.0         Ts:0.0         Ps:0.0       
duct2      FNi         W:22.27610    Tt:466.6192    Pt:3.997126    FAR:0.0         MN:0.0         Ts:0.0         Ps:0.0       
duct2      FNo         W:22.27610    Tt:466.6192    Pt:3.957155    FAR:0.0         MN:0.0         Ts:0.0         Ps:0.0       
LPC        FNi         W:22.27610    Tt:466.6192    Pt:3.957155    FAR:0.0         MN:0.0         Ts:0.0         Ps:0.0       
LPC        FNideal     W:22.27610    Tt:629.7406    Pt:11.73685    FAR:0.0         MN:0.0         Ts:0.0         Ps:0.0       
LPC        FNo         W:22.27610    Tt:652.0282    Pt:11.73685    FAR:0.0         MN:0.0         Ts:0.0         Ps:0.0       
LPC        FNoBld1     W:2.227610    Tt:596.6245    Pt:5.445786    FAR:0.0         MN:0.0         Ts:0.0         Ps:0.0       
LPC        FNoBld2     W:2.227610    Tt:633.5683    Pt:7.001725    FAR:0.0         MN:0.0         Ts:0.0         Ps:0.0       
duct25     FNi         W:22.27610    Tt:652.0282    Pt:11.73685    FAR:0.0         MN:0.0         Ts:0.0         Ps:0.0       
duct25     FNo         W:22.27610    Tt:652.0282    Pt:11.56079    FAR:0.0         MN:0.0         Ts:0.0         Ps:0.0       
HPC        FNi         W:22.27610    Tt:652.0282    Pt:11.56079    FAR:0.0         MN:0.0         Ts:0.0         Ps:0.0       
HPC        FNideal     W:22.27610    Tt:1293.901    Pt:134.7710    FAR:0.0         MN:0.0         Ts:0.0         Ps:0.0       
HPC        FNo         W:18.89815    Tt:1398.040    Pt:134.7710    FAR:0.0         MN:0.0         Ts:0.0         Ps:0.0       
HPC        FNoBld1     W:1.688973    Tt:934.7372    Pt:45.58779    FAR:0.0         MN:0.0         Ts:0.0         Ps:0.0       
HPC        FNoBld2     W:1.688973    Tt:946.8246    Pt:47.55916    FAR:0.0         MN:0.0         Ts:0.0         Ps:0.0       
burner     FNi         W:18.89815    Tt:1398.040    Pt:134.7710    FAR:0.0         MN:0.0         Ts:0.0         Ps:0.0       
burner     FNo         W:19.30879    Tt:2704.840    Pt:129.3802    FAR:0.021729    MN:0.0         Ts:0.0         Ps:0.0       
HPT        FN41        W:20.99777    Tt:2573.215    Pt:129.3802    FAR:0.019946    MN:0.0         Ts:0.0         Ps:0.0       
HPT        FN42        W:20.99777    Tt:1882.548    Pt:29.15353    FAR:0.019946    MN:0.0         Ts:0.0         Ps:0.0       
HPT        FNi         W:19.30879    Tt:2704.840    Pt:129.3802    FAR:0.021729    MN:0.0         Ts:0.0         Ps:0.0       
HPT        FNiBld1     W:1.688973    Tt:946.8246    Pt:47.55916    FAR:0.0         MN:0.0         Ts:0.0         Ps:0.0       
HPT        FNiBld2     W:1.688973    Tt:934.7372    Pt:45.58779    FAR:0.0         MN:0.0         Ts:0.0         Ps:0.0       
HPT        FNideal     W:20.99777    Tt:1820.825    Pt:29.15353    FAR:0.019946    MN:0.0         Ts:0.0         Ps:0.0       
HPT        FNo         W:22.68674    Tt:1813.583    Pt:29.15353    FAR:0.018434    MN:0.0         Ts:0.0         Ps:0.0       
duct45     FNi         W:22.68674    Tt:1813.583    Pt:29.15353    FAR:0.018434    MN:0.0         Ts:0.0         Ps:0.0       
duct45     FNo         W:22.68674    Tt:1813.583    Pt:29.00776    FAR:0.018434    MN:0.0         Ts:0.0         Ps:0.0       
LPT        FN41        W:22.68674    Tt:1813.583    Pt:29.00776    FAR:0.018434    MN:0.0         Ts:0.0         Ps:0.0       
LPT        FN42        W:22.68674    Tt:1200.048    Pt:4.788197    FAR:0.018434    MN:0.0         Ts:0.0         Ps:0.0       
LPT        FNi         W:22.68674    Tt:1813.583    Pt:29.00776    FAR:0.018434    MN:0.0         Ts:0.0         Ps:0.0       
LPT        FNiBld1     W:0.0         Tt:0.0         Pt:0.0         FAR:0.0         MN:0.0         Ts:0.0         Ps:0.0       
LPT        FNiBld2     W:0.0         Tt:0.0         Pt:0.0         FAR:0.0         MN:0.0         Ts:0.0         Ps:0.0       
LPT        FNideal     W:22.68674    Tt:1151.873    Pt:4.788197    FAR:0.018434    MN:0.0         Ts:0.0         Ps:0.0       
LPT        FNo         W:22.68674    Tt:1200.048    Pt:4.788197    FAR:0.018434    MN:0.0         Ts:0.0         Ps:0.0       
duct5      FNi         W:22.68674    Tt:1200.048    Pt:4.788197    FAR:0.018434    MN:0.0         Ts:0.0         Ps:0.0       
duct5      FNo         W:22.68674    Tt:1200.048    Pt:4.740315    FAR:0.018434    MN:0.0         Ts:0.0         Ps:0.0       
priNozzl   FNi         W:22.68674    Tt:1200.048    Pt:4.740315    FAR:0.018434    MN:0.0         Ts:0.0         Ps:0.0       
priNozzl   FNo         W:22.68674    Tt:1200.048    Pt:4.740315    FAR:0.018434    MN:1.0         Ts:1016.177    Ps:2.527972  
duct17     FNi         W:431.1415    Tt:466.6192    Pt:3.997126    FAR:0.0         MN:0.0         Ts:0.0         Ps:0.0       
duct17     FNo         W:431.1415    Tt:466.6192    Pt:3.937170    FAR:0.0         MN:0.0         Ts:0.0         Ps:0.0       
fanNozzl   FNi         W:431.1415    Tt:466.6192    Pt:3.937170    FAR:0.0         MN:0.0         Ts:0.0         Ps:0.0       
fanNozzl   FNo         W:431.1415    Tt:466.6192    Pt:3.937170    FAR:0.0         MN:0.974281    Ts:391.4320    Ps:2.13897   

Mech Ports

fan        MP          N:8964.929    hp:-3992.88    I:0.0       
LPC        MP          N:8964.929    hp:-1401.31    I:0.0       
HPC        MP          N:9407.026    hp:-6209.42    I:0.0       
HPT        MP          N:9407.026    hp:6059.596    I:0.0       
LPT        MP          N:8964.929    hp:5394.020    I:0.0       
HPshaft    MPC         N:9407.026    hp:-6209.42    I:0.0       
HPshaft    MPT         N:9407.026    hp:6059.596    I:0.0       
LPshaft    MPfan       N:8964.929    hp:-3992.88    I:0.0       
LPshaft    MPlpc       N:8964.929    hp:-1401.31    I:0.0       
LPshaft    MPlpt       N:8964.929    hp:5394.020    I:0.0       

*******************
Elements***********
*******************

FlightCond  start       W:453.4176  Tt:440.515  Pt:3.26893  Tamb:389.9  Pamb:2.138  
Duct        inlet       dP:0.002    Q:0.0       
Compressor  fan         PR:1.22521  eff:1.0191  Rline:2.0   NcMap:0.90  
Splitter    splitter    BPR:19.354  
Duct        duct2       dP:0.01     Q:0.0       
Compressor  LPC         PR:2.96598  eff:0.8792  Rline:1.65  NcMap:0.91  
Duct        duct25      dP:0.015    Q:0.0       
Compressor  HPC         PR:11.6575  eff:0.8553  Rline:1.94  NcMap:0.96  
Burner      burner      FAR:0.0217  Tout:0.0    Wfuel:0.41  dP:0.04     
Turbine     HPT         PR:4.43789  eff:0.9223  PRmap:3.01  NcMap:0.91  
Duct        duct45      dP:0.005    Q:0.0       
Turbine     LPT         PR:6.05818  eff:0.9300  PRmap:6.16  NcMap:0.87  
Duct        duct5       dP:0.01     Q:0.0       
Nozzle      priNozzle   Fg:1213.96  
Duct        duct17      dP:0.015    Q:0.0       
Nozzle      fanNozzle   Fg:12690.7  
Shaft       HPshaft     N:9407.026  HPX:150.0   
Shaft       LPshaft     N:8964.929  HPX:0.0     
Performanc  Perf        alt:45000.  MN:0.8      Fn:2967.43  SFC:0.4981  Fg:13904.7  Fram:10937  Wfuel:0.41   

****************
Solver**********
****************

Converged:True

******************************************************************************************

time =  0.0

******************
Ports*************
******************

Electric Ports


Fluid Ports

start      FNo         W:432.0264    Tt:440.5156    Pt:3.268935    FAR:0.0         MN:0.8         Ts:389.9704    Ps:2.138978  
inlet      FNi         W:432.0264    Tt:440.5156    Pt:3.268935    FAR:0.0         MN:0.0         Ts:389.9704    Ps:2.138978  
inlet      FNo         W:432.0264    Tt:440.5156    Pt:3.262397    FAR:0.0         MN:0.0         Ts:0.0         Ps:0.0       
fan        FNi         W:432.0264    Tt:440.5156    Pt:3.262397    FAR:0.0         MN:0.0         Ts:0.0         Ps:0.0       
fan        FNideal     W:432.0264    Tt:463.5480    Pt:3.893802    FAR:0.0         MN:0.0         Ts:0.0         Ps:0.0       
fan        FNo         W:432.0264    Tt:462.9707    Pt:3.893802    FAR:0.0         MN:0.0         Ts:0.0         Ps:0.0       
fan        FNoBld1     W:0.0         Tt:440.5156    Pt:3.262397    FAR:0.0         MN:0.0         Ts:0.0         Ps:0.0       
fan        FNoBld2     W:0.0         Tt:440.5156    Pt:3.262397    FAR:0.0         MN:0.0         Ts:0.0         Ps:0.0       
splitter   FNi         W:432.0264    Tt:462.9707    Pt:3.893802    FAR:0.0         MN:0.0         Ts:0.0         Ps:0.0       
splitter   FNo1        W:20.51787    Tt:462.9707    Pt:3.893802    FAR:0.0         MN:0.0         Ts:0.0         Ps:0.0       
splitter   FNo2        W:411.5085    Tt:462.9707    Pt:3.893802    FAR:0.0         MN:0.0         Ts:0.0         Ps:0.0       
duct2      FNi         W:20.51787    Tt:462.9707    Pt:3.893802    FAR:0.0         MN:0.0         Ts:0.0         Ps:0.0       
duct2      FNo         W:20.51787    Tt:462.9707    Pt:3.854864    FAR:0.0         MN:0.0         Ts:0.0         Ps:0.0       
LPC        FNi         W:20.51787    Tt:462.9707    Pt:3.854864    FAR:0.0         MN:0.0         Ts:0.0         Ps:0.0       
LPC        FNideal     W:20.51787    Tt:624.0944    Pt:11.28383    FAR:0.0         MN:0.0         Ts:0.0         Ps:0.0       
LPC        FNo         W:20.51787    Tt:648.0914    Pt:11.28383    FAR:0.0         MN:0.0         Ts:0.0         Ps:0.0       
LPC        FNoBld1     W:2.051787    Tt:592.7669    Pt:5.200280    FAR:0.0         MN:0.0         Ts:0.0         Ps:0.0       
LPC        FNoBld2     W:2.051787    Tt:629.6574    Pt:6.686074    FAR:0.0         MN:0.0         Ts:0.0         Ps:0.0       
duct25     FNi         W:20.51787    Tt:648.0914    Pt:11.28383    FAR:0.0         MN:0.0         Ts:0.0         Ps:0.0       
duct25     FNo         W:20.51787    Tt:648.0914    Pt:11.11457    FAR:0.0         MN:0.0         Ts:0.0         Ps:0.0       
HPC        FNi         W:20.51787    Tt:648.0914    Pt:11.11457    FAR:0.0         MN:0.0         Ts:0.0         Ps:0.0       
HPC        FNideal     W:20.51787    Tt:1255.639    Pt:119.7453    FAR:0.0         MN:0.0         Ts:0.0         Ps:0.0       
HPC        FNo         W:17.40654    Tt:1353.076    Pt:119.7453    FAR:0.0         MN:0.0         Ts:0.0         Ps:0.0       
HPC        FNoBld1     W:1.555665    Tt:914.7849    Pt:40.19339    FAR:0.0         MN:0.0         Ts:0.0         Ps:0.0       
HPC        FNoBld2     W:1.555665    Tt:926.1760    Pt:41.93148    FAR:0.0         MN:0.0         Ts:0.0         Ps:0.0       
burner     FNi         W:17.40654    Tt:1353.076    Pt:119.7453    FAR:0.0         MN:0.0         Ts:0.0         Ps:0.0       
burner     FNo         W:17.74126    Tt:2524.634    Pt:114.9555    FAR:0.019229    MN:0.0         Ts:0.0         Ps:0.0       
HPT        FN41        W:19.29692    Tt:2404.201    Pt:114.9555    FAR:0.017651    MN:0.0         Ts:0.0         Ps:0.0       
HPT        FN42        W:19.29692    Tt:1743.067    Pt:25.80768    FAR:0.017651    MN:0.0         Ts:0.0         Ps:0.0       
HPT        FNi         W:17.74126    Tt:2524.634    Pt:114.9555    FAR:0.019229    MN:0.0         Ts:0.0         Ps:0.0       
HPT        FNiBld1     W:1.555665    Tt:926.1760    Pt:41.93148    FAR:0.0         MN:0.0         Ts:0.0         Ps:0.0       
HPT        FNiBld2     W:1.555665    Tt:914.7849    Pt:40.19339    FAR:0.0         MN:0.0         Ts:0.0         Ps:0.0       
HPT        FNideal     W:19.29692    Tt:1683.753    Pt:25.80768    FAR:0.017651    MN:0.0         Ts:0.0         Ps:0.0       
HPT        FNo         W:20.85259    Tt:1682.487    Pt:25.80768    FAR:0.016313    MN:0.0         Ts:0.0         Ps:0.0       
duct45     FNi         W:20.85259    Tt:1682.487    Pt:25.80768    FAR:0.016313    MN:0.0         Ts:0.0         Ps:0.0       
duct45     FNo         W:20.85259    Tt:1682.487    Pt:25.67864    FAR:0.016313    MN:0.0         Ts:0.0         Ps:0.0       
LPT        FN41        W:20.85259    Tt:1682.487    Pt:25.67864    FAR:0.016313    MN:0.0         Ts:0.0         Ps:0.0       
LPT        FN42        W:20.85259    Tt:1108.190    Pt:4.220560    FAR:0.016313    MN:0.0         Ts:0.0         Ps:0.0       
LPT        FNi         W:20.85259    Tt:1682.487    Pt:25.67864    FAR:0.016313    MN:0.0         Ts:0.0         Ps:0.0       
LPT        FNiBld1     W:0.0         Tt:0.0         Pt:0.0         FAR:0.0         MN:0.0         Ts:0.0         Ps:0.0       
LPT        FNiBld2     W:0.0         Tt:0.0         Pt:0.0         FAR:0.0         MN:0.0         Ts:0.0         Ps:0.0       
LPT        FNideal     W:20.85259    Tt:1062.640    Pt:4.220560    FAR:0.016313    MN:0.0         Ts:0.0         Ps:0.0       
LPT        FNo         W:20.85259    Tt:1108.190    Pt:4.220560    FAR:0.016313    MN:0.0         Ts:0.0         Ps:0.0       
duct5      FNi         W:20.85259    Tt:1108.190    Pt:4.220560    FAR:0.016313    MN:0.0         Ts:0.0         Ps:0.0       
duct5      FNo         W:20.85259    Tt:1108.190    Pt:4.178355    FAR:0.016313    MN:0.0         Ts:0.0         Ps:0.0       
priNozzl   FNi         W:20.85259    Tt:1108.190    Pt:4.178355    FAR:0.016313    MN:0.0         Ts:0.0         Ps:0.0       
priNozzl   FNo         W:20.85259    Tt:1108.190    Pt:4.178355    FAR:0.016313    MN:1.0         Ts:935.8470    Ps:2.225009  
duct17     FNi         W:411.5085    Tt:462.9707    Pt:3.893802    FAR:0.0         MN:0.0         Ts:0.0         Ps:0.0       
duct17     FNo         W:411.5085    Tt:462.9707    Pt:3.835395    FAR:0.0         MN:0.0         Ts:0.0         Ps:0.0       
fanNozzl   FNi         W:411.5085    Tt:462.9707    Pt:3.835395    FAR:0.0         MN:0.0         Ts:0.0         Ps:0.0       
fanNozzl   FNo         W:411.5085    Tt:462.9707    Pt:3.835395    FAR:0.0         MN:0.950784    Ts:391.3693    Ps:2.13897   

Mech Ports

fan        MP          N:8619.151    hp:-3272.25    I:0.0       
LPC        MP          N:8619.151    hp:-1288.43    I:0.0       
HPC        MP          N:9280.321    hp:-5389.84    I:0.0       
HPT        MP          N:9280.321    hp:5239.892    I:0.0       
LPT        MP          N:8619.151    hp:4560.311    I:0.0       
HPshaft    MPC         N:9280.321    hp:-5389.84    I:0.0       
HPshaft    MPT         N:9280.321    hp:5239.892    I:0.0       
LPshaft    MPfan       N:8619.151    hp:-3272.25    I:0.0       
LPshaft    MPlpc       N:8619.151    hp:-1288.43    I:0.0       
LPshaft    MPlpt       N:8619.151    hp:4560.311    I:0.0       

*******************
Elements***********
*******************

FlightCond  start       W:432.0264  Tt:440.515  Pt:3.26893  Tamb:389.9  Pamb:2.138  
Duct        inlet       dP:0.002    Q:0.0       
Compressor  fan         PR:1.19354  eff:1.0257  Rline:2.0   NcMap:0.87  
Splitter    splitter    BPR:20.056  
Duct        duct2       dP:0.01     Q:0.0       
Compressor  LPC         PR:2.92716  eff:0.8698  Rline:1.55  NcMap:0.88  
Duct        duct25      dP:0.015    Q:0.0       
Compressor  HPC         PR:10.7737  eff:0.8571  Rline:2.00  NcMap:0.95  
Burner      burner      FAR:0.0192  Tout:0.0    Wfuel:0.33  dP:0.04     
Turbine     HPT         PR:4.45431  eff:0.9222  PRmap:3.02  NcMap:0.93  
Duct        duct45      dP:0.005    Q:0.0       
Turbine     LPT         PR:6.08417  eff:0.9292  PRmap:6.19  NcMap:0.87  
Duct        duct5       dP:0.01     Q:0.0       
Nozzle      priNozzle   Fg:991.755  
Duct        duct17      dP:0.015    Q:0.0       
Nozzle      fanNozzle   Fg:11819.7  
Shaft       HPshaft     N:9280.321  HPX:150.0   
Shaft       LPshaft     N:8619.151  HPX:0.0     
Performanc  Perf        alt:45000.  MN:0.8      Fn:2390.24  SFC:0.5041  Fg:12811.5  Fram:10421  Wfuel:0.33   

****************
Solver**********
****************

Converged:True

******************************************************************************************

time =  0.0

******************
Ports*************
******************

Electric Ports


Fluid Ports

start      FNo         W:404.0096    Tt:440.5156    Pt:3.268935    FAR:0.0         MN:0.8         Ts:389.9704    Ps:2.138978  
inlet      FNi         W:404.0096    Tt:440.5156    Pt:3.268935    FAR:0.0         MN:0.0         Ts:389.9704    Ps:2.138978  
inlet      FNo         W:404.0096    Tt:440.5156    Pt:3.262397    FAR:0.0         MN:0.0         Ts:0.0         Ps:0.0       
fan        FNi         W:404.0096    Tt:440.5156    Pt:3.262397    FAR:0.0         MN:0.0         Ts:0.0         Ps:0.0       
fan        FNideal     W:404.0096    Tt:459.5490    Pt:3.781331    FAR:0.0         MN:0.0         Ts:0.0         Ps:0.0       
fan        FNo         W:404.0096    Tt:459.0257    Pt:3.781331    FAR:0.0         MN:0.0         Ts:0.0         Ps:0.0       
fan        FNoBld1     W:0.0         Tt:440.5156    Pt:3.262397    FAR:0.0         MN:0.0         Ts:0.0         Ps:0.0       
fan        FNoBld2     W:0.0         Tt:440.5156    Pt:3.262397    FAR:0.0         MN:0.0         Ts:0.0         Ps:0.0       
splitter   FNi         W:404.0096    Tt:459.0257    Pt:3.781331    FAR:0.0         MN:0.0         Ts:0.0         Ps:0.0       
splitter   FNo1        W:18.07598    Tt:459.0257    Pt:3.781331    FAR:0.0         MN:0.0         Ts:0.0         Ps:0.0       
splitter   FNo2        W:385.9336    Tt:459.0257    Pt:3.781331    FAR:0.0         MN:0.0         Ts:0.0         Ps:0.0       
duct2      FNi         W:18.07598    Tt:459.0257    Pt:3.781331    FAR:0.0         MN:0.0         Ts:0.0         Ps:0.0       
duct2      FNo         W:18.07598    Tt:459.0257    Pt:3.743518    FAR:0.0         MN:0.0         Ts:0.0         Ps:0.0       
LPC        FNi         W:18.07598    Tt:459.0257    Pt:3.743518    FAR:0.0         MN:0.0         Ts:0.0         Ps:0.0       
LPC        FNideal     W:18.07598    Tt:618.8660    Pt:10.85126    FAR:0.0         MN:0.0         Ts:0.0         Ps:0.0       
LPC        FNo         W:18.07598    Tt:648.3213    Pt:10.85126    FAR:0.0         MN:0.0         Ts:0.0         Ps:0.0       
LPC        FNoBld1     W:1.807598    Tt:591.7515    Pt:4.975422    FAR:0.0         MN:0.0         Ts:0.0         Ps:0.0       
LPC        FNoBld2     W:1.807598    Tt:629.4733    Pt:6.396971    FAR:0.0         MN:0.0         Ts:0.0         Ps:0.0       
duct25     FNi         W:18.07598    Tt:648.3213    Pt:10.85126    FAR:0.0         MN:0.0         Ts:0.0         Ps:0.0       
duct25     FNo         W:18.07598    Tt:648.3213    Pt:10.68849    FAR:0.0         MN:0.0         Ts:0.0         Ps:0.0       
HPC        FNi         W:18.07598    Tt:648.3213    Pt:10.68849    FAR:0.0         MN:0.0         Ts:0.0         Ps:0.0       
HPC        FNideal     W:18.07598    Tt:1216.791    Pt:101.4725    FAR:0.0         MN:0.0         Ts:0.0         Ps:0.0       
HPC        FNo         W:15.33494    Tt:1310.605    Pt:101.4725    FAR:0.0         MN:0.0         Ts:0.0         Ps:0.0       
HPC        FNoBld1     W:1.370521    Tt:898.4608    Pt:33.59010    FAR:0.0         MN:0.0         Ts:0.0         Ps:0.0       
HPC        FNoBld2     W:1.370521    Tt:909.1438    Pt:35.04265    FAR:0.0         MN:0.0         Ts:0.0         Ps:0.0       
burner     FNi         W:15.33494    Tt:1310.605    Pt:101.4725    FAR:0.0         MN:0.0         Ts:0.0         Ps:0.0       
burner     FNo         W:15.59148    Tt:2343.243    Pt:97.41367    FAR:0.016729    MN:0.0         Ts:0.0         Ps:0.0       
HPT        FN41        W:16.96200    Tt:2234.460    Pt:97.41367    FAR:0.015356    MN:0.0         Ts:0.0         Ps:0.0       
HPT        FN42        W:16.96200    Tt:1606.144    Pt:21.79376    FAR:0.015356    MN:0.0         Ts:0.0         Ps:0.0       
HPT        FNi         W:15.59148    Tt:2343.243    Pt:97.41367    FAR:0.016729    MN:0.0         Ts:0.0         Ps:0.0       
HPT        FNiBld1     W:1.370521    Tt:909.1438    Pt:35.04265    FAR:0.0         MN:0.0         Ts:0.0         Ps:0.0       
HPT        FNiBld2     W:1.370521    Tt:898.4608    Pt:33.59010    FAR:0.0         MN:0.0         Ts:0.0         Ps:0.0       
HPT        FNideal     W:16.96200    Tt:1549.541    Pt:21.79376    FAR:0.015356    MN:0.0         Ts:0.0         Ps:0.0       
HPT        FNo         W:18.33253    Tt:1554.011    Pt:21.79376    FAR:0.014192    MN:0.0         Ts:0.0         Ps:0.0       
duct45     FNi         W:18.33253    Tt:1554.011    Pt:21.79376    FAR:0.014192    MN:0.0         Ts:0.0         Ps:0.0       
duct45     FNo         W:18.33253    Tt:1554.011    Pt:21.68479    FAR:0.014192    MN:0.0         Ts:0.0         Ps:0.0       
LPT        FN41        W:18.33253    Tt:1554.011    Pt:21.68479    FAR:0.014192    MN:0.0         Ts:0.0         Ps:0.0       
LPT        FN42        W:18.33253    Tt:1017.209    Pt:3.586783    FAR:0.014192    MN:0.0         Ts:0.0         Ps:0.0       
LPT        FNi         W:18.33253    Tt:1554.011    Pt:21.68479    FAR:0.014192    MN:0.0         Ts:0.0         Ps:0.0       
LPT        FNiBld1     W:0.0         Tt:0.0         Pt:0.0         FAR:0.0         MN:0.0         Ts:0.0         Ps:0.0       
LPT        FNiBld2     W:0.0         Tt:0.0         Pt:0.0         FAR:0.0         MN:0.0         Ts:0.0         Ps:0.0       
LPT        FNideal     W:18.33253    Tt:973.6042    Pt:3.586783    FAR:0.014192    MN:0.0         Ts:0.0         Ps:0.0       
LPT        FNo         W:18.33253    Tt:1017.209    Pt:3.586783    FAR:0.014192    MN:0.0         Ts:0.0         Ps:0.0       
duct5      FNi         W:18.33253    Tt:1017.209    Pt:3.586783    FAR:0.014192    MN:0.0         Ts:0.0         Ps:0.0       
duct5      FNo         W:18.33253    Tt:1017.209    Pt:3.550915    FAR:0.014192    MN:0.0         Ts:0.0         Ps:0.0       
priNozzl   FNi         W:18.33253    Tt:1017.209    Pt:3.550915    FAR:0.014192    MN:0.0         Ts:0.0         Ps:0.0       
priNozzl   FNo         W:18.33253    Tt:1017.209    Pt:3.550915    FAR:0.014192    MN:0.888574    Ts:886.5240    Ps:2.13897   
duct17     FNi         W:385.9336    Tt:459.0257    Pt:3.781331    FAR:0.0         MN:0.0         Ts:0.0         Ps:0.0       
duct17     FNo         W:385.9336    Tt:459.0257    Pt:3.724611    FAR:0.0         MN:0.0         Ts:0.0         Ps:0.0       
fanNozzl   FNi         W:385.9336    Tt:459.0257    Pt:3.724611    FAR:0.0         MN:0.0         Ts:0.0         Ps:0.0       
fanNozzl   FNo         W:385.9336    Tt:459.0257    Pt:3.724611    FAR:0.0         MN:0.923852    Ts:391.4071    Ps:2.13897   

Mech Ports

fan        MP          N:8216.068    hp:-2521.84    I:0.0       
LPC        MP          N:8216.068    hp:-1160.58    I:0.0       
HPC        MP          N:9112.295    hp:-4450.20    I:0.0       
HPT        MP          N:9112.295    hp:4300.166    I:0.0       
LPT        MP          N:8216.068    hp:3682.507    I:0.0       
HPshaft    MPC         N:9112.295    hp:-4450.20    I:0.0       
HPshaft    MPT         N:9112.295    hp:4300.166    I:0.0       
LPshaft    MPfan       N:8216.068    hp:-2521.84    I:0.0       
LPshaft    MPlpc       N:8216.068    hp:-1160.58    I:0.0       
LPshaft    MPlpt       N:8216.068    hp:3682.507    I:0.0       

*******************
Elements***********
*******************

FlightCond  start       W:404.0096  Tt:440.515  Pt:3.26893  Tamb:389.9  Pamb:2.138  
Duct        inlet       dP:0.002    Q:0.0       
Compressor  fan         PR:1.15906  eff:1.0283  Rline:2.0   NcMap:0.83  
Splitter    splitter    BPR:21.350  
Duct        duct2       dP:0.01     Q:0.0       
Compressor  LPC         PR:2.89868  eff:0.8437  Rline:1.35  NcMap:0.84  
Duct        duct25      dP:0.015    Q:0.0       
Compressor  HPC         PR:9.49362  eff:0.8539  Rline:2.01  NcMap:0.93  
Burner      burner      FAR:0.0167  Tout:0.0    Wfuel:0.25  dP:0.04     
Turbine     HPT         PR:4.46979  eff:0.9221  PRmap:3.03  NcMap:0.95  
Duct        duct45      dP:0.005    Q:0.0       
Turbine     LPT         PR:6.04575  eff:0.9273  PRmap:6.15  NcMap:0.86  
Duct        duct5       dP:0.01     Q:0.0       
Nozzle      priNozzle   Fg:734.485  
Duct        duct17      dP:0.015    Q:0.0       
Nozzle      fanNozzle   Fg:10771.6  
Shaft       HPshaft     N:9112.295  HPX:150.0   
Shaft       LPshaft     N:8216.068  HPX:0.0     
Performanc  Perf        alt:45000.  MN:0.8      Fn:1760.72  SFC:0.5245  Fg:11506.1  Fram:9745.  Wfuel:0.25   

****************
Solver**********
****************

Converged:True

******************************************************************************************

time =  0.0

******************
Ports*************
******************

Electric Ports


Fluid Ports

start      FNo         W:375.7730    Tt:440.5156    Pt:3.268935    FAR:0.0         MN:0.8         Ts:389.9704    Ps:2.138978  
inlet      FNi         W:375.7730    Tt:440.5156    Pt:3.268935    FAR:0.0         MN:0.0         Ts:389.9704    Ps:2.138978  
inlet      FNo         W:375.7730    Tt:440.5156    Pt:3.262397    FAR:0.0         MN:0.0         Ts:0.0         Ps:0.0       
fan        FNi         W:375.7730    Tt:440.5156    Pt:3.262397    FAR:0.0         MN:0.0         Ts:0.0         Ps:0.0       
fan        FNideal     W:375.7730    Tt:455.6607    Pt:3.675024    FAR:0.0         MN:0.0         Ts:0.0         Ps:0.0       
fan        FNo         W:375.7730    Tt:455.2778    Pt:3.675024    FAR:0.0         MN:0.0         Ts:0.0         Ps:0.0       
fan        FNoBld1     W:0.0         Tt:440.5156    Pt:3.262397    FAR:0.0         MN:0.0         Ts:0.0         Ps:0.0       
fan        FNoBld2     W:0.0         Tt:440.5156    Pt:3.262397    FAR:0.0         MN:0.0         Ts:0.0         Ps:0.0       
splitter   FNi         W:375.7730    Tt:455.2778    Pt:3.675024    FAR:0.0         MN:0.0         Ts:0.0         Ps:0.0       
splitter   FNo1        W:16.09895    Tt:455.2778    Pt:3.675024    FAR:0.0         MN:0.0         Ts:0.0         Ps:0.0       
splitter   FNo2        W:359.6741    Tt:455.2778    Pt:3.675024    FAR:0.0         MN:0.0         Ts:0.0         Ps:0.0       
duct2      FNi         W:16.09895    Tt:455.2778    Pt:3.675024    FAR:0.0         MN:0.0         Ts:0.0         Ps:0.0       
duct2      FNo         W:16.09895    Tt:455.2778    Pt:3.638274    FAR:0.0         MN:0.0         Ts:0.0         Ps:0.0       
LPC        FNi         W:16.09895    Tt:455.2778    Pt:3.638274    FAR:0.0         MN:0.0         Ts:0.0         Ps:0.0       
LPC        FNideal     W:16.09895    Tt:612.4494    Pt:10.31212    FAR:0.0         MN:0.0         Ts:0.0         Ps:0.0       
LPC        FNo         W:16.09895    Tt:645.7090    Pt:10.31212    FAR:0.0         MN:0.0         Ts:0.0         Ps:0.0       
LPC        FNoBld1     W:1.609895    Tt:588.7992    Pt:4.671698    FAR:0.0         MN:0.0         Ts:0.0         Ps:0.0       
LPC        FNoBld2     W:1.609895    Tt:626.7507    Pt:6.006469    FAR:0.0         MN:0.0         Ts:0.0         Ps:0.0       
duct25     FNi         W:16.09895    Tt:645.7090    Pt:10.31212    FAR:0.0         MN:0.0         Ts:0.0         Ps:0.0       
duct25     FNo         W:16.09895    Tt:645.7090    Pt:10.15744    FAR:0.0         MN:0.0         Ts:0.0         Ps:0.0       
HPC        FNi         W:16.09895    Tt:645.7090    Pt:10.15744    FAR:0.0         MN:0.0         Ts:0.0         Ps:0.0       
HPC        FNideal     W:16.09895    Tt:1172.960    Pt:86.56273    FAR:0.0         MN:0.0         Ts:0.0         Ps:0.0       
HPC        FNo         W:13.65770    Tt:1264.282    Pt:86.56273    FAR:0.0         MN:0.0         Ts:0.0         Ps:0.0       
HPC        FNoBld1     W:1.220622    Tt:878.9066    Pt:28.26995    FAR:0.0         MN:0.0         Ts:0.0         Ps:0.0       
HPC        FNoBld2     W:1.220622    Tt:888.8980    Pt:29.49244    FAR:0.0         MN:0.0         Ts:0.0         Ps:0.0       
burner     FNi         W:13.65770    Tt:1264.282    Pt:86.56273    FAR:0.0         MN:0.0         Ts:0.0         Ps:0.0       
burner     FNo         W:13.85204    Tt:2155.053    Pt:83.10022    FAR:0.014229    MN:0.0         Ts:0.0         Ps:0.0       
HPT        FN41        W:15.07266    Tt:2058.388    Pt:83.10022    FAR:0.013061    MN:0.0         Ts:0.0         Ps:0.0       
HPT        FN42        W:15.07266    Tt:1464.450    Pt:18.51252    FAR:0.013061    MN:0.0         Ts:0.0         Ps:0.0       
HPT        FNi         W:13.85204    Tt:2155.053    Pt:83.10022    FAR:0.014229    MN:0.0         Ts:0.0         Ps:0.0       
HPT        FNiBld1     W:1.220622    Tt:888.8980    Pt:29.49244    FAR:0.0         MN:0.0         Ts:0.0         Ps:0.0       
HPT        FNiBld2     W:1.220622    Tt:878.9066    Pt:28.26995    FAR:0.0         MN:0.0         Ts:0.0         Ps:0.0       
HPT        FNideal     W:15.07266    Tt:1410.682    Pt:18.51252    FAR:0.013061    MN:0.0         Ts:0.0         Ps:0.0       
HPT        FNo         W:16.29329    Tt:1420.890    Pt:18.51252    FAR:0.012071    MN:0.0         Ts:0.0         Ps:0.0       
duct45     FNi         W:16.29329    Tt:1420.890    Pt:18.51252    FAR:0.012071    MN:0.0         Ts:0.0         Ps:0.0       
duct45     FNo         W:16.29329    Tt:1420.890    Pt:18.41996    FAR:0.012071    MN:0.0         Ts:0.0         Ps:0.0       
LPT        FN41        W:16.29329    Tt:1420.890    Pt:18.41996    FAR:0.012071    MN:0.0         Ts:0.0         Ps:0.0       
LPT        FN42        W:16.29329    Tt:935.6122    Pt:3.178844    FAR:0.012071    MN:0.0         Ts:0.0         Ps:0.0       
LPT        FNi         W:16.29329    Tt:1420.890    Pt:18.41996    FAR:0.012071    MN:0.0         Ts:0.0         Ps:0.0       
LPT        FNiBld1     W:0.0         Tt:0.0         Pt:0.0         FAR:0.0         MN:0.0         Ts:0.0         Ps:0.0       
LPT        FNiBld2     W:0.0         Tt:0.0         Pt:0.0         FAR:0.0         MN:0.0         Ts:0.0         Ps:0.0       
LPT        FNideal     W:16.29329    Tt:897.2185    Pt:3.178844    FAR:0.012071    MN:0.0         Ts:0.0         Ps:0.0       
LPT        FNo         W:16.29329    Tt:935.6122    Pt:3.178844    FAR:0.012071    MN:0.0         Ts:0.0         Ps:0.0       
duct5      FNi         W:16.29329    Tt:935.6122    Pt:3.178844    FAR:0.012071    MN:0.0         Ts:0.0         Ps:0.0       
duct5      FNo         W:16.29329    Tt:935.6122    Pt:3.147056    FAR:0.012071    MN:0.0         Ts:0.0         Ps:0.0       
priNozzl   FNi         W:16.29329    Tt:935.6122    Pt:3.147056    FAR:0.012071    MN:0.0         Ts:0.0         Ps:0.0       
priNozzl   FNo         W:16.29329    Tt:935.6122    Pt:3.147056    FAR:0.012071    MN:0.768551    Ts:841.6624    Ps:2.13897   
duct17     FNi         W:359.6741    Tt:455.2778    Pt:3.675024    FAR:0.0         MN:0.0         Ts:0.0         Ps:0.0       
duct17     FNo         W:359.6741    Tt:455.2778    Pt:3.619899    FAR:0.0         MN:0.0         Ts:0.0         Ps:0.0       
fanNozzl   FNi         W:359.6741    Tt:455.2778    Pt:3.619899    FAR:0.0         MN:0.0         Ts:0.0         Ps:0.0       
fanNozzl   FNo         W:359.6741    Tt:455.2778    Pt:3.619899    FAR:0.0         MN:0.896928    Ts:391.5161    Ps:2.13897   

Mech Ports

fan        MP          N:7801.529    hp:-1870.03    I:0.0       
LPC        MP          N:7801.529    hp:-1039.69    I:0.0       
HPC        MP          N:8974.296    hp:-3691.95    I:0.0       
HPT        MP          N:8974.296    hp:3541.933    I:0.0       
LPT        MP          N:7801.529    hp:2909.595    I:0.0       
HPshaft    MPC         N:8974.296    hp:-3691.95    I:0.0       
HPshaft    MPT         N:8974.296    hp:3541.933    I:0.0       
LPshaft    MPfan       N:7801.529    hp:-1870.03    I:0.0       
LPshaft    MPlpc       N:7801.529    hp:-1039.69    I:0.0       
LPshaft    MPlpt       N:7801.529    hp:2909.595    I:0.0       

*******************
Elements***********
*******************

FlightCond  start       W:375.7730  Tt:440.515  Pt:3.26893  Tamb:389.9  Pamb:2.138  
Duct        inlet       dP:0.002    Q:0.0       
Compressor  fan         PR:1.12647  eff:1.0259  Rline:2.0   NcMap:0.78  
Splitter    splitter    BPR:22.341  
Duct        duct2       dP:0.01     Q:0.0       
Compressor  LPC         PR:2.83434  eff:0.8245  Rline:1.23  NcMap:0.80  
Duct        duct25      dP:0.015    Q:0.0       
Compressor  HPC         PR:8.52209  eff:0.8482  Rline:2.03  NcMap:0.92  
Burner      burner      FAR:0.0142  Tout:0.0    Wfuel:0.19  dP:0.04     
Turbine     HPT         PR:4.48886  eff:0.9221  PRmap:3.04  NcMap:0.97  
Duct        duct45      dP:0.005    Q:0.0       
Turbine     LPT         PR:5.79454  eff:0.9287  PRmap:5.89  NcMap:0.86  
Duct        duct5       dP:0.01     Q:0.0       
Nozzle      priNozzle   Fg:550.870  
Duct        duct17      dP:0.015    Q:0.0       
Nozzle      fanNozzle   Fg:9747.55  
Shaft       HPshaft     N:8974.296  HPX:150.0   
Shaft       LPshaft     N:7801.529  HPX:0.0     
Performanc  Perf        alt:45000.  MN:0.8      Fn:1234.09  SFC:0.5669  Fg:10298.4  Fram:9064.  Wfuel:0.19   

****************
Solver**********
****************

Converged:True

******************************************************************************************

time =  0.0

******************
Ports*************
******************

Electric Ports


Fluid Ports

start      FNo         W:354.9082    Tt:440.5156    Pt:3.268935    FAR:0.0         MN:0.8         Ts:389.9704    Ps:2.138978  
inlet      FNi         W:354.9082    Tt:440.5156    Pt:3.268935    FAR:0.0         MN:0.0         Ts:389.9704    Ps:2.138978  
inlet      FNo         W:354.9082    Tt:440.5156    Pt:3.262397    FAR:0.0         MN:0.0         Ts:0.0         Ps:0.0       
fan        FNi         W:354.9082    Tt:440.5156    Pt:3.262397    FAR:0.0         MN:0.0         Ts:0.0         Ps:0.0       
fan        FNideal     W:354.9082    Tt:451.5982    Pt:3.567149    FAR:0.0         MN:0.0         Ts:0.0         Ps:0.0       
fan        FNo         W:354.9082    Tt:451.4095    Pt:3.567149    FAR:0.0         MN:0.0         Ts:0.0         Ps:0.0       
fan        FNoBld1     W:0.0         Tt:440.5156    Pt:3.262397    FAR:0.0         MN:0.0         Ts:0.0         Ps:0.0       
fan        FNoBld2     W:0.0         Tt:440.5156    Pt:3.262397    FAR:0.0         MN:0.0         Ts:0.0         Ps:0.0       
splitter   FNi         W:354.9082    Tt:451.4095    Pt:3.567149    FAR:0.0         MN:0.0         Ts:0.0         Ps:0.0       
splitter   FNo1        W:14.32496    Tt:451.4095    Pt:3.567149    FAR:0.0         MN:0.0         Ts:0.0         Ps:0.0       
splitter   FNo2        W:340.5832    Tt:451.4095    Pt:3.567149    FAR:0.0         MN:0.0         Ts:0.0         Ps:0.0       
duct2      FNi         W:14.32496    Tt:451.4095    Pt:3.567149    FAR:0.0         MN:0.0         Ts:0.0         Ps:0.0       
duct2      FNo         W:14.32496    Tt:451.4095    Pt:3.531478    FAR:0.0         MN:0.0         Ts:0.0         Ps:0.0       
LPC        FNi         W:14.32496    Tt:451.4095    Pt:3.531478    FAR:0.0         MN:0.0         Ts:0.0         Ps:0.0       
LPC        FNideal     W:14.32496    Tt:605.1428    Pt:9.822218    FAR:0.0         MN:0.0         Ts:0.0         Ps:0.0       
LPC        FNo         W:14.32496    Tt:642.5539    Pt:9.822218    FAR:0.0         MN:0.0         Ts:0.0         Ps:0.0       
LPC        FNoBld1     W:1.432496    Tt:585.4298    Pt:4.403518    FAR:0.0         MN:0.0         Ts:0.0         Ps:0.0       
LPC        FNoBld2     W:1.432496    Tt:623.5277    Pt:5.661666    FAR:0.0         MN:0.0         Ts:0.0         Ps:0.0       
duct25     FNi         W:14.32496    Tt:642.5539    Pt:9.822218    FAR:0.0         MN:0.0         Ts:0.0         Ps:0.0       
duct25     FNo         W:14.32496    Tt:642.5539    Pt:9.674885    FAR:0.0         MN:0.0         Ts:0.0         Ps:0.0       
HPC        FNi         W:14.32496    Tt:642.5539    Pt:9.674885    FAR:0.0         MN:0.0         Ts:0.0         Ps:0.0       
HPC        FNideal     W:14.32496    Tt:1130.732    Pt:73.46716    FAR:0.0         MN:0.0         Ts:0.0         Ps:0.0       
HPC        FNo         W:12.15272    Tt:1220.986    Pt:73.46716    FAR:0.0         MN:0.0         Ts:0.0         Ps:0.0       
HPC        FNoBld1     W:1.086118    Tt:860.2825    Pt:23.60314    FAR:0.0         MN:0.0         Ts:0.0         Ps:0.0       
HPC        FNoBld2     W:1.086118    Tt:869.6023    Pt:24.62381    FAR:0.0         MN:0.0         Ts:0.0         Ps:0.0       
burner     FNi         W:12.15272    Tt:1220.986    Pt:73.46716    FAR:0.0         MN:0.0         Ts:0.0         Ps:0.0       
burner     FNo         W:12.29527    Tt:1965.798    Pt:70.52847    FAR:0.011729    MN:0.0         Ts:0.0         Ps:0.0       
HPT        FN41        W:13.38138    Tt:1881.563    Pt:70.52847    FAR:0.010767    MN:0.0         Ts:0.0         Ps:0.0       
HPT        FN42        W:13.38138    Tt:1319.133    Pt:15.63130    FAR:0.010767    MN:0.0         Ts:0.0         Ps:0.0       
HPT        FNi         W:12.29527    Tt:1965.798    Pt:70.52847    FAR:0.011729    MN:0.0         Ts:0.0         Ps:0.0       
HPT        FNiBld1     W:1.086118    Tt:869.6023    Pt:24.62381    FAR:0.0         MN:0.0         Ts:0.0         Ps:0.0       
HPT        FNiBld2     W:1.086118    Tt:860.2825    Pt:23.60314    FAR:0.0         MN:0.0         Ts:0.0         Ps:0.0       
HPT        FNideal     W:13.38138    Tt:1267.429    Pt:15.63130    FAR:0.010767    MN:0.0         Ts:0.0         Ps:0.0       
HPT        FNo         W:14.46750    Tt:1284.592    Pt:15.63130    FAR:0.009950    MN:0.0         Ts:0.0         Ps:0.0       
duct45     FNi         W:14.46750    Tt:1284.592    Pt:15.63130    FAR:0.009950    MN:0.0         Ts:0.0         Ps:0.0       
duct45     FNo         W:14.46750    Tt:1284.592    Pt:15.55314    FAR:0.009950    MN:0.0         Ts:0.0         Ps:0.0       
LPT        FN41        W:14.46750    Tt:1284.592    Pt:15.55314    FAR:0.009950    MN:0.0         Ts:0.0         Ps:0.0       
LPT        FN42        W:14.46750    Tt:858.7388    Pt:2.889140    FAR:0.009950    MN:0.0         Ts:0.0         Ps:0.0       
LPT        FNi         W:14.46750    Tt:1284.592    Pt:15.55314    FAR:0.009950    MN:0.0         Ts:0.0         Ps:0.0       
LPT        FNiBld1     W:0.0         Tt:0.0         Pt:0.0         FAR:0.0         MN:0.0         Ts:0.0         Ps:0.0       
LPT        FNiBld2     W:0.0         Tt:0.0         Pt:0.0         FAR:0.0         MN:0.0         Ts:0.0         Ps:0.0       
LPT        FNideal     W:14.46750    Tt:828.2897    Pt:2.889140    FAR:0.009950    MN:0.0         Ts:0.0         Ps:0.0       
LPT        FNo         W:14.46750    Tt:858.7388    Pt:2.889140    FAR:0.009950    MN:0.0         Ts:0.0         Ps:0.0       
duct5      FNi         W:14.46750    Tt:858.7388    Pt:2.889140    FAR:0.009950    MN:0.0         Ts:0.0         Ps:0.0       
duct5      FNo         W:14.46750    Tt:858.7388    Pt:2.860249    FAR:0.009950    MN:0.0         Ts:0.0         Ps:0.0       
priNozzl   FNi         W:14.46750    Tt:858.7388    Pt:2.860249    FAR:0.009950    MN:0.0         Ts:0.0         Ps:0.0       
priNozzl   FNo         W:14.46750    Tt:858.7388    Pt:2.860249    FAR:0.009950    MN:0.661250    Ts:792.4867    Ps:2.13897   
duct17     FNi         W:340.5832    Tt:451.4095    Pt:3.567149    FAR:0.0         MN:0.0         Ts:0.0         Ps:0.0       
duct17     FNo         W:340.5832    Tt:451.4095    Pt:3.513642    FAR:0.0         MN:0.0         Ts:0.0         Ps:0.0       
fanNozzl   FNi         W:340.5832    Tt:451.4095    Pt:3.513642    FAR:0.0         MN:0.0         Ts:0.0         Ps:0.0       
fanNozzl   FNo         W:340.5832    Tt:451.4095    Pt:3.513642    FAR:0.0         MN:0.867961    Ts:391.6668    Ps:2.13897   

Mech Ports

fan        MP          N:7428.917    hp:-1302.61    I:0.0       
LPC        MP          N:7428.917    hp:-928.444    I:0.0       
HPC        MP          N:8837.236    hp:-3064.32    I:0.0       
HPT        MP          N:8837.236    hp:2914.323    I:0.0       
LPT        MP          N:7428.917    hp:2231.159    I:0.0       
HPshaft    MPC         N:8837.236    hp:-3064.32    I:0.0       
HPshaft    MPT         N:8837.236    hp:2914.323    I:0.0       
LPshaft    MPfan       N:7428.917    hp:-1302.61    I:0.0       
LPshaft    MPlpc       N:7428.917    hp:-928.444    I:0.0       
LPshaft    MPlpt       N:7428.917    hp:2231.159    I:0.0       

*******************
Elements***********
*******************

FlightCond  start       W:354.9082  Tt:440.515  Pt:3.26893  Tamb:389.9  Pamb:2.138  
Duct        inlet       dP:0.002    Q:0.0       
Compressor  fan         PR:1.09341  eff:1.0173  Rline:2.0   NcMap:0.75  
Splitter    splitter    BPR:23.775  
Duct        duct2       dP:0.01     Q:0.0       
Compressor  LPC         PR:2.78133  eff:0.8033  Rline:1.12  NcMap:0.77  
Duct        duct25      dP:0.015    Q:0.0       
Compressor  HPC         PR:7.59359  eff:0.8399  Rline:2.09  NcMap:0.91  
Burner      burner      FAR:0.0117  Tout:0.0    Wfuel:0.14  dP:0.04     
Turbine     HPT         PR:4.51200  eff:0.9212  PRmap:3.05  NcMap:1.00  
Duct        duct45      dP:0.005    Q:0.0       
Turbine     LPT         PR:5.38331  eff:0.9348  PRmap:5.47  NcMap:0.86  
Duct        duct5       dP:0.01     Q:0.0       
Nozzle      priNozzle   Fg:408.922  
Duct        duct17      dP:0.015    Q:0.0       
Nozzle      fanNozzle   Fg:8933.78  
Shaft       HPshaft     N:8837.236  HPX:150.0   
Shaft       LPshaft     N:7428.917  HPX:0.0     
Performanc  Perf        alt:45000.  MN:0.8      Fn:781.668  SFC:0.6564  Fg:9342.70  Fram:8561.  Wfuel:0.14   

****************
Solver**********
****************

Converged:True

******************************************************************************************

time =  0.0

******************
Ports*************
******************

Electric Ports


Fluid Ports

start      FNo         W:464.0998    Tt:434.3978    Pt:3.109156    FAR:0.0         MN:0.75        Ts:389.9699    Ps:2.138968  
inlet      FNi         W:464.0998    Tt:434.3978    Pt:3.109156    FAR:0.0         MN:0.0         Ts:389.9699    Ps:2.138968  
inlet      FNo         W:464.0998    Tt:434.3978    Pt:3.102938    FAR:0.0         MN:0.0         Ts:0.0         Ps:0.0       
fan        FNi         W:464.0998    Tt:434.3978    Pt:3.102938    FAR:0.0         MN:0.0         Ts:0.0         Ps:0.0       
fan        FNideal     W:464.0998    Tt:468.3505    Pt:4.033819    FAR:0.0         MN:0.0         Ts:0.0         Ps:0.0       
fan        FNo         W:464.0998    Tt:469.4391    Pt:4.033819    FAR:0.0         MN:0.0         Ts:0.0         Ps:0.0       
fan        FNoBld1     W:0.0         Tt:434.3978    Pt:3.102938    FAR:0.0         MN:0.0         Ts:0.0         Ps:0.0       
fan        FNoBld2     W:0.0         Tt:434.3978    Pt:3.102938    FAR:0.0         MN:0.0         Ts:0.0         Ps:0.0       
splitter   FNi         W:464.0998    Tt:469.4391    Pt:4.033819    FAR:0.0         MN:0.0         Ts:0.0         Ps:0.0       
splitter   FNo1        W:25.79209    Tt:469.4391    Pt:4.033819    FAR:0.0         MN:0.0         Ts:0.0         Ps:0.0       
splitter   FNo2        W:438.3077    Tt:469.4391    Pt:4.033819    FAR:0.0         MN:0.0         Ts:0.0         Ps:0.0       
duct2      FNi         W:25.79209    Tt:469.4391    Pt:4.033819    FAR:0.0         MN:0.0         Ts:0.0         Ps:0.0       
duct2      FNo         W:25.79209    Tt:469.4391    Pt:3.993480    FAR:0.0         MN:0.0         Ts:0.0         Ps:0.0       
LPC        FNi         W:25.79209    Tt:469.4391    Pt:3.993480    FAR:0.0         MN:0.0         Ts:0.0         Ps:0.0       
LPC        FNideal     W:25.79209    Tt:634.9561    Pt:11.99602    FAR:0.0         MN:0.0         Ts:0.0         Ps:0.0       
LPC        FNo         W:25.79209    Tt:655.3993    Pt:11.99602    FAR:0.0         MN:0.0         Ts:0.0         Ps:0.0       
LPC        FNoBld1     W:2.579209    Tt:599.8408    Pt:5.601779    FAR:0.0         MN:0.0         Ts:0.0         Ps:0.0       
LPC        FNoBld2     W:2.579209    Tt:636.8921    Pt:7.202288    FAR:0.0         MN:0.0         Ts:0.0         Ps:0.0       
duct25     FNi         W:25.79209    Tt:655.3993    Pt:11.99602    FAR:0.0         MN:0.0         Ts:0.0         Ps:0.0       
duct25     FNo         W:25.79209    Tt:655.3993    Pt:11.81608    FAR:0.0         MN:0.0         Ts:0.0         Ps:0.0       
HPC        FNi         W:25.79209    Tt:655.3993    Pt:11.81608    FAR:0.0         MN:0.0         Ts:0.0         Ps:0.0       
HPC        FNideal     W:25.79209    Tt:1369.207    Pt:165.5459    FAR:0.0         MN:0.0         Ts:0.0         Ps:0.0       
HPC        FNo         W:21.88097    Tt:1491.751    Pt:165.5459    FAR:0.0         MN:0.0         Ts:0.0         Ps:0.0       
HPC        FNoBld1     W:1.955556    Tt:973.5615    Pt:56.88003    FAR:0.0         MN:0.0         Ts:0.0         Ps:0.0       
HPC        FNoBld2     W:1.955556    Tt:987.1225    Pt:59.33971    FAR:0.0         MN:0.0         Ts:0.0         Ps:0.0       
burner     FNi         W:21.88097    Tt:1491.751    Pt:165.5459    FAR:0.0         MN:0.0         Ts:0.0         Ps:0.0       
burner     FNo         W:22.45135    Tt:3022.530    Pt:158.9240    FAR:0.026067    MN:0.0         Ts:0.0         Ps:0.0       
HPT        FN41        W:24.40691    Tt:2872.081    Pt:158.9240    FAR:0.023928    MN:0.0         Ts:0.0         Ps:0.0       
HPT        FN42        W:24.40691    Tt:2114.158    Pt:35.95363    FAR:0.023928    MN:0.0         Ts:0.0         Ps:0.0       
HPT        FNi         W:22.45135    Tt:3022.530    Pt:158.9240    FAR:0.026067    MN:0.0         Ts:0.0         Ps:0.0       
HPT        FNiBld1     W:1.955556    Tt:987.1225    Pt:59.33971    FAR:0.0         MN:0.0         Ts:0.0         Ps:0.0       
HPT        FNiBld2     W:1.955556    Tt:973.5615    Pt:56.88003    FAR:0.0         MN:0.0         Ts:0.0         Ps:0.0       
HPT        FNideal     W:24.40691    Tt:2046.312    Pt:35.95363    FAR:0.023928    MN:0.0         Ts:0.0         Ps:0.0       
HPT        FNo         W:26.36246    Tt:2031.483    Pt:35.95363    FAR:0.022114    MN:0.0         Ts:0.0         Ps:0.0       
duct45     FNi         W:26.36246    Tt:2031.483    Pt:35.95363    FAR:0.022114    MN:0.0         Ts:0.0         Ps:0.0       
duct45     FNo         W:26.36246    Tt:2031.483    Pt:35.77386    FAR:0.022114    MN:0.0         Ts:0.0         Ps:0.0       
LPT        FN41        W:26.36246    Tt:2031.483    Pt:35.77386    FAR:0.022114    MN:0.0         Ts:0.0         Ps:0.0       
LPT        FN42        W:26.36246    Tt:1354.372    Pt:5.926105    FAR:0.022114    MN:0.0         Ts:0.0         Ps:0.0       
LPT        FNi         W:26.36246    Tt:2031.483    Pt:35.77386    FAR:0.022114    MN:0.0         Ts:0.0         Ps:0.0       
LPT        FNiBld1     W:0.0         Tt:0.0         Pt:0.0         FAR:0.0         MN:0.0         Ts:0.0         Ps:0.0       
LPT        FNiBld2     W:0.0         Tt:0.0         Pt:0.0         FAR:0.0         MN:0.0         Ts:0.0         Ps:0.0       
LPT        FNideal     W:26.36246    Tt:1308.807    Pt:5.926105    FAR:0.022114    MN:0.0         Ts:0.0         Ps:0.0       
LPT        FNo         W:26.36246    Tt:1354.372    Pt:5.926105    FAR:0.022114    MN:0.0         Ts:0.0         Ps:0.0       
duct5      FNi         W:26.36246    Tt:1354.372    Pt:5.926105    FAR:0.022114    MN:0.0         Ts:0.0         Ps:0.0       
duct5      FNo         W:26.36246    Tt:1354.372    Pt:5.866844    FAR:0.022114    MN:0.0         Ts:0.0         Ps:0.0       
priNozzl   FNi         W:26.36246    Tt:1354.372    Pt:5.866844    FAR:0.022114    MN:0.0         Ts:0.0         Ps:0.0       
priNozzl   FNo         W:26.36246    Tt:1354.372    Pt:5.866844    FAR:0.022114    MN:1.0         Ts:1152.451    Ps:3.142601  
duct17     FNi         W:438.3077    Tt:469.4391    Pt:4.033819    FAR:0.0         MN:0.0         Ts:0.0         Ps:0.0       
duct17     FNo         W:438.3077    Tt:469.4391    Pt:3.973311    FAR:0.0         MN:0.0         Ts:0.0         Ps:0.0       
fanNozzl   FNi         W:438.3077    Tt:469.4391    Pt:3.973311    FAR:0.0         MN:0.0         Ts:0.0         Ps:0.0       
fanNozzl   FNo         W:438.3077    Tt:469.4391    Pt:3.973311    FAR:0.0         MN:0.982928    Ts:392.6794    Ps:2.13897   

Mech Ports

fan        MP          N:9809.189    hp:-5485.10    I:0.0       
LPC        MP          N:9809.189    hp:-1627.66    I:0.0       
HPC        MP          N:9744.419    hp:-8106.18    I:0.0       
HPT        MP          N:9744.419    hp:7955.990    I:0.0       
LPT        MP          N:9809.189    hp:7113.026    I:0.0       
HPshaft    MPC         N:9744.419    hp:-8106.18    I:0.0       
HPshaft    MPT         N:9744.419    hp:7955.990    I:0.0       
LPshaft    MPfan       N:9809.189    hp:-5485.10    I:0.0       
LPshaft    MPlpc       N:9809.189    hp:-1627.66    I:0.0       
LPshaft    MPlpt       N:9809.189    hp:7113.026    I:0.0       

*******************
Elements***********
*******************

FlightCond  start       W:464.0998  Tt:434.397  Pt:3.10915  Tamb:389.9  Pamb:2.138  
Duct        inlet       dP:0.002    Q:0.0       
Compressor  fan         PR:1.29999  eff:0.9689  Rline:2.0   NcMap:0.99  
Splitter    splitter    BPR:16.993  
Duct        duct2       dP:0.01     Q:0.0       
Compressor  LPC         PR:3.00390  eff:0.8895  Rline:1.99  NcMap:1.00  
Duct        duct25      dP:0.015    Q:0.0       
Compressor  HPC         PR:14.0102  eff:0.8473  Rline:1.98  NcMap:0.99  
Burner      burner      FAR:0.0260  Tout:0.0    Wfuel:0.57  dP:0.04     
Turbine     HPT         PR:4.42025  eff:0.9222  PRmap:3.00  NcMap:0.89  
Duct        duct45      dP:0.005    Q:0.0       
Turbine     LPT         PR:6.03665  eff:0.9395  PRmap:6.14  NcMap:0.90  
Duct        duct5       dP:0.01     Q:0.0       
Nozzle      priNozzle   Fg:1661.80  
Duct        duct17      dP:0.015    Q:0.0       
Nozzle      fanNozzle   Fg:13036.7  
Shaft       HPshaft     N:9744.419  HPX:150.0   
Shaft       LPshaft     N:9809.189  HPX:0.0     
Performanc  Perf        alt:45000.  MN:0.75     Fn:4203.23  SFC:0.4885  Fg:14698.5  Fram:10495  Wfuel:0.57   

****************
Solver**********
****************

Converged:True

******************************************************************************************

time =  0.0

******************
Ports*************
******************

Electric Ports


Fluid Ports

start      FNo         W:450.8883    Tt:434.3978    Pt:3.109156    FAR:0.0         MN:0.75        Ts:389.9699    Ps:2.138968  
inlet      FNi         W:450.8883    Tt:434.3978    Pt:3.109156    FAR:0.0         MN:0.0         Ts:389.9699    Ps:2.138968  
inlet      FNo         W:450.8883    Tt:434.3978    Pt:3.102938    FAR:0.0         MN:0.0         Ts:0.0         Ps:0.0       
fan        FNi         W:450.8883    Tt:434.3978    Pt:3.102938    FAR:0.0         MN:0.0         Ts:0.0         Ps:0.0       
fan        FNideal     W:450.8883    Tt:464.1809    Pt:3.912132    FAR:0.0         MN:0.0         Ts:0.0         Ps:0.0       
fan        FNo         W:450.8883    Tt:464.1994    Pt:3.912132    FAR:0.0         MN:0.0         Ts:0.0         Ps:0.0       
fan        FNoBld1     W:0.0         Tt:434.3978    Pt:3.102938    FAR:0.0         MN:0.0         Ts:0.0         Ps:0.0       
fan        FNoBld2     W:0.0         Tt:434.3978    Pt:3.102938    FAR:0.0         MN:0.0         Ts:0.0         Ps:0.0       
splitter   FNi         W:450.8883    Tt:464.1994    Pt:3.912132    FAR:0.0         MN:0.0         Ts:0.0         Ps:0.0       
splitter   FNo1        W:23.41061    Tt:464.1994    Pt:3.912132    FAR:0.0         MN:0.0         Ts:0.0         Ps:0.0       
splitter   FNo2        W:427.4777    Tt:464.1994    Pt:3.912132    FAR:0.0         MN:0.0         Ts:0.0         Ps:0.0       
duct2      FNi         W:23.41061    Tt:464.1994    Pt:3.912132    FAR:0.0         MN:0.0         Ts:0.0         Ps:0.0       
duct2      FNo         W:23.41061    Tt:464.1994    Pt:3.873010    FAR:0.0         MN:0.0         Ts:0.0         Ps:0.0       
LPC        FNi         W:23.41061    Tt:464.1994    Pt:3.873010    FAR:0.0         MN:0.0         Ts:0.0         Ps:0.0       
LPC        FNideal     W:23.41061    Tt:629.3384    Pt:11.64986    FAR:0.0         MN:0.0         Ts:0.0         Ps:0.0       
LPC        FNo         W:23.41061    Tt:649.9318    Pt:11.64986    FAR:0.0         MN:0.0         Ts:0.0         Ps:0.0       
LPC        FNoBld1     W:2.341061    Tt:594.4257    Pt:5.443798    FAR:0.0         MN:0.0         Ts:0.0         Ps:0.0       
LPC        FNoBld2     W:2.341061    Tt:631.4355    Pt:6.999169    FAR:0.0         MN:0.0         Ts:0.0         Ps:0.0       
duct25     FNi         W:23.41061    Tt:649.9318    Pt:11.64986    FAR:0.0         MN:0.0         Ts:0.0         Ps:0.0       
duct25     FNo         W:23.41061    Tt:649.9318    Pt:11.47511    FAR:0.0         MN:0.0         Ts:0.0         Ps:0.0       
HPC        FNi         W:23.41061    Tt:649.9318    Pt:11.47511    FAR:0.0         MN:0.0         Ts:0.0         Ps:0.0       
HPC        FNideal     W:23.41061    Tt:1321.768    Pt:145.2488    FAR:0.0         MN:0.0         Ts:0.0         Ps:0.0       
HPC        FNo         W:19.86062    Tt:1433.175    Pt:145.2488    FAR:0.0         MN:0.0         Ts:0.0         Ps:0.0       
HPC        FNoBld1     W:1.774992    Tt:947.2224    Pt:49.49628    FAR:0.0         MN:0.0         Ts:0.0         Ps:0.0       
HPC        FNoBld2     W:1.774992    Tt:959.8892    Pt:51.63666    FAR:0.0         MN:0.0         Ts:0.0         Ps:0.0       
burner     FNi         W:19.86062    Tt:1433.175    Pt:145.2488    FAR:0.0         MN:0.0         Ts:0.0         Ps:0.0       
burner     FNo         W:20.32868    Tt:2836.963    Pt:139.4389    FAR:0.023567    MN:0.0         Ts:0.0         Ps:0.0       
HPT        FN41        W:22.10368    Tt:2697.254    Pt:139.4389    FAR:0.021633    MN:0.0         Ts:0.0         Ps:0.0       
HPT        FN42        W:22.10368    Tt:1978.937    Pt:31.47514    FAR:0.021633    MN:0.0         Ts:0.0         Ps:0.0       
HPT        FNi         W:20.32868    Tt:2836.963    Pt:139.4389    FAR:0.023567    MN:0.0         Ts:0.0         Ps:0.0       
HPT        FNiBld1     W:1.774992    Tt:959.8892    Pt:51.63666    FAR:0.0         MN:0.0         Ts:0.0         Ps:0.0       
HPT        FNiBld2     W:1.774992    Tt:947.2224    Pt:49.49628    FAR:0.0         MN:0.0         Ts:0.0         Ps:0.0       
HPT        FNideal     W:22.10368    Tt:1914.846    Pt:31.47514    FAR:0.021633    MN:0.0         Ts:0.0         Ps:0.0       
HPT        FNo         W:23.87867    Tt:1903.892    Pt:31.47514    FAR:0.019993    MN:0.0         Ts:0.0         Ps:0.0       
duct45     FNi         W:23.87867    Tt:1903.892    Pt:31.47514    FAR:0.019993    MN:0.0         Ts:0.0         Ps:0.0       
duct45     FNo         W:23.87867    Tt:1903.892    Pt:31.31776    FAR:0.019993    MN:0.0         Ts:0.0         Ps:0.0       
LPT        FN41        W:23.87867    Tt:1903.892    Pt:31.31776    FAR:0.019993    MN:0.0         Ts:0.0         Ps:0.0       
LPT        FN42        W:23.87867    Tt:1262.366    Pt:5.172612    FAR:0.019993    MN:0.0         Ts:0.0         Ps:0.0       
LPT        FNi         W:23.87867    Tt:1903.892    Pt:31.31776    FAR:0.019993    MN:0.0         Ts:0.0         Ps:0.0       
LPT        FNiBld1     W:0.0         Tt:0.0         Pt:0.0         FAR:0.0         MN:0.0         Ts:0.0         Ps:0.0       
LPT        FNiBld2     W:0.0         Tt:0.0         Pt:0.0         FAR:0.0         MN:0.0         Ts:0.0         Ps:0.0       
LPT        FNideal     W:23.87867    Tt:1215.357    Pt:5.172612    FAR:0.019993    MN:0.0         Ts:0.0         Ps:0.0       
LPT        FNo         W:23.87867    Tt:1262.366    Pt:5.172612    FAR:0.019993    MN:0.0         Ts:0.0         Ps:0.0       
duct5      FNi         W:23.87867    Tt:1262.366    Pt:5.172612    FAR:0.019993    MN:0.0         Ts:0.0         Ps:0.0       
duct5      FNo         W:23.87867    Tt:1262.366    Pt:5.120886    FAR:0.019993    MN:0.0         Ts:0.0         Ps:0.0       
priNozzl   FNi         W:23.87867    Tt:1262.366    Pt:5.120886    FAR:0.019993    MN:0.0         Ts:0.0         Ps:0.0       
priNozzl   FNo         W:23.87867    Tt:1262.366    Pt:5.120886    FAR:0.019993    MN:1.0         Ts:1071.060    Ps:2.736222  
duct17     FNi         W:427.4777    Tt:464.1994    Pt:3.912132    FAR:0.0         MN:0.0         Ts:0.0         Ps:0.0       
duct17     FNo         W:427.4777    Tt:464.1994    Pt:3.853450    FAR:0.0         MN:0.0         Ts:0.0         Ps:0.0       
fanNozzl   FNi         W:427.4777    Tt:464.1994    Pt:3.853450    FAR:0.0         MN:0.0         Ts:0.0         Ps:0.0       
fanNozzl   FNo         W:427.4777    Tt:464.1994    Pt:3.853450    FAR:0.0         MN:0.955286    Ts:391.8368    Ps:2.13897   

Mech Ports

fan        MP          N:9324.635    hp:-4531.20    I:0.0       
LPC        MP          N:9324.635    hp:-1475.04    I:0.0       
HPC        MP          N:9519.068    hp:-6865.07    I:0.0       
HPT        MP          N:9519.068    hp:6714.965    I:0.0       
LPT        MP          N:9324.635    hp:6006.278    I:0.0       
HPshaft    MPC         N:9519.068    hp:-6865.07    I:0.0       
HPshaft    MPT         N:9519.068    hp:6714.965    I:0.0       
LPshaft    MPfan       N:9324.635    hp:-4531.20    I:0.0       
LPshaft    MPlpc       N:9324.635    hp:-1475.04    I:0.0       
LPshaft    MPlpt       N:9324.635    hp:6006.278    I:0.0       

*******************
Elements***********
*******************

FlightCond  start       W:450.8883  Tt:434.397  Pt:3.10915  Tamb:389.9  Pamb:2.138  
Duct        inlet       dP:0.002    Q:0.0       
Compressor  fan         PR:1.26078  eff:0.9993  Rline:2.0   NcMap:0.95  
Splitter    splitter    BPR:18.259  
Duct        duct2       dP:0.01     Q:0.0       
Compressor  LPC         PR:3.00796  eff:0.8886  Rline:1.79  NcMap:0.95  
Duct        duct25      dP:0.015    Q:0.0       
Compressor  HPC         PR:12.6577  eff:0.8522  Rline:1.93  NcMap:0.97  
Burner      burner      FAR:0.0235  Tout:0.0    Wfuel:0.46  dP:0.04     
Turbine     HPT         PR:4.43012  eff:0.9224  PRmap:3.00  NcMap:0.90  
Duct        duct45      dP:0.005    Q:0.0       
Turbine     LPT         PR:6.05453  eff:0.9345  PRmap:6.16  NcMap:0.88  
Duct        duct5       dP:0.01     Q:0.0       
Nozzle      priNozzle   Fg:1365.77  
Duct        duct17      dP:0.015    Q:0.0       
Nozzle      fanNozzle   Fg:12343.8  
Shaft       HPshaft     N:9519.068  HPX:150.0   
Shaft       LPshaft     N:9324.635  HPX:0.0     
Performanc  Perf        alt:45000.  MN:0.75     Fn:3513.12  SFC:0.4796  Fg:13709.6  Fram:10196  Wfuel:0.46   

****************
Solver**********
****************

Converged:True

******************************************************************************************

time =  0.0

******************
Ports*************
******************

Electric Ports


Fluid Ports

start      FNo         W:434.5706    Tt:434.3978    Pt:3.109156    FAR:0.0         MN:0.75        Ts:389.9699    Ps:2.138968  
inlet      FNi         W:434.5706    Tt:434.3978    Pt:3.109156    FAR:0.0         MN:0.0         Ts:389.9699    Ps:2.138968  
inlet      FNo         W:434.5706    Tt:434.3978    Pt:3.102938    FAR:0.0         MN:0.0         Ts:0.0         Ps:0.0       
fan        FNi         W:434.5706    Tt:434.3978    Pt:3.102938    FAR:0.0         MN:0.0         Ts:0.0         Ps:0.0       
fan        FNideal     W:434.5706    Tt:460.3523    Pt:3.803669    FAR:0.0         MN:0.0         Ts:0.0         Ps:0.0       
fan        FNo         W:434.5706    Tt:459.8740    Pt:3.803669    FAR:0.0         MN:0.0         Ts:0.0         Ps:0.0       
fan        FNoBld1     W:0.0         Tt:434.3978    Pt:3.102938    FAR:0.0         MN:0.0         Ts:0.0         Ps:0.0       
fan        FNoBld2     W:0.0         Tt:434.3978    Pt:3.102938    FAR:0.0         MN:0.0         Ts:0.0         Ps:0.0       
splitter   FNi         W:434.5706    Tt:459.8740    Pt:3.803669    FAR:0.0         MN:0.0         Ts:0.0         Ps:0.0       
splitter   FNo1        W:21.49042    Tt:459.8740    Pt:3.803669    FAR:0.0         MN:0.0         Ts:0.0         Ps:0.0       
splitter   FNo2        W:413.0802    Tt:459.8740    Pt:3.803669    FAR:0.0         MN:0.0         Ts:0.0         Ps:0.0       
duct2      FNi         W:21.49042    Tt:459.8740    Pt:3.803669    FAR:0.0         MN:0.0         Ts:0.0         Ps:0.0       
duct2      FNo         W:21.49042    Tt:459.8740    Pt:3.765632    FAR:0.0         MN:0.0         Ts:0.0         Ps:0.0       
LPC        FNi         W:21.49042    Tt:459.8740    Pt:3.765632    FAR:0.0         MN:0.0         Ts:0.0         Ps:0.0       
LPC        FNideal     W:21.49042    Tt:622.4729    Pt:11.14126    FAR:0.0         MN:0.0         Ts:0.0         Ps:0.0       
LPC        FNo         W:21.49042    Tt:644.3477    Pt:11.14126    FAR:0.0         MN:0.0         Ts:0.0         Ps:0.0       
LPC        FNoBld1     W:2.149042    Tt:589.2143    Pt:5.162940    FAR:0.0         MN:0.0         Ts:0.0         Ps:0.0       
LPC        FNoBld2     W:2.149042    Tt:625.9811    Pt:6.638066    FAR:0.0         MN:0.0         Ts:0.0         Ps:0.0       
duct25     FNi         W:21.49042    Tt:644.3477    Pt:11.14126    FAR:0.0         MN:0.0         Ts:0.0         Ps:0.0       
duct25     FNo         W:21.49042    Tt:644.3477    Pt:10.97414    FAR:0.0         MN:0.0         Ts:0.0         Ps:0.0       
HPC        FNi         W:21.49042    Tt:644.3477    Pt:10.97414    FAR:0.0         MN:0.0         Ts:0.0         Ps:0.0       
HPC        FNideal     W:21.49042    Tt:1276.505    Pt:128.7141    FAR:0.0         MN:0.0         Ts:0.0         Ps:0.0       
HPC        FNo         W:18.23161    Tt:1379.813    Pt:128.7141    FAR:0.0         MN:0.0         Ts:0.0         Ps:0.0       
HPC        FNoBld1     W:1.629404    Tt:922.9051    Pt:43.56379    FAR:0.0         MN:0.0         Ts:0.0         Ps:0.0       
HPC        FNoBld2     W:1.629404    Tt:934.8054    Pt:45.44763    FAR:0.0         MN:0.0         Ts:0.0         Ps:0.0       
burner     FNi         W:18.23161    Tt:1379.813    Pt:128.7141    FAR:0.0         MN:0.0         Ts:0.0         Ps:0.0       
burner     FNo         W:18.61570    Tt:2652.224    Pt:123.5655    FAR:0.021067    MN:0.0         Ts:0.0         Ps:0.0       
HPT        FN41        W:20.24511    Tt:2523.491    Pt:123.5655    FAR:0.019338    MN:0.0         Ts:0.0         Ps:0.0       
HPT        FN42        W:20.24511    Tt:1840.734    Pt:27.81282    FAR:0.019338    MN:0.0         Ts:0.0         Ps:0.0       
HPT        FNi         W:18.61570    Tt:2652.224    Pt:123.5655    FAR:0.021067    MN:0.0         Ts:0.0         Ps:0.0       
HPT        FNiBld1     W:1.629404    Tt:934.8054    Pt:45.44763    FAR:0.0         MN:0.0         Ts:0.0         Ps:0.0       
HPT        FNiBld2     W:1.629404    Tt:922.9051    Pt:43.56379    FAR:0.0         MN:0.0         Ts:0.0         Ps:0.0       
HPT        FNideal     W:20.24511    Tt:1779.649    Pt:27.81282    FAR:0.019338    MN:0.0         Ts:0.0         Ps:0.0       
HPT        FNo         W:21.87451    Tt:1773.764    Pt:27.81282    FAR:0.017872    MN:0.0         Ts:0.0         Ps:0.0       
duct45     FNi         W:21.87451    Tt:1773.764    Pt:27.81282    FAR:0.017872    MN:0.0         Ts:0.0         Ps:0.0       
duct45     FNo         W:21.87451    Tt:1773.764    Pt:27.67376    FAR:0.017872    MN:0.0         Ts:0.0         Ps:0.0       
LPT        FN41        W:21.87451    Tt:1773.764    Pt:27.67376    FAR:0.017872    MN:0.0         Ts:0.0         Ps:0.0       
LPT        FN42        W:21.87451    Tt:1171.720    Pt:4.556203    FAR:0.017872    MN:0.0         Ts:0.0         Ps:0.0       
LPT        FNi         W:21.87451    Tt:1773.764    Pt:27.67376    FAR:0.017872    MN:0.0         Ts:0.0         Ps:0.0       
LPT        FNiBld1     W:0.0         Tt:0.0         Pt:0.0         FAR:0.0         MN:0.0         Ts:0.0         Ps:0.0       
LPT        FNiBld2     W:0.0         Tt:0.0         Pt:0.0         FAR:0.0         MN:0.0         Ts:0.0         Ps:0.0       
LPT        FNideal     W:21.87451    Tt:1125.388    Pt:4.556203    FAR:0.017872    MN:0.0         Ts:0.0         Ps:0.0       
LPT        FNo         W:21.87451    Tt:1171.720    Pt:4.556203    FAR:0.017872    MN:0.0         Ts:0.0         Ps:0.0       
duct5      FNi         W:21.87451    Tt:1171.720    Pt:4.556203    FAR:0.017872    MN:0.0         Ts:0.0         Ps:0.0       
duct5      FNo         W:21.87451    Tt:1171.720    Pt:4.510641    FAR:0.017872    MN:0.0         Ts:0.0         Ps:0.0       
priNozzl   FNi         W:21.87451    Tt:1171.720    Pt:4.510641    FAR:0.017872    MN:0.0         Ts:0.0         Ps:0.0       
priNozzl   FNo         W:21.87451    Tt:1171.720    Pt:4.510641    FAR:0.017872    MN:1.0         Ts:991.4068    Ps:2.406609  
duct17     FNi         W:413.0802    Tt:459.8740    Pt:3.803669    FAR:0.0         MN:0.0         Ts:0.0         Ps:0.0       
duct17     FNo         W:413.0802    Tt:459.8740    Pt:3.746614    FAR:0.0         MN:0.0         Ts:0.0         Ps:0.0       
fanNozzl   FNi         W:413.0802    Tt:459.8740    Pt:3.746614    FAR:0.0         MN:0.0         Ts:0.0         Ps:0.0       
fanNozzl   FNo         W:413.0802    Tt:459.8740    Pt:3.746614    FAR:0.0         MN:0.929337    Ts:391.4457    Ps:2.13897   

Mech Ports

fan        MP          N:8909.779    hp:-3732.50    I:0.0       
LPC        MP          N:8909.779    hp:-1344.56    I:0.0       
HPC        MP          N:9372.804    hp:-5897.66    I:0.0       
HPT        MP          N:9372.804    hp:5747.202    I:0.0       
LPT        MP          N:8909.779    hp:5076.977    I:0.0       
HPshaft    MPC         N:9372.804    hp:-5897.66    I:0.0       
HPshaft    MPT         N:9372.804    hp:5747.202    I:0.0       
LPshaft    MPfan       N:8909.779    hp:-3732.50    I:0.0       
LPshaft    MPlpc       N:8909.779    hp:-1344.56    I:0.0       
LPshaft    MPlpt       N:8909.779    hp:5076.977    I:0.0       

*******************
Elements***********
*******************

FlightCond  start       W:434.5706  Tt:434.397  Pt:3.10915  Tamb:389.9  Pamb:2.138  
Duct        inlet       dP:0.002    Q:0.0       
Compressor  fan         PR:1.22582  eff:1.0188  Rline:2.0   NcMap:0.90  
Splitter    splitter    BPR:19.221  
Duct        duct2       dP:0.01     Q:0.0       
Compressor  LPC         PR:2.95866  eff:0.8808  Rline:1.68  NcMap:0.91  
Duct        duct25      dP:0.015    Q:0.0       
Compressor  HPC         PR:11.7288  eff:0.8545  Rline:1.97  NcMap:0.96  
Burner      burner      FAR:0.0210  Tout:0.0    Wfuel:0.38  dP:0.04     
Turbine     HPT         PR:4.44275  eff:0.9223  PRmap:3.01  NcMap:0.92  
Duct        duct45      dP:0.005    Q:0.0       
Turbine     LPT         PR:6.07386  eff:0.9313  PRmap:6.18  NcMap:0.88  
Duct        duct5       dP:0.01     Q:0.0       
Nozzle      priNozzle   Fg:1124.37  
Duct        duct17      dP:0.015    Q:0.0       
Nozzle      fanNozzle   Fg:11598.3  
Shaft       HPshaft     N:9372.804  HPX:150.0   
Shaft       LPshaft     N:8909.779  HPX:0.0     
Performanc  Perf        alt:45000.  MN:0.75     Fn:2895.24  SFC:0.4775  Fg:12722.7  Fram:9827.  Wfuel:0.38   

****************
Solver**********
****************

Converged:True

******************************************************************************************

time =  0.0

******************
Ports*************
******************

Electric Ports


Fluid Ports

start      FNo         W:413.8971    Tt:434.3978    Pt:3.109156    FAR:0.0         MN:0.75        Ts:389.9699    Ps:2.138968  
inlet      FNi         W:413.8971    Tt:434.3978    Pt:3.109156    FAR:0.0         MN:0.0         Ts:389.9699    Ps:2.138968  
inlet      FNo         W:413.8971    Tt:434.3978    Pt:3.102938    FAR:0.0         MN:0.0         Ts:0.0         Ps:0.0       
fan        FNi         W:413.8971    Tt:434.3978    Pt:3.102938    FAR:0.0         MN:0.0         Ts:0.0         Ps:0.0       
fan        FNideal     W:413.8971    Tt:456.7282    Pt:3.703854    FAR:0.0         MN:0.0         Ts:0.0         Ps:0.0       
fan        FNo         W:413.8971    Tt:456.1692    Pt:3.703854    FAR:0.0         MN:0.0         Ts:0.0         Ps:0.0       
fan        FNoBld1     W:0.0         Tt:434.3978    Pt:3.102938    FAR:0.0         MN:0.0         Ts:0.0         Ps:0.0       
fan        FNoBld2     W:0.0         Tt:434.3978    Pt:3.102938    FAR:0.0         MN:0.0         Ts:0.0         Ps:0.0       
splitter   FNi         W:413.8971    Tt:456.1692    Pt:3.703854    FAR:0.0         MN:0.0         Ts:0.0         Ps:0.0       
splitter   FNo1        W:19.67676    Tt:456.1692    Pt:3.703854    FAR:0.0         MN:0.0         Ts:0.0         Ps:0.0       
splitter   FNo2        W:394.2203    Tt:456.1692    Pt:3.703854    FAR:0.0         MN:0.0         Ts:0.0         Ps:0.0       
duct2      FNi         W:19.67676    Tt:456.1692    Pt:3.703854    FAR:0.0         MN:0.0         Ts:0.0         Ps:0.0       
duct2      FNo         W:19.67676    Tt:456.1692    Pt:3.666816    FAR:0.0         MN:0.0         Ts:0.0         Ps:0.0       
LPC        FNi         W:19.67676    Tt:456.1692    Pt:3.666816    FAR:0.0         MN:0.0         Ts:0.0         Ps:0.0       
LPC        FNideal     W:19.67676    Tt:617.4068    Pt:10.73583    FAR:0.0         MN:0.0         Ts:0.0         Ps:0.0       
LPC        FNo         W:19.67676    Tt:641.3795    Pt:10.73583    FAR:0.0         MN:0.0         Ts:0.0         Ps:0.0       
LPC        FNoBld1     W:1.967676    Tt:586.0250    Pt:4.948314    FAR:0.0         MN:0.0         Ts:0.0         Ps:0.0       
LPC        FNoBld2     W:1.967676    Tt:622.9425    Pt:6.362119    FAR:0.0         MN:0.0         Ts:0.0         Ps:0.0       
duct25     FNi         W:19.67676    Tt:641.3795    Pt:10.73583    FAR:0.0         MN:0.0         Ts:0.0         Ps:0.0       
duct25     FNo         W:19.67676    Tt:641.3795    Pt:10.57479    FAR:0.0         MN:0.0         Ts:0.0         Ps:0.0       
HPC        FNi         W:19.67676    Tt:641.3795    Pt:10.57479    FAR:0.0         MN:0.0         Ts:0.0         Ps:0.0       
HPC        FNideal     W:19.67676    Tt:1238.822    Pt:113.5847    FAR:0.0         MN:0.0         Ts:0.0         Ps:0.0       
HPC        FNo         W:16.69298    Tt:1335.371    Pt:113.5847    FAR:0.0         MN:0.0         Ts:0.0         Ps:0.0       
HPC        FNoBld1     W:1.491892    Tt:903.7918    Pt:38.11369    FAR:0.0         MN:0.0         Ts:0.0         Ps:0.0       
HPC        FNoBld2     W:1.491892    Tt:914.9909    Pt:39.76185    FAR:0.0         MN:0.0         Ts:0.0         Ps:0.0       
burner     FNi         W:16.69298    Tt:1335.371    Pt:113.5847    FAR:0.0         MN:0.0         Ts:0.0         Ps:0.0       
burner     FNo         W:17.00292    Tt:2471.487    Pt:109.0413    FAR:0.018567    MN:0.0         Ts:0.0         Ps:0.0       
HPT        FN41        W:18.49481    Tt:2354.055    Pt:109.0413    FAR:0.017043    MN:0.0         Ts:0.0         Ps:0.0       
HPT        FN42        W:18.49481    Tt:1701.525    Pt:24.45443    FAR:0.017043    MN:0.0         Ts:0.0         Ps:0.0       
HPT        FNi         W:17.00292    Tt:2471.487    Pt:109.0413    FAR:0.018567    MN:0.0         Ts:0.0         Ps:0.0       
HPT        FNiBld1     W:1.491892    Tt:914.9909    Pt:39.76185    FAR:0.0         MN:0.0         Ts:0.0         Ps:0.0       
HPT        FNiBld2     W:1.491892    Tt:903.7918    Pt:38.11369    FAR:0.0         MN:0.0         Ts:0.0         Ps:0.0       
HPT        FNideal     W:18.49481    Tt:1642.900    Pt:24.45443    FAR:0.017043    MN:0.0         Ts:0.0         Ps:0.0       
HPT        FNo         W:19.98670    Tt:1643.041    Pt:24.45443    FAR:0.015751    MN:0.0         Ts:0.0         Ps:0.0       
duct45     FNi         W:19.98670    Tt:1643.041    Pt:24.45443    FAR:0.015751    MN:0.0         Ts:0.0         Ps:0.0       
duct45     FNo         W:19.98670    Tt:1643.041    Pt:24.33216    FAR:0.015751    MN:0.0         Ts:0.0         Ps:0.0       
LPT        FN41        W:19.98670    Tt:1643.041    Pt:24.33216    FAR:0.015751    MN:0.0         Ts:0.0         Ps:0.0       
LPT        FN42        W:19.98670    Tt:1078.575    Pt:3.987490    FAR:0.015751    MN:0.0         Ts:0.0         Ps:0.0       
LPT        FNi         W:19.98670    Tt:1643.041    Pt:24.33216    FAR:0.015751    MN:0.0         Ts:0.0         Ps:0.0       
LPT        FNiBld1     W:0.0         Tt:0.0         Pt:0.0         FAR:0.0         MN:0.0         Ts:0.0         Ps:0.0       
LPT        FNiBld2     W:0.0         Tt:0.0         Pt:0.0         FAR:0.0         MN:0.0         Ts:0.0         Ps:0.0       
LPT        FNideal     W:19.98670    Tt:1034.701    Pt:3.987490    FAR:0.015751    MN:0.0         Ts:0.0         Ps:0.0       
LPT        FNo         W:19.98670    Tt:1078.575    Pt:3.987490    FAR:0.015751    MN:0.0         Ts:0.0         Ps:0.0       
duct5      FNi         W:19.98670    Tt:1078.575    Pt:3.987490    FAR:0.015751    MN:0.0         Ts:0.0         Ps:0.0       
duct5      FNo         W:19.98670    Tt:1078.575    Pt:3.947615    FAR:0.015751    MN:0.0         Ts:0.0         Ps:0.0       
priNozzl   FNi         W:19.98670    Tt:1078.575    Pt:3.947615    FAR:0.015751    MN:0.0         Ts:0.0         Ps:0.0       
priNozzl   FNo         W:19.98670    Tt:1078.575    Pt:3.947615    FAR:0.015751    MN:0.984936    Ts:914.4308    Ps:2.13897   
duct17     FNi         W:394.2203    Tt:456.1692    Pt:3.703854    FAR:0.0         MN:0.0         Ts:0.0         Ps:0.0       
duct17     FNo         W:394.2203    Tt:456.1692    Pt:3.648297    FAR:0.0         MN:0.0         Ts:0.0         Ps:0.0       
fanNozzl   FNi         W:394.2203    Tt:456.1692    Pt:3.648297    FAR:0.0         MN:0.0         Ts:0.0         Ps:0.0       
fanNozzl   FNo         W:394.2203    Tt:456.1692    Pt:3.648297    FAR:0.0         MN:0.904279    Ts:391.3822    Ps:2.13897   

Mech Ports

fan        MP          N:8560.368    hp:-3037.15    I:0.0       
LPC        MP          N:8560.368    hp:-1235.81    I:0.0       
HPC        MP          N:9237.447    hp:-5081.74    I:0.0       
HPT        MP          N:9237.447    hp:4931.682    I:0.0       
LPT        MP          N:8560.368    hp:4273.060    I:0.0       
HPshaft    MPC         N:9237.447    hp:-5081.74    I:0.0       
HPshaft    MPT         N:9237.447    hp:4931.682    I:0.0       
LPshaft    MPfan       N:8560.368    hp:-3037.15    I:0.0       
LPshaft    MPlpc       N:8560.368    hp:-1235.81    I:0.0       
LPshaft    MPlpt       N:8560.368    hp:4273.060    I:0.0       

*******************
Elements***********
*******************

FlightCond  start       W:413.8971  Tt:434.397  Pt:3.10915  Tamb:389.9  Pamb:2.138  
Duct        inlet       dP:0.002    Q:0.0       
Compressor  fan         PR:1.19366  eff:1.0257  Rline:2.0   NcMap:0.87  
Splitter    splitter    BPR:20.034  
Duct        duct2       dP:0.01     Q:0.0       
Compressor  LPC         PR:2.92783  eff:0.8699  Rline:1.55  NcMap:0.88  
Duct        duct25      dP:0.015    Q:0.0       
Compressor  HPC         PR:10.7410  eff:0.8562  Rline:2.02  NcMap:0.95  
Burner      burner      FAR:0.0185  Tout:0.0    Wfuel:0.30  dP:0.04     
Turbine     HPT         PR:4.45896  eff:0.9222  PRmap:3.02  NcMap:0.94  
Duct        duct45      dP:0.005    Q:0.0       
Turbine     LPT         PR:6.10212  eff:0.9304  PRmap:6.20  NcMap:0.87  
Duct        duct5       dP:0.01     Q:0.0       
Nozzle      priNozzle   Fg:900.645  
Duct        duct17      dP:0.015    Q:0.0       
Nozzle      fanNozzle   Fg:10769.5  
Shaft       HPshaft     N:9237.447  HPX:150.0   
Shaft       LPshaft     N:8560.368  HPX:0.0     
Performanc  Perf        alt:45000.  MN:0.75     Fn:2310.17  SFC:0.4829  Fg:11670.1  Fram:9360.  Wfuel:0.30   

****************
Solver**********
****************

Converged:True

******************************************************************************************

time =  0.0

******************
Ports*************
******************

Electric Ports


Fluid Ports

start      FNo         W:384.3989    Tt:434.3978    Pt:3.109156    FAR:0.0         MN:0.75        Ts:389.9699    Ps:2.138968  
inlet      FNi         W:384.3989    Tt:434.3978    Pt:3.109156    FAR:0.0         MN:0.0         Ts:389.9699    Ps:2.138968  
inlet      FNo         W:384.3989    Tt:434.3978    Pt:3.102938    FAR:0.0         MN:0.0         Ts:0.0         Ps:0.0       
fan        FNi         W:384.3989    Tt:434.3978    Pt:3.102938    FAR:0.0         MN:0.0         Ts:0.0         Ps:0.0       
fan        FNideal     W:384.3989    Tt:452.3870    Pt:3.587830    FAR:0.0         MN:0.0         Ts:0.0         Ps:0.0       
fan        FNo         W:384.3989    Tt:451.8928    Pt:3.587830    FAR:0.0         MN:0.0         Ts:0.0         Ps:0.0       
fan        FNoBld1     W:0.0         Tt:434.3978    Pt:3.102938    FAR:0.0         MN:0.0         Ts:0.0         Ps:0.0       
fan        FNoBld2     W:0.0         Tt:434.3978    Pt:3.102938    FAR:0.0         MN:0.0         Ts:0.0         Ps:0.0       
splitter   FNi         W:384.3989    Tt:451.8928    Pt:3.587830    FAR:0.0         MN:0.0         Ts:0.0         Ps:0.0       
splitter   FNo1        W:16.94964    Tt:451.8928    Pt:3.587830    FAR:0.0         MN:0.0         Ts:0.0         Ps:0.0       
splitter   FNo2        W:367.4492    Tt:451.8928    Pt:3.587830    FAR:0.0         MN:0.0         Ts:0.0         Ps:0.0       
duct2      FNi         W:16.94964    Tt:451.8928    Pt:3.587830    FAR:0.0         MN:0.0         Ts:0.0         Ps:0.0       
duct2      FNo         W:16.94964    Tt:451.8928    Pt:3.551952    FAR:0.0         MN:0.0         Ts:0.0         Ps:0.0       
LPC        FNi         W:16.94964    Tt:451.8928    Pt:3.551952    FAR:0.0         MN:0.0         Ts:0.0         Ps:0.0       
LPC        FNideal     W:16.94964    Tt:612.2244    Pt:10.30560    FAR:0.0         MN:0.0         Ts:0.0         Ps:0.0       
LPC        FNo         W:16.94964    Tt:643.5301    Pt:10.30560    FAR:0.0         MN:0.0         Ts:0.0         Ps:0.0       
LPC        FNoBld1     W:1.694964    Tt:586.2594    Pt:4.727558    FAR:0.0         MN:0.0         Ts:0.0         Ps:0.0       
LPC        FNoBld2     W:1.694964    Tt:624.4541    Pt:6.078289    FAR:0.0         MN:0.0         Ts:0.0         Ps:0.0       
duct25     FNi         W:16.94964    Tt:643.5301    Pt:10.30560    FAR:0.0         MN:0.0         Ts:0.0         Ps:0.0       
duct25     FNo         W:16.94964    Tt:643.5301    Pt:10.15102    FAR:0.0         MN:0.0         Ts:0.0         Ps:0.0       
HPC        FNi         W:16.94964    Tt:643.5301    Pt:10.15102    FAR:0.0         MN:0.0         Ts:0.0         Ps:0.0       
HPC        FNideal     W:16.94964    Tt:1195.168    Pt:93.91071    FAR:0.0         MN:0.0         Ts:0.0         Ps:0.0       
HPC        FNo         W:14.37940    Tt:1287.320    Pt:93.91071    FAR:0.0         MN:0.0         Ts:0.0         Ps:0.0       
HPC        FNoBld1     W:1.285122    Tt:886.4696    Pt:30.99108    FAR:0.0         MN:0.0         Ts:0.0         Ps:0.0       
HPC        FNoBld2     W:1.285122    Tt:896.8805    Pt:32.33124    FAR:0.0         MN:0.0         Ts:0.0         Ps:0.0       
burner     FNi         W:14.37940    Tt:1287.320    Pt:93.91071    FAR:0.0         MN:0.0         Ts:0.0         Ps:0.0       
burner     FNo         W:14.61043    Tt:2284.296    Pt:90.15428    FAR:0.016067    MN:0.0         Ts:0.0         Ps:0.0       
HPT        FN41        W:15.89556    Tt:2178.850    Pt:90.15428    FAR:0.014748    MN:0.0         Ts:0.0         Ps:0.0       
HPT        FN42        W:15.89556    Tt:1567.342    Pt:20.18089    FAR:0.014748    MN:0.0         Ts:0.0         Ps:0.0       
HPT        FNi         W:14.61043    Tt:2284.296    Pt:90.15428    FAR:0.016067    MN:0.0         Ts:0.0         Ps:0.0       
HPT        FNiBld1     W:1.285122    Tt:896.8805    Pt:32.33124    FAR:0.0         MN:0.0         Ts:0.0         Ps:0.0       
HPT        FNiBld2     W:1.285122    Tt:886.4696    Pt:30.99108    FAR:0.0         MN:0.0         Ts:0.0         Ps:0.0       
HPT        FNideal     W:15.89556    Tt:1512.161    Pt:20.18089    FAR:0.014748    MN:0.0         Ts:0.0         Ps:0.0       
HPT        FNo         W:17.18068    Tt:1517.135    Pt:20.18089    FAR:0.013630    MN:0.0         Ts:0.0         Ps:0.0       
duct45     FNi         W:17.18068    Tt:1517.135    Pt:20.18089    FAR:0.013630    MN:0.0         Ts:0.0         Ps:0.0       
duct45     FNo         W:17.18068    Tt:1517.135    Pt:20.07998    FAR:0.013630    MN:0.0         Ts:0.0         Ps:0.0       
LPT        FN41        W:17.18068    Tt:1517.135    Pt:20.07998    FAR:0.013630    MN:0.0         Ts:0.0         Ps:0.0       
LPT        FN42        W:17.18068    Tt:990.8594    Pt:3.372165    FAR:0.013630    MN:0.0         Ts:0.0         Ps:0.0       
LPT        FNi         W:17.18068    Tt:1517.135    Pt:20.07998    FAR:0.013630    MN:0.0         Ts:0.0         Ps:0.0       
LPT        FNiBld1     W:0.0         Tt:0.0         Pt:0.0         FAR:0.0         MN:0.0         Ts:0.0         Ps:0.0       
LPT        FNiBld2     W:0.0         Tt:0.0         Pt:0.0         FAR:0.0         MN:0.0         Ts:0.0         Ps:0.0       
LPT        FNideal     W:17.18068    Tt:949.0185    Pt:3.372165    FAR:0.013630    MN:0.0         Ts:0.0         Ps:0.0       
LPT        FNo         W:17.18068    Tt:990.8594    Pt:3.372165    FAR:0.013630    MN:0.0         Ts:0.0         Ps:0.0       
duct5      FNi         W:17.18068    Tt:990.8594    Pt:3.372165    FAR:0.013630    MN:0.0         Ts:0.0         Ps:0.0       
duct5      FNo         W:17.18068    Tt:990.8594    Pt:3.338443    FAR:0.013630    MN:0.0         Ts:0.0         Ps:0.0       
priNozzl   FNi         W:17.18068    Tt:990.8594    Pt:3.338443    FAR:0.013630    MN:0.0         Ts:0.0         Ps:0.0       
priNozzl   FNo         W:17.18068    Tt:990.8594    Pt:3.338443    FAR:0.013630    MN:0.828403    Ts:877.9857    Ps:2.13897   
duct17     FNi         W:367.4492    Tt:451.8928    Pt:3.587830    FAR:0.0         MN:0.0         Ts:0.0         Ps:0.0       
duct17     FNo         W:367.4492    Tt:451.8928    Pt:3.534012    FAR:0.0         MN:0.0         Ts:0.0         Ps:0.0       
fanNozzl   FNi         W:367.4492    Tt:451.8928    Pt:3.534012    FAR:0.0         MN:0.0         Ts:0.0         Ps:0.0       
fanNozzl   FNo         W:367.4492    Tt:451.8928    Pt:3.534012    FAR:0.0         MN:0.873446    Ts:391.4299    Ps:2.13897   

Mech Ports

fan        MP          N:8121.964    hp:-2265.61    I:0.0       
LPC        MP          N:8121.964    hp:-1101.42    I:0.0       
HPC        MP          N:9048.412    hp:-4050.23    I:0.0       
HPT        MP          N:9048.412    hp:3900.342    I:0.0       
LPT        MP          N:8121.964    hp:3367.159    I:0.0       
HPshaft    MPC         N:9048.412    hp:-4050.23    I:0.0       
HPshaft    MPT         N:9048.412    hp:3900.342    I:0.0       
LPshaft    MPfan       N:8121.964    hp:-2265.61    I:0.0       
LPshaft    MPlpc       N:8121.964    hp:-1101.42    I:0.0       
LPshaft    MPlpt       N:8121.964    hp:3367.159    I:0.0       

*******************
Elements***********
*******************

FlightCond  start       W:384.3989  Tt:434.397  Pt:3.10915  Tamb:389.9  Pamb:2.138  
Duct        inlet       dP:0.002    Q:0.0       
Compressor  fan         PR:1.15626  eff:1.0283  Rline:2.0   NcMap:0.82  
Splitter    splitter    BPR:21.678  
Duct        duct2       dP:0.01     Q:0.0       
Compressor  LPC         PR:2.90139  eff:0.8358  Rline:1.30  NcMap:0.84  
Duct        duct25      dP:0.015    Q:0.0       
Compressor  HPC         PR:9.25135  eff:0.8525  Rline:2.01  NcMap:0.93  
Burner      burner      FAR:0.0160  Tout:0.0    Wfuel:0.23  dP:0.04     
Turbine     HPT         PR:4.46730  eff:0.9221  PRmap:3.03  NcMap:0.95  
Duct        duct45      dP:0.005    Q:0.0       
Turbine     LPT         PR:5.95462  eff:0.9286  PRmap:6.05  NcMap:0.86  
Duct        duct5       dP:0.01     Q:0.0       
Nozzle      priNozzle   Fg:638.814  
Duct        duct17      dP:0.015    Q:0.0       
Nozzle      fanNozzle   Fg:9696.49  
Shaft       HPshaft     N:9048.412  HPX:150.0   
Shaft       LPshaft     N:8121.964  HPX:0.0     
Performanc  Perf        alt:45000.  MN:0.75     Fn:1642.38  SFC:0.5064  Fg:10335.3  Fram:8692.  Wfuel:0.23   

****************
Solver**********
****************

Converged:True

******************************************************************************************

time =  0.0

******************
Ports*************
******************

Electric Ports


Fluid Ports

start      FNo         W:358.2880    Tt:434.3978    Pt:3.109156    FAR:0.0         MN:0.75        Ts:389.9699    Ps:2.138968  
inlet      FNi         W:358.2880    Tt:434.3978    Pt:3.109156    FAR:0.0         MN:0.0         Ts:389.9699    Ps:2.138968  
inlet      FNo         W:358.2880    Tt:434.3978    Pt:3.102938    FAR:0.0         MN:0.0         Ts:0.0         Ps:0.0       
fan        FNi         W:358.2880    Tt:434.3978    Pt:3.102938    FAR:0.0         MN:0.0         Ts:0.0         Ps:0.0       
fan        FNideal     W:358.2880    Tt:448.6588    Pt:3.487073    FAR:0.0         MN:0.0         Ts:0.0         Ps:0.0       
fan        FNo         W:358.2880    Tt:448.3072    Pt:3.487073    FAR:0.0         MN:0.0         Ts:0.0         Ps:0.0       
fan        FNoBld1     W:0.0         Tt:434.3978    Pt:3.102938    FAR:0.0         MN:0.0         Ts:0.0         Ps:0.0       
fan        FNoBld2     W:0.0         Tt:434.3978    Pt:3.102938    FAR:0.0         MN:0.0         Ts:0.0         Ps:0.0       
splitter   FNi         W:358.2880    Tt:448.3072    Pt:3.487073    FAR:0.0         MN:0.0         Ts:0.0         Ps:0.0       
splitter   FNo1        W:15.42356    Tt:448.3072    Pt:3.487073    FAR:0.0         MN:0.0         Ts:0.0         Ps:0.0       
splitter   FNo2        W:342.8644    Tt:448.3072    Pt:3.487073    FAR:0.0         MN:0.0         Ts:0.0         Ps:0.0       
duct2      FNi         W:15.42356    Tt:448.3072    Pt:3.487073    FAR:0.0         MN:0.0         Ts:0.0         Ps:0.0       
duct2      FNo         W:15.42356    Tt:448.3072    Pt:3.452203    FAR:0.0         MN:0.0         Ts:0.0         Ps:0.0       
LPC        FNi         W:15.42356    Tt:448.3072    Pt:3.452203    FAR:0.0         MN:0.0         Ts:0.0         Ps:0.0       
LPC        FNideal     W:15.42356    Tt:603.6744    Pt:9.755818    FAR:0.0         MN:0.0         Ts:0.0         Ps:0.0       
LPC        FNo         W:15.42356    Tt:635.9713    Pt:9.755818    FAR:0.0         MN:0.0         Ts:0.0         Ps:0.0       
LPC        FNoBld1     W:1.542356    Tt:579.8833    Pt:4.412530    FAR:0.0         MN:0.0         Ts:0.0         Ps:0.0       
LPC        FNoBld2     W:1.542356    Tt:617.2962    Pt:5.673253    FAR:0.0         MN:0.0         Ts:0.0         Ps:0.0       
duct25     FNi         W:15.42356    Tt:635.9713    Pt:9.755818    FAR:0.0         MN:0.0         Ts:0.0         Ps:0.0       
duct25     FNo         W:15.42356    Tt:635.9713    Pt:9.609481    FAR:0.0         MN:0.0         Ts:0.0         Ps:0.0       
HPC        FNi         W:15.42356    Tt:635.9713    Pt:9.609481    FAR:0.0         MN:0.0         Ts:0.0         Ps:0.0       
HPC        FNideal     W:15.42356    Tt:1154.872    Pt:81.80940    FAR:0.0         MN:0.0         Ts:0.0         Ps:0.0       
HPC        FNo         W:13.08473    Tt:1245.276    Pt:81.80940    FAR:0.0         MN:0.0         Ts:0.0         Ps:0.0       
HPC        FNoBld1     W:1.169414    Tt:865.5506    Pt:26.71397    FAR:0.0         MN:0.0         Ts:0.0         Ps:0.0       
HPC        FNoBld2     W:1.169414    Tt:875.3774    Pt:27.86917    FAR:0.0         MN:0.0         Ts:0.0         Ps:0.0       
burner     FNi         W:13.08473    Tt:1245.276    Pt:81.80940    FAR:0.0         MN:0.0         Ts:0.0         Ps:0.0       
burner     FNo         W:13.26225    Tt:2098.711    Pt:78.53703    FAR:0.013567    MN:0.0         Ts:0.0         Ps:0.0       
HPT        FN41        W:14.43167    Tt:2005.099    Pt:78.53703    FAR:0.012454    MN:0.0         Ts:0.0         Ps:0.0       
HPT        FN42        W:14.43167    Tt:1418.413    Pt:17.45770    FAR:0.012454    MN:0.0         Ts:0.0         Ps:0.0       
HPT        FNi         W:13.26225    Tt:2098.711    Pt:78.53703    FAR:0.013567    MN:0.0         Ts:0.0         Ps:0.0       
HPT        FNiBld1     W:1.169414    Tt:875.3774    Pt:27.86917    FAR:0.0         MN:0.0         Ts:0.0         Ps:0.0       
HPT        FNiBld2     W:1.169414    Tt:865.5506    Pt:26.71397    FAR:0.0         MN:0.0         Ts:0.0         Ps:0.0       
HPT        FNideal     W:14.43167    Tt:1365.263    Pt:17.45770    FAR:0.012454    MN:0.0         Ts:0.0         Ps:0.0       
HPT        FNo         W:15.60108    Tt:1377.295    Pt:17.45770    FAR:0.011509    MN:0.0         Ts:0.0         Ps:0.0       
duct45     FNi         W:15.60108    Tt:1377.295    Pt:17.45770    FAR:0.011509    MN:0.0         Ts:0.0         Ps:0.0       
duct45     FNo         W:15.60108    Tt:1377.295    Pt:17.37041    FAR:0.011509    MN:0.0         Ts:0.0         Ps:0.0       
LPT        FN41        W:15.60108    Tt:1377.295    Pt:17.37041    FAR:0.011509    MN:0.0         Ts:0.0         Ps:0.0       
LPT        FN42        W:15.60108    Tt:911.6895    Pt:3.067830    FAR:0.011509    MN:0.0         Ts:0.0         Ps:0.0       
LPT        FNi         W:15.60108    Tt:1377.295    Pt:17.37041    FAR:0.011509    MN:0.0         Ts:0.0         Ps:0.0       
LPT        FNiBld1     W:0.0         Tt:0.0         Pt:0.0         FAR:0.0         MN:0.0         Ts:0.0         Ps:0.0       
LPT        FNiBld2     W:0.0         Tt:0.0         Pt:0.0         FAR:0.0         MN:0.0         Ts:0.0         Ps:0.0       
LPT        FNideal     W:15.60108    Tt:876.6364    Pt:3.067830    FAR:0.011509    MN:0.0         Ts:0.0         Ps:0.0       
LPT        FNo         W:15.60108    Tt:911.6895    Pt:3.067830    FAR:0.011509    MN:0.0         Ts:0.0         Ps:0.0       
duct5      FNi         W:15.60108    Tt:911.6895    Pt:3.067830    FAR:0.011509    MN:0.0         Ts:0.0         Ps:0.0       
duct5      FNo         W:15.60108    Tt:911.6895    Pt:3.037151    FAR:0.011509    MN:0.0         Ts:0.0         Ps:0.0       
priNozzl   FNi         W:15.60108    Tt:911.6895    Pt:3.037151    FAR:0.011509    MN:0.0         Ts:0.0         Ps:0.0       
priNozzl   FNo         W:15.60108    Tt:911.6895    Pt:3.037151    FAR:0.011509    MN:0.729391    Ts:828.1343    Ps:2.13897   
duct17     FNi         W:342.8644    Tt:448.3072    Pt:3.487073    FAR:0.0         MN:0.0         Ts:0.0         Ps:0.0       
duct17     FNo         W:342.8644    Tt:448.3072    Pt:3.434767    FAR:0.0         MN:0.0         Ts:0.0         Ps:0.0       
fanNozzl   FNi         W:342.8644    Tt:448.3072    Pt:3.434767    FAR:0.0         MN:0.0         Ts:0.0         Ps:0.0       
fanNozzl   FNo         W:342.8644    Tt:448.3072    Pt:3.434767    FAR:0.0         MN:0.846416    Ts:391.5111    Ps:2.13897   

Mech Ports

fan        MP          N:7717.154    hp:-1678.44    I:0.0       
LPC        MP          N:7717.154    hp:-981.197    I:0.0       
HPC        MP          N:8914.453    hp:-3478.81    I:0.0       
HPT        MP          N:8914.453    hp:3328.840    I:0.0       
LPT        MP          N:7717.154    hp:2659.701    I:0.0       
HPshaft    MPC         N:8914.453    hp:-3478.81    I:0.0       
HPshaft    MPT         N:8914.453    hp:3328.840    I:0.0       
LPshaft    MPfan       N:7717.154    hp:-1678.44    I:0.0       
LPshaft    MPlpc       N:7717.154    hp:-981.197    I:0.0       
LPshaft    MPlpt       N:7717.154    hp:2659.701    I:0.0       

*******************
Elements***********
*******************

FlightCond  start       W:358.2880  Tt:434.397  Pt:3.10915  Tamb:389.9  Pamb:2.138  
Duct        inlet       dP:0.002    Q:0.0       
Compressor  fan         PR:1.12379  eff:1.0252  Rline:2.0   NcMap:0.78  
Splitter    splitter    BPR:22.229  
Duct        duct2       dP:0.01     Q:0.0       
Compressor  LPC         PR:2.82596  eff:0.8270  Rline:1.25  NcMap:0.80  
Duct        duct25      dP:0.015    Q:0.0       
Compressor  HPC         PR:8.51340  eff:0.8475  Rline:2.05  NcMap:0.92  
Burner      burner      FAR:0.0135  Tout:0.0    Wfuel:0.17  dP:0.04     
Turbine     HPT         PR:4.49870  eff:0.9221  PRmap:3.04  NcMap:0.98  
Duct        duct45      dP:0.005    Q:0.0       
Turbine     LPT         PR:5.66211  eff:0.9318  PRmap:5.76  NcMap:0.86  
Duct        duct5       dP:0.01     Q:0.0       
Nozzle      priNozzle   Fg:496.736  
Duct        duct17      dP:0.015    Q:0.0       
Nozzle      fanNozzle   Fg:8768.64  
Shaft       HPshaft     N:8914.453  HPX:150.0   
Shaft       LPshaft     N:7717.154  HPX:0.0     
Performanc  Perf        alt:45000.  MN:0.75     Fn:1162.94  SFC:0.5495  Fg:9265.38  Fram:8102.  Wfuel:0.17   

****************
Solver**********
****************

Converged:True

******************************************************************************************

time =  0.0

******************
Ports*************
******************

Electric Ports


Fluid Ports

start      FNo         W:336.0382    Tt:434.3978    Pt:3.109156    FAR:0.0         MN:0.75        Ts:389.9699    Ps:2.138968  
inlet      FNi         W:336.0382    Tt:434.3978    Pt:3.109156    FAR:0.0         MN:0.0         Ts:389.9699    Ps:2.138968  
inlet      FNo         W:336.0382    Tt:434.3978    Pt:3.102938    FAR:0.0         MN:0.0         Ts:0.0         Ps:0.0       
fan        FNi         W:336.0382    Tt:434.3978    Pt:3.102938    FAR:0.0         MN:0.0         Ts:0.0         Ps:0.0       
fan        FNideal     W:336.0382    Tt:444.4434    Pt:3.369018    FAR:0.0         MN:0.0         Ts:0.0         Ps:0.0       
fan        FNo         W:336.0382    Tt:444.2966    Pt:3.369018    FAR:0.0         MN:0.0         Ts:0.0         Ps:0.0       
fan        FNoBld1     W:0.0         Tt:434.3978    Pt:3.102938    FAR:0.0         MN:0.0         Ts:0.0         Ps:0.0       
fan        FNoBld2     W:0.0         Tt:434.3978    Pt:3.102938    FAR:0.0         MN:0.0         Ts:0.0         Ps:0.0       
splitter   FNi         W:336.0382    Tt:444.2966    Pt:3.369018    FAR:0.0         MN:0.0         Ts:0.0         Ps:0.0       
splitter   FNo1        W:13.40064    Tt:444.2966    Pt:3.369018    FAR:0.0         MN:0.0         Ts:0.0         Ps:0.0       
splitter   FNo2        W:322.6376    Tt:444.2966    Pt:3.369018    FAR:0.0         MN:0.0         Ts:0.0         Ps:0.0       
duct2      FNi         W:13.40064    Tt:444.2966    Pt:3.369018    FAR:0.0         MN:0.0         Ts:0.0         Ps:0.0       
duct2      FNo         W:13.40064    Tt:444.2966    Pt:3.335328    FAR:0.0         MN:0.0         Ts:0.0         Ps:0.0       
LPC        FNi         W:13.40064    Tt:444.2966    Pt:3.335328    FAR:0.0         MN:0.0         Ts:0.0         Ps:0.0       
LPC        FNideal     W:13.40064    Tt:594.7290    Pt:9.239170    FAR:0.0         MN:0.0         Ts:0.0         Ps:0.0       
LPC        FNo         W:13.40064    Tt:632.1793    Pt:9.239170    FAR:0.0         MN:0.0         Ts:0.0         Ps:0.0       
LPC        FNoBld1     W:1.340064    Tt:576.0273    Pt:4.132689    FAR:0.0         MN:0.0         Ts:0.0         Ps:0.0       
LPC        FNoBld2     W:1.340064    Tt:613.4869    Pt:5.313458    FAR:0.0         MN:0.0         Ts:0.0         Ps:0.0       
duct25     FNi         W:13.40064    Tt:632.1793    Pt:9.239170    FAR:0.0         MN:0.0         Ts:0.0         Ps:0.0       
duct25     FNo         W:13.40064    Tt:632.1793    Pt:9.100582    FAR:0.0         MN:0.0         Ts:0.0         Ps:0.0       
HPC        FNi         W:13.40064    Tt:632.1793    Pt:9.100582    FAR:0.0         MN:0.0         Ts:0.0         Ps:0.0       
HPC        FNideal     W:13.40064    Tt:1105.917    Pt:67.56285    FAR:0.0         MN:0.0         Ts:0.0         Ps:0.0       
HPC        FNo         W:11.36856    Tt:1194.686    Pt:67.56285    FAR:0.0         MN:0.0         Ts:0.0         Ps:0.0       
HPC        FNoBld1     W:1.016036    Tt:843.7485    Pt:21.63103    FAR:0.0         MN:0.0         Ts:0.0         Ps:0.0       
HPC        FNoBld2     W:1.016036    Tt:852.8222    Pt:22.56643    FAR:0.0         MN:0.0         Ts:0.0         Ps:0.0       
burner     FNi         W:11.36856    Tt:1194.686    Pt:67.56285    FAR:0.0         MN:0.0         Ts:0.0         Ps:0.0       
burner     FNo         W:11.49438    Tt:1901.866    Pt:64.86033    FAR:0.011067    MN:0.0         Ts:0.0         Ps:0.0       
HPT        FN41        W:12.51042    Tt:1821.027    Pt:64.86033    FAR:0.010159    MN:0.0         Ts:0.0         Ps:0.0       
HPT        FN42        W:12.51042    Tt:1273.691    Pt:14.36690    FAR:0.010159    MN:0.0         Ts:0.0         Ps:0.0       
HPT        FNi         W:11.49438    Tt:1901.866    Pt:64.86033    FAR:0.011067    MN:0.0         Ts:0.0         Ps:0.0       
HPT        FNiBld1     W:1.016036    Tt:852.8222    Pt:22.56643    FAR:0.0         MN:0.0         Ts:0.0         Ps:0.0       
HPT        FNiBld2     W:1.016036    Tt:843.7485    Pt:21.63103    FAR:0.0         MN:0.0         Ts:0.0         Ps:0.0       
HPT        FNideal     W:12.51042    Tt:1222.960    Pt:14.36690    FAR:0.010159    MN:0.0         Ts:0.0         Ps:0.0       
HPT        FNo         W:13.52645    Tt:1241.413    Pt:14.36690    FAR:0.009388    MN:0.0         Ts:0.0         Ps:0.0       
duct45     FNi         W:13.52645    Tt:1241.413    Pt:14.36690    FAR:0.009388    MN:0.0         Ts:0.0         Ps:0.0       
duct45     FNo         W:13.52645    Tt:1241.413    Pt:14.29507    FAR:0.009388    MN:0.0         Ts:0.0         Ps:0.0       
LPT        FN41        W:13.52645    Tt:1241.413    Pt:14.29507    FAR:0.009388    MN:0.0         Ts:0.0         Ps:0.0       
LPT        FN42        W:13.52645    Tt:836.6177    Pt:2.779080    FAR:0.009388    MN:0.0         Ts:0.0         Ps:0.0       
LPT        FNi         W:13.52645    Tt:1241.413    Pt:14.29507    FAR:0.009388    MN:0.0         Ts:0.0         Ps:0.0       
LPT        FNiBld1     W:0.0         Tt:0.0         Pt:0.0         FAR:0.0         MN:0.0         Ts:0.0         Ps:0.0       
LPT        FNiBld2     W:0.0         Tt:0.0         Pt:0.0         FAR:0.0         MN:0.0         Ts:0.0         Ps:0.0       
LPT        FNideal     W:13.52645    Tt:809.2765    Pt:2.779080    FAR:0.009388    MN:0.0         Ts:0.0         Ps:0.0       
LPT        FNo         W:13.52645    Tt:836.6177    Pt:2.779080    FAR:0.009388    MN:0.0         Ts:0.0         Ps:0.0       
duct5      FNi         W:13.52645    Tt:836.6177    Pt:2.779080    FAR:0.009388    MN:0.0         Ts:0.0         Ps:0.0       
duct5      FNo         W:13.52645    Tt:836.6178    Pt:2.751290    FAR:0.009388    MN:0.0         Ts:0.0         Ps:0.0       
priNozzl   FNi         W:13.52645    Tt:836.6178    Pt:2.751290    FAR:0.009388    MN:0.0         Ts:0.0         Ps:0.0       
priNozzl   FNo         W:13.52645    Tt:836.6178    Pt:2.751290    FAR:0.009388    MN:0.613086    Ts:780.3644    Ps:2.13897   
duct17     FNi         W:322.6376    Tt:444.2966    Pt:3.369018    FAR:0.0         MN:0.0         Ts:0.0         Ps:0.0       
duct17     FNo         W:322.6376    Tt:444.2966    Pt:3.318482    FAR:0.0         MN:0.0         Ts:0.0         Ps:0.0       
fanNozzl   FNi         W:322.6376    Tt:444.2966    Pt:3.318482    FAR:0.0         MN:0.0         Ts:0.0         Ps:0.0       
fanNozzl   FNo         W:322.6376    Tt:444.2966    Pt:3.318482    FAR:0.0         MN:0.814460    Ts:391.6839    Ps:2.13897   

Mech Ports

fan        MP          N:7301.802    hp:-1120.30    I:0.0       
LPC        MP          N:7301.802    hp:-853.296    I:0.0       
HPC        MP          N:8744.471    hp:-2782.38    I:0.0       
HPT        MP          N:8744.471    hp:2632.395    I:0.0       
LPT        MP          N:7301.802    hp:1973.698    I:0.0       
HPshaft    MPC         N:8744.471    hp:-2782.38    I:0.0       
HPshaft    MPT         N:8744.471    hp:2632.395    I:0.0       
LPshaft    MPfan       N:7301.802    hp:-1120.30    I:0.0       
LPshaft    MPlpc       N:7301.802    hp:-853.296    I:0.0       
LPshaft    MPlpt       N:7301.802    hp:1973.698    I:0.0       

*******************
Elements***********
*******************

FlightCond  start       W:336.0382  Tt:434.397  Pt:3.10915  Tamb:389.9  Pamb:2.138  
Duct        inlet       dP:0.002    Q:0.0       
Compressor  fan         PR:1.08575  eff:1.0148  Rline:2.0   NcMap:0.74  
Splitter    splitter    BPR:24.076  
Duct        duct2       dP:0.01     Q:0.0       
Compressor  LPC         PR:2.77009  eff:0.7997  Rline:1.10  NcMap:0.76  
Duct        duct25      dP:0.015    Q:0.0       
Compressor  HPC         PR:7.42401  eff:0.8383  Rline:2.10  NcMap:0.91  
Burner      burner      FAR:0.0110  Tout:0.0    Wfuel:0.12  dP:0.04     
Turbine     HPT         PR:4.51456  eff:0.9206  PRmap:3.05  NcMap:1.01  
Duct        duct45      dP:0.005    Q:0.0       
Turbine     LPT         PR:5.14381  eff:0.9380  PRmap:5.23  NcMap:0.86  
Duct        duct5       dP:0.01     Q:0.0       
Nozzle      priNozzle   Fg:351.870  
Duct        duct17      dP:0.015    Q:0.0       
Nozzle      fanNozzle   Fg:7941.56  
Shaft       HPshaft     N:8744.471  HPX:150.0   
Shaft       LPshaft     N:7301.802  HPX:0.0     
Performanc  Perf        alt:45000.  MN:0.75     Fn:694.159  SFC:0.6525  Fg:8293.43  Fram:7599.  Wfuel:0.12   

****************
Solver**********
****************

Converged:True

******************************************************************************************

time =  0.0

******************
Ports*************
******************

Electric Ports


Fluid Ports

start      FNo         W:445.8452    Tt:428.6748    Pt:2.967174    FAR:0.0         MN:0.7         Ts:389.9700    Ps:2.138970  
inlet      FNi         W:445.8452    Tt:428.6748    Pt:2.967174    FAR:0.0         MN:0.0         Ts:389.9700    Ps:2.138970  
inlet      FNo         W:445.8452    Tt:428.6748    Pt:2.961240    FAR:0.0         MN:0.0         Ts:0.0         Ps:0.0       
fan        FNi         W:445.8452    Tt:428.6748    Pt:2.961240    FAR:0.0         MN:0.0         Ts:0.0         Ps:0.0       
fan        FNideal     W:445.8452    Tt:461.9837    Pt:3.849612    FAR:0.0         MN:0.0         Ts:0.0         Ps:0.0       
fan        FNo         W:445.8452    Tt:463.0511    Pt:3.849612    FAR:0.0         MN:0.0         Ts:0.0         Ps:0.0       
fan        FNoBld1     W:0.0         Tt:428.6748    Pt:2.961240    FAR:0.0         MN:0.0         Ts:0.0         Ps:0.0       
fan        FNoBld2     W:0.0         Tt:428.6748    Pt:2.961240    FAR:0.0         MN:0.0         Ts:0.0         Ps:0.0       
splitter   FNi         W:445.8452    Tt:463.0511    Pt:3.849612    FAR:0.0         MN:0.0         Ts:0.0         Ps:0.0       
splitter   FNo1        W:24.82416    Tt:463.0511    Pt:3.849612    FAR:0.0         MN:0.0         Ts:0.0         Ps:0.0       
splitter   FNo2        W:421.0210    Tt:463.0511    Pt:3.849612    FAR:0.0         MN:0.0         Ts:0.0         Ps:0.0       
duct2      FNi         W:24.82416    Tt:463.0511    Pt:3.849612    FAR:0.0         MN:0.0         Ts:0.0         Ps:0.0       
duct2      FNo         W:24.82416    Tt:463.0511    Pt:3.811116    FAR:0.0         MN:0.0         Ts:0.0         Ps:0.0       
LPC        FNi         W:24.82416    Tt:463.0511    Pt:3.811116    FAR:0.0         MN:0.0         Ts:0.0         Ps:0.0       
LPC        FNideal     W:24.82416    Tt:627.8447    Pt:11.41661    FAR:0.0         MN:0.0         Ts:0.0         Ps:0.0       
LPC        FNo         W:24.82416    Tt:648.6004    Pt:11.41661    FAR:0.0         MN:0.0         Ts:0.0         Ps:0.0       
LPC        FNoBld1     W:2.482416    Tt:593.1483    Pt:5.323849    FAR:0.0         MN:0.0         Ts:0.0         Ps:0.0       
LPC        FNoBld2     W:2.482416    Tt:630.1235    Pt:6.844949    FAR:0.0         MN:0.0         Ts:0.0         Ps:0.0       
duct25     FNi         W:24.82416    Tt:648.6004    Pt:11.41661    FAR:0.0         MN:0.0         Ts:0.0         Ps:0.0       
duct25     FNo         W:24.82416    Tt:648.6004    Pt:11.24536    FAR:0.0         MN:0.0         Ts:0.0         Ps:0.0       
HPC        FNi         W:24.82416    Tt:648.6004    Pt:11.24536    FAR:0.0         MN:0.0         Ts:0.0         Ps:0.0       
HPC        FNideal     W:24.82416    Tt:1354.859    Pt:158.1085    FAR:0.0         MN:0.0         Ts:0.0         Ps:0.0       
HPC        FNo         W:21.05982    Tt:1476.852    Pt:158.1085    FAR:0.0         MN:0.0         Ts:0.0         Ps:0.0       
HPC        FNoBld1     W:1.882167    Tt:963.5372    Pt:54.33939    FAR:0.0         MN:0.0         Ts:0.0         Ps:0.0       
HPC        FNoBld2     W:1.882167    Tt:976.9510    Pt:56.68920    FAR:0.0         MN:0.0         Ts:0.0         Ps:0.0       
burner     FNi         W:21.05982    Tt:1476.852    Pt:158.1085    FAR:0.0         MN:0.0         Ts:0.0         Ps:0.0       
burner     FNo         W:21.59682    Tt:2979.353    Pt:151.7842    FAR:0.025499    MN:0.0         Ts:0.0         Ps:0.0       
HPT        FN41        W:23.47899    Tt:2831.164    Pt:151.7842    FAR:0.023407    MN:0.0         Ts:0.0         Ps:0.0       
HPT        FN42        W:23.47899    Tt:2078.741    Pt:34.30590    FAR:0.023407    MN:0.0         Ts:0.0         Ps:0.0       
HPT        FNi         W:21.59682    Tt:2979.353    Pt:151.7842    FAR:0.025499    MN:0.0         Ts:0.0         Ps:0.0       
HPT        FNiBld1     W:1.882167    Tt:976.9510    Pt:56.68920    FAR:0.0         MN:0.0         Ts:0.0         Ps:0.0       
HPT        FNiBld2     W:1.882167    Tt:963.5372    Pt:54.33939    FAR:0.0         MN:0.0         Ts:0.0         Ps:0.0       
HPT        FNideal     W:23.47899    Tt:2011.609    Pt:34.30590    FAR:0.023407    MN:0.0         Ts:0.0         Ps:0.0       
HPT        FNo         W:25.36116    Tt:1997.921    Pt:34.30590    FAR:0.021632    MN:0.0         Ts:0.0         Ps:0.0       
duct45     FNi         W:25.36116    Tt:1997.921    Pt:34.30590    FAR:0.021632    MN:0.0         Ts:0.0         Ps:0.0       
duct45     FNo         W:25.36116    Tt:1997.921    Pt:34.13437    FAR:0.021632    MN:0.0         Ts:0.0         Ps:0.0       
LPT        FN41        W:25.36116    Tt:1997.921    Pt:34.13437    FAR:0.021632    MN:0.0         Ts:0.0         Ps:0.0       
LPT        FN42        W:25.36116    Tt:1329.245    Pt:5.644447    FAR:0.021632    MN:0.0         Ts:0.0         Ps:0.0       
LPT        FNi         W:25.36116    Tt:1997.921    Pt:34.13437    FAR:0.021632    MN:0.0         Ts:0.0         Ps:0.0       
LPT        FNiBld1     W:0.0         Tt:0.0         Pt:0.0         FAR:0.0         MN:0.0         Ts:0.0         Ps:0.0       
LPT        FNiBld2     W:0.0         Tt:0.0         Pt:0.0         FAR:0.0         MN:0.0         Ts:0.0         Ps:0.0       
LPT        FNideal     W:25.36116    Tt:1284.447    Pt:5.644447    FAR:0.021632    MN:0.0         Ts:0.0         Ps:0.0       
LPT        FNo         W:25.36116    Tt:1329.245    Pt:5.644447    FAR:0.021632    MN:0.0         Ts:0.0         Ps:0.0       
duct5      FNi         W:25.36116    Tt:1329.245    Pt:5.644447    FAR:0.021632    MN:0.0         Ts:0.0         Ps:0.0       
duct5      FNo         W:25.36116    Tt:1329.245    Pt:5.588003    FAR:0.021632    MN:0.0         Ts:0.0         Ps:0.0       
priNozzl   FNi         W:25.36116    Tt:1329.245    Pt:5.588003    FAR:0.021632    MN:0.0         Ts:0.0         Ps:0.0       
priNozzl   FNo         W:25.36116    Tt:1329.245    Pt:5.588003    FAR:0.021632    MN:1.0         Ts:1130.206    Ps:2.990676  
duct17     FNi         W:421.0210    Tt:463.0511    Pt:3.849612    FAR:0.0         MN:0.0         Ts:0.0         Ps:0.0       
duct17     FNo         W:421.0210    Tt:463.0511    Pt:3.791868    FAR:0.0         MN:0.0         Ts:0.0         Ps:0.0       
fanNozzl   FNi         W:421.0210    Tt:463.0511    Pt:3.791868    FAR:0.0         MN:0.0         Ts:0.0         Ps:0.0       
fanNozzl   FNo         W:421.0210    Tt:463.0511    Pt:3.791868    FAR:0.0         MN:0.941191    Ts:392.6611    Ps:2.13897   

Mech Ports

fan        MP          N:9744.359    hp:-5167.02    I:0.0       
LPC        MP          N:9744.359    hp:-1562.47    I:0.0       
HPC        MP          N:9709.288    hp:-7717.31    I:0.0       
HPT        MP          N:9709.288    hp:7567.343    I:0.0       
LPT        MP          N:9744.359    hp:6729.459    I:0.0       
HPshaft    MPC         N:9709.288    hp:-7717.31    I:0.0       
HPshaft    MPT         N:9709.288    hp:7567.343    I:0.0       
LPshaft    MPfan       N:9744.359    hp:-5167.02    I:0.0       
LPshaft    MPlpc       N:9744.359    hp:-1562.47    I:0.0       
LPshaft    MPlpt       N:9744.359    hp:6729.459    I:0.0       

*******************
Elements***********
*******************

FlightCond  start       W:445.8452  Tt:428.674  Pt:2.96717  Tamb:389.9  Pamb:2.138  
Duct        inlet       dP:0.002    Q:0.0       
Compressor  fan         PR:1.29999  eff:0.9689  Rline:2.0   NcMap:0.99  
Splitter    splitter    BPR:16.960  
Duct        duct2       dP:0.01     Q:0.0       
Compressor  LPC         PR:2.99560  eff:0.8876  Rline:2.00  NcMap:1.00  
Duct        duct25      dP:0.015    Q:0.0       
Compressor  HPC         PR:14.0598  eff:0.8466  Rline:2.01  NcMap:0.99  
Burner      burner      FAR:0.0254  Tout:0.0    Wfuel:0.53  dP:0.04     
Turbine     HPT         PR:4.42443  eff:0.9225  PRmap:3.00  NcMap:0.90  
Duct        duct45      dP:0.005    Q:0.0       
Turbine     LPT         PR:6.04742  eff:0.9398  PRmap:6.15  NcMap:0.90  
Duct        duct5       dP:0.01     Q:0.0       
Nozzle      priNozzle   Fg:1551.03  
Duct        duct17      dP:0.015    Q:0.0       
Nozzle      fanNozzle   Fg:11990.5  
Shaft       HPshaft     N:9709.288  HPX:150.0   
Shaft       LPshaft     N:9744.359  HPX:0.0     
Performanc  Perf        alt:45000.  MN:0.7      Fn:4131.27  SFC:0.4679  Fg:13541.5  Fram:9410.  Wfuel:0.53   

****************
Solver**********
****************

Converged:True

******************************************************************************************
 solver exceeded maximu number of iterations

time =  0.0

******************
Ports*************
******************

Electric Ports


Fluid Ports

start      FNo         W:433.1189    Tt:428.6748    Pt:2.967174    FAR:0.0         MN:0.7         Ts:389.9700    Ps:2.138970  
inlet      FNi         W:433.1189    Tt:428.6748    Pt:2.967174    FAR:0.0         MN:0.0         Ts:389.9700    Ps:2.138970  
inlet      FNo         W:433.1189    Tt:428.6748    Pt:2.961240    FAR:0.0         MN:0.0         Ts:0.0         Ps:0.0       
fan        FNi         W:433.1189    Tt:428.6748    Pt:2.961240    FAR:0.0         MN:0.0         Ts:0.0         Ps:0.0       
fan        FNideal     W:433.1189    Tt:457.7965    Pt:3.733107    FAR:0.0         MN:0.0         Ts:0.0         Ps:0.0       
fan        FNo         W:433.1189    Tt:457.8117    Pt:3.733107    FAR:0.0         MN:0.0         Ts:0.0         Ps:0.0       
fan        FNoBld1     W:0.0         Tt:428.6748    Pt:2.961240    FAR:0.0         MN:0.0         Ts:0.0         Ps:0.0       
fan        FNoBld2     W:0.0         Tt:428.6748    Pt:2.961240    FAR:0.0         MN:0.0         Ts:0.0         Ps:0.0       
splitter   FNi         W:433.1189    Tt:457.8117    Pt:3.733107    FAR:0.0         MN:0.0         Ts:0.0         Ps:0.0       
splitter   FNo1        W:22.45907    Tt:457.8117    Pt:3.733107    FAR:0.0         MN:0.0         Ts:0.0         Ps:0.0       
splitter   FNo2        W:410.6598    Tt:457.8117    Pt:3.733107    FAR:0.0         MN:0.0         Ts:0.0         Ps:0.0       
duct2      FNi         W:22.45907    Tt:457.8117    Pt:3.733107    FAR:0.0         MN:0.0         Ts:0.0         Ps:0.0       
duct2      FNo         W:22.45907    Tt:457.8117    Pt:3.695776    FAR:0.0         MN:0.0         Ts:0.0         Ps:0.0       
LPC        FNi         W:22.45907    Tt:457.8117    Pt:3.695776    FAR:0.0         MN:0.0         Ts:0.0         Ps:0.0       
LPC        FNideal     W:22.45907    Tt:622.9769    Pt:11.13119    FAR:0.0         MN:0.0         Ts:0.0         Ps:0.0       
LPC        FNo         W:22.45907    Tt:643.6778    Pt:11.13119    FAR:0.0         MN:0.0         Ts:0.0         Ps:0.0       
LPC        FNoBld1     W:2.245907    Tt:588.1287    Pt:5.204790    FAR:0.0         MN:0.0         Ts:0.0         Ps:0.0       
LPC        FNoBld2     W:2.245907    Tt:625.1738    Pt:6.691873    FAR:0.0         MN:0.0         Ts:0.0         Ps:0.0       
duct25     FNi         W:22.45907    Tt:643.6778    Pt:11.13119    FAR:0.0         MN:0.0         Ts:0.0         Ps:0.0       
duct25     FNo         W:22.45907    Tt:643.6778    Pt:10.96422    FAR:0.0         MN:0.0         Ts:0.0         Ps:0.0       
HPC        FNi         W:22.45907    Tt:643.6778    Pt:10.96422    FAR:0.0         MN:0.0         Ts:0.0         Ps:0.0       
HPC        FNideal     W:22.45907    Tt:1302.816    Pt:138.5988    FAR:0.0         MN:0.0         Ts:0.0         Ps:0.0       
HPC        FNo         W:19.05337    Tt:1412.406    Pt:138.5988    FAR:0.0         MN:0.0         Ts:0.0         Ps:0.0       
HPC        FNoBld1     W:1.702846    Tt:935.2289    Pt:47.22482    FAR:0.0         MN:0.0         Ts:0.0         Ps:0.0       
HPC        FNoBld2     W:1.702846    Tt:947.6904    Pt:49.26697    FAR:0.0         MN:0.0         Ts:0.0         Ps:0.0       
burner     FNi         W:19.05337    Tt:1412.406    Pt:138.5988    FAR:0.0         MN:0.0         Ts:0.0         Ps:0.0       
burner     FNo         W:19.49158    Tt:2788.136    Pt:133.0549    FAR:0.022999    MN:0.0         Ts:0.0         Ps:0.0       
HPT        FN41        W:21.19443    Tt:2650.994    Pt:133.0549    FAR:0.021112    MN:0.0         Ts:0.0         Ps:0.0       
HPT        FN42        W:21.19443    Tt:1946.657    Pt:30.04378    FAR:0.021112    MN:0.0         Ts:0.0         Ps:0.0       
HPT        FNi         W:19.49158    Tt:2788.136    Pt:133.0549    FAR:0.022999    MN:0.0         Ts:0.0         Ps:0.0       
HPT        FNiBld1     W:1.702846    Tt:947.6904    Pt:49.26697    FAR:0.0         MN:0.0         Ts:0.0         Ps:0.0       
HPT        FNiBld2     W:1.702846    Tt:935.2289    Pt:47.22482    FAR:0.0         MN:0.0         Ts:0.0         Ps:0.0       
HPT        FNideal     W:21.19443    Tt:1883.755    Pt:30.04378    FAR:0.021112    MN:0.0         Ts:0.0         Ps:0.0       
HPT        FNo         W:22.89728    Tt:1873.096    Pt:30.04378    FAR:0.019511    MN:0.0         Ts:0.0         Ps:0.0       
duct45     FNi         W:22.89728    Tt:1873.096    Pt:30.04378    FAR:0.019511    MN:0.0         Ts:0.0         Ps:0.0       
duct45     FNo         W:22.89728    Tt:1873.096    Pt:29.89356    FAR:0.019511    MN:0.0         Ts:0.0         Ps:0.0       
LPT        FN41        W:22.89728    Tt:1873.096    Pt:29.89356    FAR:0.019511    MN:0.0         Ts:0.0         Ps:0.0       
LPT        FN42        W:22.89728    Tt:1238.049    Pt:4.925791    FAR:0.019511    MN:0.0         Ts:0.0         Ps:0.0       
LPT        FNi         W:22.89728    Tt:1873.096    Pt:29.89356    FAR:0.019511    MN:0.0         Ts:0.0         Ps:0.0       
LPT        FNiBld1     W:0.0         Tt:0.0         Pt:0.0         FAR:0.0         MN:0.0         Ts:0.0         Ps:0.0       
LPT        FNiBld2     W:0.0         Tt:0.0         Pt:0.0         FAR:0.0         MN:0.0         Ts:0.0         Ps:0.0       
LPT        FNideal     W:22.89728    Tt:1191.701    Pt:4.925791    FAR:0.019511    MN:0.0         Ts:0.0         Ps:0.0       
LPT        FNo         W:22.89728    Tt:1238.049    Pt:4.925791    FAR:0.019511    MN:0.0         Ts:0.0         Ps:0.0       
duct5      FNi         W:22.89728    Tt:1238.049    Pt:4.925791    FAR:0.019511    MN:0.0         Ts:0.0         Ps:0.0       
duct5      FNo         W:22.89728    Tt:1238.049    Pt:4.876533    FAR:0.019511    MN:0.0         Ts:0.0         Ps:0.0       
priNozzl   FNi         W:22.89728    Tt:1238.049    Pt:4.876533    FAR:0.019511    MN:0.0         Ts:0.0         Ps:0.0       
priNozzl   FNo         W:22.89728    Tt:1238.049    Pt:4.876533    FAR:0.019511    MN:1.0         Ts:1049.690    Ps:2.606522  
duct17     FNi         W:410.6598    Tt:457.8117    Pt:3.733107    FAR:0.0         MN:0.0         Ts:0.0         Ps:0.0       
duct17     FNo         W:410.6598    Tt:457.8117    Pt:3.677111    FAR:0.0         MN:0.0         Ts:0.0         Ps:0.0       
fanNozzl   FNi         W:410.6598    Tt:457.8117    Pt:3.677111    FAR:0.0         MN:0.0         Ts:0.0         Ps:0.0       
fanNozzl   FNo         W:410.6598    Tt:457.8117    Pt:3.677111    FAR:0.0         MN:0.912087    Ts:391.8315    Ps:2.13897   

Mech Ports

fan        MP          N:9261.455    hp:-4253.25    I:0.0       
LPC        MP          N:9261.455    hp:-1415.68    I:0.0       
HPC        MP          N:9476.705    hp:-6454.15    I:0.0       
HPT        MP          N:9476.705    hp:6287.327    I:0.0       
LPT        MP          N:9261.455    hp:5678.196    I:0.0       
HPshaft    MPC         N:9476.705    hp:-6454.15    I:0.0       
HPshaft    MPT         N:9476.705    hp:6287.327    I:0.0       
LPshaft    MPfan       N:9261.455    hp:-4253.25    I:0.0       
LPshaft    MPlpc       N:9261.455    hp:-1415.68    I:0.0       
LPshaft    MPlpt       N:9261.455    hp:5678.196    I:0.0       

*******************
Elements***********
*******************

FlightCond  start       W:433.1189  Tt:428.674  Pt:2.96717  Tamb:389.9  Pamb:2.138  
Duct        inlet       dP:0.002    Q:0.0       
Compressor  fan         PR:1.26065  eff:0.9994  Rline:2.0   NcMap:0.95  
Splitter    splitter    BPR:18.284  
Duct        duct2       dP:0.01     Q:0.0       
Compressor  LPC         PR:3.01186  eff:0.8881  Rline:1.78  NcMap:0.95  
Duct        duct25      dP:0.015    Q:0.0       
Compressor  HPC         PR:12.6410  eff:0.8520  Rline:1.94  NcMap:0.97  
Burner      burner      FAR:0.0229  Tout:0.0    Wfuel:0.43  dP:0.04     
Turbine     HPT         PR:4.42870  eff:0.9224  PRmap:3.00  NcMap:0.90  
Duct        duct45      dP:0.005    Q:0.0       
Turbine     LPT         PR:6.06878  eff:0.9347  PRmap:6.17  NcMap:0.89  
Duct        duct5       dP:0.01     Q:0.0       
Nozzle      priNozzle   Fg:1265.26  
Duct        duct17      dP:0.015    Q:0.0       
Nozzle      fanNozzle   Fg:11321.9  
Shaft       HPshaft     N:9476.705  HPX:150.0   
Shaft       LPshaft     N:9261.455  HPX:0.0     
Performanc  Perf        alt:45000.  MN:0.7      Fn:3445.49  SFC:0.4578  Fg:12587.2  Fram:9141.  Wfuel:0.43   

****************
Solver**********
****************

Converged:False

******************************************************************************************

time =  0.0

******************
Ports*************
******************

Electric Ports


Fluid Ports

start      FNo         W:527.7164    Tt:418.4128    Pt:3.469741    FAR:0.0         MN:0.6         Ts:389.9695    Ps:2.720017  
inlet      FNi         W:527.7164    Tt:418.4128    Pt:3.469741    FAR:0.0         MN:0.0         Ts:389.9695    Ps:2.720017  
inlet      FNo         W:527.7164    Tt:418.4128    Pt:3.462802    FAR:0.0         MN:0.0         Ts:0.0         Ps:0.0       
fan        FNi         W:527.7164    Tt:418.4128    Pt:3.462802    FAR:0.0         MN:0.0         Ts:0.0         Ps:0.0       
fan        FNideal     W:527.7164    Tt:450.5475    Pt:4.501648    FAR:0.0         MN:0.0         Ts:0.0         Ps:0.0       
fan        FNo         W:527.7164    Tt:451.5763    Pt:4.501648    FAR:0.0         MN:0.0         Ts:0.0         Ps:0.0       
fan        FNoBld1     W:0.0         Tt:418.4128    Pt:3.462802    FAR:0.0         MN:0.0         Ts:0.0         Ps:0.0       
fan        FNoBld2     W:0.0         Tt:418.4128    Pt:3.462802    FAR:0.0         MN:0.0         Ts:0.0         Ps:0.0       
splitter   FNi         W:527.7164    Tt:451.5763    Pt:4.501648    FAR:0.0         MN:0.0         Ts:0.0         Ps:0.0       
splitter   FNo1        W:28.88079    Tt:451.5763    Pt:4.501648    FAR:0.0         MN:0.0         Ts:0.0         Ps:0.0       
splitter   FNo2        W:498.8356    Tt:451.5763    Pt:4.501648    FAR:0.0         MN:0.0         Ts:0.0         Ps:0.0       
duct2      FNi         W:28.88079    Tt:451.5763    Pt:4.501648    FAR:0.0         MN:0.0         Ts:0.0         Ps:0.0       
duct2      FNo         W:28.88079    Tt:451.5763    Pt:4.456631    FAR:0.0         MN:0.0         Ts:0.0         Ps:0.0       
LPC        FNi         W:28.88079    Tt:451.5763    Pt:4.456631    FAR:0.0         MN:0.0         Ts:0.0         Ps:0.0       
LPC        FNideal     W:28.88079    Tt:613.0749    Pt:13.70642    FAR:0.0         MN:0.0         Ts:0.0         Ps:0.0       
LPC        FNo         W:28.88079    Tt:632.7992    Pt:13.70642    FAR:0.0         MN:0.0         Ts:0.0         Ps:0.0       
LPC        FNoBld1     W:2.888079    Tt:578.6298    Pt:6.474852    FAR:0.0         MN:0.0         Ts:0.0         Ps:0.0       
LPC        FNoBld2     W:2.888079    Tt:614.7650    Pt:8.324809    FAR:0.0         MN:0.0         Ts:0.0         Ps:0.0       
duct25     FNi         W:28.88079    Tt:632.7992    Pt:13.70642    FAR:0.0         MN:0.0         Ts:0.0         Ps:0.0       
duct25     FNo         W:28.88079    Tt:632.7992    Pt:13.50082    FAR:0.0         MN:0.0         Ts:0.0         Ps:0.0       
HPC        FNi         W:28.88079    Tt:632.7992    Pt:13.50082    FAR:0.0         MN:0.0         Ts:0.0         Ps:0.0       
HPC        FNideal     W:28.88079    Tt:1316.113    Pt:181.4668    FAR:0.0         MN:0.0         Ts:0.0         Ps:0.0       
HPC        FNo         W:24.50131    Tt:1431.052    Pt:181.4668    FAR:0.0         MN:0.0         Ts:0.0         Ps:0.0       
HPC        FNoBld1     W:2.189741    Tt:935.8534    Pt:62.14744    FAR:0.0         MN:0.0         Ts:0.0         Ps:0.0       
HPC        FNoBld2     W:2.189741    Tt:948.8011    Pt:64.83490    FAR:0.0         MN:0.0         Ts:0.0         Ps:0.0       
burner     FNi         W:24.50131    Tt:1431.052    Pt:181.4668    FAR:0.0         MN:0.0         Ts:0.0         Ps:0.0       
burner     FNo         W:25.10966    Tt:2905.304    Pt:174.2082    FAR:0.024829    MN:0.0         Ts:0.0         Ps:0.0       
HPT        FN41        W:27.29940    Tt:2760.216    Pt:174.2082    FAR:0.022792    MN:0.0         Ts:0.0         Ps:0.0       
HPT        FN42        W:27.29940    Tt:2031.269    Pt:39.42609    FAR:0.022792    MN:0.0         Ts:0.0         Ps:0.0       
HPT        FNi         W:25.10966    Tt:2905.304    Pt:174.2082    FAR:0.024829    MN:0.0         Ts:0.0         Ps:0.0       
HPT        FNiBld1     W:2.189741    Tt:948.8011    Pt:64.83490    FAR:0.0         MN:0.0         Ts:0.0         Ps:0.0       
HPT        FNiBld2     W:2.189741    Tt:935.8534    Pt:62.14744    FAR:0.0         MN:0.0         Ts:0.0         Ps:0.0       
HPT        FNideal     W:27.29940    Tt:1965.392    Pt:39.42609    FAR:0.022792    MN:0.0         Ts:0.0         Ps:0.0       
HPT        FNo         W:29.48914    Tt:1951.979    Pt:39.42609    FAR:0.021064    MN:0.0         Ts:0.0         Ps:0.0       
duct45     FNi         W:29.48914    Tt:1951.979    Pt:39.42609    FAR:0.021064    MN:0.0         Ts:0.0         Ps:0.0       
duct45     FNo         W:29.48914    Tt:1951.979    Pt:39.22896    FAR:0.021064    MN:0.0         Ts:0.0         Ps:0.0       
LPT        FN41        W:29.48914    Tt:1951.979    Pt:39.22896    FAR:0.021064    MN:0.0         Ts:0.0         Ps:0.0       
LPT        FN42        W:29.48914    Tt:1292.893    Pt:6.468112    FAR:0.021064    MN:0.0         Ts:0.0         Ps:0.0       
LPT        FNi         W:29.48914    Tt:1951.979    Pt:39.22896    FAR:0.021064    MN:0.0         Ts:0.0         Ps:0.0       
LPT        FNiBld1     W:0.0         Tt:0.0         Pt:0.0         FAR:0.0         MN:0.0         Ts:0.0         Ps:0.0       
LPT        FNiBld2     W:0.0         Tt:0.0         Pt:0.0         FAR:0.0         MN:0.0         Ts:0.0         Ps:0.0       
LPT        FNideal     W:29.48914    Tt:1248.499    Pt:6.468112    FAR:0.021064    MN:0.0         Ts:0.0         Ps:0.0       
LPT        FNo         W:29.48914    Tt:1292.893    Pt:6.468112    FAR:0.021064    MN:0.0         Ts:0.0         Ps:0.0       
duct5      FNi         W:29.48914    Tt:1292.893    Pt:6.468112    FAR:0.021064    MN:0.0         Ts:0.0         Ps:0.0       
duct5      FNo         W:29.48914    Tt:1292.893    Pt:6.403431    FAR:0.021064    MN:0.0         Ts:0.0         Ps:0.0       
priNozzl   FNi         W:29.48914    Tt:1292.893    Pt:6.403431    FAR:0.021064    MN:0.0         Ts:0.0         Ps:0.0       
priNozzl   FNo         W:29.48914    Tt:1292.893    Pt:6.403431    FAR:0.021064    MN:1.0         Ts:1098.140    Ps:3.426111  
duct17     FNi         W:498.8356    Tt:451.5763    Pt:4.501648    FAR:0.0         MN:0.0         Ts:0.0         Ps:0.0       
duct17     FNo         W:498.8356    Tt:451.5763    Pt:4.434123    FAR:0.0         MN:0.0         Ts:0.0         Ps:0.0       
fanNozzl   FNi         W:498.8356    Tt:451.5763    Pt:4.434123    FAR:0.0         MN:0.0         Ts:0.0         Ps:0.0       
fanNozzl   FNo         W:498.8356    Tt:451.5763    Pt:4.434123    FAR:0.0         MN:0.861022    Ts:392.6424    Ps:2.72003   

Mech Ports

fan        MP          N:9627.030    hp:-5894.99    I:0.0       
LPC        MP          N:9627.030    hp:-1774.25    I:0.0       
HPC        MP          N:9478.993    hp:-8623.41    I:0.0       
HPT        MP          N:9478.993    hp:8473.542    I:0.0       
LPT        MP          N:9627.030    hp:7669.132    I:0.0       
HPshaft    MPC         N:9478.993    hp:-8623.41    I:0.0       
HPshaft    MPT         N:9478.993    hp:8473.542    I:0.0       
LPshaft    MPfan       N:9627.030    hp:-5894.99    I:0.0       
LPshaft    MPlpc       N:9627.030    hp:-1774.25    I:0.0       
LPshaft    MPlpt       N:9627.030    hp:7669.132    I:0.0       

*******************
Elements***********
*******************

FlightCond  start       W:527.7164  Tt:418.412  Pt:3.46974  Tamb:389.9  Pamb:2.720  
Duct        inlet       dP:0.002    Q:0.0       
Compressor  fan         PR:1.30000  eff:0.9688  Rline:2.0   NcMap:1.00  
Splitter    splitter    BPR:17.272  
Duct        duct2       dP:0.01     Q:0.0       
Compressor  LPC         PR:3.07551  eff:0.8906  Rline:1.85  NcMap:1.00  
Duct        duct25      dP:0.015    Q:0.0       
Compressor  HPC         PR:13.4411  eff:0.8503  Rline:1.90  NcMap:0.98  
Burner      burner      FAR:0.0248  Tout:0.0    Wfuel:0.60  dP:0.04     
Turbine     HPT         PR:4.41860  eff:0.9215  PRmap:3.00  NcMap:0.89  
Duct        duct45      dP:0.005    Q:0.0       
Turbine     LPT         PR:6.06497  eff:0.9394  PRmap:6.17  NcMap:0.90  
Duct        duct5       dP:0.01     Q:0.0       
Nozzle      priNozzle   Fg:1693.73  
Duct        duct17      dP:0.015    Q:0.0       
Nozzle      fanNozzle   Fg:12996.2  
Shaft       HPshaft     N:9478.993  HPX:150.0   
Shaft       LPshaft     N:9627.030  HPX:0.0     
Performanc  Perf        alt:40000.  MN:0.6      Fn:5142.78  SFC:0.4258  Fg:14690.0  Fram:9547.  Wfuel:0.60   

****************
Solver**********
****************

Converged:True

******************************************************************************************

time =  0.0

******************
Ports*************
******************

Electric Ports


Fluid Ports

start      FNo         W:513.0558    Tt:418.4128    Pt:3.469741    FAR:0.0         MN:0.6         Ts:389.9695    Ps:2.720017  
inlet      FNi         W:513.0558    Tt:418.4128    Pt:3.469741    FAR:0.0         MN:0.0         Ts:389.9695    Ps:2.720017  
inlet      FNo         W:513.0558    Tt:418.4128    Pt:3.462802    FAR:0.0         MN:0.0         Ts:0.0         Ps:0.0       
fan        FNi         W:513.0558    Tt:418.4128    Pt:3.462802    FAR:0.0         MN:0.0         Ts:0.0         Ps:0.0       
fan        FNideal     W:513.0558    Tt:446.8293    Pt:4.369009    FAR:0.0         MN:0.0         Ts:0.0         Ps:0.0       
fan        FNo         W:513.0558    Tt:446.8672    Pt:4.369009    FAR:0.0         MN:0.0         Ts:0.0         Ps:0.0       
fan        FNoBld1     W:0.0         Tt:418.4128    Pt:3.462802    FAR:0.0         MN:0.0         Ts:0.0         Ps:0.0       
fan        FNoBld2     W:0.0         Tt:418.4128    Pt:3.462802    FAR:0.0         MN:0.0         Ts:0.0         Ps:0.0       
splitter   FNi         W:513.0558    Tt:446.8672    Pt:4.369009    FAR:0.0         MN:0.0         Ts:0.0         Ps:0.0       
splitter   FNo1        W:26.63991    Tt:446.8672    Pt:4.369009    FAR:0.0         MN:0.0         Ts:0.0         Ps:0.0       
splitter   FNo2        W:486.4159    Tt:446.8672    Pt:4.369009    FAR:0.0         MN:0.0         Ts:0.0         Ps:0.0       
duct2      FNi         W:26.63991    Tt:446.8672    Pt:4.369009    FAR:0.0         MN:0.0         Ts:0.0         Ps:0.0       
duct2      FNo         W:26.63991    Tt:446.8672    Pt:4.325319    FAR:0.0         MN:0.0         Ts:0.0         Ps:0.0       
LPC        FNi         W:26.63991    Tt:446.8672    Pt:4.325319    FAR:0.0         MN:0.0         Ts:0.0         Ps:0.0       
LPC        FNideal     W:26.63991    Tt:603.6477    Pt:13.04215    FAR:0.0         MN:0.0         Ts:0.0         Ps:0.0       
LPC        FNo         W:26.63991    Tt:623.2818    Pt:13.04215    FAR:0.0         MN:0.0         Ts:0.0         Ps:0.0       
LPC        FNoBld1     W:2.663991    Tt:570.5445    Pt:6.101784    FAR:0.0         MN:0.0         Ts:0.0         Ps:0.0       
LPC        FNoBld2     W:2.663991    Tt:605.7333    Pt:7.845151    FAR:0.0         MN:0.0         Ts:0.0         Ps:0.0       
duct25     FNi         W:26.63991    Tt:623.2818    Pt:13.04215    FAR:0.0         MN:0.0         Ts:0.0         Ps:0.0       
duct25     FNo         W:26.63991    Tt:623.2818    Pt:12.84652    FAR:0.0         MN:0.0         Ts:0.0         Ps:0.0       
HPC        FNi         W:26.63991    Tt:623.2818    Pt:12.84652    FAR:0.0         MN:0.0         Ts:0.0         Ps:0.0       
HPC        FNideal     W:26.63991    Tt:1274.153    Pt:161.7750    FAR:0.0         MN:0.0         Ts:0.0         Ps:0.0       
HPC        FNo         W:22.60023    Tt:1382.042    Pt:161.7750    FAR:0.0         MN:0.0         Ts:0.0         Ps:0.0       
HPC        FNoBld1     W:2.019838    Tt:910.8191    Pt:55.10354    FAR:0.0         MN:0.0         Ts:0.0         Ps:0.0       
HPC        FNoBld2     W:2.019838    Tt:923.0860    Pt:57.48639    FAR:0.0         MN:0.0         Ts:0.0         Ps:0.0       
burner     FNi         W:22.60023    Tt:1382.042    Pt:161.7750    FAR:0.0         MN:0.0         Ts:0.0         Ps:0.0       
burner     FNo         W:23.10488    Tt:2725.466    Pt:155.3040    FAR:0.022329    MN:0.0         Ts:0.0         Ps:0.0       
HPT        FN41        W:25.12471    Tt:2590.983    Pt:155.3040    FAR:0.020497    MN:0.0         Ts:0.0         Ps:0.0       
HPT        FN42        W:25.12471    Tt:1888.785    Pt:34.97344    FAR:0.020497    MN:0.0         Ts:0.0         Ps:0.0       
HPT        FNi         W:23.10488    Tt:2725.466    Pt:155.3040    FAR:0.022329    MN:0.0         Ts:0.0         Ps:0.0       
HPT        FNiBld1     W:2.019838    Tt:923.0860    Pt:57.48639    FAR:0.0         MN:0.0         Ts:0.0         Ps:0.0       
HPT        FNiBld2     W:2.019838    Tt:910.8191    Pt:55.10354    FAR:0.0         MN:0.0         Ts:0.0         Ps:0.0       
HPT        FNideal     W:25.12471    Tt:1826.148    Pt:34.97344    FAR:0.020497    MN:0.0         Ts:0.0         Ps:0.0       
HPT        FNo         W:27.14455    Tt:1817.681    Pt:34.97344    FAR:0.018943    MN:0.0         Ts:0.0         Ps:0.0       
duct45     FNi         W:27.14455    Tt:1817.681    Pt:34.97344    FAR:0.018943    MN:0.0         Ts:0.0         Ps:0.0       
duct45     FNo         W:27.14455    Tt:1817.681    Pt:34.79857    FAR:0.018943    MN:0.0         Ts:0.0         Ps:0.0       
LPT        FN41        W:27.14455    Tt:1817.681    Pt:34.79857    FAR:0.018943    MN:0.0         Ts:0.0         Ps:0.0       
LPT        FN42        W:27.14455    Tt:1199.510    Pt:5.728464    FAR:0.018943    MN:0.0         Ts:0.0         Ps:0.0       
LPT        FNi         W:27.14455    Tt:1817.681    Pt:34.79857    FAR:0.018943    MN:0.0         Ts:0.0         Ps:0.0       
LPT        FNiBld1     W:0.0         Tt:0.0         Pt:0.0         FAR:0.0         MN:0.0         Ts:0.0         Ps:0.0       
LPT        FNiBld2     W:0.0         Tt:0.0         Pt:0.0         FAR:0.0         MN:0.0         Ts:0.0         Ps:0.0       
LPT        FNideal     W:27.14455    Tt:1155.292    Pt:5.728464    FAR:0.018943    MN:0.0         Ts:0.0         Ps:0.0       
LPT        FNo         W:27.14455    Tt:1199.510    Pt:5.728464    FAR:0.018943    MN:0.0         Ts:0.0         Ps:0.0       
duct5      FNi         W:27.14455    Tt:1199.510    Pt:5.728464    FAR:0.018943    MN:0.0         Ts:0.0         Ps:0.0       
duct5      FNo         W:27.14455    Tt:1199.510    Pt:5.671179    FAR:0.018943    MN:0.0         Ts:0.0         Ps:0.0       
priNozzl   FNi         W:27.14455    Tt:1199.510    Pt:5.671179    FAR:0.018943    MN:0.0         Ts:0.0         Ps:0.0       
priNozzl   FNo         W:27.14455    Tt:1199.510    Pt:5.671179    FAR:0.018943    MN:1.0         Ts:1015.863    Ps:3.024729  
duct17     FNi         W:486.4159    Tt:446.8672    Pt:4.369009    FAR:0.0         MN:0.0         Ts:0.0         Ps:0.0       
duct17     FNo         W:486.4159    Tt:446.8672    Pt:4.303474    FAR:0.0         MN:0.0         Ts:0.0         Ps:0.0       
fanNozzl   FNi         W:486.4159    Tt:446.8672    Pt:4.303474    FAR:0.0         MN:0.0         Ts:0.0         Ps:0.0       
fanNozzl   FNo         W:486.4159    Tt:446.8672    Pt:4.303474    FAR:0.0         MN:0.832706    Ts:391.8492    Ps:2.72003   

Mech Ports

fan        MP          N:9162.552    hp:-4916.79    I:0.0       
LPC        MP          N:9162.552    hp:-1592.50    I:0.0       
HPC        MP          N:9310.877    hp:-7536.06    I:0.0       
HPT        MP          N:9310.877    hp:7386.101    I:0.0       
LPT        MP          N:9162.552    hp:6509.321    I:0.0       
HPshaft    MPC         N:9310.877    hp:-7536.06    I:0.0       
HPshaft    MPT         N:9310.877    hp:7386.101    I:0.0       
LPshaft    MPfan       N:9162.552    hp:-4916.79    I:0.0       
LPshaft    MPlpc       N:9162.552    hp:-1592.50    I:0.0       
LPshaft    MPlpt       N:9162.552    hp:6509.321    I:0.0       

*******************
Elements***********
*******************

FlightCond  start       W:513.0558  Tt:418.412  Pt:3.46974  Tamb:389.9  Pamb:2.720  
Duct        inlet       dP:0.002    Q:0.0       
Compressor  fan         PR:1.26169  eff:0.9986  Rline:2.0   NcMap:0.95  
Splitter    splitter    BPR:18.258  
Duct        duct2       dP:0.01     Q:0.0       
Compressor  LPC         PR:3.01530  eff:0.8881  Rline:1.78  NcMap:0.95  
Duct        duct25      dP:0.015    Q:0.0       
Compressor  HPC         PR:12.5929  eff:0.8526  Rline:1.92  NcMap:0.97  
Burner      burner      FAR:0.0223  Tout:0.0    Wfuel:0.50  dP:0.04     
Turbine     HPT         PR:4.44062  eff:0.9225  PRmap:3.01  NcMap:0.90  
Duct        duct45      dP:0.005    Q:0.0       
Turbine     LPT         PR:6.07467  eff:0.9359  PRmap:6.18  NcMap:0.89  
Duct        duct5       dP:0.01     Q:0.0       
Nozzle      priNozzle   Fg:1401.40  
Duct        duct17      dP:0.015    Q:0.0       
Nozzle      fanNozzle   Fg:12243.6  
Shaft       HPshaft     N:9310.877  HPX:150.0   
Shaft       LPshaft     N:9162.552  HPX:0.0     
Performanc  Perf        alt:40000.  MN:0.6      Fn:4363.08  SFC:0.4163  Fg:13645.0  Fram:9282.  Wfuel:0.50   

****************
Solver**********
****************

Converged:True

******************************************************************************************

time =  0.0

******************
Ports*************
******************

Electric Ports


Fluid Ports

start      FNo         W:489.3022    Tt:418.4128    Pt:3.469741    FAR:0.0         MN:0.6         Ts:389.9695    Ps:2.720017  
inlet      FNi         W:489.3022    Tt:418.4128    Pt:3.469741    FAR:0.0         MN:0.0         Ts:389.9695    Ps:2.720017  
inlet      FNo         W:489.3022    Tt:418.4128    Pt:3.462802    FAR:0.0         MN:0.0         Ts:0.0         Ps:0.0       
fan        FNi         W:489.3022    Tt:418.4128    Pt:3.462802    FAR:0.0         MN:0.0         Ts:0.0         Ps:0.0       
fan        FNideal     W:489.3022    Tt:442.4658    Pt:4.215698    FAR:0.0         MN:0.0         Ts:0.0         Ps:0.0       
fan        FNo         W:489.3022    Tt:441.9298    Pt:4.215698    FAR:0.0         MN:0.0         Ts:0.0         Ps:0.0       
fan        FNoBld1     W:0.0         Tt:418.4128    Pt:3.462802    FAR:0.0         MN:0.0         Ts:0.0         Ps:0.0       
fan        FNoBld2     W:0.0         Tt:418.4128    Pt:3.462802    FAR:0.0         MN:0.0         Ts:0.0         Ps:0.0       
splitter   FNi         W:489.3022    Tt:441.9298    Pt:4.215698    FAR:0.0         MN:0.0         Ts:0.0         Ps:0.0       
splitter   FNo1        W:23.46896    Tt:441.9298    Pt:4.215698    FAR:0.0         MN:0.0         Ts:0.0         Ps:0.0       
splitter   FNo2        W:465.8332    Tt:441.9298    Pt:4.215698    FAR:0.0         MN:0.0         Ts:0.0         Ps:0.0       
duct2      FNi         W:23.46896    Tt:441.9298    Pt:4.215698    FAR:0.0         MN:0.0         Ts:0.0         Ps:0.0       
duct2      FNo         W:23.46896    Tt:441.9298    Pt:4.173541    FAR:0.0         MN:0.0         Ts:0.0         Ps:0.0       
LPC        FNi         W:23.46896    Tt:441.9298    Pt:4.173541    FAR:0.0         MN:0.0         Ts:0.0         Ps:0.0       
LPC        FNideal     W:23.46896    Tt:595.5810    Pt:12.42058    FAR:0.0         MN:0.0         Ts:0.0         Ps:0.0       
LPC        FNo         W:23.46896    Tt:617.9709    Pt:12.42058    FAR:0.0         MN:0.0         Ts:0.0         Ps:0.0       
LPC        FNoBld1     W:2.346896    Tt:565.3461    Pt:5.772933    FAR:0.0         MN:0.0         Ts:0.0         Ps:0.0       
LPC        FNoBld2     W:2.346896    Tt:600.4654    Pt:7.422343    FAR:0.0         MN:0.0         Ts:0.0         Ps:0.0       
duct25     FNi         W:23.46896    Tt:617.9709    Pt:12.42058    FAR:0.0         MN:0.0         Ts:0.0         Ps:0.0       
duct25     FNo         W:23.46896    Tt:617.9709    Pt:12.23428    FAR:0.0         MN:0.0         Ts:0.0         Ps:0.0       
HPC        FNi         W:23.46896    Tt:617.9709    Pt:12.23428    FAR:0.0         MN:0.0         Ts:0.0         Ps:0.0       
HPC        FNideal     W:23.46896    Tt:1220.448    Pt:137.0381    FAR:0.0         MN:0.0         Ts:0.0         Ps:0.0       
HPC        FNo         W:19.91012    Tt:1317.231    Pt:137.0381    FAR:0.0         MN:0.0         Ts:0.0         Ps:0.0       
HPC        FNoBld1     W:1.779416    Tt:882.2869    Pt:46.17741    FAR:0.0         MN:0.0         Ts:0.0         Ps:0.0       
HPC        FNoBld2     W:1.779416    Tt:893.6008    Pt:48.17427    FAR:0.0         MN:0.0         Ts:0.0         Ps:0.0       
burner     FNi         W:19.91012    Tt:1317.231    Pt:137.0381    FAR:0.0         MN:0.0         Ts:0.0         Ps:0.0       
burner     FNo         W:20.30493    Tt:2529.106    Pt:131.5565    FAR:0.019829    MN:0.0         Ts:0.0         Ps:0.0       
HPT        FN41        W:22.08434    Tt:2406.268    Pt:131.5565    FAR:0.018202    MN:0.0         Ts:0.0         Ps:0.0       
HPT        FN42        W:22.08434    Tt:1751.867    Pt:29.58964    FAR:0.018202    MN:0.0         Ts:0.0         Ps:0.0       
HPT        FNi         W:20.30493    Tt:2529.106    Pt:131.5565    FAR:0.019829    MN:0.0         Ts:0.0         Ps:0.0       
HPT        FNiBld1     W:1.779416    Tt:893.6008    Pt:48.17427    FAR:0.0         MN:0.0         Ts:0.0         Ps:0.0       
HPT        FNiBld2     W:1.779416    Tt:882.2869    Pt:46.17741    FAR:0.0         MN:0.0         Ts:0.0         Ps:0.0       
HPT        FNideal     W:22.08434    Tt:1693.364    Pt:29.58964    FAR:0.018202    MN:0.0         Ts:0.0         Ps:0.0       
HPT        FNo         W:23.86376    Tt:1688.373    Pt:29.58964    FAR:0.016822    MN:0.0         Ts:0.0         Ps:0.0       
duct45     FNi         W:23.86376    Tt:1688.373    Pt:29.58964    FAR:0.016822    MN:0.0         Ts:0.0         Ps:0.0       
duct45     FNo         W:23.86376    Tt:1688.373    Pt:29.44169    FAR:0.016822    MN:0.0         Ts:0.0         Ps:0.0       
LPT        FN41        W:23.86376    Tt:1688.373    Pt:29.44169    FAR:0.016822    MN:0.0         Ts:0.0         Ps:0.0       
LPT        FN42        W:23.86376    Tt:1108.565    Pt:4.841904    FAR:0.016822    MN:0.0         Ts:0.0         Ps:0.0       
LPT        FNi         W:23.86376    Tt:1688.373    Pt:29.44169    FAR:0.016822    MN:0.0         Ts:0.0         Ps:0.0       
LPT        FNiBld1     W:0.0         Tt:0.0         Pt:0.0         FAR:0.0         MN:0.0         Ts:0.0         Ps:0.0       
LPT        FNiBld2     W:0.0         Tt:0.0         Pt:0.0         FAR:0.0         MN:0.0         Ts:0.0         Ps:0.0       
LPT        FNideal     W:23.86376    Tt:1062.922    Pt:4.841904    FAR:0.016822    MN:0.0         Ts:0.0         Ps:0.0       
LPT        FNo         W:23.86376    Tt:1108.565    Pt:4.841904    FAR:0.016822    MN:0.0         Ts:0.0         Ps:0.0       
duct5      FNi         W:23.86376    Tt:1108.565    Pt:4.841904    FAR:0.016822    MN:0.0         Ts:0.0         Ps:0.0       
duct5      FNo         W:23.86376    Tt:1108.565    Pt:4.793485    FAR:0.016822    MN:0.0         Ts:0.0         Ps:0.0       
priNozzl   FNi         W:23.86376    Tt:1108.565    Pt:4.793485    FAR:0.016822    MN:0.0         Ts:0.0         Ps:0.0       
priNozzl   FNo         W:23.86376    Tt:1108.565    Pt:4.793485    FAR:0.016822    MN:0.945155    Ts:952.3212    Ps:2.72003   
duct17     FNi         W:465.8332    Tt:441.9298    Pt:4.215698    FAR:0.0         MN:0.0         Ts:0.0         Ps:0.0       
duct17     FNo         W:465.8332    Tt:441.9298    Pt:4.152462    FAR:0.0         MN:0.0         Ts:0.0         Ps:0.0       
fanNozzl   FNi         W:465.8332    Tt:441.9298    Pt:4.152462    FAR:0.0         MN:0.0         Ts:0.0         Ps:0.0       
fanNozzl   FNo         W:465.8332    Tt:441.9298    Pt:4.152462    FAR:0.0         MN:0.798890    Ts:391.3507    Ps:2.72003   

Mech Ports

fan        MP          N:8648.385    hp:-3875.50    I:0.0       
LPC        MP          N:8648.385    hp:-1399.51    I:0.0       
HPC        MP          N:9093.817    hp:-6094.55    I:0.0       
HPT        MP          N:9093.817    hp:5944.425    I:0.0       
LPT        MP          N:8648.385    hp:5275.096    I:0.0       
HPshaft    MPC         N:9093.817    hp:-6094.55    I:0.0       
HPshaft    MPT         N:9093.817    hp:5944.425    I:0.0       
LPshaft    MPfan       N:8648.385    hp:-3875.50    I:0.0       
LPshaft    MPlpc       N:8648.385    hp:-1399.51    I:0.0       
LPshaft    MPlpt       N:8648.385    hp:5275.096    I:0.0       

*******************
Elements***********
*******************

FlightCond  start       W:489.3022  Tt:418.412  Pt:3.46974  Tamb:389.9  Pamb:2.720  
Duct        inlet       dP:0.002    Q:0.0       
Compressor  fan         PR:1.21742  eff:1.0227  Rline:2.0   NcMap:0.89  
Splitter    splitter    BPR:19.848  
Duct        duct2       dP:0.01     Q:0.0       
Compressor  LPC         PR:2.97603  eff:0.8721  Rline:1.56  NcMap:0.90  
Duct        duct25      dP:0.015    Q:0.0       
Compressor  HPC         PR:11.2011  eff:0.8570  Rline:1.94  NcMap:0.95  
Burner      burner      FAR:0.0198  Tout:0.0    Wfuel:0.39  dP:0.04     
Turbine     HPT         PR:4.44603  eff:0.9224  PRmap:3.01  NcMap:0.91  
Duct        duct45      dP:0.005    Q:0.0       
Turbine     LPT         PR:6.08060  eff:0.9297  PRmap:6.18  NcMap:0.87  
Duct        duct5       dP:0.01     Q:0.0       
Nozzle      priNozzle   Fg:1052.01  
Duct        duct17      dP:0.015    Q:0.0       
Nozzle      fanNozzle   Fg:11242.3  
Shaft       HPshaft     N:9093.817  HPX:150.0   
Shaft       LPshaft     N:8648.385  HPX:0.0     
Performanc  Perf        alt:40000.  MN:0.6      Fn:3442.05  SFC:0.4129  Fg:12294.3  Fram:8852.  Wfuel:0.39   

****************
Solver**********
****************

Converged:True

******************************************************************************************

time =  0.0

******************
Ports*************
******************

Electric Ports


Fluid Ports

start      FNo         W:460.4113    Tt:418.4128    Pt:3.469741    FAR:0.0         MN:0.6         Ts:389.9695    Ps:2.720017  
inlet      FNi         W:460.4113    Tt:418.4128    Pt:3.469741    FAR:0.0         MN:0.0         Ts:389.9695    Ps:2.720017  
inlet      FNo         W:460.4113    Tt:418.4128    Pt:3.462802    FAR:0.0         MN:0.0         Ts:0.0         Ps:0.0       
fan        FNi         W:460.4113    Tt:418.4128    Pt:3.462802    FAR:0.0         MN:0.0         Ts:0.0         Ps:0.0       
fan        FNideal     W:460.4113    Tt:438.7149    Pt:4.088266    FAR:0.0         MN:0.0         Ts:0.0         Ps:0.0       
fan        FNo         W:460.4113    Tt:438.1749    Pt:4.088266    FAR:0.0         MN:0.0         Ts:0.0         Ps:0.0       
fan        FNoBld1     W:0.0         Tt:418.4128    Pt:3.462802    FAR:0.0         MN:0.0         Ts:0.0         Ps:0.0       
fan        FNoBld2     W:0.0         Tt:418.4128    Pt:3.462802    FAR:0.0         MN:0.0         Ts:0.0         Ps:0.0       
splitter   FNi         W:460.4113    Tt:438.1749    Pt:4.088266    FAR:0.0         MN:0.0         Ts:0.0         Ps:0.0       
splitter   FNo1        W:21.39371    Tt:438.1749    Pt:4.088266    FAR:0.0         MN:0.0         Ts:0.0         Ps:0.0       
splitter   FNo2        W:439.0176    Tt:438.1749    Pt:4.088266    FAR:0.0         MN:0.0         Ts:0.0         Ps:0.0       
duct2      FNi         W:21.39371    Tt:438.1749    Pt:4.088266    FAR:0.0         MN:0.0         Ts:0.0         Ps:0.0       
duct2      FNo         W:21.39371    Tt:438.1749    Pt:4.047383    FAR:0.0         MN:0.0         Ts:0.0         Ps:0.0       
LPC        FNi         W:21.39371    Tt:438.1749    Pt:4.047383    FAR:0.0         MN:0.0         Ts:0.0         Ps:0.0       
LPC        FNideal     W:21.39371    Tt:588.8670    Pt:11.82613    FAR:0.0         MN:0.0         Ts:0.0         Ps:0.0       
LPC        FNo         W:21.39371    Tt:613.1106    Pt:11.82613    FAR:0.0         MN:0.0         Ts:0.0         Ps:0.0       
LPC        FNoBld1     W:2.139371    Tt:560.8160    Pt:5.445126    FAR:0.0         MN:0.0         Ts:0.0         Ps:0.0       
LPC        FNoBld2     W:2.139371    Tt:595.7064    Pt:7.000877    FAR:0.0         MN:0.0         Ts:0.0         Ps:0.0       
duct25     FNi         W:21.39371    Tt:613.1106    Pt:11.82613    FAR:0.0         MN:0.0         Ts:0.0         Ps:0.0       
duct25     FNo         W:21.39371    Tt:613.1106    Pt:11.64874    FAR:0.0         MN:0.0         Ts:0.0         Ps:0.0       
HPC        FNi         W:21.39371    Tt:613.1106    Pt:11.64874    FAR:0.0         MN:0.0         Ts:0.0         Ps:0.0       
HPC        FNideal     W:21.39371    Tt:1180.241    Pt:120.0951    FAR:0.0         MN:0.0         Ts:0.0         Ps:0.0       
HPC        FNo         W:18.14956    Tt:1270.571    Pt:120.0951    FAR:0.0         MN:0.0         Ts:0.0         Ps:0.0       
HPC        FNoBld1     W:1.622071    Tt:861.1968    Pt:40.12515    FAR:0.0         MN:0.0         Ts:0.0         Ps:0.0       
HPC        FNoBld2     W:1.622071    Tt:871.8049    Pt:41.86030    FAR:0.0         MN:0.0         Ts:0.0         Ps:0.0       
burner     FNi         W:18.14956    Tt:1270.571    Pt:120.0951    FAR:0.0         MN:0.0         Ts:0.0         Ps:0.0       
burner     FNo         W:18.46408    Tt:2344.317    Pt:115.2913    FAR:0.017329    MN:0.0         Ts:0.0         Ps:0.0       
HPT        FN41        W:20.08615    Tt:2232.997    Pt:115.2913    FAR:0.015907    MN:0.0         Ts:0.0         Ps:0.0       
HPT        FN42        W:20.08615    Tt:1609.412    Pt:25.81980    FAR:0.015907    MN:0.0         Ts:0.0         Ps:0.0       
HPT        FNi         W:18.46408    Tt:2344.317    Pt:115.2913    FAR:0.017329    MN:0.0         Ts:0.0         Ps:0.0       
HPT        FNiBld1     W:1.622071    Tt:871.8049    Pt:41.86030    FAR:0.0         MN:0.0         Ts:0.0         Ps:0.0       
HPT        FNiBld2     W:1.622071    Tt:861.1968    Pt:40.12515    FAR:0.0         MN:0.0         Ts:0.0         Ps:0.0       
HPT        FNideal     W:20.08615    Tt:1553.388    Pt:25.81980    FAR:0.015907    MN:0.0         Ts:0.0         Ps:0.0       
HPT        FNo         W:21.70822    Tt:1554.371    Pt:25.81980    FAR:0.014701    MN:0.0         Ts:0.0         Ps:0.0       
duct45     FNi         W:21.70822    Tt:1554.371    Pt:25.81980    FAR:0.014701    MN:0.0         Ts:0.0         Ps:0.0       
duct45     FNo         W:21.70822    Tt:1554.371    Pt:25.69070    FAR:0.014701    MN:0.0         Ts:0.0         Ps:0.0       
LPT        FN41        W:21.70822    Tt:1554.371    Pt:25.69070    FAR:0.014701    MN:0.0         Ts:0.0         Ps:0.0       
LPT        FN42        W:21.70822    Tt:1021.672    Pt:4.314717    FAR:0.014701    MN:0.0         Ts:0.0         Ps:0.0       
LPT        FNi         W:21.70822    Tt:1554.371    Pt:25.69070    FAR:0.014701    MN:0.0         Ts:0.0         Ps:0.0       
LPT        FNiBld1     W:0.0         Tt:0.0         Pt:0.0         FAR:0.0         MN:0.0         Ts:0.0         Ps:0.0       
LPT        FNiBld2     W:0.0         Tt:0.0         Pt:0.0         FAR:0.0         MN:0.0         Ts:0.0         Ps:0.0       
LPT        FNideal     W:21.70822    Tt:980.2616    Pt:4.314717    FAR:0.014701    MN:0.0         Ts:0.0         Ps:0.0       
LPT        FNo         W:21.70822    Tt:1021.672    Pt:4.314717    FAR:0.014701    MN:0.0         Ts:0.0         Ps:0.0       
duct5      FNi         W:21.70822    Tt:1021.672    Pt:4.314717    FAR:0.014701    MN:0.0         Ts:0.0         Ps:0.0       
duct5      FNo         W:21.70822    Tt:1021.672    Pt:4.271570    FAR:0.014701    MN:0.0         Ts:0.0         Ps:0.0       
priNozzl   FNi         W:21.70822    Tt:1021.672    Pt:4.271570    FAR:0.014701    MN:0.0         Ts:0.0         Ps:0.0       
priNozzl   FNo         W:21.70822    Tt:1021.672    Pt:4.271570    FAR:0.014701    MN:0.836303    Ts:903.9788    Ps:2.72003   
duct17     FNi         W:439.0176    Tt:438.1749    Pt:4.088266    FAR:0.0         MN:0.0         Ts:0.0         Ps:0.0       
duct17     FNo         W:439.0176    Tt:438.1749    Pt:4.026942    FAR:0.0         MN:0.0         Ts:0.0         Ps:0.0       
fanNozzl   FNi         W:439.0176    Tt:438.1749    Pt:4.026942    FAR:0.0         MN:0.0         Ts:0.0         Ps:0.0       
fanNozzl   FNo         W:439.0176    Tt:438.1749    Pt:4.026942    FAR:0.0         MN:0.768691    Ts:391.3463    Ps:2.72003   

Mech Ports

fan        MP          N:8265.882    hp:-3064.40    I:0.0       
LPC        MP          N:8265.882    hp:-1267.40    I:0.0       
HPC        MP          N:8962.180    hp:-5209.03    I:0.0       
HPT        MP          N:8962.180    hp:5059.064    I:0.0       
LPT        MP          N:8265.882    hp:4331.840    I:0.0       
HPshaft    MPC         N:8962.180    hp:-5209.03    I:0.0       
HPshaft    MPT         N:8962.180    hp:5059.064    I:0.0       
LPshaft    MPfan       N:8265.882    hp:-3064.40    I:0.0       
LPshaft    MPlpc       N:8265.882    hp:-1267.40    I:0.0       
LPshaft    MPlpt       N:8265.882    hp:4331.840    I:0.0       

*******************
Elements***********
*******************

FlightCond  start       W:460.4113  Tt:418.412  Pt:3.46974  Tamb:389.9  Pamb:2.720  
Duct        inlet       dP:0.002    Q:0.0       
Compressor  fan         PR:1.18062  eff:1.0273  Rline:2.0   NcMap:0.85  
Splitter    splitter    BPR:20.520  
Duct        duct2       dP:0.01     Q:0.0       
Compressor  LPC         PR:2.92192  eff:0.8607  Rline:1.48  NcMap:0.87  
Duct        duct25      dP:0.015    Q:0.0       
Compressor  HPC         PR:10.3097  eff:0.8584  Rline:2.00  NcMap:0.94  
Burner      burner      FAR:0.0173  Tout:0.0    Wfuel:0.31  dP:0.04     
Turbine     HPT         PR:4.46522  eff:0.9223  PRmap:3.02  NcMap:0.93  
Duct        duct45      dP:0.005    Q:0.0       
Turbine     LPT         PR:5.95420  eff:0.9302  PRmap:6.05  NcMap:0.87  
Duct        duct5       dP:0.01     Q:0.0       
Nozzle      priNozzle   Fg:826.211  
Duct        duct17      dP:0.015    Q:0.0       
Nozzle      fanNozzle   Fg:10194.5  
Shaft       HPshaft     N:8962.180  HPX:150.0   
Shaft       LPshaft     N:8265.882  HPX:0.0     
Performanc  Perf        alt:40000.  MN:0.6      Fn:2691.20  SFC:0.4207  Fg:11020.7  Fram:8329.  Wfuel:0.31   

****************
Solver**********
****************

Converged:True

******************************************************************************************

time =  0.0

******************
Ports*************
******************

Electric Ports


Fluid Ports

start      FNo         W:418.5253    Tt:418.4128    Pt:3.469741    FAR:0.0         MN:0.6         Ts:389.9695    Ps:2.720017  
inlet      FNi         W:418.5253    Tt:418.4128    Pt:3.469741    FAR:0.0         MN:0.0         Ts:389.9695    Ps:2.720017  
inlet      FNo         W:418.5253    Tt:418.4128    Pt:3.462802    FAR:0.0         MN:0.0         Ts:0.0         Ps:0.0       
fan        FNi         W:418.5253    Tt:418.4128    Pt:3.462802    FAR:0.0         MN:0.0         Ts:0.0         Ps:0.0       
fan        FNideal     W:418.5253    Tt:434.2616    Pt:3.942168    FAR:0.0         MN:0.0         Ts:0.0         Ps:0.0       
fan        FNo         W:418.5253    Tt:433.8252    Pt:3.942168    FAR:0.0         MN:0.0         Ts:0.0         Ps:0.0       
fan        FNoBld1     W:0.0         Tt:418.4128    Pt:3.462802    FAR:0.0         MN:0.0         Ts:0.0         Ps:0.0       
fan        FNoBld2     W:0.0         Tt:418.4128    Pt:3.462802    FAR:0.0         MN:0.0         Ts:0.0         Ps:0.0       
splitter   FNi         W:418.5253    Tt:433.8252    Pt:3.942168    FAR:0.0         MN:0.0         Ts:0.0         Ps:0.0       
splitter   FNo1        W:18.23779    Tt:433.8252    Pt:3.942168    FAR:0.0         MN:0.0         Ts:0.0         Ps:0.0       
splitter   FNo2        W:400.2876    Tt:433.8252    Pt:3.942168    FAR:0.0         MN:0.0         Ts:0.0         Ps:0.0       
duct2      FNi         W:18.23779    Tt:433.8252    Pt:3.942168    FAR:0.0         MN:0.0         Ts:0.0         Ps:0.0       
duct2      FNo         W:18.23779    Tt:433.8252    Pt:3.902746    FAR:0.0         MN:0.0         Ts:0.0         Ps:0.0       
LPC        FNi         W:18.23779    Tt:433.8252    Pt:3.902746    FAR:0.0         MN:0.0         Ts:0.0         Ps:0.0       
LPC        FNideal     W:18.23779    Tt:581.3573    Pt:11.15042    FAR:0.0         MN:0.0         Ts:0.0         Ps:0.0       
LPC        FNo         W:18.23779    Tt:611.3312    Pt:11.15042    FAR:0.0         MN:0.0         Ts:0.0         Ps:0.0       
LPC        FNoBld1     W:1.823779    Tt:558.2724    Pt:5.073374    FAR:0.0         MN:0.0         Ts:0.0         Ps:0.0       
LPC        FNoBld2     W:1.823779    Tt:593.6686    Pt:6.522910    FAR:0.0         MN:0.0         Ts:0.0         Ps:0.0       
duct25     FNi         W:18.23779    Tt:611.3312    Pt:11.15042    FAR:0.0         MN:0.0         Ts:0.0         Ps:0.0       
duct25     FNo         W:18.23779    Tt:611.3312    Pt:10.98316    FAR:0.0         MN:0.0         Ts:0.0         Ps:0.0       
HPC        FNi         W:18.23779    Tt:611.3312    Pt:10.98316    FAR:0.0         MN:0.0         Ts:0.0         Ps:0.0       
HPC        FNideal     W:18.23779    Tt:1133.727    Pt:97.99329    FAR:0.0         MN:0.0         Ts:0.0         Ps:0.0       
HPC        FNo         W:15.47221    Tt:1222.180    Pt:97.99329    FAR:0.0         MN:0.0         Ts:0.0         Ps:0.0       
HPC        FNoBld1     W:1.382789    Tt:841.4116    Pt:32.19374    FAR:0.0         MN:0.0         Ts:0.0         Ps:0.0       
HPC        FNoBld2     W:1.382789    Tt:851.2792    Pt:33.58591    FAR:0.0         MN:0.0         Ts:0.0         Ps:0.0       
burner     FNi         W:15.47221    Tt:1222.180    Pt:97.99329    FAR:0.0         MN:0.0         Ts:0.0         Ps:0.0       
burner     FNo         W:15.70165    Tt:2154.476    Pt:94.07356    FAR:0.014829    MN:0.0         Ts:0.0         Ps:0.0       
HPT        FN41        W:17.08444    Tt:2055.320    Pt:94.07356    FAR:0.013612    MN:0.0         Ts:0.0         Ps:0.0       
HPT        FN42        W:17.08444    Tt:1469.373    Pt:20.98433    FAR:0.013612    MN:0.0         Ts:0.0         Ps:0.0       
HPT        FNi         W:15.70165    Tt:2154.476    Pt:94.07356    FAR:0.014829    MN:0.0         Ts:0.0         Ps:0.0       
HPT        FNiBld1     W:1.382789    Tt:851.2792    Pt:33.58591    FAR:0.0         MN:0.0         Ts:0.0         Ps:0.0       
HPT        FNiBld2     W:1.382789    Tt:841.4116    Pt:32.19374    FAR:0.0         MN:0.0         Ts:0.0         Ps:0.0       
HPT        FNideal     W:17.08444    Tt:1416.500    Pt:20.98433    FAR:0.013612    MN:0.0         Ts:0.0         Ps:0.0       
HPT        FNo         W:18.46723    Tt:1422.741    Pt:20.98433    FAR:0.012580    MN:0.0         Ts:0.0         Ps:0.0       
duct45     FNi         W:18.46723    Tt:1422.741    Pt:20.98433    FAR:0.012580    MN:0.0         Ts:0.0         Ps:0.0       
duct45     FNo         W:18.46723    Tt:1422.741    Pt:20.87941    FAR:0.012580    MN:0.0         Ts:0.0         Ps:0.0       
LPT        FN41        W:18.46723    Tt:1422.741    Pt:20.87941    FAR:0.012580    MN:0.0         Ts:0.0         Ps:0.0       
LPT        FN42        W:18.46723    Tt:942.3773    Pt:3.778416    FAR:0.012580    MN:0.0         Ts:0.0         Ps:0.0       
LPT        FNi         W:18.46723    Tt:1422.741    Pt:20.87941    FAR:0.012580    MN:0.0         Ts:0.0         Ps:0.0       
LPT        FNiBld1     W:0.0         Tt:0.0         Pt:0.0         FAR:0.0         MN:0.0         Ts:0.0         Ps:0.0       
LPT        FNiBld2     W:0.0         Tt:0.0         Pt:0.0         FAR:0.0         MN:0.0         Ts:0.0         Ps:0.0       
LPT        FNideal     W:18.46723    Tt:905.1483    Pt:3.778416    FAR:0.012580    MN:0.0         Ts:0.0         Ps:0.0       
LPT        FNo         W:18.46723    Tt:942.3773    Pt:3.778416    FAR:0.012580    MN:0.0         Ts:0.0         Ps:0.0       
duct5      FNi         W:18.46723    Tt:942.3773    Pt:3.778416    FAR:0.012580    MN:0.0         Ts:0.0         Ps:0.0       
duct5      FNo         W:18.46723    Tt:942.3773    Pt:3.740631    FAR:0.012580    MN:0.0         Ts:0.0         Ps:0.0       
priNozzl   FNi         W:18.46723    Tt:942.3773    Pt:3.740631    FAR:0.012580    MN:0.0         Ts:0.0         Ps:0.0       
priNozzl   FNo         W:18.46723    Tt:942.3773    Pt:3.740631    FAR:0.012580    MN:0.694317    Ts:863.9086    Ps:2.72003   
duct17     FNi         W:400.2876    Tt:433.8252    Pt:3.942168    FAR:0.0         MN:0.0         Ts:0.0         Ps:0.0       
duct17     FNo         W:400.2876    Tt:433.8252    Pt:3.883035    FAR:0.0         MN:0.0         Ts:0.0         Ps:0.0       
fanNozzl   FNi         W:400.2876    Tt:433.8252    Pt:3.883035    FAR:0.0         MN:0.0         Ts:0.0         Ps:0.0       
fanNozzl   FNo         W:400.2876    Tt:433.8252    Pt:3.883035    FAR:0.0         MN:0.731291    Ts:391.4316    Ps:2.72003   

Mech Ports

fan        MP          N:7740.425    hp:-2172.50    I:0.0       
LPC        MP          N:7740.425    hp:-1096.10    I:0.0       
HPC        MP          N:8765.810    hp:-4114.74    I:0.0       
HPT        MP          N:8765.810    hp:3964.742    I:0.0       
LPT        MP          N:7740.425    hp:3268.595    I:0.0       
HPshaft    MPC         N:8765.810    hp:-4114.74    I:0.0       
HPshaft    MPT         N:8765.810    hp:3964.742    I:0.0       
LPshaft    MPfan       N:7740.425    hp:-2172.50    I:0.0       
LPshaft    MPlpc       N:7740.425    hp:-1096.10    I:0.0       
LPshaft    MPlpt       N:7740.425    hp:3268.595    I:0.0       

*******************
Elements***********
*******************

FlightCond  start       W:418.5253  Tt:418.412  Pt:3.46974  Tamb:389.9  Pamb:2.720  
Duct        inlet       dP:0.002    Q:0.0       
Compressor  fan         PR:1.13843  eff:1.0283  Rline:2.0   NcMap:0.80  
Splitter    splitter    BPR:21.948  
Duct        duct2       dP:0.01     Q:0.0       
Compressor  LPC         PR:2.85707  eff:0.8304  Rline:1.26  NcMap:0.82  
Duct        duct25      dP:0.015    Q:0.0       
Compressor  HPC         PR:8.92213  eff:0.8512  Rline:1.99  NcMap:0.92  
Burner      burner      FAR:0.0148  Tout:0.0    Wfuel:0.22  dP:0.04     
Turbine     HPT         PR:4.48303  eff:0.9222  PRmap:3.03  NcMap:0.95  
Duct        duct45      dP:0.005    Q:0.0       
Turbine     LPT         PR:5.52597  eff:0.9301  PRmap:5.62  NcMap:0.85  
Duct        duct5       dP:0.01     Q:0.0       
Nozzle      priNozzle   Fg:571.164  
Duct        duct17      dP:0.015    Q:0.0       
Nozzle      fanNozzle   Fg:8843.91  
Shaft       HPshaft     N:8765.810  HPX:150.0   
Shaft       LPshaft     N:7740.425  HPX:0.0     
Performanc  Perf        alt:40000.  MN:0.6      Fn:1843.28  SFC:0.4481  Fg:9415.08  Fram:7571.  Wfuel:0.22   

****************
Solver**********
****************

Converged:True

******************************************************************************************

time =  0.0

******************
Ports*************
******************

Electric Ports


Fluid Ports

start      FNo         W:391.8444    Tt:418.4128    Pt:3.469741    FAR:0.0         MN:0.6         Ts:389.9695    Ps:2.720017  
inlet      FNi         W:391.8444    Tt:418.4128    Pt:3.469741    FAR:0.0         MN:0.0         Ts:389.9695    Ps:2.720017  
inlet      FNo         W:391.8444    Tt:418.4128    Pt:3.462802    FAR:0.0         MN:0.0         Ts:0.0         Ps:0.0       
fan        FNi         W:391.8444    Tt:418.4128    Pt:3.462802    FAR:0.0         MN:0.0         Ts:0.0         Ps:0.0       
fan        FNideal     W:391.8444    Tt:430.1963    Pt:3.813052    FAR:0.0         MN:0.0         Ts:0.0         Ps:0.0       
fan        FNo         W:391.8444    Tt:429.9724    Pt:3.813052    FAR:0.0         MN:0.0         Ts:0.0         Ps:0.0       
fan        FNoBld1     W:0.0         Tt:418.4128    Pt:3.462802    FAR:0.0         MN:0.0         Ts:0.0         Ps:0.0       
fan        FNoBld2     W:0.0         Tt:418.4128    Pt:3.462802    FAR:0.0         MN:0.0         Ts:0.0         Ps:0.0       
splitter   FNi         W:391.8444    Tt:429.9724    Pt:3.813052    FAR:0.0         MN:0.0         Ts:0.0         Ps:0.0       
splitter   FNo1        W:16.37450    Tt:429.9724    Pt:3.813052    FAR:0.0         MN:0.0         Ts:0.0         Ps:0.0       
splitter   FNo2        W:375.4699    Tt:429.9724    Pt:3.813052    FAR:0.0         MN:0.0         Ts:0.0         Ps:0.0       
duct2      FNi         W:16.37450    Tt:429.9724    Pt:3.813052    FAR:0.0         MN:0.0         Ts:0.0         Ps:0.0       
duct2      FNo         W:16.37450    Tt:429.9724    Pt:3.774921    FAR:0.0         MN:0.0         Ts:0.0         Ps:0.0       
LPC        FNi         W:16.37450    Tt:429.9724    Pt:3.774921    FAR:0.0         MN:0.0         Ts:0.0         Ps:0.0       
LPC        FNideal     W:16.37450    Tt:574.5343    Pt:10.51953    FAR:0.0         MN:0.0         Ts:0.0         Ps:0.0       
LPC        FNo         W:16.37450    Tt:606.3473    Pt:10.51953    FAR:0.0         MN:0.0         Ts:0.0         Ps:0.0       
LPC        FNoBld1     W:1.637450    Tt:553.6264    Pt:4.721226    FAR:0.0         MN:0.0         Ts:0.0         Ps:0.0       
LPC        FNoBld2     W:1.637450    Tt:588.7870    Pt:6.070148    FAR:0.0         MN:0.0         Ts:0.0         Ps:0.0       
duct25     FNi         W:16.37450    Tt:606.3473    Pt:10.51953    FAR:0.0         MN:0.0         Ts:0.0         Ps:0.0       
duct25     FNo         W:16.37450    Tt:606.3473    Pt:10.36173    FAR:0.0         MN:0.0         Ts:0.0         Ps:0.0       
HPC        FNi         W:16.37450    Tt:606.3473    Pt:10.36173    FAR:0.0         MN:0.0         Ts:0.0         Ps:0.0       
HPC        FNideal     W:16.37450    Tt:1090.933    Pt:83.91674    FAR:0.0         MN:0.0         Ts:0.0         Ps:0.0       
HPC        FNo         W:13.89147    Tt:1177.358    Pt:83.91674    FAR:0.0         MN:0.0         Ts:0.0         Ps:0.0       
HPC        FNoBld1     W:1.241515    Tt:821.0674    Pt:27.21535    FAR:0.0         MN:0.0         Ts:0.0         Ps:0.0       
HPC        FNoBld2     W:1.241515    Tt:830.2732    Pt:28.39223    FAR:0.0         MN:0.0         Ts:0.0         Ps:0.0       
burner     FNi         W:13.89147    Tt:1177.358    Pt:83.91674    FAR:0.0         MN:0.0         Ts:0.0         Ps:0.0       
burner     FNo         W:14.06274    Tt:1963.964    Pt:80.56007    FAR:0.012329    MN:0.0         Ts:0.0         Ps:0.0       
HPT        FN41        W:15.30426    Tt:1877.144    Pt:80.56007    FAR:0.011317    MN:0.0         Ts:0.0         Ps:0.0       
HPT        FN42        W:15.30426    Tt:1321.650    Pt:17.85744    FAR:0.011317    MN:0.0         Ts:0.0         Ps:0.0       
HPT        FNi         W:14.06274    Tt:1963.964    Pt:80.56007    FAR:0.012329    MN:0.0         Ts:0.0         Ps:0.0       
HPT        FNiBld1     W:1.241515    Tt:830.2732    Pt:28.39223    FAR:0.0         MN:0.0         Ts:0.0         Ps:0.0       
HPT        FNiBld2     W:1.241515    Tt:821.0674    Pt:27.21535    FAR:0.0         MN:0.0         Ts:0.0         Ps:0.0       
HPT        FNideal     W:15.30426    Tt:1271.378    Pt:17.85744    FAR:0.011317    MN:0.0         Ts:0.0         Ps:0.0       
HPT        FNo         W:16.54577    Tt:1284.158    Pt:17.85744    FAR:0.010459    MN:0.0         Ts:0.0         Ps:0.0       
duct45     FNi         W:16.54577    Tt:1284.158    Pt:17.85744    FAR:0.010459    MN:0.0         Ts:0.0         Ps:0.0       
duct45     FNo         W:16.54577    Tt:1284.158    Pt:17.76815    FAR:0.010459    MN:0.0         Ts:0.0         Ps:0.0       
LPT        FN41        W:16.54577    Tt:1284.158    Pt:17.76815    FAR:0.010459    MN:0.0         Ts:0.0         Ps:0.0       
LPT        FN42        W:16.54577    Tt:866.8724    Pt:3.499518    FAR:0.010459    MN:0.0         Ts:0.0         Ps:0.0       
LPT        FNi         W:16.54577    Tt:1284.158    Pt:17.76815    FAR:0.010459    MN:0.0         Ts:0.0         Ps:0.0       
LPT        FNiBld1     W:0.0         Tt:0.0         Pt:0.0         FAR:0.0         MN:0.0         Ts:0.0         Ps:0.0       
LPT        FNiBld2     W:0.0         Tt:0.0         Pt:0.0         FAR:0.0         MN:0.0         Ts:0.0         Ps:0.0       
LPT        FNideal     W:16.54577    Tt:837.1961    Pt:3.499518    FAR:0.010459    MN:0.0         Ts:0.0         Ps:0.0       
LPT        FNo         W:16.54577    Tt:866.8724    Pt:3.499518    FAR:0.010459    MN:0.0         Ts:0.0         Ps:0.0       
duct5      FNi         W:16.54577    Tt:866.8724    Pt:3.499518    FAR:0.010459    MN:0.0         Ts:0.0         Ps:0.0       
duct5      FNo         W:16.54577    Tt:866.8724    Pt:3.464523    FAR:0.010459    MN:0.0         Ts:0.0         Ps:0.0       
priNozzl   FNi         W:16.54577    Tt:866.8724    Pt:3.464523    FAR:0.010459    MN:0.0         Ts:0.0         Ps:0.0       
priNozzl   FNo         W:16.54577    Tt:866.8724    Pt:3.464523    FAR:0.010459    MN:0.601776    Ts:810.8878    Ps:2.72003   
duct17     FNi         W:375.4699    Tt:429.9724    Pt:3.813052    FAR:0.0         MN:0.0         Ts:0.0         Ps:0.0       
duct17     FNo         W:375.4699    Tt:429.9724    Pt:3.755856    FAR:0.0         MN:0.0         Ts:0.0         Ps:0.0       
fanNozzl   FNi         W:375.4699    Tt:429.9724    Pt:3.755856    FAR:0.0         MN:0.0         Ts:0.0         Ps:0.0       
fanNozzl   FNo         W:375.4699    Tt:429.9724    Pt:3.755856    FAR:0.0         MN:0.695302    Ts:391.6280    Ps:2.72003   

Mech Ports

fan        MP          N:7325.072    hp:-1525.53    I:0.0       
LPC        MP          N:7325.072    hp:-977.565    I:0.0       
HPC        MP          N:8641.099    hp:-3444.61    I:0.0       
HPT        MP          N:8641.099    hp:3294.617    I:0.0       
LPT        MP          N:7325.072    hp:2503.109    I:0.0       
HPshaft    MPC         N:8641.099    hp:-3444.61    I:0.0       
HPshaft    MPT         N:8641.099    hp:3294.617    I:0.0       
LPshaft    MPfan       N:7325.072    hp:-1525.53    I:0.0       
LPshaft    MPlpc       N:7325.072    hp:-977.565    I:0.0       
LPshaft    MPlpt       N:7325.072    hp:2503.109    I:0.0       

*******************
Elements***********
*******************

FlightCond  start       W:391.8444  Tt:418.412  Pt:3.46974  Tamb:389.9  Pamb:2.720  
Duct        inlet       dP:0.002    Q:0.0       
Compressor  fan         PR:1.10114  eff:1.0193  Rline:2.0   NcMap:0.76  
Splitter    splitter    BPR:22.930  
Duct        duct2       dP:0.01     Q:0.0       
Compressor  LPC         PR:2.78668  eff:0.8189  Rline:1.20  NcMap:0.78  
Duct        duct25      dP:0.015    Q:0.0       
Compressor  HPC         PR:8.09871  eff:0.8449  Rline:2.04  NcMap:0.92  
Burner      burner      FAR:0.0123  Tout:0.0    Wfuel:0.17  dP:0.04     
Turbine     HPT         PR:4.51128  eff:0.9222  PRmap:3.05  NcMap:0.98  
Duct        duct45      dP:0.005    Q:0.0       
Turbine     LPT         PR:5.07731  eff:0.9351  PRmap:5.16  NcMap:0.85  
Duct        duct5       dP:0.01     Q:0.0       
Nozzle      priNozzle   Fg:430.326  
Duct        duct17      dP:0.015    Q:0.0       
Nozzle      fanNozzle   Fg:7889.31  
Shaft       HPshaft     N:8641.099  HPX:150.0   
Shaft       LPshaft     N:7325.072  HPX:0.0     
Performanc  Perf        alt:40000.  MN:0.6      Fn:1230.54  SFC:0.5010  Fg:8319.64  Fram:7089.  Wfuel:0.17   

****************
Solver**********
****************

Converged:True

******************************************************************************************

time =  0.0

******************
Ports*************
******************

Electric Ports


Fluid Ports

start      FNo         W:369.7650    Tt:418.4128    Pt:3.469741    FAR:0.0         MN:0.6         Ts:389.9695    Ps:2.720017  
inlet      FNi         W:369.7650    Tt:418.4128    Pt:3.469741    FAR:0.0         MN:0.0         Ts:389.9695    Ps:2.720017  
inlet      FNo         W:369.7650    Tt:418.4128    Pt:3.462802    FAR:0.0         MN:0.0         Ts:0.0         Ps:0.0       
fan        FNi         W:369.7650    Tt:418.4128    Pt:3.462802    FAR:0.0         MN:0.0         Ts:0.0         Ps:0.0       
fan        FNideal     W:369.7650    Tt:425.8902    Pt:3.681117    FAR:0.0         MN:0.0         Ts:0.0         Ps:0.0       
fan        FNo         W:369.7650    Tt:425.8392    Pt:3.681117    FAR:0.0         MN:0.0         Ts:0.0         Ps:0.0       
fan        FNoBld1     W:0.0         Tt:418.4128    Pt:3.462802    FAR:0.0         MN:0.0         Ts:0.0         Ps:0.0       
fan        FNoBld2     W:0.0         Tt:418.4128    Pt:3.462802    FAR:0.0         MN:0.0         Ts:0.0         Ps:0.0       
splitter   FNi         W:369.7650    Tt:425.8392    Pt:3.681117    FAR:0.0         MN:0.0         Ts:0.0         Ps:0.0       
splitter   FNo1        W:14.15001    Tt:425.8392    Pt:3.681117    FAR:0.0         MN:0.0         Ts:0.0         Ps:0.0       
splitter   FNo2        W:355.6150    Tt:425.8392    Pt:3.681117    FAR:0.0         MN:0.0         Ts:0.0         Ps:0.0       
duct2      FNi         W:14.15001    Tt:425.8392    Pt:3.681117    FAR:0.0         MN:0.0         Ts:0.0         Ps:0.0       
duct2      FNo         W:14.15001    Tt:425.8392    Pt:3.644306    FAR:0.0         MN:0.0         Ts:0.0         Ps:0.0       
LPC        FNi         W:14.15001    Tt:425.8392    Pt:3.644306    FAR:0.0         MN:0.0         Ts:0.0         Ps:0.0       
LPC        FNideal     W:14.15001    Tt:568.0535    Pt:9.979126    FAR:0.0         MN:0.0         Ts:0.0         Ps:0.0       
LPC        FNo         W:14.15001    Tt:606.2207    Pt:9.979126    FAR:0.0         MN:0.0         Ts:0.0         Ps:0.0       
LPC        FNoBld1     W:1.415001    Tt:552.3078    Pt:4.434374    FAR:0.0         MN:0.0         Ts:0.0         Ps:0.0       
LPC        FNoBld2     W:1.415001    Tt:588.2627    Pt:5.701338    FAR:0.0         MN:0.0         Ts:0.0         Ps:0.0       
duct25     FNi         W:14.15001    Tt:606.2207    Pt:9.979126    FAR:0.0         MN:0.0         Ts:0.0         Ps:0.0       
duct25     FNo         W:14.15001    Tt:606.2207    Pt:9.829439    FAR:0.0         MN:0.0         Ts:0.0         Ps:0.0       
HPC        FNi         W:14.15001    Tt:606.2207    Pt:9.829439    FAR:0.0         MN:0.0         Ts:0.0         Ps:0.0       
HPC        FNideal     W:14.15001    Tt:1045.452    Pt:68.69864    FAR:0.0         MN:0.0         Ts:0.0         Ps:0.0       
HPC        FNo         W:12.00430    Tt:1130.274    Pt:68.69864    FAR:0.0         MN:0.0         Ts:0.0         Ps:0.0       
HPC        FNoBld1     W:1.072854    Tt:802.9665    Pt:21.78160    FAR:0.0         MN:0.0         Ts:0.0         Ps:0.0       
HPC        FNoBld2     W:1.072854    Tt:811.3949    Pt:22.72351    FAR:0.0         MN:0.0         Ts:0.0         Ps:0.0       
burner     FNi         W:12.00430    Tt:1130.274    Pt:68.69864    FAR:0.0         MN:0.0         Ts:0.0         Ps:0.0       
burner     FNo         W:12.12229    Tt:1767.498    Pt:65.95070    FAR:0.009829    MN:0.0         Ts:0.0         Ps:0.0       
HPT        FN41        W:13.19515    Tt:1693.741    Pt:65.95070    FAR:0.009022    MN:0.0         Ts:0.0         Ps:0.0       
HPT        FN42        W:13.19515    Tt:1178.075    Pt:14.57647    FAR:0.009022    MN:0.0         Ts:0.0         Ps:0.0       
HPT        FNi         W:12.12229    Tt:1767.498    Pt:65.95070    FAR:0.009829    MN:0.0         Ts:0.0         Ps:0.0       
HPT        FNiBld1     W:1.072854    Tt:811.3949    Pt:22.72351    FAR:0.0         MN:0.0         Ts:0.0         Ps:0.0       
HPT        FNiBld2     W:1.072854    Tt:802.9665    Pt:21.78160    FAR:0.0         MN:0.0         Ts:0.0         Ps:0.0       
HPT        FNideal     W:13.19515    Tt:1129.862    Pt:14.57647    FAR:0.009022    MN:0.0         Ts:0.0         Ps:0.0       
HPT        FNo         W:14.26800    Tt:1149.771    Pt:14.57647    FAR:0.008338    MN:0.0         Ts:0.0         Ps:0.0       
duct45     FNi         W:14.26800    Tt:1149.771    Pt:14.57647    FAR:0.008338    MN:0.0         Ts:0.0         Ps:0.0       
duct45     FNo         W:14.26800    Tt:1149.771    Pt:14.50358    FAR:0.008338    MN:0.0         Ts:0.0         Ps:0.0       
LPT        FN41        W:14.26800    Tt:1149.771    Pt:14.50358    FAR:0.008338    MN:0.0         Ts:0.0         Ps:0.0       
LPT        FN42        W:14.26800    Tt:798.9282    Pt:3.263145    FAR:0.008338    MN:0.0         Ts:0.0         Ps:0.0       
LPT        FNi         W:14.26800    Tt:1149.771    Pt:14.50358    FAR:0.008338    MN:0.0         Ts:0.0         Ps:0.0       
LPT        FNiBld1     W:0.0         Tt:0.0         Pt:0.0         FAR:0.0         MN:0.0         Ts:0.0         Ps:0.0       
LPT        FNiBld2     W:0.0         Tt:0.0         Pt:0.0         FAR:0.0         MN:0.0         Ts:0.0         Ps:0.0       
LPT        FNideal     W:14.26800    Tt:777.6795    Pt:3.263145    FAR:0.008338    MN:0.0         Ts:0.0         Ps:0.0       
LPT        FNo         W:14.26800    Tt:798.9282    Pt:3.263145    FAR:0.008338    MN:0.0         Ts:0.0         Ps:0.0       
duct5      FNi         W:14.26800    Tt:798.9282    Pt:3.263145    FAR:0.008338    MN:0.0         Ts:0.0         Ps:0.0       
duct5      FNo         W:14.26800    Tt:798.9282    Pt:3.230513    FAR:0.008338    MN:0.0         Ts:0.0         Ps:0.0       
priNozzl   FNi         W:14.26800    Tt:798.9282    Pt:3.230513    FAR:0.008338    MN:0.0         Ts:0.0         Ps:0.0       
priNozzl   FNo         W:14.26800    Tt:798.9282    Pt:3.230513    FAR:0.008338    MN:0.502272    Ts:761.8711    Ps:2.72003   
duct17     FNi         W:355.6150    Tt:425.8392    Pt:3.681117    FAR:0.0         MN:0.0         Ts:0.0         Ps:0.0       
duct17     FNo         W:355.6150    Tt:425.8392    Pt:3.625900    FAR:0.0         MN:0.0         Ts:0.0         Ps:0.0       
fanNozzl   FNi         W:355.6150    Tt:425.8392    Pt:3.625900    FAR:0.0         MN:0.0         Ts:0.0         Ps:0.0       
fanNozzl   FNo         W:355.6150    Tt:425.8392    Pt:3.625900    FAR:0.0         MN:0.655183    Ts:391.7773    Ps:2.72003   

Mech Ports

fan        MP          N:6956.420    hp:-924.850    I:0.0       
LPC        MP          N:6956.420    hp:-863.849    I:0.0       
HPC        MP          N:8499.465    hp:-2725.30    I:0.0       
HPT        MP          N:8499.465    hp:2575.305    I:0.0       
LPT        MP          N:6956.420    hp:1788.691    I:0.0       
HPshaft    MPC         N:8499.465    hp:-2725.30    I:0.0       
HPshaft    MPT         N:8499.465    hp:2575.305    I:0.0       
LPshaft    MPfan       N:6956.420    hp:-924.850    I:0.0       
LPshaft    MPlpc       N:6956.420    hp:-863.849    I:0.0       
LPshaft    MPlpt       N:6956.420    hp:1788.691    I:0.0       

*******************
Elements***********
*******************

FlightCond  start       W:369.7650  Tt:418.412  Pt:3.46974  Tamb:389.9  Pamb:2.720  
Duct        inlet       dP:0.002    Q:0.0       
Compressor  fan         PR:1.06304  eff:1.0068  Rline:2.0   NcMap:0.72  
Splitter    splitter    BPR:25.131  
Duct        duct2       dP:0.01     Q:0.0       
Compressor  LPC         PR:2.73827  eff:0.7875  Rline:1.05  NcMap:0.74  
Duct        duct25      dP:0.015    Q:0.0       
Compressor  HPC         PR:6.98907  eff:0.8346  Rline:2.12  NcMap:0.90  
Burner      burner      FAR:0.0098  Tout:0.0    Wfuel:0.11  dP:0.04     
Turbine     HPT         PR:4.52446  eff:0.9198  PRmap:3.06  NcMap:1.02  
Duct        duct45      dP:0.005    Q:0.0       
Turbine     LPT         PR:4.44466  eff:0.9439  PRmap:4.51  NcMap:0.85  
Duct        duct5       dP:0.01     Q:0.0       
Nozzle      priNozzle   Fg:300.611  
Duct        duct17      dP:0.015    Q:0.0       
Nozzle      fanNozzle   Fg:7042.31  
Shaft       HPshaft     N:8499.465  HPX:150.0   
Shaft       LPshaft     N:6956.420  HPX:0.0     
Performanc  Perf        alt:40000.  MN:0.6      Fn:653.280  SFC:0.6502  Fg:7342.92  Fram:6689.  Wfuel:0.11   

****************
Solver**********
****************

Converged:True

******************************************************************************************

time =  0.0

******************
Ports*************
******************

Electric Ports


Fluid Ports

start      FNo         W:567.0115    Tt:428.6748    Pt:3.773575    FAR:0.0         MN:0.7         Ts:389.9700    Ps:2.720030  
inlet      FNi         W:567.0115    Tt:428.6748    Pt:3.773575    FAR:0.0         MN:0.0         Ts:389.9700    Ps:2.720030  
inlet      FNo         W:567.0115    Tt:428.6748    Pt:3.766028    FAR:0.0         MN:0.0         Ts:0.0         Ps:0.0       
fan        FNi         W:567.0115    Tt:428.6748    Pt:3.766028    FAR:0.0         MN:0.0         Ts:0.0         Ps:0.0       
fan        FNideal     W:567.0115    Tt:461.9866    Pt:4.895843    FAR:0.0         MN:0.0         Ts:0.0         Ps:0.0       
fan        FNo         W:567.0115    Tt:463.0541    Pt:4.895843    FAR:0.0         MN:0.0         Ts:0.0         Ps:0.0       
fan        FNoBld1     W:0.0         Tt:428.6748    Pt:3.766028    FAR:0.0         MN:0.0         Ts:0.0         Ps:0.0       
fan        FNoBld2     W:0.0         Tt:428.6748    Pt:3.766028    FAR:0.0         MN:0.0         Ts:0.0         Ps:0.0       
splitter   FNi         W:567.0115    Tt:463.0541    Pt:4.895843    FAR:0.0         MN:0.0         Ts:0.0         Ps:0.0       
splitter   FNo1        W:31.10916    Tt:463.0541    Pt:4.895843    FAR:0.0         MN:0.0         Ts:0.0         Ps:0.0       
splitter   FNo2        W:535.9024    Tt:463.0541    Pt:4.895843    FAR:0.0         MN:0.0         Ts:0.0         Ps:0.0       
duct2      FNi         W:31.10916    Tt:463.0541    Pt:4.895843    FAR:0.0         MN:0.0         Ts:0.0         Ps:0.0       
duct2      FNo         W:31.10916    Tt:463.0541    Pt:4.846885    FAR:0.0         MN:0.0         Ts:0.0         Ps:0.0       
LPC        FNi         W:31.10916    Tt:463.0541    Pt:4.846885    FAR:0.0         MN:0.0         Ts:0.0         Ps:0.0       
LPC        FNideal     W:31.10916    Tt:626.9091    Pt:14.83301    FAR:0.0         MN:0.0         Ts:0.0         Ps:0.0       
LPC        FNo         W:31.10916    Tt:646.9809    Pt:14.83301    FAR:0.0         MN:0.0         Ts:0.0         Ps:0.0       
LPC        FNoBld1     W:3.110916    Tt:592.0120    Pt:6.990288    FAR:0.0         MN:0.0         Ts:0.0         Ps:0.0       
LPC        FNoBld2     W:3.110916    Tt:628.6662    Pt:8.987513    FAR:0.0         MN:0.0         Ts:0.0         Ps:0.0       
duct25     FNi         W:31.10916    Tt:646.9809    Pt:14.83301    FAR:0.0         MN:0.0         Ts:0.0         Ps:0.0       
duct25     FNo         W:31.10916    Tt:646.9809    Pt:14.61051    FAR:0.0         MN:0.0         Ts:0.0         Ps:0.0       
HPC        FNi         W:31.10916    Tt:646.9809    Pt:14.61051    FAR:0.0         MN:0.0         Ts:0.0         Ps:0.0       
HPC        FNideal     W:31.10916    Tt:1351.980    Pt:198.5854    FAR:0.0         MN:0.0         Ts:0.0         Ps:0.0       
HPC        FNo         W:26.39177    Tt:1470.616    Pt:198.5854    FAR:0.0         MN:0.0         Ts:0.0         Ps:0.0       
HPC        FNoBld1     W:2.358696    Tt:960.0965    Pt:68.07073    FAR:0.0         MN:0.0         Ts:0.0         Ps:0.0       
HPC        FNoBld2     W:2.358696    Tt:973.4295    Pt:71.01433    FAR:0.0         MN:0.0         Ts:0.0         Ps:0.0       
burner     FNi         W:26.39177    Tt:1470.616    Pt:198.5854    FAR:0.0         MN:0.0         Ts:0.0         Ps:0.0       
burner     FNo         W:27.07403    Tt:2993.716    Pt:190.6420    FAR:0.025851    MN:0.0         Ts:0.0         Ps:0.0       
HPT        FN41        W:29.43272    Tt:2844.292    Pt:190.6420    FAR:0.023730    MN:0.0         Ts:0.0         Ps:0.0       
HPT        FN42        W:29.43272    Tt:2094.978    Pt:43.14060    FAR:0.023730    MN:0.0         Ts:0.0         Ps:0.0       
HPT        FNi         W:27.07403    Tt:2993.716    Pt:190.6420    FAR:0.025851    MN:0.0         Ts:0.0         Ps:0.0       
HPT        FNiBld1     W:2.358696    Tt:973.4295    Pt:71.01433    FAR:0.0         MN:0.0         Ts:0.0         Ps:0.0       
HPT        FNiBld2     W:2.358696    Tt:960.0965    Pt:68.07073    FAR:0.0         MN:0.0         Ts:0.0         Ps:0.0       
HPT        FNideal     W:29.43272    Tt:2027.034    Pt:43.14060    FAR:0.023730    MN:0.0         Ts:0.0         Ps:0.0       
HPT        FNo         W:31.79142    Tt:2012.751    Pt:43.14060    FAR:0.021931    MN:0.0         Ts:0.0         Ps:0.0       
duct45     FNi         W:31.79142    Tt:2012.751    Pt:43.14060    FAR:0.021931    MN:0.0         Ts:0.0         Ps:0.0       
duct45     FNo         W:31.79142    Tt:2012.751    Pt:42.92490    FAR:0.021931    MN:0.0         Ts:0.0         Ps:0.0       
LPT        FN41        W:31.79142    Tt:2012.751    Pt:42.92490    FAR:0.021931    MN:0.0         Ts:0.0         Ps:0.0       
LPT        FN42        W:31.79142    Tt:1339.302    Pt:7.103550    FAR:0.021931    MN:0.0         Ts:0.0         Ps:0.0       
LPT        FNi         W:31.79142    Tt:2012.751    Pt:42.92490    FAR:0.021931    MN:0.0         Ts:0.0         Ps:0.0       
LPT        FNiBld1     W:0.0         Tt:0.0         Pt:0.0         FAR:0.0         MN:0.0         Ts:0.0         Ps:0.0       
LPT        FNiBld2     W:0.0         Tt:0.0         Pt:0.0         FAR:0.0         MN:0.0         Ts:0.0         Ps:0.0       
LPT        FNideal     W:31.79142    Tt:1293.607    Pt:7.103550    FAR:0.021931    MN:0.0         Ts:0.0         Ps:0.0       
LPT        FNo         W:31.79142    Tt:1339.302    Pt:7.103550    FAR:0.021931    MN:0.0         Ts:0.0         Ps:0.0       
duct5      FNi         W:31.79142    Tt:1339.302    Pt:7.103550    FAR:0.021931    MN:0.0         Ts:0.0         Ps:0.0       
duct5      FNo         W:31.79142    Tt:1339.302    Pt:7.032514    FAR:0.021931    MN:0.0         Ts:0.0         Ps:0.0       
priNozzl   FNi         W:31.79142    Tt:1339.302    Pt:7.032514    FAR:0.021931    MN:0.0         Ts:0.0         Ps:0.0       
priNozzl   FNo         W:31.79142    Tt:1339.302    Pt:7.032514    FAR:0.021931    MN:1.0         Ts:1139.141    Ps:3.764985  
duct17     FNi         W:535.9024    Tt:463.0541    Pt:4.895843    FAR:0.0         MN:0.0         Ts:0.0         Ps:0.0       
duct17     FNo         W:535.9024    Tt:463.0541    Pt:4.822406    FAR:0.0         MN:0.0         Ts:0.0         Ps:0.0       
fanNozzl   FNi         W:535.9024    Tt:463.0541    Pt:4.822406    FAR:0.0         MN:0.0         Ts:0.0         Ps:0.0       
fanNozzl   FNo         W:535.9024    Tt:463.0541    Pt:4.822406    FAR:0.0         MN:0.941136    Ts:392.6706    Ps:2.72003   

Mech Ports

fan        MP          N:9744.374    hp:-6571.81    I:0.0       
LPC        MP          N:9744.374    hp:-1940.87    I:0.0       
HPC        MP          N:9601.285    hp:-9612.96    I:0.0       
HPT        MP          N:9601.285    hp:9463.560    I:0.0       
LPT        MP          N:9744.374    hp:8512.399    I:0.0       
HPshaft    MPC         N:9601.285    hp:-9612.96    I:0.0       
HPshaft    MPT         N:9601.285    hp:9463.560    I:0.0       
LPshaft    MPfan       N:9744.374    hp:-6571.81    I:0.0       
LPshaft    MPlpc       N:9744.374    hp:-1940.87    I:0.0       
LPshaft    MPlpt       N:9744.374    hp:8512.399    I:0.0       

*******************
Elements***********
*******************

FlightCond  start       W:567.0115  Tt:428.674  Pt:3.77357  Tamb:389.9  Pamb:2.720  
Duct        inlet       dP:0.002    Q:0.0       
Compressor  fan         PR:1.30000  eff:0.9688  Rline:2.0   NcMap:1.00  
Splitter    splitter    BPR:17.226  
Duct        duct2       dP:0.01     Q:0.0       
Compressor  LPC         PR:3.06031  eff:0.8904  Rline:1.88  NcMap:1.00  
Duct        duct25      dP:0.015    Q:0.0       
Compressor  HPC         PR:13.5919  eff:0.8500  Rline:1.90  NcMap:0.99  
Burner      burner      FAR:0.0258  Tout:0.0    Wfuel:0.68  dP:0.04     
Turbine     HPT         PR:4.41908  eff:0.9213  PRmap:3.00  NcMap:0.88  
Duct        duct45      dP:0.005    Q:0.0       
Turbine     LPT         PR:6.04273  eff:0.9390  PRmap:6.14  NcMap:0.90  
Duct        duct5       dP:0.01     Q:0.0       
Nozzle      priNozzle   Fg:1943.05  
Duct        duct17      dP:0.015    Q:0.0       
Nozzle      fanNozzle   Fg:15261.6  
Shaft       HPshaft     N:9601.285  HPX:150.0   
Shaft       LPshaft     N:9744.374  HPX:0.0     
Performanc  Perf        alt:40000.  MN:0.7      Fn:5236.95  SFC:0.4690  Fg:17204.6  Fram:11967  Wfuel:0.68   

****************
Solver**********
****************

Converged:True

******************************************************************************************

time =  0.0

******************
Ports*************
******************

Electric Ports


Fluid Ports

start      FNo         W:552.0831    Tt:428.6748    Pt:3.773575    FAR:0.0         MN:0.7         Ts:389.9700    Ps:2.720030  
inlet      FNi         W:552.0831    Tt:428.6748    Pt:3.773575    FAR:0.0         MN:0.0         Ts:389.9700    Ps:2.720030  
inlet      FNo         W:552.0831    Tt:428.6748    Pt:3.766028    FAR:0.0         MN:0.0         Ts:0.0         Ps:0.0       
fan        FNi         W:552.0831    Tt:428.6748    Pt:3.766028    FAR:0.0         MN:0.0         Ts:0.0         Ps:0.0       
fan        FNideal     W:552.0831    Tt:458.1211    Pt:4.759140    FAR:0.0         MN:0.0         Ts:0.0         Ps:0.0       
fan        FNo         W:552.0831    Tt:458.2063    Pt:4.759140    FAR:0.0         MN:0.0         Ts:0.0         Ps:0.0       
fan        FNoBld1     W:0.0         Tt:428.6748    Pt:3.766028    FAR:0.0         MN:0.0         Ts:0.0         Ps:0.0       
fan        FNoBld2     W:0.0         Tt:428.6748    Pt:3.766028    FAR:0.0         MN:0.0         Ts:0.0         Ps:0.0       
splitter   FNi         W:552.0831    Tt:458.2063    Pt:4.759140    FAR:0.0         MN:0.0         Ts:0.0         Ps:0.0       
splitter   FNo1        W:28.58031    Tt:458.2063    Pt:4.759140    FAR:0.0         MN:0.0         Ts:0.0         Ps:0.0       
splitter   FNo2        W:523.5028    Tt:458.2063    Pt:4.759140    FAR:0.0         MN:0.0         Ts:0.0         Ps:0.0       
duct2      FNi         W:28.58031    Tt:458.2063    Pt:4.759140    FAR:0.0         MN:0.0         Ts:0.0         Ps:0.0       
duct2      FNo         W:28.58031    Tt:458.2063    Pt:4.711549    FAR:0.0         MN:0.0         Ts:0.0         Ps:0.0       
LPC        FNi         W:28.58031    Tt:458.2063    Pt:4.711549    FAR:0.0         MN:0.0         Ts:0.0         Ps:0.0       
LPC        FNideal     W:28.58031    Tt:618.8949    Pt:14.28392    FAR:0.0         MN:0.0         Ts:0.0         Ps:0.0       
LPC        FNo         W:28.58031    Tt:639.3609    Pt:14.28392    FAR:0.0         MN:0.0         Ts:0.0         Ps:0.0       
LPC        FNoBld1     W:2.858031    Tt:585.2152    Pt:6.700662    FAR:0.0         MN:0.0         Ts:0.0         Ps:0.0       
LPC        FNoBld2     W:2.858031    Tt:621.3277    Pt:8.615137    FAR:0.0         MN:0.0         Ts:0.0         Ps:0.0       
duct25     FNi         W:28.58031    Tt:639.3609    Pt:14.28392    FAR:0.0         MN:0.0         Ts:0.0         Ps:0.0       
duct25     FNo         W:28.58031    Tt:639.3609    Pt:14.06966    FAR:0.0         MN:0.0         Ts:0.0         Ps:0.0       
HPC        FNi         W:28.58031    Tt:639.3609    Pt:14.06966    FAR:0.0         MN:0.0         Ts:0.0         Ps:0.0       
HPC        FNideal     W:28.58031    Tt:1305.031    Pt:176.3766    FAR:0.0         MN:0.0         Ts:0.0         Ps:0.0       
HPC        FNo         W:24.24639    Tt:1414.546    Pt:176.3766    FAR:0.0         MN:0.0         Ts:0.0         Ps:0.0       
HPC        FNoBld1     W:2.166959    Tt:933.4139    Pt:60.05356    FAR:0.0         MN:0.0         Ts:0.0         Ps:0.0       
HPC        FNoBld2     W:2.166959    Tt:945.9791    Pt:62.65047    FAR:0.0         MN:0.0         Ts:0.0         Ps:0.0       
burner     FNi         W:24.24639    Tt:1414.546    Pt:176.3766    FAR:0.0         MN:0.0         Ts:0.0         Ps:0.0       
burner     FNo         W:24.81258    Tt:2809.663    Pt:169.3215    FAR:0.023351    MN:0.0         Ts:0.0         Ps:0.0       
HPT        FN41        W:26.97954    Tt:2670.879    Pt:169.3215    FAR:0.021435    MN:0.0         Ts:0.0         Ps:0.0       
HPT        FN42        W:26.97954    Tt:1956.559    Pt:38.20649    FAR:0.021435    MN:0.0         Ts:0.0         Ps:0.0       
HPT        FNi         W:24.81258    Tt:2809.663    Pt:169.3215    FAR:0.023351    MN:0.0         Ts:0.0         Ps:0.0       
HPT        FNiBld1     W:2.166959    Tt:945.9791    Pt:62.65047    FAR:0.0         MN:0.0         Ts:0.0         Ps:0.0       
HPT        FNiBld2     W:2.166959    Tt:933.4139    Pt:60.05356    FAR:0.0         MN:0.0         Ts:0.0         Ps:0.0       
HPT        FNideal     W:26.97954    Tt:1892.805    Pt:38.20649    FAR:0.021435    MN:0.0         Ts:0.0         Ps:0.0       
HPT        FNo         W:29.14650    Tt:1882.130    Pt:38.20649    FAR:0.019810    MN:0.0         Ts:0.0         Ps:0.0       
duct45     FNi         W:29.14650    Tt:1882.130    Pt:38.20649    FAR:0.019810    MN:0.0         Ts:0.0         Ps:0.0       
duct45     FNo         W:29.14650    Tt:1882.130    Pt:38.01545    FAR:0.019810    MN:0.0         Ts:0.0         Ps:0.0       
LPT        FN41        W:29.14650    Tt:1882.130    Pt:38.01545    FAR:0.019810    MN:0.0         Ts:0.0         Ps:0.0       
LPT        FN42        W:29.14650    Tt:1246.043    Pt:6.272213    FAR:0.019810    MN:0.0         Ts:0.0         Ps:0.0       
LPT        FNi         W:29.14650    Tt:1882.130    Pt:38.01545    FAR:0.019810    MN:0.0         Ts:0.0         Ps:0.0       
LPT        FNiBld1     W:0.0         Tt:0.0         Pt:0.0         FAR:0.0         MN:0.0         Ts:0.0         Ps:0.0       
LPT        FNiBld2     W:0.0         Tt:0.0         Pt:0.0         FAR:0.0         MN:0.0         Ts:0.0         Ps:0.0       
LPT        FNideal     W:29.14650    Tt:1200.061    Pt:6.272213    FAR:0.019810    MN:0.0         Ts:0.0         Ps:0.0       
LPT        FNo         W:29.14650    Tt:1246.043    Pt:6.272213    FAR:0.019810    MN:0.0         Ts:0.0         Ps:0.0       
duct5      FNi         W:29.14650    Tt:1246.043    Pt:6.272213    FAR:0.019810    MN:0.0         Ts:0.0         Ps:0.0       
duct5      FNo         W:29.14650    Tt:1246.043    Pt:6.209491    FAR:0.019810    MN:0.0         Ts:0.0         Ps:0.0       
priNozzl   FNi         W:29.14650    Tt:1246.043    Pt:6.209491    FAR:0.019810    MN:0.0         Ts:0.0         Ps:0.0       
priNozzl   FNo         W:29.14650    Tt:1246.043    Pt:6.209491    FAR:0.019810    MN:1.0         Ts:1056.736    Ps:3.317201  
duct17     FNi         W:523.5028    Tt:458.2063    Pt:4.759140    FAR:0.0         MN:0.0         Ts:0.0         Ps:0.0       
duct17     FNo         W:523.5028    Tt:458.2063    Pt:4.687753    FAR:0.0         MN:0.0         Ts:0.0         Ps:0.0       
fanNozzl   FNi         W:523.5028    Tt:458.2063    Pt:4.687753    FAR:0.0         MN:0.0         Ts:0.0         Ps:0.0       
fanNozzl   FNo         W:523.5028    Tt:458.2063    Pt:4.687753    FAR:0.0         MN:0.914385    Ts:391.8854    Ps:2.72003   

Mech Ports

fan        MP          N:9298.845    hp:-5495.06    I:0.0       
LPC        MP          N:9298.845    hp:-1755.69    I:0.0       
HPC        MP          N:9411.941    hp:-8281.60    I:0.0       
HPT        MP          N:9411.941    hp:8131.663    I:0.0       
LPT        MP          N:9298.845    hp:7250.871    I:0.0       
HPshaft    MPC         N:9411.941    hp:-8281.60    I:0.0       
HPshaft    MPT         N:9411.941    hp:8131.663    I:0.0       
LPshaft    MPfan       N:9298.845    hp:-5495.06    I:0.0       
LPshaft    MPlpc       N:9298.845    hp:-1755.69    I:0.0       
LPshaft    MPlpt       N:9298.845    hp:7250.871    I:0.0       

*******************
Elements***********
*******************

FlightCond  start       W:552.0831  Tt:428.674  Pt:3.77357  Tamb:389.9  Pamb:2.720  
Duct        inlet       dP:0.002    Q:0.0       
Compressor  fan         PR:1.26370  eff:0.9971  Rline:2.0   NcMap:0.95  
Splitter    splitter    BPR:18.316  
Duct        duct2       dP:0.01     Q:0.0       
Compressor  LPC         PR:3.03168  eff:0.8865  Rline:1.75  NcMap:0.96  
Duct        duct25      dP:0.015    Q:0.0       
Compressor  HPC         PR:12.5359  eff:0.8533  Rline:1.89  NcMap:0.97  
Burner      burner      FAR:0.0233  Tout:0.0    Wfuel:0.56  dP:0.04     
Turbine     HPT         PR:4.43174  eff:0.9224  PRmap:3.00  NcMap:0.89  
Duct        duct45      dP:0.005    Q:0.0       
Turbine     LPT         PR:6.06093  eff:0.9353  PRmap:6.16  NcMap:0.89  
Duct        duct5       dP:0.01     Q:0.0       
Nozzle      priNozzle   Fg:1616.33  
Duct        duct17      dP:0.015    Q:0.0       
Nozzle      fanNozzle   Fg:14470.3  
Shaft       HPshaft     N:9411.941  HPX:150.0   
Shaft       LPshaft     N:9298.845  HPX:0.0     
Performanc  Perf        alt:40000.  MN:0.7      Fn:4434.06  SFC:0.4596  Fg:16086.7  Fram:11652  Wfuel:0.56   

****************
Solver**********
****************

Converged:True

******************************************************************************************

time =  0.0

******************
Ports*************
******************

Electric Ports


Fluid Ports

start      FNo         W:531.9138    Tt:428.6748    Pt:3.773575    FAR:0.0         MN:0.7         Ts:389.9700    Ps:2.720030  
inlet      FNi         W:531.9138    Tt:428.6748    Pt:3.773575    FAR:0.0         MN:0.0         Ts:389.9700    Ps:2.720030  
inlet      FNo         W:531.9138    Tt:428.6748    Pt:3.766028    FAR:0.0         MN:0.0         Ts:0.0         Ps:0.0       
fan        FNi         W:531.9138    Tt:428.6748    Pt:3.766028    FAR:0.0         MN:0.0         Ts:0.0         Ps:0.0       
fan        FNideal     W:531.9138    Tt:454.1634    Pt:4.622858    FAR:0.0         MN:0.0         Ts:0.0         Ps:0.0       
fan        FNo         W:531.9138    Tt:453.7169    Pt:4.622858    FAR:0.0         MN:0.0         Ts:0.0         Ps:0.0       
fan        FNoBld1     W:0.0         Tt:428.6748    Pt:3.766028    FAR:0.0         MN:0.0         Ts:0.0         Ps:0.0       
fan        FNoBld2     W:0.0         Tt:428.6748    Pt:3.766028    FAR:0.0         MN:0.0         Ts:0.0         Ps:0.0       
splitter   FNi         W:531.9138    Tt:453.7169    Pt:4.622858    FAR:0.0         MN:0.0         Ts:0.0         Ps:0.0       
splitter   FNo1        W:25.96097    Tt:453.7169    Pt:4.622858    FAR:0.0         MN:0.0         Ts:0.0         Ps:0.0       
splitter   FNo2        W:505.9529    Tt:453.7169    Pt:4.622858    FAR:0.0         MN:0.0         Ts:0.0         Ps:0.0       
duct2      FNi         W:25.96097    Tt:453.7169    Pt:4.622858    FAR:0.0         MN:0.0         Ts:0.0         Ps:0.0       
duct2      FNo         W:25.96097    Tt:453.7169    Pt:4.576629    FAR:0.0         MN:0.0         Ts:0.0         Ps:0.0       
LPC        FNi         W:25.96097    Tt:453.7169    Pt:4.576629    FAR:0.0         MN:0.0         Ts:0.0         Ps:0.0       
LPC        FNideal     W:25.96097    Tt:611.0025    Pt:13.69517    FAR:0.0         MN:0.0         Ts:0.0         Ps:0.0       
LPC        FNo         W:25.96097    Tt:633.0707    Pt:13.69517    FAR:0.0         MN:0.0         Ts:0.0         Ps:0.0       
LPC        FNoBld1     W:2.596097    Tt:579.4591    Pt:6.382983    FAR:0.0         MN:0.0         Ts:0.0         Ps:0.0       
LPC        FNoBld2     W:2.596097    Tt:615.2215    Pt:8.206693    FAR:0.0         MN:0.0         Ts:0.0         Ps:0.0       
duct25     FNi         W:25.96097    Tt:633.0707    Pt:13.69517    FAR:0.0         MN:0.0         Ts:0.0         Ps:0.0       
duct25     FNo         W:25.96097    Tt:633.0707    Pt:13.48975    FAR:0.0         MN:0.0         Ts:0.0         Ps:0.0       
HPC        FNi         W:25.96097    Tt:633.0707    Pt:13.48975    FAR:0.0         MN:0.0         Ts:0.0         Ps:0.0       
HPC        FNideal     W:25.96097    Tt:1263.877    Pt:154.6515    FAR:0.0         MN:0.0         Ts:0.0         Ps:0.0       
HPC        FNo         W:22.02425    Tt:1365.537    Pt:154.6515    FAR:0.0         MN:0.0         Ts:0.0         Ps:0.0       
HPC        FNoBld1     W:1.968360    Tt:910.4050    Pt:52.22985    FAR:0.0         MN:0.0         Ts:0.0         Ps:0.0       
HPC        FNoBld2     W:1.968360    Tt:922.2408    Pt:54.48843    FAR:0.0         MN:0.0         Ts:0.0         Ps:0.0       
burner     FNi         W:22.02425    Tt:1365.537    Pt:154.6515    FAR:0.0         MN:0.0         Ts:0.0         Ps:0.0       
burner     FNo         W:22.48348    Tt:2628.037    Pt:148.4654    FAR:0.020851    MN:0.0         Ts:0.0         Ps:0.0       
HPT        FN41        W:24.45184    Tt:2500.201    Pt:148.4654    FAR:0.019140    MN:0.0         Ts:0.0         Ps:0.0       
HPT        FN42        W:24.45184    Tt:1816.328    Pt:33.37153    FAR:0.019140    MN:0.0         Ts:0.0         Ps:0.0       
HPT        FNi         W:22.48348    Tt:2628.037    Pt:148.4654    FAR:0.020851    MN:0.0         Ts:0.0         Ps:0.0       
HPT        FNiBld1     W:1.968360    Tt:922.2408    Pt:54.48843    FAR:0.0         MN:0.0         Ts:0.0         Ps:0.0       
HPT        FNiBld2     W:1.968360    Tt:910.4050    Pt:52.22985    FAR:0.0         MN:0.0         Ts:0.0         Ps:0.0       
HPT        FNideal     W:24.45184    Tt:1755.262    Pt:33.37153    FAR:0.019140    MN:0.0         Ts:0.0         Ps:0.0       
HPT        FNo         W:26.42020    Tt:1750.202    Pt:33.37153    FAR:0.017689    MN:0.0         Ts:0.0         Ps:0.0       
duct45     FNi         W:26.42020    Tt:1750.202    Pt:33.37153    FAR:0.017689    MN:0.0         Ts:0.0         Ps:0.0       
duct45     FNo         W:26.42020    Tt:1750.202    Pt:33.20468    FAR:0.017689    MN:0.0         Ts:0.0         Ps:0.0       
LPT        FN41        W:26.42020    Tt:1750.202    Pt:33.20468    FAR:0.017689    MN:0.0         Ts:0.0         Ps:0.0       
LPT        FN42        W:26.42020    Tt:1152.812    Pt:5.460797    FAR:0.017689    MN:0.0         Ts:0.0         Ps:0.0       
LPT        FNi         W:26.42020    Tt:1750.202    Pt:33.20468    FAR:0.017689    MN:0.0         Ts:0.0         Ps:0.0       
LPT        FNiBld1     W:0.0         Tt:0.0         Pt:0.0         FAR:0.0         MN:0.0         Ts:0.0         Ps:0.0       
LPT        FNiBld2     W:0.0         Tt:0.0         Pt:0.0         FAR:0.0         MN:0.0         Ts:0.0         Ps:0.0       
LPT        FNideal     W:26.42020    Tt:1107.265    Pt:5.460797    FAR:0.017689    MN:0.0         Ts:0.0         Ps:0.0       
LPT        FNo         W:26.42020    Tt:1152.812    Pt:5.460797    FAR:0.017689    MN:0.0         Ts:0.0         Ps:0.0       
duct5      FNi         W:26.42020    Tt:1152.812    Pt:5.460797    FAR:0.017689    MN:0.0         Ts:0.0         Ps:0.0       
duct5      FNo         W:26.42020    Tt:1152.812    Pt:5.406189    FAR:0.017689    MN:0.0         Ts:0.0         Ps:0.0       
priNozzl   FNi         W:26.42020    Tt:1152.812    Pt:5.406189    FAR:0.017689    MN:0.0         Ts:0.0         Ps:0.0       
priNozzl   FNo         W:26.42020    Tt:1152.812    Pt:5.406189    FAR:0.017689    MN:1.0         Ts:974.8916    Ps:2.880214  
duct17     FNi         W:505.9529    Tt:453.7169    Pt:4.622858    FAR:0.0         MN:0.0         Ts:0.0         Ps:0.0       
duct17     FNo         W:505.9529    Tt:453.7169    Pt:4.553515    FAR:0.0         MN:0.0         Ts:0.0         Ps:0.0       
fanNozzl   FNi         W:505.9529    Tt:453.7169    Pt:4.553515    FAR:0.0         MN:0.0         Ts:0.0         Ps:0.0       
fanNozzl   FNo         W:505.9529    Tt:453.7169    Pt:4.553515    FAR:0.0         MN:0.886240    Ts:391.4688    Ps:2.72003   

Mech Ports

fan        MP          N:8870.774    hp:-4487.94    I:0.0       
LPC        MP          N:8870.774    hp:-1578.51    I:0.0       
HPC        MP          N:9236.307    hp:-7085.89    I:0.0       
HPT        MP          N:9236.307    hp:6935.926    I:0.0       
LPT        MP          N:8870.774    hp:6066.432    I:0.0       
HPshaft    MPC         N:9236.307    hp:-7085.89    I:0.0       
HPshaft    MPT         N:9236.307    hp:6935.926    I:0.0       
LPshaft    MPfan       N:8870.774    hp:-4487.94    I:0.0       
LPshaft    MPlpc       N:8870.774    hp:-1578.51    I:0.0       
LPshaft    MPlpt       N:8870.774    hp:6066.432    I:0.0       

*******************
Elements***********
*******************

FlightCond  start       W:531.9138  Tt:428.674  Pt:3.77357  Tamb:389.9  Pamb:2.720  
Duct        inlet       dP:0.002    Q:0.0       
Compressor  fan         PR:1.22751  eff:1.0178  Rline:2.0   NcMap:0.91  
Splitter    splitter    BPR:19.488  
Duct        duct2       dP:0.01     Q:0.0       
Compressor  LPC         PR:2.99241  eff:0.8763  Rline:1.60  NcMap:0.92  
Duct        duct25      dP:0.015    Q:0.0       
Compressor  HPC         PR:11.4643  eff:0.8563  Rline:1.93  NcMap:0.96  
Burner      burner      FAR:0.0208  Tout:0.0    Wfuel:0.45  dP:0.04     
Turbine     HPT         PR:4.44886  eff:0.9224  PRmap:3.01  NcMap:0.91  
Duct        duct45      dP:0.005    Q:0.0       
Turbine     LPT         PR:6.08055  eff:0.9319  PRmap:6.18  NcMap:0.88  
Duct        duct5       dP:0.01     Q:0.0       
Nozzle      priNozzle   Fg:1296.53  
Duct        duct17      dP:0.015    Q:0.0       
Nozzle      fanNozzle   Fg:13547.6  
Shaft       HPshaft     N:9236.307  HPX:150.0   
Shaft       LPshaft     N:8870.774  HPX:0.0     
Performanc  Perf        alt:40000.  MN:0.7      Fn:3617.25  SFC:0.4570  Fg:14844.1  Fram:11226  Wfuel:0.45   

****************
Solver**********
****************

Converged:True

******************************************************************************************

time =  0.0

******************
Ports*************
******************

Electric Ports


Fluid Ports

start      FNo         W:502.3564    Tt:428.6748    Pt:3.773575    FAR:0.0         MN:0.7         Ts:389.9700    Ps:2.720030  
inlet      FNi         W:502.3564    Tt:428.6748    Pt:3.773575    FAR:0.0         MN:0.0         Ts:389.9700    Ps:2.720030  
inlet      FNo         W:502.3564    Tt:428.6748    Pt:3.766028    FAR:0.0         MN:0.0         Ts:0.0         Ps:0.0       
fan        FNi         W:502.3564    Tt:428.6748    Pt:3.766028    FAR:0.0         MN:0.0         Ts:0.0         Ps:0.0       
fan        FNideal     W:502.3564    Tt:449.9107    Pt:4.480480    FAR:0.0         MN:0.0         Ts:0.0         Ps:0.0       
fan        FNo         W:502.3564    Tt:449.3684    Pt:4.480480    FAR:0.0         MN:0.0         Ts:0.0         Ps:0.0       
fan        FNoBld1     W:0.0         Tt:428.6748    Pt:3.766028    FAR:0.0         MN:0.0         Ts:0.0         Ps:0.0       
fan        FNoBld2     W:0.0         Tt:428.6748    Pt:3.766028    FAR:0.0         MN:0.0         Ts:0.0         Ps:0.0       
splitter   FNi         W:502.3564    Tt:449.3684    Pt:4.480480    FAR:0.0         MN:0.0         Ts:0.0         Ps:0.0       
splitter   FNo1        W:22.93885    Tt:449.3684    Pt:4.480480    FAR:0.0         MN:0.0         Ts:0.0         Ps:0.0       
splitter   FNo2        W:479.4175    Tt:449.3684    Pt:4.480480    FAR:0.0         MN:0.0         Ts:0.0         Ps:0.0       
duct2      FNi         W:22.93885    Tt:449.3684    Pt:4.480480    FAR:0.0         MN:0.0         Ts:0.0         Ps:0.0       
duct2      FNo         W:22.93885    Tt:449.3684    Pt:4.435675    FAR:0.0         MN:0.0         Ts:0.0         Ps:0.0       
LPC        FNi         W:22.93885    Tt:449.3684    Pt:4.435675    FAR:0.0         MN:0.0         Ts:0.0         Ps:0.0       
LPC        FNideal     W:22.93885    Tt:604.0638    Pt:13.14477    FAR:0.0         MN:0.0         Ts:0.0         Ps:0.0       
LPC        FNo         W:22.93885    Tt:630.8121    Pt:13.14477    FAR:0.0         MN:0.0         Ts:0.0         Ps:0.0       
LPC        FNoBld1     W:2.293885    Tt:576.5764    Pt:6.096371    FAR:0.0         MN:0.0         Ts:0.0         Ps:0.0       
LPC        FNoBld2     W:2.293885    Tt:612.7579    Pt:7.838191    FAR:0.0         MN:0.0         Ts:0.0         Ps:0.0       
duct25     FNi         W:22.93885    Tt:630.8121    Pt:13.14477    FAR:0.0         MN:0.0         Ts:0.0         Ps:0.0       
duct25     FNo         W:22.93885    Tt:630.8121    Pt:12.94760    FAR:0.0         MN:0.0         Ts:0.0         Ps:0.0       
HPC        FNi         W:22.93885    Tt:630.8121    Pt:12.94760    FAR:0.0         MN:0.0         Ts:0.0         Ps:0.0       
HPC        FNideal     W:22.93885    Tt:1212.774    Pt:131.3065    FAR:0.0         MN:0.0         Ts:0.0         Ps:0.0       
HPC        FNo         W:19.46040    Tt:1306.080    Pt:131.3065    FAR:0.0         MN:0.0         Ts:0.0         Ps:0.0       
HPC        FNoBld1     W:1.739223    Tt:885.8815    Pt:43.79280    FAR:0.0         MN:0.0         Ts:0.0         Ps:0.0       
HPC        FNoBld2     W:1.739223    Tt:896.8063    Pt:45.68655    FAR:0.0         MN:0.0         Ts:0.0         Ps:0.0       
burner     FNi         W:19.46040    Tt:1306.080    Pt:131.3065    FAR:0.0         MN:0.0         Ts:0.0         Ps:0.0       
burner     FNo         W:19.81752    Tt:2434.197    Pt:126.0542    FAR:0.018351    MN:0.0         Ts:0.0         Ps:0.0       
HPT        FN41        W:21.55675    Tt:2318.155    Pt:126.0542    FAR:0.016845    MN:0.0         Ts:0.0         Ps:0.0       
HPT        FN42        W:21.55675    Tt:1680.378    Pt:28.31107    FAR:0.016845    MN:0.0         Ts:0.0         Ps:0.0       
HPT        FNi         W:19.81752    Tt:2434.197    Pt:126.0542    FAR:0.018351    MN:0.0         Ts:0.0         Ps:0.0       
HPT        FNiBld1     W:1.739223    Tt:896.8063    Pt:45.68655    FAR:0.0         MN:0.0         Ts:0.0         Ps:0.0       
HPT        FNiBld2     W:1.739223    Tt:885.8815    Pt:43.79280    FAR:0.0         MN:0.0         Ts:0.0         Ps:0.0       
HPT        FNideal     W:21.55675    Tt:1623.185    Pt:28.31107    FAR:0.016845    MN:0.0         Ts:0.0         Ps:0.0       
HPT        FNo         W:23.29597    Tt:1622.125    Pt:28.31107    FAR:0.015568    MN:0.0         Ts:0.0         Ps:0.0       
duct45     FNi         W:23.29597    Tt:1622.125    Pt:28.31107    FAR:0.015568    MN:0.0         Ts:0.0         Ps:0.0       
duct45     FNo         W:23.29597    Tt:1622.125    Pt:28.16951    FAR:0.015568    MN:0.0         Ts:0.0         Ps:0.0       
LPT        FN41        W:23.29597    Tt:1622.125    Pt:28.16951    FAR:0.015568    MN:0.0         Ts:0.0         Ps:0.0       
LPT        FN42        W:23.29597    Tt:1064.021    Pt:4.651413    FAR:0.015568    MN:0.0         Ts:0.0         Ps:0.0       
LPT        FNi         W:23.29597    Tt:1622.125    Pt:28.16951    FAR:0.015568    MN:0.0         Ts:0.0         Ps:0.0       
LPT        FNiBld1     W:0.0         Tt:0.0         Pt:0.0         FAR:0.0         MN:0.0         Ts:0.0         Ps:0.0       
LPT        FNiBld2     W:0.0         Tt:0.0         Pt:0.0         FAR:0.0         MN:0.0         Ts:0.0         Ps:0.0       
LPT        FNideal     W:23.29597    Tt:1020.052    Pt:4.651413    FAR:0.015568    MN:0.0         Ts:0.0         Ps:0.0       
LPT        FNo         W:23.29597    Tt:1064.021    Pt:4.651413    FAR:0.015568    MN:0.0         Ts:0.0         Ps:0.0       
duct5      FNi         W:23.29597    Tt:1064.021    Pt:4.651413    FAR:0.015568    MN:0.0         Ts:0.0         Ps:0.0       
duct5      FNo         W:23.29597    Tt:1064.021    Pt:4.604899    FAR:0.015568    MN:0.0         Ts:0.0         Ps:0.0       
priNozzl   FNi         W:23.29597    Tt:1064.021    Pt:4.604899    FAR:0.015568    MN:0.0         Ts:0.0         Ps:0.0       
priNozzl   FNo         W:23.29597    Tt:1064.021    Pt:4.604899    FAR:0.015568    MN:0.907195    Ts:923.3508    Ps:2.72003   
duct17     FNi         W:479.4175    Tt:449.3684    Pt:4.480480    FAR:0.0         MN:0.0         Ts:0.0         Ps:0.0       
duct17     FNo         W:479.4175    Tt:449.3684    Pt:4.413273    FAR:0.0         MN:0.0         Ts:0.0         Ps:0.0       
fanNozzl   FNi         W:479.4175    Tt:449.3684    Pt:4.413273    FAR:0.0         MN:0.0         Ts:0.0         Ps:0.0       
fanNozzl   FNo         W:479.4175    Tt:449.3684    Pt:4.413273    FAR:0.0         MN:0.855733    Ts:391.3402    Ps:2.72003   

Mech Ports

fan        MP          N:8462.225    hp:-3501.19    I:0.0       
LPC        MP          N:8462.225    hp:-1410.78    I:0.0       
HPC        MP          N:9051.003    hp:-5751.99    I:0.0       
HPT        MP          N:9051.003    hp:5601.954    I:0.0       
LPT        MP          N:8462.225    hp:4911.988    I:0.0       
HPshaft    MPC         N:9051.003    hp:-5751.99    I:0.0       
HPshaft    MPT         N:9051.003    hp:5601.954    I:0.0       
LPshaft    MPfan       N:8462.225    hp:-3501.19    I:0.0       
LPshaft    MPlpc       N:8462.225    hp:-1410.78    I:0.0       
LPshaft    MPlpt       N:8462.225    hp:4911.988    I:0.0       

*******************
Elements***********
*******************

FlightCond  start       W:502.3564  Tt:428.674  Pt:3.77357  Tamb:389.9  Pamb:2.720  
Duct        inlet       dP:0.002    Q:0.0       
Compressor  fan         PR:1.18970  eff:1.0262  Rline:2.0   NcMap:0.86  
Splitter    splitter    BPR:20.899  
Duct        duct2       dP:0.01     Q:0.0       
Compressor  LPC         PR:2.96342  eff:0.8518  Rline:1.39  NcMap:0.88  
Duct        duct25      dP:0.015    Q:0.0       
Compressor  HPC         PR:10.1413  eff:0.8574  Rline:1.96  NcMap:0.94  
Burner      burner      FAR:0.0183  Tout:0.0    Wfuel:0.35  dP:0.04     
Turbine     HPT         PR:4.45247  eff:0.9223  PRmap:3.02  NcMap:0.92  
Duct        duct45      dP:0.005    Q:0.0       
Turbine     LPT         PR:6.05611  eff:0.9295  PRmap:6.16  NcMap:0.87  
Duct        duct5       dP:0.01     Q:0.0       
Nozzle      priNozzle   Fg:971.479  
Duct        duct17      dP:0.015    Q:0.0       
Nozzle      fanNozzle   Fg:12393.2  
Shaft       HPshaft     N:9051.003  HPX:150.0   
Shaft       LPshaft     N:8462.225  HPX:0.0     
Performanc  Perf        alt:40000.  MN:0.7      Fn:2761.62  SFC:0.4655  Fg:13364.7  Fram:10603  Wfuel:0.35   

****************
Solver**********
****************

Converged:True

******************************************************************************************

time =  0.0

******************
Ports*************
******************

Electric Ports


Fluid Ports

start      FNo         W:465.6972    Tt:428.6748    Pt:3.773575    FAR:0.0         MN:0.7         Ts:389.9700    Ps:2.720030  
inlet      FNi         W:465.6972    Tt:428.6748    Pt:3.773575    FAR:0.0         MN:0.0         Ts:389.9700    Ps:2.720030  
inlet      FNo         W:465.6972    Tt:428.6748    Pt:3.766028    FAR:0.0         MN:0.0         Ts:0.0         Ps:0.0       
fan        FNi         W:465.6972    Tt:428.6748    Pt:3.766028    FAR:0.0         MN:0.0         Ts:0.0         Ps:0.0       
fan        FNideal     W:465.6972    Tt:446.0492    Pt:4.341241    FAR:0.0         MN:0.0         Ts:0.0         Ps:0.0       
fan        FNo         W:465.6972    Tt:445.5708    Pt:4.341241    FAR:0.0         MN:0.0         Ts:0.0         Ps:0.0       
fan        FNoBld1     W:0.0         Tt:428.6748    Pt:3.766028    FAR:0.0         MN:0.0         Ts:0.0         Ps:0.0       
fan        FNoBld2     W:0.0         Tt:428.6748    Pt:3.766028    FAR:0.0         MN:0.0         Ts:0.0         Ps:0.0       
splitter   FNi         W:465.6972    Tt:445.5708    Pt:4.341241    FAR:0.0         MN:0.0         Ts:0.0         Ps:0.0       
splitter   FNo1        W:20.37524    Tt:445.5708    Pt:4.341241    FAR:0.0         MN:0.0         Ts:0.0         Ps:0.0       
splitter   FNo2        W:445.3220    Tt:445.5708    Pt:4.341241    FAR:0.0         MN:0.0         Ts:0.0         Ps:0.0       
duct2      FNi         W:20.37524    Tt:445.5708    Pt:4.341241    FAR:0.0         MN:0.0         Ts:0.0         Ps:0.0       
duct2      FNo         W:20.37524    Tt:445.5708    Pt:4.297829    FAR:0.0         MN:0.0         Ts:0.0         Ps:0.0       
LPC        FNi         W:20.37524    Tt:445.5708    Pt:4.297829    FAR:0.0         MN:0.0         Ts:0.0         Ps:0.0       
LPC        FNideal     W:20.37524    Tt:595.9442    Pt:12.44702    FAR:0.0         MN:0.0         Ts:0.0         Ps:0.0       
LPC        FNo         W:20.37524    Tt:626.1175    Pt:12.44702    FAR:0.0         MN:0.0         Ts:0.0         Ps:0.0       
LPC        FNoBld1     W:2.037524    Tt:572.1499    Pt:5.704434    FAR:0.0         MN:0.0         Ts:0.0         Ps:0.0       
LPC        FNoBld2     W:2.037524    Tt:608.1573    Pt:7.334273    FAR:0.0         MN:0.0         Ts:0.0         Ps:0.0       
duct25     FNi         W:20.37524    Tt:626.1175    Pt:12.44702    FAR:0.0         MN:0.0         Ts:0.0         Ps:0.0       
duct25     FNo         W:20.37524    Tt:626.1175    Pt:12.26031    FAR:0.0         MN:0.0         Ts:0.0         Ps:0.0       
HPC        FNi         W:20.37524    Tt:626.1175    Pt:12.26031    FAR:0.0         MN:0.0         Ts:0.0         Ps:0.0       
HPC        FNideal     W:20.37524    Tt:1169.051    Pt:111.9142    FAR:0.0         MN:0.0         Ts:0.0         Ps:0.0       
HPC        FNo         W:17.28554    Tt:1260.071    Pt:111.9142    FAR:0.0         MN:0.0         Ts:0.0         Ps:0.0       
HPC        FNoBld1     W:1.544851    Tt:865.1728    Pt:36.87194    FAR:0.0         MN:0.0         Ts:0.0         Ps:0.0       
HPC        FNoBld2     W:1.544851    Tt:875.4012    Pt:38.46640    FAR:0.0         MN:0.0         Ts:0.0         Ps:0.0       
burner     FNi         W:17.28554    Tt:1260.071    Pt:111.9142    FAR:0.0         MN:0.0         Ts:0.0         Ps:0.0       
burner     FNo         W:17.55954    Tt:2248.130    Pt:107.4376    FAR:0.015851    MN:0.0         Ts:0.0         Ps:0.0       
HPT        FN41        W:19.10439    Tt:2143.816    Pt:107.4376    FAR:0.014550    MN:0.0         Ts:0.0         Ps:0.0       
HPT        FN42        W:19.10439    Tt:1537.240    Pt:24.01454    FAR:0.014550    MN:0.0         Ts:0.0         Ps:0.0       
HPT        FNi         W:17.55954    Tt:2248.130    Pt:107.4376    FAR:0.015851    MN:0.0         Ts:0.0         Ps:0.0       
HPT        FNiBld1     W:1.544851    Tt:875.4012    Pt:38.46640    FAR:0.0         MN:0.0         Ts:0.0         Ps:0.0       
HPT        FNiBld2     W:1.544851    Tt:865.1728    Pt:36.87194    FAR:0.0         MN:0.0         Ts:0.0         Ps:0.0       
HPT        FNideal     W:19.10439    Tt:1482.564    Pt:24.01454    FAR:0.014550    MN:0.0         Ts:0.0         Ps:0.0       
HPT        FNo         W:20.64924    Tt:1487.623    Pt:24.01454    FAR:0.013447    MN:0.0         Ts:0.0         Ps:0.0       
duct45     FNi         W:20.64924    Tt:1487.623    Pt:24.01454    FAR:0.013447    MN:0.0         Ts:0.0         Ps:0.0       
duct45     FNo         W:20.64924    Tt:1487.623    Pt:23.89447    FAR:0.013447    MN:0.0         Ts:0.0         Ps:0.0       
LPT        FN41        W:20.64924    Tt:1487.623    Pt:23.89447    FAR:0.013447    MN:0.0         Ts:0.0         Ps:0.0       
LPT        FN42        W:20.64924    Tt:979.3902    Pt:4.098857    FAR:0.013447    MN:0.0         Ts:0.0         Ps:0.0       
LPT        FNi         W:20.64924    Tt:1487.623    Pt:23.89447    FAR:0.013447    MN:0.0         Ts:0.0         Ps:0.0       
LPT        FNiBld1     W:0.0         Tt:0.0         Pt:0.0         FAR:0.0         MN:0.0         Ts:0.0         Ps:0.0       
LPT        FNiBld2     W:0.0         Tt:0.0         Pt:0.0         FAR:0.0         MN:0.0         Ts:0.0         Ps:0.0       
LPT        FNideal     W:20.64924    Tt:939.6188    Pt:4.098857    FAR:0.013447    MN:0.0         Ts:0.0         Ps:0.0       
LPT        FNo         W:20.64924    Tt:979.3902    Pt:4.098857    FAR:0.013447    MN:0.0         Ts:0.0         Ps:0.0       
duct5      FNi         W:20.64924    Tt:979.3902    Pt:4.098857    FAR:0.013447    MN:0.0         Ts:0.0         Ps:0.0       
duct5      FNo         W:20.64924    Tt:979.3902    Pt:4.057869    FAR:0.013447    MN:0.0         Ts:0.0         Ps:0.0       
priNozzl   FNi         W:20.64924    Tt:979.3902    Pt:4.057869    FAR:0.013447    MN:0.0         Ts:0.0         Ps:0.0       
priNozzl   FNo         W:20.64924    Tt:979.3902    Pt:4.057869    FAR:0.013447    MN:0.783079    Ts:878.4020    Ps:2.72003   
duct17     FNi         W:445.3220    Tt:445.5708    Pt:4.341241    FAR:0.0         MN:0.0         Ts:0.0         Ps:0.0       
duct17     FNo         W:445.3220    Tt:445.5708    Pt:4.276122    FAR:0.0         MN:0.0         Ts:0.0         Ps:0.0       
fanNozzl   FNi         W:445.3220    Tt:445.5708    Pt:4.276122    FAR:0.0         MN:0.0         Ts:0.0         Ps:0.0       
fanNozzl   FNo         W:445.3220    Tt:445.5708    Pt:4.276122    FAR:0.0         MN:0.826761    Ts:391.3964    Ps:2.72003   

Mech Ports

fan        MP          N:8022.050    hp:-2650.06    I:0.0       
LPC        MP          N:8022.050    hp:-1246.59    I:0.0       
HPC        MP          N:8893.848    hp:-4783.47    I:0.0       
HPT        MP          N:8893.848    hp:4633.463    I:0.0       
LPT        MP          N:8022.050    hp:3896.679    I:0.0       
HPshaft    MPC         N:8893.848    hp:-4783.47    I:0.0       
HPshaft    MPT         N:8893.848    hp:4633.463    I:0.0       
LPshaft    MPfan       N:8022.050    hp:-2650.06    I:0.0       
LPshaft    MPlpc       N:8022.050    hp:-1246.59    I:0.0       
LPshaft    MPlpt       N:8022.050    hp:3896.679    I:0.0       

*******************
Elements***********
*******************

FlightCond  start       W:465.6972  Tt:428.674  Pt:3.77357  Tamb:389.9  Pamb:2.720  
Duct        inlet       dP:0.002    Q:0.0       
Compressor  fan         PR:1.15273  eff:1.0283  Rline:2.0   NcMap:0.82  
Splitter    splitter    BPR:21.856  
Duct        duct2       dP:0.01     Q:0.0       
Compressor  LPC         PR:2.89611  eff:0.8320  Rline:1.27  NcMap:0.83  
Duct        duct25      dP:0.015    Q:0.0       
Compressor  HPC         PR:9.12816  eff:0.8523  Rline:1.98  NcMap:0.93  
Burner      burner      FAR:0.0158  Tout:0.0    Wfuel:0.27  dP:0.04     
Turbine     HPT         PR:4.47385  eff:0.9222  PRmap:3.03  NcMap:0.94  
Duct        duct45      dP:0.005    Q:0.0       
Turbine     LPT         PR:5.82954  eff:0.9296  PRmap:5.93  NcMap:0.86  
Duct        duct5       dP:0.01     Q:0.0       
Nozzle      priNozzle   Fg:725.970  
Duct        duct17      dP:0.015    Q:0.0       
Nozzle      fanNozzle   Fg:11122.8  
Shaft       HPshaft     N:8893.848  HPX:150.0   
Shaft       LPshaft     N:8022.050  HPX:0.0     
Performanc  Perf        alt:40000.  MN:0.7      Fn:2019.52  SFC:0.4884  Fg:11848.8  Fram:9829.  Wfuel:0.27   

****************
Solver**********
****************

Converged:True

******************************************************************************************

time =  0.0

******************
Ports*************
******************

Electric Ports


Fluid Ports

start      FNo         W:428.1006    Tt:428.6748    Pt:3.773575    FAR:0.0         MN:0.7         Ts:389.9700    Ps:2.720030  
inlet      FNi         W:428.1006    Tt:428.6748    Pt:3.773575    FAR:0.0         MN:0.0         Ts:389.9700    Ps:2.720030  
inlet      FNo         W:428.1006    Tt:428.6748    Pt:3.766028    FAR:0.0         MN:0.0         Ts:0.0         Ps:0.0       
fan        FNi         W:428.1006    Tt:428.6748    Pt:3.766028    FAR:0.0         MN:0.0         Ts:0.0         Ps:0.0       
fan        FNideal     W:428.1006    Tt:441.5147    Pt:4.183030    FAR:0.0         MN:0.0         Ts:0.0         Ps:0.0       
fan        FNo         W:428.1006    Tt:441.2398    Pt:4.183030    FAR:0.0         MN:0.0         Ts:0.0         Ps:0.0       
fan        FNoBld1     W:0.0         Tt:428.6748    Pt:3.766028    FAR:0.0         MN:0.0         Ts:0.0         Ps:0.0       
fan        FNoBld2     W:0.0         Tt:428.6748    Pt:3.766028    FAR:0.0         MN:0.0         Ts:0.0         Ps:0.0       
splitter   FNi         W:428.1006    Tt:441.2398    Pt:4.183030    FAR:0.0         MN:0.0         Ts:0.0         Ps:0.0       
splitter   FNo1        W:17.29677    Tt:441.2398    Pt:4.183030    FAR:0.0         MN:0.0         Ts:0.0         Ps:0.0       
splitter   FNo2        W:410.8038    Tt:441.2398    Pt:4.183030    FAR:0.0         MN:0.0         Ts:0.0         Ps:0.0       
duct2      FNi         W:17.29677    Tt:441.2398    Pt:4.183030    FAR:0.0         MN:0.0         Ts:0.0         Ps:0.0       
duct2      FNo         W:17.29677    Tt:441.2398    Pt:4.141200    FAR:0.0         MN:0.0         Ts:0.0         Ps:0.0       
LPC        FNi         W:17.29677    Tt:441.2398    Pt:4.141200    FAR:0.0         MN:0.0         Ts:0.0         Ps:0.0       
LPC        FNideal     W:17.29677    Tt:587.4351    Pt:11.66799    FAR:0.0         MN:0.0         Ts:0.0         Ps:0.0       
LPC        FNo         W:17.29677    Tt:623.8213    Pt:11.66799    FAR:0.0         MN:0.0         Ts:0.0         Ps:0.0       
LPC        FNoBld1     W:1.729677    Tt:569.2489    Pt:5.268757    FAR:0.0         MN:0.0         Ts:0.0         Ps:0.0       
LPC        FNoBld2     W:1.729677    Tt:605.6625    Pt:6.774116    FAR:0.0         MN:0.0         Ts:0.0         Ps:0.0       
duct25     FNi         W:17.29677    Tt:623.8213    Pt:11.66799    FAR:0.0         MN:0.0         Ts:0.0         Ps:0.0       
duct25     FNo         W:17.29677    Tt:623.8213    Pt:11.49297    FAR:0.0         MN:0.0         Ts:0.0         Ps:0.0       
HPC        FNi         W:17.29677    Tt:623.8213    Pt:11.49297    FAR:0.0         MN:0.0         Ts:0.0         Ps:0.0       
HPC        FNideal     W:17.29677    Tt:1121.017    Pt:90.70568    FAR:0.0         MN:0.0         Ts:0.0         Ps:0.0       
HPC        FNo         W:14.67388    Tt:1209.886    Pt:90.70568    FAR:0.0         MN:0.0         Ts:0.0         Ps:0.0       
HPC        FNoBld1     W:1.311441    Tt:844.4168    Pt:29.30870    FAR:0.0         MN:0.0         Ts:0.0         Ps:0.0       
HPC        FNoBld2     W:1.311441    Tt:853.8708    Pt:30.57610    FAR:0.0         MN:0.0         Ts:0.0         Ps:0.0       
burner     FNi         W:14.67388    Tt:1209.886    Pt:90.70568    FAR:0.0         MN:0.0         Ts:0.0         Ps:0.0       
burner     FNo         W:14.86980    Tt:2054.768    Pt:87.07745    FAR:0.013351    MN:0.0         Ts:0.0         Ps:0.0       
HPT        FN41        W:16.18124    Tt:1962.859    Pt:87.07745    FAR:0.012255    MN:0.0         Ts:0.0         Ps:0.0       
HPT        FN42        W:16.18124    Tt:1395.890    Pt:19.39142    FAR:0.012255    MN:0.0         Ts:0.0         Ps:0.0       
HPT        FNi         W:14.86980    Tt:2054.768    Pt:87.07745    FAR:0.013351    MN:0.0         Ts:0.0         Ps:0.0       
HPT        FNiBld1     W:1.311441    Tt:853.8708    Pt:30.57610    FAR:0.0         MN:0.0         Ts:0.0         Ps:0.0       
HPT        FNiBld2     W:1.311441    Tt:844.4168    Pt:29.30870    FAR:0.0         MN:0.0         Ts:0.0         Ps:0.0       
HPT        FNideal     W:16.18124    Tt:1344.583    Pt:19.39142    FAR:0.012255    MN:0.0         Ts:0.0         Ps:0.0       
HPT        FNo         W:17.49268    Tt:1354.865    Pt:19.39142    FAR:0.011326    MN:0.0         Ts:0.0         Ps:0.0       
duct45     FNi         W:17.49268    Tt:1354.865    Pt:19.39142    FAR:0.011326    MN:0.0         Ts:0.0         Ps:0.0       
duct45     FNo         W:17.49268    Tt:1354.865    Pt:19.29446    FAR:0.011326    MN:0.0         Ts:0.0         Ps:0.0       
LPT        FN41        W:17.49268    Tt:1354.865    Pt:19.29446    FAR:0.011326    MN:0.0         Ts:0.0         Ps:0.0       
LPT        FN42        W:17.49268    Tt:904.0065    Pt:3.631261    FAR:0.011326    MN:0.0         Ts:0.0         Ps:0.0       
LPT        FNi         W:17.49268    Tt:1354.865    Pt:19.29446    FAR:0.011326    MN:0.0         Ts:0.0         Ps:0.0       
LPT        FNiBld1     W:0.0         Tt:0.0         Pt:0.0         FAR:0.0         MN:0.0         Ts:0.0         Ps:0.0       
LPT        FNiBld2     W:0.0         Tt:0.0         Pt:0.0         FAR:0.0         MN:0.0         Ts:0.0         Ps:0.0       
LPT        FNideal     W:17.49268    Tt:870.0778    Pt:3.631261    FAR:0.011326    MN:0.0         Ts:0.0         Ps:0.0       
LPT        FNo         W:17.49268    Tt:904.0065    Pt:3.631261    FAR:0.011326    MN:0.0         Ts:0.0         Ps:0.0       
duct5      FNi         W:17.49268    Tt:904.0065    Pt:3.631261    FAR:0.011326    MN:0.0         Ts:0.0         Ps:0.0       
duct5      FNo         W:17.49268    Tt:904.0065    Pt:3.594948    FAR:0.011326    MN:0.0         Ts:0.0         Ps:0.0       
priNozzl   FNi         W:17.49268    Tt:904.0065    Pt:3.594948    FAR:0.011326    MN:0.0         Ts:0.0         Ps:0.0       
priNozzl   FNo         W:17.49268    Tt:904.0065    Pt:3.594948    FAR:0.011326    MN:0.646987    Ts:837.5183    Ps:2.72003   
duct17     FNi         W:410.8038    Tt:441.2398    Pt:4.183030    FAR:0.0         MN:0.0         Ts:0.0         Ps:0.0       
duct17     FNo         W:410.8038    Tt:441.2398    Pt:4.120285    FAR:0.0         MN:0.0         Ts:0.0         Ps:0.0       
fanNozzl   FNi         W:410.8038    Tt:441.2398    Pt:4.120285    FAR:0.0         MN:0.0         Ts:0.0         Ps:0.0       
fanNozzl   FNo         W:410.8038    Tt:441.2398    Pt:4.120285    FAR:0.0         MN:0.791381    Ts:391.5786    Ps:2.72003   

Mech Ports

fan        MP          N:7520.860    hp:-1811.66    I:0.0       
LPC        MP          N:7520.860    hp:-1069.94    I:0.0       
HPC        MP          N:8711.781    hp:-3743.49    I:0.0       
HPT        MP          N:8711.781    hp:3593.485    I:0.0       
LPT        MP          N:7520.860    hp:2881.489    I:0.0       
HPshaft    MPC         N:8711.781    hp:-3743.49    I:0.0       
HPshaft    MPT         N:8711.781    hp:3593.485    I:0.0       
LPshaft    MPfan       N:7520.860    hp:-1811.66    I:0.0       
LPshaft    MPlpc       N:7520.860    hp:-1069.94    I:0.0       
LPshaft    MPlpt       N:7520.860    hp:2881.489    I:0.0       

*******************
Elements***********
*******************

FlightCond  start       W:428.1006  Tt:428.674  Pt:3.77357  Tamb:389.9  Pamb:2.720  
Duct        inlet       dP:0.002    Q:0.0       
Compressor  fan         PR:1.11072  eff:1.0218  Rline:2.0   NcMap:0.77  
Splitter    splitter    BPR:23.750  
Duct        duct2       dP:0.01     Q:0.0       
Compressor  LPC         PR:2.81753  eff:0.7998  Rline:1.09  NcMap:0.79  
Duct        duct25      dP:0.015    Q:0.0       
Compressor  HPC         PR:7.89227  eff:0.8444  Rline:2.01  NcMap:0.91  
Burner      burner      FAR:0.0133  Tout:0.0    Wfuel:0.19  dP:0.04     
Turbine     HPT         PR:4.49051  eff:0.9221  PRmap:3.04  NcMap:0.97  
Duct        duct45      dP:0.005    Q:0.0       
Turbine     LPT         PR:5.31343  eff:0.9318  PRmap:5.40  NcMap:0.85  
Duct        duct5       dP:0.01     Q:0.0       
Nozzle      priNozzle   Fg:496.766  
Duct        duct17      dP:0.015    Q:0.0       
Nozzle      fanNozzle   Fg:9823.88  
Shaft       HPshaft     N:8711.781  HPX:150.0   
Shaft       LPshaft     N:7520.860  HPX:0.0     
Performanc  Perf        alt:40000.  MN:0.7      Fn:1284.86  SFC:0.5489  Fg:10320.6  Fram:9035.  Wfuel:0.19   

****************
Solver**********
****************

Converged:True

******************************************************************************************

time =  0.0

******************
Ports*************
******************

Electric Ports


Fluid Ports

start      FNo         W:405.4887    Tt:428.6748    Pt:3.773575    FAR:0.0         MN:0.7         Ts:389.9700    Ps:2.720030  
inlet      FNi         W:405.4887    Tt:428.6748    Pt:3.773575    FAR:0.0         MN:0.0         Ts:389.9700    Ps:2.720030  
inlet      FNo         W:405.4887    Tt:428.6748    Pt:3.766028    FAR:0.0         MN:0.0         Ts:0.0         Ps:0.0       
fan        FNi         W:405.4887    Tt:428.6748    Pt:3.766028    FAR:0.0         MN:0.0         Ts:0.0         Ps:0.0       
fan        FNideal     W:405.4887    Tt:437.7489    Pt:4.056253    FAR:0.0         MN:0.0         Ts:0.0         Ps:0.0       
fan        FNo         W:405.4887    Tt:437.6432    Pt:4.056253    FAR:0.0         MN:0.0         Ts:0.0         Ps:0.0       
fan        FNoBld1     W:0.0         Tt:428.6748    Pt:3.766028    FAR:0.0         MN:0.0         Ts:0.0         Ps:0.0       
fan        FNoBld2     W:0.0         Tt:428.6748    Pt:3.766028    FAR:0.0         MN:0.0         Ts:0.0         Ps:0.0       
splitter   FNi         W:405.4887    Tt:437.6432    Pt:4.056253    FAR:0.0         MN:0.0         Ts:0.0         Ps:0.0       
splitter   FNo1        W:15.56629    Tt:437.6432    Pt:4.056253    FAR:0.0         MN:0.0         Ts:0.0         Ps:0.0       
splitter   FNo2        W:389.9224    Tt:437.6432    Pt:4.056253    FAR:0.0         MN:0.0         Ts:0.0         Ps:0.0       
duct2      FNi         W:15.56629    Tt:437.6432    Pt:4.056253    FAR:0.0         MN:0.0         Ts:0.0         Ps:0.0       
duct2      FNo         W:15.56629    Tt:437.6432    Pt:4.015690    FAR:0.0         MN:0.0         Ts:0.0         Ps:0.0       
LPC        FNi         W:15.56629    Tt:437.6432    Pt:4.015690    FAR:0.0         MN:0.0         Ts:0.0         Ps:0.0       
LPC        FNideal     W:15.56629    Tt:581.2046    Pt:11.09706    FAR:0.0         MN:0.0         Ts:0.0         Ps:0.0       
LPC        FNo         W:15.56629    Tt:620.3938    Pt:11.09706    FAR:0.0         MN:0.0         Ts:0.0         Ps:0.0       
LPC        FNoBld1     W:1.556629    Tt:565.7721    Pt:4.956961    FAR:0.0         MN:0.0         Ts:0.0         Ps:0.0       
LPC        FNoBld2     W:1.556629    Tt:602.2222    Pt:6.373235    FAR:0.0         MN:0.0         Ts:0.0         Ps:0.0       
duct25     FNi         W:15.56629    Tt:620.3938    Pt:11.09706    FAR:0.0         MN:0.0         Ts:0.0         Ps:0.0       
duct25     FNo         W:15.56629    Tt:620.3938    Pt:10.93060    FAR:0.0         MN:0.0         Ts:0.0         Ps:0.0       
HPC        FNi         W:15.56629    Tt:620.3938    Pt:10.93060    FAR:0.0         MN:0.0         Ts:0.0         Ps:0.0       
HPC        FNideal     W:15.56629    Tt:1079.929    Pt:77.67258    FAR:0.0         MN:0.0         Ts:0.0         Ps:0.0       
HPC        FNo         W:13.20582    Tt:1167.305    Pt:77.67258    FAR:0.0         MN:0.0         Ts:0.0         Ps:0.0       
HPC        FNoBld1     W:1.180236    Tt:825.9278    Pt:24.69453    FAR:0.0         MN:0.0         Ts:0.0         Ps:0.0       
HPC        FNoBld2     W:1.180236    Tt:834.7454    Pt:25.76240    FAR:0.0         MN:0.0         Ts:0.0         Ps:0.0       
burner     FNi         W:13.20582    Tt:1167.305    Pt:77.67258    FAR:0.0         MN:0.0         Ts:0.0         Ps:0.0       
burner     FNo         W:13.34912    Tt:1864.198    Pt:74.56567    FAR:0.010851    MN:0.0         Ts:0.0         Ps:0.0       
HPT        FN41        W:14.52936    Tt:1784.844    Pt:74.56567    FAR:0.009961    MN:0.0         Ts:0.0         Ps:0.0       
HPT        FN42        W:14.52936    Tt:1248.017    Pt:16.50819    FAR:0.009961    MN:0.0         Ts:0.0         Ps:0.0       
HPT        FNi         W:13.34912    Tt:1864.198    Pt:74.56567    FAR:0.010851    MN:0.0         Ts:0.0         Ps:0.0       
HPT        FNiBld1     W:1.180236    Tt:834.7454    Pt:25.76240    FAR:0.0         MN:0.0         Ts:0.0         Ps:0.0       
HPT        FNiBld2     W:1.180236    Tt:825.9278    Pt:24.69453    FAR:0.0         MN:0.0         Ts:0.0         Ps:0.0       
HPT        FNideal     W:14.52936    Tt:1198.787    Pt:16.50819    FAR:0.009961    MN:0.0         Ts:0.0         Ps:0.0       
HPT        FNo         W:15.70959    Tt:1216.304    Pt:16.50819    FAR:0.009205    MN:0.0         Ts:0.0         Ps:0.0       
duct45     FNi         W:15.70959    Tt:1216.304    Pt:16.50819    FAR:0.009205    MN:0.0         Ts:0.0         Ps:0.0       
duct45     FNo         W:15.70959    Tt:1216.304    Pt:16.42565    FAR:0.009205    MN:0.0         Ts:0.0         Ps:0.0       
LPT        FN41        W:15.70959    Tt:1216.304    Pt:16.42565    FAR:0.009205    MN:0.0         Ts:0.0         Ps:0.0       
LPT        FN42        W:15.70959    Tt:829.0253    Pt:3.394064    FAR:0.009205    MN:0.0         Ts:0.0         Ps:0.0       
LPT        FNi         W:15.70959    Tt:1216.304    Pt:16.42565    FAR:0.009205    MN:0.0         Ts:0.0         Ps:0.0       
LPT        FNiBld1     W:0.0         Tt:0.0         Pt:0.0         FAR:0.0         MN:0.0         Ts:0.0         Ps:0.0       
LPT        FNiBld2     W:0.0         Tt:0.0         Pt:0.0         FAR:0.0         MN:0.0         Ts:0.0         Ps:0.0       
LPT        FNideal     W:15.70959    Tt:803.6768    Pt:3.394064    FAR:0.009205    MN:0.0         Ts:0.0         Ps:0.0       
LPT        FNo         W:15.70959    Tt:829.0253    Pt:3.394064    FAR:0.009205    MN:0.0         Ts:0.0         Ps:0.0       
duct5      FNi         W:15.70959    Tt:829.0253    Pt:3.394064    FAR:0.009205    MN:0.0         Ts:0.0         Ps:0.0       
duct5      FNo         W:15.70959    Tt:829.0253    Pt:3.360123    FAR:0.009205    MN:0.0         Ts:0.0         Ps:0.0       
priNozzl   FNi         W:15.70959    Tt:829.0253    Pt:3.360123    FAR:0.009205    MN:0.0         Ts:0.0         Ps:0.0       
priNozzl   FNo         W:15.70959    Tt:829.0253    Pt:3.360123    FAR:0.009205    MN:0.560445    Ts:781.9053    Ps:2.72003   
duct17     FNi         W:389.9224    Tt:437.6432    Pt:4.056253    FAR:0.0         MN:0.0         Ts:0.0         Ps:0.0       
duct17     FNo         W:389.9224    Tt:437.6432    Pt:3.995409    FAR:0.0         MN:0.0         Ts:0.0         Ps:0.0       
fanNozzl   FNi         W:389.9224    Tt:437.6432    Pt:3.995409    FAR:0.0         MN:0.0         Ts:0.0         Ps:0.0       
fanNozzl   FNo         W:389.9224    Tt:437.6432    Pt:3.995409    FAR:0.0         MN:0.760860    Ts:391.7208    Ps:2.72003   

Mech Ports

fan        MP          N:7172.304    hp:-1224.79    I:0.0       
LPC        MP          N:7172.304    hp:-963.583    I:0.0       
HPC        MP          N:8600.143    hp:-3136.50    I:0.0       
HPT        MP          N:8600.143    hp:2986.512    I:0.0       
LPT        MP          N:7172.304    hp:2188.382    I:0.0       
HPshaft    MPC         N:8600.143    hp:-3136.50    I:0.0       
HPshaft    MPT         N:8600.143    hp:2986.512    I:0.0       
LPshaft    MPfan       N:7172.304    hp:-1224.79    I:0.0       
LPshaft    MPlpc       N:7172.304    hp:-963.583    I:0.0       
LPshaft    MPlpt       N:7172.304    hp:2188.382    I:0.0       

*******************
Elements***********
*******************

FlightCond  start       W:405.4887  Tt:428.674  Pt:3.77357  Tamb:389.9  Pamb:2.720  
Duct        inlet       dP:0.002    Q:0.0       
Compressor  fan         PR:1.07706  eff:1.0117  Rline:2.0   NcMap:0.73  
Splitter    splitter    BPR:25.049  
Duct        duct2       dP:0.01     Q:0.0       
Compressor  LPC         PR:2.76342  eff:0.7846  Rline:1.02  NcMap:0.75  
Duct        duct25      dP:0.015    Q:0.0       
Compressor  HPC         PR:7.10597  eff:0.8365  Rline:2.08  NcMap:0.90  
Burner      burner      FAR:0.0108  Tout:0.0    Wfuel:0.14  dP:0.04     
Turbine     HPT         PR:4.51688  eff:0.9213  PRmap:3.05  NcMap:1.00  
Duct        duct45      dP:0.005    Q:0.0       
Turbine     LPT         PR:4.83952  eff:0.9397  PRmap:4.92  NcMap:0.85  
Duct        duct5       dP:0.01     Q:0.0       
Nozzle      priNozzle   Fg:373.946  
Duct        duct17      dP:0.015    Q:0.0       
Nozzle      fanNozzle   Fg:8966.53  
Shaft       HPshaft     N:8600.143  HPX:150.0   
Shaft       LPshaft     N:7172.304  HPX:0.0     
Performanc  Perf        alt:40000.  MN:0.7      Fn:781.957  SFC:0.6597  Fg:9340.48  Fram:8558.  Wfuel:0.14   

****************
Solver**********
****************

Converged:True

******************************************************************************************

time =  0.0

******************
Ports*************
******************

Electric Ports


Fluid Ports

start      FNo         W:590.2775    Tt:434.3978    Pt:3.954517    FAR:0.0         MN:0.75        Ts:389.9700    Ps:2.720030  
inlet      FNi         W:590.2775    Tt:434.3978    Pt:3.954517    FAR:0.0         MN:0.0         Ts:389.9700    Ps:2.720030  
inlet      FNo         W:590.2775    Tt:434.3978    Pt:3.946608    FAR:0.0         MN:0.0         Ts:0.0         Ps:0.0       
fan        FNi         W:590.2775    Tt:434.3978    Pt:3.946608    FAR:0.0         MN:0.0         Ts:0.0         Ps:0.0       
fan        FNideal     W:590.2775    Tt:468.3633    Pt:5.130590    FAR:0.0         MN:0.0         Ts:0.0         Ps:0.0       
fan        FNo         W:590.2775    Tt:469.4522    Pt:5.130590    FAR:0.0         MN:0.0         Ts:0.0         Ps:0.0       
fan        FNoBld1     W:0.0         Tt:434.3978    Pt:3.946608    FAR:0.0         MN:0.0         Ts:0.0         Ps:0.0       
fan        FNoBld2     W:0.0         Tt:434.3978    Pt:3.946608    FAR:0.0         MN:0.0         Ts:0.0         Ps:0.0       
splitter   FNi         W:590.2775    Tt:469.4522    Pt:5.130590    FAR:0.0         MN:0.0         Ts:0.0         Ps:0.0       
splitter   FNo1        W:32.55176    Tt:469.4522    Pt:5.130590    FAR:0.0         MN:0.0         Ts:0.0         Ps:0.0       
splitter   FNo2        W:557.7258    Tt:469.4522    Pt:5.130590    FAR:0.0         MN:0.0         Ts:0.0         Ps:0.0       
duct2      FNi         W:32.55176    Tt:469.4522    Pt:5.130590    FAR:0.0         MN:0.0         Ts:0.0         Ps:0.0       
duct2      FNo         W:32.55176    Tt:469.4522    Pt:5.079284    FAR:0.0         MN:0.0         Ts:0.0         Ps:0.0       
LPC        FNi         W:32.55176    Tt:469.4522    Pt:5.079284    FAR:0.0         MN:0.0         Ts:0.0         Ps:0.0       
LPC        FNideal     W:32.55176    Tt:634.1405    Pt:15.42258    FAR:0.0         MN:0.0         Ts:0.0         Ps:0.0       
LPC        FNo         W:32.55176    Tt:654.3815    Pt:15.42258    FAR:0.0         MN:0.0         Ts:0.0         Ps:0.0       
LPC        FNoBld1     W:3.255176    Tt:599.1276    Pt:7.240312    FAR:0.0         MN:0.0         Ts:0.0         Ps:0.0       
LPC        FNoBld2     W:3.255176    Tt:635.9743    Pt:9.308973    FAR:0.0         MN:0.0         Ts:0.0         Ps:0.0       
duct25     FNi         W:32.55176    Tt:654.3815    Pt:15.42258    FAR:0.0         MN:0.0         Ts:0.0         Ps:0.0       
duct25     FNo         W:32.55176    Tt:654.3815    Pt:15.19124    FAR:0.0         MN:0.0         Ts:0.0         Ps:0.0       
HPC        FNi         W:32.55176    Tt:654.3815    Pt:15.19124    FAR:0.0         MN:0.0         Ts:0.0         Ps:0.0       
HPC        FNideal     W:32.55176    Tt:1369.961    Pt:209.2849    FAR:0.0         MN:0.0         Ts:0.0         Ps:0.0       
HPC        FNo         W:27.61561    Tt:1491.189    Pt:209.2849    FAR:0.0         MN:0.0         Ts:0.0         Ps:0.0       
HPC        FNoBld1     W:2.468074    Tt:972.7157    Pt:71.81468    FAR:0.0         MN:0.0         Ts:0.0         Ps:0.0       
HPC        FNoBld2     W:2.468074    Tt:986.2830    Pt:74.92018    FAR:0.0         MN:0.0         Ts:0.0         Ps:0.0       
burner     FNi         W:27.61561    Tt:1491.189    Pt:209.2849    FAR:0.0         MN:0.0         Ts:0.0         Ps:0.0       
burner     FNo         W:28.34118    Tt:3033.433    Pt:200.9135    FAR:0.026273    MN:0.0         Ts:0.0         Ps:0.0       
HPT        FN41        W:30.80926    Tt:2882.164    Pt:200.9135    FAR:0.024118    MN:0.0         Ts:0.0         Ps:0.0       
HPT        FN42        W:30.80926    Tt:2121.808    Pt:45.45041    FAR:0.024118    MN:0.0         Ts:0.0         Ps:0.0       
HPT        FNi         W:28.34118    Tt:3033.433    Pt:200.9135    FAR:0.026273    MN:0.0         Ts:0.0         Ps:0.0       
HPT        FNiBld1     W:2.468074    Tt:986.2830    Pt:74.92018    FAR:0.0         MN:0.0         Ts:0.0         Ps:0.0       
HPT        FNiBld2     W:2.468074    Tt:972.7157    Pt:71.81468    FAR:0.0         MN:0.0         Ts:0.0         Ps:0.0       
HPT        FNideal     W:30.80926    Tt:2053.086    Pt:45.45041    FAR:0.024118    MN:0.0         Ts:0.0         Ps:0.0       
HPT        FNo         W:33.27733    Tt:2038.533    Pt:45.45041    FAR:0.022289    MN:0.0         Ts:0.0         Ps:0.0       
duct45     FNi         W:33.27733    Tt:2038.533    Pt:45.45041    FAR:0.022289    MN:0.0         Ts:0.0         Ps:0.0       
duct45     FNo         W:33.27733    Tt:2038.533    Pt:45.22316    FAR:0.022289    MN:0.0         Ts:0.0         Ps:0.0       
LPT        FN41        W:33.27733    Tt:2038.533    Pt:45.22316    FAR:0.022289    MN:0.0         Ts:0.0         Ps:0.0       
LPT        FN42        W:33.27733    Tt:1358.789    Pt:7.492758    FAR:0.022289    MN:0.0         Ts:0.0         Ps:0.0       
LPT        FNi         W:33.27733    Tt:2038.533    Pt:45.22316    FAR:0.022289    MN:0.0         Ts:0.0         Ps:0.0       
LPT        FNiBld1     W:0.0         Tt:0.0         Pt:0.0         FAR:0.0         MN:0.0         Ts:0.0         Ps:0.0       
LPT        FNiBld2     W:0.0         Tt:0.0         Pt:0.0         FAR:0.0         MN:0.0         Ts:0.0         Ps:0.0       
LPT        FNideal     W:33.27733    Tt:1312.766    Pt:7.492758    FAR:0.022289    MN:0.0         Ts:0.0         Ps:0.0       
LPT        FNo         W:33.27733    Tt:1358.789    Pt:7.492758    FAR:0.022289    MN:0.0         Ts:0.0         Ps:0.0       
duct5      FNi         W:33.27733    Tt:1358.789    Pt:7.492758    FAR:0.022289    MN:0.0         Ts:0.0         Ps:0.0       
duct5      FNo         W:33.27733    Tt:1358.789    Pt:7.417830    FAR:0.022289    MN:0.0         Ts:0.0         Ps:0.0       
priNozzl   FNi         W:33.27733    Tt:1358.789    Pt:7.417830    FAR:0.022289    MN:0.0         Ts:0.0         Ps:0.0       
priNozzl   FNo         W:33.27733    Tt:1358.789    Pt:7.417830    FAR:0.022289    MN:1.0         Ts:1156.398    Ps:3.973487  
duct17     FNi         W:557.7258    Tt:469.4522    Pt:5.130590    FAR:0.0         MN:0.0         Ts:0.0         Ps:0.0       
duct17     FNo         W:557.7258    Tt:469.4522    Pt:5.053631    FAR:0.0         MN:0.0         Ts:0.0         Ps:0.0       
fanNozzl   FNi         W:557.7258    Tt:469.4522    Pt:5.053631    FAR:0.0         MN:0.0         Ts:0.0         Ps:0.0       
fanNozzl   FNo         W:557.7258    Tt:469.4522    Pt:5.053631    FAR:0.0         MN:0.982975    Ts:392.6843    Ps:2.72003   

Mech Ports

fan        MP          N:9809.190    hp:-6979.00    I:0.0       
LPC        MP          N:9809.190    hp:-2042.77    I:0.0       
HPC        MP          N:9687.017    hp:-10235.4    I:0.0       
HPT        MP          N:9687.017    hp:10085.43    I:0.0       
LPT        MP          N:9809.190    hp:9021.796    I:0.0       
HPshaft    MPC         N:9687.017    hp:-10235.4    I:0.0       
HPshaft    MPT         N:9687.017    hp:10085.43    I:0.0       
LPshaft    MPfan       N:9809.190    hp:-6979.00    I:0.0       
LPshaft    MPlpc       N:9809.190    hp:-2042.77    I:0.0       
LPshaft    MPlpt       N:9809.190    hp:9021.796    I:0.0       

*******************
Elements***********
*******************

FlightCond  start       W:590.2775  Tt:434.397  Pt:3.95451  Tamb:389.9  Pamb:2.720  
Duct        inlet       dP:0.002    Q:0.0       
Compressor  fan         PR:1.29999  eff:0.9689  Rline:2.0   NcMap:0.99  
Splitter    splitter    BPR:17.133  
Duct        duct2       dP:0.01     Q:0.0       
Compressor  LPC         PR:3.03637  eff:0.8900  Rline:1.93  NcMap:1.00  
Duct        duct25      dP:0.015    Q:0.0       
Compressor  HPC         PR:13.7766  eff:0.8490  Rline:1.92  NcMap:0.99  
Burner      burner      FAR:0.0262  Tout:0.0    Wfuel:0.72  dP:0.04     
Turbine     HPT         PR:4.42050  eff:0.9215  PRmap:3.00  NcMap:0.89  
Duct        duct45      dP:0.005    Q:0.0       
Turbine     LPT         PR:6.03558  eff:0.9392  PRmap:6.14  NcMap:0.90  
Duct        duct5       dP:0.01     Q:0.0       
Nozzle      priNozzle   Fg:2096.16  
Duct        duct17      dP:0.015    Q:0.0       
Nozzle      fanNozzle   Fg:16589.5  
Shaft       HPshaft     N:9687.017  HPX:150.0   
Shaft       LPshaft     N:9809.190  HPX:0.0     
Performanc  Perf        alt:40000.  MN:0.75     Fn:5336.97  SFC:0.4894  Fg:18685.6  Fram:13348  Wfuel:0.72   

****************
Solver**********
****************

Converged:True

******************************************************************************************

time =  0.0

******************
Ports*************
******************

Electric Ports


Fluid Ports

start      FNo         W:573.2322    Tt:434.3978    Pt:3.954517    FAR:0.0         MN:0.75        Ts:389.9700    Ps:2.720030  
inlet      FNi         W:573.2322    Tt:434.3978    Pt:3.954517    FAR:0.0         MN:0.0         Ts:389.9700    Ps:2.720030  
inlet      FNo         W:573.2322    Tt:434.3978    Pt:3.946608    FAR:0.0         MN:0.0         Ts:0.0         Ps:0.0       
fan        FNi         W:573.2322    Tt:434.3978    Pt:3.946608    FAR:0.0         MN:0.0         Ts:0.0         Ps:0.0       
fan        FNideal     W:573.2322    Tt:464.1341    Pt:4.973809    FAR:0.0         MN:0.0         Ts:0.0         Ps:0.0       
fan        FNo         W:573.2322    Tt:464.1410    Pt:4.973809    FAR:0.0         MN:0.0         Ts:0.0         Ps:0.0       
fan        FNoBld1     W:0.0         Tt:434.3978    Pt:3.946608    FAR:0.0         MN:0.0         Ts:0.0         Ps:0.0       
fan        FNoBld2     W:0.0         Tt:434.3978    Pt:3.946608    FAR:0.0         MN:0.0         Ts:0.0         Ps:0.0       
splitter   FNi         W:573.2322    Tt:464.1410    Pt:4.973809    FAR:0.0         MN:0.0         Ts:0.0         Ps:0.0       
splitter   FNo1        W:29.43741    Tt:464.1410    Pt:4.973809    FAR:0.0         MN:0.0         Ts:0.0         Ps:0.0       
splitter   FNo2        W:543.7948    Tt:464.1410    Pt:4.973809    FAR:0.0         MN:0.0         Ts:0.0         Ps:0.0       
duct2      FNi         W:29.43741    Tt:464.1410    Pt:4.973809    FAR:0.0         MN:0.0         Ts:0.0         Ps:0.0       
duct2      FNo         W:29.43741    Tt:464.1410    Pt:4.924070    FAR:0.0         MN:0.0         Ts:0.0         Ps:0.0       
LPC        FNi         W:29.43741    Tt:464.1410    Pt:4.924070    FAR:0.0         MN:0.0         Ts:0.0         Ps:0.0       
LPC        FNideal     W:29.43741    Tt:626.5916    Pt:14.92097    FAR:0.0         MN:0.0         Ts:0.0         Ps:0.0       
LPC        FNo         W:29.43741    Tt:647.5758    Pt:14.92097    FAR:0.0         MN:0.0         Ts:0.0         Ps:0.0       
LPC        FNoBld1     W:2.943741    Tt:592.7540    Pt:6.997832    FAR:0.0         MN:0.0         Ts:0.0         Ps:0.0       
LPC        FNoBld2     W:2.943741    Tt:629.3094    Pt:8.997213    FAR:0.0         MN:0.0         Ts:0.0         Ps:0.0       
duct25     FNi         W:29.43741    Tt:647.5758    Pt:14.92097    FAR:0.0         MN:0.0         Ts:0.0         Ps:0.0       
duct25     FNo         W:29.43741    Tt:647.5758    Pt:14.69715    FAR:0.0         MN:0.0         Ts:0.0         Ps:0.0       
HPC        FNi         W:29.43741    Tt:647.5758    Pt:14.69715    FAR:0.0         MN:0.0         Ts:0.0         Ps:0.0       
HPC        FNideal     W:29.43741    Tt:1319.234    Pt:182.8758    FAR:0.0         MN:0.0         Ts:0.0         Ps:0.0       
HPC        FNo         W:24.97352    Tt:1429.177    Pt:182.8758    FAR:0.0         MN:0.0         Ts:0.0         Ps:0.0       
HPC        FNoBld1     W:2.231944    Tt:944.2051    Pt:62.22611    FAR:0.0         MN:0.0         Ts:0.0         Ps:0.0       
HPC        FNoBld2     W:2.231944    Tt:956.8560    Pt:64.91697    FAR:0.0         MN:0.0         Ts:0.0         Ps:0.0       
burner     FNi         W:24.97352    Tt:1429.177    Pt:182.8758    FAR:0.0         MN:0.0         Ts:0.0         Ps:0.0       
burner     FNo         W:25.56724    Tt:2845.254    Pt:175.5608    FAR:0.023773    MN:0.0         Ts:0.0         Ps:0.0       
HPT        FN41        W:27.79919    Tt:2704.739    Pt:175.5608    FAR:0.021823    MN:0.0         Ts:0.0         Ps:0.0       
HPT        FN42        W:27.79919    Tt:1985.725    Pt:39.64066    FAR:0.021823    MN:0.0         Ts:0.0         Ps:0.0       
HPT        FNi         W:25.56724    Tt:2845.254    Pt:175.5608    FAR:0.023773    MN:0.0         Ts:0.0         Ps:0.0       
HPT        FNiBld1     W:2.231944    Tt:956.8560    Pt:64.91697    FAR:0.0         MN:0.0         Ts:0.0         Ps:0.0       
HPT        FNiBld2     W:2.231944    Tt:944.2051    Pt:62.22611    FAR:0.0         MN:0.0         Ts:0.0         Ps:0.0       
HPT        FNideal     W:27.79919    Tt:1921.404    Pt:39.64066    FAR:0.021823    MN:0.0         Ts:0.0         Ps:0.0       
HPT        FNo         W:30.03113    Tt:1910.023    Pt:39.64066    FAR:0.020168    MN:0.0         Ts:0.0         Ps:0.0       
duct45     FNi         W:30.03113    Tt:1910.023    Pt:39.64066    FAR:0.020168    MN:0.0         Ts:0.0         Ps:0.0       
duct45     FNo         W:30.03113    Tt:1910.023    Pt:39.44246    FAR:0.020168    MN:0.0         Ts:0.0         Ps:0.0       
LPT        FN41        W:30.03113    Tt:1910.023    Pt:39.44246    FAR:0.020168    MN:0.0         Ts:0.0         Ps:0.0       
LPT        FN42        W:30.03113    Tt:1266.744    Pt:6.516674    FAR:0.020168    MN:0.0         Ts:0.0         Ps:0.0       
LPT        FNi         W:30.03113    Tt:1910.023    Pt:39.44246    FAR:0.020168    MN:0.0         Ts:0.0         Ps:0.0       
LPT        FNiBld1     W:0.0         Tt:0.0         Pt:0.0         FAR:0.0         MN:0.0         Ts:0.0         Ps:0.0       
LPT        FNiBld2     W:0.0         Tt:0.0         Pt:0.0         FAR:0.0         MN:0.0         Ts:0.0         Ps:0.0       
LPT        FNideal     W:30.03113    Tt:1219.106    Pt:6.516674    FAR:0.020168    MN:0.0         Ts:0.0         Ps:0.0       
LPT        FNo         W:30.03113    Tt:1266.744    Pt:6.516674    FAR:0.020168    MN:0.0         Ts:0.0         Ps:0.0       
duct5      FNi         W:30.03113    Tt:1266.744    Pt:6.516674    FAR:0.020168    MN:0.0         Ts:0.0         Ps:0.0       
duct5      FNo         W:30.03113    Tt:1266.744    Pt:6.451507    FAR:0.020168    MN:0.0         Ts:0.0         Ps:0.0       
priNozzl   FNi         W:30.03113    Tt:1266.744    Pt:6.451507    FAR:0.020168    MN:0.0         Ts:0.0         Ps:0.0       
priNozzl   FNo         W:30.03113    Tt:1266.744    Pt:6.451507    FAR:0.020168    MN:1.0         Ts:1074.949    Ps:3.447738  
duct17     FNi         W:543.7948    Tt:464.1410    Pt:4.973809    FAR:0.0         MN:0.0         Ts:0.0         Ps:0.0       
duct17     FNo         W:543.7948    Tt:464.1410    Pt:4.899201    FAR:0.0         MN:0.0         Ts:0.0         Ps:0.0       
fanNozzl   FNi         W:543.7948    Tt:464.1410    Pt:4.899201    FAR:0.0         MN:0.0         Ts:0.0         Ps:0.0       
fanNozzl   FNo         W:543.7948    Tt:464.1410    Pt:4.899201    FAR:0.0         MN:0.955021    Ts:391.8212    Ps:2.72003   

Mech Ports

fan        MP          N:9318.363    hp:-5749.39    I:0.0       
LPC        MP          N:9318.363    hp:-1831.73    I:0.0       
HPC        MP          N:9454.435    hp:-8611.34    I:0.0       
HPT        MP          N:9454.435    hp:8461.225    I:0.0       
LPT        MP          N:9318.363    hp:7581.420    I:0.0       
HPshaft    MPC         N:9454.435    hp:-8611.34    I:0.0       
HPshaft    MPT         N:9454.435    hp:8461.225    I:0.0       
LPshaft    MPfan       N:9318.363    hp:-5749.39    I:0.0       
LPshaft    MPlpc       N:9318.363    hp:-1831.73    I:0.0       
LPshaft    MPlpt       N:9318.363    hp:7581.420    I:0.0       

*******************
Elements***********
*******************

FlightCond  start       W:573.2322  Tt:434.397  Pt:3.95451  Tamb:389.9  Pamb:2.720  
Duct        inlet       dP:0.002    Q:0.0       
Compressor  fan         PR:1.26027  eff:0.9997  Rline:2.0   NcMap:0.94  
Splitter    splitter    BPR:18.472  
Duct        duct2       dP:0.01     Q:0.0       
Compressor  LPC         PR:3.03021  eff:0.8851  Rline:1.73  NcMap:0.95  
Duct        duct25      dP:0.015    Q:0.0       
Compressor  HPC         PR:12.4429  eff:0.8539  Rline:1.88  NcMap:0.97  
Burner      burner      FAR:0.0237  Tout:0.0    Wfuel:0.59  dP:0.04     
Turbine     HPT         PR:4.42880  eff:0.9222  PRmap:3.00  NcMap:0.89  
Duct        duct45      dP:0.005    Q:0.0       
Turbine     LPT         PR:6.05254  eff:0.9338  PRmap:6.15  NcMap:0.88  
Duct        duct5       dP:0.01     Q:0.0       
Nozzle      priNozzle   Fg:1712.77  
Duct        duct17      dP:0.015    Q:0.0       
Nozzle      fanNozzle   Fg:15698.0  
Shaft       HPshaft     N:9454.435  HPX:150.0   
Shaft       LPshaft     N:9318.363  HPX:0.0     
Performanc  Perf        alt:40000.  MN:0.75     Fn:4447.53  SFC:0.4805  Fg:17410.7  Fram:12963  Wfuel:0.59   

****************
Solver**********
****************

Converged:True

******************************************************************************************

time =  0.0

******************
Ports*************
******************

Electric Ports


Fluid Ports

start      FNo         W:552.8047    Tt:434.3978    Pt:3.954517    FAR:0.0         MN:0.75        Ts:389.9700    Ps:2.720030  
inlet      FNi         W:552.8047    Tt:434.3978    Pt:3.954517    FAR:0.0         MN:0.0         Ts:389.9700    Ps:2.720030  
inlet      FNo         W:552.8047    Tt:434.3978    Pt:3.946608    FAR:0.0         MN:0.0         Ts:0.0         Ps:0.0       
fan        FNi         W:552.8047    Tt:434.3978    Pt:3.946608    FAR:0.0         MN:0.0         Ts:0.0         Ps:0.0       
fan        FNideal     W:552.8047    Tt:460.3703    Pt:4.838374    FAR:0.0         MN:0.0         Ts:0.0         Ps:0.0       
fan        FNo         W:552.8047    Tt:459.8935    Pt:4.838374    FAR:0.0         MN:0.0         Ts:0.0         Ps:0.0       
fan        FNoBld1     W:0.0         Tt:434.3978    Pt:3.946608    FAR:0.0         MN:0.0         Ts:0.0         Ps:0.0       
fan        FNoBld2     W:0.0         Tt:434.3978    Pt:3.946608    FAR:0.0         MN:0.0         Ts:0.0         Ps:0.0       
splitter   FNi         W:552.8047    Tt:459.8935    Pt:4.838374    FAR:0.0         MN:0.0         Ts:0.0         Ps:0.0       
splitter   FNo1        W:27.00360    Tt:459.8935    Pt:4.838374    FAR:0.0         MN:0.0         Ts:0.0         Ps:0.0       
splitter   FNo2        W:525.8011    Tt:459.8935    Pt:4.838374    FAR:0.0         MN:0.0         Ts:0.0         Ps:0.0       
duct2      FNi         W:27.00360    Tt:459.8935    Pt:4.838374    FAR:0.0         MN:0.0         Ts:0.0         Ps:0.0       
duct2      FNo         W:27.00360    Tt:459.8935    Pt:4.789991    FAR:0.0         MN:0.0         Ts:0.0         Ps:0.0       
LPC        FNi         W:27.00360    Tt:459.8935    Pt:4.789991    FAR:0.0         MN:0.0         Ts:0.0         Ps:0.0       
LPC        FNideal     W:27.00360    Tt:618.1518    Pt:14.28327    FAR:0.0         MN:0.0         Ts:0.0         Ps:0.0       
LPC        FNo         W:27.00360    Tt:640.1965    Pt:14.28327    FAR:0.0         MN:0.0         Ts:0.0         Ps:0.0       
LPC        FNoBld1     W:2.700360    Tt:586.3053    Pt:6.645298    FAR:0.0         MN:0.0         Ts:0.0         Ps:0.0       
LPC        FNoBld2     W:2.700360    Tt:622.2470    Pt:8.543955    FAR:0.0         MN:0.0         Ts:0.0         Ps:0.0       
duct25     FNi         W:27.00360    Tt:640.1965    Pt:14.28327    FAR:0.0         MN:0.0         Ts:0.0         Ps:0.0       
duct25     FNo         W:27.00360    Tt:640.1965    Pt:14.06902    FAR:0.0         MN:0.0         Ts:0.0         Ps:0.0       
HPC        FNi         W:27.00360    Tt:640.1965    Pt:14.06902    FAR:0.0         MN:0.0         Ts:0.0         Ps:0.0       
HPC        FNideal     W:27.00360    Tt:1278.456    Pt:162.0608    FAR:0.0         MN:0.0         Ts:0.0         Ps:0.0       
HPC        FNo         W:22.90877    Tt:1381.353    Pt:162.0608    FAR:0.0         MN:0.0         Ts:0.0         Ps:0.0       
HPC        FNoBld1     W:2.047413    Tt:920.9527    Pt:54.75697    FAR:0.0         MN:0.0         Ts:0.0         Ps:0.0       
HPC        FNoBld2     W:2.047413    Tt:932.9438    Pt:57.12484    FAR:0.0         MN:0.0         Ts:0.0         Ps:0.0       
burner     FNi         W:22.90877    Tt:1381.353    Pt:162.0608    FAR:0.0         MN:0.0         Ts:0.0         Ps:0.0       
burner     FNo         W:23.39613    Tt:2665.247    Pt:155.5784    FAR:0.021273    MN:0.0         Ts:0.0         Ps:0.0       
HPT        FN41        W:25.44355    Tt:2535.486    Pt:155.5784    FAR:0.019528    MN:0.0         Ts:0.0         Ps:0.0       
HPT        FN42        W:25.44355    Tt:1844.503    Pt:34.98283    FAR:0.019528    MN:0.0         Ts:0.0         Ps:0.0       
HPT        FNi         W:23.39613    Tt:2665.247    Pt:155.5784    FAR:0.021273    MN:0.0         Ts:0.0         Ps:0.0       
HPT        FNiBld1     W:2.047413    Tt:932.9438    Pt:57.12484    FAR:0.0         MN:0.0         Ts:0.0         Ps:0.0       
HPT        FNiBld2     W:2.047413    Tt:920.9527    Pt:54.75697    FAR:0.0         MN:0.0         Ts:0.0         Ps:0.0       
HPT        FNideal     W:25.44355    Tt:1782.780    Pt:34.98283    FAR:0.019528    MN:0.0         Ts:0.0         Ps:0.0       
HPT        FNo         W:27.49096    Tt:1777.147    Pt:34.98283    FAR:0.018047    MN:0.0         Ts:0.0         Ps:0.0       
duct45     FNi         W:27.49096    Tt:1777.147    Pt:34.98283    FAR:0.018047    MN:0.0         Ts:0.0         Ps:0.0       
duct45     FNo         W:27.49096    Tt:1777.147    Pt:34.80792    FAR:0.018047    MN:0.0         Ts:0.0         Ps:0.0       
LPT        FN41        W:27.49096    Tt:1777.147    Pt:34.80792    FAR:0.018047    MN:0.0         Ts:0.0         Ps:0.0       
LPT        FN42        W:27.49096    Tt:1173.352    Pt:5.729229    FAR:0.018047    MN:0.0         Ts:0.0         Ps:0.0       
LPT        FNi         W:27.49096    Tt:1777.147    Pt:34.80792    FAR:0.018047    MN:0.0         Ts:0.0         Ps:0.0       
LPT        FNiBld1     W:0.0         Tt:0.0         Pt:0.0         FAR:0.0         MN:0.0         Ts:0.0         Ps:0.0       
LPT        FNiBld2     W:0.0         Tt:0.0         Pt:0.0         FAR:0.0         MN:0.0         Ts:0.0         Ps:0.0       
LPT        FNideal     W:27.49096    Tt:1126.700    Pt:5.729229    FAR:0.018047    MN:0.0         Ts:0.0         Ps:0.0       
LPT        FNo         W:27.49096    Tt:1173.352    Pt:5.729229    FAR:0.018047    MN:0.0         Ts:0.0         Ps:0.0       
duct5      FNi         W:27.49096    Tt:1173.352    Pt:5.729229    FAR:0.018047    MN:0.0         Ts:0.0         Ps:0.0       
duct5      FNo         W:27.49096    Tt:1173.352    Pt:5.671937    FAR:0.018047    MN:0.0         Ts:0.0         Ps:0.0       
priNozzl   FNi         W:27.49096    Tt:1173.352    Pt:5.671937    FAR:0.018047    MN:0.0         Ts:0.0         Ps:0.0       
priNozzl   FNo         W:27.49096    Tt:1173.352    Pt:5.671937    FAR:0.018047    MN:1.0         Ts:992.8804    Ps:3.026867  
duct17     FNi         W:525.8011    Tt:459.8935    Pt:4.838374    FAR:0.0         MN:0.0         Ts:0.0         Ps:0.0       
duct17     FNo         W:525.8011    Tt:459.8935    Pt:4.765799    FAR:0.0         MN:0.0         Ts:0.0         Ps:0.0       
fanNozzl   FNi         W:525.8011    Tt:459.8935    Pt:4.765799    FAR:0.0         MN:0.0         Ts:0.0         Ps:0.0       
fanNozzl   FNo         W:525.8011    Tt:459.8935    Pt:4.765799    FAR:0.0         MN:0.929503    Ts:391.4416    Ps:2.72003   

Mech Ports

fan        MP          N:8911.314    hp:-4751.65    I:0.0       
LPC        MP          N:8911.314    hp:-1651.14    I:0.0       
HPC        MP          N:9294.465    hp:-7467.20    I:0.0       
HPT        MP          N:9294.465    hp:7317.214    I:0.0       
LPT        MP          N:8911.314    hp:6402.863    I:0.0       
HPshaft    MPC         N:9294.465    hp:-7467.20    I:0.0       
HPshaft    MPT         N:9294.465    hp:7317.214    I:0.0       
LPshaft    MPfan       N:8911.314    hp:-4751.65    I:0.0       
LPshaft    MPlpc       N:8911.314    hp:-1651.14    I:0.0       
LPshaft    MPlpt       N:8911.314    hp:6402.863    I:0.0       

*******************
Elements***********
*******************

FlightCond  start       W:552.8047  Tt:434.397  Pt:3.95451  Tamb:389.9  Pamb:2.720  
Duct        inlet       dP:0.002    Q:0.0       
Compressor  fan         PR:1.22595  eff:1.0187  Rline:2.0   NcMap:0.90  
Splitter    splitter    BPR:19.471  
Duct        duct2       dP:0.01     Q:0.0       
Compressor  LPC         PR:2.98190  eff:0.8771  Rline:1.62  NcMap:0.91  
Duct        duct25      dP:0.015    Q:0.0       
Compressor  HPC         PR:11.5189  eff:0.8561  Rline:1.93  NcMap:0.96  
Burner      burner      FAR:0.0212  Tout:0.0    Wfuel:0.48  dP:0.04     
Turbine     HPT         PR:4.44727  eff:0.9224  PRmap:3.01  NcMap:0.91  
Duct        duct45      dP:0.005    Q:0.0       
Turbine     LPT         PR:6.07549  eff:0.9310  PRmap:6.18  NcMap:0.87  
Duct        duct5       dP:0.01     Q:0.0       
Nozzle      priNozzle   Fg:1404.63  
Duct        duct17      dP:0.015    Q:0.0       
Nozzle      fanNozzle   Fg:14765.9  
Shaft       HPshaft     N:9294.465  HPX:150.0   
Shaft       LPshaft     N:8911.314  HPX:0.0     
Performanc  Perf        alt:40000.  MN:0.75     Fn:3669.24  SFC:0.4781  Fg:16170.5  Fram:12501  Wfuel:0.48   

****************
Solver**********
****************

Converged:True

******************************************************************************************

time =  0.0

******************
Ports*************
******************

Electric Ports


Fluid Ports

start      FNo         W:520.3939    Tt:434.3978    Pt:3.954517    FAR:0.0         MN:0.75        Ts:389.9700    Ps:2.720030  
inlet      FNi         W:520.3939    Tt:434.3978    Pt:3.954517    FAR:0.0         MN:0.0         Ts:389.9700    Ps:2.720030  
inlet      FNo         W:520.3939    Tt:434.3978    Pt:3.946608    FAR:0.0         MN:0.0         Ts:0.0         Ps:0.0       
fan        FNi         W:520.3939    Tt:434.3978    Pt:3.946608    FAR:0.0         MN:0.0         Ts:0.0         Ps:0.0       
fan        FNideal     W:520.3939    Tt:455.9466    Pt:4.683749    FAR:0.0         MN:0.0         Ts:0.0         Ps:0.0       
fan        FNo         W:520.3939    Tt:455.3899    Pt:4.683749    FAR:0.0         MN:0.0         Ts:0.0         Ps:0.0       
fan        FNoBld1     W:0.0         Tt:434.3978    Pt:3.946608    FAR:0.0         MN:0.0         Ts:0.0         Ps:0.0       
fan        FNoBld2     W:0.0         Tt:434.3978    Pt:3.946608    FAR:0.0         MN:0.0         Ts:0.0         Ps:0.0       
splitter   FNi         W:520.3939    Tt:455.3899    Pt:4.683749    FAR:0.0         MN:0.0         Ts:0.0         Ps:0.0       
splitter   FNo1        W:23.56156    Tt:455.3899    Pt:4.683749    FAR:0.0         MN:0.0         Ts:0.0         Ps:0.0       
splitter   FNo2        W:496.8324    Tt:455.3899    Pt:4.683749    FAR:0.0         MN:0.0         Ts:0.0         Ps:0.0       
duct2      FNi         W:23.56156    Tt:455.3899    Pt:4.683749    FAR:0.0         MN:0.0         Ts:0.0         Ps:0.0       
duct2      FNo         W:23.56156    Tt:455.3899    Pt:4.636911    FAR:0.0         MN:0.0         Ts:0.0         Ps:0.0       
LPC        FNi         W:23.56156    Tt:455.3899    Pt:4.636911    FAR:0.0         MN:0.0         Ts:0.0         Ps:0.0       
LPC        FNideal     W:23.56156    Tt:611.3068    Pt:13.73164    FAR:0.0         MN:0.0         Ts:0.0         Ps:0.0       
LPC        FNo         W:23.56156    Tt:639.0818    Pt:13.73164    FAR:0.0         MN:0.0         Ts:0.0         Ps:0.0       
LPC        FNoBld1     W:2.356156    Tt:584.1791    Pt:6.366313    FAR:0.0         MN:0.0         Ts:0.0         Ps:0.0       
LPC        FNoBld2     W:2.356156    Tt:620.7974    Pt:8.185260    FAR:0.0         MN:0.0         Ts:0.0         Ps:0.0       
duct25     FNi         W:23.56156    Tt:639.0818    Pt:13.73164    FAR:0.0         MN:0.0         Ts:0.0         Ps:0.0       
duct25     FNo         W:23.56156    Tt:639.0818    Pt:13.52567    FAR:0.0         MN:0.0         Ts:0.0         Ps:0.0       
HPC        FNi         W:23.56156    Tt:639.0818    Pt:13.52567    FAR:0.0         MN:0.0         Ts:0.0         Ps:0.0       
HPC        FNideal     W:23.56156    Tt:1227.375    Pt:135.9505    FAR:0.0         MN:0.0         Ts:0.0         Ps:0.0       
HPC        FNo         W:19.98868    Tt:1322.055    Pt:135.9505    FAR:0.0         MN:0.0         Ts:0.0         Ps:0.0       
HPC        FNoBld1     W:1.786437    Tt:897.2079    Pt:45.29721    FAR:0.0         MN:0.0         Ts:0.0         Ps:0.0       
HPC        FNoBld2     W:1.786437    Tt:908.2329    Pt:47.25601    FAR:0.0         MN:0.0         Ts:0.0         Ps:0.0       
burner     FNi         W:19.98868    Tt:1322.055    Pt:135.9505    FAR:0.0         MN:0.0         Ts:0.0         Ps:0.0       
burner     FNo         W:20.36395    Tt:2472.247    Pt:130.5125    FAR:0.018773    MN:0.0         Ts:0.0         Ps:0.0       
HPT        FN41        W:22.15039    Tt:2354.270    Pt:130.5125    FAR:0.017233    MN:0.0         Ts:0.0         Ps:0.0       
HPT        FN42        W:22.15039    Tt:1710.259    Pt:29.33243    FAR:0.017233    MN:0.0         Ts:0.0         Ps:0.0       
HPT        FNi         W:20.36395    Tt:2472.247    Pt:130.5125    FAR:0.018773    MN:0.0         Ts:0.0         Ps:0.0       
HPT        FNiBld1     W:1.786437    Tt:908.2329    Pt:47.25601    FAR:0.0         MN:0.0         Ts:0.0         Ps:0.0       
HPT        FNiBld2     W:1.786437    Tt:897.2079    Pt:45.29721    FAR:0.0         MN:0.0         Ts:0.0         Ps:0.0       
HPT        FNideal     W:22.15039    Tt:1652.581    Pt:29.33243    FAR:0.017233    MN:0.0         Ts:0.0         Ps:0.0       
HPT        FNo         W:23.93683    Tt:1650.789    Pt:29.33243    FAR:0.015927    MN:0.0         Ts:0.0         Ps:0.0       
duct45     FNi         W:23.93683    Tt:1650.789    Pt:29.33243    FAR:0.015927    MN:0.0         Ts:0.0         Ps:0.0       
duct45     FNo         W:23.93683    Tt:1650.789    Pt:29.18577    FAR:0.015927    MN:0.0         Ts:0.0         Ps:0.0       
LPT        FN41        W:23.93683    Tt:1650.789    Pt:29.18577    FAR:0.015927    MN:0.0         Ts:0.0         Ps:0.0       
LPT        FN42        W:23.93683    Tt:1083.443    Pt:4.803404    FAR:0.015927    MN:0.0         Ts:0.0         Ps:0.0       
LPT        FNi         W:23.93683    Tt:1650.789    Pt:29.18577    FAR:0.015927    MN:0.0         Ts:0.0         Ps:0.0       
LPT        FNiBld1     W:0.0         Tt:0.0         Pt:0.0         FAR:0.0         MN:0.0         Ts:0.0         Ps:0.0       
LPT        FNiBld2     W:0.0         Tt:0.0         Pt:0.0         FAR:0.0         MN:0.0         Ts:0.0         Ps:0.0       
LPT        FNideal     W:23.93683    Tt:1037.400    Pt:4.803404    FAR:0.015927    MN:0.0         Ts:0.0         Ps:0.0       
LPT        FNo         W:23.93683    Tt:1083.443    Pt:4.803404    FAR:0.015927    MN:0.0         Ts:0.0         Ps:0.0       
duct5      FNi         W:23.93683    Tt:1083.443    Pt:4.803404    FAR:0.015927    MN:0.0         Ts:0.0         Ps:0.0       
duct5      FNo         W:23.93683    Tt:1083.443    Pt:4.755370    FAR:0.015927    MN:0.0         Ts:0.0         Ps:0.0       
priNozzl   FNi         W:23.93683    Tt:1083.443    Pt:4.755370    FAR:0.015927    MN:0.0         Ts:0.0         Ps:0.0       
priNozzl   FNo         W:23.93683    Tt:1083.443    Pt:4.755370    FAR:0.015927    MN:0.936903    Ts:932.3546    Ps:2.72003   
duct17     FNi         W:496.8324    Tt:455.3899    Pt:4.683749    FAR:0.0         MN:0.0         Ts:0.0         Ps:0.0       
duct17     FNo         W:496.8324    Tt:455.3899    Pt:4.613492    FAR:0.0         MN:0.0         Ts:0.0         Ps:0.0       
fanNozzl   FNi         W:496.8324    Tt:455.3899    Pt:4.613492    FAR:0.0         MN:0.0         Ts:0.0         Ps:0.0       
fanNozzl   FNo         W:496.8324    Tt:455.3899    Pt:4.613492    FAR:0.0         MN:0.898845    Ts:391.3779    Ps:2.72003   

Mech Ports

fan        MP          N:8487.479    hp:-3681.68    I:0.0       
LPC        MP          N:8487.479    hp:-1467.56    I:0.0       
HPC        MP          N:9091.256    hp:-5983.34    I:0.0       
HPT        MP          N:9091.256    hp:5833.494    I:0.0       
LPT        MP          N:8487.479    hp:5149.170    I:0.0       
HPshaft    MPC         N:9091.256    hp:-5983.34    I:0.0       
HPshaft    MPT         N:9091.256    hp:5833.494    I:0.0       
LPshaft    MPfan       N:8487.479    hp:-3681.68    I:0.0       
LPshaft    MPlpc       N:8487.479    hp:-1467.56    I:0.0       
LPshaft    MPlpt       N:8487.479    hp:5149.170    I:0.0       

*******************
Elements***********
*******************

FlightCond  start       W:520.3939  Tt:434.397  Pt:3.95451  Tamb:389.9  Pamb:2.720  
Duct        inlet       dP:0.002    Q:0.0       
Compressor  fan         PR:1.18677  eff:1.0265  Rline:2.0   NcMap:0.86  
Splitter    splitter    BPR:21.086  
Duct        duct2       dP:0.01     Q:0.0       
Compressor  LPC         PR:2.96137  eff:0.8480  Rline:1.37  NcMap:0.87  
Duct        duct25      dP:0.015    Q:0.0       
Compressor  HPC         PR:10.0513  eff:0.8568  Rline:1.94  NcMap:0.94  
Burner      burner      FAR:0.0187  Tout:0.0    Wfuel:0.37  dP:0.04     
Turbine     HPT         PR:4.44942  eff:0.9223  PRmap:3.02  NcMap:0.92  
Duct        duct45      dP:0.005    Q:0.0       
Turbine     LPT         PR:6.07606  eff:0.9276  PRmap:6.18  NcMap:0.86  
Duct        duct5       dP:0.01     Q:0.0       
Nozzle      priNozzle   Fg:1035.63  
Duct        duct17      dP:0.015    Q:0.0       
Nozzle      fanNozzle   Fg:13491.0  
Shaft       HPshaft     N:9091.256  HPX:150.0   
Shaft       LPshaft     N:8487.479  HPX:0.0     
Performanc  Perf        alt:40000.  MN:0.75     Fn:2758.38  SFC:0.4897  Fg:14526.7  Fram:11768  Wfuel:0.37   

****************
Solver**********
****************

Converged:True

******************************************************************************************

time =  0.0

******************
Ports*************
******************

Electric Ports


Fluid Ports

start      FNo         W:486.8377    Tt:434.3978    Pt:3.954517    FAR:0.0         MN:0.75        Ts:389.9700    Ps:2.720030  
inlet      FNi         W:486.8377    Tt:434.3978    Pt:3.954517    FAR:0.0         MN:0.0         Ts:389.9700    Ps:2.720030  
inlet      FNo         W:486.8377    Tt:434.3978    Pt:3.946608    FAR:0.0         MN:0.0         Ts:0.0         Ps:0.0       
fan        FNi         W:486.8377    Tt:434.3978    Pt:3.946608    FAR:0.0         MN:0.0         Ts:0.0         Ps:0.0       
fan        FNideal     W:486.8377    Tt:452.1832    Pt:4.556299    FAR:0.0         MN:0.0         Ts:0.0         Ps:0.0       
fan        FNo         W:486.8377    Tt:451.6946    Pt:4.556299    FAR:0.0         MN:0.0         Ts:0.0         Ps:0.0       
fan        FNoBld1     W:0.0         Tt:434.3978    Pt:3.946608    FAR:0.0         MN:0.0         Ts:0.0         Ps:0.0       
fan        FNoBld2     W:0.0         Tt:434.3978    Pt:3.946608    FAR:0.0         MN:0.0         Ts:0.0         Ps:0.0       
splitter   FNi         W:486.8377    Tt:451.6946    Pt:4.556299    FAR:0.0         MN:0.0         Ts:0.0         Ps:0.0       
splitter   FNo1        W:21.16026    Tt:451.6946    Pt:4.556299    FAR:0.0         MN:0.0         Ts:0.0         Ps:0.0       
splitter   FNo2        W:465.6774    Tt:451.6946    Pt:4.556299    FAR:0.0         MN:0.0         Ts:0.0         Ps:0.0       
duct2      FNi         W:21.16026    Tt:451.6946    Pt:4.556299    FAR:0.0         MN:0.0         Ts:0.0         Ps:0.0       
duct2      FNo         W:21.16026    Tt:451.6946    Pt:4.510736    FAR:0.0         MN:0.0         Ts:0.0         Ps:0.0       
LPC        FNi         W:21.16026    Tt:451.6946    Pt:4.510736    FAR:0.0         MN:0.0         Ts:0.0         Ps:0.0       
LPC        FNideal     W:21.16026    Tt:603.6955    Pt:13.10323    FAR:0.0         MN:0.0         Ts:0.0         Ps:0.0       
LPC        FNo         W:21.16026    Tt:634.8984    Pt:13.10323    FAR:0.0         MN:0.0         Ts:0.0         Ps:0.0       
LPC        FNoBld1     W:2.116026    Tt:580.1392    Pt:6.014751    FAR:0.0         MN:0.0         Ts:0.0         Ps:0.0       
LPC        FNoBld2     W:2.116026    Tt:616.6660    Pt:7.733252    FAR:0.0         MN:0.0         Ts:0.0         Ps:0.0       
duct25     FNi         W:21.16026    Tt:634.8984    Pt:13.10323    FAR:0.0         MN:0.0         Ts:0.0         Ps:0.0       
duct25     FNo         W:21.16026    Tt:634.8984    Pt:12.90669    FAR:0.0         MN:0.0         Ts:0.0         Ps:0.0       
HPC        FNi         W:21.16026    Tt:634.8984    Pt:12.90669    FAR:0.0         MN:0.0         Ts:0.0         Ps:0.0       
HPC        FNideal     W:21.16026    Tt:1184.405    Pt:117.2748    FAR:0.0         MN:0.0         Ts:0.0         Ps:0.0       
HPC        FNo         W:17.95152    Tt:1276.647    Pt:117.2748    FAR:0.0         MN:0.0         Ts:0.0         Ps:0.0       
HPC        FNoBld1     W:1.604371    Tt:877.0089    Pt:38.61620    FAR:0.0         MN:0.0         Ts:0.0         Ps:0.0       
HPC        FNoBld2     W:1.604371    Tt:887.3767    Pt:40.28609    FAR:0.0         MN:0.0         Ts:0.0         Ps:0.0       
burner     FNi         W:17.95152    Tt:1276.647    Pt:117.2748    FAR:0.0         MN:0.0         Ts:0.0         Ps:0.0       
burner     FNo         W:18.24366    Tt:2287.381    Pt:112.5838    FAR:0.016273    MN:0.0         Ts:0.0         Ps:0.0       
HPT        FN41        W:19.84803    Tt:2181.027    Pt:112.5838    FAR:0.014938    MN:0.0         Ts:0.0         Ps:0.0       
HPT        FN42        W:19.84803    Tt:1567.877    Pt:25.19361    FAR:0.014938    MN:0.0         Ts:0.0         Ps:0.0       
HPT        FNi         W:18.24366    Tt:2287.381    Pt:112.5838    FAR:0.016273    MN:0.0         Ts:0.0         Ps:0.0       
HPT        FNiBld1     W:1.604371    Tt:887.3767    Pt:40.28609    FAR:0.0         MN:0.0         Ts:0.0         Ps:0.0       
HPT        FNiBld2     W:1.604371    Tt:877.0089    Pt:38.61620    FAR:0.0         MN:0.0         Ts:0.0         Ps:0.0       
HPT        FNideal     W:19.84803    Tt:1512.659    Pt:25.19361    FAR:0.014938    MN:0.0         Ts:0.0         Ps:0.0       
HPT        FNo         W:21.45240    Tt:1516.992    Pt:25.19361    FAR:0.013806    MN:0.0         Ts:0.0         Ps:0.0       
duct45     FNi         W:21.45240    Tt:1516.992    Pt:25.19361    FAR:0.013806    MN:0.0         Ts:0.0         Ps:0.0       
duct45     FNo         W:21.45240    Tt:1516.992    Pt:25.06765    FAR:0.013806    MN:0.0         Ts:0.0         Ps:0.0       
LPT        FN41        W:21.45240    Tt:1516.992    Pt:25.06765    FAR:0.013806    MN:0.0         Ts:0.0         Ps:0.0       
LPT        FN42        W:21.45240    Tt:997.7569    Pt:4.243328    FAR:0.013806    MN:0.0         Ts:0.0         Ps:0.0       
LPT        FNi         W:21.45240    Tt:1516.992    Pt:25.06765    FAR:0.013806    MN:0.0         Ts:0.0         Ps:0.0       
LPT        FNiBld1     W:0.0         Tt:0.0         Pt:0.0         FAR:0.0         MN:0.0         Ts:0.0         Ps:0.0       
LPT        FNiBld2     W:0.0         Tt:0.0         Pt:0.0         FAR:0.0         MN:0.0         Ts:0.0         Ps:0.0       
LPT        FNideal     W:21.45240    Tt:956.3385    Pt:4.243328    FAR:0.013806    MN:0.0         Ts:0.0         Ps:0.0       
LPT        FNo         W:21.45240    Tt:997.7569    Pt:4.243328    FAR:0.013806    MN:0.0         Ts:0.0         Ps:0.0       
duct5      FNi         W:21.45240    Tt:997.7569    Pt:4.243328    FAR:0.013806    MN:0.0         Ts:0.0         Ps:0.0       
duct5      FNo         W:21.45240    Tt:997.7569    Pt:4.200894    FAR:0.013806    MN:0.0         Ts:0.0         Ps:0.0       
priNozzl   FNi         W:21.45240    Tt:997.7569    Pt:4.200894    FAR:0.013806    MN:0.0         Ts:0.0         Ps:0.0       
priNozzl   FNo         W:21.45240    Tt:997.7569    Pt:4.200894    FAR:0.013806    MN:0.817840    Ts:886.7972    Ps:2.72003   
duct17     FNi         W:465.6774    Tt:451.6946    Pt:4.556299    FAR:0.0         MN:0.0         Ts:0.0         Ps:0.0       
duct17     FNo         W:465.6774    Tt:451.6946    Pt:4.487955    FAR:0.0         MN:0.0         Ts:0.0         Ps:0.0       
fanNozzl   FNi         W:465.6774    Tt:451.6946    Pt:4.487955    FAR:0.0         MN:0.0         Ts:0.0         Ps:0.0       
fanNozzl   FNo         W:465.6774    Tt:451.6946    Pt:4.487955    FAR:0.0         MN:0.872018    Ts:391.4288    Ps:2.72003   

Mech Ports

fan        MP          N:8098.453    hp:-2836.79    I:0.0       
LPC        MP          N:8098.453    hp:-1314.24    I:0.0       
HPC        MP          N:8945.021    hp:-5035.48    I:0.0       
HPT        MP          N:8945.021    hp:4885.430    I:0.0       
LPT        MP          N:8098.453    hp:4151.026    I:0.0       
HPshaft    MPC         N:8945.021    hp:-5035.48    I:0.0       
HPshaft    MPT         N:8945.021    hp:4885.430    I:0.0       
LPshaft    MPfan       N:8098.453    hp:-2836.79    I:0.0       
LPshaft    MPlpc       N:8098.453    hp:-1314.24    I:0.0       
LPshaft    MPlpt       N:8098.453    hp:4151.026    I:0.0       

*******************
Elements***********
*******************

FlightCond  start       W:486.8377  Tt:434.397  Pt:3.95451  Tamb:389.9  Pamb:2.720  
Duct        inlet       dP:0.002    Q:0.0       
Compressor  fan         PR:1.15448  eff:1.0283  Rline:2.0   NcMap:0.82  
Splitter    splitter    BPR:22.007  
Duct        duct2       dP:0.01     Q:0.0       
Compressor  LPC         PR:2.90489  eff:0.8288  Rline:1.25  NcMap:0.84  
Duct        duct25      dP:0.015    Q:0.0       
Compressor  HPC         PR:9.08635  eff:0.8520  Rline:1.96  NcMap:0.93  
Burner      burner      FAR:0.0162  Tout:0.0    Wfuel:0.29  dP:0.04     
Turbine     HPT         PR:4.46874  eff:0.9222  PRmap:3.03  NcMap:0.94  
Duct        duct45      dP:0.005    Q:0.0       
Turbine     LPT         PR:5.90754  eff:0.9284  PRmap:6.01  NcMap:0.86  
Duct        duct5       dP:0.01     Q:0.0       
Nozzle      priNozzle   Fg:791.250  
Duct        duct17      dP:0.015    Q:0.0       
Nozzle      fanNozzle   Fg:12268.4  
Shaft       HPshaft     N:8945.021  HPX:150.0   
Shaft       LPshaft     N:8098.453  HPX:0.0     
Performanc  Perf        alt:40000.  MN:0.75     Fn:2050.25  SFC:0.5129  Fg:13059.7  Fram:11009  Wfuel:0.29   

****************
Solver**********
****************

Converged:True

******************************************************************************************

time =  0.0

******************
Ports*************
******************

Electric Ports


Fluid Ports

start      FNo         W:448.3760    Tt:434.3978    Pt:3.954517    FAR:0.0         MN:0.75        Ts:389.9700    Ps:2.720030  
inlet      FNi         W:448.3760    Tt:434.3978    Pt:3.954517    FAR:0.0         MN:0.0         Ts:389.9700    Ps:2.720030  
inlet      FNo         W:448.3760    Tt:434.3978    Pt:3.946608    FAR:0.0         MN:0.0         Ts:0.0         Ps:0.0       
fan        FNi         W:448.3760    Tt:434.3978    Pt:3.946608    FAR:0.0         MN:0.0         Ts:0.0         Ps:0.0       
fan        FNideal     W:448.3760    Tt:447.6300    Pt:4.397545    FAR:0.0         MN:0.0         Ts:0.0         Ps:0.0       
fan        FNo         W:448.3760    Tt:447.3351    Pt:4.397545    FAR:0.0         MN:0.0         Ts:0.0         Ps:0.0       
fan        FNoBld1     W:0.0         Tt:434.3978    Pt:3.946608    FAR:0.0         MN:0.0         Ts:0.0         Ps:0.0       
fan        FNoBld2     W:0.0         Tt:434.3978    Pt:3.946608    FAR:0.0         MN:0.0         Ts:0.0         Ps:0.0       
splitter   FNi         W:448.3760    Tt:447.3351    Pt:4.397545    FAR:0.0         MN:0.0         Ts:0.0         Ps:0.0       
splitter   FNo1        W:17.75722    Tt:447.3351    Pt:4.397545    FAR:0.0         MN:0.0         Ts:0.0         Ps:0.0       
splitter   FNo2        W:430.6188    Tt:447.3351    Pt:4.397545    FAR:0.0         MN:0.0         Ts:0.0         Ps:0.0       
duct2      FNi         W:17.75722    Tt:447.3351    Pt:4.397545    FAR:0.0         MN:0.0         Ts:0.0         Ps:0.0       
duct2      FNo         W:17.75722    Tt:447.3351    Pt:4.353569    FAR:0.0         MN:0.0         Ts:0.0         Ps:0.0       
LPC        FNi         W:17.75722    Tt:447.3351    Pt:4.353569    FAR:0.0         MN:0.0         Ts:0.0         Ps:0.0       
LPC        FNideal     W:17.75722    Tt:594.8354    Pt:12.32545    FAR:0.0         MN:0.0         Ts:0.0         Ps:0.0       
LPC        FNo         W:17.75722    Tt:634.0143    Pt:12.32545    FAR:0.0         MN:0.0         Ts:0.0         Ps:0.0       
LPC        FNoBld1     W:1.775722    Tt:578.2199    Pt:5.580317    FAR:0.0         MN:0.0         Ts:0.0         Ps:0.0       
LPC        FNoBld2     W:1.775722    Tt:615.4388    Pt:7.174693    FAR:0.0         MN:0.0         Ts:0.0         Ps:0.0       
duct25     FNi         W:17.75722    Tt:634.0143    Pt:12.32545    FAR:0.0         MN:0.0         Ts:0.0         Ps:0.0       
duct25     FNo         W:17.75722    Tt:634.0143    Pt:12.14056    FAR:0.0         MN:0.0         Ts:0.0         Ps:0.0       
HPC        FNi         W:17.75722    Tt:634.0143    Pt:12.14056    FAR:0.0         MN:0.0         Ts:0.0         Ps:0.0       
HPC        FNideal     W:17.75722    Tt:1135.627    Pt:94.03074    FAR:0.0         MN:0.0         Ts:0.0         Ps:0.0       
HPC        FNo         W:15.06451    Tt:1225.697    Pt:94.03074    FAR:0.0         MN:0.0         Ts:0.0         Ps:0.0       
HPC        FNoBld1     W:1.346352    Tt:856.8166    Pt:30.29936    FAR:0.0         MN:0.0         Ts:0.0         Ps:0.0       
HPC        FNoBld2     W:1.346352    Tt:866.3487    Pt:31.60960    FAR:0.0         MN:0.0         Ts:0.0         Ps:0.0       
burner     FNi         W:15.06451    Tt:1225.697    Pt:94.03074    FAR:0.0         MN:0.0         Ts:0.0         Ps:0.0       
burner     FNo         W:15.27201    Tt:2094.130    Pt:90.26951    FAR:0.013773    MN:0.0         Ts:0.0         Ps:0.0       
HPT        FN41        W:16.61836    Tt:2000.241    Pt:90.26951    FAR:0.012643    MN:0.0         Ts:0.0         Ps:0.0       
HPT        FN42        W:16.61836    Tt:1428.964    Pt:20.14606    FAR:0.012643    MN:0.0         Ts:0.0         Ps:0.0       
HPT        FNi         W:15.27201    Tt:2094.130    Pt:90.26951    FAR:0.013773    MN:0.0         Ts:0.0         Ps:0.0       
HPT        FNiBld1     W:1.346352    Tt:866.3487    Pt:31.60960    FAR:0.0         MN:0.0         Ts:0.0         Ps:0.0       
HPT        FNiBld2     W:1.346352    Tt:856.8166    Pt:30.29936    FAR:0.0         MN:0.0         Ts:0.0         Ps:0.0       
HPT        FNideal     W:16.61836    Tt:1377.287    Pt:20.14606    FAR:0.012643    MN:0.0         Ts:0.0         Ps:0.0       
HPT        FNo         W:17.96471    Tt:1386.476    Pt:20.14606    FAR:0.011685    MN:0.0         Ts:0.0         Ps:0.0       
duct45     FNi         W:17.96471    Tt:1386.476    Pt:20.14606    FAR:0.011685    MN:0.0         Ts:0.0         Ps:0.0       
duct45     FNo         W:17.96471    Tt:1386.476    Pt:20.04533    FAR:0.011685    MN:0.0         Ts:0.0         Ps:0.0       
LPT        FN41        W:17.96471    Tt:1386.476    Pt:20.04533    FAR:0.011685    MN:0.0         Ts:0.0         Ps:0.0       
LPT        FN42        W:17.96471    Tt:919.2446    Pt:3.691905    FAR:0.011685    MN:0.0         Ts:0.0         Ps:0.0       
LPT        FNi         W:17.96471    Tt:1386.476    Pt:20.04533    FAR:0.011685    MN:0.0         Ts:0.0         Ps:0.0       
LPT        FNiBld1     W:0.0         Tt:0.0         Pt:0.0         FAR:0.0         MN:0.0         Ts:0.0         Ps:0.0       
LPT        FNiBld2     W:0.0         Tt:0.0         Pt:0.0         FAR:0.0         MN:0.0         Ts:0.0         Ps:0.0       
LPT        FNideal     W:17.96471    Tt:883.2223    Pt:3.691905    FAR:0.011685    MN:0.0         Ts:0.0         Ps:0.0       
LPT        FNo         W:17.96471    Tt:919.2446    Pt:3.691905    FAR:0.011685    MN:0.0         Ts:0.0         Ps:0.0       
duct5      FNi         W:17.96471    Tt:919.2446    Pt:3.691905    FAR:0.011685    MN:0.0         Ts:0.0         Ps:0.0       
duct5      FNo         W:17.96471    Tt:919.2446    Pt:3.654986    FAR:0.011685    MN:0.0         Ts:0.0         Ps:0.0       
priNozzl   FNi         W:17.96471    Tt:919.2446    Pt:3.654986    FAR:0.011685    MN:0.0         Ts:0.0         Ps:0.0       
priNozzl   FNo         W:17.96471    Tt:919.2446    Pt:3.654986    FAR:0.011685    MN:0.668921    Ts:847.5244    Ps:2.72003   
duct17     FNi         W:430.6188    Tt:447.3351    Pt:4.397545    FAR:0.0         MN:0.0         Ts:0.0         Ps:0.0       
duct17     FNo         W:430.6188    Tt:447.3351    Pt:4.331582    FAR:0.0         MN:0.0         Ts:0.0         Ps:0.0       
fanNozzl   FNi         W:430.6188    Tt:447.3351    Pt:4.331582    FAR:0.0         MN:0.0         Ts:0.0         Ps:0.0       
fanNozzl   FNo         W:430.6188    Tt:447.3351    Pt:4.331582    FAR:0.0         MN:0.838681    Ts:391.5645    Ps:2.72003   

Mech Ports

fan        MP          N:7610.421    hp:-1953.67    I:0.0       
LPC        MP          N:7610.421    hp:-1123.63    I:0.0       
HPC        MP          N:8751.888    hp:-3885.06    I:0.0       
HPT        MP          N:8751.888    hp:3735.032    I:0.0       
LPT        MP          N:7610.421    hp:3077.182    I:0.0       
HPshaft    MPC         N:8751.888    hp:-3885.06    I:0.0       
HPshaft    MPT         N:8751.888    hp:3735.032    I:0.0       
LPshaft    MPfan       N:7610.421    hp:-1953.67    I:0.0       
LPshaft    MPlpc       N:7610.421    hp:-1123.63    I:0.0       
LPshaft    MPlpt       N:7610.421    hp:3077.182    I:0.0       

*******************
Elements***********
*******************

FlightCond  start       W:448.3760  Tt:434.397  Pt:3.95451  Tamb:389.9  Pamb:2.720  
Duct        inlet       dP:0.002    Q:0.0       
Compressor  fan         PR:1.11425  eff:1.0227  Rline:2.0   NcMap:0.77  
Splitter    splitter    BPR:24.250  
Duct        duct2       dP:0.01     Q:0.0       
Compressor  LPC         PR:2.83111  eff:0.7891  Rline:1.03  NcMap:0.79  
Duct        duct25      dP:0.015    Q:0.0       
Compressor  HPC         PR:7.74516  eff:0.8437  Rline:1.99  NcMap:0.91  
Burner      burner      FAR:0.0137  Tout:0.0    Wfuel:0.20  dP:0.04     
Turbine     HPT         PR:4.48075  eff:0.9221  PRmap:3.03  NcMap:0.96  
Duct        duct45      dP:0.005    Q:0.0       
Turbine     LPT         PR:5.42953  eff:0.9303  PRmap:5.52  NcMap:0.85  
Duct        duct5       dP:0.01     Q:0.0       
Nozzle      priNozzle   Fg:530.469  
Duct        duct17      dP:0.015    Q:0.0       
Nozzle      fanNozzle   Fg:10913.0  
Shaft       HPshaft     N:8751.888  HPX:150.0   
Shaft       LPshaft     N:7610.421  HPX:0.0     
Performanc  Perf        alt:40000.  MN:0.75     Fn:1303.78  SFC:0.5729  Fg:11443.5  Fram:10139  Wfuel:0.20   

****************
Solver**********
****************

Converged:True

******************************************************************************************
LPC.effTable Table 2d input to low 0.9884344588128309 < 1.0
LPC.PRtable Table 2d input to low 0.9884344588128309 < 1.0
LPC.WcTable Table 2d input to low 0.9884344588128309 < 1.0
LPC.PRtable Table 2d input to low 0.9884344588128309 < 1.0

time =  0.0

******************
Ports*************
******************

Electric Ports


Fluid Ports

start      FNo         W:424.7867    Tt:434.3978    Pt:3.954517    FAR:0.0         MN:0.75        Ts:389.9700    Ps:2.720030  
inlet      FNi         W:424.7867    Tt:434.3978    Pt:3.954517    FAR:0.0         MN:0.0         Ts:389.9700    Ps:2.720030  
inlet      FNo         W:424.7867    Tt:434.3978    Pt:3.946608    FAR:0.0         MN:0.0         Ts:0.0         Ps:0.0       
fan        FNi         W:424.7867    Tt:434.3978    Pt:3.946608    FAR:0.0         MN:0.0         Ts:0.0         Ps:0.0       
fan        FNideal     W:424.7867    Tt:443.9699    Pt:4.268038    FAR:0.0         MN:0.0         Ts:0.0         Ps:0.0       
fan        FNo         W:424.7867    Tt:443.8441    Pt:4.268038    FAR:0.0         MN:0.0         Ts:0.0         Ps:0.0       
fan        FNoBld1     W:0.0         Tt:434.3978    Pt:3.946608    FAR:0.0         MN:0.0         Ts:0.0         Ps:0.0       
fan        FNoBld2     W:0.0         Tt:434.3978    Pt:3.946608    FAR:0.0         MN:0.0         Ts:0.0         Ps:0.0       
splitter   FNi         W:424.7867    Tt:443.8441    Pt:4.268038    FAR:0.0         MN:0.0         Ts:0.0         Ps:0.0       
splitter   FNo1        W:16.12040    Tt:443.8441    Pt:4.268038    FAR:0.0         MN:0.0         Ts:0.0         Ps:0.0       
splitter   FNo2        W:408.6663    Tt:443.8441    Pt:4.268038    FAR:0.0         MN:0.0         Ts:0.0         Ps:0.0       
duct2      FNi         W:16.12040    Tt:443.8441    Pt:4.268038    FAR:0.0         MN:0.0         Ts:0.0         Ps:0.0       
duct2      FNo         W:16.12040    Tt:443.8441    Pt:4.225358    FAR:0.0         MN:0.0         Ts:0.0         Ps:0.0       
LPC        FNi         W:16.12040    Tt:443.8441    Pt:4.225358    FAR:0.0         MN:0.0         Ts:0.0         Ps:0.0       
LPC        FNideal     W:16.12040    Tt:588.2503    Pt:11.72317    FAR:0.0         MN:0.0         Ts:0.0         Ps:0.0       
LPC        FNo         W:16.12040    Tt:629.2365    Pt:11.72317    FAR:0.0         MN:0.0         Ts:0.0         Ps:0.0       
LPC        FNoBld1     W:1.612040    Tt:573.8263    Pt:5.248468    FAR:0.0         MN:0.0         Ts:0.0         Ps:0.0       
LPC        FNoBld2     W:1.612040    Tt:610.7937    Pt:6.748030    FAR:0.0         MN:0.0         Ts:0.0         Ps:0.0       
duct25     FNi         W:16.12040    Tt:629.2365    Pt:11.72317    FAR:0.0         MN:0.0         Ts:0.0         Ps:0.0       
duct25     FNo         W:16.12040    Tt:629.2365    Pt:11.54732    FAR:0.0         MN:0.0         Ts:0.0         Ps:0.0       
HPC        FNi         W:16.12040    Tt:629.2365    Pt:11.54732    FAR:0.0         MN:0.0         Ts:0.0         Ps:0.0       
HPC        FNideal     W:16.12040    Tt:1095.923    Pt:81.35312    FAR:0.0         MN:0.0         Ts:0.0         Ps:0.0       
HPC        FNo         W:13.67590    Tt:1184.530    Pt:81.35312    FAR:0.0         MN:0.0         Ts:0.0         Ps:0.0       
HPC        FNoBld1     W:1.222249    Tt:838.0252    Pt:25.82814    FAR:0.0         MN:0.0         Ts:0.0         Ps:0.0       
HPC        FNoBld2     W:1.222249    Tt:846.9893    Pt:26.94504    FAR:0.0         MN:0.0         Ts:0.0         Ps:0.0       
burner     FNi         W:13.67590    Tt:1184.530    Pt:81.35312    FAR:0.0         MN:0.0         Ts:0.0         Ps:0.0       
burner     FNo         W:13.83008    Tt:1905.599    Pt:78.09900    FAR:0.011273    MN:0.0         Ts:0.0         Ps:0.0       
HPT        FN41        W:15.05233    Tt:1824.097    Pt:78.09900    FAR:0.010349    MN:0.0         Ts:0.0         Ps:0.0       
HPT        FN42        W:15.05233    Tt:1279.854    Pt:17.31378    FAR:0.010349    MN:0.0         Ts:0.0         Ps:0.0       
HPT        FNi         W:13.83008    Tt:1905.599    Pt:78.09900    FAR:0.011273    MN:0.0         Ts:0.0         Ps:0.0       
HPT        FNiBld1     W:1.222249    Tt:846.9893    Pt:26.94504    FAR:0.0         MN:0.0         Ts:0.0         Ps:0.0       
HPT        FNiBld2     W:1.222249    Tt:838.0252    Pt:25.82814    FAR:0.0         MN:0.0         Ts:0.0         Ps:0.0       
HPT        FNideal     W:15.05233    Tt:1230.332    Pt:17.31378    FAR:0.010349    MN:0.0         Ts:0.0         Ps:0.0       
HPT        FNo         W:16.27458    Tt:1246.680    Pt:17.31378    FAR:0.009564    MN:0.0         Ts:0.0         Ps:0.0       
duct45     FNi         W:16.27458    Tt:1246.680    Pt:17.31378    FAR:0.009564    MN:0.0         Ts:0.0         Ps:0.0       
duct45     FNo         W:16.27458    Tt:1246.680    Pt:17.22721    FAR:0.009564    MN:0.0         Ts:0.0         Ps:0.0       
LPT        FN41        W:16.27458    Tt:1246.680    Pt:17.22721    FAR:0.009564    MN:0.0         Ts:0.0         Ps:0.0       
LPT        FN42        W:16.27458    Tt:844.0528    Pt:3.456448    FAR:0.009564    MN:0.0         Ts:0.0         Ps:0.0       
LPT        FNi         W:16.27458    Tt:1246.680    Pt:17.22721    FAR:0.009564    MN:0.0         Ts:0.0         Ps:0.0       
LPT        FNiBld1     W:0.0         Tt:0.0         Pt:0.0         FAR:0.0         MN:0.0         Ts:0.0         Ps:0.0       
LPT        FNiBld2     W:0.0         Tt:0.0         Pt:0.0         FAR:0.0         MN:0.0         Ts:0.0         Ps:0.0       
LPT        FNideal     W:16.27458    Tt:816.7959    Pt:3.456448    FAR:0.009564    MN:0.0         Ts:0.0         Ps:0.0       
LPT        FNo         W:16.27458    Tt:844.0528    Pt:3.456448    FAR:0.009564    MN:0.0         Ts:0.0         Ps:0.0       
duct5      FNi         W:16.27458    Tt:844.0528    Pt:3.456448    FAR:0.009564    MN:0.0         Ts:0.0         Ps:0.0       
duct5      FNo         W:16.27458    Tt:844.0528    Pt:3.421883    FAR:0.009564    MN:0.0         Ts:0.0         Ps:0.0       
priNozzl   FNi         W:16.27458    Tt:844.0528    Pt:3.421883    FAR:0.009564    MN:0.0         Ts:0.0         Ps:0.0       
priNozzl   FNo         W:16.27458    Tt:844.0528    Pt:3.421883    FAR:0.009564    MN:0.584793    Ts:792.1801    Ps:2.72003   
duct17     FNi         W:408.6663    Tt:443.8441    Pt:4.268038    FAR:0.0         MN:0.0         Ts:0.0         Ps:0.0       
duct17     FNo         W:408.6663    Tt:443.8441    Pt:4.204017    FAR:0.0         MN:0.0         Ts:0.0         Ps:0.0       
fanNozzl   FNi         W:408.6663    Tt:443.8441    Pt:4.204017    FAR:0.0         MN:0.0         Ts:0.0         Ps:0.0       
fanNozzl   FNo         W:408.6663    Tt:443.8441    Pt:4.204017    FAR:0.0         MN:0.810780    Ts:391.7032    Ps:2.72003   

Mech Ports

fan        MP          N:7261.262    hp:-1351.44    I:0.0       
LPC        MP          N:7261.262    hp:-1012.77    I:0.0       
HPC        MP          N:8643.132    hp:-3302.10    I:0.0       
HPT        MP          N:8643.132    hp:3152.104    I:0.0       
LPT        MP          N:7261.262    hp:2364.220    I:0.0       
HPshaft    MPC         N:8643.132    hp:-3302.10    I:0.0       
HPshaft    MPT         N:8643.132    hp:3152.104    I:0.0       
LPshaft    MPfan       N:7261.262    hp:-1351.44    I:0.0       
LPshaft    MPlpc       N:7261.262    hp:-1012.77    I:0.0       
LPshaft    MPlpt       N:7261.262    hp:2364.220    I:0.0       

*******************
Elements***********
*******************

FlightCond  start       W:424.7867  Tt:434.397  Pt:3.95451  Tamb:389.9  Pamb:2.720  
Duct        inlet       dP:0.002    Q:0.0       
Compressor  fan         PR:1.08144  eff:1.0133  Rline:2.0   NcMap:0.74  
Splitter    splitter    BPR:25.350  
Duct        duct2       dP:0.01     Q:0.0       
Compressor  LPC         PR:2.77447  eff:0.7779  Rline:0.98  NcMap:0.76  
Duct        duct25      dP:0.015    Q:0.0       
Compressor  HPC         PR:7.04519  eff:0.8366  Rline:2.07  NcMap:0.90  
Burner      burner      FAR:0.0112  Tout:0.0    Wfuel:0.15  dP:0.04     
Turbine     HPT         PR:4.51079  eff:0.9218  PRmap:3.05  NcMap:1.00  
Duct        duct45      dP:0.005    Q:0.0       
Turbine     LPT         PR:4.98408  eff:0.9379  PRmap:5.06  NcMap:0.85  
Duct        duct5       dP:0.01     Q:0.0       
Nozzle      priNozzle   Fg:406.768  
Duct        duct17      dP:0.015    Q:0.0       
Nozzle      fanNozzle   Fg:10013.9  
Shaft       HPshaft     N:8643.132  HPX:150.0   
Shaft       LPshaft     N:7261.262  HPX:0.0     
Performanc  Perf        alt:40000.  MN:0.75     Fn:814.422  SFC:0.6815  Fg:10420.6  Fram:9606.  Wfuel:0.15   

****************
Solver**********
****************

Converged:True

******************************************************************************************

time =  0.0

******************
Ports*************
******************

Electric Ports


Fluid Ports

start      FNo         W:616.2455    Tt:440.5156    Pt:4.157460    FAR:0.0         MN:0.8         Ts:389.9704    Ps:2.720042  
inlet      FNi         W:616.2455    Tt:440.5156    Pt:4.157460    FAR:0.0         MN:0.0         Ts:389.9704    Ps:2.720042  
inlet      FNo         W:616.2455    Tt:440.5156    Pt:4.149145    FAR:0.0         MN:0.0         Ts:0.0         Ps:0.0       
fan        FNi         W:616.2455    Tt:440.5156    Pt:4.149145    FAR:0.0         MN:0.0         Ts:0.0         Ps:0.0       
fan        FNideal     W:616.2455    Tt:475.1878    Pt:5.393890    FAR:0.0         MN:0.0         Ts:0.0         Ps:0.0       
fan        FNo         W:616.2455    Tt:476.2999    Pt:5.393890    FAR:0.0         MN:0.0         Ts:0.0         Ps:0.0       
fan        FNoBld1     W:0.0         Tt:440.5156    Pt:4.149145    FAR:0.0         MN:0.0         Ts:0.0         Ps:0.0       
fan        FNoBld2     W:0.0         Tt:440.5156    Pt:4.149145    FAR:0.0         MN:0.0         Ts:0.0         Ps:0.0       
splitter   FNi         W:616.2455    Tt:476.2999    Pt:5.393890    FAR:0.0         MN:0.0         Ts:0.0         Ps:0.0       
splitter   FNo1        W:33.99163    Tt:476.2999    Pt:5.393890    FAR:0.0         MN:0.0         Ts:0.0         Ps:0.0       
splitter   FNo2        W:582.2539    Tt:476.2999    Pt:5.393890    FAR:0.0         MN:0.0         Ts:0.0         Ps:0.0       
duct2      FNi         W:33.99163    Tt:476.2999    Pt:5.393890    FAR:0.0         MN:0.0         Ts:0.0         Ps:0.0       
duct2      FNo         W:33.99163    Tt:476.2999    Pt:5.339951    FAR:0.0         MN:0.0         Ts:0.0         Ps:0.0       
LPC        FNi         W:33.99163    Tt:476.2999    Pt:5.339951    FAR:0.0         MN:0.0         Ts:0.0         Ps:0.0       
LPC        FNideal     W:33.99163    Tt:643.6282    Pt:16.19485    FAR:0.0         MN:0.0         Ts:0.0         Ps:0.0       
LPC        FNo         W:33.99163    Tt:664.1803    Pt:16.19485    FAR:0.0         MN:0.0         Ts:0.0         Ps:0.0       
LPC        FNoBld1     W:3.399163    Tt:608.0489    Pt:7.598429    FAR:0.0         MN:0.0         Ts:0.0         Ps:0.0       
LPC        FNoBld2     W:3.399163    Tt:645.5016    Pt:9.769409    FAR:0.0         MN:0.0         Ts:0.0         Ps:0.0       
duct25     FNi         W:33.99163    Tt:664.1803    Pt:16.19485    FAR:0.0         MN:0.0         Ts:0.0         Ps:0.0       
duct25     FNo         W:33.99163    Tt:664.1803    Pt:15.95192    FAR:0.0         MN:0.0         Ts:0.0         Ps:0.0       
HPC        FNi         W:33.99163    Tt:664.1803    Pt:15.95192    FAR:0.0         MN:0.0         Ts:0.0         Ps:0.0       
HPC        FNideal     W:33.99163    Tt:1387.594    Pt:220.4452    FAR:0.0         MN:0.0         Ts:0.0         Ps:0.0       
HPC        FNo         W:28.83714    Tt:1510.135    Pt:220.4452    FAR:0.0         MN:0.0         Ts:0.0         Ps:0.0       
HPC        FNoBld1     W:2.577245    Tt:986.1998    Pt:75.66253    FAR:0.0         MN:0.0         Ts:0.0         Ps:0.0       
HPC        FNoBld2     W:2.577245    Tt:999.9376    Pt:78.93442    FAR:0.0         MN:0.0         Ts:0.0         Ps:0.0       
burner     FNi         W:28.83714    Tt:1510.135    Pt:220.4452    FAR:0.0         MN:0.0         Ts:0.0         Ps:0.0       
burner     FNo         W:29.61278    Tt:3082.591    Pt:211.6274    FAR:0.026897    MN:0.0         Ts:0.0         Ps:0.0       
HPT        FN41        W:32.19003    Tt:2928.900    Pt:211.6274    FAR:0.024690    MN:0.0         Ts:0.0         Ps:0.0       
HPT        FN42        W:32.19003    Tt:2162.317    Pt:47.91979    FAR:0.024690    MN:0.0         Ts:0.0         Ps:0.0       
HPT        FNi         W:29.61278    Tt:3082.591    Pt:211.6274    FAR:0.026897    MN:0.0         Ts:0.0         Ps:0.0       
HPT        FNiBld1     W:2.577245    Tt:999.9376    Pt:78.93442    FAR:0.0         MN:0.0         Ts:0.0         Ps:0.0       
HPT        FNiBld2     W:2.577245    Tt:986.1998    Pt:75.66253    FAR:0.0         MN:0.0         Ts:0.0         Ps:0.0       
HPT        FNideal     W:32.19003    Tt:2093.011    Pt:47.91979    FAR:0.024690    MN:0.0         Ts:0.0         Ps:0.0       
HPT        FNo         W:34.76727    Tt:2077.189    Pt:47.91979    FAR:0.022818    MN:0.0         Ts:0.0         Ps:0.0       
duct45     FNi         W:34.76727    Tt:2077.189    Pt:47.91979    FAR:0.022818    MN:0.0         Ts:0.0         Ps:0.0       
duct45     FNo         W:34.76727    Tt:2077.189    Pt:47.68019    FAR:0.022818    MN:0.0         Ts:0.0         Ps:0.0       
LPT        FN41        W:34.76727    Tt:2077.189    Pt:47.68019    FAR:0.022818    MN:0.0         Ts:0.0         Ps:0.0       
LPT        FN42        W:34.76727    Tt:1387.347    Pt:7.915328    FAR:0.022818    MN:0.0         Ts:0.0         Ps:0.0       
LPT        FNi         W:34.76727    Tt:2077.189    Pt:47.68019    FAR:0.022818    MN:0.0         Ts:0.0         Ps:0.0       
LPT        FNiBld1     W:0.0         Tt:0.0         Pt:0.0         FAR:0.0         MN:0.0         Ts:0.0         Ps:0.0       
LPT        FNiBld2     W:0.0         Tt:0.0         Pt:0.0         FAR:0.0         MN:0.0         Ts:0.0         Ps:0.0       
LPT        FNideal     W:34.76727    Tt:1340.363    Pt:7.915328    FAR:0.022818    MN:0.0         Ts:0.0         Ps:0.0       
LPT        FNo         W:34.76727    Tt:1387.347    Pt:7.915328    FAR:0.022818    MN:0.0         Ts:0.0         Ps:0.0       
duct5      FNi         W:34.76727    Tt:1387.347    Pt:7.915328    FAR:0.022818    MN:0.0         Ts:0.0         Ps:0.0       
duct5      FNo         W:34.76727    Tt:1387.347    Pt:7.836174    FAR:0.022818    MN:0.0         Ts:0.0         Ps:0.0       
priNozzl   FNi         W:34.76727    Tt:1387.347    Pt:7.836174    FAR:0.022818    MN:0.0         Ts:0.0         Ps:0.0       
priNozzl   FNo         W:34.76727    Tt:1387.347    Pt:7.836174    FAR:0.022818    MN:1.0         Ts:1181.715    Ps:4.198694  
duct17     FNi         W:582.2539    Tt:476.2999    Pt:5.393890    FAR:0.0         MN:0.0         Ts:0.0         Ps:0.0       
duct17     FNo         W:582.2539    Tt:476.2999    Pt:5.312982    FAR:0.0         MN:0.0         Ts:0.0         Ps:0.0       
fanNozzl   FNi         W:582.2539    Tt:476.2999    Pt:5.312982    FAR:0.0         MN:0.0         Ts:0.0         Ps:0.0       
fanNozzl   FNo         W:582.2539    Tt:476.2999    Pt:5.312982    FAR:0.0         MN:1.0         Ts:396.1743    Ps:2.808651  

Mech Ports

fan        MP          N:9878.024    hp:-7441.21    I:0.0       
LPC        MP          N:9878.024    hp:-2168.37    I:0.0       
HPC        MP          N:9764.211    hp:-10822.2    I:0.0       
HPT        MP          N:9764.211    hp:10672.21    I:0.0       
LPT        MP          N:9878.024    hp:9609.702    I:0.0       
HPshaft    MPC         N:9764.211    hp:-10822.2    I:0.0       
HPshaft    MPT         N:9764.211    hp:10672.21    I:0.0       
LPshaft    MPfan       N:9878.024    hp:-7441.21    I:0.0       
LPshaft    MPlpc       N:9878.024    hp:-2168.37    I:0.0       
LPshaft    MPlpt       N:9878.024    hp:9609.702    I:0.0       

*******************
Elements***********
*******************

FlightCond  start       W:616.2455  Tt:440.515  Pt:4.15746  Tamb:389.9  Pamb:2.720  
Duct        inlet       dP:0.002    Q:0.0       
Compressor  fan         PR:1.30000  eff:0.9688  Rline:2.0   NcMap:1.00  
Splitter    splitter    BPR:17.129  
Duct        duct2       dP:0.01     Q:0.0       
Compressor  LPC         PR:3.03277  eff:0.8899  Rline:1.93  NcMap:1.00  
Duct        duct25      dP:0.015    Q:0.0       
Compressor  HPC         PR:13.8193  eff:0.8489  Rline:1.92  NcMap:0.99  
Burner      burner      FAR:0.0268  Tout:0.0    Wfuel:0.77  dP:0.04     
Turbine     HPT         PR:4.41628  eff:0.9215  PRmap:3.00  NcMap:0.89  
Duct        duct45      dP:0.005    Q:0.0       
Turbine     LPT         PR:6.02378  eff:0.9388  PRmap:6.12  NcMap:0.90  
Duct        duct5       dP:0.01     Q:0.0       
Nozzle      priNozzle   Fg:2261.45  
Duct        duct17      dP:0.015    Q:0.0       
Nozzle      fanNozzle   Fg:18093.1  
Shaft       HPshaft     N:9764.211  HPX:150.0   
Shaft       LPshaft     N:9878.024  HPX:0.0     
Performanc  Perf        alt:40000.  MN:0.8      Fn:5489.66  SFC:0.5086  Fg:20354.6  Fram:14864  Wfuel:0.77   

****************
Solver**********
****************

Converged:True

******************************************************************************************

time =  0.0

******************
Ports*************
******************

Electric Ports


Fluid Ports

start      FNo         W:598.9431    Tt:440.5156    Pt:4.157460    FAR:0.0         MN:0.8         Ts:389.9704    Ps:2.720042  
inlet      FNi         W:598.9431    Tt:440.5156    Pt:4.157460    FAR:0.0         MN:0.0         Ts:389.9704    Ps:2.720042  
inlet      FNo         W:598.9431    Tt:440.5156    Pt:4.149145    FAR:0.0         MN:0.0         Ts:0.0         Ps:0.0       
fan        FNi         W:598.9431    Tt:440.5156    Pt:4.149145    FAR:0.0         MN:0.0         Ts:0.0         Ps:0.0       
fan        FNideal     W:598.9431    Tt:471.0654    Pt:5.233329    FAR:0.0         MN:0.0         Ts:0.0         Ps:0.0       
fan        FNo         W:598.9431    Tt:471.0968    Pt:5.233329    FAR:0.0         MN:0.0         Ts:0.0         Ps:0.0       
fan        FNoBld1     W:0.0         Tt:440.5156    Pt:4.149145    FAR:0.0         MN:0.0         Ts:0.0         Ps:0.0       
fan        FNoBld2     W:0.0         Tt:440.5156    Pt:4.149145    FAR:0.0         MN:0.0         Ts:0.0         Ps:0.0       
splitter   FNi         W:598.9431    Tt:471.0968    Pt:5.233329    FAR:0.0         MN:0.0         Ts:0.0         Ps:0.0       
splitter   FNo1        W:30.94719    Tt:471.0968    Pt:5.233329    FAR:0.0         MN:0.0         Ts:0.0         Ps:0.0       
splitter   FNo2        W:567.9959    Tt:471.0968    Pt:5.233329    FAR:0.0         MN:0.0         Ts:0.0         Ps:0.0       
duct2      FNi         W:30.94719    Tt:471.0968    Pt:5.233329    FAR:0.0         MN:0.0         Ts:0.0         Ps:0.0       
duct2      FNo         W:30.94719    Tt:471.0968    Pt:5.180996    FAR:0.0         MN:0.0         Ts:0.0         Ps:0.0       
LPC        FNi         W:30.94719    Tt:471.0968    Pt:5.180996    FAR:0.0         MN:0.0         Ts:0.0         Ps:0.0       
LPC        FNideal     W:30.94719    Tt:635.4711    Pt:15.64412    FAR:0.0         MN:0.0         Ts:0.0         Ps:0.0       
LPC        FNo         W:30.94719    Tt:656.2890    Pt:15.64412    FAR:0.0         MN:0.0         Ts:0.0         Ps:0.0       
LPC        FNoBld1     W:3.094719    Tt:600.9591    Pt:7.324189    FAR:0.0         MN:0.0         Ts:0.0         Ps:0.0       
LPC        FNoBld2     W:3.094719    Tt:637.8598    Pt:9.416815    FAR:0.0         MN:0.0         Ts:0.0         Ps:0.0       
duct25     FNi         W:30.94719    Tt:656.2890    Pt:15.64412    FAR:0.0         MN:0.0         Ts:0.0         Ps:0.0       
duct25     FNo         W:30.94719    Tt:656.2890    Pt:15.40946    FAR:0.0         MN:0.0         Ts:0.0         Ps:0.0       
HPC        FNi         W:30.94719    Tt:656.2890    Pt:15.40946    FAR:0.0         MN:0.0         Ts:0.0         Ps:0.0       
HPC        FNideal     W:30.94719    Tt:1341.278    Pt:194.2178    FAR:0.0         MN:0.0         Ts:0.0         Ps:0.0       
HPC        FNo         W:26.25436    Tt:1453.798    Pt:194.2178    FAR:0.0         MN:0.0         Ts:0.0         Ps:0.0       
HPC        FNoBld1     W:2.346416    Tt:959.1986    Pt:66.15909    FAR:0.0         MN:0.0         Ts:0.0         Ps:0.0       
HPC        FNoBld2     W:2.346416    Tt:972.1010    Pt:69.02002    FAR:0.0         MN:0.0         Ts:0.0         Ps:0.0       
burner     FNi         W:26.25436    Tt:1453.798    Pt:194.2178    FAR:0.0         MN:0.0         Ts:0.0         Ps:0.0       
burner     FNo         W:26.89489    Tt:2899.937    Pt:186.4491    FAR:0.024397    MN:0.0         Ts:0.0         Ps:0.0       
HPT        FN41        W:29.24131    Tt:2756.663    Pt:186.4491    FAR:0.022395    MN:0.0         Ts:0.0         Ps:0.0       
HPT        FN42        W:29.24131    Tt:2024.654    Pt:42.09895    FAR:0.022395    MN:0.0         Ts:0.0         Ps:0.0       
HPT        FNi         W:26.89489    Tt:2899.937    Pt:186.4491    FAR:0.024397    MN:0.0         Ts:0.0         Ps:0.0       
HPT        FNiBld1     W:2.346416    Tt:972.1010    Pt:69.02002    FAR:0.0         MN:0.0         Ts:0.0         Ps:0.0       
HPT        FNiBld2     W:2.346416    Tt:959.1986    Pt:66.15909    FAR:0.0         MN:0.0         Ts:0.0         Ps:0.0       
HPT        FNideal     W:29.24131    Tt:1959.136    Pt:42.09895    FAR:0.022395    MN:0.0         Ts:0.0         Ps:0.0       
HPT        FNo         W:31.58773    Tt:1947.379    Pt:42.09895    FAR:0.020697    MN:0.0         Ts:0.0         Ps:0.0       
duct45     FNi         W:31.58773    Tt:1947.379    Pt:42.09895    FAR:0.020697    MN:0.0         Ts:0.0         Ps:0.0       
duct45     FNo         W:31.58773    Tt:1947.379    Pt:41.88846    FAR:0.020697    MN:0.0         Ts:0.0         Ps:0.0       
LPT        FN41        W:31.58773    Tt:1947.379    Pt:41.88846    FAR:0.020697    MN:0.0         Ts:0.0         Ps:0.0       
LPT        FN42        W:31.58773    Tt:1295.044    Pt:6.934400    FAR:0.020697    MN:0.0         Ts:0.0         Ps:0.0       
LPT        FNi         W:31.58773    Tt:1947.379    Pt:41.88846    FAR:0.020697    MN:0.0         Ts:0.0         Ps:0.0       
LPT        FNiBld1     W:0.0         Tt:0.0         Pt:0.0         FAR:0.0         MN:0.0         Ts:0.0         Ps:0.0       
LPT        FNiBld2     W:0.0         Tt:0.0         Pt:0.0         FAR:0.0         MN:0.0         Ts:0.0         Ps:0.0       
LPT        FNideal     W:31.58773    Tt:1246.542    Pt:6.934400    FAR:0.020697    MN:0.0         Ts:0.0         Ps:0.0       
LPT        FNo         W:31.58773    Tt:1295.044    Pt:6.934400    FAR:0.020697    MN:0.0         Ts:0.0         Ps:0.0       
duct5      FNi         W:31.58773    Tt:1295.044    Pt:6.934400    FAR:0.020697    MN:0.0         Ts:0.0         Ps:0.0       
duct5      FNo         W:31.58773    Tt:1295.044    Pt:6.865056    FAR:0.020697    MN:0.0         Ts:0.0         Ps:0.0       
priNozzl   FNi         W:31.58773    Tt:1295.044    Pt:6.865056    FAR:0.020697    MN:0.0         Ts:0.0         Ps:0.0       
priNozzl   FNo         W:31.58773    Tt:1295.044    Pt:6.865056    FAR:0.020697    MN:1.0         Ts:1099.905    Ps:3.672961  
duct17     FNi         W:567.9959    Tt:471.0968    Pt:5.233329    FAR:0.0         MN:0.0         Ts:0.0         Ps:0.0       
duct17     FNo         W:567.9959    Tt:471.0968    Pt:5.154829    FAR:0.0         MN:0.0         Ts:0.0         Ps:0.0       
fanNozzl   FNi         W:567.9959    Tt:471.0968    Pt:5.154829    FAR:0.0         MN:0.0         Ts:0.0         Ps:0.0       
fanNozzl   FNo         W:567.9959    Tt:471.0968    Pt:5.154829    FAR:0.0         MN:0.999815    Ts:391.8455    Ps:2.72003   

Mech Ports

fan        MP          N:9396.534    hp:-6179.97    I:0.0       
LPC        MP          N:9396.534    hp:-1945.07    I:0.0       
HPC        MP          N:9540.272    hp:-9254.01    I:0.0       
HPT        MP          N:9540.272    hp:9104.027    I:0.0       
LPT        MP          N:9396.534    hp:8125.052    I:0.0       
HPshaft    MPC         N:9540.272    hp:-9254.01    I:0.0       
HPshaft    MPT         N:9540.272    hp:9104.027    I:0.0       
LPshaft    MPfan       N:9396.534    hp:-6179.97    I:0.0       
LPshaft    MPlpc       N:9396.534    hp:-1945.07    I:0.0       
LPshaft    MPlpt       N:9396.534    hp:8125.052    I:0.0       

*******************
Elements***********
*******************

FlightCond  start       W:598.9431  Tt:440.515  Pt:4.15746  Tamb:389.9  Pamb:2.720  
Duct        inlet       dP:0.002    Q:0.0       
Compressor  fan         PR:1.26130  eff:0.9989  Rline:2.0   NcMap:0.95  
Splitter    splitter    BPR:18.353  
Duct        duct2       dP:0.01     Q:0.0       
Compressor  LPC         PR:3.01952  eff:0.8870  Rline:1.76  NcMap:0.95  
Duct        duct25      dP:0.015    Q:0.0       
Compressor  HPC         PR:12.6038  eff:0.8533  Rline:1.88  NcMap:0.97  
Burner      burner      FAR:0.0243  Tout:0.0    Wfuel:0.64  dP:0.04     
Turbine     HPT         PR:4.42882  eff:0.9222  PRmap:3.00  NcMap:0.89  
Duct        duct45      dP:0.005    Q:0.0       
Turbine     LPT         PR:6.04067  eff:0.9336  PRmap:6.14  NcMap:0.88  
Duct        duct5       dP:0.01     Q:0.0       
Nozzle      priNozzle   Fg:1877.66  
Duct        duct17      dP:0.015    Q:0.0       
Nozzle      fanNozzle   Fg:17166.2  
Shaft       HPshaft     N:9540.272  HPX:150.0   
Shaft       LPshaft     N:9396.534  HPX:0.0     
Performanc  Perf        alt:40000.  MN:0.8      Fn:4596.29  SFC:0.5016  Fg:19043.8  Fram:14447  Wfuel:0.64   

****************
Solver**********
****************

Converged:True

******************************************************************************************

time =  0.0

******************
Ports*************
******************

Electric Ports


Fluid Ports

start      FNo         W:576.7961    Tt:440.5156    Pt:4.157460    FAR:0.0         MN:0.8         Ts:389.9704    Ps:2.720042  
inlet      FNi         W:576.7961    Tt:440.5156    Pt:4.157460    FAR:0.0         MN:0.0         Ts:389.9704    Ps:2.720042  
inlet      FNo         W:576.7961    Tt:440.5156    Pt:4.149145    FAR:0.0         MN:0.0         Ts:0.0         Ps:0.0       
fan        FNi         W:576.7961    Tt:440.5156    Pt:4.149145    FAR:0.0         MN:0.0         Ts:0.0         Ps:0.0       
fan        FNideal     W:576.7961    Tt:467.1355    Pt:5.084492    FAR:0.0         MN:0.0         Ts:0.0         Ps:0.0       
fan        FNo         W:576.7961    Tt:466.6390    Pt:5.084492    FAR:0.0         MN:0.0         Ts:0.0         Ps:0.0       
fan        FNoBld1     W:0.0         Tt:440.5156    Pt:4.149145    FAR:0.0         MN:0.0         Ts:0.0         Ps:0.0       
fan        FNoBld2     W:0.0         Tt:440.5156    Pt:4.149145    FAR:0.0         MN:0.0         Ts:0.0         Ps:0.0       
splitter   FNi         W:576.7961    Tt:466.6390    Pt:5.084492    FAR:0.0         MN:0.0         Ts:0.0         Ps:0.0       
splitter   FNo1        W:28.17818    Tt:466.6390    Pt:5.084492    FAR:0.0         MN:0.0         Ts:0.0         Ps:0.0       
splitter   FNo2        W:548.6179    Tt:466.6390    Pt:5.084492    FAR:0.0         MN:0.0         Ts:0.0         Ps:0.0       
duct2      FNi         W:28.17818    Tt:466.6390    Pt:5.084492    FAR:0.0         MN:0.0         Ts:0.0         Ps:0.0       
duct2      FNo         W:28.17818    Tt:466.6390    Pt:5.033647    FAR:0.0         MN:0.0         Ts:0.0         Ps:0.0       
LPC        FNi         W:28.17818    Tt:466.6390    Pt:5.033647    FAR:0.0         MN:0.0         Ts:0.0         Ps:0.0       
LPC        FNideal     W:28.17818    Tt:626.7396    Pt:14.98643    FAR:0.0         MN:0.0         Ts:0.0         Ps:0.0       
LPC        FNo         W:28.17818    Tt:648.9759    Pt:14.98643    FAR:0.0         MN:0.0         Ts:0.0         Ps:0.0       
LPC        FNoBld1     W:2.817818    Tt:594.4823    Pt:6.966951    FAR:0.0         MN:0.0         Ts:0.0         Ps:0.0       
LPC        FNoBld2     W:2.817818    Tt:630.8171    Pt:8.957509    FAR:0.0         MN:0.0         Ts:0.0         Ps:0.0       
duct25     FNi         W:28.17818    Tt:648.9759    Pt:14.98643    FAR:0.0         MN:0.0         Ts:0.0         Ps:0.0       
duct25     FNo         W:28.17818    Tt:648.9759    Pt:14.76163    FAR:0.0         MN:0.0         Ts:0.0         Ps:0.0       
HPC        FNi         W:28.17818    Tt:648.9759    Pt:14.76163    FAR:0.0         MN:0.0         Ts:0.0         Ps:0.0       
HPC        FNideal     W:28.17818    Tt:1296.177    Pt:170.8136    FAR:0.0         MN:0.0         Ts:0.0         Ps:0.0       
HPC        FNo         W:23.90524    Tt:1400.415    Pt:170.8136    FAR:0.0         MN:0.0         Ts:0.0         Ps:0.0       
HPC        FNoBld1     W:2.136470    Tt:933.7831    Pt:57.73925    FAR:0.0         MN:0.0         Ts:0.0         Ps:0.0       
HPC        FNoBld2     W:2.136470    Tt:945.9584    Pt:60.23609    FAR:0.0         MN:0.0         Ts:0.0         Ps:0.0       
burner     FNi         W:23.90524    Tt:1400.415    Pt:170.8136    FAR:0.0         MN:0.0         Ts:0.0         Ps:0.0       
burner     FNo         W:24.42870    Tt:2716.281    Pt:163.9811    FAR:0.021897    MN:0.0         Ts:0.0         Ps:0.0       
HPT        FN41        W:26.56517    Tt:2583.839    Pt:163.9811    FAR:0.020100    MN:0.0         Ts:0.0         Ps:0.0       
HPT        FN42        W:26.56517    Tt:1885.140    Pt:36.90821    FAR:0.020100    MN:0.0         Ts:0.0         Ps:0.0       
HPT        FNi         W:24.42870    Tt:2716.281    Pt:163.9811    FAR:0.021897    MN:0.0         Ts:0.0         Ps:0.0       
HPT        FNiBld1     W:2.136470    Tt:945.9584    Pt:60.23609    FAR:0.0         MN:0.0         Ts:0.0         Ps:0.0       
HPT        FNiBld2     W:2.136470    Tt:933.7831    Pt:57.73925    FAR:0.0         MN:0.0         Ts:0.0         Ps:0.0       
HPT        FNideal     W:26.56517    Tt:1822.766    Pt:36.90821    FAR:0.020100    MN:0.0         Ts:0.0         Ps:0.0       
HPT        FNo         W:28.70164    Tt:1815.902    Pt:36.90821    FAR:0.018576    MN:0.0         Ts:0.0         Ps:0.0       
duct45     FNi         W:28.70164    Tt:1815.902    Pt:36.90821    FAR:0.018576    MN:0.0         Ts:0.0         Ps:0.0       
duct45     FNo         W:28.70164    Tt:1815.902    Pt:36.72367    FAR:0.018576    MN:0.0         Ts:0.0         Ps:0.0       
LPT        FN41        W:28.70164    Tt:1815.902    Pt:36.72367    FAR:0.018576    MN:0.0         Ts:0.0         Ps:0.0       
LPT        FN42        W:28.70164    Tt:1202.498    Pt:6.064455    FAR:0.018576    MN:0.0         Ts:0.0         Ps:0.0       
LPT        FNi         W:28.70164    Tt:1815.902    Pt:36.72367    FAR:0.018576    MN:0.0         Ts:0.0         Ps:0.0       
LPT        FNiBld1     W:0.0         Tt:0.0         Pt:0.0         FAR:0.0         MN:0.0         Ts:0.0         Ps:0.0       
LPT        FNiBld2     W:0.0         Tt:0.0         Pt:0.0         FAR:0.0         MN:0.0         Ts:0.0         Ps:0.0       
LPT        FNideal     W:28.70164    Tt:1154.285    Pt:6.064455    FAR:0.018576    MN:0.0         Ts:0.0         Ps:0.0       
LPT        FNo         W:28.70164    Tt:1202.498    Pt:6.064455    FAR:0.018576    MN:0.0         Ts:0.0         Ps:0.0       
duct5      FNi         W:28.70164    Tt:1202.498    Pt:6.064455    FAR:0.018576    MN:0.0         Ts:0.0         Ps:0.0       
duct5      FNo         W:28.70164    Tt:1202.498    Pt:6.003810    FAR:0.018576    MN:0.0         Ts:0.0         Ps:0.0       
priNozzl   FNi         W:28.70164    Tt:1202.498    Pt:6.003810    FAR:0.018576    MN:0.0         Ts:0.0         Ps:0.0       
priNozzl   FNo         W:28.70164    Tt:1202.498    Pt:6.003810    FAR:0.018576    MN:1.0         Ts:1018.357    Ps:3.201981  
duct17     FNi         W:548.6179    Tt:466.6390    Pt:5.084492    FAR:0.0         MN:0.0         Ts:0.0         Ps:0.0       
duct17     FNo         W:548.6179    Tt:466.6390    Pt:5.008225    FAR:0.0         MN:0.0         Ts:0.0         Ps:0.0       
fanNozzl   FNi         W:548.6179    Tt:466.6390    Pt:5.008225    FAR:0.0         MN:0.0         Ts:0.0         Ps:0.0       
fanNozzl   FNo         W:548.6179    Tt:466.6390    Pt:5.008225    FAR:0.0         MN:0.974463    Ts:391.4250    Ps:2.72003   

Mech Ports

fan        MP          N:8967.556    hp:-5083.22    I:0.0       
LPC        MP          N:8967.556    hp:-1743.04    I:0.0       
HPC        MP          N:9361.142    hp:-7911.72    I:0.0       
HPT        MP          N:9361.142    hp:7761.715    I:0.0       
LPT        MP          N:8967.556    hp:6826.189    I:0.0       
HPshaft    MPC         N:9361.142    hp:-7911.72    I:0.0       
HPshaft    MPT         N:9361.142    hp:7761.715    I:0.0       
LPshaft    MPfan       N:8967.556    hp:-5083.22    I:0.0       
LPshaft    MPlpc       N:8967.556    hp:-1743.04    I:0.0       
LPshaft    MPlpt       N:8967.556    hp:6826.189    I:0.0       

*******************
Elements***********
*******************

FlightCond  start       W:576.7961  Tt:440.515  Pt:4.15746  Tamb:389.9  Pamb:2.720  
Duct        inlet       dP:0.002    Q:0.0       
Compressor  fan         PR:1.22543  eff:1.0190  Rline:2.0   NcMap:0.90  
Splitter    splitter    BPR:19.469  
Duct        duct2       dP:0.01     Q:0.0       
Compressor  LPC         PR:2.97725  eff:0.8775  Rline:1.62  NcMap:0.91  
Duct        duct25      dP:0.015    Q:0.0       
Compressor  HPC         PR:11.5714  eff:0.8561  Rline:1.92  NcMap:0.96  
Burner      burner      FAR:0.0218  Tout:0.0    Wfuel:0.52  dP:0.04     
Turbine     HPT         PR:4.44294  eff:0.9224  PRmap:3.01  NcMap:0.90  
Duct        duct45      dP:0.005    Q:0.0       
Turbine     LPT         PR:6.05556  eff:0.9300  PRmap:6.16  NcMap:0.87  
Duct        duct5       dP:0.01     Q:0.0       
Nozzle      priNozzle   Fg:1533.96  
Duct        duct17      dP:0.015    Q:0.0       
Nozzle      fanNozzle   Fg:16151.5  
Shaft       HPshaft     N:9361.142  HPX:150.0   
Shaft       LPshaft     N:8967.556  HPX:0.0     
Performanc  Perf        alt:40000.  MN:0.8      Fn:3772.15  SFC:0.4995  Fg:17685.5  Fram:13913  Wfuel:0.52   

****************
Solver**********
****************

Converged:True

******************************************************************************************

time =  0.0

******************
Ports*************
******************

Electric Ports


Fluid Ports

start      FNo         W:543.9490    Tt:440.5156    Pt:4.157460    FAR:0.0         MN:0.8         Ts:389.9704    Ps:2.720042  
inlet      FNi         W:543.9490    Tt:440.5156    Pt:4.157460    FAR:0.0         MN:0.0         Ts:389.9704    Ps:2.720042  
inlet      FNo         W:543.9490    Tt:440.5156    Pt:4.149145    FAR:0.0         MN:0.0         Ts:0.0         Ps:0.0       
fan        FNi         W:543.9490    Tt:440.5156    Pt:4.149145    FAR:0.0         MN:0.0         Ts:0.0         Ps:0.0       
fan        FNideal     W:543.9490    Tt:462.8490    Pt:4.927125    FAR:0.0         MN:0.0         Ts:0.0         Ps:0.0       
fan        FNo         W:543.9490    Tt:462.2734    Pt:4.927125    FAR:0.0         MN:0.0         Ts:0.0         Ps:0.0       
fan        FNoBld1     W:0.0         Tt:440.5156    Pt:4.149145    FAR:0.0         MN:0.0         Ts:0.0         Ps:0.0       
fan        FNoBld2     W:0.0         Tt:440.5156    Pt:4.149145    FAR:0.0         MN:0.0         Ts:0.0         Ps:0.0       
splitter   FNi         W:543.9490    Tt:462.2734    Pt:4.927125    FAR:0.0         MN:0.0         Ts:0.0         Ps:0.0       
splitter   FNo1        W:24.74290    Tt:462.2734    Pt:4.927125    FAR:0.0         MN:0.0         Ts:0.0         Ps:0.0       
splitter   FNo2        W:519.2061    Tt:462.2734    Pt:4.927125    FAR:0.0         MN:0.0         Ts:0.0         Ps:0.0       
duct2      FNi         W:24.74290    Tt:462.2734    Pt:4.927125    FAR:0.0         MN:0.0         Ts:0.0         Ps:0.0       
duct2      FNo         W:24.74290    Tt:462.2734    Pt:4.877854    FAR:0.0         MN:0.0         Ts:0.0         Ps:0.0       
LPC        FNi         W:24.74290    Tt:462.2734    Pt:4.877854    FAR:0.0         MN:0.0         Ts:0.0         Ps:0.0       
LPC        FNideal     W:24.74290    Tt:619.8338    Pt:14.43084    FAR:0.0         MN:0.0         Ts:0.0         Ps:0.0       
LPC        FNo         W:24.74290    Tt:647.3046    Pt:14.43084    FAR:0.0         MN:0.0         Ts:0.0         Ps:0.0       
LPC        FNoBld1     W:2.474290    Tt:592.0064    Pt:6.687093    FAR:0.0         MN:0.0         Ts:0.0         Ps:0.0       
LPC        FNoBld2     W:2.474290    Tt:628.8801    Pt:8.597691    FAR:0.0         MN:0.0         Ts:0.0         Ps:0.0       
duct25     FNi         W:24.74290    Tt:647.3046    Pt:14.43084    FAR:0.0         MN:0.0         Ts:0.0         Ps:0.0       
duct25     FNo         W:24.74290    Tt:647.3046    Pt:14.21438    FAR:0.0         MN:0.0         Ts:0.0         Ps:0.0       
HPC        FNi         W:24.74290    Tt:647.3046    Pt:14.21438    FAR:0.0         MN:0.0         Ts:0.0         Ps:0.0       
HPC        FNideal     W:24.74290    Tt:1249.646    Pt:144.4428    FAR:0.0         MN:0.0         Ts:0.0         Ps:0.0       
HPC        FNo         W:20.99089    Tt:1346.035    Pt:144.4428    FAR:0.0         MN:0.0         Ts:0.0         Ps:0.0       
HPC        FNoBld1     W:1.876006    Tt:911.5663    Pt:48.18452    FAR:0.0         MN:0.0         Ts:0.0         Ps:0.0       
HPC        FNoBld2     W:1.876006    Tt:922.8515    Pt:50.26818    FAR:0.0         MN:0.0         Ts:0.0         Ps:0.0       
burner     FNi         W:20.99089    Tt:1346.035    Pt:144.4428    FAR:0.0         MN:0.0         Ts:0.0         Ps:0.0       
burner     FNo         W:21.39805    Tt:2528.385    Pt:138.6651    FAR:0.019397    MN:0.0         Ts:0.0         Ps:0.0       
HPT        FN41        W:23.27406    Tt:2407.486    Pt:138.6651    FAR:0.017805    MN:0.0         Ts:0.0         Ps:0.0       
HPT        FN42        W:23.27406    Tt:1750.042    Pt:31.16425    FAR:0.017805    MN:0.0         Ts:0.0         Ps:0.0       
HPT        FNi         W:21.39805    Tt:2528.385    Pt:138.6651    FAR:0.019397    MN:0.0         Ts:0.0         Ps:0.0       
HPT        FNiBld1     W:1.876006    Tt:922.8515    Pt:50.26818    FAR:0.0         MN:0.0         Ts:0.0         Ps:0.0       
HPT        FNiBld2     W:1.876006    Tt:911.5663    Pt:48.18452    FAR:0.0         MN:0.0         Ts:0.0         Ps:0.0       
HPT        FNideal     W:23.27406    Tt:1691.185    Pt:31.16425    FAR:0.017805    MN:0.0         Ts:0.0         Ps:0.0       
HPT        FNo         W:25.15007    Tt:1688.727    Pt:31.16425    FAR:0.016455    MN:0.0         Ts:0.0         Ps:0.0       
duct45     FNi         W:25.15007    Tt:1688.727    Pt:31.16425    FAR:0.016455    MN:0.0         Ts:0.0         Ps:0.0       
duct45     FNo         W:25.15007    Tt:1688.727    Pt:31.00843    FAR:0.016455    MN:0.0         Ts:0.0         Ps:0.0       
LPT        FN41        W:25.15007    Tt:1688.727    Pt:31.00843    FAR:0.016455    MN:0.0         Ts:0.0         Ps:0.0       
LPT        FN42        W:25.15007    Tt:1110.195    Pt:5.094526    FAR:0.016455    MN:0.0         Ts:0.0         Ps:0.0       
LPT        FNi         W:25.15007    Tt:1688.727    Pt:31.00843    FAR:0.016455    MN:0.0         Ts:0.0         Ps:0.0       
LPT        FNiBld1     W:0.0         Tt:0.0         Pt:0.0         FAR:0.0         MN:0.0         Ts:0.0         Ps:0.0       
LPT        FNiBld2     W:0.0         Tt:0.0         Pt:0.0         FAR:0.0         MN:0.0         Ts:0.0         Ps:0.0       
LPT        FNideal     W:25.15007    Tt:1062.387    Pt:5.094526    FAR:0.016455    MN:0.0         Ts:0.0         Ps:0.0       
LPT        FNo         W:25.15007    Tt:1110.195    Pt:5.094526    FAR:0.016455    MN:0.0         Ts:0.0         Ps:0.0       
duct5      FNi         W:25.15007    Tt:1110.195    Pt:5.094526    FAR:0.016455    MN:0.0         Ts:0.0         Ps:0.0       
duct5      FNo         W:25.15007    Tt:1110.195    Pt:5.043581    FAR:0.016455    MN:0.0         Ts:0.0         Ps:0.0       
priNozzl   FNi         W:25.15007    Tt:1110.195    Pt:5.043581    FAR:0.016455    MN:0.0         Ts:0.0         Ps:0.0       
priNozzl   FNo         W:25.15007    Tt:1110.195    Pt:5.043581    FAR:0.016455    MN:0.989370    Ts:940.7661    Ps:2.72003   
duct17     FNi         W:519.2061    Tt:462.2734    Pt:4.927125    FAR:0.0         MN:0.0         Ts:0.0         Ps:0.0       
duct17     FNo         W:519.2061    Tt:462.2734    Pt:4.853218    FAR:0.0         MN:0.0         Ts:0.0         Ps:0.0       
fanNozzl   FNi         W:519.2061    Tt:462.2734    Pt:4.853218    FAR:0.0         MN:0.0         Ts:0.0         Ps:0.0       
fanNozzl   FNo         W:519.2061    Tt:462.2734    Pt:4.853218    FAR:0.0         MN:0.946166    Ts:391.3649    Ps:2.72003   

Mech Ports

fan        MP          N:8554.772    hp:-3991.89    I:0.0       
LPC        MP          N:8554.772    hp:-1552.93    I:0.0       
HPC        MP          N:9160.584    hp:-6439.25    I:0.0       
HPT        MP          N:9160.584    hp:6289.285    I:0.0       
LPT        MP          N:8554.772    hp:5544.752    I:0.0       
HPshaft    MPC         N:9160.584    hp:-6439.25    I:0.0       
HPshaft    MPT         N:9160.584    hp:6289.285    I:0.0       
LPshaft    MPfan       N:8554.772    hp:-3991.89    I:0.0       
LPshaft    MPlpc       N:8554.772    hp:-1552.93    I:0.0       
LPshaft    MPlpt       N:8554.772    hp:5544.752    I:0.0       

*******************
Elements***********
*******************

FlightCond  start       W:543.9490  Tt:440.515  Pt:4.15746  Tamb:389.9  Pamb:2.720  
Duct        inlet       dP:0.002    Q:0.0       
Compressor  fan         PR:1.18750  eff:1.0264  Rline:2.0   NcMap:0.86  
Splitter    splitter    BPR:20.984  
Duct        duct2       dP:0.01     Q:0.0       
Compressor  LPC         PR:2.95844  eff:0.8509  Rline:1.39  NcMap:0.87  
Duct        duct25      dP:0.015    Q:0.0       
Compressor  HPC         PR:10.1617  eff:0.8574  Rline:1.93  NcMap:0.94  
Burner      burner      FAR:0.0193  Tout:0.0    Wfuel:0.40  dP:0.04     
Turbine     HPT         PR:4.44949  eff:0.9223  PRmap:3.02  NcMap:0.92  
Duct        duct45      dP:0.005    Q:0.0       
Turbine     LPT         PR:6.08661  eff:0.9265  PRmap:6.19  NcMap:0.86  
Duct        duct5       dP:0.01     Q:0.0       
Nozzle      priNozzle   Fg:1153.89  
Duct        duct17      dP:0.015    Q:0.0       
Nozzle      fanNozzle   Fg:14840.6  
Shaft       HPshaft     N:9160.584  HPX:150.0   
Shaft       LPshaft     N:8554.772  HPX:0.0     
Performanc  Perf        alt:40000.  MN:0.8      Fn:2873.50  SFC:0.5101  Fg:15994.5  Fram:13121  Wfuel:0.40   

****************
Solver**********
****************

Converged:True

******************************************************************************************

time =  0.0

******************
Ports*************
******************

Electric Ports


Fluid Ports

start      FNo         W:508.8117    Tt:440.5156    Pt:4.157460    FAR:0.0         MN:0.8         Ts:389.9704    Ps:2.720042  
inlet      FNi         W:508.8117    Tt:440.5156    Pt:4.157460    FAR:0.0         MN:0.0         Ts:389.9704    Ps:2.720042  
inlet      FNo         W:508.8117    Tt:440.5156    Pt:4.149145    FAR:0.0         MN:0.0         Ts:0.0         Ps:0.0       
fan        FNi         W:508.8117    Tt:440.5156    Pt:4.149145    FAR:0.0         MN:0.0         Ts:0.0         Ps:0.0       
fan        FNideal     W:508.8117    Tt:459.0634    Pt:4.792025    FAR:0.0         MN:0.0         Ts:0.0         Ps:0.0       
fan        FNo         W:508.8117    Tt:458.5534    Pt:4.792025    FAR:0.0         MN:0.0         Ts:0.0         Ps:0.0       
fan        FNoBld1     W:0.0         Tt:440.5156    Pt:4.149145    FAR:0.0         MN:0.0         Ts:0.0         Ps:0.0       
fan        FNoBld2     W:0.0         Tt:440.5156    Pt:4.149145    FAR:0.0         MN:0.0         Ts:0.0         Ps:0.0       
splitter   FNi         W:508.8117    Tt:458.5534    Pt:4.792025    FAR:0.0         MN:0.0         Ts:0.0         Ps:0.0       
splitter   FNo1        W:22.13142    Tt:458.5534    Pt:4.792025    FAR:0.0         MN:0.0         Ts:0.0         Ps:0.0       
splitter   FNo2        W:486.6802    Tt:458.5534    Pt:4.792025    FAR:0.0         MN:0.0         Ts:0.0         Ps:0.0       
duct2      FNi         W:22.13142    Tt:458.5534    Pt:4.792025    FAR:0.0         MN:0.0         Ts:0.0         Ps:0.0       
duct2      FNo         W:22.13142    Tt:458.5534    Pt:4.744105    FAR:0.0         MN:0.0         Ts:0.0         Ps:0.0       
LPC        FNi         W:22.13142    Tt:458.5534    Pt:4.744105    FAR:0.0         MN:0.0         Ts:0.0         Ps:0.0       
LPC        FNideal     W:22.13142    Tt:611.9392    Pt:13.77809    FAR:0.0         MN:0.0         Ts:0.0         Ps:0.0       
LPC        FNo         W:22.13142    Tt:643.2525    Pt:13.77809    FAR:0.0         MN:0.0         Ts:0.0         Ps:0.0       
LPC        FNoBld1     W:2.213142    Tt:588.0513    Pt:6.323794    FAR:0.0         MN:0.0         Ts:0.0         Ps:0.0       
LPC        FNoBld2     W:2.213142    Tt:624.8645    Pt:8.130593    FAR:0.0         MN:0.0         Ts:0.0         Ps:0.0       
duct25     FNi         W:22.13142    Tt:643.2525    Pt:13.77809    FAR:0.0         MN:0.0         Ts:0.0         Ps:0.0       
duct25     FNo         W:22.13142    Tt:643.2525    Pt:13.57142    FAR:0.0         MN:0.0         Ts:0.0         Ps:0.0       
HPC        FNi         W:22.13142    Tt:643.2525    Pt:13.57142    FAR:0.0         MN:0.0         Ts:0.0         Ps:0.0       
HPC        FNideal     W:22.13142    Tt:1202.526    Pt:124.1281    FAR:0.0         MN:0.0         Ts:0.0         Ps:0.0       
HPC        FNo         W:18.77541    Tt:1296.129    Pt:124.1281    FAR:0.0         MN:0.0         Ts:0.0         Ps:0.0       
HPC        FNoBld1     W:1.678004    Tt:889.7048    Pt:40.90598    FAR:0.0         MN:0.0         Ts:0.0         Ps:0.0       
HPC        FNoBld2     W:1.678004    Tt:900.2661    Pt:42.67488    FAR:0.0         MN:0.0         Ts:0.0         Ps:0.0       
burner     FNi         W:18.77541    Tt:1296.129    Pt:124.1281    FAR:0.0         MN:0.0         Ts:0.0         Ps:0.0       
burner     FNo         W:19.09266    Tt:2340.717    Pt:119.1630    FAR:0.016897    MN:0.0         Ts:0.0         Ps:0.0       
HPT        FN41        W:20.77067    Tt:2231.528    Pt:119.1630    FAR:0.015511    MN:0.0         Ts:0.0         Ps:0.0       
HPT        FN42        W:20.77067    Tt:1609.387    Pt:26.69413    FAR:0.015511    MN:0.0         Ts:0.0         Ps:0.0       
HPT        FNi         W:19.09266    Tt:2340.717    Pt:119.1630    FAR:0.016897    MN:0.0         Ts:0.0         Ps:0.0       
HPT        FNiBld1     W:1.678004    Tt:900.2661    Pt:42.67488    FAR:0.0         MN:0.0         Ts:0.0         Ps:0.0       
HPT        FNiBld2     W:1.678004    Tt:889.7048    Pt:40.90598    FAR:0.0         MN:0.0         Ts:0.0         Ps:0.0       
HPT        FNideal     W:20.77067    Tt:1553.440    Pt:26.69413    FAR:0.015511    MN:0.0         Ts:0.0         Ps:0.0       
HPT        FNo         W:22.44867    Tt:1556.395    Pt:26.69413    FAR:0.014335    MN:0.0         Ts:0.0         Ps:0.0       
duct45     FNi         W:22.44867    Tt:1556.395    Pt:26.69413    FAR:0.014335    MN:0.0         Ts:0.0         Ps:0.0       
duct45     FNo         W:22.44867    Tt:1556.395    Pt:26.56066    FAR:0.014335    MN:0.0         Ts:0.0         Ps:0.0       
LPT        FN41        W:22.44867    Tt:1556.395    Pt:26.56066    FAR:0.014335    MN:0.0         Ts:0.0         Ps:0.0       
LPT        FN42        W:22.44867    Tt:1023.348    Pt:4.431290    FAR:0.014335    MN:0.0         Ts:0.0         Ps:0.0       
LPT        FNi         W:22.44867    Tt:1556.395    Pt:26.56066    FAR:0.014335    MN:0.0         Ts:0.0         Ps:0.0       
LPT        FNiBld1     W:0.0         Tt:0.0         Pt:0.0         FAR:0.0         MN:0.0         Ts:0.0         Ps:0.0       
LPT        FNiBld2     W:0.0         Tt:0.0         Pt:0.0         FAR:0.0         MN:0.0         Ts:0.0         Ps:0.0       
LPT        FNideal     W:22.44867    Tt:979.1278    Pt:4.431290    FAR:0.014335    MN:0.0         Ts:0.0         Ps:0.0       
LPT        FNo         W:22.44867    Tt:1023.348    Pt:4.431290    FAR:0.014335    MN:0.0         Ts:0.0         Ps:0.0       
duct5      FNi         W:22.44867    Tt:1023.348    Pt:4.431290    FAR:0.014335    MN:0.0         Ts:0.0         Ps:0.0       
duct5      FNo         W:22.44867    Tt:1023.348    Pt:4.386978    FAR:0.014335    MN:0.0         Ts:0.0         Ps:0.0       
priNozzl   FNi         W:22.44867    Tt:1023.348    Pt:4.386978    FAR:0.014335    MN:0.0         Ts:0.0         Ps:0.0       
priNozzl   FNo         W:22.44867    Tt:1023.348    Pt:4.386978    FAR:0.014335    MN:0.862345    Ts:898.8030    Ps:2.72003   
duct17     FNi         W:486.6802    Tt:458.5534    Pt:4.792025    FAR:0.0         MN:0.0         Ts:0.0         Ps:0.0       
duct17     FNo         W:486.6802    Tt:458.5534    Pt:4.720145    FAR:0.0         MN:0.0         Ts:0.0         Ps:0.0       
fanNozzl   FNi         W:486.6802    Tt:458.5534    Pt:4.720145    FAR:0.0         MN:0.0         Ts:0.0         Ps:0.0       
fanNozzl   FNo         W:486.6802    Tt:458.5534    Pt:4.720145    FAR:0.0         MN:0.920528    Ts:391.4176    Ps:2.72003   

Mech Ports

fan        MP          N:8161.357    hp:-3094.88    I:0.0       
LPC        MP          N:8161.357    hp:-1386.28    I:0.0       
HPC        MP          N:9006.339    hp:-5365.49    I:0.0       
HPT        MP          N:9006.339    hp:5215.477    I:0.0       
LPT        MP          N:8161.357    hp:4481.183    I:0.0       
HPshaft    MPC         N:9006.339    hp:-5365.49    I:0.0       
HPshaft    MPT         N:9006.339    hp:5215.477    I:0.0       
LPshaft    MPfan       N:8161.357    hp:-3094.88    I:0.0       
LPshaft    MPlpc       N:8161.357    hp:-1386.28    I:0.0       
LPshaft    MPlpt       N:8161.357    hp:4481.183    I:0.0       

*******************
Elements***********
*******************

FlightCond  start       W:508.8117  Tt:440.515  Pt:4.15746  Tamb:389.9  Pamb:2.720  
Duct        inlet       dP:0.002    Q:0.0       
Compressor  fan         PR:1.15494  eff:1.0283  Rline:2.0   NcMap:0.82  
Splitter    splitter    BPR:21.990  
Duct        duct2       dP:0.01     Q:0.0       
Compressor  LPC         PR:2.90425  eff:0.8297  Rline:1.25  NcMap:0.84  
Duct        duct25      dP:0.015    Q:0.0       
Compressor  HPC         PR:9.14628  eff:0.8522  Rline:1.95  NcMap:0.93  
Burner      burner      FAR:0.0168  Tout:0.0    Wfuel:0.31  dP:0.04     
Turbine     HPT         PR:4.46401  eff:0.9222  PRmap:3.02  NcMap:0.94  
Duct        duct45      dP:0.005    Q:0.0       
Turbine     LPT         PR:5.99388  eff:0.9259  PRmap:6.09  NcMap:0.86  
Duct        duct5       dP:0.01     Q:0.0       
Nozzle      priNozzle   Fg:878.635  
Duct        duct17      dP:0.015    Q:0.0       
Nozzle      fanNozzle   Fg:13534.9  
Shaft       HPshaft     N:9006.339  HPX:150.0   
Shaft       LPshaft     N:8161.357  HPX:0.0     
Performanc  Perf        alt:40000.  MN:0.8      Fn:2140.08  SFC:0.5336  Fg:14413.5  Fram:12273  Wfuel:0.31   

****************
Solver**********
****************

Converged:True

******************************************************************************************

time =  0.0

******************
Ports*************
******************

Electric Ports


Fluid Ports

start      FNo         W:473.5472    Tt:440.5156    Pt:4.157460    FAR:0.0         MN:0.8         Ts:389.9704    Ps:2.720042  
inlet      FNi         W:473.5472    Tt:440.5156    Pt:4.157460    FAR:0.0         MN:0.0         Ts:389.9704    Ps:2.720042  
inlet      FNo         W:473.5472    Tt:440.5156    Pt:4.149145    FAR:0.0         MN:0.0         Ts:0.0         Ps:0.0       
fan        FNi         W:473.5472    Tt:440.5156    Pt:4.149145    FAR:0.0         MN:0.0         Ts:0.0         Ps:0.0       
fan        FNideal     W:473.5472    Tt:454.9992    Pt:4.651416    FAR:0.0         MN:0.0         Ts:0.0         Ps:0.0       
fan        FNo         W:473.5472    Tt:454.6525    Pt:4.651416    FAR:0.0         MN:0.0         Ts:0.0         Ps:0.0       
fan        FNoBld1     W:0.0         Tt:440.5156    Pt:4.149145    FAR:0.0         MN:0.0         Ts:0.0         Ps:0.0       
fan        FNoBld2     W:0.0         Tt:440.5156    Pt:4.149145    FAR:0.0         MN:0.0         Ts:0.0         Ps:0.0       
splitter   FNi         W:473.5472    Tt:454.6525    Pt:4.651416    FAR:0.0         MN:0.0         Ts:0.0         Ps:0.0       
splitter   FNo1        W:19.25154    Tt:454.6525    Pt:4.651416    FAR:0.0         MN:0.0         Ts:0.0         Ps:0.0       
splitter   FNo2        W:454.2956    Tt:454.6525    Pt:4.651416    FAR:0.0         MN:0.0         Ts:0.0         Ps:0.0       
duct2      FNi         W:19.25154    Tt:454.6525    Pt:4.651416    FAR:0.0         MN:0.0         Ts:0.0         Ps:0.0       
duct2      FNo         W:19.25154    Tt:454.6525    Pt:4.604902    FAR:0.0         MN:0.0         Ts:0.0         Ps:0.0       
LPC        FNi         W:19.25154    Tt:454.6525    Pt:4.604902    FAR:0.0         MN:0.0         Ts:0.0         Ps:0.0       
LPC        FNideal     W:19.25154    Tt:603.4847    Pt:13.07101    FAR:0.0         MN:0.0         Ts:0.0         Ps:0.0       
LPC        FNo         W:19.25154    Tt:640.4031    Pt:13.07101    FAR:0.0         MN:0.0         Ts:0.0         Ps:0.0       
LPC        FNoBld1     W:1.925154    Tt:584.8869    Pt:5.926280    FAR:0.0         MN:0.0         Ts:0.0         Ps:0.0       
LPC        FNoBld2     W:1.925154    Tt:621.9134    Pt:7.619504    FAR:0.0         MN:0.0         Ts:0.0         Ps:0.0       
duct25     FNi         W:19.25154    Tt:640.4031    Pt:13.07101    FAR:0.0         MN:0.0         Ts:0.0         Ps:0.0       
duct25     FNo         W:19.25154    Tt:640.4031    Pt:12.87495    FAR:0.0         MN:0.0         Ts:0.0         Ps:0.0       
HPC        FNi         W:19.25154    Tt:640.4031    Pt:12.87495    FAR:0.0         MN:0.0         Ts:0.0         Ps:0.0       
HPC        FNideal     W:19.25154    Tt:1159.262    Pt:103.4162    FAR:0.0         MN:0.0         Ts:0.0         Ps:0.0       
HPC        FNo         W:16.33224    Tt:1250.961    Pt:103.4162    FAR:0.0         MN:0.0         Ts:0.0         Ps:0.0       
HPC        FNoBld1     W:1.459652    Tt:870.4765    Pt:33.50026    FAR:0.0         MN:0.0         Ts:0.0         Ps:0.0       
HPC        FNoBld2     W:1.459652    Tt:880.3284    Pt:34.94892    FAR:0.0         MN:0.0         Ts:0.0         Ps:0.0       
burner     FNi         W:16.33224    Tt:1250.961    Pt:103.4162    FAR:0.0         MN:0.0         Ts:0.0         Ps:0.0       
burner     FNo         W:16.56738    Tt:2153.514    Pt:99.27956    FAR:0.014397    MN:0.0         Ts:0.0         Ps:0.0       
HPT        FN41        W:18.02703    Tt:2056.386    Pt:99.27956    FAR:0.013216    MN:0.0         Ts:0.0         Ps:0.0       
HPT        FN42        W:18.02703    Tt:1467.248    Pt:22.14315    FAR:0.013216    MN:0.0         Ts:0.0         Ps:0.0       
HPT        FNi         W:16.56738    Tt:2153.514    Pt:99.27956    FAR:0.014397    MN:0.0         Ts:0.0         Ps:0.0       
HPT        FNiBld1     W:1.459652    Tt:880.3284    Pt:34.94892    FAR:0.0         MN:0.0         Ts:0.0         Ps:0.0       
HPT        FNiBld2     W:1.459652    Tt:870.4765    Pt:33.50026    FAR:0.0         MN:0.0         Ts:0.0         Ps:0.0       
HPT        FNideal     W:18.02703    Tt:1414.013    Pt:22.14315    FAR:0.013216    MN:0.0         Ts:0.0         Ps:0.0       
HPT        FNo         W:19.48668    Tt:1422.864    Pt:22.14315    FAR:0.012214    MN:0.0         Ts:0.0         Ps:0.0       
duct45     FNi         W:19.48668    Tt:1422.864    Pt:22.14315    FAR:0.012214    MN:0.0         Ts:0.0         Ps:0.0       
duct45     FNo         W:19.48668    Tt:1422.864    Pt:22.03244    FAR:0.012214    MN:0.0         Ts:0.0         Ps:0.0       
LPT        FN41        W:19.48668    Tt:1422.864    Pt:22.03244    FAR:0.012214    MN:0.0         Ts:0.0         Ps:0.0       
LPT        FN42        W:19.48668    Tt:939.3299    Pt:3.892391    FAR:0.012214    MN:0.0         Ts:0.0         Ps:0.0       
LPT        FNi         W:19.48668    Tt:1422.864    Pt:22.03244    FAR:0.012214    MN:0.0         Ts:0.0         Ps:0.0       
LPT        FNiBld1     W:0.0         Tt:0.0         Pt:0.0         FAR:0.0         MN:0.0         Ts:0.0         Ps:0.0       
LPT        FNiBld2     W:0.0         Tt:0.0         Pt:0.0         FAR:0.0         MN:0.0         Ts:0.0         Ps:0.0       
LPT        FNideal     W:19.48668    Tt:900.7733    Pt:3.892391    FAR:0.012214    MN:0.0         Ts:0.0         Ps:0.0       
LPT        FNo         W:19.48668    Tt:939.3299    Pt:3.892391    FAR:0.012214    MN:0.0         Ts:0.0         Ps:0.0       
duct5      FNi         W:19.48668    Tt:939.3299    Pt:3.892391    FAR:0.012214    MN:0.0         Ts:0.0         Ps:0.0       
duct5      FNo         W:19.48668    Tt:939.3299    Pt:3.853467    FAR:0.012214    MN:0.0         Ts:0.0         Ps:0.0       
priNozzl   FNi         W:19.48668    Tt:939.3299    Pt:3.853467    FAR:0.012214    MN:0.0         Ts:0.0         Ps:0.0       
priNozzl   FNo         W:19.48668    Tt:939.3299    Pt:3.853467    FAR:0.012214    MN:0.728418    Ts:853.8474    Ps:2.72003   
duct17     FNi         W:454.2956    Tt:454.6525    Pt:4.651416    FAR:0.0         MN:0.0         Ts:0.0         Ps:0.0       
duct17     FNo         W:454.2956    Tt:454.6525    Pt:4.581645    FAR:0.0         MN:0.0         Ts:0.0         Ps:0.0       
fanNozzl   FNi         W:454.2956    Tt:454.6525    Pt:4.581645    FAR:0.0         MN:0.0         Ts:0.0         Ps:0.0       
fanNozzl   FNo         W:454.2956    Tt:454.6525    Pt:4.581645    FAR:0.0         MN:0.892290    Ts:391.5427    Ps:2.72003   

Mech Ports

fan        MP          N:7740.390    hp:-2256.62    I:0.0       
LPC        MP          N:7740.390    hp:-1212.56    I:0.0       
HPC        MP          N:8837.898    hp:-4353.28    I:0.0       
HPT        MP          N:8837.898    hp:4203.238    I:0.0       
LPT        MP          N:7740.390    hp:3469.317    I:0.0       
HPshaft    MPC         N:8837.898    hp:-4353.28    I:0.0       
HPshaft    MPT         N:8837.898    hp:4203.238    I:0.0       
LPshaft    MPfan       N:7740.390    hp:-2256.62    I:0.0       
LPshaft    MPlpc       N:7740.390    hp:-1212.56    I:0.0       
LPshaft    MPlpt       N:7740.390    hp:3469.317    I:0.0       

*******************
Elements***********
*******************

FlightCond  start       W:473.5472  Tt:440.515  Pt:4.15746  Tamb:389.9  Pamb:2.720  
Duct        inlet       dP:0.002    Q:0.0       
Compressor  fan         PR:1.12105  eff:1.0245  Rline:2.0   NcMap:0.78  
Splitter    splitter    BPR:23.597  
Duct        duct2       dP:0.01     Q:0.0       
Compressor  LPC         PR:2.83850  eff:0.8003  Rline:1.09  NcMap:0.80  
Duct        duct25      dP:0.015    Q:0.0       
Compressor  HPC         PR:8.03235  eff:0.8457  Rline:1.98  NcMap:0.91  
Burner      burner      FAR:0.0143  Tout:0.0    Wfuel:0.23  dP:0.04     
Turbine     HPT         PR:4.48353  eff:0.9221  PRmap:3.04  NcMap:0.96  
Duct        duct45      dP:0.005    Q:0.0       
Turbine     LPT         PR:5.66038  eff:0.9282  PRmap:5.75  NcMap:0.85  
Duct        duct5       dP:0.01     Q:0.0       
Nozzle      priNozzle   Fg:628.775  
Duct        duct17      dP:0.015    Q:0.0       
Nozzle      fanNozzle   Fg:12248.6  
Shaft       HPshaft     N:8837.898  HPX:150.0   
Shaft       LPshaft     N:7740.390  HPX:0.0     
Performanc  Perf        alt:40000.  MN:0.8      Fn:1454.60  SFC:0.5819  Fg:12877.4  Fram:11422  Wfuel:0.23   

****************
Solver**********
****************

Converged:True

******************************************************************************************
LPC.effTable Table 2d input to low 0.9497796291905292 < 1.0
LPC.PRtable Table 2d input to low 0.9497796291905292 < 1.0
LPC.WcTable Table 2d input to low 0.9497796291905292 < 1.0
LPC.PRtable Table 2d input to low 0.9497796291905292 < 1.0

time =  0.0

******************
Ports*************
******************

Electric Ports


Fluid Ports

start      FNo         W:447.2128    Tt:440.5156    Pt:4.157460    FAR:0.0         MN:0.8         Ts:389.9704    Ps:2.720042  
inlet      FNi         W:447.2128    Tt:440.5156    Pt:4.157460    FAR:0.0         MN:0.0         Ts:389.9704    Ps:2.720042  
inlet      FNo         W:447.2128    Tt:440.5156    Pt:4.149145    FAR:0.0         MN:0.0         Ts:0.0         Ps:0.0       
fan        FNi         W:447.2128    Tt:440.5156    Pt:4.149145    FAR:0.0         MN:0.0         Ts:0.0         Ps:0.0       
fan        FNideal     W:447.2128    Tt:450.8417    Pt:4.511506    FAR:0.0         MN:0.0         Ts:0.0         Ps:0.0       
fan        FNo         W:447.2128    Tt:450.6856    Pt:4.511506    FAR:0.0         MN:0.0         Ts:0.0         Ps:0.0       
fan        FNoBld1     W:0.0         Tt:440.5156    Pt:4.149145    FAR:0.0         MN:0.0         Ts:0.0         Ps:0.0       
fan        FNoBld2     W:0.0         Tt:440.5156    Pt:4.149145    FAR:0.0         MN:0.0         Ts:0.0         Ps:0.0       
splitter   FNi         W:447.2128    Tt:450.6856    Pt:4.511506    FAR:0.0         MN:0.0         Ts:0.0         Ps:0.0       
splitter   FNo1        W:16.79784    Tt:450.6856    Pt:4.511506    FAR:0.0         MN:0.0         Ts:0.0         Ps:0.0       
splitter   FNo2        W:430.4149    Tt:450.6856    Pt:4.511506    FAR:0.0         MN:0.0         Ts:0.0         Ps:0.0       
duct2      FNi         W:16.79784    Tt:450.6856    Pt:4.511506    FAR:0.0         MN:0.0         Ts:0.0         Ps:0.0       
duct2      FNo         W:16.79784    Tt:450.6856    Pt:4.466391    FAR:0.0         MN:0.0         Ts:0.0         Ps:0.0       
LPC        FNi         W:16.79784    Tt:450.6856    Pt:4.466391    FAR:0.0         MN:0.0         Ts:0.0         Ps:0.0       
LPC        FNideal     W:16.79784    Tt:596.4688    Pt:12.45208    FAR:0.0         MN:0.0         Ts:0.0         Ps:0.0       
LPC        FNo         W:16.79784    Tt:639.3959    Pt:12.45208    FAR:0.0         MN:0.0         Ts:0.0         Ps:0.0       
LPC        FNoBld1     W:1.679784    Tt:582.9963    Pt:5.589982    FAR:0.0         MN:0.0         Ts:0.0         Ps:0.0       
LPC        FNoBld2     W:1.679784    Tt:620.6137    Pt:7.187119    FAR:0.0         MN:0.0         Ts:0.0         Ps:0.0       