converged
design point turbofan results
 
converged
converged
CASE #  2
True
--- 0.9 45000.0 ----------------------------------------------------
fan Nc = 1.0000000878621935      burner temperature = 3171.1279236938503    ambient Ps = 2.138969844078601
1.9938605351538439
inlet in 530.8453334033935 3.6358796993790095 453.9249405823938 2.138969844078601 389.9699921606875 0.021640125274138555 0.0
inlet out 530.8453334033935 3.6286079399802516 453.9249405824063 2.7762629043118525 420.7909512356629 0.017870732118447256 0.6239905240237202
fan out 530.8453227864869 4.722164969827059 490.94312564523005 4.100720259573245 471.7186531383422 0.023531329203641028 0.4496642450529553
duct2 out 29.275272353029454 4.674943320128788 490.9431256454697 4.070482048854025 472.0720079923093 0.023340555273390802 0.44534747735134483
LPC out 29.275271767524007 14.197130264360368 683.9527769166692 12.2041117314798 657.6996765523228 0.05012734509566086 0.4487253185969266
duct25 out 29.275271767524007 13.984173310394961 683.9527769551108 11.950088139495685 657.1587249717322 0.04912231828486297 0.4535079555424907
HPC out 24.835969556696664 192.77107893712488 1552.093986853854 181.30119974036594 1526.0115173616573 0.32080817591782634 0.3128705293669854
burner out 25.52929324734845 185.06023577963987 3171.1279236938503 0.0 0.0 0.1567927340367594 0.0
HPT out 29.96859545817579 41.965937604456215 2144.4748393362424 39.46896431699107 2114.871247762476 0.05015172231140522 0.30283051032909286
HPT 0.9214896074433084
duct45 out 29.96859545817579 41.75610791643393 2144.4748411359747 36.881661124415565 2080.73339004374 0.04763405395112462 0.4475203729477786
LPT out 29.96859545817579 6.95144945093252 1437.3809532458686 6.4130149847617 1408.4421754180535 0.012236622840999686 0.34904860323609543
LPT  0.9388899479908798
duct5 out 29.96859545817579 6.881934956423195 1437.3809556016186 6.4724598265160145 1415.355393151675 0.01229082250548662 0.30381871885850253
core nozzle out 29.96859545817579 6.881934956423195 1437.3809556016186 3.691396066278348 1226.1704178515474 0.008092516451628732 1.0
duct 17 out 501.5700504334574 4.651332495279653 490.9431256455902
bypass nozzle out 501.5700504334574 4.651332495279653 490.9431256455902 2.451197536975505 408.40940938398893 0.01623345672855668 1.0
 
1.7020818226102021
HP power balance:  -9598.194349671656 = 9448.17084598859  +  150.0  HP extraction
LP power balance:  -6635.582217821102 + -1920.607252392028 = -8556.18947021313 8556.213512777822
 
converged
CASE #  3
True
--- 0.9 45000.0 ----------------------------------------------------
fan Nc = 0.9500001067434706      burner temperature = 2962.888701411964    ambient Ps = 2.138969844078601
2.0056931716430477
inlet in 515.6829114823806 3.6358796993790095 453.9249405823938 2.138969844078601 389.9699921606875 0.021640125274138555 0.0
inlet out 515.6829114823806 3.6286079399802516 453.9249405824063 2.843400250782882 423.7074459348749 0.018178524491338624 0.593868047625152
fan out 515.6829011687223 4.567772880274534 485.3654207229079 3.977046197785446 466.49230986866405 0.023071025220081764 0.44799981487952595
duct2 out 26.792987666824345 4.522095151471788 485.3654207231186 4.020665310731118 469.347826104405 0.02318631363066992 0.41147444760144064
LPC out 26.79298713096459 13.551200310995522 673.6463793187443 11.802215025795569 650.607814648496 0.0489731785371897 0.4226002171511034
duct25 out 26.79298713096459 13.34793230633059 673.6463793503837 11.565005452510931 650.1607182673285 0.04801955724995351 0.426825148448599
HPC out 22.73009856242512 170.08753019244054 1490.9695359558677 159.05103065998108 1466.5941331804465 0.2928350771020838 0.30709081315071796
burner out 23.298161123048505 163.28402898474292 2962.888701411964 0.0 0.0 0.14807956087435803 0.0
HPT out 27.361049691587976 36.88323991913155 1991.804684107233 34.68868714394322 1962.25594223827 0.04750863006179878 0.3105779835490875
HPT 0.9225154170550629
duct45 out 27.361049691587976 36.69882371953589 1991.804691654712 32.1071883556948 1930.4001943624653 0.0447006156426921 0.45087915334053835
LPT out 27.361049691587976 6.0880027676006 1329.0488664761024 5.617354989249854 1301.71851989381 0.011596412240245829 0.3487086266130049
LPT  0.9344945905876016
duct5 out 27.361049691587976 6.027122739924594 1329.048868077652 5.66850893689908 1308.211543692945 0.011645659676785325 0.3037709153378107
core nozzle out 27.361049691587976 6.027122739924594 1329.048868077652 3.225467323639698 1129.8886264995128 0.007674527272278285 1.0
duct 17 out 488.889913501898 4.499256287070416 485.36542072322396
bypass nozzle out 488.889913501898 4.499256287070416 485.36542072322396 2.377761819175025 403.7518341854999 0.015913205764234935 1.0
 
1.6478408876980821
HP power balance:  -8235.821513547186 = 8085.882579602285  +  150.0  HP extraction
LP power balance:  -5474.794450689391 + -1713.8361318209297 = -7188.630582510321 7188.478203319918
 
converged
CASE #  4
True
--- 0.9 45000.0 ----------------------------------------------------
fan Nc = 0.9000000937591156      burner temperature = 2731.8321217598477    ambient Ps = 2.138969844078601
2.0452833330662004
inlet in 494.7589426222254 3.6358796993790095 453.9249405823938 2.138969844078601 389.9699921606875 0.021640125274138555 0.0
inlet out 494.7589426222254 3.6286079399802516 453.9249405824063 2.9263406367288685 427.2263882367109 0.018554345340257274 0.5559477182467962
fan out 494.7589327270465 4.371480384682632 479.2096784885116 3.819300403139411 460.8076241540958 0.022416425972976353 0.445066798644135
duct2 out 23.32002248674518 4.3277655808358055 479.2096784886909 3.950425462815128 466.7736616567207 0.02290326202564623 0.36355248931476947
LPC out 23.32002202034473 12.923562101302306 669.3166932720079 11.53480994285395 651.0233109720399 0.04783514880452311 0.3764548233980161
duct25 out 23.32002202034473 12.72970866978277 669.3166933001573 11.316976255613973 650.7074303036927 0.046952996343381015 0.3797816210484414
HPC out 19.783773881179656 141.81896412168473 1420.4784311951623 133.38073575644447 1395.0932575832242 0.2581228483411995 0.31959611465820287
burner out 20.21660590598891 136.14620555681734 2731.8321217598477 0.0 0.0 0.13392639246488805 0.0
HPT out 23.752854045153985 30.701441135739188 1834.3554845802566 28.874705388162702 1804.8815090133667 0.04299448803509688 0.319574473369003
HPT 0.9223812927541782
duct45 out 23.752854045153985 30.54793393006049 1834.3554914950782 27.28220884989427 1778.9112744106117 0.04122156337686718 0.44090760882231045
LPT out 23.752854045153985 5.0389895769360615 1213.277063525897 4.644914495826059 1187.699229861912 0.010513129477824878 0.3484285955031565
LPT  0.9303046684977425
duct5 out 23.752854045153985 4.988599681166701 1213.277064469459 4.691778000137282 1193.8993424185471 0.01056255217235907 0.30269049451078606
core nozzle out 23.752854045153985 4.988599681166701 1213.277064469459 2.6624872746158674 1027.763032930788 0.006965698312883372 1.0
duct 17 out 471.4389102403013 4.305908178912392 479.2096784887805
bypass nozzle out 471.4389102403013 4.305908178912392 479.2096784887805 2.2792147837455037 398.60892444715927 0.015443059161301568 1.0
 
1.5862287276152707
HP power balance:  -6559.30797427247 = 6409.387669086506  +  150.0  HP extraction
LP power balance:  -4224.234482918546 + -1505.6478970859825 = -5729.882380004528 5729.838163295285
 
converged
CASE #  5
True
--- 0.9 45000.0 ----------------------------------------------------
fan Nc = 0.850000269020178      burner temperature = 2384.714102570184    ambient Ps = 2.138969844078601
2.1672577126187993
inlet in 464.3846516487217 3.6358796993790095 453.9249405823938 2.138969844078601 389.9699921606875 0.021640125274138555 0.0
inlet out 464.3846516487217 3.6286079399802516 453.9249405824063 3.031985532146494 431.56032677195105 0.019027111542011307 0.5063076335375702
fan out 464.3846423610286 4.099485494339702 471.2302889422943 3.5996850161486647 453.51217944803034 0.021442527301591466 0.44018184766586926
duct2 out 19.029373018080154 4.058490639396305 471.2302889424347 3.8054145470876724 462.46358982342684 0.022259320438056486 0.30664709673678525
LPC out 19.029372637492695 12.050728779124443 670.1468214888358 11.02153525337617 656.5897367829735 0.04534259311239382 0.3227257022240319
duct25 out 19.029372637492695 11.869967847437575 670.1468215154459 10.824916066922704 656.3808434338752 0.044547117833806084 0.32525335296828733
HPC out 16.143758570743305 107.80311854817228 1340.7620007757023 98.95162223771148 1314.5634916789145 0.20326127734429922 0.3319511275335455
burner out 16.418165734797014 103.49099380624538 2384.714102570184 0.0 0.0 0.11663771010548386 0.0
HPT out 19.303779801546405 23.220338354830705 1585.3018108105707 21.76218397917417 1562.0632685221267 0.03744900885438476 0.2981030335097344
HPT 0.9220931571404194
duct45 out 19.303779801546405 23.10423666305655 1585.3018149293337 19.87250402776482 1531.7235921983197 0.03487681287700851 0.4563121527766649
LPT out 19.303779801546405 3.7789475696232455 1033.59164270096 3.484413685831971 1011.2268043079308 0.009264400059526025 0.34653717072229184
LPT  0.9342748593416081
duct5 out 19.303779801546405 3.741158093927013 1033.5916430346467 3.5185591873383553 1016.6908670060042 0.00930597720317917 0.3004697948934306
core nozzle out 19.303779801546405 3.741158093927013 1033.5916430346467 2.13897 888.2901936923339 0.006475308192133414 0.93671670522333
duct 17 out 445.3552693429485 4.037993211924607 471.2302889425049
bypass nozzle out 445.3552693429485 4.037993211924607 471.2302889425049 2.13897 392.3557548243009 0.014750722380695995 0.9968034420289613
 
1.402073492889131
HP power balance:  -4756.5369565705605 = 4606.451793746069  +  150.0  HP extraction
LP power balance:  -2713.651745947648 + -1285.296295296635 = -3998.948041244283 3999.154174999458
 
converged
CASE #  6
True
--- 0.9 45000.0 ----------------------------------------------------
fan Nc = 0.8000000876952342      burner temperature = 1993.8584817009423    ambient Ps = 2.138969844078601
2.346198196080133
inlet in 435.33788414218424 3.6358796993790095 453.9249405823938 2.138969844078601 389.9699921606875 0.021640125274138555 0.0
inlet out 435.33788414218424 3.6286079399802516 453.9249405824063 3.1196145579887737 435.04721116444017 0.019413887621575237 0.46333494305554956
fan out 435.3378754354265 3.8531659288430524 462.88073758634243 3.3901023648861397 445.90898312803057 0.020544940755596583 0.43429796691153527
duct2 out 14.55356273689097 3.814634269554622 462.8807375864437 3.5876635305161217 454.5209458286568 0.021327496435538097 0.30202534527337155
LPC out 14.553562445819715 11.14371362456023 678.4633726951475 10.448653956719278 669.3076769435895 0.04219735144354383 0.2627279954276872
duct25 out 14.553562445819715 10.976557920191826 678.4633727231081 10.271944009677906 669.1818233997832 0.04149137044310655 0.26455196767611144
HPC out 12.346660236535612 75.19438812128617 1258.646615681975 69.1173538211377 1231.017239818626 0.1516278312204318 0.3497595884518796
burner out 12.490405190824331 72.18661259643471 1993.8584817009423 0.0 0.0 0.09731436577819563 0.0
HPT out 14.697307400108434 16.137119175818356 1311.27775526146 15.176960584857163 1288.816632890675 0.03165999470492179 0.31350844343956175
HPT 0.9201655643541138
duct45 out 14.697307400108434 16.056433579939263 1311.27775691713 14.205143914209906 1268.2994822390567 0.030114800281320027 0.4366142732341524
LPT out 14.697307400108434 2.9165904567987164 864.5867646451104 2.7383474642169823 849.4314226677164 0.008665213709521863 0.3064711954025028
LPT  0.9499771081792572
duct5 out 14.697307400108434 2.8874245522307294 864.5867647304701 2.7156227913730007 849.8354456593796 0.008588967079516025 0.302308184701716
core nozzle out 14.697307400108434 2.8874245522307294 864.5867647304701 2.13897 795.6589022975929 0.007228069312935324 0.6733303758748063
duct 17 out 420.78431269853553 3.7953684399104066 462.8807375864945
bypass nozzle out 420.78431269853553 3.7953684399104066 462.8807375864945 2.13897 392.42506175957953 0.0147478638770988 0.9419039011969007
 
1.012104305240768
HP power balance:  -3133.8705745570905 = 2983.8720629786426  +  150.0  HP extraction
LP power balance:  -1316.5174252379613 + -1065.38981427019 = -2381.907239508151 2381.8772753644603
 
converged
CASE #  7
True
--- 0.9 45000.0 ----------------------------------------------------
fan Nc = 0.7500000878306087      burner temperature = 1483.5470866193832    ambient Ps = 2.138969844078601
2.4589931892951595
inlet in 407.65121384631516 3.6358796993790095 453.9249405823938 2.138969844078601 389.9699921606875 0.021640125274138555 0.0
inlet out 407.65121384631516 3.6286079399802516 453.9249405824063 3.193375220633872 437.9094036402897 0.019735836588788684 0.42540316409996115
fan out 407.6512056932909 3.6535621206782065 455.01666015831904 3.2195332242999073 439.044572032018 0.019842688628946562 0.4243191617443783
duct2 out 9.017869553639926 3.6170264994714243 455.0166601583863 3.4018134227528742 447.00730894300204 0.0205598785663729 0.29793330842659943
LPC out 9.017869373282537 10.483548670486417 714.7524642863211 9.859777524592475 704.4112526342196 0.03780006512702714 0.272798690455622
duct25 out 9.017869373282537 10.32629544042912 714.7524643307344 9.711880861723587 703.5334576976633 0.037276899299763584 0.28431443954317337
HPC out 7.650399661517973 40.0283569668407 1146.8063683608088 36.40363292823661 1114.996343574001 0.08817326080855475 0.3905987331544742
burner out 7.689669123304532 38.42722268816707 1483.5470866193832 0.0 0.0 0.06964591988079442 0.0
HPT out 9.057138835069097 8.801438625854484 1004.7609267698973 8.277753027616143 988.1598975459052 0.022529259324390677 0.2985264816063253
HPT 0.908796108703722
duct45 out 9.057138835069097 8.75743143272521 1004.7609270254796 7.722393471276067 970.9475005243371 0.021393875982735143 0.4294923706173306
LPT out 9.057138835069097 2.392554329737199 707.2606977547048 2.2501973471178354 695.0955009946019 0.008706474858659885 0.29917106403797755
LPT  0.9791669330070184
duct5 out 9.057138835069097 2.3686287864398268 707.2606977685781 2.227695373646657 695.1297183722971 0.008618959764067563 0.2987437945971271
core nozzle out 9.057138835069097 2.3686287864398268 707.2606977685781 2.13897 687.3964522878022 0.008373407330176816 0.3842121529023369
duct 17 out 398.6333361396509 3.5987586888680334 455.01666015841994
bypass nozzle out 398.6333361396509 3.5987586888680334 455.01666015841994 2.13897 391.93606306709285 0.014768032198145991 0.8916528845083712
 
0.5690432896297528
HP power balance:  -1439.649447775007 = 1289.6494527062603  +  150.0  HP extraction
LP power balance:  -150.27811750992865 + -796.1152488904687 = -946.3933664003973 946.3933178176801
 
did not converge
CASE #  8
True
--- 0.9 45000.0 ----------------------------------------------------
fan Nc = 0.7310198670384414      burner temperature = 1051.3757555291165    ambient Ps = 2.138969844078601
2.496960838861885
inlet in 396.42876624415123 3.6358796993790095 453.9249405823938 2.138969844078601 389.9699921606875 0.021640125274138555 0.0
inlet out 396.42876624415123 3.6286079399802516 453.9249405824063 3.221193533301136 438.9635509663506 0.019856835538665463 0.41068446894301164
fan out 396.4287583155759 3.5736640424146646 451.3917687266771 3.150921291396011 435.8549145026103 0.019570546448370692 0.4198902172069196
duct2 out 6.833557300329956 3.537927401990518 451.3917687267296 3.327420721572082 443.7512552404272 0.020272748572955017 0.2918798567228955
LPC out 6.833557163658811 10.23902932676328 738.6452443101634 9.629807081820864 726.9167540318047 0.0358040350415225 0.2860832976421566
duct25 out 6.833557163658811 10.08544388686183 738.6452443706313 9.485359975593552 726.0782203323982 0.03530787235977458 0.2963008751849035
HPC out 5.797316555361589 25.498471468556495 1051.3651277800493 21.79485557984246 1009.1547888107868 0.05832251655756841 0.46932408836558037
burner out 5.797317461586339 24.478532609814234 1051.3757555291165 0.0 0.0 0.06285471765567126 0.0
HPT out 6.833558069883561 5.944292409765659 750.1363859743534 5.590607011384601 737.5655542970206 0.020479995916461394 0.2940850311724015
HPT 0.8867869559318785
duct45 out 6.833558069883561 5.914570947716831 750.1363859946402 5.266808164699467 726.3608605067154 0.01959726838288273 0.4074778389443409
LPT out 6.833558069883561 2.2742100717025764 577.8429937117194 2.1388945724362727 567.765879953131 0.010187283338479366 0.2979099613753884
LPT  0.9689727060985152
duct5 out 6.833558069883561 2.2514679709855505 577.8429937133077 2.11750562671191 567.7919897893539 0.010084958232702813 0.29751702096967847
core nozzle out 6.833558069883561 2.2514679709855505 577.8429937133077 2.13897 569.4304174461374 0.010158517342556945 0.2718031460447709
duct 17 out 389.595201015246 3.5200590817784447 451.3917687267558
bypass nozzle out 389.595201015246 3.5200590817784447 451.3917687267558 2.13897 391.457396765321 0.01478777436882443 0.8695797780983258
 
0.37625541613789587
HP power balance:  -786.5835080832302 = 646.8565797545608  +  150.0  HP extraction
LP power balance:  339.0983867075153 + -667.652289346364 = -328.5539026388487 402.12281627873796
 
running back to full power
converged
converged
CASE #  11
True
--- 0.85 45000.0 ----------------------------------------------------
fan Nc = 1.0000000144864583      burner temperature = 3122.0085481415886    ambient Ps = 2.1389699259745134
2.0074629194816493
inlet in 507.3597344800197 3.4478543436296656 447.0280314505722 2.1389699259745134 389.96999627819565 0.020837069135618832 0.0
inlet out 507.3597344800197 3.4409586349424064 447.02803145058095 2.634767058866915 414.3929370197994 0.01721274056993368 0.6239003108823132
fan out 507.35972433282507 4.467512489160308 483.43843961759984 3.8870173760189406 464.47237400131917 0.022642965253645144 0.45006745613777244
duct2 out 27.94404122614792 4.422837364268704 483.43843961779976 3.8598771529557148 464.87984018897566 0.022465996022799355 0.4450133807244971
LPC out 27.944040667267092 13.410859476419363 673.3265335476885 11.365194388707854 646.6370769886805 0.04746530444852744 0.4561282689215784
duct25 out 27.944040667267092 13.209696584273072 673.3265335788451 11.114161890218545 646.0268282267308 0.04646384543022348 0.46151251324888853
HPC out 23.70660634048271 182.48306000920073 1527.399698787243 171.62531793865327 1502.7603797978486 0.3083201706070623 0.3062076475376513
burner out 24.35549287898355 175.1837376088327 3122.0085481415886 0.0 0.0 0.15076369718309574 0.0
HPT out 28.592927205767932 39.72145676359744 2110.2977833265486 37.35803008616339 2077.0736515926715 0.048335158706812195 0.32292359650513636
HPT 0.9215516341130598
duct45 out 28.592927205767932 39.52284947977945 2110.297785578502 35.06978010246537 2047.916253320717 0.046015046058408504 0.445297356089112
LPT out 28.592927205767932 6.566748287546013 1411.2040516627862 6.055682142403746 1382.6038939720945 0.011772360919272268 0.34913149573529867
LPT  0.9388235396427685
duct5 out 28.592927205767932 6.501080804670553 1411.2040537781684 6.114266496792655 1389.4694325006428 0.011826570557929465 0.3037786145482745
core nozzle out 28.592927205767932 6.501080804670553 1411.2040537781684 3.4872441146310424 1202.9156583125905 0.00779031199303566 1.0
duct 17 out 479.4156831066771 4.400499801822903 483.4384396178997
bypass nozzle out 479.4156831066771 4.400499801822903 483.4384396178997 2.327906212375994 402.14277825995777 0.015635722217024844 1.0
 
1.6999492768337308
HP power balance:  -8995.535865054931 = 8845.587761579518  +  150.0  HP extraction
LP power balance:  -6236.565834386178 + -1802.5922159323563 = -8039.158050318534 8039.093346718098
 
converged
CASE #  12
True
--- 0.85 45000.0 ----------------------------------------------------
fan Nc = 0.9500000130007391      burner temperature = 2923.507973043087    ambient Ps = 2.1389699259745134
2.0111908870497235
inlet in 492.8239440861751 3.4478543436296656 447.0280314505722 2.1389699259745134 389.96999627819565 0.020837069135618832 0.0
inlet out 492.8239440861751 3.4409586349424064 447.02803145058095 2.6965245975687573 417.2416175760648 0.017500995788923484 0.5940280240835633
fan out 492.82393422969625 4.326627564941347 478.0325113923777 3.7751004489730353 459.4475452104915 0.022218607523454507 0.4479282573222821
duct2 out 25.696242606388882 4.283361289291934 478.03251139255093 3.8112397941836376 462.118121162301 0.022309191644964692 0.41331053326450273
LPC out 25.69624209246403 12.766540829973826 663.698140636473 10.87649362153844 639.5968667783117 0.04595433091409092 0.4355641443005208
duct25 out 25.69624209246403 12.575042717524218 663.6981406616851 10.64136995085231 639.0630257295801 0.04500023016424177 0.44053332689151997
HPC out 21.799663941562784 161.98703505222053 1474.2386155967415 150.96725789372647 1449.9026694797394 0.2810805495363042 0.3084853735272504
burner out 22.334255442004626 155.5075536501317 2923.507973043087 0.0 0.0 0.142931586892902 0.0
HPT out 26.230833592905874 35.08559123858857 1960.5892175646877 32.997998559892544 1932.829032165849 0.045883125558123815 0.3026398996357845
HPT 0.9225124953441105
duct45 out 26.230833592905874 34.91016328239563 1960.5892251778473 30.244338287253278 1898.8434422682915 0.04280106976120624 0.45493403678720323
LPT out 26.230833592905874 5.785657536239489 1306.2998652290069 5.332466947076874 1279.2420083693933 0.011205467654072324 0.3487771794378423
LPT  0.9344922057610888
duct5 out 26.230833592905874 5.727800960877094 1306.299866663063 5.386996803704906 1285.91053591478 0.011260650904203383 0.3021014031495381
core nozzle out 26.230833592905874 5.727800960877094 1306.299866663063 3.0636796549270606 1109.7873891922895 0.007420462545170479 1.0
duct 17 out 467.1276916233074 4.261728151467227 478.0325113926381
bypass nozzle out 467.1276916233074 4.261728151467227 478.0325113926381 2.254830901799823 397.6239932099004 0.015320666623360778 1.0
 
1.646462440737902
HP power balance:  -7821.821983075451 = 7671.918651289587  +  150.0  HP extraction
LP power balance:  -5158.271350527356 + -1619.9346126384748 = -6778.20596316583 6778.315102015462
 
converged
CASE #  13
True
--- 0.85 45000.0 ----------------------------------------------------
fan Nc = 0.8999999584922738      burner temperature = 2691.735721904445    ambient Ps = 2.1389699259745134
2.0432871016723535
inlet in 472.7236116940573 3.4478543436296656 447.0280314505722 2.1389699259745134 389.96999627819565 0.020837069135618832 0.0
inlet out 472.7236116940573 3.4409586349424064 447.02803145058095 2.7747255713674726 420.72341361671204 0.017863646814407986 0.5559360172509236
fan out 472.7236022395851 4.147572437144274 472.0233995408408 3.6328416797518943 453.9640753687417 0.021620337770360685 0.44418104636854894
duct2 out 22.466177484877814 4.106096712772831 472.02339954098454 3.747882454481738 459.5739075346626 0.022052732118626718 0.3665593168427374
LPC out 22.466177035554264 12.221095717579384 659.6919595124425 10.722510852433075 640.6655252478398 0.04522442233840408 0.38664402194945835
duct25 out 22.466177035554264 12.037779281815693 659.6919595348061 10.50961319695666 640.3035431942349 0.04435281479219819 0.39040693970444557
HPC out 19.059405949882812 135.5824274424996 1401.0731479101485 127.48774403612624 1377.2589679094078 0.24996601032102114 0.3106673138596689
burner out 19.468288026582247 130.15913034479962 2691.735721904445 0.0 0.0 0.12994176274425698 0.0
HPT out 22.875059112253698 29.335708419178758 1805.623547612169 27.59023376823762 1775.050775736465 0.04177818240769365 0.3272639730109811
HPT 0.9223638298352439
duct45 out 22.875059112253698 29.189029877082863 1805.623555029356 26.054194448904333 1750.816548536851 0.03999091125611426 0.440939799035829
LPT out 22.875059112253698 4.811761894179633 1193.418498436767 4.433387056591472 1168.1353487523077 0.010203349638678012 0.3484363254714601
LPT  0.9303242275128017
duct5 out 22.875059112253698 4.763644275237837 1193.418499286547 4.480207440861186 1174.4924950662175 0.010255643276962509 0.3006920685878274
core nozzle out 22.875059112253698 4.763644275237837 1193.418499286547 2.541667173343408 1010.3573304279008 0.006762883836402136 1.0
duct 17 out 450.2574247547073 4.0853588505871095 472.023399541057
bypass nozzle out 450.2574247547073 4.0853588505871095 472.023399541057 2.1563855339524425 392.59630250795954 0.014860821083541352 1.0
 
1.585373430831869
HP power balance:  -6226.736137513048 = 6076.712763835025  +  150.0  HP extraction
LP power balance:  -3988.676393640418 + -1431.1293055455558 = -5419.805699185974 5419.793038303278
 
converged
CASE #  14
True
--- 0.85 45000.0 ----------------------------------------------------
fan Nc = 0.8500000173234553      burner temperature = 2356.3588099134213    ambient Ps = 2.1389699259745134
2.159601642863894
inlet in 443.42846306208577 3.4478543436296656 447.0280314505722 2.1389699259745134 389.96999627819565 0.020837069135618832 0.0
inlet out 443.42846306208577 3.4409586349424064 447.02803145058095 2.873839423781536 425.01375278389474 0.018316827680749936 0.5060308767916946
fan out 443.42845419351653 3.8942383007061454 464.1701783358403 3.418600007263558 446.78158945348474 0.020672905900063272 0.4392052227618754
duct2 out 18.318676550993175 3.8552959176990838 464.1701783359479 3.6155347738107966 455.42466633119733 0.021453979820352208 0.3086108299128344
LPC out 18.31867618461964 11.43214411586193 661.689578076847 10.369364766799999 647.854156278126 0.04321899150941196 0.3280882088070702
duct25 out 18.31867618461964 11.260661954124002 661.6895780985932 10.179473511430364 647.6288862791188 0.04244340694520617 0.3307974572498679
HPC out 15.540832127983919 103.13287050274106 1326.4962707242319 95.5944316243305 1301.179353233364 0.19833313291274343 0.3278922005984605
burner out 15.80068942817259 99.0075556826314 2356.3588099134213 0.0 0.0 0.11292313038552652 0.0
HPT out 18.57853348480831 22.198216264210924 1564.3897014206527 20.73136969245396 1541.2338217361157 0.03615643726352884 0.2990096154960514
HPT 0.9221041157848472
duct45 out 18.57853348480831 22.08722518288987 1564.389705151512 19.368546756165525 1513.7831839237674 0.03439420107611708 0.44528162934199433
LPT out 18.57853348480831 3.6301690057183316 1019.1605206145272 3.3528694268866874 997.3624205259347 0.009036062551535273 0.34419359495528784
LPT  0.9343449550353874
duct5 out 18.57853348480831 3.5938673156611483 1019.1605209117735 3.3800322103793095 1002.2339823446739 0.009064718724554032 0.3027007204576405
core nozzle out 18.57853348480831 3.5938673156611483 1019.1605209117735 2.13897 885.3212009809822 0.0064976535143356625 0.8998377842082762
duct 17 out 425.10977764252334 3.835824726195553 464.1701783360018
bypass nozzle out 425.10977764252334 3.835824726195553 464.1701783360018 2.13897 392.30845390100194 0.014752673265681127 0.9514146154223523
 
1.4090076299029908
HP power balance:  -4533.937844914247 = 4383.864414662501  +  150.0  HP extraction
LP power balance:  -2565.6025345576572 + -1228.012678159871 = -3793.6152127175283 3793.6694622981818
 
converged
CASE #  15
True
--- 0.85 45000.0 ----------------------------------------------------
fan Nc = 0.8000000022175107      burner temperature = 1988.4063307840784    ambient Ps = 2.1389699259745134
2.3198402855326123
inlet in 415.4144929357692 3.4478543436296656 447.0280314505722 2.1389699259745134 389.96999627819565 0.020837069135618832 0.0
inlet out 415.4144929357692 3.4409586349424064 447.02803145058095 2.956338120680726 428.4701304373922 0.018689399298210656 0.4627493730203326
fan out 415.4144846274794 3.6749047226694205 456.3407862812074 3.226184266197734 439.7675581595032 0.019848699473623714 0.43191663216126547
duct2 out 14.41905351941818 3.6381556754427264 456.3407862812804 3.421685412753884 448.1913445539225 0.020619220896586465 0.3001930840450105
LPC out 14.41905323103711 10.59134110987742 667.4640855744477 9.935742663728162 657.8511467432925 0.04080128419095131 0.27149964452355646
duct25 out 14.41905323103711 10.43247099322926 667.4640855968073 9.811738969132119 657.541129291931 0.040310108105861546 0.27590668042953587
HPC out 12.232547999082643 74.39720736264509 1247.8049775816748 68.44675514802613 1220.564998832848 0.15144421475805084 0.34834947859428084
burner out 12.375804429319885 71.42131906813928 1988.4063307840784 0.0 0.0 0.0965508823837596 0.0
HPT out 14.562309661274352 15.943536480649522 1305.5455458888114 14.994896060050875 1283.5317673312356 0.03141123292441723 0.3107355599414165
HPT 0.9203710651335009
duct45 out 14.562309661274352 15.863818798246275 1305.5455474821042 14.000207686264357 1262.4675335051343 0.029815347985521146 0.437904421618452
LPT out 14.562309661274352 2.901189516479877 862.7588863176612 2.7250654967851244 847.7897439384027 0.008640855981514458 0.30480202273481916
LPT  0.9493682356394177
duct5 out 14.562309661274352 2.8721776213150783 862.7588864016486 2.701283052846831 848.1355180634636 0.008561752766748646 0.3012163347869025
core nozzle out 14.562309661274352 2.8721776213150783 862.7588864016486 2.13897 795.1797087152348 0.007232651396543184 0.6668879403127138
duct 17 out 400.99543110806127 3.619781151829379 456.34078628131687
bypass nozzle out 400.99543110806127 3.619781151829379 456.34078628131687 2.13897 392.36262769145816 0.014750438915334079 0.8975219342174074
 
1.051751435629741
HP power balance:  -3102.291552147592 = 2952.298244367797  +  150.0  HP extraction
LP power balance:  -1305.2573334733452 + -1033.1768477356122 = -2338.4341812089574 2338.435986038761
 
converged
CASE #  16
True
--- 0.85 45000.0 ----------------------------------------------------
fan Nc = 0.7500000143066433      burner temperature = 1570.7374071993115    ambient Ps = 2.1389699259745134
2.412450679596433
inlet in 389.0569829196423 3.4478543436296656 447.0280314505722 2.1389699259745134 389.96999627819565 0.020837069135618832 0.0
inlet out 389.0569829196423 3.4409586349424064 447.02803145058095 3.0247019475365784 431.2692234443783 0.018994608808626877 0.4250515616347757
fan out 389.05697513850265 3.497070058844732 449.29034469013544 3.080691664974877 433.78742106199877 0.01922986876098916 0.4203719425654203
duct2 out 9.586763457126064 3.462099358256285 449.29034469018154 3.2561044464400357 441.79065048118997 0.019933986511588956 0.28974409892998415
LPC out 9.586763265390797 9.966378793018546 694.8175365817388 9.373379254833942 683.0757771931793 0.03708913244114462 0.29456977005758406
duct25 out 9.586763265390797 9.816883111123268 694.8175366193738 9.232778566011433 683.0746767426018 0.036532855734767423 0.2945838066485428
HPC out 8.133026483826935 43.81851582050136 1150.8704836538768 39.475646766889355 1120.0303458555995 0.09518991804730886 0.38380825019542514
burner out 8.185279290485855 42.065775187681304 1570.7374071993115 0.0 0.0 0.07200569320092992 0.0
HPT out 9.639016072049717 9.552459141436987 1055.9558349925271 8.984087822521486 1038.599392184737 0.02326228631028236 0.299213037162813
HPT 0.9113873578622556
duct45 out 9.639016072049717 9.504696845729802 1055.9558353579248 8.368780128621038 1020.2005880141921 0.02206327575806264 0.4329304939230969
LPT out 9.639016072049717 2.430287568267438 733.9448539269722 2.285685457955525 721.5006104289916 0.008525715514407938 0.297595043768696
LPT  0.9728415061835809
duct5 out 9.639016072049717 2.4059846925847634 733.9448539467546 2.26282860337597 721.452009236938 0.008441021456935819 0.29818542374505924
core nozzle out 9.639016072049717 2.4059846925847634 733.9448539467546 2.13897 710.0163306957884 0.00810423467413549 0.41591542665264497
duct 17 out 379.4702116813766 3.444614007962061 449.2903446902046
bypass nozzle out 379.4702116813766 3.444614007962061 449.2903446902046 2.13897 392.0720088224792 0.014762425235015492 0.8489656121780985
 
0.6570486355500571
HP power balance:  -1614.4266392702948 = 1464.4289065013604  +  150.0  HP extraction
LP power balance:  -296.4381588500916 + -799.3733665043503 = -1095.811525354442 1095.8081081023017
 
did not converge
CASE #  17
True
--- 0.85 45000.0 ----------------------------------------------------
fan Nc = 0.7218246212005878      burner temperature = 1037.2915307486355    ambient Ps = 2.1389699259745134
2.4701065639491366
inlet in 372.93959536302907 3.4478543436296656 447.0280314505722 2.1389699259745134 389.96999627819565 0.020837069135618832 0.0
inlet out 372.93959536302907 3.4409586349424064 447.02803145058095 3.062986091210812 432.80350869250026 0.01916454696095153 0.4031201192201714
fan out 372.9395879042372 3.3817578245620257 444.4618814698527 2.9968635064803677 429.69987458916887 0.018890322314185425 0.41213287502679774
duct2 out 6.5767620181968605 3.3479402463164054 444.46188146989414 3.1487378016605794 436.9625666368206 0.01950467852078799 0.2913186098125891
LPC out 6.576761886661621 9.6066948840586 722.0529118766277 9.035096538457113 709.4838964086322 0.034402768431493855 0.2996964053443495
duct25 out 6.576761886661621 9.462594460797721 722.0529119327971 8.899570090380257 709.4886866975071 0.0338865076964457 0.2996383000687113
HPC out 5.579461714168253 24.630757693247695 1037.276475613254 21.009326497069452 996.2306197451508 0.05693997980203114 0.46552356652489446
burner out 5.579462941821915 23.645527385517788 1037.2915307486355 0.0 0.0 0.061564364971314824 0.0
HPT out 6.576763114315283 5.7187585167610075 738.7135820184461 5.378492385013727 726.1454527737991 0.020018789713752358 0.296300562444124
HPT 0.8867193764182673
duct45 out 6.576763114315283 5.690164724177203 738.713582036149 5.087783358983621 715.788933965282 0.019207705522580183 0.40299671433401796
LPT out 6.576763114315283 2.3336408774136532 578.9214870907155 2.194789245207541 568.8805888788019 0.010433488010038797 0.29708668194946836
LPT  0.9686888807948667
duct5 out 6.576763114315283 2.310304468639517 578.921487092343 2.1728413527554653 568.8349277027811 0.010329964738134677 0.2977732061488878
core nozzle out 6.576763114315283 2.310304468639517 578.921487092343 2.13897 566.2494455094477 0.010214175485280388 0.334513065422012
duct 17 out 366.36282588604035 3.3310314571935953 444.46188146991483
bypass nozzle out 366.36282588604035 3.3310314571935953 444.46188146991483 2.13897 391.4252621111285 0.014789099734377451 0.8180005118360418
 
0.4909249842696816
HP power balance:  -762.0459732157483 = 615.1969213515265  +  150.0  HP extraction
LP power balance:  322.32106273940724 + -620.4877189595129 = -298.16665622010566 358.831407394429
 
running back to full power
converged
converged
CASE #  20
True
--- 0.8 45000.0 ----------------------------------------------------
fan Nc = 0.9999994760810829      burner temperature = 3066.2291705406938    ambient Ps = 2.1389786166433766
2.010455835018384
inlet in 484.5846083289307 3.2689358632357637 440.51560925079514 2.1389786166433766 389.97043322187005 0.020075050037263346 0.0
inlet out 484.5846083289307 3.262397991509292 440.51560925080264 2.513668199605512 408.6524024522861 0.016638018506666907 0.620756201015318
fan out 484.5845986372385 4.233499610060326 476.0933304898024 3.692396569539394 457.46178273549333 0.02181981907393458 0.4494520399960145
duct2 out 26.78400445513555 4.191164613959723 476.0933304899652 3.662305245660171 457.70258835492126 0.021631416708118974 0.4464217669831924
LPC out 26.78400391945546 12.651537909332363 663.6260706820138 10.436322968519892 635.5508748663216 0.04438683965075908 0.4715072135797977
duct25 out 26.78400391945546 12.461764840692378 663.626070706966 10.185883923307559 634.8085121275963 0.043374034836287954 0.4779649528675562
HPC out 22.722477565109234 173.21384478007377 1507.5614452083362 162.51475314011606 1483.7290965423033 0.2957560660812399 0.30230925328947045
burner out 23.32769656913677 166.28529098887083 3066.2291705406938 0.0 0.0 0.1457119957275028 0.0
HPT out 27.389222923482997 37.659996757240336 2066.121343666836 35.41922695018454 2035.0778921664253 0.04677224857852615 0.3144238125485436
HPT 0.9219333652175559
duct45 out 27.389222923482997 37.471696773454134 2066.1213485686894 32.94429482831616 2003.7251810794635 0.04418094966827681 0.44881014421047755
LPT out 27.389222923482997 6.216274691642378 1379.6490051225144 5.736560419968363 1351.5871228630544 0.011405109620691946 0.34883754134814965
LPT  0.9393847429245555
duct5 out 27.389222923482997 6.154111944725955 1379.6490070067691 5.78794228401476 1358.2245783919732 0.011452645895691324 0.3041040756640352
core nozzle out 27.389222923482997 6.154111944725955 1379.6490070067691 3.297045334233013 1174.8604825689474 0.007544136180841439 1.0
duct 17 out 457.80059418210294 4.169997115909421 476.0933304900474
bypass nozzle out 457.80059418210294 4.169997115909421 476.0933304900474 2.204129612677713 396.0015066130975 0.01504512837339438 1.0
 
1.6942334873787253
HP power balance:  -8505.509838472612 = 8355.688169741989  +  150.0  HP extraction
LP power balance:  -5817.5925275282 + -1705.3875726474125 = -7522.980100175612 7522.789170747136
 
converged
CASE #  21
True
--- 0.8 45000.0 ----------------------------------------------------
fan Nc = 0.949999438852645      burner temperature = 2877.5160722046794    ambient Ps = 2.1389786166433766
2.0071219430936553
inlet in 470.654796178315 3.2689358632357637 440.51560925079514 2.1389786166433766 389.97043322187005 0.020075050037263346 0.0
inlet out 470.654796178315 3.262397991509292 440.51560925080264 2.5716764780203767 411.4330987892172 0.0169147300104587 0.5910606937443394
fan out 470.6547867652191 4.105563565453143 470.8470126417204 3.591998844536751 452.6338079409293 0.021434596959004917 0.4467180675122706
duct2 out 24.49888295632259 4.064507929798611 470.8470126418592 3.6264754543220197 455.3065664769517 0.02152403849949945 0.4114395646518313
LPC out 24.49888246634493 12.157543936265956 656.1361947702852 10.209813423337295 631.8661813469761 0.04368386880730341 0.4394751255468047
duct25 out 24.49888246634493 11.975180777221967 656.1361947909684 10.030099207488675 631.5172033340119 0.04293916909075849 0.44274107320020567
HPC out 20.783871929148383 153.13830401446788 1454.9384631042456 144.02657492560704 1429.90097169914 0.27198880266749625 0.31414364169259745
burner out 21.282195713500666 147.01277185388915 2877.5160722046794 0.0 0.0 0.13728596019003836 0.0
HPT out 24.997206250697214 33.1566703530308 1927.8493964835043 31.11574173647169 1900.904793934809 0.043986803174135065 0.3001120506840729
HPT 0.9225079047364649
duct45 out 24.997206250697214 32.99088700126564 1927.8494039379739 28.90732318544751 1868.216875783838 0.04158622314662346 0.4496019632745974
LPT out 24.997206250697214 5.456318795272798 1281.251831251801 5.033014183440741 1254.6460717316133 0.010781029440643958 0.3485901238046709
LPT  0.9346535168614196
duct5 out 24.997206250697214 5.40175560732007 1281.2518325259593 5.080351148684525 1261.0333390577355 0.010828767965837201 0.3031541366143206
core nozzle out 24.997206250697214 5.40175560732007 1281.2518325259593 2.888368440379799 1087.7099669551308 0.007138561292144325 1.0
duct 17 out 446.1559038088965 4.043980111971345 470.8470126419287
bypass nozzle out 446.1559038088965 4.043980111971345 470.8470126419287 2.13897 391.89202015738437 0.014769848709225673 0.9978831685889507
 
1.6462511864231755
HP power balance:  -7338.14982045869 = 7188.10620586547  +  150.0  HP extraction
LP power balance:  -4816.577773941908 + -1540.572780795398 = -6357.150554737306 6357.176098486664
 
converged
CASE #  22
True
--- 0.8 45000.0 ----------------------------------------------------
fan Nc = 0.8999993291788426      burner temperature = 2637.261055974485    ambient Ps = 2.1389786166433766
2.0386554253321925
inlet in 451.3807660369618 3.2689358632357637 440.51560925079514 2.1389786166433766 389.97043322187005 0.020075050037263346 0.0
inlet out 451.3807660369618 3.262397991509292 440.51560925080264 2.6438049852756578 414.8114066213263 0.017255192396679817 0.5534234094371322
fan out 451.3807570093465 3.937090307996677 464.8840167034539 3.4483379141690707 447.14474945437235 0.02083395543139249 0.44344722960929644
duct2 out 21.604915825481164 3.8977194049167103 464.8840167035644 3.558847935949844 452.4768650559743 0.021243476188564054 0.3687660686760395
LPC out 21.604915393382846 11.575802519924613 651.1822140754734 10.004001491996473 631.3405013097828 0.042839679856510535 0.39739789996585906
duct25 out 21.604915393382846 11.402165482125744 651.1822140930919 9.893662377392186 631.4929792777926 0.04235673766179995 0.3958212994040588
HPC out 18.32874602313027 129.0050858834469 1381.7489874010366 120.89743619892123 1357.927757228217 0.24038244138399714 0.31273499205546723
burner out 18.709549170899372 123.84488244810902 2637.261055974485 0.0 0.0 0.12619664942635528 0.0
HPT out 21.985718541151947 27.879111997209126 1764.2708763141427 26.22030483337518 1735.64717510072 0.0406046226605482 0.3192559299773158
HPT 0.922330537367547
duct45 out 21.985718541151947 27.73971643722308 1764.2708830583044 24.556793918677926 1709.6489049619152 0.03860522115808513 0.4438791223458585
LPT out 21.985718541151947 4.565686607801859 1164.5446569163669 4.208450205141296 1139.7794840794588 0.009925791104018075 0.34823707980866353
LPT  0.931436919980662
duct5 out 21.985718541151947 4.520029741723841 1164.5446576399775 4.2510879720912715 1145.751075963702 0.009972424733028222 0.3027887676170913
core nozzle out 21.985718541151947 4.520029741723841 1164.5446576399775 2.4101561986722007 985.0886359159487 0.006578595906693523 1.0
duct 17 out 429.77584118386534 3.8780339533767267 464.88401670362026
bypass nozzle out 429.77584118386534 3.8780339533767267 464.88401670362026 2.13897 391.68961347821596 0.014778196794711967 0.960948290437635
 
1.632008214052886
HP power balance:  -5892.120684775148 = 5742.072935671728  +  150.0  HP extraction
LP power balance:  -3710.4580206861797 + -1365.5100597109324 = -5075.968080397112 5075.812894366986
 
did not converge
CASE #  23
True
--- 0.8 45000.0 ----------------------------------------------------
fan Nc = 0.8499994806571723      burner temperature = 2328.9035620050695    ambient Ps = 2.1389786166433766
2.138125323231252
inlet in 422.6353084703736 3.2689358632357637 440.51560925079514 2.1389786166433766 389.97043322187005 0.020075050037263346 0.0
inlet out 422.6353084703736 3.262397991509292 440.51560925080264 2.7377933025443704 419.083384925481 0.017693216092700727 0.5027860797611615
fan out 422.6353000176674 3.7101164955315338 457.415343916177 3.250001104241113 440.4569076092173 0.019961629889414762 0.43659933319154154
duct2 out 17.538082858936374 3.6730153305762183 457.41534391625476 3.4453371045029035 448.82566486333263 0.020728971196438725 0.30801293594244994
LPC out 17.538082508174714 10.897260364065367 655.2407965913533 9.8784070476275 641.1663536867467 0.04162999380575746 0.33233904796424557
duct25 out 17.538082508174714 10.733801458604386 655.2407966095394 9.789616515240711 641.5617819748549 0.0412290140246272 0.3275437808119033
HPC out 14.878607676635102 98.15551686094463 1311.3977859190893 91.29709702131085 1286.457288459236 0.1916368863384811 0.3266356995360074
burner out 15.123713637069862 94.22929618650684 2328.9035620050695 0.0 0.0 0.10874780306642019 0.0
HPT out 17.783188468609474 21.132025379492372 1547.3284894362105 19.84681100447265 1524.5844480367687 0.034995859725614586 0.2971890322440672
HPT 0.9220883402518442
duct45 out 17.783188468609474 21.02636525259491 1547.32849285061 18.819352052168792 1499.0403151782737 0.033741272441785666 0.4364358154035889
LPT out 17.783188468609474 3.4895581625787346 1007.9055801124105 3.224674111444008 986.7219935249873 0.00878768406556574 0.34050037776063324
LPT  0.9345371604450439
duct5 out 17.783188468609474 3.4546625809529474 1007.9055803836824 3.2491101573862466 991.3745930006982 0.008811509837162206 0.3002048214437942
core nozzle out 17.783188468609474 3.4546625809529474 1007.9055803836824 2.13897 884.9944089777717 0.006500140352336943 0.8619822788544586
duct 17 out 405.09721715873104 3.654464748098561 457.41534391629375
bypass nozzle out 405.09721715873104 3.654464748098561 457.41534391629375 2.13897 392.1877717453751 0.014757650695062323 0.9064604518765512
 
1.4166993847829705
HP power balance:  -4279.327460993833 = 4129.394614367644  +  150.0  HP extraction
LP power balance:  -2408.291315627484 + -1177.0307552037393 = -3585.3220708312233 3584.845545479228
 
running back to full power
did not converge
did not converge
CASE #  26
True
--- 0.75 45000.0 ----------------------------------------------------
fan Nc = 1.000010760448714      burner temperature = 3017.26111563042    ambient Ps = 2.138968841842509
2.0078678206166107
inlet in 464.216288076261 3.1091563241934694 434.39787930549585 2.138968841842509 389.9699417709272 0.019379081917902594 0.0
inlet out 464.216288076261 3.1029380115450826 434.39787930550216 2.91831319985815 426.89155230238333 0.018518102396053435 0.2948421775268834
fan out 464.2162787919352 4.028413180122464 469.28696345075815 3.5220445247150467 450.9798081130627 0.021087050252198848 0.4486813471375391
duct2 out 25.748029936602613 3.9881290483212393 469.2869634508885 3.4887281381732858 451.05392272333347 0.020884477428293705 0.44773577261404895
LPC out 25.748029421642016 11.99491701195592 655.4392305873757 9.809033876706444 626.6664431072578 0.042322130840516135 0.48040656526648
duct25 out 25.748029421642016 11.814993256776582 655.4392306074797 9.693443856158938 626.760510303209 0.04181709370898393 0.47958571110208975
HPC out 21.843598240144217 164.95011096599507 1490.2778202515722 154.09597774470168 1466.305189408884 0.2837673917620447 0.3045711087477101
burner out 22.411366873264466 158.35210652735526 3017.26111563042 0.0 0.0 0.14101584016221805 0.0
HPT out 26.31579805476226 35.82621668715114 2027.6411098569756 33.694556794265644 1998.4187389293531 0.04530665701317483 0.3071305242728054
HPT 0.9222896454716317
duct45 out 26.31579805476226 35.64708560371538 2027.6411160707655 33.52608401029431 1998.5620446585476 0.045076813327090695 0.3063693039029062
LPT out 26.31579805476226 5.903463178794312 1351.334173231217 5.439604129758085 1323.523398804467 0.01104764074816756 0.34938206846427017
LPT  0.9397652838657785
duct5 out 26.31579805476226 5.844428547006369 1351.334174901086 5.49668504845949 1330.496149904905 0.011104887701457877 0.3017001912382989
core nozzle out 26.31579805476226 5.844428547006369 1351.334174901086 3.1303227036029346 1149.7561587444875 0.0073158919865153734 1.0
duct 17 out 438.4682488553326 3.967986982420627 469.2869634509543
bypass nozzle out 438.4682488553326 3.967986982420627 469.2869634509543 2.13897 392.70446045456447 0.014736340323626772 0.9817606743354944
 
1.7154846127215433
HP power balance:  -8077.020815476691 = 7928.962104386335  +  150.0  HP extraction
LP power balance:  -5462.631340690921 + -1626.5533756953978 = -7089.1847163863185 7088.631559967648
 
running back to full power
did not converge
did not converge
CASE #  29
True
--- 0.7 45000.0 ----------------------------------------------------
fan Nc = 1.0066639665236656      burner temperature = 3013.922822405723    ambient Ps = 2.1389701355880413
2.0078678206166107
inlet in 464.216288076261 2.967174833299547 428.67484161468553 2.1389701355880413 389.97000681700524 0.018748797341181875 0.0
inlet out 464.216288076261 2.961240483632948 428.6748416146909 2.771831819979275 420.59637049484746 0.017850298060322015 0.3081331443256164
fan out 464.2162787919352 3.870911687230075 463.88405008584107 3.330361849976798 444.0656862653333 0.020274963082775477 0.4702368980224568
duct2 out 25.748029936602613 3.8322025703577745 463.88405008594685 3.298860851724722 444.143961242106 0.020079315077605128 0.46926806326847675
LPC out 25.748029421642016 11.58450081101058 650.5063402198023 9.438684791355186 620.2609892064639 0.041142707105574126 0.49489903341031033
duct25 out 25.748029421642016 11.410733298845422 650.5063402371508 9.31836301176902 620.1069008827063 0.04062816980853051 0.49621867580735785
HPC out 21.843598240144217 161.94029940822597 1486.137281339907 150.6630639643273 1461.2301737414225 0.27839468956472824 0.3109543895132206
burner out 22.411366873264466 155.4626874318969 3013.922822405723 0.0 0.0 0.13859516467132874 0.0
HPT out 26.31579805476226 35.17250290408883 2023.963567790133 33.06615846194857 1995.1564099647971 0.044536017668100364 0.30509993692451765
HPT 0.9223409963409518
duct45 out 26.31579805476226 34.996640389568384 2023.9635739800888 32.91434028638906 1995.4796885255682 0.04432420603879384 0.3033662477252341
LPT out 26.31579805476226 5.795743871408926 1348.586270339508 5.32273294204431 1319.6981698789275 0.010841453698574208 0.35651059723192996
LPT  0.9399557317250641
duct5 out 26.31579805476226 5.737786432694837 1348.5862719872969 5.396388139949494 1327.7876150472857 0.010924638006214194 0.30163752965040985
core nozzle out 26.31579805476226 5.737786432694837 1348.5862719872969 3.0725728164936665 1147.334344113115 0.007196730824367334 1.0
duct 17 out 438.4682488553326 3.812848011921624 463.8840500859998
bypass nozzle out 438.4682488553326 3.812848011921624 463.8840500859998 2.13897 392.7265721678421 0.014735428345457631 0.9462441687918078
 
1.7780467976514558
HP power balance:  -8080.949723189219 = 7928.815529034678  +  150.0  HP extraction
LP power balance:  -5510.485307126511 + -1630.116116056826 = -7140.601423183337 7076.335343422871
 
running back to full power
did not converge
did not converge
CASE #  32
True
--- 0.6 40000.0 ----------------------------------------------------
fan Nc = 1.0189339155285286      burner temperature = 3013.3577278630146    ambient Ps = 2.72001743920006
2.0078678206166107
inlet in 464.216288076261 3.4697417852766943 418.41284299619997 2.72001743920006 389.96950629801927 0.022458386630201502 0.0
inlet out 464.216288076261 3.462802301706141 418.4128429962041 3.2567655647546254 410.91310858585325 0.0214461754414302 0.30033875255314635
fan out 464.2162787919352 4.58360930848715 454.20090699376266 4.253915023029728 444.6397605826916 0.025860852850967536 0.3262966062455541
duct2 out 25.748029936602613 4.537773215402278 454.2009069938346 4.208660770267521 444.5695713073584 0.025590168625421218 0.327516356788858
LPC out 25.748029421642016 13.844745378646547 634.763216406943 12.432561641416717 617.4824824074938 0.054431958707499464 0.37490007169030004
duct25 out 25.748029421642016 13.637074197966848 634.7632164236853 12.201331907010747 617.1941990397945 0.05344394106214089 0.3781011142743669
HPC out 21.843598240144217 199.19320075264835 1485.3772875981851 187.34120530786575 1459.2007955622066 0.34664034487489837 0.3189874222889081
burner out 22.411366873264466 191.2254727225424 3013.3577278630146 0.0 0.0 0.17050992133993165 0.0
HPT out 26.31579805476226 43.26361910870587 2025.0196222029026 40.68943377173787 1997.6476412813688 0.05473379103415547 0.29728104432770175
HPT 0.9223496972795073
duct45 out 26.31579805476226 43.04730101316234 2025.0196298949284 40.48598660287918 1997.7819629911342 0.054456375018585676 0.29654428079206485
LPT out 26.31579805476226 7.129002334238287 1347.8133471360977 6.704826695351109 1327.009795643162 0.013581472062052246 0.30175598469139925
LPT  0.9399009889528739
duct5 out 26.31579805476226 7.057712310895904 1347.8133489565512 6.637778428397598 1327.0039655789494 0.013445716586891523 0.30179889803986193
core nozzle out 26.31579805476226 7.057712310895904 1347.8133489565512 3.7791835748521954 1146.6554274132575 0.008857239330786184 1.0
duct 17 out 438.4682488553326 4.514855168859842 454.20090699387055
bypass nozzle out 438.4682488553326 4.514855168859842 454.20090699387055 2.72003 392.771043551833 0.018736035629004416 0.8789788096242983
 
1.913470552414939
HP power balance:  -8219.26609899647 = 7897.734427808745  +  150.0  HP extraction
LP power balance:  -5597.051025496327 + -1576.2059782884648 = -7173.257003784793 7095.534750254969
 
running back to full power
did not converge
did not converge
CASE #  35
True
--- 0.7 40000.0 ----------------------------------------------------
fan Nc = 1.006663966524359      burner temperature = 3021.2156044216217    ambient Ps = 2.720030378544732
2.0078678206166107
inlet in 464.216288076261 3.7735753100727902 428.6748416140944 2.720030378544732 389.9700148786928 0.023844229853377953 0.0
inlet out 464.216288076261 3.766028159452645 428.6748416141005 3.541949483965212 421.1752159821839 0.02277902470915209 0.2966863438153538
fan out 464.2162787919352 4.922924192562864 463.8807577943316 4.630010203105374 455.51928741430476 0.027468451464952182 0.3017277121560502
duct2 out 25.748029936602613 4.873694950637236 463.8807577944509 4.58371010107432 455.5221252116231 0.027193610886785523 0.3016755756520353
LPC out 25.748029421642016 14.73291077208336 645.7517071065889 13.856302581144398 635.0247510258071 0.05898285347764936 0.2913317652275586
duct25 out 25.748029421642016 14.51191711050211 645.7517071273264 13.241105898889554 630.2009328990258 0.056806229064743044 0.3520905792207657
HPC out 21.843598240144217 207.74689176773964 1495.1189789279183 195.38595170755912 1471.6056146042033 0.3585174648287545 0.30113142458705594
burner out 22.411366873264466 199.43701609703004 3021.2156044216217 0.0 0.0 0.17737165617245262 0.0
HPT out 26.31579805476226 45.12143166783032 2029.1842921759594 42.43670648359441 2000.5859358251396 0.05699907818972857 0.3037138302897592
HPT 0.9222289262120057
duct45 out 26.31579805476226 44.89582450949117 2029.184300121018 42.22452295117644 2000.7289360477055 0.0567101252992847 0.302943307673526
LPT out 26.31579805476226 7.435133683011887 1351.2976404334856 6.992743228872679 1330.4549045797073 0.0141277980663556 0.30173689815152765
LPT  0.9396855216692885
duct5 out 26.31579805476226 7.360782346181768 1351.2976423049824 6.9228157965839525 1330.45156298545 0.013986555498509952 0.30176144236009367
core nozzle out 26.31579805476226 7.360782346181768 1351.2976423049824 3.942417981517699 1149.7238746873745 0.00921411408692231 1.0
duct 17 out 438.4682488553326 4.849080329674421 463.8807577945109
bypass nozzle out 438.4682488553326 4.849080329674421 463.8807577945109 2.72003 392.7317951833477 0.018738094137468093 0.9461813508120103
 
1.779906955224443
HP power balance:  -8216.110407522463 = 7946.226397649237  +  150.0  HP extraction
LP power balance:  -5509.969230462374 + -1588.4264819937925 = -7098.395712456167 7105.745963734537
 
running back to full power
did not converge
did not converge
CASE #  38
True
--- 0.75 40000.0 ----------------------------------------------------
fan Nc = 1.0000047581177844      burner temperature = 3026.4870528217803    ambient Ps = 3.381112305290155
2.006216752291597
inlet in 534.216288076261 3.954517316128836 434.39787930477604 3.381112305290155 421.51854424701344 0.02464813828074467 0.0
inlet out 534.216288076261 3.9466082814965784 434.3978793047832 3.7117850887475314 426.90556426637147 0.023552283580805838 0.2945620680923098
fan out 534.2162773919351 5.125137717622095 469.33150852013574 4.782757550247087 459.90981795225866 0.028122714672197336 0.318768772746877
duct2 out 29.525447966216483 5.073886340445874 469.3315085202833 4.712917141133917 459.27594539388593 0.027747893799708538 0.32954224079963096
LPC out 29.52544737570752 15.343134878496999 653.3835305644395 14.430218353226426 641.9719415047732 0.06073196140151526 0.29903038640796864
duct25 out 29.52544737570752 15.112987855319544 653.3835305890141 13.511219185771967 633.5425351138393 0.05765253908733851 0.3967847708948593
HPC out 25.048208535655235 210.0666037975689 1493.6407013996702 197.56764087161352 1470.971352621659 0.3626762185639747 0.295737053832919
burner out 25.702233814011134 201.66393964566612 3026.4870528217803 0.0 0.0 0.1790394525658995 0.0
HPT out 30.17947265406342 45.62349997086452 2033.7229454045969 42.90890172259808 2004.8113474308798 0.05751435010284357 0.30510126482930977
HPT 0.921815944662548
duct45 out 30.17947265406342 45.3953824710102 2033.7229533075636 42.69435721398509 2004.9559138340853 0.05722273300498536 0.30432713246023363
LPT out 30.17947265406342 7.518740152423704 1354.8781924444838 7.071375113354493 1333.9248193146109 0.014249060344522448 0.3023732484518886
LPT  0.9394587693307141
duct5 out 30.17947265406342 7.4435527508994666 1354.8781943498664 7.0006613622209475 1333.9345257728855 0.01410646569425396 0.3023022962296206
core nozzle out 30.17947265406342 7.4435527508994666 1354.8781943498664 3.986908681535823 1152.9095065101558 0.009293149598510044 1.0
duct 17 out 504.6908294257186 5.048260651857763 469.3315085203575
bypass nozzle out 504.6908294257186 5.048260651857763 469.3315085203575 2.72003 392.70353798902175 0.018739576178019704 0.9820538199636607
 
1.7171586584478318
HP power balance:  -9323.008124705244 = 9124.924755026286  +  150.0  HP extraction
LP power balance:  -6294.386735813422 + -1843.990625171382 = -8138.377360984804 8165.429927737551
 
running back to full power
did not converge
did not converge
CASE #  41
True
--- 0.8 40000.0 ----------------------------------------------------
fan Nc = 0.9930366189158165      burner temperature = 3025.652151345256    ambient Ps = 2.7200424836601247
2.006216752291597
inlet in 534.216288076261 4.157460451528203 440.51560924993237 2.7200424836601247 389.970490670002 0.02553161948853674 0.0
inlet out 534.216288076261 4.149145530625146 440.5156092499408 3.9022713715529505 433.0260837293469 0.024402776461886908 0.29243686819098846
fan out 534.2162773919351 5.3650588877321725 475.4221500365583 5.031292967260943 466.6686336189215 0.029176114788473925 0.3050465544758314
duct2 out 29.525447966216483 5.31140829885485 475.42215003673846 4.995379505072987 467.06358587235945 0.028944184177282815 0.29796059215183057
LPC out 29.52544737570752 15.988539115190664 661.3313167488182 15.037221037836819 648.8852814357311 0.06256705728007378 0.31096972094185177
duct25 out 29.52544737570752 15.748711028462804 661.3313167790241 14.811662722269267 649.0598990458332 0.06161064896374295 0.3087464297867167
HPC out 25.048208535655235 211.40412502152873 1492.6023395582947 198.82557958274776 1470.4196409910312 0.3651215732201485 0.29259680003029237
burner out 25.702233814011134 202.94796002066758 3025.652151345256 0.0 0.0 0.18022920779061996 0.0
HPT out 30.17947265406342 45.91399069342206 2033.9026728245221 43.18210824716345 2004.8069902708423 0.05788067499983702 0.30607135007955766
HPT 0.9218286762589264
duct45 out 30.17947265406342 45.684420739954945 2033.9026807743905 42.96619770592763 2004.9524771503698 0.05758717460181283 0.3052946897181958
LPT out 30.17947265406342 7.566612943003004 1354.9858895753912 7.116399472894325 1334.033765342199 0.014338598896768832 0.3023579593535546
LPT  0.9394495174243972
duct5 out 30.17947265406342 7.4909468135729735 1354.9858914857032 7.045235478165381 1351.4717339718418 0.01474552120609752 0.12339485534785943
core nozzle out 30.17947265406342 7.4909468135729735 1354.9858914857032 4.012357416841601 1153.0052915907486 0.009351720129306369 1.0
duct 17 out 504.6908294257186 5.28458300441619 475.42215003682907
bypass nozzle out 504.6908294257186 5.28458300441619 475.42215003682907 2.7926262115461693 395.43994019233463 0.01909237591063238 1.0
 
1.680604430619541
HP power balance:  -9226.134375680305 = 9119.914499900979  +  150.0  HP extraction
LP power balance:  -6292.36224529522 + -1863.4740459332652 = -8155.836291228486 8166.421465856559
 
running back to full power
did not converge
did not converge
CASE #  44
True
--- 0.85 40000.0 ----------------------------------------------------
fan Nc = 0.9857766710834558      burner temperature = 3023.9392669632566    ambient Ps = 2.720029971387579
2.006216752291597
inlet in 534.216288076261 4.384830928392375 447.0280314495497 2.720029971387579 389.9699988753894 0.026499676638596873 0.0
inlet out 534.216288076261 4.376061266535591 447.0280314495596 4.115685621176723 439.5316507140641 0.02533580767402976 0.2904168090559112
fan out 534.2162773919351 5.633103657496839 481.919099677447 5.297933989875777 473.56357523840325 0.030284079115371298 0.29587547372987
duct2 out 29.525447966216483 5.576772620921871 481.91909967766395 5.24495464997702 473.5571464783329 0.029981642873864078 0.2959912641780126
LPC out 29.52544737570752 16.70945837006949 670.2743435062207 15.715245597050355 657.1780440348888 0.06459766336150391 0.31705437066130226
duct25 out 29.52544737570752 16.458816494518448 670.2743435431954 15.479516913094601 657.3744885566277 0.06361065696593063 0.3146213101521415
HPC out 25.048208535655235 212.28513642428416 1490.47477976889 199.65417080703924 1468.6126319441455 0.367090969672862 0.29064205688793565
burner out 25.702233814011134 203.7937309673128 3023.9392669632566 0.0 0.0 0.18108284701678284 0.0
HPT out 30.17947265406342 46.105333929240146 2033.3867255789448 43.36206656045036 2004.169788554608 0.0581399971490373 0.30675476419905656
HPT 0.9218548129133665
duct45 out 30.17947265406342 45.87480725959394 2033.3867335717957 43.145256227648105 2004.315881753789 0.057845165922764195 0.30597632216198417
LPT out 30.17947265406342 7.598146255242505 1354.5712844429104 7.146056553055575 1333.6217673036547 0.014402861756895646 0.3023626176028462
LPT  0.9394760803489088
duct5 out 30.17947265406342 7.52216479269008 1354.5712863564067 7.07459598752502 1333.6281688450047 0.014258763792042486 0.12344458019323798
core nozzle out 30.17947265406342 7.52216479269008 1354.5712863564067 4.029174470334545 1152.641864344302 0.009393767369725867 1.0
duct 17 out 504.6908294257186 5.548607102634387 481.919099677773
bypass nozzle out 504.6908294257186 5.548607102634387 481.919099677773 2.9372653226229417 400.87411719683024 0.019784457543400635 1.0
 
1.6690102155402131
HP power balance:  -9105.98049822683 = 9113.664167841891  +  150.0  HP extraction
LP power balance:  -6292.617789396118 + -1888.9502771938521 = -8181.56806658997 8164.794534353209
 
running back to full power
did not converge
did not converge
CASE #  47
True
--- 0.9 40000.0 ----------------------------------------------------
fan Nc = 0.9782590896736219      burner temperature = 3021.334807980568    ambient Ps = 2.7200271722441056
2.006216752291597
inlet in 534.216288076261 4.624077836148092 453.9249405808834 2.7200271722441056 389.9698888551133 0.027521709166847656 0.0
inlet out 534.216288076261 4.614829680475796 453.92494058089756 4.340247314487486 446.0184036286847 0.026295954722719884 0.296289867937053
fan out 534.2162773919351 5.912756778588294 488.3575444717216 5.56094775026229 479.9946733601375 0.03135844123635637 0.29403612631404236
duct2 out 29.525447966216483 5.853629210802411 488.3575444719769 5.505338272759667 480.0016063157476 0.031044398887448796 0.29391211994110944
LPC out 29.52544737570752 17.459589613448586 680.3634473598888 16.420744031448393 666.679220836695 0.06657197675768578 0.32181739354861444
duct25 out 29.52544737570752 17.197695769246856 680.3634474048968 16.174432870976666 666.8844842715741 0.0655536994456486 0.3193463893486622
HPC out 25.048208535655235 211.83193176049167 1487.2407527079977 199.2279318207424 1465.2137069820803 0.3671477292481665 0.29205232106454443
burner out 25.702233814011134 203.35865449007198 3021.334807980568 0.0 0.0 0.18085182465567112 0.0
HPT out 30.17947265406342 46.006904276018076 2031.976081880778 43.269493471595 2002.8215202422616 0.05805410897682627 0.30652510664789534
HPT 0.9218945965583066
duct45 out 30.17947265406342 45.776869754637985 2031.9760898834438 43.05314600423703 2002.9673015721025 0.05775972481090504 0.30574726250108786
LPT out 30.17947265406342 7.58192507566745 1353.5016551672059 7.130800533665237 1332.5890336639804 0.014383388579439244 0.30215381851827383
LPT  0.9395487572886524
duct5 out 30.17947265406342 7.506105824910776 1353.501657068264 7.059492528328585 1332.5852222470173 0.014239595883620467 0.3021817378835273
core nozzle out 30.17947265406342 7.506105824910776 1353.501657068264 4.020524149956634 1151.7002695088206 0.00938097102821923 1.0
duct 17 out 504.6908294257186 5.82406542690947 488.3575444721048
bypass nozzle out 504.6908294257186 5.82406542690947 488.3575444721048 3.073009860740695 406.2503411758423 0.020451015187226914 1.0
 
1.657382850793289
HP power balance:  -8960.736169423817 = 9108.622132543658  +  150.0  HP extraction
LP power balance:  -6211.305645176395 + -1926.575672937248 = -8137.881318113643 8159.60686615149
 
running back to full power
did not converge
did not converge
CASE #  50
True
--- 0.9 36089.0 ----------------------------------------------------
fan Nc = 0.9968731913739702      burner temperature = 3160.245485520574    ambient Ps = 3.282843590458466
1.9964675299366272
inlet in 774.216288076261 5.579763829660728 454.26017402409616 3.282843590458466 390.25976087101174 0.03318734419159266 0.0
inlet out 774.216288076261 5.568604302001407 454.2601740241121 5.237272346032323 446.32232258292726 0.03170682664424413 0.296791378195774
fan out 774.2162725919352 7.229779962439419 490.8877260819427 6.665823589426688 479.819182711641 0.0376029220735712 0.33833491275126193
duct2 out 42.86003163815051 7.1574821628150245 490.88772608223894 6.73161197412753 482.5279785719734 0.0377552690642748 0.29321644704774474
LPC out 42.86003078094988 21.549979188201977 692.3191939632817 19.870897669655207 678.0941064444573 0.07921363293971398 0.32539336178387496
duct25 out 42.86003078094988 21.226729500378948 692.3191940131355 19.793062132479584 679.5672881914836 0.0787303493464623 0.3077558652789334
HPC out 36.36073571332664 291.9004786351493 1549.475942135118 274.5324001563579 1524.4922917623112 0.4862629916308898 0.3062774206656364
burner out 37.36973575514812 280.2244594897433 3160.245485520574 0.0 0.0 0.2382370870668283 0.0
HPT out 43.86903082277136 63.48422239490399 2134.5570247628275 59.706911162407195 2105.1466932051057 0.0762131384733742 0.30245332240023026
HPT 0.9223934468497549
duct45 out 43.86903082277136 63.16680128292947 2134.557031385175 59.40837660659516 2104.8749062138263 0.07584168154647232 0.3038663110495965
LPT out 43.86903082277136 10.617868548197627 1427.751544419018 9.930180461982493 1408.861582982774 0.018942248514595132 0.28192802746942697
LPT  0.9395062804247364
duct5 out 43.86903082277136 10.51168986271565 1427.7515468265342 9.886244315884069 1409.8947649416373 0.018844918415851068 0.27401564026711195
core nozzle out 43.86903082277136 10.51168986271565 1427.7515468265342 5.573337438543371 1217.624805855297 0.01230358624983153 1.0
duct 17 out 731.3562409537847 7.121333263002827 490.8877260823875
bypass nozzle out 731.3562409537847 7.121333263002827 490.8877260823875 3.752670576065907 408.36314794943166 0.0248552784526499 1.0
 
1.696630914885585
HP power balance:  -13877.860194792738 = 13829.503065777797  +  150.0  HP extraction
LP power balance:  -9575.602440149045 + -2935.201795105591 = -12510.804235254636 12503.79958821648
 
running back to full power
did not converge
did not converge
CASE #  53
True
--- 0.85 36089.0 ----------------------------------------------------
fan Nc = 1.0045328343630242      burner temperature = 3156.9348564988977    ambient Ps = 3.282841312931896
1.9964675299366275
inlet in 774.216288076261 5.292359447044564 447.3590454246848 3.282841312931896 390.259685127269 0.03195804215121 0.0
inlet out 774.216288076261 5.281774728150475 447.35904542469575 4.9600371445108555 439.67486081749985 0.030522910241245316 0.293984697173541
fan out 774.2162725919352 6.902505301572512 484.6854753372243 6.323757427585491 472.74880232211206 0.036209714593256774 0.35394345932095506
duct2 out 42.86003163815051 6.833480248556787 484.68547533748 6.426888173767658 476.3257233863981 0.036524427399704386 0.29509971729775053
LPC out 42.86003078094988 20.67913490074691 685.6425000946256 19.332996165382173 671.0628480058018 0.07787583804918075 0.3311128811379869
duct25 out 42.86003078094988 20.368947877235705 685.6425001386259 19.15699547854018 671.1419817952358 0.07715789003797136 0.33019396236740167
HPC out 36.36073571332664 287.97881897388515 1545.327621714509 270.84407924493894 1520.6796186085162 0.48092905185197626 0.30456937106246285
burner out 37.36973575514812 276.4596662149297 3156.9348564988977 0.0 0.0 0.23528041222436388 0.0
HPT out 43.86903082277136 62.631316927749886 2131.883795677552 58.90475357054876 2101.7431608121765 0.07530853285319364 0.3064211507694437
HPT 0.9224419471935241
duct45 out 43.86903082277136 62.31816034311114 2131.883802342349 58.61022980269602 2101.474949845424 0.07494134512636912 0.3078002090806695
LPT out 43.86903082277136 10.475218330668804 1426.7791190103915 9.82277639363369 1407.5098588677463 0.018754945408898726 0.2848723425364965
LPT  0.9396358118428333
duct5 out 43.86903082277136 10.370466147362116 1426.7791213775272 9.753423411594069 1407.55273846232 0.01862197392820142 0.28455116209083814
core nozzle out 43.86903082277136 10.370466147362116 1426.7791213775272 5.519468769743769 1216.7698102659404 0.012193120329833836 1.0
duct 17 out 731.3562409537847 6.798967722048925 484.68547533760795
bypass nozzle out 731.3562409537847 6.798967722048925 484.68547533760795 3.5938725601942947 403.1840668940703 0.024082646417995013 1.0
 
1.7068242736242192
HP power balance:  -13910.840551075442 = 13808.842827608953  +  150.0  HP extraction
LP power balance:  -9756.520706520152 + -2927.1551277081458 = -12683.675834228297 12471.391168139393
 
running back to full power
converged
did not converge
CASE #  56
True
--- 0.8 36089.0 ----------------------------------------------------
fan Nc = 1.007365101340718      burner temperature = 3137.437176235057    ambient Ps = 3.2828416880400915
2.008883307958986
inlet in 778.5000560231605 5.01762663785753 440.84182302989313 3.2828416880400915 390.25969760224893 0.030789487672570493 0.0
inlet out 778.5000560231605 5.007591384581815 440.84182302990246 4.673235773130495 432.3920707599034 0.02926842238545615 0.3108438656487537
fan out 778.5000404531594 6.549481617691736 477.5707349330231 5.945422217522923 464.38311551480615 0.03464011716900074 0.3753301973457829
duct2 out 43.21096282174408 6.483986801514819 477.5707349332337 6.098189586824687 469.21283708126435 0.03517682657846175 0.29727239738578026
LPC out 43.21096195752482 19.54635081862837 673.5673975069535 18.34444069238596 657.7351981335647 0.07534435504078707 0.3484571563883446
duct25 out 43.21096195752482 19.253155556348943 673.5673975525345 18.10759280074618 658.4775943874204 0.07429181519234049 0.34000087496697634
HPC out 36.658451686285765 276.6348947418776 1538.547169151869 259.05509989945136 1513.2589469020459 0.4622277291064535 0.3092058949307808
burner out 37.666173807900634 265.5694989522025 3137.437176235057 0.0 0.0 0.22742312999109648 0.0
HPT out 44.21868407913969 60.14214274837534 2117.851749302052 56.563685254847 2085.8460643699095 0.07287427235587648 0.3165181373216338
HPT 0.9224685443933207
duct45 out 44.21868407913969 59.84143203463346 2117.851755889712 56.28086682857277 2085.9470374383427 0.07250635367903203 0.31601243683493085
LPT out 44.21868407913969 9.945123141515353 1416.5050608515821 9.353388314595188 1394.6272532055802 0.01802324024265481 0.3045283010147556
LPT  0.9385470366336949
duct5 out 44.21868407913969 9.845671910100199 1416.5050635045354 9.259854431449238 1394.6274224503056 0.01784300560046626 0.30452712828403883
core nozzle out 44.21868407913969 9.845671910100199 1416.5050635045354 5.281137377172708 1207.6261097999525 0.011753181588308704 1.0
duct 17 out 735.2890776314152 6.45123939342636 477.5707349333397
bypass nozzle out 735.2890776314152 6.45123939342636 477.5707349333397 3.412104087094564 397.23839388948284 0.023209240931231945 1.0
 
1.7134523358456397
HP power balance:  -14097.233144805949 = 13815.624270069684  +  150.0  HP extraction
LP power balance:  -9648.986381764074 + -2876.592825291305 = -12525.57920705538 12483.099519679143
 
running back to full power
did not converge
did not converge
CASE #  59
True
--- 0.75 36089.0 ----------------------------------------------------
fan Nc = 1.014433758936867      burner temperature = 3135.3445089662046    ambient Ps = 3.2828383336832223
2.008883307958986
inlet in 778.5000560231605 4.77255192558818 434.7195838104758 3.2828383336832223 390.2595860463419 0.029723845729415565 0.0
inlet out 778.5000560231605 4.763006821737004 434.71958381048375 4.419522858277048 425.57304095214243 0.028131392591755337 0.3259644251276377
fan out 778.5000404531594 6.274815479677003 471.7658992167272 5.6548996324294905 457.5880632818746 0.033408451447060124 0.3920166522939243
duct2 out 43.21096282174408 6.212067324880233 471.76589921690305 5.842449319049859 463.40312550194113 0.03410885501655407 0.2991986616160437
LPC out 43.21096195752482 18.826930896808733 664.2741915019479 17.535986713598046 647.4631575227942 0.07313657167807415 0.36176254262520463
duct25 out 43.21096195752482 18.5445269333566 664.2741915395209 17.44112758082188 649.758122588856 0.07246388838592495 0.3356550428897876
HPC out 36.658451686285765 270.91107339040866 1535.9422359282976 252.49757709688663 1509.454740641759 0.4516425115013821 0.3168256143494077
burner out 37.666173807900634 260.0746304547923 3135.3445089662046 0.0 0.0 0.22286726715812688 0.0
HPT out 44.21868407913969 58.89774846793777 2114.6595089153607 55.39333243409547 2083.314136993753 0.07145397668644136 0.3133559242329593
HPT 0.9224646480799583
duct45 out 44.21868407913969 58.60325972559808 2114.659515463895 55.11636577192499 2083.46945614802 0.07109136330871024 0.3125691504674032
LPT out 44.21868407913969 9.739349722245496 1414.6094886997273 9.151765130517099 1392.4770205353684 0.017662704890132344 0.30641840640355344
LPT  0.938703853920577
duct5 out 44.21868407913969 9.64195622502304 1414.6094913070135 9.068259829634169 1392.7862660942276 0.01749755461842189 0.30424825320052756
core nozzle out 44.21868407913969 9.64195622502304 1414.6094913070135 5.171962380208217 1205.9546070237566 0.011525698368626424 1.0
duct 17 out 735.2890776314152 6.180693247481848 471.76589921699144
bypass nozzle out 735.2890776314152 6.180693247481848 471.76589921699144 3.2828416999999996 393.08771912822664 0.02259273392938944 0.994662743829299
 
1.730504299879036
HP power balance:  -14197.762508710659 = 13823.316585365854  +  150.0  HP extraction
LP power balance:  -9728.251048366734 + -2824.037280486031 = -12552.288328852765 12456.654766270245
 
running back to full power
did not converge
did not converge
CASE #  62
True
--- 0.7 36089.0 ----------------------------------------------------
fan Nc = 1.0170760899169724      burner temperature = 3099.958725530654    ambient Ps = 3.2828415832031563
2.0118010781171427
inlet in 758.5000560231605 4.554143613609813 428.99232776644817 3.2828415832031563 390.2596941156855 0.02875475140783024 0.0
inlet out 758.5000560231605 4.545035326382593 428.9923277664549 4.211891387761853 419.69211158673926 0.027181245704673913 0.33096622435683554
fan out 758.5000408531592 6.0009242082849905 465.69143380503044 5.568636061121833 455.498283712419 0.03303843834236468 0.3331486030483287
duct2 out 42.09256767638901 5.940914966202141 465.69143380517164 5.587430525713113 457.3339075615651 0.03302689011780964 0.3010633407081307
LPC out 42.09256683453765 18.070874667337975 654.4811375190307 16.704133151098645 637.438180072086 0.07082631573795921 0.36669404015487256
duct25 out 42.09256683453765 17.799811547327906 654.4811375486918 16.740722760261892 641.2028920124745 0.07054521615628956 0.322773962609581
HPC out 35.709649999748365 260.0802531202582 1520.0699089260647 243.0438998601168 1493.4717709501547 0.43937001729173353 0.3188267930197355
burner out 36.676282157261596 249.67704299544786 3099.958725530654 0.0 0.0 0.21639130607837734 0.0
HPT out 43.05919899205088 56.52445610928587 2086.4746863344617 52.95274387070209 2054.796381144397 0.06924887577678336 0.3166367024698326
HPT 0.9225008234940039
duct45 out 43.05919899205088 56.241833828739445 2086.4746941551207 52.89544471592944 2056.7948297622875 0.06910796348787936 0.3063448795115988
LPT out 43.05919899205088 9.325516066916412 1393.4117181023344 8.746585212994853 1371.0322608976837 0.01714752322077786 0.3095602786186958
LPT  0.9390931732040736
duct5 out 43.05919899205088 9.232260906247248 1393.411720503521 8.682941382325536 1371.9945426208849 0.017010871688919082 0.30273238314868955
core nozzle out 43.05919899205088 9.232260906247248 1393.411720503521 4.947436873614567 1187.1072603017994 0.011202407503237465 1.0
duct 17 out 716.4074731767703 5.9109103451607155 465.6914338052423
bypass nozzle out 716.4074731767703 5.9109103451607155 465.6914338052423 3.2828416999999996 393.0930852087851 0.022592394253685356 0.9553687698286238
 
1.7884598496879944
HP power balance:  -13714.587910548948 = 13338.757375021809  +  150.0  HP extraction
LP power balance:  -9385.594996303988 + -2696.3906845885167 = -12081.985680892503 11970.118200542965
 
running back to full power
did not converge
did not converge
CASE #  65
True
--- 0.6 36089.0 ----------------------------------------------------
fan Nc = 1.0185798863404287      burner temperature = 3035.3671250322977    ambient Ps = 3.2828416596520342
1.9785372590749937
inlet in 708.5000560231605 4.187006775061672 418.72276520460974 3.2828416596520342 390.25969665814694 0.027081522923371865 0.0
inlet out 708.5000560231605 4.178632761511548 418.72276520461435 3.8775963991462823 409.5832223293721 0.025611755293066828 0.3320845416973096
fan out 708.5000418531594 5.5554327613482295 455.0227437186988 5.142154162786353 445.0557102702271 0.031228653371563886 0.33302416843472243
duct2 out 39.546796486447995 5.4998784337347475 455.0227437187818 5.17263566692753 447.0026259489995 0.03126273660372862 0.2981350048227018
LPC out 39.54679569551207 16.772231610367836 637.6902050481985 15.39958813263444 620.89332083376 0.06705855412890813 0.3686138980555574
duct25 out 39.54679569551207 16.52064813621232 637.6902050693668 15.537669572107685 625.6616066811854 0.06714701443850458 0.31076369419087924
HPC out 33.549919596244614 240.69039557370982 1484.8668807206884 225.42333362225096 1458.708982262653 0.4172419481987605 0.3189247907764154
burner out 34.43570439702938 231.06277975076142 3035.3671250322977 0.0 0.0 0.20453631203342099 0.0
HPT out 40.432580496296836 52.29398845819062 2041.9491879092168 48.93708329031745 2010.4769904026869 0.06541234003597311 0.3179879141756028
HPT 0.9219907937463985
duct45 out 40.432580496296836 52.03251851589967 2041.9491966695207 48.93658366420364 2012.746968681102 0.06533886962060276 0.30614160565007875
LPT out 40.432580496296836 8.615358924395029 1360.2239305914147 8.078097025065833 1338.0869364943096 0.016226067785609727 0.31066162224639543
LPT  0.9390196334472966
duct5 out 40.432580496296836 8.529205335151078 1360.2239326614329 8.021717617709589 1339.1217019926714 0.01610011238758428 0.30322743957066084
core nozzle out 40.432580496296836 8.529205335151078 1360.2239326614329 4.5689114125295465 1157.6977924173657 0.010607090025007489 1.0
duct 17 out 668.9532453667114 5.472101269928006 455.0227437188237
bypass nozzle out 668.9532453667114 5.472101269928006 455.0227437188237 3.2828416999999996 392.9710347224264 0.022600120113264954 0.8832127032671246
 
1.9123170964914058
HP power balance:  -12574.467081166256 = 12201.705083184866  +  150.0  HP extraction
LP power balance:  -8665.04119409049 + -2449.375764162992 = -11114.416958253481 10998.342033430741
 
running back to full power
did not converge
did not converge
CASE #  68
True
--- 0.5 30000.0 ----------------------------------------------------
fan Nc = 1.0022143938326957      burner temperature = 3030.8573045050534    ambient Ps = 4.364129574620632
1.978537259074994
inlet in 708.5000560231605 5.174669899622468 432.50934330133936 4.364129574620632 411.68498804762015 0.032399797546942256 0.0
inlet out 708.5000560231605 5.1643205598232225 432.5093433013472 4.85704348651374 425.0107422920016 0.030957282461066497 0.29533603167333083
fan out 708.5000418531594 6.753564207392635 468.0547342917481 6.351727137052773 459.69447013377385 0.037364699743285705 0.3003461368966676
duct2 out 39.546796486447995 6.686028565318709 468.05473429191034 6.288209865682245 459.69500905193985 0.03699101208722359 0.3003362819942524
LPC out 39.54679569551207 20.13881399792667 662.2724391886827 18.940554565050032 646.9340316591085 0.07906391141762308 0.34566499922766825
duct25 out 39.54679569551207 19.836731787957767 662.272439226263 18.65644624657428 646.9577069950628 0.07787489539118604 0.3453926259827459
HPC out 33.549919596244614 269.5088332534867 1479.2305368629704 253.47305767490428 1456.7800345625246 0.46976679351508416 0.29564372844666087
burner out 34.43570439702938 258.72847992334727 3030.8573045050534 0.0 0.0 0.2293690034472972 0.0
HPT out 40.432580496296836 58.55527297607584 2039.041098825486 55.07123423399933 2008.7232892038849 0.0736749290357441 0.31223097145020234
HPT 0.9220594880447288
duct45 out 40.432580496296836 58.26249661119546 2039.0411086789886 54.795878062829324 2008.8748885368364 0.07330110985987646 0.3114382532230842
LPT out 40.432580496296836 9.646896488076306 1357.9047991808138 9.072906147035765 1336.8717908143951 0.01824117106430736 0.30285656610850453
LPT  0.9391686294631878
duct5 out 40.432580496296836 9.550427523195543 1357.904801350645 8.982177085565407 1336.872893966696 0.018058744173013522 0.3028485408395191
core nozzle out 40.432580496296836 9.550427523195543 1357.904801350645 5.115768495561874 1155.658790226168 0.0118969728509402 1.0
duct 17 out 668.9532453667114 6.652260744281746 468.054734291992
bypass nozzle out 668.9532453667114 6.652260744281746 468.054734291992 4.36413 414.6675089810921 0.028492571459405133 0.7980676200039415
 
2.0589579999123737
HP power balance:  -12135.984885486447 = 12206.332298097268  +  150.0  HP extraction
LP power balance:  -8493.066625052921 + -2607.0677700622823 = -11100.134395115203 10985.77696278346
 
running back to full power
converged
converged
CASE #  71
True
--- 0.6 30000.0 ----------------------------------------------------
fan Nc = 1.000000191593815      burner temperature = 3141.4369796884193    ambient Ps = 4.364129927268008
1.929746066405641
inlet in 824.4790199804767 5.577475385296925 441.6720543536944 4.364129927268008 411.6849979563641 0.03415542166496212 0.0
inlet out 824.4790199804767 5.566320434526331 441.6720543537045 5.235124368672014 434.17389621009653 0.03264762833610157 0.292221766438239
fan out 824.4790034908962 7.323533874437038 478.8438049410706 6.887783608908033 470.48476483323304 0.039626414402243015 0.2968946300146545
duct2 out 46.43916832461035 7.250298535692667 478.84380494130073 6.818905772818953 470.4850487012216 0.039230127034381605 0.29688950013223286
LPC out 46.439167395826985 21.59630286821372 673.6766297019408 19.783693818887567 657.9448000177513 0.08123105848909537 0.3472965341323925
duct25 out 46.439167395826985 21.272358325190513 673.6766297407075 20.006653004841677 663.3855805142562 0.08150070278407837 0.27975956476357083
HPC out 39.397132051923776 304.3486242942941 1533.9155665875421 286.2398811487836 1508.8105070664456 0.5122115467181574 0.3085087739154469
burner out 40.48572389760518 292.1746793225223 3141.4369796884193 0.0 0.0 0.24988463106515058 0.0
HPT out 47.52775924150839 66.10691462587569 2118.2140984770067 62.17355320563608 2088.3827813306107 0.08000313280731455 0.3054777795964281
HPT 0.9225106362732745
duct45 out 47.52775924150839 65.7763800527463 2118.214106285156 61.862685439607894 2088.530188098104 0.07959742507486757 0.30471393553972154
LPT out 47.52775924150839 11.22702014884946 1417.119298985855 10.42158192242615 1397.292145270149 0.020042025168012886 0.2897893870824574
LPT  0.9386395445165538
duct5 out 47.52775924150839 11.114749947360966 1417.1193014443775 10.453422325492989 1400.7744371410377 0.02005230003617913 0.26292915277443135
core nozzle out 47.52775924150839 11.114749947360966 1417.1193014443775 5.809528436985002 1208.2114005704168 0.012922989728351222 1.0
duct 17 out 778.0398351662858 7.213680866320482 478.84380494141607
bypass nozzle out 778.0398351662858 7.213680866320482 478.84380494141607 4.36413 414.43898823931266 0.028507528173409534 0.8769215215622579
 
1.9136701890243275
HP power balance:  -15063.37482734813 = 14913.412475200597  +  150.0  HP extraction
LP power balance:  -10342.752329001923 + -3073.2678890184015 = -13416.020218020325 13415.850485579514
 
did not converge
CASE #  72
True
--- 0.6 30000.0 ----------------------------------------------------
fan Nc = 1.000000191593815      burner temperature = 3141.4369796884193    ambient Ps = 4.364129927268008
1.9297460664056412
inlet in 824.4790199804767 5.577475385296925 441.6720543536944 4.364129927268008 411.6849979563641 0.03415542166496212 0.0
inlet out 824.4790199804767 5.566320434526331 441.6720543537045 5.235124368672014 434.17389621009653 0.03264762833610157 0.292221766438239
fan out 824.4790034908962 7.323533874437038 478.8438049410706 6.887783608908033 470.48476483323304 0.039626414402243015 0.2968946300146545
duct2 out 46.43916832461035 7.250298535692667 478.84380494130073 6.818905772818953 470.4850487012216 0.039230127034381605 0.29688950013223286
LPC out 46.439167395826985 21.59630286821372 673.6766297019408 19.783693818887567 657.9448000177513 0.08123105848909537 0.3472965341323925
duct25 out 46.439167395826985 21.272358325190513 673.6766297407075 20.006653004841677 663.3855805142562 0.08150070278407837 0.27975956476357083
HPC out 39.397132051923776 304.3486242942941 1533.9155665875421 286.2398811487836 1508.8105070664456 0.5122115467181574 0.3085087739154469
burner out 40.48572389760518 292.1746793225223 3141.4369796884193 0.0 0.0 0.24988463106515058 0.0
HPT out 47.52775924150839 66.10691462587569 2118.2140984770067 62.17355320563608 2088.3827813306107 0.08000313280731455 0.3054777795964281
HPT 0.9225106362732745
duct45 out 47.52775924150839 65.7763800527463 2118.214106285156 61.862685439607894 2088.530188098104 0.07959742507486757 0.30471393553972154
LPT out 47.52775924150839 11.22702014884946 1417.119298985855 10.42158192242615 1397.292145270149 0.020042025168012886 0.2897893870824574
LPT  0.9386395445165538
duct5 out 47.52775924150839 11.114749947360966 1417.1193014443775 10.453422325492989 1400.7744371410377 0.02005230003617913 0.26292915277443135
core nozzle out 47.52775924150839 11.114749947360966 1417.1193014443775 5.809528436985002 1208.2114005704168 0.012922989728351222 1.0
duct 17 out 778.0398351662858 7.213680866320482 478.84380494141607
bypass nozzle out 778.0398351662858 7.213680866320482 478.84380494141607 4.36413 414.43898823931266 0.028507528173409534 0.8769215215622579
 
1.9136701890243275
HP power balance:  -15063.37482734813 = 14913.412475200597  +  150.0  HP extraction
LP power balance:  -10342.752329001923 + -3073.2678890184015 = -13416.020218020325 13415.850485579514
 
running back to full power
converged
did not converge
CASE #  75
True
--- 0.7 30000.0 ----------------------------------------------------
fan Nc = 0.9879692663697559      burner temperature = 3149.9983569666683    ambient Ps = 4.3641279984904955
1.9297280294254269
inlet in 824.47640007135 6.081002450376951 452.4942275746975 4.3641279984904955 411.6849437612537 0.03629745493848786 0.0
inlet out 824.47640007135 6.068840445476197 452.4942275747123 5.707744438970363 444.7416952292592 0.03469040165395856 0.29374040452446126
fan out 824.476383581822 7.928872988604573 489.4310890819125 7.4571050457826 481.0705379755676 0.04195470316046438 0.2936697967394732
duct2 out 46.43957797483559 7.849584258718527 489.43108908221416 7.382533995324774 481.07227672839804 0.04153500211983016 0.2936387325635216
LPC out 46.43957704604403 23.21191936494539 686.1833268453479 21.398319383192778 672.1655865177685 0.08605523079245134 0.32440800846353396
duct25 out 46.43957704604403 22.86374057447121 686.1833268950863 21.503348010290168 675.6685331718679 0.08603070935559248 0.28024973238352613
HPC out 46.43957704604403 317.19130587663415 1544.570528234835 298.3184231769744 1521.2198625510403 0.529527272862725 0.2963966338998484
burner out 40.486093069257414 304.50365364156875 3149.9983569666683 0.0 0.0 0.25971168676665346 0.0
HPT out 47.52819053251953 68.8963746026676 2125.659134670988 64.79704031380888 2094.4401187162707 0.08313398450618989 0.31221492066773693
HPT 0.9223849119820536
duct45 out 47.52819053251953 68.55189272965427 2125.6591424073176 64.47305511223983 2094.5937452837143 0.08271213205493001 0.3114377071014972
LPT out 47.52819053251953 11.700605560039444 1419.5973568944717 10.973137772210228 1401.617831193629 0.021036995452651145 0.2756861619536137
LPT  0.9381269736924193
duct5 out 47.52819053251953 11.583599504439048 1419.5973594796214 10.894375333924925 1402.5630330504382 0.02087236713230279 0.2682571459093741
core nozzle out 47.52819053251953 11.583599504439048 1419.5973594796214 5.999896221708267 1210.3969850955561 0.013322962615491285 1.0
duct 17 out 778.0368056069864 7.809939893775504 489.43108908236536
bypass nozzle out 778.0368056069864 7.809939893775504 489.43108908236536 4.36413 414.2272005220196 0.02852138970865807 0.9479269623405853
 
1.7722832357158727
HP power balance:  -15049.635459583546 = 14952.973590648915  +  150.0  HP extraction
LP power balance:  -10283.338421812234 + -3105.7894320319438 = -13389.127853844177 13517.975366675177
 
running back to full power
did not converge
did not converge
CASE #  78
True
--- 0.75 30000.0 ----------------------------------------------------
fan Nc = 0.981458496595245      burner temperature = 3151.2420494441685    ambient Ps = 4.364129795339914
1.9297280294254269
inlet in 824.47640007135 6.355868951957312 458.5176255638125 4.364129795339914 411.6849942494271 0.03747880664479419 0.0
inlet out 824.47640007135 6.343157214053398 458.5176255638339 5.965739359817221 450.15768294613423 0.035776690885531086 0.3034740912451977
fan out 824.476383581822 8.255677952162143 494.8021202391244 7.7644651140084955 486.4422303003127 0.04318354386641878 0.2920490986394061
duct2 out 46.43957797483559 8.173121172640522 494.80212023946433 7.686820462868411 486.4430408581537 0.0427516336738921 0.2920346992893474
LPC out 46.43957704604403 24.08142301133076 692.9406368730578 22.386203257217556 679.8378851809916 0.08900907953670176 0.3118998882234516
duct25 out 46.43957704604403 23.720201666160797 692.9406369291838 22.308849667024226 682.0319657952147 0.08841111158667662 0.2841406344433121
HPC out 39.39747958278191 319.7390382191115 1546.1273667548926 300.7145654450743 1522.98818413989 0.5331631139007874 0.2948912074247701
burner out 40.486093069257414 306.949476690347 3151.2420494441685 0.0 0.0 0.26169596622827457 0.0
HPT out 47.52819053251953 69.4497615291142 2127.4409913933755 65.3175007181319 2095.940786160598 0.08374055146975792 0.3135444376996411
HPT 0.9223665920184911
duct45 out 47.52819053251953 69.10251272146863 2127.440999095071 64.99091321454124 2096.0956466462676 0.0833155664741886 0.31276474285742883
LPT out 47.52819053251953 11.794586733733645 1420.3262809798275 11.08004716155716 1402.6662791508131 0.02122657878121042 0.27312989054781095
LPT  0.9380049513288867
duct5 out 47.52819053251953 11.676640866396308 1420.3262835925439 10.981880734845728 1403.1551348319474 0.021031410595177574 0.2692791348039763
core nozzle out 47.52819053251953 11.676640866396308 1420.3262835925439 6.038608548102356 1211.0396039150594 0.013401973306310497 1.0
duct 17 out 778.0368056069864 8.13184278287971 494.802120239635
bypass nozzle out 778.0368056069864 8.13184278287971 494.802120239635 4.36413 414.1087924593579 0.02852913953265766 0.9820927649640036
 
1.7112996348207152
HP power balance:  -14964.871350155474 = 14952.31797031588  +  150.0  HP extraction
LP power balance:  -10101.717444410566 + -3128.8224140708166 = -13230.539858481383 13539.891480138129
 
running back to full power
did not converge
did not converge
CASE #  81
True
--- 0.8 30000.0 ----------------------------------------------------
fan Nc = 0.9746390935786858      burner temperature = 3151.927016285733    ambient Ps = 4.364129013920958
1.9297280294254269
inlet in 824.47640007135 6.663347583853451 464.95643031047683 4.364129013920958 411.68497229298714 0.03877716832678322 0.0
inlet out 824.47640007135 6.650020888685744 464.9564303105057 6.254344645808942 456.5961925952176 0.03702432743198059 0.30135294475164826
fan out 824.476383581822 8.620379161777246 500.5938168866362 8.107466601651499 492.17965262879113 0.04453312083317677 0.2913289490078419
duct2 out 46.43957797483559 8.620379161777246 500.5938168866362 8.026391935634983 492.17893555364566 0.04408785867869288 0.2913415702132135
LPC out 46.43957704604403 25.04867614534499 700.4690981446658 23.55827991469696 688.9186771290618 0.09240010390650329 0.290963066676835
duct25 out 46.43957704604403 24.672946003164817 700.4690982083223 23.20490571597651 689.0914715186915 0.0909903129496644 0.2887432627176407
HPC out 39.39747958278191 321.9305881071391 1546.983807952701 302.7757181147643 1523.6860273703119 0.5365721921944858 0.295836744204777
burner out 40.486093069257414 309.05336458285353 3151.927016285733 0.0 0.0 0.26343326063430494 0.0
HPT out 47.52819053251953 69.92578290564181 2128.7895855020265 65.76519882275612 2097.05105846984 0.08426895111461949 0.31467353212213484
HPT 0.922356506882036
duct45 out 47.52819053251953 69.5761539911136 2128.7895931827666 65.43637282864235 2097.206980372062 0.08384123771283235 0.3138916251463885
LPT out 47.52819053251953 11.875428989904856 1420.8106898782837 11.168840965005517 1403.3472124293144 0.02138661877337926 0.27154422646117604
LPT  0.9379127008600905
duct5 out 47.52819053251953 11.756674700005808 1420.8106925134593 11.057152555355461 1403.5218496862508 0.021170196629689022 0.2701673593073389
core nozzle out 47.52819053251953 11.756674700005808 1420.8106925134593 6.071917372781972 1211.4667966924296 0.013471251801982543 1.0
duct 17 out 778.0368056069864 8.491073474350587 500.5938168872233
bypass nozzle out 778.0368056069864 8.491073474350587 500.5938168872233 4.454354694798213 416.46977824373374 0.028961233794657204 1.0
 
1.6762038284075165
HP power balance:  -14854.251293587382 = 14950.366812392309  +  150.0  HP extraction
LP power balance:  -9922.013953898624 + -3157.5005868393737 = -13079.514540737997 13557.71450575358
 
running back to full power
did not converge
did not converge
CASE #  84
True
--- 0.85 30000.0 ----------------------------------------------------
fan Nc = 0.9675336767055575      burner temperature = 3150.9947550138795    ambient Ps = 4.364129983239625
1.9297280294254269
inlet in 824.47640007135 7.006919999299759 471.81064181461284 4.364129983239625 411.68499952906404 0.0402003596212188 0.0
inlet out 824.47640007135 6.992906159301159 471.81064181465 6.5768282428227405 463.44898416430357 0.03839262050185641 0.2991640406838271
fan out 824.476383581822 9.026856293772939 507.3838900131742 8.489758344293447 498.33886670196057 0.04600562347009992 0.30050712139948776
duct2 out 46.43957797483559 8.936587730835209 507.3838900137229 8.404860760850513 498.33963685639606 0.04554548957292184 0.300494126396407
LPC out 46.43957704604403 26.113462494766637 708.7562024933967 24.559711476328022 696.1720101906755 0.0952710087011921 0.3025065255809479
duct25 out 46.43957704604403 25.721760557345135 708.756202570581 24.1913158041831 696.3521498476728 0.09381608867241104 0.3003009397974143
HPC out 39.39747958278191 323.59781050266565 1545.8123590538235 304.34374077775703 1522.3939238164498 0.5398075933339354 0.29671944931434374
burner out 40.486093069257414 310.653898082559 3150.9947550138795 0.0 0.0 0.2648747953263703 0.0
HPT out 47.52819053251953 70.28791634555654 2128.7112490341096 66.10578532299593 2097.0008794047294 0.084707436162706 0.31453635980545314
HPT 0.9223702338757549
duct45 out 47.52819053251953 69.93647676382875 2128.711257063148 65.77525639638094 2096.9694738452026 0.08428518787354553 0.3146937501805278
LPT out 47.52819053251953 11.936929766469351 1420.323064175103 11.226682445364425 1402.7691464736472 0.02150596645483558 0.2722989608290501
LPT  0.9379180570376623
duct5 out 47.52819053251953 11.817560468804658 1420.3230668193203 11.11441562091078 1402.9446881405645 0.021288324292443494 0.27091817807364654
core nozzle out 47.52819053251953 11.817560468804658 1420.3230668193203 6.0972793333950674 1211.0367663134234 0.013532217130675863 1.0
duct 17 out 778.0368056069864 8.891453449366345 507.38389001399804
bypass nozzle out 778.0368056069864 8.891453449366345 507.38389001399804 4.670515017173206 422.1557917656084 0.029968383339952807 1.0
 
1.6646954516176973
HP power balance:  -14693.116852716716 = 14945.910399308294  +  150.0  HP extraction
LP power balance:  -9909.342534605355 + -3182.7470897937233 = -13092.08962439908 13565.120124575993
 
running back to full power
did not converge
did not converge
CASE #  87
True
--- 0.8 25000.0 ----------------------------------------------------
fan Nc = 0.9542636753453284      burner temperature = 3145.269309867616    ambient Ps = 5.453554054213785
1.9297280294254269
inlet in 824.47640007135 8.338163442030448 485.02388735250463 5.453554054213785 429.5160909223036 0.046516166711971375 0.0
inlet out 824.47640007135 8.321487115146386 485.02388735256096 7.826358631795176 476.66362536496626 0.04444598110581677 0.29500516975866226
fan out 824.476383581822 10.657409098361514 518.2235933977022 10.023293257009003 511.313862701594 0.05300281465053231 0.2594009460365971
duct2 out 46.43957797483559 10.550835007377898 518.2235933984281 9.923060324438914 510.90579406969977 0.05251253599208984 0.2670561637383366
LPC out 46.43957704604403 30.61678486015888 728.164121432799 28.795086160979427 714.3325624137873 0.10892460759955999 0.3133419741641113
duct25 out 46.43957704604403 30.157533087256496 728.1641215342007 28.363159868564733 713.4582767424323 0.10741824548983087 0.3232870687559144
HPC out 39.39747958278191 349.8397381129216 1538.6239054304294 329.02427369520274 1513.3063857411776 0.5870545698691969 0.3093809777120621
burner out 40.486093069257414 335.84614858840473 3145.269309867616 0.0 0.0 0.28688145469039666 0.0
HPT out 47.52819053251953 75.98786347978051 2124.8925994554256 71.46658560273357 2095.0525392890904 0.0916636389417964 0.30520743197077993
HPT 0.922454671448969
duct45 out 47.52819053251953 75.60792416238161 2124.892608598558 71.1092526747199 2095.1993461612237 0.09119880447663443 0.3044483569691142
LPT out 47.52819053251953 12.90494634956616 1414.3228800268012 12.137102041766973 1395.4780953213128 0.023372490077103104 0.28259163791629066
LPT  0.9381795134891056
duct5 out 47.52819053251953 12.775896886070498 1414.3228828241877 12.015731021349303 1395.6624637193115 0.023135615664003153 0.281195692573208
core nozzle out 47.52819053251953 12.775896886070498 1414.3228828241877 6.513196347916734 1205.7455783501507 0.014517031213780061 1.0
duct 17 out 778.0368056069864 10.497547961886092 518.223593398791
bypass nozzle out 778.0368056069864 10.497547961886092 518.223593398791 5.4640447434554025 431.2334392818408 0.03431619503161972 1.0
 
1.643834084139917
HP power balance:  -14233.978584963203 = 14937.456840021367  +  150.0  HP extraction
LP power balance:  -9256.818144000856 + -3321.473807393034 = -12578.29195139389 13599.681773046923
 
running back to full power
did not converge
did not converge
CASE #  90
True
--- 0.75 25000.0 ----------------------------------------------------
fan Nc = 0.9609390611022902      burner temperature = 3146.8196902393897    ambient Ps = 5.453547611068086
1.9297280294254269
inlet in 824.47640007135 7.937261076999624 478.3086316433899 5.453547611068086 429.5159464243367 0.04491914351468151 0.0
inlet out 824.47640007135 7.921386554845625 478.308631643437 7.45006405483231 469.9476156325234 0.042909307944566676 0.29709765361597906
fan out 824.476383581822 10.185439708316679 513.4581730055224 9.579406045671835 504.62302016202057 0.05128473093681062 0.2952401271849781
duct2 out 46.43957797483559 10.083585311233511 513.4581730061442 9.483611985215118 504.2420374890512 0.050807351218920674 0.3016510962316916
LPC out 46.43957704604403 29.349870793493682 718.9112725537548 27.603553481280805 704.465118284543 0.10581787827334556 0.3224158990526741
duct25 out 46.43957704604403 28.909622731591277 718.9112726554096 27.189500179061596 704.6818106806547 0.10420031509673344 0.31994046216012967
HPC out 39.39747958278191 347.6673071119932 1540.5628260098567 326.98110233882954 1515.4025223887843 0.582613285835399 0.3082193031275395
burner out 40.486093069257414 333.76061482751345 3146.8196902393897 0.0 0.0 0.28495751816031395 0.0
HPT out 47.52819053251953 75.51599487157654 2125.5396998275037 71.02279317671773 2095.8694596637174 0.09105821304842847 0.3042988311898115
HPT 0.9224317840387456
duct45 out 47.52819053251953 75.13841489721865 2125.539708884087 70.66767921083414 2096.0153548735616 0.09059648638450311 0.30354255839680827
LPT out 47.52819053251953 12.824809354076912 1415.0672903160294 12.061733197509335 1396.315777291392 0.023212987262984573 0.2818539766042914
LPT  0.938135158041434
duct5 out 47.52819053251953 12.696561260536143 1415.0672931035979 11.941115865534242 1396.4990008087236 0.022977746871720862 0.2804639463173879
core nozzle out 47.52819053251953 12.696561260536143 1415.0672931035979 6.477757263818484 1206.4019504738271 0.014430425911439422 1.0
duct 17 out 778.0368056069864 10.032658112691928 513.4581730065076
bypass nozzle out 778.0368056069864 10.032658112691928 513.4581730065076 5.45355 431.2840452145435 0.0342461452300129 0.9717918327469968
 
1.6918860366715862
HP power balance:  -14425.498775742975 = 14941.286902884665  +  150.0  HP extraction
LP power balance:  -9796.019548622115 + -3249.006257059313 = -13045.025805681427 13598.828615190554
 
running back to full power
did not converge
did not converge
CASE #  93
True
--- 0.7 25000.0 ----------------------------------------------------
fan Nc = 0.9673122430907334      burner temperature = 3149.455305900119    ambient Ps = 5.4535577754953355
1.9297280294254269
inlet in 824.47640007135 7.579651203053096 472.02667690496554 5.4535577754953355 429.51617437806334 0.043466608086358875 0.0
inlet out 824.47640007135 7.56449190064699 472.0266769050045 7.114404632558494 463.6679981846863 0.04151205971953084 0.2990407967787118
fan out 824.476383581822 9.763411801909271 507.6002165661269 9.182488799695669 498.5348209168079 0.049737910774082725 0.3007959184675902
duct2 out 46.43957797483559 9.665777683890179 507.6002165667024 9.090663911698712 498.53527550419466 0.049240482085271944 0.3007882582550482
LPC out 46.43957704604403 28.240249772487562 710.6498295186026 26.559954911024548 696.9632247176064 0.10290558998735548 0.3153497634989714
duct25 out 46.43957704604403 27.816646025900248 710.6498296047472 26.16155558735918 697.1580356855283 0.1013317682828712 0.3130608611672025
HPC out 39.39747958278191 347.01518216601625 1543.855256618078 326.36777882713824 1518.742148383777 0.5802549614825695 0.3076132962035967
burner out 40.486093069257414 333.1345748793756 3149.455305900119 0.0 0.0 0.28418133303687376 0.0
HPT out 47.52819053251953 75.37434835184737 2127.027366175275 70.88957462491246 2097.3831244574576 0.09082043996527776 0.3040946078935296
HPT 0.9223929146906975
duct45 out 47.52819053251953 74.99747661008814 2127.0273751465543 70.5351267517879 2097.5287459739816 0.09035992628522686 0.30333977950805835
LPT out 47.52819053251953 12.800753660785917 1416.293833997742 12.039108817969154 1397.5417317762283 0.02314846307126788 0.28180534460165474
LPT  0.9380332628208078
duct5 out 47.52819053251953 12.672746124178058 1416.2938367925037 11.918717729789462 1397.7246116292258 0.02291387957952788 0.28041883645299437
core nozzle out 47.52819053251953 12.672746124178058 1416.2938367925037 6.46715113316214 1207.483557037855 0.014394268594046937 1.0
duct 17 out 778.0368056069864 9.616960624880631 507.6002165669911
bypass nozzle out 778.0368056069864 9.616960624880631 507.6002165669911 5.45355 431.6900923696558 0.0342129352467653 0.9334853679165699
 
1.7612377052398143
HP power balance:  -14625.221445267876 = 14951.281112289294  +  150.0  HP extraction
LP power balance:  -9909.588866692384 + -3209.51158157599 = -13119.100448268375 13605.774021204434
 
running back to full power
converged
converged
CASE #  96
True
--- 0.6 25000.0 ----------------------------------------------------
fan Nc = 0.9999999686180528      burner temperature = 3239.8717381996216    ambient Ps = 5.453549958874664
1.9066163119944393
inlet in 1009.4923684419823 6.978359606140328 460.7624278492072 5.453549958874664 429.5159990776977 0.0409615158564369 0.0
inlet out 1009.4923684419823 6.964402886928048 460.76242784923215 6.550020915155829 452.4019230725951 0.03910427624740781 0.30273788839281124
fan out 1009.4923482521349 9.198937920533384 499.31142643069404 8.651601114261647 490.94947377915776 0.04764966478299024 0.2907553206898555
duct2 out 56.83923320988449 9.10694854132805 499.31142643108154 8.565085103119031 490.9500748641075 0.04717310636617976 0.2907446941686384
LPC out 56.83923207309983 27.406541557905612 703.622685487382 25.775852335210228 690.7808592420757 0.10081306957501598 0.3065257152054486
duct25 out 56.83923207309983 26.995443434537027 703.6226855613526 25.389214550182075 690.9699189994614 0.09927239468657269 0.30422246757466065
HPC out 48.22013092153497 378.69503678169616 1585.482421416211 356.1626820931852 1561.1124163276222 0.6159937032230081 0.30007112608395625
burner out 49.60383405609627 363.5472353104283 3239.8717381996216 0.0 0.0 0.30146874901711046 0.0
HPT out 58.22293520766113 82.41366127976269 2192.462304496212 77.5100484336168 2161.258648797422 0.09637152397049055 0.3086055037668469
HPT 0.9222962521150682
duct45 out 58.22293520766113 82.00159297336388 2192.46231008204 77.12249819144873 2161.096791235774 0.09589675681202231 0.30941590961280674
LPT out 58.22293520766113 14.484051973265228 1469.2492961670357 13.622250880855946 1447.45300436487 0.025288722358542223 0.30018107294683055
LPT  0.9423885878520317
duct5 out 58.22293520766113 14.339211453532576 1469.2492998343696 13.486028372047388 1447.6657096352615 0.02503203826830803 0.29870108333288253
core nozzle out 58.22293520766113 14.339211453532576 1469.2492998343696 7.262537558780039 1254.6280337794685 0.015555575860046824 1.0
duct 17 out 952.6531150422504 9.060953851725383 499.3114264312762
bypass nozzle out 952.6531150422504 9.060953851725383 499.3114264312762 5.45355 432.16913656626 0.03417375494579832 0.8772909540157781
 
1.9067243540325554
HP power balance:  -18987.481450370204 = 18837.380384315322  +  150.0  HP extraction
LP power balance:  -13140.504803572027 + -3950.7217615966115 = -17091.22656516864 17091.337097636286
 
converged
CASE #  97
True
--- 0.6 25000.0 ----------------------------------------------------
fan Nc = 0.9500000280997898      burner temperature = 3064.7072209798457    ambient Ps = 5.453549958874664
1.9120988557199816
inlet in 976.3100832105373 6.978359606140328 460.7624278492072 5.453549958874664 429.5159990776977 0.0409615158564369 0.0
inlet out 976.3100832105373 6.964402886928048 460.76242784923215 6.550020915155829 452.4019230725951 0.03910427624740781 0.30273788839281124
fan out 976.3100636843357 8.926619511837037 494.3303321139833 8.395485650882733 485.9718131355151 0.046740468156739205 0.29216498177269135
duct2 out 52.106251410924585 8.837353316718668 494.33033211433394 8.311530794373905 485.97160608362645 0.04627308412246014 0.2921686620090052
LPC out 52.10625036879955 26.277365826028028 693.2853193276143 24.71386255937936 681.2006353607146 0.09806419629840821 0.2992436438721693
duct25 out 52.10625036879955 25.883205338637605 693.2853193891103 24.343154620988663 681.3819056735673 0.09656705287731183 0.29695207158875375
HPC out 44.20485856287479 336.91233455725563 1529.4730311556227 316.8660506510989 1505.0910369645965 0.5683839623878054 0.3043850726498947
burner out 45.366500905117746 323.4358411749654 3064.7072209798457 0.0 0.0 0.28356458534224505 0.0
HPT out 53.26789271104251 73.08064647816768 2065.767366876561 68.7323480127167 2036.3786940907191 0.09070540795982605 0.3057427175913276
HPT 0.922489047491019
duct45 out 53.26789271104251 72.71524324577685 2065.767378262667 68.38868627265312 2036.1794513817297 0.09026081066861064 0.3067892476001036
LPT out 53.26789271104251 12.700812728936572 1380.7952266697757 11.945114371564845 1362.618716344649 0.023561432761723622 0.27959706366216774
LPT  0.9353511665048417
duct5 out 53.26789271104251 12.573804601647206 1380.7952292026216 11.825663227849196 1362.8004838219672 0.02332276238865388 0.27817818034339686
core nozzle out 53.26789271104251 12.573804601647206 1380.7952292026216 6.415127475977036 1175.7626701420802 0.014667611613424576 1.0
duct 17 out 924.203812273411 8.79272021915948 494.33033211450964
bypass nozzle out 924.203812273411 8.79272021915948 494.33033211450964 5.45355 431.3733586855441 0.03423884041617941 0.8502508823891753
 
1.9107088157081307
HP power balance:  -16440.655346290925 = 16290.714892582637  +  150.0  HP extraction
LP power balance:  -11066.439428690754 + -3525.048910504191 = -14591.488339194944 14592.198769510793
 
did not converge
CASE #  98
True
--- 0.6 25000.0 ----------------------------------------------------
fan Nc = 0.9146944782819703      burner temperature = 2897.484868163861    ambient Ps = 5.453549958874664
1.9303887167501197
inlet in 946.3100832105374 6.978359606140328 460.7624278492072 5.453549958874664 429.5159990776977 0.0409615158564369 0.0
inlet out 946.3100832105374 6.964402886928048 460.76242784923215 6.550020915155829 452.4019230725951 0.03910427624740781 0.30273788839281124
fan out 946.3100642843358 8.682299015074948 490.2940301591263 8.16570222367799 481.93328101994285 0.04585684519470274 0.2934130085980689
duct2 out 48.53749508651339 8.5954760249242 490.29403015944706 8.084045201441208 481.93326155601466 0.04539827863057953 0.29341335600084684
LPC out 48.537494115763494 25.285155421945582 685.4402773506542 23.780688674339817 673.8119004634785 0.095403859657304 0.2951146496722689
duct25 out 48.537494115763494 24.905878090616397 685.4402774043128 23.42397834422472 673.9863261629012 0.09394856106352524 0.2928557288155083
HPC out 41.177268508049124 295.0739442538146 1470.8757763451608 276.79876081595 1445.4208808332207 0.517011614605698 0.31578030621881953
burner out 42.16962222538808 283.270986483662 2897.484868163861 0.0 0.0 0.2626904347567711 0.0
HPT out 49.52984783310245 63.82190925992612 1945.9152127372001 60.024505658960514 1918.9230438673596 0.08406912014257101 0.2990706739731112
HPT 0.9224745036230032
duct45 out 49.52984783310245 63.502799713626494 1945.9152244856048 59.724383130665714 1918.6697912698125 0.0836597443983684 0.30048927109017237
LPT out 49.52984783310245 10.847772142755261 1298.5163452389659 10.202329700261322 1283.8848568103258 0.021360683858507902 0.25574652018717864
LPT  0.9313320621325103
duct5 out 49.52984783310245 10.739294421327708 1298.5163468930439 10.100306403258708 1284.031173258826 0.021144633178671393 0.2544509422823577
core nozzle out 49.52984783310245 10.739294421327708 1298.5163468930439 5.644632497298478 1102.8482566867801 0.01375504283417559 1.0
duct 17 out 897.7725691978223 8.552064529848824 490.2940301596084
bypass nozzle out 897.7725691978223 8.552064529848824 490.2940301596084 5.45355 431.14674202395514 0.03425737505049526 0.8243142067072741
 
1.9132664655354419
HP power balance:  -14328.990104659588 = 14314.97105393775  +  150.0  HP extraction
LP power balance:  -9436.618277292302 + -3219.6235027676025 = -12656.241780059905 12640.590521147706
 
running back to full power
did not converge
did not converge
CASE #  101
True
--- 0.5 25000.0 ----------------------------------------------------
fan Nc = 1.0105062027778935      burner temperature = 3234.84734057053    ambient Ps = 5.453549603485766
1.9066163119944395
inlet in 1009.4923684419823 6.506903332980922 451.23114018580605 5.453549603485766 429.5159911075267 0.03893826155066126 0.0
inlet out 1009.4923684419823 6.493889526314961 451.23114018582 6.107503099499221 443.6063510128278 0.0372240389175743 0.2916186985112216
fan out 1009.4923482521349 8.665700954772815 491.2919669987767 8.150091747963831 482.931688351197 0.045671552370103854 0.2931044429300679
duct2 out 56.83923320988449 8.579043945225086 491.29196699910335 8.068590830484192 482.93148188758255 0.04521485683323791 0.2931081241401152
LPC out 56.83923207309983 25.99728477251026 692.5213031358064 24.450446328545898 680.5654254894926 0.09711111139190823 0.2977808692007088
duct25 out 56.83923207309983 25.607325500922606 692.5213031960947 24.08368963361771 680.7447637065017 0.09562881936685758 0.29550087344412074
HPC out 48.22013092153497 368.11694479055984 1579.190738327357 345.2188284491287 1553.6101745029175 0.5998851031220083 0.3081274352775026
burner out 49.60383405609627 353.39226699893743 3234.84734057053 0.0 0.0 0.2935065761361697 0.0
HPT out 58.22293520766113 80.11159971129744 2187.9329164012875 75.34495952847524 2155.825000533444 0.09391213733908596 0.3134206527370765
HPT 0.9223678791395935
duct45 out 58.22293520766113 79.71104171274095 2187.932920977406 74.96823473083286 2155.9763863213643 0.0934361290873658 0.31267049524060986
LPT out 58.22293520766113 14.079468814532357 1465.6243390977327 13.24174042006768 1444.5212597188313 0.02463371658632054 0.29550554026981846
LPT  0.9426885781970146
duct5 out 58.22293520766113 13.938674126387033 1465.624342619808 13.109323015867005 1444.728023466987 0.024383791706323345 0.29404196276900363
core nozzle out 58.22293520766113 13.938674126387033 1465.624342619808 7.065452714885666 1251.4251002866945 0.015170860162253025 1.0
duct 17 out 952.6531150422504 8.535715440451222 491.29196699926746
bypass nozzle out 952.6531150422504 8.535715440451222 491.29196699926746 5.45355 432.27546115062773 0.034165058818707655 0.8223558552175917
 
2.0314037324034198
HP power balance:  -19073.24302041401 = 18805.500764600067  +  150.0  HP extraction
LP power balance:  -13655.853757559378 + -3888.7132740539923 = -17544.56703161337 17062.998245019517
 
running back to full power
did not converge
did not converge
CASE #  104
True
--- 0.4 20000.0 ----------------------------------------------------
fan Nc = 0.9988891424206815      burner temperature = 3237.2220206937313    ambient Ps = 6.753428145735776
1.9066163119944395
inlet in 1009.4923684419823 7.525103614154482 461.78779001487146 6.753428145735776 447.34696642439144 0.04407821441326321 0.0
inlet out 1009.4923684419823 7.510053406926173 461.78779001489846 7.0632052292140655 453.4259266546218 0.042081260329293456 0.3024237353220782
fan out 1009.4923482521349 9.913360085660821 500.22403778984835 9.323515160564002 491.84285326848357 0.05125037164415292 0.2908384477273096
duct2 out 56.83923320988449 9.814226484804212 500.22403779025916 9.230280008958362 491.8426345720596 0.05073789214688706 0.2908423059401759
LPC out 56.83923207309983 29.51666529714101 707.1572791977443 27.760423711961117 693.1129666790836 0.1081909101409731 0.32015797807355567
duct25 out 56.83923207309983 29.073915317683895 707.1572792826274 27.3440173562817 693.3165827974302 0.1065350134536813 0.3177871807924456
HPC out 48.22013092153497 402.04605258039925 1582.12166798263 378.1243124518655 1556.497155153746 0.6558766210266432 0.3081244105768264
burner out 49.60383405609627 385.96421047718326 3237.2220206937313 0.0 0.0 0.3203226693194865 0.0
HPT out 58.22293520766113 87.49543558271475 2190.6009442164777 82.28945716554323 2159.6556366582836 0.10238890631093718 0.30743374512279803
HPT 0.9223340052904168
duct45 out 58.22293520766113 87.05795840480117 2190.6009502846537 81.87800987971549 2159.8103714078948 0.10186976411796406 0.3066537453047776
LPT out 58.22293520766113 15.377164619607944 1468.462818145667 14.462223324741272 1445.37646452436 0.026887820381830872 0.3090568148985933
LPT  0.9425117567548065
duct5 out 58.22293520766113 15.223392973411865 1468.4628220289885 14.31760109149386 1445.6022855459676 0.026614662635863207 0.30752735855882213
core nozzle out 58.22293520766113 15.223392973411865 1468.4628220289885 7.718181095619328 1253.933158136274 0.01654038342542861 1.0
duct 17 out 952.6531150422504 9.764659684375909 500.2240377904654
bypass nozzle out 952.6531150422504 9.764659684375909 500.2240377904654 6.75343 449.9580236408596 0.0405175197185635 0.7443116083738991
 
2.2023365060505355
HP power balance:  -18838.482667974065 = 18824.11138887734  +  150.0  HP extraction
LP power balance:  -13102.280002568512 + -4002.110798279667 = -17104.390800848178 17063.736955704095
 
running back to full power
did not converge
did not converge
CASE #  107
True
--- 0.5 20000.0 ----------------------------------------------------
fan Nc = 0.9902220563491692      burner temperature = 3235.526245981436    ambient Ps = 6.7534298716186285
1.9066163119944395
inlet in 1009.4923684419823 7.986996903429777 469.9069187286529 6.7534298716186285 447.3469976753674 0.046005720391355934 0.0
inlet out 1009.4923684419823 7.971022909622917 469.9069187286904 7.496747046500353 461.54898511285813 0.04393359536249354 0.29970630596488057
fan out 1009.4923482521349 10.469666380846277 506.6302982190794 9.846721231185922 499.0846300315367 0.05327084111429152 0.2742929056094196
duct2 out 56.83923320988449 10.364969717037814 506.63029821956223 9.748254018874063 498.6968413605718 0.052783487667177005 0.2813444918827379
LPC out 56.83923207309983 31.03837012551101 716.3443776905345 29.1915871030431 703.3153979745656 0.11207815962441192 0.3064381679647973
duct25 out 56.83923207309983 30.572794573628343 716.3443777778571 28.753713296497455 702.4290735990975 0.11052802989030146 0.3168853460964848
HPC out 48.22013092153497 407.1161104803811 1579.985719066003 382.8927019067984 1554.6815048323401 0.6649043810674685 0.3063599745075089
burner out 49.60383405609627 390.8314660611658 3235.526245981436 0.0 0.0 0.3245335504983151 0.0
HPT out 58.22293520766113 88.59880899364951 2189.867361339942 83.32717985852737 2158.5318088107556 0.10373329395498646 0.309442752034438
HPT 0.9223581910225194
duct45 out 58.22293520766113 88.15581494868127 2189.8673675396794 82.91054395923473 2158.6884949711875 0.10320724715878303 0.30865751659122204
LPT out 58.22293520766113 15.57108050177762 1468.0354051563427 14.644601211921852 1444.6759630332363 0.027240471370880984 0.3109206343862972
LPT  0.9425603421346085
duct5 out 58.22293520766113 15.415369696759845 1468.0354090830522 14.498155199802632 1444.9046317912919 0.02696367849982904 0.30938019910444836
core nozzle out 58.22293520766113 15.415369696759845 1468.0354090830522 7.820881576757294 1253.5554766347618 0.016765358938556893 1.0
duct 17 out 952.6531150422504 10.312621385133584 506.63029821980365
bypass nozzle out 952.6531150422504 10.312621385133584 506.63029821980365 6.75343 449.2527183629562 0.0405889552733132 0.7959494276143294
 
2.0607672401180928
HP power balance:  -18600.698422445286 = 18817.46794398233  +  150.0  HP extraction
LP power balance:  -12524.390494361754 + -4057.945598242713 = -16582.336092604466 17055.524113223306
 
running back to full power
did not converge
did not converge
CASE #  110
True
--- 0.6 20000.0 ----------------------------------------------------
fan Nc = 0.979929204326786      burner temperature = 3237.4053501402896    ambient Ps = 6.7534296143888355
1.9066163119944395
inlet in 1009.4923684419823 8.590259764890718 479.8302556650712 6.7534296143888355 447.3469930176457 0.04845781724786207 0.0
inlet out 1009.4923684419823 8.573079245360937 479.83025566512225 8.06298103026196 471.4698734582333 0.04629219723933646 0.29661123657823757
fan out 1009.4923482521349 11.193799800901273 513.9161442897253 10.527768712747646 507.0300575278966 0.056113172136092494 0.26003577840565045
duct2 out 56.83923320988449 11.08186180289226 513.9161442903961 10.42249102562017 507.0989183960507 0.05554499515967116 0.25871496669681115
LPC out 56.83923207309983 33.02465758195081 727.9060367191493 31.059690455824736 716.3590435906997 0.11716739648085729 0.2859007451279166
duct25 out 56.83923207309983 32.529287718221546 727.9060368281663 30.593795098987364 716.5322485817876 0.11538263845912519 0.2837148152254987
HPC out 48.22013092153497 412.6543719745337 1582.3360880021876 388.10143684204894 1557.381754683565 0.6728087915870226 0.3039876599404682
burner out 49.60383405609627 396.14819709555235 3237.4053501402896 0.0 0.0 0.3287560748047978 0.0
HPT out 58.22293520766113 89.80407540204176 2192.024760410419 84.46073291562027 2160.262922225078 0.10506138946366059 0.31142163948081875
HPT 0.9223313917200364
duct45 out 58.22293520766113 89.35505502503155 2192.0247665304355 84.03842925104217 2160.421739794281 0.10452850004723689 0.3106312457136167
LPT out 58.22293520766113 15.782903894036869 1469.8738080616145 14.843821112341674 1446.1530535996244 0.027582019959917232 0.31323638894848876
LPT  0.9424175266442317
duct5 out 58.22293520766113 15.6250748550965 1469.8738120660832 14.695382901218258 1446.3848330988021 0.027301691401406005 0.3116876880084703
core nozzle out 58.22293520766113 15.6250748550965 1469.8738120660832 7.934396593227611 1255.1799238013614 0.016987385324876033 1.0
duct 17 out 952.6531150422504 11.025892803887754 513.9161442907316
bypass nozzle out 952.6531150422504 11.025892803887754 513.9161442907316 6.75343 449.1806447948792 0.0405962551128007 0.8456283279312413
 
1.9410382855060664
HP power balance:  -18415.600043339356 = 18831.668767445608  +  150.0  HP extraction
LP power balance:  -11632.139882208077 + -4143.150749286985 = -15775.290631495063 17066.486642167143
 
running back to full power
did not converge
did not converge
CASE #  113
True
--- 0.7 20000.0 ----------------------------------------------------
fan Nc = 0.9681690689328154      burner temperature = 3238.6860336117084    ambient Ps = 6.753434106745267
1.9066163119944395
inlet in 1009.4923684419823 9.362318275996715 491.55783567961055 6.753434106745267 447.34707436182464 0.051495683570973144 0.0
inlet out 1009.4923684419823 9.343593639444721 491.5578356796787 8.78764981789776 483.1990287253308 0.049216119184054975 0.2929983962774641
fan out 1009.4923482521349 12.11686252240481 523.2615703459783 11.395909202321723 515.8076433447184 0.05975845306286462 0.26825977665626416
duct2 out 56.83923320988449 11.995693897180763 523.2615703469193 11.281950110298506 515.882182615514 0.05915261343844692 0.26689604909737075
LPC out 56.83923207309983 35.53045256359511 743.2687481822555 33.4163906360612 730.8456099599483 0.1235684968350639 0.2936566194798072
duct25 out 56.83923207309983 34.99749577514118 743.2687483222735 32.91514477652028 731.0319571561049 0.1216834306122008 0.29140950488035744
HPC out 48.22013092153497 416.90743103163396 1583.93721002936 392.10143888525175 1559.251564416312 0.6789451210090627 0.30217701299578426
burner out 49.60383405609627 400.2311337903686 3238.6860336117084 0.0 0.0 0.3320120163192002 0.0
HPT out 58.22293520766113 90.72964910776938 2193.638826570407 85.3312349858571 2161.943958456477 0.10606272996881512 0.3109780491347357
HPT 0.9223131403066062
duct45 out 58.22293520766113 90.27600086223053 2193.6388336289356 84.9045788109278 2161.8203059856223 0.10553837951678166 0.3115925877112134
LPT out 58.22293520766113 15.945571799462623 1471.325566189359 14.996810277394596 1447.3262526325027 0.027843008608031863 0.31500518464640564
LPT  0.9423108164403912
duct5 out 58.22293520766113 15.786116081467997 1471.3255702545196 14.846842174620651 1447.560420998578 0.027559976752765985 0.31345022946709605
core nozzle out 58.22293520766113 15.786116081467997 1471.3255702545196 8.022627721432093 1256.4630397917117 0.017159265401762217 1.0
duct 17 out 952.6531150422504 11.935109584568737 523.2615703473898
bypass nozzle out 952.6531150422504 11.935109584568737 523.2615703473898 6.75343 449.1359375888449 0.04060078320037415 0.9050514841811016
 
1.8145554039131646
HP power balance:  -18135.16935881073 = 18851.58516846122  +  150.0  HP extraction
LP power balance:  -10828.853617733808 + -4262.8275741800135 = -15091.681191913822 17072.95606573059
 
running back to full power
did not converge
did not converge
CASE #  116
True
--- 0.75 20000.0 ----------------------------------------------------
fan Nc = 0.9751485260393279      burner temperature = 3274.5314237353045    ambient Ps = 6.75343961523385
1.8518214932448698
inlet in 1129.4923684419823 9.822569226673066 498.098216831257 6.75343961523385 447.3471741053527 0.05325642693846883 0.0
inlet out 1129.4923684419823 9.80292408821972 498.09824743201216 9.219650104970645 489.7374235203569 0.050912330350339076 0.2910909279345122
fan out 1129.4923458521348 12.889657922573909 531.1358073162438 12.12272327618076 523.2064799824119 0.06268928439974755 0.2747418914756581
duct2 out 63.37406306856922 12.76076134334817 531.1358073174374 12.001496043418953 523.285773256765 0.06205304988760061 0.273344263738745
LPC out 63.374061801087954 38.845661433671516 763.7246936308985 36.53434457836806 749.3061721275199 0.13163024863077874 0.31310456788591745
duct25 out 63.374061801087954 38.262976512166446 763.7246938317876 35.986329409692544 749.5099066750053 0.1296180960294313 0.31085149190943573
HPC out 53.76401906957098 453.3961220668315 1618.793969887155 426.419052803855 1592.9185728439288 0.7227411962224094 0.30695875686206175
burner out 55.31491748120249 435.2602771841582 3274.5314237353045 0.0 0.0 0.35712042158282 0.0
HPT out 64.92496021271947 98.81605503592405 2222.4703354685953 92.93649976128657 2190.7978088470823 0.11399209119439407 0.3094213488376543
HPT 0.9224132396891215
duct45 out 64.92496021271947 98.32197476074442 2222.4703401080315 92.47181726248012 2190.9541165935125 0.11341391913867924 0.3086487380942929
LPT out 64.92496021271947 17.180458615020736 1491.5016157042837 16.158221327427 1465.5678902878392 0.029631250312594882 0.32571009626693137
LPT  0.9432091887710561
duct5 out 64.92496021271947 17.008654028870527 1491.5016203574173 15.996639114152732 1465.827231848727 0.029329812752826038 0.3240506588447669
core nozzle out 64.92496021271947 17.008654028870527 1491.5016203574173 8.724643446773365 1274.3431819630518 0.018402781060819738 1.0
duct 17 out 1066.1182827835655 12.696313053735299 531.1358073180342
bypass nozzle out 1066.1182827835655 12.696313053735299 531.1358073180342 6.75343 449.13932530377826 0.040600440081864794 0.9519736689074062
 
1.7365583351196416
HP power balance:  -20632.065272541342 = 21241.182846472424  +  150.0  HP extraction
LP power balance:  -12633.065150679518 + -5029.820034039969 = -17662.88518471949 19319.46680665885
 
running back to full power
did not converge
did not converge
CASE #  119
True
--- 0.7 15000.0 ----------------------------------------------------
fan Nc = 0.9626690954151165      burner temperature = 3276.084221019745    ambient Ps = 8.293537448074284
1.8518214932448698
inlet in 1129.4923684419823 12.022695685058412 511.09601079013004 8.293537448074284 465.1779578455013 0.06360129368051393 0.0
inlet out 1129.4923684419823 11.998650293688296 511.0960107902613 11.284730601213843 503.714804371596 0.060515039830353494 0.27009636041399504
fan out 1129.4923458521348 15.66707162020853 548.7208534418373 14.73488085880612 539.0829452921625 0.07390089959991691 0.2984591991991043
duct2 out 63.37406306856922 15.510400904006444 548.7208534438106 14.58753205021806 539.1793243753681 0.07314808938924926 0.29693693545407374
LPC out 63.374061801087954 46.671170008099374 787.8667394665998 43.89423539261746 774.379086274037 0.1531761474578398 0.2980310037477894
duct25 out 63.374061801087954 45.971102457977885 787.8667397483889 43.2358218617282 774.581401318051 0.15083914968495393 0.29574963547355293
HPC out 53.76401906957098 497.40188336787946 1620.6821177756028 467.8064713074906 1594.9072689729378 0.7918765155522012 0.30625247835363495
burner out 55.31491748120249 477.50580803316427 3276.084221019745 0.0 0.0 0.3915969504472522 0.0
HPT out 64.92496021271947 108.4069525292668 2219.8825921426755 101.95673885377543 2193.116306636478 0.1249216818949933 0.2843250630443375
HPT 0.9224161705792496
duct45 out 64.92496021271947 107.86491776662047 2219.882600271561 101.44695515950654 2193.2483229515838 0.12428946445820462 0.28361715396534654
LPT out 64.92496021271947 18.847961101386723 1500.8645739375304 17.72650741585421 1472.3910392244545 0.032357784861522035 0.3405825006942704
LPT  0.9433271597586537
duct5 out 64.92496021271947 18.659481490372855 1500.8645791553124 17.54924234169567 1472.6755518737493 0.032028038827750495 0.33884644874424175
core nozzle out 64.92496021271947 18.659481490372855 1500.8645791553124 9.773816733862708 1282.6233682175425 0.020481973838302244 1.0
duct 17 out 1066.1182827835655 15.432065545905402 548.7208534447973
bypass nozzle out 1066.1182827835655 15.432065545905402 548.7208534447973 8.29354 467.33271735655035 0.048027577031242386 0.9302634232946214
 
1.7478090300579732
HP power balance:  -20122.983241561044 = 21402.74766274598  +  150.0  HP extraction
LP power balance:  -14389.425334933181 + -5179.3461346114 = -19568.771469544583 19011.62222174301
 
running back to full power
did not converge
did not converge
CASE #  122
True
--- 0.6 15000.0 ----------------------------------------------------
fan Nc = 0.9743294666580361      burner temperature = 3274.165600022754    ambient Ps = 8.293539972452887
1.8518214932448698
inlet in 1129.4923684419823 10.836027727976873 498.93604108376513 8.293539972452887 465.17799954495723 0.058642315105694474 0.0
inlet out 1129.4923684419823 10.81435567252092 498.93604108383676 10.170901510005924 492.9014622605632 0.05577918354131209 0.24651578828194443
fan out 1129.4923458521348 14.213078674696474 533.8537952130775 13.367400493552033 525.1103395001172 0.06887596146601457 0.2879843616289236
duct2 out 63.37406306856922 14.07094788794951 533.8537952144669 13.233726488616513 525.1977740584184 0.06817584343008903 0.28651725309436094
LPC out 63.374061801087954 42.75608068241605 768.7078224937453 40.212093881812294 756.3516033128383 0.14358827345973263 0.2885545175120122
duct25 out 63.374061801087954 42.11473947217981 768.7078227016743 39.60891247358511 755.8490927522251 0.1415240007208286 0.2944591134490582
HPC out 53.76401906957098 489.9203488790818 1618.2870419387862 460.77008812077645 1592.9520048183817 0.7809463658993407 0.3037299757638359
burner out 55.31491748120249 470.32353492391854 3274.165600022754 0.0 0.0 0.38593289182476903 0.0
HPT out 64.92496021271947 106.77637898040611 2218.1089577092107 100.42318443107195 2191.7723447014346 0.12311937097500542 0.2820832374810252
HPT 0.9224125488968923
duct45 out 64.92496021271947 106.24249708550407 2218.108965855292 99.92106850891656 2191.683425408915 0.12250882019921563 0.28256314955443723
LPT out 64.92496021271947 18.56446464562592 1497.285559352722 17.459878999211178 1469.2626946599398 0.03193856036673227 0.338177314057709
LPT  0.9434081361731759
duct5 out 64.92496021271947 18.37881999916966 1497.2855644703952 17.285280209219067 1469.5429280200706 0.03161319073319417 0.3364522012744627
core nozzle out 64.92496021271947 18.37881999916966 1497.2855644703952 9.586537784514235 1279.4550541058902 0.02013973449442843 1.0
duct 17 out 1066.1182827835655 13.999882494576028 533.8537952151617
bypass nozzle out 1066.1182827835655 13.999882494576028 533.8537952151617 8.29354 467.2785310339397 0.048032968815348055 0.8413044334527429
 
1.9304838791627812
HP power balance:  -20504.210606648754 = 21359.68138019899  +  150.0  HP extraction
LP power balance:  -13353.000402832624 + -5080.247556576634 = -18433.24795940926 19053.835862533386
 
running back to full power
did not converge
did not converge
CASE #  125
True
--- 0.5 15000.0 ----------------------------------------------------
fan Nc = 0.9845599692301911      burner temperature = 3273.2867115367826    ambient Ps = 8.293539515998136
1.8518214932448698
inlet in 1129.4923684419823 9.850377917792363 488.62108408744126 8.293539515998136 465.1779920049175 0.054527239218323864 0.0
inlet out 1129.4923684419823 9.830677161956778 488.62108408750726 9.24575187082035 480.26083865617005 0.0521076964309912 0.293909325089559
fan out 1129.4923458521348 12.9939327992264 521.4711838282335 12.220793797672428 513.4777097458339 0.06436353411463346 0.2784212682878692
duct2 out 63.37406306856922 12.863993471234135 521.4711838291985 12.098585859695703 513.5576444874407 0.06371040534937278 0.2770043546689007
LPC out 63.374061801087954 39.41792486468794 752.1784402204933 37.07255833523901 738.2633270843626 0.13567442507253663 0.30935434976399007
duct25 out 63.374061801087954 38.82665599171762 752.1784403926802 36.51646996021042 738.4700629746828 0.13360049090842618 0.3070070846401476
HPC out 53.76401906957098 480.6713381045861 1617.1970494944783 452.0713934873632 1592.3589257998035 0.7664950123862649 0.30076267980357146
burner out 55.31491748120249 461.4444845804026 3273.2867115367826 0.0 0.0 0.3787484848913334 0.0
HPT out 64.92496021271947 104.76059032841205 2217.4726523627405 98.52733520387153 2189.7142544947133 0.12091023607531554 0.2896912433967978
HPT 0.9224108888009002
duct45 out 64.92496021271947 104.23678737677 2217.472660404123 98.03469852785217 2189.239014548982 0.12033214993755563 0.2921842336338084
LPT out 64.92496021271947 18.21399352532445 1494.096801988807 17.130260910567646 1466.6029687313512 0.03139189047192803 0.3352535030495467
LPT  0.943437210782441
duct5 out 64.92496021271947 18.031853590071208 1494.0968069613486 16.95895830146197 1466.8779116471264 0.031072211344656504 0.3335438082173742
core nozzle out 64.92496021271947 18.031853590071208 1494.0968069613486 9.360819499832521 1276.6368538274132 0.019709157773691796 1.0
duct 17 out 1066.1182827835655 12.799023807238004 521.471183829681
bypass nozzle out 1066.1182827835655 12.799023807238004 521.471183829681 8.29354 467.3085112984497 0.04802998564347219 0.7586933996254608
 
2.1383980686718673
HP power balance:  -20857.923492681784 = 21319.331597853004  +  150.0  HP extraction
LP power balance:  -12551.446298423685 + -4985.223385523593 = -17536.66968394728 19117.12718606924
 
running back to full power
did not converge
did not converge
CASE #  128
True
--- 0.4 15000.0 ----------------------------------------------------
fan Nc = 0.9931744307588466      burner temperature = 3274.7660514633412    ambient Ps = 8.293540029937116
1.8518214932448698
inlet in 1129.4923684419823 9.258872419590883 480.1815738165896 8.293540029937116 465.17800049452205 0.052190447159605434 0.0
inlet out 1129.4923684419823 9.240354674751702 480.1815738166429 8.690553571603974 471.8229516488274 0.049858480673646906 0.2964701453247903
fan out 1129.4923458521348 12.271977244607447 514.1290795229005 11.541794598553302 506.57973063939465 0.061568967571834075 0.2723907428447662
duct2 out 63.37406306856922 12.149257472161372 514.129079523641 11.42637665256777 506.6552241288082 0.06094481009338097 0.2710054061041352
LPC out 63.374061801087954 37.417517720168036 739.8688279723118 35.19117541581804 726.7858819506595 0.1308659785507787 0.302177766581712
duct25 out 63.374061801087954 36.85625495436552 739.868828114712 34.663307784580766 726.9821262643137 0.12886801101519582 0.2998632567621623
HPC out 53.76401906957098 479.9998062787408 1619.0518691448794 451.43981780515566 1594.2014449173098 0.7645187610491773 0.30074071127510354
burner out 55.31491748120249 460.79981402759114 3274.7660514633412 0.0 0.0 0.37804845620574734 0.0
HPT out 64.92496021271947 104.61423238084382 2217.8806885602503 98.3896855541836 2189.982009313199 0.12072635057129243 0.2904124279166214
HPT 0.9224136826804217
duct45 out 64.92496021271947 104.0911612189396 2217.8806965589624 97.8977371264127 2189.5074333017856 0.12014910996367169 0.2928956789031175
LPT out 64.92496021271947 18.188547289282532 1494.2111692107278 17.10632872557022 1466.755746736647 0.031344805186417295 0.3350029342301822
LPT  0.9434185650085986
duct5 out 64.92496021271947 18.006661816389705 1494.21117417806 16.935265438314516 1467.0303055404652 0.03102561299549102 0.3332945613044951
core nozzle out 64.92496021271947 18.006661816389705 1494.21117417806 9.344602375691839 1276.7381755472197 0.019673447156694678 1.0
duct 17 out 1066.1182827835655 12.087897585938334 514.1290795240113
bypass nozzle out 1066.1182827835655 12.087897585938334 514.1290795240113 8.29354 467.3177821858831 0.04802906314825382 0.7052304477385931
 
2.300570146662119
HP power balance:  -21188.191372533343 = 21323.28669666976  +  150.0  HP extraction
LP power balance:  -12962.314959433448 + -4874.98533600288 = -17837.30029543633 19125.391387225554
 
running back to full power
did not converge
did not converge
CASE #  131
True
--- 0.3 15000.0 ----------------------------------------------------
fan Nc = 0.9999963658048289      burner temperature = 3339.2624884809106    ambient Ps = 8.293539981827568
1.4619935337450332
inlet in 1213.7930547906328 8.823448361017144 473.61751027209857 8.293539981827568 465.17799969981473 0.05043093387169155 0.0
inlet out 1213.7930547906328 8.80580146429511 473.6175102721424 8.281856277169549 465.25674048202666 0.04816619510992889 0.29857220649961175
fan out 1213.7930305147718 12.433223633575004 515.9758726170222 11.69344682737729 508.32732983701345 0.062177343879261396 0.27370814000837024
duct2 out 75.20300884700417 12.308891397239254 515.9758726178161 11.576512359103518 508.40381526544064 0.0615468786521614 0.27231591035223546
LPC out 75.20300734294399 37.12725383135013 738.2812489425445 34.918182228384794 725.2997929790562 0.13011761701961264 0.3013050300860514
duct25 out 75.20300734294399 36.57034502387988 738.2812490813535 34.39440949495903 725.4945149385421 0.12813141547924567 0.29899742919799277
HPC out 63.79922330945997 508.9863527433182 1650.113271335662 478.70166475509075 1624.34354274973 0.7957497916651507 0.30379243959219465
burner out 65.68756962551763 488.6268986335855 3339.2624884809106 0.0 0.0 0.3931148404838185 0.0
HPT out 77.09135365900164 110.7138968963566 2260.260246029983 104.12642003102337 2232.639880489519 0.125326185175909 0.28696838851047224
HPT 0.9224160030451024
duct45 out 77.09135365900164 110.16032741187482 2260.2602499347277 103.60578793086826 2232.777070179945 0.1246918377540406 0.28624758839638
LPT out 77.09135365900164 18.901689845373895 1528.6965540936162 17.777039299574145 1499.4384750116362 0.031855558239086264 0.34363962561292827
LPT  0.9397631858245074
duct5 out 77.09135365900164 18.712672946920154 1528.6965596874543 17.599268906578402 1499.7234929651481 0.03153080599299456 0.3419424813733628
core nozzle out 77.09135365900164 18.712672946920154 1528.6965596874543 9.823913190053947 1307.6056321571054 0.020190001058928042 1.0
duct 17 out 1138.5900216677676 12.246725279071379 515.975872618213
bypass nozzle out 1138.5900216677676 12.246725279071379 515.975872618213 8.29354 467.5034418319158 0.0480105891740051 0.7175203844916969
 
2.285873720031897
HP power balance:  -26122.945581890323 = 25973.056569217817  +  150.0  HP extraction
LP power balance:  -17379.15875444505 + -5696.933867034427 = -23076.092621479474 23069.830214876103
 
running back to full power
did not converge
did not converge
CASE #  134
True
--- 0.6 10000.0 ----------------------------------------------------
fan Nc = 0.9568501278057244      burner temperature = 3348.914582487109    ambient Ps = 10.106500250052347
1.470785978379652
inlet in 1222.9315399977477 13.659033158680275 517.9972063841926 10.106500250052347 483.0080023450937 0.07133235605706319 0.0
inlet out 1222.9315399977477 13.631715092362915 517.9972063843775 12.820628044367322 509.611387943748 0.06800928128893279 0.2862395053671605
fan out 1222.9315155391168 18.492597394167788 571.1957083707468 17.392287849214803 558.7709194912767 0.08411703429739922 0.33341262374719816
duct2 out 75.61103027440883 18.30767142022611 571.1957083751618 17.218364970722657 558.8951673833758 0.08325836337656098 0.33170499192520075
LPC out 75.61102876218824 53.34616696976253 805.3711848498358 50.17207003506166 792.4649125798884 0.17100110519094022 0.2885225100438614
duct25 out 75.61102876218824 52.54597446521609 805.3711852000391 49.41948898453573 792.0503812806965 0.1685282586237876 0.2931862580037809
HPC out 64.14537236069002 567.5631553552192 1652.7417262124507 533.7931476115837 1627.1384737862143 0.8858034507181825 0.302654835647494
burner out 66.0530779449261 544.8606291410105 3348.914582487109 0.0 0.0 0.4370774742272318 0.0
HPT out 77.51873434642432 123.46753490712365 2268.557558855508 116.12121658014979 2237.63450131828 0.13944789625566006 0.30350463330340166
HPT 0.9224186972138307
duct45 out 77.51873434642432 122.85019723258803 2268.557561915826 115.54061049724903 2237.787461779325 0.13874106247346943 0.30274512675218984
LPT out 77.51873434642432 21.065593522161254 1541.5255441232641 19.81219070759266 1519.2910302907314 0.03504691931427694 0.2977885739552938
LPT  0.9393776241273684
duct5 out 77.51873434642432 20.85493758693964 1541.5255491005873 19.614068800516733 1517.3518522218108 0.03474040521882757 0.3106881957687179
core nozzle out 77.51873434642432 20.85493758693964 1541.5255491005873 11.523620722474194 1319.0093802689255 0.023481964918313152 1.0
duct 17 out 1147.320485264708 18.21520843325527 571.1957083773691
bypass nozzle out 1147.320485264708 18.21520843325527 571.1957083773691 10.1065 486.91145379517445 0.056152318412363816 0.9282900494189191
 
1.7386786901763485
HP power balance:  -24498.46281353956 = 26313.340520853264  +  150.0  HP extraction
LP power balance:  -22054.245298894006 + -6058.809815501487 = -28113.055114395494 23084.219032983176
 
running back to full power
constraints False
True
did not converge
constraints False
True
converged
CASE #  137
True
--- 0.5 10000.0 ----------------------------------------------------
fan Nc = 0.9266704303814824      burner temperature = 3360.0015026103256    ambient Ps = 10.10650024189791
1.7119376820618766
inlet in 1579.7813125587886 12.62634545057922 507.3202616003712 10.10650024189791 483.00800226861844 0.06726264956340372 0.0
inlet out 1579.7813125587886 12.601092759678062 507.320261600491 11.851327740477217 499.60854516545675 0.06404128282961206 0.27717737164155093
fan out 1579.7812809631623 16.329646168908475 545.6469364905233 15.35803222185842 535.6014325381464 0.0775511105568536 0.30568156167479793
duct2 out 89.16997525150933 16.16634970721939 545.6469364924849 15.204451899639835 535.7018875793441 0.07676060622132624 0.3041211412881237
LPC out 89.16997346810982 46.77646865125495 773.5086975278979 43.993268766505274 759.9906135805566 0.1563697082759375 0.3011100470565236
duct25 out 89.16997346810982 46.07482162148613 773.5086977691466 43.33336973500771 760.193385045191 0.15398462931282658 0.2988042825354618
HPC out 75.64823869140565 605.8584805041024 1690.2864242614485 569.8099009141083 1663.9186666833523 0.9246187234598277 0.3047119627125216
burner out 77.87096026193055 581.6241412839383 3360.0015026103256 0.0 0.0 0.4650468494334179 0.0
HPT out 91.39269503863471 131.36053552648693 2275.3336181092413 123.54458366266094 2242.316142732578 0.14804960581934723 0.313301412472869
HPT 0.9223565022751046
duct45 out 91.39269503863471 130.7037328488545 2275.333620733462 122.92686074434764 2242.4789686258405 0.14729849186598362 0.3125196383180191
LPT out 91.39269503863471 21.384814872288885 1542.162714699726 20.112418387387695 1522.7239856625513 0.03549847023016016 0.27805654659212303
LPT  0.9230860979684616
duct5 out 91.39269503863471 21.170966723565996 1542.1627198082858 19.91129420351382 1520.888094502489 0.03518573033432062 0.29105479322521377
core nozzle out 91.39269503863471 21.170966723565996 1542.1627198082858 11.707855073328238 1319.4526609403056 0.023849607763338852 1.0
duct 17 out 1490.611305711653 16.084701476374846 545.6469364934657
bypass nozzle out 1490.611305711653 16.084701476374846 545.6469364934657 10.1065 485.33993132077495 0.0563428751235685 0.7860991032375187
 
2.056936763585446
HP power balance:  -31276.851936067593 = 31126.77728587805  +  150.0  HP extraction
LP power balance:  -20501.40248150872 + -6939.474653489151 = -27440.87713499787 27440.909147168422
 
converged
CASE #  138
True
--- 0.5 10000.0 ----------------------------------------------------
fan Nc = 0.8766706086907856      burner temperature = 3068.6286838221104    ambient Ps = 10.10650024189791
1.7421301646043157
inlet in 1464.0145825223549 12.62634545057922 507.3202616003712 10.10650024189791 483.00800226861844 0.06726264956340372 0.0
inlet out 1464.0145825223549 12.601092759678062 507.320261600491 11.851327740477217 499.60854516545675 0.06404128282961206 0.27717737164155093
fan out 1464.0145532420634 15.537968742309966 537.6978957367583 14.613459602142521 528.1394077669212 0.07486179611305868 0.30025333837965695
duct2 out 76.84873333117912 15.382589054886866 537.6978957383905 14.467325006121095 528.2349926479924 0.07409960345510169 0.29872159237236884
LPC out 76.84873179420444 44.84368247785008 767.9544361313226 42.17548337041799 754.9949141955788 0.15085653146724726 0.2957741120639909
duct25 out 76.84873179420444 44.17102724068233 767.9544363473326 41.54285111986173 755.189307207699 0.14855734966803943 0.29351053806514493
HPC out 65.19539010493128 497.31122774252185 1602.642783039899 467.72120969184175 1577.323802765123 0.8006842100872429 0.30447866459715334
burner out 66.84196583669441 477.41877863282093 3068.6286838221104 0.0 0.0 0.41804604627820274 0.0
HPT out 78.49530752596758 107.56316620373711 2070.3562325436474 101.16315781461475 2045.1153351857333 0.13292752807489336 0.2826604129592847
HPT 0.9222485872102957
duct45 out 78.49530752596758 107.02535037271842 2070.3562482308103 100.65734202554167 2045.23953597472 0.13225469586059468 0.28195853246346836
LPT out 78.49530752596758 18.519675127068336 1398.1798822749245 17.417754457007767 1371.641095511876 0.034133340126083926 0.33650665746024505
LPT  0.9252702406952716
duct5 out 78.49530752596758 18.33447837579765 1398.1798863004096 17.24357691243769 1371.9064870587883 0.0337855003394805 0.334789561764079
core nozzle out 78.49530752596758 18.33447837579765 1398.1798863004096 10.1065 1208.8664787329838 0.02247057007718737 0.9491198200609632
duct 17 out 1387.1658199108842 15.304899211175316 537.6978957392065
bypass nozzle out 1387.1658199108842 15.304899211175316 537.6978957392065 10.1065 485.44272726982905 0.05633041048606187 0.7316298947761468
 
2.014492731495124
HP power balance:  -24402.883674109027 = 24252.681793914468  +  150.0  HP extraction
LP power balance:  -15058.607253908662 + -6040.451380905824 = -21099.058634814486 21099.05545181254
 
did not converge
CASE #  139
True
--- 0.5 10000.0 ----------------------------------------------------
fan Nc = 0.8266705311678851      burner temperature = 2798.6701383259783    ambient Ps = 10.10650024189791
1.7462489023504195
inlet in 1347.035938121505 12.62634545057922 507.3202616003712 10.10650024189791 483.00800226861844 0.06726264956340372 0.0
inlet out 1347.035938121505 12.601092759678062 507.320261600491 11.851327740477217 499.60854516545675 0.06404128282961206 0.27717737164155093
fan out 1347.0359111807863 14.79798121623875 530.2511087738815 13.917501333872542 521.1478387250885 0.07225173022431443 0.2949520267017805
duct2 out 63.97591011264328 14.650001404076361 530.251108775227 13.778326320533816 521.2388714266866 0.0715169004121164 0.29344823542585036
LPC out 63.975908833125075 42.43645343148972 767.7250447181599 39.911484452316074 755.1971466171168 0.14272217025096023 0.290768928472895
duct25 out 63.975908833125075 41.79990663001737 767.7250449219775 39.31281218553133 754.5425592418677 0.1406971183071286 0.29839488481171733
HPC out 54.27460201766999 394.50278778494067 1525.8106108651825 371.0298719117367 1501.0787259480696 0.6672698244501662 0.30694485969710117
burner out 55.44176304197994 378.722676273543 2798.6701383259783 0.0 0.0 0.3636302498282481 0.0
HPT out 65.14306985743502 85.15592663066565 1884.7942323676632 80.08914899614105 1857.8482984713792 0.11585718922877511 0.3020007490585126
HPT 0.9221054154158175
duct45 out 65.14306985743502 84.73014699751232 1884.7942464656173 79.68870325116033 1857.698718433155 0.11528701586169503 0.30284944420022425
LPT out 65.14306985743502 15.78834808887465 1270.192092171498 14.848941377586607 1248.8661444457828 0.03195315125810214 0.31206560122846955
LPT  0.9278249812092323
duct5 out 65.14306985743502 15.630464607985903 1270.192094430614 14.700451963810742 1249.0727709641083 0.03162817792135308 0.3105354077678291
core nozzle out 65.14306985743502 15.630464607985903 1270.192094430614 10.1065 1149.8311476809436 0.0236204207388186 0.7678576769178278
duct 17 out 1283.060001068143 14.576011497995168 530.2511087758996
bypass nozzle out 1283.060001068143 14.576011497995168 530.2511087758996 10.1065 485.52361595026036 0.05632060223885716 0.6767862001285021
 
1.72179699391617
HP power balance:  -18364.663666039294 = 18209.62660753536  +  150.0  HP extraction
LP power balance:  -10458.8693798619 + -5184.883654558638 = -15643.753034420539 15645.06006790066
 
running back to full power
constraints False
True
did not converge
constraints False
True
did not converge
CASE #  142
True
--- 0.4 10000.0 ----------------------------------------------------
fan Nc = 0.9360121373389628      burner temperature = 3445.737011269056    ambient Ps = 10.106500423313031
1.7125296548784077
inlet in 1589.7813125587886 11.76698322407882 498.58069730188157 10.106500423313031 483.008003970004 0.063730618327322 0.0
inlet out 1589.7813125587886 11.743449257630662 498.5807334479245 11.044714026801637 492.0277059403149 0.06068712351148427 0.2571119481009905
fan out 1589.7812807631622 15.347943418215326 535.4017705366666 14.434740784831513 525.9601803926261 0.07425504649419648 0.2990218692822481
duct2 out 92.96620387546817 15.194463984033172 535.401770538212 14.290393376983197 526.054596295358 0.07349925133215242 0.29749662069400806
LPC out 92.9662020161441 42.12689146174757 759.9251427997127 39.40300993011408 745.9797542139847 0.14263977190325805 0.3084517509529338
duct25 out 92.9662020161441 41.494988089821355 759.9251429818983 39.02603629847698 746.6466675081954 0.1411412900787954 0.3008751588539853
HPC out 78.868807142416 608.8140921217125 1738.6668963270188 572.5896536404706 1711.7036314243583 0.9031660496605872 0.3048824232800315
burner out 81.25741393926654 584.461528436844 3445.737011269056 0.0 0.0 0.45565732497495126 0.0
HPT out 95.35480881299463 131.8981856567348 2336.784979990614 124.05024361015907 2302.9444391487773 0.14473359277660655 0.31425412298523725
HPT 0.9221857008618445
duct45 out 95.35480881299463 131.23869472845112 2336.784969994408 123.42999239210826 2303.113649926971 0.1439995410291615 0.313456471370332
LPT out 95.35480881299463 21.47027811842675 1590.2852337115842 20.19279657038036 1570.284933149048 0.034559427412536384 0.2791613907657116
LPT  0.9196942072270933
duct5 out 95.35480881299463 21.255575337242483 1590.2852394142305 19.990868604676557 1569.281686678642 0.034235561598513244 0.28616274676330505
core nozzle out 95.35480881299463 21.255575337242483 1590.2852394142305 13.922401845893827 1467.1439430927453 0.029396964875565614 0.7128018151016949
duct 17 out 1496.815076887694 15.117724266942096 535.4017705389847
bypass nozzle out 1496.815076887694 15.117724266942096 535.4017705389847 10.1065 485.1153342664896 0.05637010889000079 0.7179378766346559
 
1.687190743985521
HP power balance:  -34889.65387704539 = 33343.4907294783  +  150.0  HP extraction
LP power balance:  -19818.62386205855 + -7122.539199760793 = -26941.163061819345 29343.978604045125
 
running back to full power
constraints False
True
did not converge
constraints False
True
did not converge
CASE #  145
True
--- 0.0 5000.0 ----------------------------------------------------
fan Nc = 0.9691595345589266      burner temperature = 3598.0156318376626    ambient Ps = 10.106500423313031
1.4893078367262487
inlet in 1569.7813125587886 12.2277 500.839 10.106500423313031 483.008003970004 0.06591695827436489 0.0
inlet out 1569.7813125587886 12.2032446 500.83900000008595 11.477151546299998 493.9514497631057 0.06279832612600038 0.26312917110148926
fan out 1569.7812811631625 16.719786158627052 548.2787819272004 15.72495888218874 537.9932756656154 0.07903471285959823 0.3086316247711269
duct2 out 95.82268892047047 16.55258829704078 548.2787819292922 15.567709293366855 538.0961307300225 0.07822864752086756 0.30705559671699284
LPC out 95.82268700401669 48.023396542380304 779.4605862579897 45.16600444810867 765.5821486959536 0.15940182318836402 0.3040075459888517
duct25 out 95.82268700401669 47.3030455942446 779.4605865231933 44.48851438138704 765.7903254868284 0.1569691267127942 0.30167884869542017
HPC out 81.2921347467276 677.2607943018374 1749.698681298113 636.9637770408781 1722.9698619877377 0.9981943178682857 0.30262132666309133
burner out 83.97996564634134 650.1703625297639 3598.0156318376626 0.0 0.0 0.48536307250652955 0.0
HPT out 98.51051790363043 147.48800302924707 2455.6886329892877 138.71246684900686 2416.6111372661585 0.1542302530509374 0.3323765807530631
HPT 0.9224157962424137
duct45 out 98.51051790363043 146.75056301410083 2455.688570513132 138.01890451476183 2416.8060190649426 0.15344681004551597 0.3315342942609234
LPT out 98.51051790363043 23.891168821616212 1666.9548450789139 22.469644276730044 1643.8203062876407 0.03672868738995192 0.2962332999187076
LPT  0.9227588598962446
duct5 out 98.51051790363043 23.65225713340005 1666.9548520903313 22.244947833962748 1644.047615073103 0.03635625452701328 0.2947620017829078
core nozzle out 98.51051790363043 23.65225713340005 1666.9548520903313 13.21015309740993 1431.85170880523 0.02479432939732247 1.0
duct 17 out 1473.9585922426918 16.468989366247644 548.2787819303381
bypass nozzle out 1473.9585922426918 16.468989366247644 548.2787819303381 12.2277 504.42814635207276 0.06548614543408293 0.6578686818733749
 
2.5035895576176395
HP power balance:  -35708.70334094699 = 35676.604402454854  +  150.0  HP extraction
LP power balance:  -25215.483233468058 + -7568.2181652827185 = -32783.701398750774 32452.174994583333
 
running back to full power
constraints False
True
did not converge
constraints False
True
did not converge
CASE #  148
True
--- 0.1 5000.0 ----------------------------------------------------
fan Nc = 0.9641235684926491      burner temperature = 3588.6655083086753    ambient Ps = 12.227699771733665
1.500026295756369
inlet in 1569.7813125587886 12.32500913214469 501.84507785209684 12.227699771733665 500.8389976399571 0.06631980864611958 0.0
inlet out 1569.7813125587886 12.3003591138804 501.8450778521881 11.568487746604516 494.80986357338804 0.06317893573916859 0.2657576870163527
fan out 1569.7812811631625 16.767729260596052 548.7513996855404 15.770049369590586 538.4364002792544 0.07919274268935672 0.30894814390608255
duct2 out 95.48009307714861 16.60005196799009 548.7513996876534 15.612348875894678 538.5395502751272 0.07838500678081603 0.30737044058744545
LPC out 95.48009116754676 47.98138596661497 779.3732127229085 45.12649350160138 765.5069159305514 0.15927765414196104 0.30388911719893996
duct25 out 95.48009116754676 47.261665177115745 779.3732129876231 44.44959609907736 765.7149106094571 0.1568468930740265 0.3015613580361951
HPC out 81.00149014289997 675.1721448381268 1747.966104434532 634.9994022202582 1721.2159401896506 0.9961265043996961 0.3028861258169437
burner out 83.66711689653592 648.1652590446017 3588.6655083086753 0.0 0.0 0.4851441793164431 0.0
HPT out 98.14571792118271 146.96895734583563 2448.470955549169 138.2243043837584 2409.6136192797944 0.1541299136536669 0.3317498308777937
HPT 0.9224163197018471
duct45 out 98.14571792118271 146.23411255910645 2448.4708976029915 137.53318286183963 2409.807933184731 0.15334705126312062 0.3309063908271616
LPT out 98.14571792118271 23.824425598865727 1662.7961129772166 22.406872275733214 1639.8194311075333 0.03671742763501106 0.29535531074818727
LPT  0.9220399349734767
duct5 out 98.14571792118271 23.58618134287707 1662.7961199361962 22.182803552975884 1640.0461527158432 0.03634513498549146 0.2938805909174602
core nozzle out 98.14571792118271 23.58618134287707 1662.7961199361962 13.168427241548658 1428.0775340077103 0.024781868187992606 1.0
duct 17 out 1474.3011880860138 16.51621332168711 548.7513996887097
bypass nozzle out 1474.3011880860138 16.51621332168711 548.7513996887097 12.2277 504.4125162499229 0.06548802154835652 0.6615311421096024
 
2.4867786595796293
HP power balance:  -35516.99700340534 = 35467.16677582964  +  150.0  HP extraction
LP power balance:  -24931.935260202583 + -7523.007116177448 = -32454.94237638003 32182.577260508373
 
running back to full power
constraints False
True
did not converge
constraints False
True
did not converge
CASE #  151
True
--- 0.2 5000.0 ----------------------------------------------------
fan Nc = 0.9531114845785783      burner temperature = 3552.20023955694    ambient Ps = 12.227707395082996
1.5233501632124637
inlet in 1569.7813125587886 12.616936528578426 504.86331140816424 12.227707395082996 500.83907645766675 0.06751682737647871 0.0
inlet out 1569.7813125587886 12.591702655521269 504.8633114082722 11.842496347517754 497.3851050041843 0.06430947640313261 0.2734396673511841
fan out 1569.7812811631625 16.987361364465222 550.962300419292 15.976613363279538 540.4309679143938 0.0799172348342313 0.3116430977436164
duct2 out 94.63107474521942 16.81748775082057 550.9623004215518 15.816847229646742 540.5354690203679 0.07910183715719224 0.3100638503940133
LPC out 94.63107285259792 48.39398431378557 780.6957959561524 45.51454224711533 766.7102610631035 0.1604008847964824 0.3049590894527621
duct25 out 94.63107285259792 47.66807454907879 780.6957962270675 44.8318241134086 766.920044319069 0.1579525568087959 0.30262285458796145
HPC out 80.28121696522999 659.3214120835253 1729.571429123794 620.0917880645555 1702.6592717125648 0.9831819501845842 0.30535462517507955
burner out 82.88864487569451 632.9485556001842 3552.20023955694 0.0 0.0 0.47861913503669506 0.0
HPT out 97.23850076306245 143.5055764438059 2419.877339406492 134.96699464539944 2382.2128632810977 0.1522355772622463 0.3279519573388029
HPT 0.9224620854929186
duct45 out 97.23850076306245 142.78804856158686 2419.877296622982 134.29215967217243 2382.3995034630966 0.15146245786908516 0.32712779143881454
LPT out 97.23850076306245 23.262477610780497 1644.119084992803 21.878360192939056 1621.969394267458 0.03624912109062923 0.29086471593138336
LPT  0.9212964761954234
duct5 out 97.23850076306245 23.029852834672692 1644.1190916240066 21.659576591009667 1622.190897480891 0.03588174721993449 0.2893882647283356
core nozzle out 97.23850076306245 23.029852834672692 1644.1190916240066 12.836151374701101 1411.263070522455 0.024442417818871673 1.0
duct 17 out 1475.150206417943 16.732550943998245 550.9623004226818
bypass nozzle out 1475.150206417943 16.732550943998245 550.9623004226818 12.2277 504.30548304446717 0.0655008689707583 0.6786941599398928
 
2.410976702305564
HP power balance:  -34449.89094160938 = 34843.85509395613  +  150.0  HP extraction
LP power balance:  -24504.310997073913 + -7428.280072369319 = -31932.59106944323 31396.381020799156
 
running back to full power
constraints False
True
did not converge
constraints False
True
did not converge
CASE #  154
True
--- 0.25 5000.0 ----------------------------------------------------
fan Nc = 0.9276357678131105      burner temperature = 3407.7436400358274    ambient Ps = 12.227700938923018
1.6161900700260015
inlet in 1569.7813125587886 12.835882075903564 507.1269865749955 12.227700938923018 500.83900970751284 0.06840323923285939 0.0
inlet out 1569.7813125587886 12.810210311751757 507.1269865751163 12.048002798202527 499.3165360772292 0.06514627010330938 0.27901275223440425
fan out 1569.7812811631625 16.741096648866325 548.1228940485188 15.745001398258777 537.8242782185133 0.07916156805116088 0.3088760058916032
duct2 out 91.96095585447578 16.57368568237766 548.1228940506032 15.587551384276189 537.9272643785962 0.0783541940671531 0.3072986820021179
LPC out 91.96095401525666 47.426953106623486 774.0579703560563 44.605049396779386 760.3519008289371 0.15847171635498292 0.30312615181819147
duct25 out 91.96095401525666 46.71554881002413 774.057970602257 43.935973655827695 760.5574920812162 0.15605400010607912 0.30080442366554655
HPC out 78.01599494838315 625.6579783155732 1700.616132721295 588.4313286057966 1674.5356317272817 0.9488230539946855 0.3021638478458557
burner out 80.36712667553321 600.6316591829503 3407.7436400358274 0.0 0.0 0.4734980999737296 0.0
HPT out 94.31208574240672 135.69442677327322 2310.5308135307564 127.62060838026346 2276.1338606444633 0.15066789245554468 0.31809723325902145
HPT 0.9223872687997995
duct45 out 94.31208574240672 135.01595463940686 2310.530809271278 126.98250533836213 2276.30492690558 0.14990327338944465 0.3172949031778882
LPT out 94.31208574240672 22.049007761358396 1567.2558743521622 20.73709179955757 1546.7957468195427 0.03602360401423128 0.28416357334605097
LPT  0.9210010339576346
duct5 out 94.31208574240672 21.828517683744813 1567.2558798706445 20.529720881561996 1546.9959758068474 0.03565861749762511 0.28276039361063043
core nozzle out 94.31208574240672 21.828517683744813 1567.2558798706445 12.2277 1344.7828017183667 0.024434003567181565 0.9930244188697781
duct 17 out 1477.8203253086867 16.48998019913333 548.1228940516454
bypass nozzle out 1477.8203253086867 16.48998019913333 548.1228940516454 12.2277 504.05523452514126 0.06553090683068699 0.6597357467317364
 
2.4097177689106433
HP power balance:  -32620.589600249325 = 32559.777820623905  +  150.0  HP extraction
LP power balance:  -21790.389708805513 + -7096.97592046676 = -28887.365629272274 28822.46360071963
 
running back to full power
constraints False
True
did not converge
constraints False
True
did not converge
CASE #  157
True
--- 0.3 5000.0 ----------------------------------------------------
fan Nc = 0.9251156406514327      burner temperature = 3407.5302400492415    ambient Ps = 12.227699852769412
1.6161900700260015
inlet in 1569.7813125587886 13.103482189301118 509.8937006675379 12.227699852769412 500.83899847778434 0.069473417310738 0.0
inlet out 1569.7813125587886 13.077275224922516 509.89370066767503 12.299177349039626 501.84895684650377 0.06618034172876389 0.2824930954410093
fan out 1569.7812811631625 17.042009878210788 551.3851530778645 16.028010290457242 540.7845119737506 0.0801187036424026 0.3125838698346215
duct2 out 91.96095585447578 16.871589779428678 551.3851530801693 15.867730187552672 540.8893492608522 0.07930118671526803 0.31100516473186285
LPC out 91.96095401525666 48.184468227304365 777.8240723332276 45.31749236777976 763.899086130555 0.16027962376329513 0.30484415536187615
duct25 out 91.96095401525666 47.4617012038948 777.8240725944862 44.63772998226305 764.1079611468386 0.1578334802929131 0.30250882410482566
HPC out 78.01599494838315 626.4379447961032 1700.3462377882947 589.1648870807351 1674.2840411451048 0.950148543349635 0.3020706859820354
burner out 80.36712667553321 601.3804270042591 3407.5302400492415 0.0 0.0 0.4741178251070994 0.0
HPT out 94.31208574240672 135.86358805331128 2310.681347797201 127.77970456413925 2276.239112047614 0.15084873778393904 0.3183021349236079
HPT 0.9223869199140006
duct45 out 94.31208574240672 135.18427011304473 2310.681343498924 127.14080604131857 2276.4103915565606 0.15008318635438853 0.31749934259897816
LPT out 94.31208574240672 22.076494803126977 1567.2863791110115 20.76294336234092 1546.8005171984157 0.036068397808689506 0.2843422168901593
LPT  0.9209918357599972
duct5 out 94.31208574240672 21.855729855095706 1567.286384636852 20.55531392871751 1547.0009957976974 0.035702951502731416 0.282938153191229
core nozzle out 94.31208574240672 21.855729855095706 1567.286384636852 12.2277 1344.4385567386446 0.024440447918295926 0.9939670501847169
duct 17 out 1477.8203253086867 16.786379730037627 551.3851530813216
bypass nozzle out 1477.8203253086867 16.786379730037627 551.3851530813216 12.2277 504.13611009668614 0.06552119916449874 0.6831100692172983
 
2.3290082520188355
HP power balance:  -32484.425823744223 = 32556.36702203547  +  150.0  HP extraction
LP power balance:  -22055.941532484536 + -7114.535499503801 = -29170.477031988336 28827.366548757644
 
running back to full power
constraints False
True
did not converge
constraints False
True
did not converge
CASE #  160
True
--- 0.4 5000.0 ----------------------------------------------------
fan Nc = 0.9373428285507249      burner temperature = 3562.4794970603903    ambient Ps = 12.227700240164074
1.7393399095932782
inlet in 1739.7813125587886 13.784646114310982 516.9362456290953 12.227700240164074 500.8390024830531 0.07213191652440509 0.0
inlet out 1739.7813125587886 13.757076822082361 516.9362456292763 12.938530751168459 508.4733084477273 0.06877926437039743 0.2878705845054149
fan out 1739.7812777631625 17.953511075871184 560.7642487368736 16.885277166856845 548.811245788729 0.08307344256991187 0.3298881970579615
duct2 out 98.94717247212978 17.77397596511247 560.7642487401813 16.716424395188277 548.9216903555805 0.08222458471225419 0.32833198588536755
LPC out 98.94717049318632 49.94022281854979 790.4454399668235 46.96877956084608 776.0130527839533 0.16355998259045545 0.30797523516796527
duct25 out 98.94717049318632 49.191119476271545 790.4454402762459 46.26424786743339 776.2295388602847 0.16106152093343262 0.3056151082557944
HPC out 83.94282155959954 670.2100229018092 1741.3363818935047 630.3325265391516 1714.5355040079592 0.9926264456321428 0.30372697473236165
burner out 86.67097978509105 643.4016219857368 3562.4794970603903 0.0 0.0 0.4851310959827091 0.0
HPT out 101.67532871867783 145.741660642712 2428.913434866089 137.0700318344706 2390.5179753260713 0.1540653326775051 0.3307278349075047
HPT 0.9224318069443613
duct45 out 101.67532871867783 145.01295233949844 2428.9133871948566 136.38468167529828 2390.707515051663 0.15328269006229694 0.329900393382387
LPT out 101.67532871867783 23.638569045684317 1651.3520096788968 22.2320741874661 1628.8126271305132 0.036680323818712376 0.29289541369980887
LPT  0.9194447148854885
duct5 out 101.67532871867783 23.402183355227475 1651.3520164864387 22.00975344559144 1629.037704760358 0.03630847891923465 0.29141109189931497
core nozzle out 101.67532871867783 23.402183355227475 1651.3520164864387 13.052490825514232 1417.7015063080503 0.024743133003933562 1.0
duct 17 out 1640.8341052910328 17.684208409733117 560.7642487418351
bypass nozzle out 1640.8341052910328 17.684208409733117 560.7642487418351 12.2277 503.44093282099374 0.06560464276564015 0.7531067602561893
 
2.1792207628259774
HP power balance:  -36141.833607969376 = 36520.518296226895  +  150.0  HP extraction
LP power balance:  -25837.071606787435 + -7769.933661536249 = -33607.005268323686 32931.420417665075
 
running back to full power
constraints False
True
did not converge
constraints False
True
converged
CASE #  163
True
--- 0.5 5000.0 ----------------------------------------------------
fan Nc = 0.8954845782265829      burner temperature = 3359.995858029442    ambient Ps = 12.227656379121537
1.9138286594609921
inlet in 1800.8435094228 14.660428303607457 525.9909462912843 12.227656379121537 500.8385490043043 0.07541159832324353 0.0
inlet out 1800.8435094228 14.631107447000241 525.9909462915273 13.760556553903726 516.9903319326551 0.07199855539794017 0.2944472893518222
fan out 1800.84347340593 18.035164888996928 561.4366683203338 16.96207257810161 549.3766794650871 0.08335711787259151 0.33121584974108315
duct2 out 93.88288976015636 17.854813240106957 561.4366683237199 16.792451852320593 549.4876263415018 0.08250525803377232 0.32966016281982385
LPC out 93.88288788249855 50.76292188005179 788.4990170307227 47.74252802818871 774.416829916123 0.16659728961171716 0.3045215164157037
duct25 out 93.88288788249855 50.00147805185102 788.4990173134721 47.02639010776588 774.0489277615769 0.16417617120114913 0.30854525238241054
HPC out 79.64648676399648 637.858742144011 1701.793924223015 599.9061469864423 1675.8714663168685 0.9665545679760758 0.301171301622991
burner out 81.97272699649714 612.3443924582506 3359.995858029442 0.0 0.0 0.48961352039679557 0.0
HPT out 96.20912811499922 138.21507314694963 2278.395917051013 129.99127629470613 2243.615375067394 0.15568387901935277 0.32144626437643226
HPT 0.9223232096080356
duct45 out 96.20912811499922 137.5239977812149 2278.395919538506 129.34131991323258 2243.786742286411 0.15489342706240794 0.3206444607374577
LPT out 96.20912811499922 22.462949670196615 1544.3500910770742 21.126404164819917 1523.9266028928116 0.0372589256525226 0.284863599830877
LPT  0.9182045775308397
duct5 out 96.20912811499922 22.23832017349465 1544.3500965010498 20.915140123171717 1524.1308429034766 0.036881399700569945 0.2834179701116165
core nozzle out 96.20912811499922 22.23832017349465 1544.3500965010498 12.33295942117953 1321.3302379881804 0.025087618328220245 1.0
duct 17 out 1706.9605836457736 17.764637415661973 561.4366683254129
bypass nozzle out 1706.9605836457736 17.764637415661973 561.4366683254129 12.2277 503.22504300580374 0.06563055647752215 0.7590901231201684
 
2.0938045943000336
HP power balance:  -32853.53429300699 = 32703.842978252847  +  150.0  HP extraction
LP power balance:  -21633.880182450117 + -7287.889676996454 = -28921.76985944657 28921.814881862283
 
converged
CASE #  164
True
--- 0.5 5000.0 ----------------------------------------------------
fan Nc = 0.8454845699686699      burner temperature = 3017.473661233262    ambient Ps = 12.227656379121537
1.910205041485108
inlet in 1657.3711122886662 14.660428303607457 525.9909462912843 12.227656379121537 500.8385490043043 0.07541159832324353 0.0
inlet out 1657.3711122886662 14.631107447000241 525.9909462915273 13.760556553903726 516.9903319326551 0.07199855539794017 0.2944472893518222
fan out 1657.371079141244 17.2729485606482 553.052931763161 16.245208121289632 542.1694568541163 0.08098354686726346 0.3163957919863975
duct2 out 80.04068702533729 17.100219075041718 553.0529317656475 16.082756040076735 542.2757148061381 0.08015693593185055 0.3148182813115152
LPC out 80.04068542452356 49.20618683367087 787.0434590798131 46.278418717067446 772.8232032595024 0.16182010562593913 0.30631838274023554
duct25 out 80.04068542452356 48.468094031165805 787.0434593744245 45.58424243631144 773.0365073517768 0.15934905705644511 0.3039713882252072
HPC out 67.9033158867488 513.3682673598428 1608.1576986104312 482.82285545193207 1582.9653620201557 0.8235715600547764 0.30340726249376887
burner out 69.54870638178429 492.83353666544906 3017.473661233262 0.0 0.0 0.43887285234024775 0.0
HPT out 81.68607591955904 110.87426016719833 2033.9799956862798 104.27724168725003 2008.3400864376997 0.13953554087335931 0.286564145134468
HPT 0.9221625108868889
duct45 out 81.68607591955904 110.31988886636233 2033.9800124328008 103.75585547881377 2008.4683025364927 0.1388291431911886 0.28583816832986775
LPT out 81.68607591955904 18.690653235390517 1369.595650946457 17.57855936788478 1342.9921170636944 0.03517865486710426 0.3396643077838714
LPT  0.9209772894810226
duct5 out 81.68607591955904 18.50374670303661 1369.5956546908449 17.402773774205933 1343.2523097548228 0.03481993514274897 0.3379768337585353
core nozzle out 81.68607591955904 18.50374670303661 1369.5956546908449 12.2277 1225.4398489662624 0.026824304296809806 0.821901455473609
duct 17 out 1577.3303921159068 17.013854332238477 553.0529317668908
bypass nozzle out 1577.3303921159068 17.013854332238477 553.0529317668908 12.2277 503.31126451110777 0.06562020712757938 0.7014976246503845
 
1.7990619708697377
HP power balance:  -25037.148012703452 = 24887.181576491686  +  150.0  HP extraction
LP power balance:  -15191.756175096525 + -6401.11189151229 = -21592.868066608815 21592.669587499775
 
converged
CASE #  165
True
--- 0.5 5000.0 ----------------------------------------------------
fan Nc = 0.7954846596457805      burner temperature = 2775.0381316094426    ambient Ps = 12.227656379121537
1.9290673864602645
inlet in 1529.073025681333 14.660428303607457 525.9909462912843 12.227656379121537 500.8385490043043 0.07541159832324353 0.0
inlet out 1529.073025681333 14.631107447000241 525.9909462915273 13.760556553903726 516.9903319326551 0.07199855539794017 0.2944472893518222
fan out 1529.0729950998725 16.61441448259106 546.146944958896 15.62585682087689 535.9262601617473 0.07885367829442827 0.3082430694950196
duct2 out 66.58188488474792 16.44827033776515 546.1469449609075 15.469598252668122 536.0284670114327 0.0780496207961231 0.3066690957133125
LPC out 66.58188355311023 46.793051744486235 787.0343905920092 44.0088651656893 773.5115143969671 0.1537479497175387 0.2985831367835243
duct25 out 66.58188355311023 46.091155968318944 787.0343908721464 43.34873218820396 773.7143577841794 0.1514021690889067 0.29629739991034476
HPC out 56.4854067311166 408.49154849790835 1537.2879042423453 384.1863013622828 1512.721584128472 0.6857372095056514 0.30481211263760344
burner out 57.66653824723054 392.151886557992 2775.0381316094426 0.0 0.0 0.37976404092434946 0.0
HPT out 67.76301506922418 88.07974227238297 1869.8291208541348 82.83899760717618 1842.1209097872602 0.12086031503520471 0.3071050060807346
HPT 0.9220595627259089
duct45 out 67.76301506922418 87.63934356102105 1869.829135304466 82.4248026191403 1842.2572677949056 0.12024694279109956 0.3063402623787425
LPT out 67.76301506922418 16.61138353730231 1267.6418018574402 15.623006216832822 1245.3064232005272 0.03371887290791152 0.31947052228829154
LPT  0.92462868914042
duct5 out 67.76301506922418 16.445269701929288 1267.6418042366727 15.466776154664494 1245.523980365748 0.03337565572583489 0.3178927937651451
core nozzle out 67.76301506922418 16.445269701929288 1267.6418042366727 12.2277 1175.1193731537066 0.027975800463515114 0.6663729494964239
duct 17 out 1462.4911102151245 16.36519826535219 546.1469449619133
bypass nozzle out 1462.4911102151245 16.36519826535219 546.1469449619133 12.2277 503.3694042238202 0.06561322849469295 0.6504444549185338
 
1.5432326360525157
HP power balance:  -18947.349153944568 = 18797.290073126558  +  150.0  HP extraction
LP power balance:  -10435.613956798616 + -5480.453547326867 = -15916.067504125484 15916.574552965112
 
converged
CASE #  166
True
--- 0.5 5000.0 ----------------------------------------------------
fan Nc = 0.7454847325699543      burner temperature = 2527.775927396242    ambient Ps = 12.227656379121537
1.8859326549466213
inlet in 1405.8811098157225 14.660428303607457 525.9909462912843 12.227656379121537 500.8385490043043 0.07541159832324353 0.0
inlet out 1405.8811098157225 14.631107447000241 525.9909462915273 13.760556553903726 516.9903319326551 0.07199855539794017 0.2944472893518222
fan out 1405.8810816981004 15.99597400363977 540.0563835386097 15.044213550423203 530.21614459899 0.07676176856552798 0.3040563638510423
duct2 out 55.87000474887176 15.836014263603372 540.0563835403615 14.89377141491897 530.3145469898622 0.07597976411878543 0.3025045299416862
LPC out 55.87000363147167 43.98399068242697 784.4683885137508 41.366943236822564 771.757311845829 0.14484470461854396 0.2898030417033573
duct25 out 55.87000363147167 43.324230822190565 784.4683887701515 40.74643908827022 771.9479782205734 0.14263707995998517 0.2875866463101342
HPC out 47.39787628079531 326.44748028491466 1469.2097663318584 307.02385520796224 1446.321755266985 0.5730990287298844 0.2993664662985056
burner out 48.23063126669729 313.38958107351806 2527.775927396242 0.0 0.0 0.33320831671581375 0.0
HPT out 56.70275861737365 70.17777359895452 1698.8864264469944 66.00219606981672 1672.3243573115392 0.10609264838188309 0.31074478483911394
HPT 0.9219294994220769
duct45 out 56.70275861737365 69.82688473095975 1698.8864364603282 65.67218508946765 1672.3912552261197 0.10555797556831825 0.310347460437351
LPT out 56.70275861737365 15.213946649141564 1174.3738011842643 14.308716823517639 1155.0596114622215 0.03329808125181122 0.30519315640805494
LPT  0.9293836897806693
duct5 out 56.70275861737365 15.061807182650147 1174.3738026939304 14.165629655282462 1155.2527547284135 0.03295977214215391 0.3036393055399066
core nozzle out 56.70275861737365 15.061807182650147 1174.3738026939304 12.2277 1115.223309777532 0.029479221718926755 0.5420600738758776
duct 17 out 1350.0110769492287 15.756034393585173 540.0563835412374
bypass nozzle out 1350.0110769492287 15.756034393585173 540.0563835412374 12.2277 503.5769801442973 0.0655883127172064 0.6005340901077993
 
1.3270045672406883
HP power balance:  -14448.679401824309 = 14298.714570866237  +  150.0  HP extraction
LP power balance:  -6695.565916155265 + -4664.591949631123 = -11360.157865786387 11360.222572256058
 
converged
CASE #  167
True
--- 0.5 5000.0 ----------------------------------------------------
fan Nc = 0.695483828510905      burner temperature = 2250.383879754496    ambient Ps = 12.227656379121537
1.7647667377656644
inlet in 1276.5382119017577 14.660428303607457 525.9909462912843 12.227656379121537 500.8385490043043 0.07541159832324353 0.0
inlet out 1276.5382119017577 14.631107447000241 525.9909462915273 13.760556553903726 516.9903319326551 0.07199855539794017 0.2944472893518222
fan out 1276.5381863709936 15.394297253215266 533.9630841860364 14.478336566648956 524.4929785658592 0.07468783795625789 0.2998866742232029
duct2 out 45.17910675463108 15.240354280683112 533.9630841875445 14.333553200982466 524.5876796233142 0.07392763475555941 0.2983568594088431
LPC out 45.179105851048945 41.30808627169332 785.460090351064 38.850255138527565 771.7718455065807 0.13603008101587483 0.3007333965362246
duct25 out 45.179105851048945 40.68846497761792 785.4600905943772 38.26750131144965 771.1346633715897 0.13409933514578867 0.3077772875217508
HPC out 38.328146239795885 248.46960063481973 1397.7288642091667 233.68565939704794 1373.8149846256094 0.4593385522494214 0.3116337439641734
burner out 38.85984466395811 238.53081660942692 2250.383879754496 0.0 0.0 0.2848744668741583 0.0
HPT out 45.71080427521117 53.28484315795037 1509.1341961978746 50.11439499005232 1487.2007320113232 0.09058799039557879 0.2940161701888545
HPT 0.9212371169007931
duct45 out 45.71080427521117 53.018418942160615 1509.134201622431 49.86382301510206 1486.9482136780139 0.09015061002072576 0.2957227520407299
LPT out 45.71080427521117 14.104642685113562 1079.6533899456567 13.265416445349306 1062.9958114047463 0.033554638458755844 0.2921587080778245
LPT  0.9404090028471624
duct5 out 45.71080427521117 13.963596258262427 1079.6533908373472 13.132762280895813 1063.1623879991691 0.03321400145002131 0.29067252413986766
core nozzle out 45.71080427521117 13.963596258262427 1079.6533908373472 12.2277 1045.3946612369898 0.031443682104915036 0.42217146732196503
duct 17 out 1231.3590796163624 15.163382794417036 533.9630841882986
bypass nozzle out 1231.3590796163624 15.163382794417036 533.9630841882986 12.2277 503.6110979622871 0.06558421748323415 0.5477631555303318
 
1.0995018298346242
HP power balance:  -10402.266466415369 = 10252.587777110068  +  150.0  HP extraction
LP power balance:  -3445.8318307566215 + -3880.6497047201087 = -7326.481535476731 7326.836715770302
 
running back to full power
constraints False
True
converged
constraints False
True
converged
CASE #  170
True
--- 0.5 2000.0 ----------------------------------------------------
fan Nc = 0.8798436423752509      burner temperature = 3360.0037023575132    ambient Ps = 13.66439611956436
2.002695491105541
inlet in 1954.8232259726183 16.148494760248024 537.2210234062451 13.66439611956436 511.53795988022637 0.08128585060885613 0.0
inlet out 1954.8232259726183 16.116197770727528 537.2210234065814 15.15728400336924 527.306826444843 0.07777157833509993 0.3060275403709509
fan out 1954.8231868761536 19.331437187162372 571.5337374744626 18.181216674526212 558.5453497122927 0.08796620248986835 0.34095860093170394
duct2 out 97.74485579958903 19.13812281529075 571.5337374791118 17.99940450778095 558.6752335933495 0.08706741619592356 0.3392106178457491
LPC out 97.7448538446919 54.130827059370404 795.8571467578115 50.91004284933786 783.0702612661763 0.17566821357899004 0.28860884035458584
duct25 out 97.7448538446919 53.31886465347985 795.8571470770635 50.146392206597795 783.2620648323425 0.172989916019286 0.28640186819384045
HPC out 82.92282420768282 664.0678344032303 1705.4319747593256 624.5557982562382 1679.077488357721 1.004342574656201 0.30351043997066873
burner out 85.34013238474053 637.5051210271012 3360.0037023575132 0.0 0.0 0.5097315505249289 0.0
HPT out 100.16216202174961 143.92549260372675 2281.6621341123905 135.361925793805 2245.4041175303905 0.16198479151393075 0.3280991579325356
HPT 0.9223224863691336
duct45 out 100.16216202174961 143.2058651407081 2281.662136240371 134.68511616483596 2245.5825796897384 0.1611618192023792 0.3272813026153792
LPT out 100.16216202174961 23.25383652034399 1544.166420734011 21.870233247383524 1523.0222915067015 0.038593655499398125 0.2899118084273146
LPT  0.9155629083994425
duct5 out 100.16216202174961 23.021298155140553 1544.1664263539283 21.65153091490969 1523.2337381021018 0.03820242811086278 0.2884399112993303
core nozzle out 100.16216202174961 23.021298155140553 1544.1664263539283 13.6644 1341.4262072761485 0.027375644418398352 0.9473519009665472
duct 17 out 1857.0783310765646 19.041465629354935 571.5337374814364
bypass nozzle out 1857.0783310765646 19.041465629354935 571.5337374814364 13.6644 514.1227907159569 0.07188007974279226 0.7461056397975194
 
2.011048277271578
HP power balance:  -34087.30588759527 = 33937.49476619774  +  150.0  HP extraction
LP power balance:  -22753.253175312602 + -7500.203452342142 = -30253.456627654745 30253.384346830113
 
converged
CASE #  171
True
--- 0.5 2000.0 ----------------------------------------------------
fan Nc = 0.8298435990721137      burner temperature = 3025.8594881318973    ambient Ps = 13.66439611956436
2.015294133291107
inlet in 1804.6261945709682 16.148494760248024 537.2210234062451 13.66439611956436 511.53795988022637 0.08128585060885613 0.0
inlet out 1804.6261945709682 16.116197770727528 537.2210234065814 15.15728400336924 527.306826444843 0.07777157833509993 0.3060275403709509
fan out 1804.6261584784445 18.599389469799355 563.4728823283363 17.492725796346292 550.9763420861229 0.08571817456288998 0.336699179749498
duct2 out 84.64909409015496 18.41339557510136 563.4728823320262 17.317798538382828 551.1013074911116 0.08484328952926912 0.334973973244829
LPC out 84.64909239717309 52.26116456527138 792.648504971766 49.15162527363773 779.4621479768043 0.17039859305286942 0.29374446316289127
duct25 out 84.64909239717309 51.477247096792304 792.6485052709487 48.41435089453316 778.9934279242293 0.16794471321134596 0.2990072863573886
HPC out 71.81290402606575 543.7630925453536 1617.4179037520857 511.4091885389051 1592.0039710422025 0.8673010364005573 0.30425474975957323
burner out 73.55400251324737 522.0125688435395 3025.8594881318973 0.0 0.0 0.46357151342887654 0.0
HPT out 86.39019088435471 117.32626004196221 2038.4867301397378 110.34534756946546 2011.355321676156 0.14743730781541423 0.2945750805363172
HPT 0.9221678893896971
duct45 out 86.39019088435471 116.7396287417524 2038.4867478918666 109.79362083161811 2011.4909962538459 0.14669035722010818 0.2938283055483326
LPT out 86.39019088435471 19.59738843086804 1378.5919400359003 18.43134381923139 1350.4723390751408 0.036675110692703905 0.34861430007962285
LPT  0.9177048072459111
duct5 out 86.39019088435471 19.40141454655936 1378.5919440972864 18.247030381039075 1350.7535387488833 0.03630106432603837 0.34683299038677845
core nozzle out 86.39019088435471 19.40141454655936 1378.5919440972864 13.6644 1245.436087887691 0.029486544026017063 0.7847727004989035
duct 17 out 1719.9770643882896 18.320398627752365 563.4728823338712
bypass nozzle out 1719.9770643882896 18.320398627752365 563.4728823338712 13.6644 514.1974069334669 0.07187007106996918 0.6910712177946373
 
1.73857159404478
HP power balance:  -26620.232725230602 = 26469.790682094135  +  150.0  HP extraction
LP power balance:  -16065.099201688163 + -6633.519661441562 = -22698.618863129726 22699.64804480913
 
converged
CASE #  172
True
--- 0.5 2000.0 ----------------------------------------------------
fan Nc = 0.779843784974561      burner temperature = 2777.0434717445773    ambient Ps = 13.66439611956436
2.01746738823249
inlet in 1661.2587774477283 16.148494760248024 537.2210234062451 13.66439611956436 511.53795988022637 0.08128585060885613 0.0
inlet out 1661.2587774477283 16.116197770727528 537.2210234065814 15.15728400336924 527.306826444843 0.07777157833509993 0.3060275403709509
fan out 1661.2587442225527 17.96245421426163 556.5035232102836 16.893688188513064 544.9046413162057 0.08376267694722278 0.3259516810904732
duct2 out 70.12475272672191 17.782829672119014 556.5035232131931 16.72475130662793 545.015140898411 0.08290690868575626 0.3243654068704892
LPC out 70.12475132422685 49.98472507325662 795.7202962723571 47.01063393139785 781.2750483047957 0.1625927696855988 0.3070973967642348
duct25 out 70.12475132422685 49.23495419715777 795.7202965979534 46.30547442242688 781.4917273089989 0.16010873587249863 0.30474423006046225
HPC out 59.491034033421094 430.40305507904054 1545.6949363648584 404.7940733018376 1521.8939750813606 0.7182092476594957 0.29917969909832254
burner out 60.7296464965873 413.1869328758789 2777.0434717445773 0.0 0.0 0.3998464515020608 0.0
HPT out 71.36336378739306 92.75122492972892 1871.96654692328 87.23252704641004 1844.2146530385494 0.1271232165160564 0.3072098657658493
HPT 0.9220433243698251
duct45 out 71.36336378739306 92.28746880508028 1871.9665614752612 86.796364411178 1844.103994022746 0.1264953510820304 0.3078283215498333
LPT out 71.36336378739306 17.64848323209946 1276.19406930771 16.59839847978954 1252.2920526668931 0.035621619776815945 0.3298177556614545
LPT  0.9226164587070877
duct5 out 71.36336378739306 17.471998399778464 1276.1940719388388 16.432414494991644 1252.5310752080368 0.03525890809543915 0.3281350286681717
core nozzle out 71.36336378739306 17.471998399778464 1276.1940719388388 13.6644 1191.8069186465482 0.03081884148470849 0.6327268376390847
duct 17 out 1591.1339914958307 17.693017401047705 556.5035232146479
bypass nozzle out 1591.1339914958307 17.693017401047705 556.5035232146479 13.6644 514.3027764640825 0.07185593729057582 0.6393635135574693
 
1.484856725287434
HP power balance:  -19967.33404275394 = 19817.523425397536  +  150.0  HP extraction
LP power balance:  -10857.098464449982 + -5735.462621530375 = -16592.561085980356 16592.638003252185
 
converged
CASE #  173
True
--- 0.5 2000.0 ----------------------------------------------------
fan Nc = 0.7298437259386503      burner temperature = 2497.945138729704    ambient Ps = 13.66439611956436
1.9228903127266823
inlet in 1510.6477117624263 16.148494760248024 537.2210234062451 13.66439611956436 511.53795988022637 0.08128585060885613 0.0
inlet out 1510.6477117624263 16.116197770727528 537.2210234065814 15.15728400336924 527.306826444843 0.07777157833509993 0.3060275403709509
fan out 1510.647681549472 17.333238300746583 549.7550498090804 16.30191062185216 539.0921663630648 0.0817586601964242 0.3139259664931067
duct2 out 57.4965079545114 17.159905917739117 549.7550498112976 16.138891515633638 539.1987951994187 0.08092418081668523 0.31232188412752954
LPC out 57.496506804581244 47.270925904831216 797.0059754891569 44.45830581349375 783.3449970258467 0.1533511462676174 0.298258918877107
duct25 out 57.496506804581244 46.56186201625875 797.0059758007832 43.79143122629135 783.5499119778366 0.1510105055173373 0.2959757464465256
HPC out 48.77773651273455 333.9048328518383 1472.8877318454588 314.0374952971539 1449.3869070671976 0.5849108583364945 0.3031766503908639
burner out 49.60668797242734 320.54863953776476 2497.945138729704 0.0 0.0 0.34486704046599503 0.0
HPT out 58.32545826427403 71.74974420799705 1679.482603171362 67.48063442762123 1653.6429714311348 0.10967815951837774 0.30794796114907136
HPT 0.9218731057676912
duct45 out 58.32545826427403 71.39099548695707 1679.482612524966 67.14323125548312 1653.473363684953 0.10914067959865832 0.3089718838188662
LPT out 58.32545826427403 16.252881719737488 1172.5552472241075 15.285835257413105 1151.9077890365477 0.03566617533625564 0.3158109058631578
LPT  0.9310548683497665
duct5 out 58.32545826427403 16.09035290254011 1172.5552488396836 15.132976904838975 1152.1142650715067 0.035303428426855785 0.314201200093286
core nozzle out 58.32545826427403 16.09035290254011 1172.5552488396836 13.6644 1121.827201581782 0.032751550618358806 0.5003981963689544
duct 17 out 1453.1511735949607 17.073239726235386 549.7550498124061
bypass nozzle out 1453.1511735949607 17.073239726235386 549.7550498124061 13.6644 514.5111002424848 0.07182799370660875 0.5840437931357719
 
1.2499466715356473
HP power balance:  -14690.10097881687 = 14540.250861734201  +  150.0  HP extraction
LP power balance:  -6411.199031369857 + -4859.812170130828 = -11271.011201500685 11270.40066953951
 
converged
CASE #  174
True
--- 0.5 2000.0 ----------------------------------------------------
fan Nc = 0.6798436320769413      burner temperature = 2207.112694713225    ambient Ps = 13.66439611956436
1.7799807454063978
inlet in 1365.6704205704068 16.148494760248024 537.2210234062451 13.66439611956436 511.53795988022637 0.08128585060885613 0.0
inlet out 1365.6704205704068 16.116197770727528 537.2210234065814 15.15728400336924 527.306826444843 0.07777157833509993 0.3060275403709509
fan out 1365.6703932569985 16.72825309560506 543.6206359741352 15.732922036416557 533.3299211083984 0.07979494849610717 0.3100400983267468
duct2 out 45.65822257956101 16.560970564649008 543.6206359760803 15.575592816052392 533.432828258699 0.07898126487753075 0.308456605214228
LPC out 45.65822166639656 44.51302486267806 799.6132068075594 41.864499883348714 786.7492430191205 0.14376305556843944 0.28881554227556694
duct25 out 45.65822166639656 43.845329489737885 799.6132071080841 41.23653238509848 786.9422027440302 0.14157080973341346 0.2866069341427764
HPC out 38.73460893290418 248.54731731476153 1398.7572768118075 233.7587519345332 1374.8359179336471 0.4591413562561755 0.3115741823111162
burner out 39.24309790653469 238.60542462217106 2207.112694713225 0.0 0.0 0.2905721033480536 0.0
HPT out 46.16671064002707 53.324531374928775 1482.0067854637582 50.15172175812051 1460.2781209153447 0.09232528648977915 0.2945579324383895
HPT 0.9204790836757283
duct45 out 46.16671064002707 53.05790871805413 1482.0067905432927 49.900963149329904 1460.0822590080722 0.09187573773985024 0.29590111271642183
LPT out 46.16671064002707 15.238217103722027 1077.2328031741497 14.331543186050565 1059.2208500156587 0.03637780421586446 0.3041394405731603
LPT  0.9448581208074274
duct5 out 46.16671064002707 15.085834932684806 1077.2328041365417 14.18822775419006 1059.4009704117302 0.0360080791708016 0.3025903800416194
core nozzle out 46.16671064002707 15.085834932684806 1077.2328041365417 13.6644 1049.0358076188375 0.0350113202940764 0.38225476278419074
duct 17 out 1320.0121706774373 16.477329299170982 543.6206359770529
bypass nozzle out 1320.0121706774373 16.477329299170982 543.6206359770529 13.6644 514.5377965546545 0.07182441278729917 0.5305305465470826
 
1.018878172218103
HP power balance:  -10295.550446395466 = 10145.547489019256  +  150.0  HP extraction
LP power balance:  -2959.273074539554 + -3995.0275575510004 = -6954.300632090554 6954.369650430276
 
running back to full power
constraints False
True
converged
constraints False
True
converged
CASE #  177
True
--- 0.4 2000.0 ----------------------------------------------------
fan Nc = 0.8844435292535459      burner temperature = 3359.995497087645    ambient Ps = 13.664400753956075
1.8897351474352082
inlet in 1827.0943790744777 15.254220646561084 527.9751349827845 13.664400753956075 511.538007795142 0.07816888375212817 0.0
inlet out 1827.0943790744777 15.223712205267962 527.9751349830487 14.317901329054516 518.6099681187413 0.07468707737290788 0.29988724177777876
fan out 1827.09434253259 18.655433621321777 563.9350583269952 17.54543532085313 551.4008631937621 0.08591553221772635 0.3370779658197468
duct2 out 96.0143088368658 18.46887928510856 563.9350583307413 17.369980967644597 551.526205147711 0.08503856675882257 0.3353507347807366
LPC out 96.01430691657963 51.98957600173218 787.2505683267337 48.89619622962912 773.9018228889186 0.17073630651096197 0.29658152510024627
duct25 out 96.01430691657963 51.2097323617062 787.2505686088035 48.16275328618468 773.4355386433302 0.1682763025611256 0.3018057231032515
HPC out 81.4546974157495 652.2706380978058 1699.2971915528694 613.4605351309863 1672.954073634987 0.9901155003717992 0.30379836549988937
burner out 83.83682255139067 626.1798125738935 3359.995497087645 0.0 0.0 0.5006758891846012 0.0
HPT out 98.3964320522208 141.27985658641916 2279.396558895286 132.87370511952722 2243.8400976383687 0.1591196944464759 0.32501545254912334
HPT 0.9223463371760452
duct45 out 98.3964320522208 140.57345730348706 2279.396561234797 132.20933659392958 2244.015254940469 0.15831152464926676 0.32420467124933877
LPT out 98.3964320522208 22.8499249074031 1544.8962330631082 21.490354375412615 1524.1219423526688 0.03789591561125496 0.28729202469714865
LPT  0.9148196982660888
duct5 out 98.3964320522208 22.62142565832907 1544.8962385838706 21.27545083165849 1524.329690475444 0.037511848464673446 0.2858337665489524
core nozzle out 98.3964320522208 22.62142565832907 1544.8962385838706 13.6644 1347.55556116441 0.027247366715823236 0.9329825194034405
duct 17 out 1731.080033695724 18.37560211700195 563.9350583326144
bypass nozzle out 1731.080033695724 18.37560211700195 563.9350583326144 13.6644 514.0498252377163 0.07188986699311746 0.6954385458119242
 
2.1294921588748053
HP power balance:  -33546.030072398295 = 33397.433568018045  +  150.0  HP extraction
LP power balance:  -22271.863914494737 + -7330.60678565588 = -29602.470700150618 29601.53194177608
 
converged
CASE #  178
True
--- 0.4 2000.0 ----------------------------------------------------
fan Nc = 0.834443558115668      burner temperature = 3030.20164202933    ambient Ps = 13.664400753956075
1.8549546219455069
inlet in 1664.679838047829 15.254220646561084 527.9751349827845 13.664400753956075 511.538007795142 0.07816888375212817 0.0
inlet out 1664.679838047829 15.223712205267962 527.9751349830487 14.317901329054516 518.6099681187413 0.07468707737290788 0.29988724177777876
fan out 1664.679804754232 17.91680286420905 555.9678186540111 16.850753093788608 544.4422357364195 0.08362628347597102 0.3250360306559928
duct2 out 83.14268508782045 17.737634835566958 555.9678186568631 16.682245562850724 544.5524544853215 0.08277197124478518 0.3234481673790972
LPC out 83.14268342496676 50.276023692356205 784.0021861134605 47.284600282661 769.6288725163776 0.1660179542825185 0.3085854104359719
duct25 out 83.14268342496676 49.52188333697086 784.0021863985852 46.57533127842109 769.6906964007718 0.16351472969330758 0.3079089716590148
HPC out 70.53492691040479 534.4479826471693 1610.6106536536972 502.6483276796627 1585.7948982580208 0.8558406263015201 0.30097246126070587
burner out 72.25794984548956 513.0700633412825 3030.20164202933 0.0 0.0 0.45497366977530324 0.0
HPT out 84.86570636005153 115.28760415492984 2040.8819355065714 108.4279917077115 2014.2290794009461 0.1446706967698557 0.2918189458919622
HPT 0.9222030727655119
duct45 out 84.86570636005153 114.71116613415519 2040.8819528719998 107.88585174917296 2014.36236084343 0.143937918119821 0.29107933640244193
LPT out 84.86570636005153 19.433461199323393 1382.294362783843 18.27717025796365 1354.4165240979478 0.03626570787522153 0.3466927762910447
LPT  0.91742706909699
duct5 out 84.86570636005153 19.23912658733016 1382.2943668501919 18.094398555384014 1354.69530616223 0.03589587878123301 0.34492167870513296
core nozzle out 84.86570636005153 19.23912658733016 1382.2943668501919 13.6644 1252.4684507701575 0.029318941259705078 0.7732557454451778
duct 17 out 1581.5371196664116 17.648050821245914 555.9678186582892
bypass nozzle out 1581.5371196664116 17.648050821245914 555.9678186582892 13.6644 514.2771964389755 0.07185936847632399 0.6354928843897547
 
1.8676088271081257
HP power balance:  -26181.31668765729 = 26031.385368198677  +  150.0  HP extraction
LP power balance:  -15788.145064940356 + -6479.812812485593 = -22267.95787742595 22268.275162232956
 
converged
CASE #  179
True
--- 0.4 2000.0 ----------------------------------------------------
fan Nc = 0.7844435551676495      burner temperature = 2782.9726175324795    ambient Ps = 13.664400753956075
1.7716412694232129
inlet in 1503.854969646981 15.254220646561084 527.9751349827845 13.664400753956075 511.538007795142 0.07816888375212817 0.0
inlet out 1503.854969646981 15.223712205267962 527.9751349830487 14.317901329054516 518.6099681187413 0.07468707737290788 0.29988724177777876
fan out 1503.8549395698817 17.24845062454096 549.0773327813138 16.22216781238077 538.4666081464983 0.081458343661371 0.31333685148761586
duct2 out 69.05801177154261 17.07596611829555 549.0773327834978 16.059946134256965 538.5727153947098 0.08062703230899365 0.31173589264675333
LPC out 69.05801039038236 47.974210314642775 784.6978094862689 45.11974480092153 770.8335864705003 0.15817250820501716 0.30284003945279014
duct25 out 69.05801039038236 47.25459715992314 784.6978097666048 44.44294862890771 771.0415500583897 0.15575833676325698 0.30052060424208454
HPC out 58.58605369478478 424.30967857458756 1537.409813038143 399.0632526993996 1513.8170008780046 0.7117836734978125 0.2986105879993836
burner out 59.81930484745917 407.33729143160406 2782.9726175324795 0.0 0.0 0.3933405830824866 0.0
HPT out 70.29126154305675 91.40740261778821 1874.7954662398222 85.9686621620298 1846.669222114031 0.12511053943387035 0.3092114229080797
HPT 0.9220972124100518
duct45 out 70.29126154305675 90.95036560469927 1874.79548056914 85.53881885121966 1846.5602017346375 0.12449251193397591 0.30981639662444166
LPT out 70.29126154305675 17.554234876475103 1280.8505510797456 16.509757901324836 1257.083020088944 0.03530042230665844 0.32836144440390297
LPT  0.922300773231257
duct5 out 70.29126154305675 17.378692527710353 1280.8505537373503 16.344660322311586 1257.320697804089 0.03494099366713703 0.3266864315706918
core nozzle out 70.29126154305675 17.378692527710353 1280.8505537373503 13.6644 1198.160052600309 0.03064965028220197 0.62516242177982
duct 17 out 1434.796927798339 16.989723865172845 549.0773327845899
bypass nozzle out 1434.796927798339 16.989723865172845 549.0773327845899 13.6644 514.696852614969 0.07180307774618694 0.5767420647425405
 
1.6297974445632444
HP power balance:  -19714.077190508615 = 19564.06425835339  +  150.0  HP extraction
LP power balance:  -10745.313774131946 + -5560.17932854522 = -16305.493102677166 16305.859292645822
 
converged
CASE #  180
True
--- 0.4 2000.0 ----------------------------------------------------
fan Nc = 0.7344433957883888      burner temperature = 2521.909672341112    ambient Ps = 13.664400753956075
1.5834454900813262
inlet in 1338.2427114567115 15.254220646561084 527.9751349827845 13.664400753956075 511.538007795142 0.07816888375212817 0.0
inlet out 1338.2427114567115 15.223712205267962 527.9751349830487 14.317901329054516 518.6099681187413 0.07468707737290788 0.29988724177777876
fan out 1338.2426846918572 16.56740753930739 542.557273936007 15.5816467907186 532.3655063865056 0.07917521669467072 0.30882192382127405
duct2 out 57.312505067988056 16.401733463914315 542.5572739379 15.42583032281141 532.4674240635984 0.07836803151324861 0.3072448807245725
LPC out 57.31250392173796 45.16146791104941 783.4977720420121 42.474360570341965 770.4464124445203 0.14897279536751645 0.2939001806957211
duct25 out 57.31250392173796 44.48404589238366 783.4977723025893 41.83724516178683 770.6421830656665 0.1467013528158611 0.2916514468713446
HPC out 48.62163582704561 334.4617713663635 1467.1136859705218 314.56129597006486 1443.735096129362 0.5882506409115336 0.3027084689641022
burner out 49.47245899276917 321.08330051170896 2521.909672341112 0.0 0.0 0.34218320628001775 0.0
HPT out 58.16332708746152 71.83318759797865 1694.2320340273618 67.55911293589892 1668.4495589967123 0.10884621683368294 0.3064641373855037
HPT 0.9219627033726282
duct45 out 58.16332708746152 71.47402165998875 1694.232043635541 67.22131737121941 1668.2798707635516 0.10831291438873707 0.3074856932645362
LPT out 58.16332708746152 16.265158018465552 1184.6260774095945 15.297381116366852 1163.975610203013 0.03533324975519495 0.3144088188498216
LPT  0.9293886551655289
duct5 out 58.16332708746152 16.102506438280898 1184.6260791117288 15.144407305203185 1164.182116416167 0.03497382667423577 0.312806548224166
core nozzle out 58.16332708746152 16.102506438280898 1184.6260791117288 13.6644 1133.2372862008378 0.03241999195941784 0.501799474009588
duct 17 out 1280.9301796238692 16.31889642621778 542.5572739388465
bypass nozzle out 1280.9301796238692 16.31889642621778 542.5572739388465 13.6644 515.1124699278582 0.07174732877038609 0.5150892595539065
 
1.427116621885399
HP power balance:  -14794.68910924017 = 14644.637305491793  +  150.0  HP extraction
LP power balance:  -6607.567007088111 + -4717.337755735728 = -11324.904762823839 11325.123295230795
 
converged
CASE #  181
True
--- 0.4 2000.0 ----------------------------------------------------
fan Nc = 0.6844435295084073      burner temperature = 2241.4822801622245    ambient Ps = 13.664400753956075
1.2386981659339216
inlet in 1166.5269522455592 15.254220646561084 527.9751349827845 13.664400753956075 511.538007795142 0.07816888375212817 0.0
inlet out 1166.5269522455592 15.223712205267962 527.9751349830487 14.317901329054516 518.6099681187413 0.07468707737290788 0.29988724177777876
fan out 1166.52692891502 15.934928380672856 536.2592947633087 14.98680014202282 526.45660924204 0.0770219117024055 0.30454431647994656
duct2 out 46.25507765602218 15.775579096866128 536.2592947649391 14.836932140602594 526.5546360986101 0.07623741542350848 0.3029898981561135
LPC out 46.25507673092062 42.37785405261849 783.938971730238 39.85637173648769 771.3508136170774 0.13962839242759223 0.2884725490113366
duct25 out 46.25507673092062 41.74218624182921 783.9389719759002 39.25852616044037 770.6971301888814 0.13764942760617807 0.295990129626974
HPC out 39.240956895443816 253.86627997431654 1394.5196779536493 238.76123631584468 1371.2004974728504 0.47020684572801674 0.3080143110896534
burner out 39.78128702320091 243.71162877534388 2241.4822801622245 0.0 0.0 0.2922382154684034 0.0
HPT out 46.795406858677715 54.399167777566184 1502.1781167944275 51.16241729480099 1479.972405322926 0.09293960027313128 0.2961762504347876
HPT 0.9212350533156556
duct45 out 46.795406858677715 54.12717193867835 1502.1781222175632 50.90660520832699 1480.0831501807852 0.09246793553304203 0.29542695801874086
LPT out 46.795406858677715 15.30847901690067 1090.8159980987862 14.397624515395078 1072.734527032154 0.0360923287121845 0.30304421483015465
LPT  0.9414428590451311
duct5 out 46.795406858677715 15.155394226731662 1090.8159991331643 14.253648270241127 1072.915342679612 0.035725408014106244 0.3015009647508745
core nozzle out 46.795406858677715 15.155394226731662 1090.8159991331643 13.6644 1061.2181109138294 0.03462045514885056 0.3897215468615455
duct 17 out 1120.271851258998 15.695904454962763 536.2592947657544
bypass nozzle out 1120.271851258998 15.695904454962763 536.2592947657544 13.6644 515.2555966369429 0.07172813041845569 0.45054760768216423
 
1.2289380356187847
HP power balance:  -10617.932879325894 = 10467.950127742766  +  150.0  HP extraction
LP power balance:  -3272.1160724309175 + -3912.8775506186303 = -7184.993623049548 7184.983472557228
 
running back to full power
constraints False
True
converged
constraints False
True
converged
CASE #  184
True
--- 0.3 2000.0 ----------------------------------------------------
fan Nc = 0.8888600471295559      burner temperature = 3359.999516299372    ambient Ps = 13.664399912079105
1.7822466946072322
inlet in 1722.084692926858 14.558674113691813 520.783888429038 13.664399912079105 511.5379990909868 0.07563234721931666 0.0
inlet out 1722.084692926858 14.529556765464429 520.7838884292505 13.665048137919294 511.8457449743048 0.07218893602764917 0.29487741185680766
fan out 1722.084658485164 18.136514056432848 558.2779725982492 17.057391470075093 546.4222435983122 0.08432024346424755 0.32915458514216706
duct2 out 94.59680204773557 17.95514891586852 558.2779726013551 16.88681755537434 546.5338139440364 0.08345854624460643 0.32757228276053063
LPC out 94.59680015579951 50.40504414935821 781.1266433963511 47.405944022471395 766.8304737461318 0.16704086212496155 0.3083036506753875
duct25 out 94.59680015579951 49.648968487117834 781.1266436689042 46.69485486213432 766.7784268929171 0.16454618365195695 0.3088745801378908
HPC out 80.25214138017407 642.7108044648921 1695.0874761036082 604.469511599231 1669.0223625970623 0.9778912946156983 0.3025233645785825
burner out 82.60423830716903 617.0023722862965 3359.999516299372 0.0 0.0 0.4933362428753971 0.0
HPT out 96.94889708279447 139.14881397394936 2277.7001626125643 130.86945954249936 2242.705782644192 0.15679993348506974 0.3225105880466946
HPT 0.9223624293930988
duct45 out 96.94889708279447 138.4530699040796 2277.700165107194 130.21511224478687 2242.878281457719 0.15600374002185255 0.3217056067943226
LPT out 96.94889708279447 22.52573148091221 1545.368736999704 21.18545045779793 1524.890927416179 0.03733937598643135 0.2851835557961342
LPT  0.9144746617119723
duct5 out 96.94889708279447 22.300474166103086 1545.3687424406407 20.97359595321995 1525.0957106569806 0.03696101857676777 0.2837362673085203
core nozzle out 96.94889708279447 22.300474166103086 1545.3687424406407 13.6644 1352.4433997964272 0.02714872910991196 0.921138091543194
duct 17 out 1627.4878564374285 17.864466345586354 558.277972602908
bypass nozzle out 1627.4878564374285 17.864466345586354 558.277972602908 13.6644 514.1548466859073 0.07187577990388369 0.6538887995313598
 
2.2395944799851875
HP power balance:  -33101.10747655862 = 32951.095948784015  +  150.0  HP extraction
LP power balance:  -21876.746291884905 + -7204.61683386498 = -29081.363125749886 29081.159621093568
 
converged
CASE #  185
True
--- 0.3 2000.0 ----------------------------------------------------
fan Nc = 0.8388600790588218      burner temperature = 3009.8981810603796    ambient Ps = 13.664399912079105
1.621462185337175
inlet in 1507.010475254443 14.558674113691813 520.783888429038 13.664399912079105 511.5379990909868 0.07563234721931666 0.0
inlet out 1507.010475254443 14.529556765464429 520.7838884292505 13.665048137919294 511.8457449743048 0.07218893602764917 0.29487741185680766
fan out 1507.0104451142333 17.22647574459848 550.1298825032138 16.201500437794873 539.521713536668 0.08118675949410852 0.3130019549622107
duct2 out 80.04502724026442 17.054210987152498 550.1298825054306 16.03948543341692 539.6276856019093 0.08035820657969246 0.31140448724567454
LPC out 80.04502563936389 48.594836319818924 779.2435201041478 45.703443558789694 765.1999403304457 0.16137716951379608 0.3058854463589035
duct25 out 80.04502563936389 47.86591377502164 779.2435203718605 45.01789190540785 765.4105942561007 0.15891384528574704 0.3035418643703698
HPC out 67.90699795141076 512.6724059734963 1599.2167861939931 482.1683978180733 1574.207214486293 0.8270518619040281 0.3027988857465372
burner out 69.55222474001044 492.16550973455645 3009.8981810603796 0.0 0.0 0.4393731107736827 0.0
HPT out 81.69025242796357 110.62309655545754 2027.6374016697478 104.04102231040781 2002.0554347847792 0.1396480039177834 0.28666561863536383
HPT 0.9222074053474518
duct45 out 81.69025242796357 110.06998107268025 2027.6374183291543 103.52081719885577 2002.183361085407 0.13894108334220057 0.2859393757113806
LPT out 81.69025242796357 19.042456897548096 1374.096896862184 17.909430712143983 1346.8692126308079 0.03573448785199828 0.3433325058062819
LPT  0.9196303962947705
duct5 out 81.69025242796357 18.852032328572616 1374.0969007437793 17.730336405022545 1347.1343040770712 0.03536994630782141 0.3416355944033794
core nozzle out 81.69025242796357 18.852032328572616 1374.0969007437793 13.6644 1253.5056565471057 0.029295620117954294 0.7446576470217461
duct 17 out 1426.9654178739688 16.968078608429504 550.1298825065389
bypass nozzle out 1426.9654178739688 16.968078608429504 550.1298825065389 13.6644 515.9622297523231 0.07163334593468251 0.5742601319877192
 
1.9879557062565203
HP power balance:  -24979.030816969942 = 24829.09964260293  +  150.0  HP extraction
LP power balance:  -14974.632354013598 + -6265.910713357957 = -21240.543067371556 21240.067607210993
 
converged
CASE #  186
True
--- 0.3 2000.0 ----------------------------------------------------
fan Nc = 0.7888600530272147      burner temperature = 2701.9790270449653    ambient Ps = 13.664399912079105
1.2246584343529874
inlet in 1248.7640648300974 14.558674113691813 520.783888429038 13.664399912079105 511.5379990909868 0.07563234721931666 0.0
inlet out 1248.7640648300974 14.529556765464429 520.7838884292505 13.665048137919294 511.8457449743048 0.07218893602764917 0.29487741185680766
fan out 1248.7640398548162 16.2069544369118 541.7470017038123 15.242640647915549 531.7769739896135 0.07754068147458236 0.30561090470090757
duct2 out 62.95711037625615 16.044884892542683 541.7470017056393 15.090214241436392 531.8766742682996 0.07675050588481344 0.30405085307731583
LPC out 62.957109117113944 45.52233404214418 784.1367867269083 42.813755166636604 770.9811392769506 0.1500601708901919 0.2949721969579729
duct25 out 62.957109117113944 44.83949903151202 784.1367869913511 42.17154883913705 771.1784742192128 0.14777182643732992 0.2927149968789524
HPC out 53.41029309059479 380.88011931093536 1515.0236955654811 358.2177522119347 1491.3833987171706 0.6485077596591634 0.3006684054171939
burner out 54.475556153694676 365.6449145384979 2701.9790270449653 0.0 0.0 0.36365256070448304 0.0
HPT out 64.02237218021384 82.08454723741569 1819.080995199888 77.20051667678945 1791.8062076328722 0.11579991382654885 0.3077009424767026
HPT 0.922018057251519
duct45 out 64.02237218021384 81.67412450122862 1819.0810078617337 76.81451409340552 1791.6681045078562 0.11522996423020032 0.3084875947993707
LPT out 64.02237218021384 16.91233244209099 1252.442836077919 15.906048661786576 1230.1865354810254 0.034761279809302416 0.31976997047271594
LPT  0.9306193001908227
duct5 out 64.02237218021384 16.74320911767008 1252.4428383783008 15.74698817516871 1230.4082971718824 0.03440741060685807 0.3181470175643614
core nozzle out 64.02237218021384 16.74320911767008 1252.4428383783008 13.6644 1185.0491768820984 0.030999190171878716 0.565810520322281
duct 17 out 1185.80692947856 15.963850120358124 541.7470017065527
bypass nozzle out 1185.80692947856 15.963850120358124 541.7470017065527 13.6644 517.9730168317188 0.0713636282959956 0.47809582382496657
 
1.7650509074494578
HP power balance:  -17426.989435567088 = 17276.983958401717  +  150.0  HP extraction
LP power balance:  -8863.83433707656 + -5213.066605932112 = -14076.900943008672 14076.908479541637
 
converged
CASE #  187
True
--- 0.3 2000.0 ----------------------------------------------------
fan Nc = 0.7388600472309016      burner temperature = 2186.474362141802    ambient Ps = 13.664399912079105
0.28259953132973087
inlet in 868.2354956495548 14.558674113691813 520.783888429038 13.664399912079105 511.5379990909868 0.07563234721931666 0.0
inlet out 868.2354956495548 14.529556765464429 520.7838884292505 13.665048137919294 511.8457449743048 0.07218893602764917 0.29487741185680766
fan out 868.2354782848448 15.000894230426882 528.2998862016555 14.108341023716482 519.0717902095446 0.07352997979561259 0.2975536413860595
duct2 out 42.00222427776683 14.850885288122614 528.2998862029638 13.967257613479317 519.164071170532 0.07278202750923078 0.29603613085727976
LPC out 42.002223437722336 41.9303902929039 806.1605618377156 39.43553207047612 792.7626261005374 0.13435501730094312 0.2939395688210471
duct25 out 42.002223437722336 41.30143443851034 806.160562145243 38.84399908941897 792.1159499976729 0.1324527093172089 0.3010562683007086
HPC out 35.633006275626116 227.58287026816905 1396.0648984497566 214.04168948721298 1374.1612417775577 0.42061998449607674 0.2982120219552493
burner out 36.089855870726055 218.47955545744227 2186.474362141802 0.0 0.0 0.26858759605315974 0.0
HPT out 42.459073032822275 49.21763589968143 1472.7980188669794 46.28918656365038 1448.300853971724 0.0859072375582378 0.31381201606458353
HPT 0.9195770897147809
duct45 out 42.459073032822275 48.971547720183025 1472.798023924668 46.05774063083213 1448.4202036631073 0.08547042316877929 0.3130392787050915
LPT out 42.459073032822275 15.030755026168823 1080.2558640356056 14.136425102111778 1062.4827849240035 0.035775441475921765 0.3015995938665864
LPT  0.9622555251717883
duct5 out 42.459073032822275 14.880447475907134 1080.2558650076942 13.99506085109066 1062.6605165913863 0.0354118987841291 0.30006386877253555
core nozzle out 42.459073032822275 14.880447475907134 1080.2558650076942 13.6644 1056.0892707739622 0.034784175397503926 0.35270164776585683
duct 17 out 826.233254007078 14.775880816970478 528.299886203618
bypass nozzle out 826.233254007078 14.775880816970478 528.299886203618 13.6644 516.8083004963054 0.071519857935099 0.33276453866764516
 
1.5004488071567734
HP power balance:  -9326.664096037777 = 9176.66443567491  +  150.0  HP extraction
LP power balance:  -2209.579522047654 + -3988.09860835179 = -6197.678130399444 6197.676808783809
 
converged
CASE #  188
True
--- 0.3 2000.0 ----------------------------------------------------
fan Nc = 0.6888600461588168      burner temperature = 1987.5741079636114    ambient Ps = 13.664399912079105
-0.11589422101278621
inlet in 769.3361983226076 14.558674113691813 520.783888429038 13.664399912079105 511.5379990909868 0.07563234721931666 0.0
inlet out 769.3361983226076 14.529556765464429 520.7838884292505 13.665048137919294 511.8457449743048 0.07218893602764917 0.29487741185680766
fan out 769.3361829358836 14.76021893179788 525.7067654599676 13.881985905355904 516.6267256245329 0.07268345218535233 0.29584644056767245
duct2 out 36.29857527851638 14.6126167424799 525.7067654611824 13.743166046302346 516.7175260238674 0.07194436791283365 0.29433792961724614
LPC out 36.29857455254488 39.88909601563108 799.6551908057542 37.515694802701034 784.8031472837529 0.12915770295997095 0.31070710429544734
duct25 out 36.29857455254488 39.29075957539661 799.6551911114478 36.95295938066051 785.025928204191 0.12718329823138458 0.3083252877496944
HPC out 30.794258707396974 187.15831967054388 1335.6667668067234 176.0223996501465 1313.1491096199472 0.36195907271816613 0.3079059000256245
burner out 31.114820948614557 179.67198688372213 1987.5741079636114 0.0 0.0 0.24300009064490827 0.0
HPT out 36.61913679376246 40.44306480867533 1340.646244060541 38.03670245255915 1317.528012915507 0.07762387391973675 0.31496475710973726
HPT 0.9169722456699617
duct45 out 36.61913679376246 40.24084948463195 1340.64624679162 37.84651894029635 1317.1982423869288 0.07725486938065985 0.31724052521832463
LPT out 36.61913679376246 12.906182404459873 991.1281820206768 12.13826455139451 977.0909112268 0.03341308943232442 0.2769004479601254
LPT  0.9601480568454251
duct5 out 36.61913679376246 12.777120580415275 991.1281825053691 12.016881905880565 977.2312843773088 0.0330741858397299 0.2754934637348718
core nozzle out 36.61913679376246 12.777120580415275 991.1281825053691 13.6644 1007.681641712707 0.0364596955076681 0.2966629442761844
duct 17 out 733.0376076573673 14.538815647820911 525.7067654617898
bypass nozzle out 733.0376076573673 14.538815647820911 525.7067654617898 13.6644 516.6661934538886 0.07153891951367895 0.295191625233342
 
-1.3919918361564156
HP power balance:  -7295.532502548439 = 7145.542618547759  +  150.0  HP extraction
LP power balance:  -1282.3914424851262 + -3396.770109132418 = -4679.161551617544 4679.152011014169
 
running back to full power
constraints False
True
converged
constraints False
True
converged
CASE #  191
True
--- 0.25 2000.0 ----------------------------------------------------
fan Nc = 0.8934572556239548      burner temperature = 3359.9941534282434    ambient Ps = 13.664399742149199
1.7105726367332883
inlet in 1671.3059144552262 14.285423690065185 517.9587558538431 13.664399742149199 511.53799733408374 0.07460898340765876 0.0
inlet out 1671.3059144552262 14.256852842685054 517.9587558540362 13.408570098545292 509.188371595684 0.07118380266280495 0.2928494410668215
fan out 1671.3058810291081 17.899738458485388 556.2766560466937 16.834704020205507 544.7355034999882 0.08349817137442164 0.32518137260276864
duct2 out 93.89580927975794 17.720741073900534 556.2766560495719 16.666356980003453 544.84561727384 0.08264517462925891 0.3235965538599319
LPC out 93.89580740184175 49.86652567741372 779.6393754151231 46.8994673996076 765.2282860736225 0.165594304270437 0.3098563906932946
duct25 out 93.89580740184175 49.118527792252515 779.6393756910519 46.19597538861349 765.4444526489596 0.16306546069388694 0.30748130577869104
HPC out 79.65744716742648 637.9144343147029 1694.221596114381 599.9585254729781 1668.3426006545337 0.9709860381399431 0.3014989484230772
burner out 81.99315826548829 612.3978569421148 3359.9941534282434 0.0 0.0 0.4896551039334644 0.0
HPT out 96.23151849990356 138.11841155435653 2277.13462796525 129.90036606687232 2242.406514394903 0.15565988306354997 0.3212990206969853
HPT 0.9223649208313071
duct45 out 96.23151849990356 137.42781949658473 2277.13463051407 129.25086423653792 2242.577732500983 0.1548695699942234 0.3204969685604751
LPT out 96.23151849990356 22.358682223551764 1544.8974620836193 21.028340631250433 1524.5718669992534 0.03707021375134024 0.2841527135789342
LPT  0.9151834977640853
duct5 out 96.23151849990356 22.135095401316246 1544.89746747515 20.81805722493793 1524.7751280501343 0.03669462139648219 0.2827107843271982
core nozzle out 96.23151849990356 22.135095401316246 1544.89746747515 13.6644 1354.3377371699808 0.027111922989197852 0.9149174252293724
duct 17 out 1577.4100717493502 17.631242381608107 556.276656051011
bypass nozzle out 1577.4100717493502 17.631242381608107 556.276656051011 13.6644 514.7337489356282 0.0717981286451178 0.6340953080306079
 
2.294130546695983
HP power balance:  -32873.877852504826 = 32724.44824748169  +  150.0  HP extraction
LP power balance:  -21694.56169190496 + -7166.95197045129 = -28861.51366235625 28861.290005931587
 
converged
CASE #  192
True
--- 0.25 2000.0 ----------------------------------------------------
fan Nc = 0.8434574158962106      burner temperature = 2976.5586331581203    ambient Ps = 13.664399742149199
1.4497483873648151
inlet in 1415.6732983382706 14.285423690065185 517.9587558538431 13.664399742149199 511.53799733408374 0.07460898340765876 0.0
inlet out 1415.6732983382706 14.256852842685054 517.9587558540362 13.408570098545292 509.188371595684 0.07118380266280495 0.2928494410668215
fan out 1415.6732700248047 16.83782484724973 547.4007245281358 15.835974268838372 537.042604438924 0.07974046788508729 0.3099898182155916
duct2 out 77.27191499756783 16.669446598777235 547.4007245302084 15.677614526149986 537.1461856415833 0.07892712227721246 0.3084065963928281
LPC out 77.27191345212954 47.977327302988925 780.6791954066631 45.12267632846108 766.8140715556927 0.15899880840667963 0.3036233919848177
duct25 out 77.27191345212954 47.25766739344409 780.6791956751968 44.44583618353416 767.022048644303 0.15657223706074108 0.30129774141862603
HPC out 65.55440049624862 492.0166099526586 1588.7497001845911 462.7416216604754 1563.765671055696 0.7989888944675971 0.30358742784050946
burner out 67.1129899364964 472.3359455545522 2976.5586331581203 0.0 0.0 0.4264104605904703 0.0
HPT out 78.83050289237732 106.26121073804691 2006.9137109844462 99.93866869913312 1982.5006744619084 0.13548248208692765 0.28078026487306995
HPT 0.9221654556572797
duct45 out 78.83050289237732 105.72990468435668 2006.9137270328274 99.43897535563745 1982.0519832179775 0.13483581128067354 0.283376071312081
LPT out 78.83050289237732 18.676265285099756 1358.8559678871316 17.56502750063632 1332.5777582777591 0.035431983194060476 0.33822635352436115
LPT  0.9234589848017721
duct5 out 78.83050289237732 18.489502632248758 1358.855971509972 17.389377225629957 1332.8379009673342 0.03507073679323953 0.3365210892287602
core nozzle out 78.83050289237732 18.489502632248758 1358.855971509972 13.6644 1247.423366514988 0.02943816937664021 0.7166327460638624
duct 17 out 1338.4013550272368 16.585257474540985 547.4007245312448
bypass nozzle out 1338.4013550272368 16.585257474540985 547.4007245312448 13.6644 517.2020171101292 0.07146704661734166 0.5392346704399402
 
2.030524998402219
HP power balance:  -23750.8673773808 = 23600.93592599233  +  150.0  HP extraction
LP power balance:  -14112.869950761497 + -6158.451129281682 = -20271.321080043177 20271.148128745383
 
converged
CASE #  193
True
--- 0.25 2000.0 ----------------------------------------------------
fan Nc = 0.7934572423906575      burner temperature = 2480.723211085203    ambient Ps = 13.664399742149199
0.6357115044526558
inlet in 1015.0261797786911 14.285423690065185 517.9587558538431 13.664399742149199 511.53799733408374 0.07460898340765876 0.0
inlet out 1015.0261797786911 14.256852842685054 517.9587558540362 13.408570098545292 509.188371595684 0.07118380266280495 0.2928494410668215
fan out 1015.0261594781675 15.408907578982289 533.4456471714437 14.492077578032841 523.966553721106 0.07483361152597094 0.30017783847666857
duct2 out 52.710917666058435 15.254818503192466 533.445647172938 14.347156802252513 524.061344656848 0.07407192528509556 0.29864648595100945
LPC out 52.71091661184008 44.22838877920747 801.2489899577637 41.59679964684462 788.3964210865795 0.14253549827390946 0.28845379453406556
duct25 out 52.71091661184008 43.564962947519355 801.2489902616687 40.97284765214195 788.5881469276741 0.14036212217894647 0.28626117007816143
HPC out 44.71783321682065 305.07540811235407 1471.8702539252251 286.923421329669 1447.601502176823 0.5350907011174877 0.30819684726178276
burner out 45.46510769346238 292.8723917878599 2480.723211085203 0.0 0.0 0.3173061078861096 0.0
HPT out 53.458191088481804 65.87887321591151 1669.0804317841987 61.95908025956478 1644.1971395225016 0.10128665395633758 0.30271922017746833
HPT 0.9216397384464093
duct45 out 53.458191088481804 65.54947884983196 1669.080440813383 61.64928485826695 1644.3192684291241 0.10077255565432443 0.3019683852500203
LPT out 53.458191088481804 15.879081093855639 1170.5872976217356 14.934275768771228 1150.407795803677 0.034889705931912235 0.3123317147505318
LPT  0.9516367752739447
duct5 out 53.458191088481804 15.720290282917082 1170.5872991924998 14.784933011083515 1150.6095922366092 0.03453499837978199 0.3107403044743878
core nozzle out 53.458191088481804 15.720290282917082 1170.5872991924998 13.6644 1127.5292838071302 0.03258619486230093 0.459852411913963
duct 17 out 962.3152418121092 15.177773965297554 533.4456471736852
bypass nozzle out 962.3152418121092 15.177773965297554 533.4456471736852 13.6644 517.7988934355438 0.07138698439955213 0.38792541689084703
 
1.7282048617244516
HP power balance:  -13364.748149775134 = 13214.750952272165  +  150.0  HP extraction
LP power balance:  -5322.6382565775775 + -4823.520061801821 = -10146.1583183794 10146.151721788212
 
did not converge
CASE #  194
True
--- 0.25 2000.0 ----------------------------------------------------
fan Nc = 0.7763178847218796      burner temperature = 2227.2901723972855    ambient Ps = 13.664399742149199
0.12367681312830452
inlet in 815.0261797786911 14.285423690065185 517.9587558538431 13.664399742149199 511.53799733408374 0.07460898340765876 0.0
inlet out 815.0261797786911 14.256852842685054 517.9587558540362 13.408570098545292 509.188371595684 0.07118380266280495 0.2928494410668215
fan out 815.0261634781675 14.817146492904087 526.3550856098316 13.935526276576294 517.2400256624306 0.07287988193278234 0.29624267770654167
duct2 out 42.31690346698078 14.668975027975046 526.3550856110692 13.79617101381053 517.3311762629061 0.07213873869031545 0.2947320784770063
LPC out 42.316902620642715 42.68636096731806 817.9838457709122 40.14652248976263 804.9057750513699 0.13468819981655283 0.2885902368871579
duct25 out 42.316902620642715 42.04606555280829 817.9838461315574 39.54432465241619 804.2768107637952 0.13276661532468426 0.29556073863038174
HPC out 35.899967507248455 234.61103009678976 1420.0531988173432 220.65167380603077 1396.892756994614 0.42644544597212525 0.3051442739154253
burner out 36.372056456882135 225.22658889291816 2227.2901723972855 0.0 0.0 0.2718118221692795 0.0
HPT out 42.788991570276394 50.88217626918846 1503.1718246344556 47.85468678117174 1478.9198506184425 0.08699419094930547 0.3094893967328921
HPT 0.9195230649505762
duct45 out 42.788991570276394 50.62776538784252 1503.171829782269 47.615413347265886 1478.6574616272521 0.08657465897405338 0.3111835268625768
LPT out 42.788991570276394 15.069488308269003 1092.4494675358649 14.172853753926997 1074.6374259586594 0.03546653267694996 0.3003745751129385
LPT  0.9682294647975289
duct5 out 42.788991570276394 14.918793425186314 1092.4494685748934 14.031125216387727 1074.815547317753 0.035106051469613216 0.29884530883467225
core nozzle out 42.788991570276394 14.918793425186314 1092.4494685748934 13.6644 1067.5303884764955 0.03442015230375647 0.3564082256828134
duct 17 out 772.7092600111868 14.594889295510525 526.3550856116881
bypass nozzle out 772.7092600111868 14.594889295510525 526.3550856116881 13.6644 516.734768889876 0.07152972112322978 0.3044894714381191
 
1.6655569306408278
HP power balance:  -9610.329297969281 = 9404.880715620897  +  150.0  HP extraction
LP power balance:  -2317.1092044477095 + -4218.8549002026875 = -6535.964104650397 6555.669887162162
 
running back to full power
constraints False
True
did not converge
constraints False
True
converged
CASE #  197
True
--- 0.2 2000.0 ----------------------------------------------------
fan Nc = 0.8975661510473082      burner temperature = 3360.004587698729    ambient Ps = 13.664399980070362
1.652076132267503
inlet in 1630.7060637336847 14.061855161641754 515.6472837466326 13.664399980070362 511.5379997939478 0.07376041274358286 0.0
inlet out 1630.7060637336847 14.03373145131847 515.6472837468104 13.19872442996502 507.01415701296946 0.07035146808030399 0.2911639829396677
fan out 1630.7060311195635 17.714805250363888 554.7095412066374 16.660774337967236 543.4144248505535 0.08285156149102565 0.3220229303127521
duct2 out 93.39150231476768 17.53765719786025 554.7095412093408 16.49416659458756 543.5234009712377 0.082005401170479 0.3204358809879381
LPC out 93.39150044693764 49.45238328682519 778.2639549447067 46.509966481259085 763.9725499195938 0.1644818122650395 0.30881441956546185
duct25 out 93.39150044693764 48.71059753752281 778.2639552141736 45.8123169840402 764.1869212243967 0.16197039924282097 0.3064476016246262
HPC out 79.22961331916403 634.4741277574105 1693.2979909209444 596.7229171558446 1667.3665400149803 0.9663099756934178 0.30188722371387705
burner out 81.55390905552606 609.0951626471141 3360.004587698729 0.0 0.0 0.4870126039545912 0.0
HPT out 95.71579618329967 137.3850450542486 2276.72911248188 129.2106348735208 2242.1908063330766 0.15484846049468043 0.32043399094396907
HPT 0.922366908806536
duct45 out 95.71579618329967 136.69811982897735 2276.7291150634705 128.5645816991532 2242.3611117005644