design point turbofan results
 
CASE #  0
--- 0.8 35000.0 ----------------------------------------------------
fan Nc = 1.0      burner temperature = 3469.326369358006    ambient Ps = 3.4580323193746834
burner out 14.6342097073158 148.1127182437877 3469.326369358006 0.0 0.0 0.11466663810541591 0.0
HPT 0.9225
LPT  0.9400000000000001
core nozzle out 17.16154299010247 25.751112570006267 2195.576434463165 14.560964999479548 1905.2579046666617 0.020533652990686498 1.0
bypass nozzle out 83.33333333333333 7.792125328482097 509.18134791457317 4.094362017570165 423.6610214473165 0.026179067043066495 1.0
2.0522589879440822
HP power balance:  -4194.663318440438 = 4194.599830267829  +  0.0  HP extraction
LP power balance:  -2171.374791995873 + -646.1420186290169 = -2817.51681062489 2817.5043860362566
 
CASE #  0
--- 0.8 35000.0 ----------------------------------------------------
fan Nc = 0.9999909313823162      burner temperature = 3469.3109194515614    ambient Ps = 3.4580323193746834
burner out 14.634059838495416 148.10516903173308 3469.3109194515614 0.0 0.0 0.11466130340278577 0.0
HPT 0.922499259359476
LPT  0.9399979427540948
core nozzle out 17.16136723888287 25.74980342466152 2195.5696144138155 14.560199602903637 1905.2518167975006 0.020532637915315156 1.0
bypass nozzle out 83.33308589547397 7.792122973359305 509.18060679300766 4.094360200095916 423.6604008120076 0.026179093531951705 1.0
2.0522573822063532
HP power balance:  -4194.4985687564 = 4194.500263978418  +  0.0  HP extraction
LP power balance:  -2171.3406188363642 + -646.1282881690936 = -2817.468907005458 2817.466068953321
 
done od
CASE #  0
--- 0.8 35000.0 ----------------------------------------------------
fan Nc = 0.8068196193987227      burner temperature = 2755.0726668967623    ambient Ps = 3.4580323193746834
burner out 9.979404070929832 90.12725459452935 2755.0726668967623 0.0 0.0 0.08789887545114926 0.0
HPT 0.9224418310100219
LPT  0.9251958302946653
core nozzle out 11.719664859108573 16.906515755911098 1732.3447678670607 8.69722534016213 1487.148401485563 0.015718461485725147 1.0
bypass nozzle out 71.19752616311477 6.434871031629952 480.08498401933156 3.45803 401.0691675239571 0.02328204238763602 0.9871469468613774
1.9057213894765268
HP power balance:  -2298.738901071663 = 2298.763746698688  +  0.0  HP extraction
LP power balance:  -982.1809938527352 + -370.88629232760144 = -1353.0672861803366 1353.1241720787853
 
CASE #  1
--- 0.9 45000.0 ----------------------------------------------------
fan Nc = 1.0      burner temperature = 3791.6840669579537    ambient Ps = 2.138969844078601
burner out 10.122079655368099 107.19413330020592 3791.6840669579537 0.0 0.0 0.07588647395346307 0.0
HPT 0.9222789704153068
LPT  0.9346761897818882
core nozzle out 11.861794036102895 19.531944070786167 2462.7565029496004 10.731383993289361 2147.6494430399607 0.013423374291190913 1.0
bypass nozzle out 56.6543324197624 5.342728430867626 519.5828386640487 2.8131120615025553 432.3722756187767 0.017619323918197965 1.0
2.1480945508579667
HP power balance:  -3151.146145735178 = 3151.1426769274485  +  0.0  HP extraction
LP power balance:  -1511.6708363790187 + -479.98927438446253 = -1991.6601107634813 1991.660673459
 
CASE #  2
--- 0.9 45000.0 ----------------------------------------------------
fan Nc = 0.9499999999287646      burner temperature = 3700.2317843966484    ambient Ps = 2.138969844078601
burner out 9.555413351035567 99.98683129628357 3700.2317843966484 0.0 0.0 0.0725464937787578 0.0
HPT 0.922319591252554
LPT  0.9290229717051833
core nozzle out 11.200150737381815 18.75350838483754 2400.380464141594 9.98666616398717 2090.7131331900146 0.012833238511025689 1.0
bypass nozzle out 55.32148883442874 5.1861214979223424 512.5105412166379 2.727085042510769 426.4490074166769 0.01732276725943999 1.0
2.1361182132997514
HP power balance:  -2962.7145787572545 = 2962.699183230703  +  0.0  HP extraction
LP power balance:  -1309.7484631337406 + -432.96834130958246 = -1742.716804443323 1742.6240951529867
 
CASE #  3
--- 0.9 45000.0 ----------------------------------------------------
fan Nc = 0.8999999313329298      burner temperature = 3386.3714302442004    ambient Ps = 2.138969844078601
burner out 8.7691120510354 87.75708692458731 3386.3714302442004 0.0 0.0 0.06960779393181894 0.0
HPT 0.9224185841493097
LPT  0.9293694561040725
core nozzle out 10.285385072412534 16.745090429272846 2171.902220459127 8.670763957943716 1883.4548543530746 0.012370397359724289 1.0
bypass nozzle out 53.44192576828312 4.980886624446826 505.0620077920007 2.6152285168328984 420.2114241411026 0.016856887788446965 1.0
2.049958463712009
HP power balance:  -2479.053298694991 = 2479.0499115851735  +  0.0  HP extraction
LP power balance:  -1095.772110313983 + -375.92732642515705 = -1471.6994367391399 1471.6925790514297
 
CASE #  4
--- 0.9 45000.0 ----------------------------------------------------
fan Nc = 0.8500000095893249      burner temperature = 3103.4846490469445    ambient Ps = 2.138969844078601
burner out 7.827286382128377 75.00705887056796 3103.4846490469445 0.0 0.0 0.06492924969185924 0.0
HPT 0.92244232027533
LPT  0.9273947629650788
core nozzle out 9.186123612823279 14.365584330291604 1973.316228897167 7.3390008705022725 1704.1252696853699 0.01157208879002842 1.0
bypass nozzle out 50.54621594584316 4.6726379787206245 497.0008206831199 2.4549190648938803 413.46795986379453 0.016071861788465022 1.0
1.9729113052020009
HP power balance:  -2040.6388916328574 = 2040.6437057263659  +  0.0  HP extraction
LP power balance:  -865.5638745258348 + -321.6453813526205 = -1187.2092558784552 1187.2216596371927
 
CASE #  5
--- 0.9 45000.0 ----------------------------------------------------
fan Nc = 0.7999994893384754      burner temperature = 2791.7774567101055    ambient Ps = 2.138969844078601
burner out 6.805615003049465 61.910175378150775 2791.7774567101055 0.0 0.0 0.05958587000144144 0.0
HPT 0.9223840084353855
LPT  0.9225099423937051
core nozzle out 7.992091980762154 11.46195899180269 1758.9050738929873 5.982032720846981 1510.9311886040387 0.010640689800792346 1.0
bypass nozzle out 48.005910219258986 4.3866017650429905 488.6132835059816 2.314277064870543 406.465122729763 0.015394160591603468 1.0
1.8826053739861828
HP power balance:  -1599.0788023848509 = 1599.0876219162983  +  0.0  HP extraction
LP power balance:  -653.956297396084 + -271.15775984419713 = -925.1140572402811 925.0905740437938
 
CASE #  6
--- 0.9 45000.0 ----------------------------------------------------
fan Nc = 0.7499999369749025      burner temperature = 2498.4322867327805    ambient Ps = 2.138969844078601
burner out 5.891416123728192 50.76601471333687 2498.4322867327805 0.0 0.0 0.05460071629515552 0.0
HPT 0.9223805473979959
LPT  0.9167118761176773
core nozzle out 6.9225246137310545 9.025670341905718 1563.1295614526216 4.846729831921053 1335.299585712585 0.009757046252821434 1.0
bypass nozzle out 45.55907138807513 4.117751231911216 480.3963450919752 2.1806166139504013 399.60181410006777 0.014733248715274623 1.0
1.7934260242527602
HP power balance:  -1254.1419021582824 = 1254.1268751405705  +  0.0  HP extraction
LP power balance:  -468.01787759045465 + -227.23909356663677 = -695.2569711570914 695.2952877540448
 
CASE #  7
--- 0.9 45000.0 ----------------------------------------------------
fan Nc = 0.7000000520785168      burner temperature = 2047.4497490186477    ambient Ps = 2.138969844078601
burner out 4.631498990808334 36.19688066749605 2047.4497490186477 0.0 0.0 0.04751359293229701 0.0
HPT 0.9190025242110835
LPT  0.9243256875601031
core nozzle out 5.446807811477234 6.35643796086085 1265.9996423224031 3.391147236861899 1072.0177156440345 0.008506403410119028 1.0
bypass nozzle out 43.13318999572433 3.8614470109433308 469.3863418860055 2.13897 395.7258955107741 0.014611723891777052 0.9592534235919603
1.6955119657357747
HP power balance:  -816.4544666583936 = 816.4598792727609  +  0.0  HP extraction
LP power balance:  -253.26444228469995 + -185.94999795527139 = -439.21444023997134 439.2109849467468
 
CASE #  8
--- 0.85 45000.0 ----------------------------------------------------
fan Nc = 1.0000085028859      burner temperature = 3805.4150797072834    ambient Ps = 2.1389699259745134
burner out 9.720228311800664 103.13862359928983 3805.4150797072834 0.0 0.0 0.07274790940228774 0.0
HPT 0.9222596351201799
LPT  0.9347763632419683
core nozzle out 11.390493397422986 19.13332400857199 2475.1585863636483 10.334213954144124 2158.936774976537 0.012859606771217178 1.0
bypass nozzle out 54.09265785233565 5.065902306718586 511.39205195186406 2.663317769389868 425.51233784453086 0.016955122964750793 1.0
2.170459551771338
HP power balance:  -3071.538147562805 = 3071.5630943899287  +  0.0  HP extraction
LP power balance:  -1415.558293835283 + -456.62940782907276 = -1872.1877016643557 1872.161937245529
 
CASE #  9
--- 0.85 45000.0 ----------------------------------------------------
fan Nc = 0.9500000303200545      burner temperature = 3642.6460196863372    ambient Ps = 2.1389699259745134
burner out 9.129800734676339 94.77408992464248 3642.6460196863372 0.0 0.0 0.06985999351363038 0.0
HPT 0.9223562386515735
LPT  0.9304216614265791
core nozzle out 10.70249008428564 17.950236112754922 2357.095574667573 9.446769888538018 2051.4309366070834 0.012371218880230624 1.0
bypass nozzle out 52.848729218196404 4.924521533882999 504.77086946276586 2.58547475733868 419.9676165742356 0.016674558680814078 1.0
2.133488970100728
HP power balance:  -2786.0705222034057 = 2786.06628432431  +  0.0  HP extraction
LP power balance:  -1232.7883092993354 + -407.27339743786393 = -1640.0617067371993 1640.1333884525786
 
CASE #  10
--- 0.85 45000.0 ----------------------------------------------------
fan Nc = 0.9000000992560262      burner temperature = 3332.064444833322    ambient Ps = 2.1389699259745134
burner out 8.352935430641336 82.90258036743761 3332.064444833322 0.0 0.0 0.06683249126239114 0.0
HPT 0.9224450443748871
LPT  0.929977318943717
core nozzle out 9.798189022657448 15.895716467169311 2131.910026153908 8.175783659972153 1847.3783769789948 0.011890734701390857 1.0
bypass nozzle out 51.077935971565175 4.7280992640859525 497.8780908078031 2.482739676931471 414.20054636885203 0.01622672034401691 1.0
2.0461222551772535
HP power balance:  -2309.2232922643043 = 2309.3227012576763  +  0.0  HP extraction
LP power balance:  -1040.5349456159913 + -355.4709542977902 = -1396.0058999137814 1395.8669770983092
 
CASE #  11
--- 0.85 45000.0 ----------------------------------------------------
fan Nc = 0.8499999459161588      burner temperature = 3074.621864619285    ambient Ps = 2.1389699259745134
burner out 7.507806347445505 71.61083062093692 3074.621864619285 0.0 0.0 0.06257518849679787 0.0
HPT 0.9224680274499568
LPT  0.9267388492686117
core nozzle out 8.811611043322007 13.68597351665069 1952.4975524808713 6.997308959754989 1685.3487978460903 0.011157658352949018 1.0
bypass nozzle out 48.32223709430231 4.420626673352362 489.51307217839485 2.331313026853395 407.2152534816094 0.01548125367886463 1.0
1.9777252912279242
HP power balance:  -1948.5320461906476 = 1948.5205698995042  +  0.0  HP extraction
LP power balance:  -816.4320543184444 + -302.02481264246313 = -1118.4568669609075 1118.475441787188
 
CASE #  12
--- 0.85 45000.0 ----------------------------------------------------
fan Nc = 0.8000000858056454      burner temperature = 2748.280008242791    ambient Ps = 2.1389699259745134
burner out 6.437753188976172 58.09958232146522 2748.280008242791 0.0 0.0 0.05680220695789003 0.0
HPT 0.9223800798389945
LPT  0.9198787829687548
core nozzle out 7.560595542704224 10.52255074394037 1729.0720728312408 5.604405944770135 1484.1615925365013 0.010149536627450734 1.0
bypass nozzle out 45.95154523859663 4.158064921791276 481.2613488115005 2.2015598725893706 400.3249885900044 0.014847117324581603 1.0
1.8812622499285931
HP power balance:  -1477.1564970667846 = 1477.1448781749498  +  0.0  HP extraction
LP power balance:  -616.640461433034 + -254.73898259323462 = -871.3794440262686 871.3785617777926
 
CASE #  13
--- 0.85 45000.0 ----------------------------------------------------
fan Nc = 0.7499995341935294      burner temperature = 2469.1388799673323    ambient Ps = 2.1389699259745134
burner out 5.686103946704576 48.70579909878898 2469.1388799673323 0.0 0.0 0.05301122475367253 0.0
HPT 0.9224421805296511
LPT  0.9167355549773617
core nozzle out 6.681588832173861 8.655747992388761 1543.6514969745922 4.645145214400394 1317.9138824429003 0.00947495268665798 1.0
bypass nozzle out 43.47271579013503 3.901907581005859 472.9497371361493 2.13897 397.41738093888705 0.014541960062783268 0.9693925435062155
1.8438328354073543
HP power balance:  -1205.6767084862863 = 1205.6722988334916  +  0.0  HP extraction
LP power balance:  -437.8506396674424 + -213.13121191131168 = -650.9818515787541 650.9522060490965
 
CASE #  14
--- 0.85 45000.0 ----------------------------------------------------
fan Nc = 0.7000000988651164      burner temperature = 2038.8148442199247    ambient Ps = 2.1389699259745134
burner out 4.47045492115063 34.86146563592758 2038.8148442199247 0.0 0.0 0.04595796844144876 0.0
HPT 0.9194288812215656
LPT  0.9227928763290352
core nozzle out 5.257402041448449 6.120342155036642 1259.8806452673718 3.2648732567924332 1066.6794086528273 0.008230209616673012 1.0
bypass nozzle out 41.140700113699154 3.678178196680654 462.87833589790426 2.13897 395.8180694005298 0.014607922260751603 0.9150738658760661
1.772936286011738
HP power balance:  -781.7398245600605 = 781.7418069138567  +  0.0  HP extraction
LP power balance:  -247.84899068419685 + -176.114873902226 = -423.96386458642286 423.96689626644564
 
CASE #  15
--- 0.8 45000.0 ----------------------------------------------------
fan Nc = 1.000008922284144      burner temperature = 3806.3086009865924    ambient Ps = 2.1389786166433766
burner out 9.306879571470759 98.77205069833697 3806.3086009865924 0.0 0.0 0.06965068474799214 0.0
HPT 0.9222724323494573
LPT  0.9349293969721885
core nozzle out 10.90604525131295 18.60297273070072 2476.353961044602 9.89630143480946 2160.0377511758684 0.012308480722594897 1.0
bypass nozzle out 51.630956507631645 4.807507686134824 503.94058678151424 2.5238048541349403 419.2723416976567 0.016303145952606103 1.0
2.186918718031332
HP power balance:  -2966.079163182699 = 2966.06698900879  +  0.0  HP extraction
LP power balance:  -1331.3427865450637 + -432.58175197919564 = -1763.9245385242593 1763.880566672566
 
CASE #  16
--- 0.8 45000.0 ----------------------------------------------------
fan Nc = 0.9499999830705157      burner temperature = 3574.0392128002636    ambient Ps = 2.1389786166433766
burner out 8.705648687768294 89.51009495633832 3574.0392128002636 0.0 0.0 0.06725499463532741 0.0
HPT 0.9223759231689374
LPT  0.9321515811115614
core nozzle out 10.206674776568073 17.090334966779118 2304.769426257878 8.896846704617083 2003.961940921977 0.011927610900564078 1.0
bypass nozzle out 50.4815528569612 4.669405007479541 497.41286913087805 2.452705629479995 413.8120525043398 0.01604471378659821 1.0
2.1258693547436565
HP power balance:  -2603.9489777752306 = 2603.9555470826135  +  0.0  HP extraction
LP power balance:  -1159.5610755765804 + -383.4584562926792 = -1543.0195318692595 1543.006527860859
 
CASE #  17
--- 0.8 45000.0 ----------------------------------------------------
fan Nc = 0.8999994316547387      burner temperature = 3304.5498040988355    ambient Ps = 2.1389786166433766
burner out 7.9823668141549735 78.90397675877196 3304.5498040988355 0.0 0.0 0.06413776791764432 0.0
HPT 0.9224528229610206
LPT  0.929854104766031
core nozzle out 9.363969802376475 15.169409412816025 2112.285445627722 7.772226262212623 1829.6436933485372 0.011415096311438187 1.0
bypass nozzle out 48.81224453632761 4.470226040023154 490.2978965499926 2.3565704008288764 407.87061303907694 0.01562581527355872 1.0
2.0525698472446545
HP power balance:  -2202.558889399544 = 2202.539945348368  +  0.0  HP extraction
LP power balance:  -973.2166736566475 + -333.2088422113735 = -1306.425515868021 1306.4268327216296
 
CASE #  18
--- 0.8 45000.0 ----------------------------------------------------
fan Nc = 0.8499999979353462      burner temperature = 3016.427399246091    ambient Ps = 2.1389786166433766
burner out 7.14571613466984 67.50677950214725 3016.427399246091 0.0 0.0 0.0601283284772445 0.0
HPT 0.9224746401039242
LPT  0.9266512062549375
core nozzle out 8.387524884784563 12.800634666254012 1911.3950404036477 6.582007157154933 1648.3731640734325 0.01072935644324232 1.0
bypass nozzle out 46.2103584931266 4.184759890755601 481.9728702550694 2.215225726553722 400.91935198771614 0.01491953241442081 1.0
1.9727839624692929
HP power balance:  -1819.7052452632493 = 1819.713943773584  +  0.0  HP extraction
LP power balance:  -761.0865708690848 + -282.9921123839884 = -1044.0786832530732 1044.0745772218593
 
CASE #  19
--- 0.8 45000.0 ----------------------------------------------------
fan Nc = 0.7999999999913266      burner temperature = 2702.2117956385055    ambient Ps = 2.1389786166433766
burner out 6.104066374222792 54.62346679447478 2702.2117956385055 0.0 0.0 0.05431505392144309 0.0
HPT 0.9223699433616533
LPT  0.9184817030806287
core nozzle out 7.1692148333657935 9.776209890250042 1700.4786230429204 5.265049333387854 1458.48084213191 0.009702104992487385 1.0
bypass nozzle out 43.92493359346593 3.9454158164729787 473.89066508100115 2.13897 396.97309481536627 0.014560284253243598 0.9787863984443623
1.9145735584905148
HP power balance:  -1365.6674567801526 = 1365.6479421390575  +  0.0  HP extraction
LP power balance:  -573.7655317707737 + -239.72552891617232 = -813.491060686946 813.4881940341555
 
CASE #  20
--- 0.8 45000.0 ----------------------------------------------------
fan Nc = 0.750000029247814      burner temperature = 2426.4223224696825    ambient Ps = 2.1389786166433766
burner out 5.470294628810363 46.45190451090161 2426.4223224696825 0.0 0.0 0.05144925862706696 0.0
HPT 0.9224798972107809
LPT  0.917362736045183
core nozzle out 6.42846269129871 8.243757356953164 1514.9756419653866 4.4233085821667215 1292.3835661306616 0.009199598171378488 1.0
bypass nozzle out 41.45382270263645 3.7099987049267877 465.705140985057 2.13897 397.12553465726353 0.01455399700601982 0.9239373104449609
1.917767949123515
HP power balance:  -1146.4767081545886 = 1146.4464850224197  +  0.0  HP extraction
LP power balance:  -405.9475426908665 + -201.08191832165747 = -607.0294610125239 607.0556439124414
 
CASE #  21
--- 0.8 45000.0 ----------------------------------------------------
fan Nc = 0.7000000370028663      burner temperature = 2029.62855940344    ambient Ps = 2.1389786166433766
burner out 4.308727780495386 33.52071637553925 2029.62855940344 0.0 0.0 0.04439230338929755 0.0
HPT 0.9198079314159054
LPT  0.9213597608208266
core nozzle out 5.067210311825224 5.883331753672033 1253.0868804420559 3.137851010527877 1060.7464104491748 0.007953328908996285 1.0
bypass nozzle out 39.1904742024471 3.514797327957978 456.72555876981204 2.13897 395.84763035420104 0.014606703045213273 0.8717423665816453
1.8560544200399918
HP power balance:  -747.0656017096569 = 747.0653266079621  +  0.0  HP extraction
LP power balance:  -241.52664465912218 + -168.0212169751559 = -409.5478616342781 409.5386746775426
 
CASE #  22
--- 0.75 45000.0 ----------------------------------------------------
fan Nc = 1.0000004509987068      burner temperature = 3758.246826409019    ambient Ps = 2.138968841842509
burner out 8.905070052716201 93.90087545210078 3758.246826409019 0.0 0.0 0.06707038489324842 0.0
HPT 0.9223059453701695
LPT  0.9360410311709779
core nozzle out 10.436198999941272 17.85085525786569 2439.579913883136 9.391013723367973 2126.565480677013 0.011864670039797584 1.0
bypass nozzle out 49.45321877351768 4.5723323923456345 496.9769884350728 2.4017932130336304 413.448501931554 0.015724758394715564 1.0
2.1862053731732156
HP power balance:  -2802.331712294823 = 2802.3138204877746  +  0.0  HP extraction
LP power balance:  -1257.559670174245 + -408.2390850604626 = -1665.7987552347076 1665.8175185731548
 
CASE #  23
--- 0.75 45000.0 ----------------------------------------------------
fan Nc = 0.9500000013004041      burner temperature = 3488.9083492694676    ambient Ps = 2.138968841842509
burner out 8.28857803646292 84.18606588900067 3488.9083492694676 0.0 0.0 0.0648043556721042 0.0
HPT 0.922411919389894
LPT  0.9341694466203637
core nozzle out 9.719297067591121 16.166633825686304 2241.7317059631973 8.342393246184756 1946.86164247811 0.011512521580578871 1.0
bypass nozzle out 48.406553704789715 4.433601208832045 490.3753848842854 2.3371392532594406 407.93532090241536 0.015494704246547562 1.0
2.1123981946957784
HP power balance:  -2402.7184781780197 = 2402.705595152221  +  0.0  HP extraction
LP power balance:  -1092.534460513541 + -360.78378227024103 = -1453.3182427837821 1453.3287983034745
 
CASE #  24
--- 0.75 45000.0 ----------------------------------------------------
fan Nc = 0.900004856304157      burner temperature = 3275.1867320416604    ambient Ps = 2.138968841842509
burner out 7.6520592897187 75.30575626213025 3275.1867320416604 0.0 0.0 0.06176541358647929 0.0
HPT 0.9224566003080421
LPT  0.9295947842496838
core nozzle out 8.976970367964512 14.480039390002263 2091.504488067992 7.410205183664316 1810.9023240810764 0.01099552568635358 1.0
bypass nozzle out 46.76988747594638 4.242021973872649 483.19347166764163 2.244336001563959 401.93822635830037 0.015081295690618807 1.0
2.057646995205004
HP power balance:  -2103.859369576171 = 2103.807849237096  +  0.0  HP extraction
LP power balance:  -913.8286502617007 + -313.5413314732694 = -1227.36998173497 1227.3651441141624
 
CASE #  25
--- 0.75 45000.0 ----------------------------------------------------
fan Nc = 0.8499998687753431      burner temperature = 2955.396225937946    ambient Ps = 2.138968841842509
burner out 6.8166751001093955 63.74794360341562 2955.396225937946 0.0 0.0 0.057952513213119644 0.0
HPT 0.9224701595358065
LPT  0.9262442388729686
core nozzle out 8.002173427950964 11.944493005215085 1868.5432574082445 6.19932166207334 1609.7914401994667 0.010349126980170086 1.0
bypass nozzle out 44.28057923439749 3.981151449855777 475.02056661458704 2.13897 396.8913558766875 0.014563655503888351 0.9865780155465527
1.9878405681652132
HP power balance:  -1696.2173042340257 = 1696.2082958494966  +  0.0  HP extraction
LP power balance:  -713.9312026276292 + -266.49019390240085 = -980.42139653003 980.4571392280909
 
CASE #  26
--- 0.75 45000.0 ----------------------------------------------------
fan Nc = 0.8000001445618952      burner temperature = 2659.743314826919    ambient Ps = 2.138968841842509
burner out 5.929418291731495 52.64859262325152 2659.743314826919 0.0 0.0 0.05319017356952193 0.0
HPT 0.9224124631296579
LPT  0.9192901132202306
core nozzle out 6.964658789667927 9.404698802314273 1670.0933494595681 5.0626590388838215 1431.2268823995066 0.009508113100009674 1.0
bypass nozzle out 41.963123650053 3.7554113649913683 466.9446173372237 2.13897 396.7996259007999 0.014567438826076686 0.9348141778432516
1.9877130131126755
HP power balance:  -1324.289339809476 = 1324.221208968891  +  0.0  HP extraction
LP power balance:  -535.5434330760502 + -225.922010923911 = -761.4654439999612 761.5202077744634
 
CASE #  27
--- 0.75 45000.0 ----------------------------------------------------
fan Nc = 0.7499999579366966      burner temperature = 2399.104192440083    ambient Ps = 2.138968841842509
burner out 5.297550982328598 44.731951119911564 2399.104192440083 0.0 0.0 0.05010385935473053 0.0
HPT 0.9225202000988506
LPT  0.9173180390214307
core nozzle out 6.225732134443975 7.935104456133338 1496.4520387461762 4.25340669639439 1275.8695115482178 0.008962450075907588 1.0
bypass nozzle out 39.598920607564246 3.5500047621566533 459.2559156700053 2.13897 396.7824318511989 0.014568147979532068 0.8821211922437103
1.9975270152795015
HP power balance:  -1102.6854861497195 = 1102.6829956080574  +  0.0  HP extraction
LP power balance:  -383.14242358992317 + -192.2919119669822 = -575.4343355569054 575.4349443899063
 
CASE #  28
--- 0.75 45000.0 ----------------------------------------------------
fan Nc = 0.7000000065914175      burner temperature = 2050.558864839565    ambient Ps = 2.138968841842509
burner out 4.245967984023268 33.19613221205869 2050.558864839565 0.0 0.0 0.04350723381046286 0.0
HPT 0.920640030625613
LPT  0.9183514058066524
core nozzle out 4.993137671906168 5.827220589859092 1266.0062698943595 3.1090571067677004 1072.1246393412405 0.007797974971921209 1.0
bypass nozzle out 37.31928069432729 3.372414020759901 451.6522359248992 2.13897 396.29759917662227 0.014588144476834146 0.8307027954760564
1.956433782989682
HP power balance:  -743.9586283995792 = 743.957636685442  +  0.0  HP extraction
LP power balance:  -245.5648425983211 + -161.32336045383445 = -406.8882030521555 406.8923676318803
 
CASE #  29
--- 0.7 45000.0 ----------------------------------------------------
fan Nc = 1.0000020401942589      burner temperature = 3684.3377493052267    ambient Ps = 2.1389701355880413
burner out 8.52435028464239 88.98705555067511 3684.3377493052267 0.0 0.0 0.0648466901801864 0.0
HPT 0.9223318667847875
LPT  0.9379843486378874
core nozzle out 9.991538583280642 17.034639876046224 2382.324338929554 8.872057665273836 2074.53078650721 0.011490503394132328 1.0
bypass nozzle out 47.54092072527792 4.354264414198542 490.2544026107137 2.2950551363677563 407.83428964609607 0.015219173534084519 1.0
2.1758445003808773
HP power balance:  -2624.973918990316 = 2624.9361397563084  +  0.0  HP extraction
LP power balance:  -1188.673933400822 + -384.98283106764165 = -1573.6567644684637 1573.6871044323325
 
CASE #  30
--- 0.7 45000.0 ----------------------------------------------------
fan Nc = 0.950000013821731      burner temperature = 3446.299002216032    ambient Ps = 2.1389701355880413
burner out 7.9502638152091745 80.25418300976385 3446.299002216032 0.0 0.0 0.06254303486382597 0.0
HPT 0.9224174825932316
LPT  0.9346015023519868
core nozzle out 9.323340576485405 15.454989481603864 2210.281288797581 7.938504858436486 1918.393107899737 0.011119156559344355 1.0
bypass nozzle out 46.52294359343523 4.2229218668132456 483.7856418856236 2.2335512941065545 402.43269603355833 0.014992262181247702 1.0
2.1121326066119095
HP power balance:  -2279.9609618095296 = 2280.0039787207893  +  0.0  HP extraction
LP power balance:  -1033.232001799356 + -340.9963673115399 = -1374.228369110896 1374.1505364792993
 
CASE #  31
--- 0.7 45000.0 ----------------------------------------------------
fan Nc = 0.9000016610843513      burner temperature = 3240.1199078097075    ambient Ps = 2.1389701355880413
burner out 7.3604055308644165 72.05886706485896 3240.1199078097075 0.0 0.0 0.05974221998201059 0.0
HPT 0.922459711136671
LPT  0.9293612096810729
core nozzle out 8.635393010543876 13.819749251609936 2065.392662689863 7.078559305331838 1787.3599473338052 0.010642095887853944 1.0
bypass nozzle out 44.921738771878 4.04593807811228 476.6906100500484 2.139513365651612 396.50125022886346 0.014583448782061945 1.0
2.059037657573432
HP power balance:  -2012.087307973949 = 2012.1104686130552  +  0.0  HP extraction
LP power balance:  -863.6716205924237 + -296.6658574000533 = -1160.337477992477 1160.3365067925436
 
CASE #  32
--- 0.7 45000.0 ----------------------------------------------------
fan Nc = 0.8500000860508917      burner temperature = 2897.026080787418    ambient Ps = 2.1389701355880413
burner out 6.525003046176489 60.41459151115633 2897.026080787418 0.0 0.0 0.05602954421301731 0.0
HPT 0.9224670163714209
LPT  0.9253607359121324
core nozzle out 7.660578674126584 11.136038761261085 1826.5121905673418 5.8582877300421625 1571.9649956188377 0.01001627583584533 1.0
bypass nozzle out 42.520159137889785 3.806743442398046 468.70443770279604 2.13897 396.720821276842 0.01457068905349121 0.9471023807936163
2.04857505370487
HP power balance:  -1587.8086621630086 = 1587.8206568438802  +  0.0  HP extraction
LP power balance:  -675.0298972752322 + -252.32719202307405 = -927.3570892983063 927.3548523312717
 
CASE #  33
--- 0.7 45000.0 ----------------------------------------------------
fan Nc = 0.800000052982334      burner temperature = 2632.135660447516    ambient Ps = 2.1389701355880413
burner out 5.780083217793988 51.05639204312653 2632.135660447516 0.0 0.0 0.05212457453651468 0.0
HPT 0.9224595310146962
LPT  0.9194808059172027
core nozzle out 6.789596306494995 9.114468972371759 1650.4498498506448 4.90250236285473 1413.593308373486 0.009321824562171788 1.0
bypass nozzle out 40.17340790409831 3.59683932611823 460.74423650220024 2.13897 396.5365941307441 0.014578287340123052 0.8945750395466211
2.065943260363404
HP power balance:  -1291.5419258691772 = 1291.5037675335516  +  0.0  HP extraction
LP power balance:  -506.253225657518 + -215.36170740949794 = -721.614933067016 721.6059811906048
 
CASE #  34
--- 0.7 45000.0 ----------------------------------------------------
fan Nc = 0.749999924591988      burner temperature = 2390.232212547321    ambient Ps = 2.1389701355880413
burner out 5.173869384077606 43.60114541373533 2390.232212547321 0.0 0.0 0.04902161819920336 0.0
HPT 0.9225650113029666
LPT  0.9162757737388879
core nozzle out 6.0804257510862 7.730093982131584 1489.8778866482392 4.144000812854241 1270.0572228196086 0.008771760152201833 1.0
bypass nozzle out 37.896319165017985 3.4156187777166824 453.81032109015985 2.13897 396.6297464830807 0.014574445353268914 0.8439904237351822
2.08371486775867
HP power balance:  -1076.3451590867842 = 1076.3501049445917  +  0.0  HP extraction
LP power balance:  -371.5696930295962 + -184.77934576745 = -556.3490387970462 556.3449970544664
 
CASE #  35
--- 0.7 45000.0 ----------------------------------------------------
fan Nc = 0.699999865761868      burner temperature = 2077.476283918273    ambient Ps = 2.1389701355880413
burner out 4.221418310443397 33.21051974796422 2077.476283918273 0.0 0.0 0.042967603577428515 0.0
HPT 0.9214765067287429
LPT  0.9152376230155643
core nozzle out 4.963949726647419 5.833941891670742 1283.6122101206176 3.1146372588169187 1087.6216009437667 0.007699590637221114 1.0
bypass nozzle out 35.615616412858735 3.2449470735337567 447.14527126756315 2.13897 396.6301988660959 0.014574426695129275 0.793198116504314
2.0619537432542363
HP power balance:  -750.5024800168203 = 750.529658021852  +  0.0  HP extraction
LP power balance:  -252.0182135301104 + -154.7339898560056 = -406.752203386116 406.73042713745014
 
CASE #  36
--- 0.6 40000.0 ----------------------------------------------------
fan Nc = 0.9999997568829058      burner temperature = 3577.741979481257    ambient Ps = 2.72001743920006
burner out 10.04686259394252 103.34425415852701 3577.741979481257 0.0 0.0 0.0775693049729606 0.0
HPT 0.9223568852722708
LPT  0.9349081423345749
core nozzle out 11.778521678761868 19.10160688152166 2305.1063997790357 10.269326283799362 2004.4566210819548 0.01376420334405311 1.0
bypass nozzle out 56.31025756683017 5.078582043529893 478.2865616710433 2.72003 399.15652257083195 0.018401128393046966 0.9901618456998628
2.185790169020387
HP power balance:  -2980.163443097902 = 2980.164593196289  +  0.0  HP extraction
LP power balance:  -1367.4684619830527 + -442.2115288696953 = -1809.679990852748 1809.6392488722888
 
CASE #  37
--- 0.6 40000.0 ----------------------------------------------------
fan Nc = 0.9499998028791823      burner temperature = 3410.0742954310194    ambient Ps = 2.72001743920006
burner out 9.434867410000717 94.73483693026884 3410.0742954310194 0.0 0.0 0.07461721822010836 0.0
HPT 0.9224362280803605
LPT  0.9308974150383894
core nozzle out 11.065027965117753 17.855186544996226 2185.482898313055 9.36345669499256 1895.9954218549326 0.013268689796741201 1.0
bypass nozzle out 55.03365357692073 4.937582115088613 472.1513802580353 2.72003 397.3356106705703 0.01849663204588557 0.9648702461921839
2.1909135681413554
HP power balance:  -2692.4895160302144 = 2692.341784796877  +  0.0  HP extraction
LP power balance:  -1191.8964699685964 + -393.8629993635095 = -1585.759469332106 1585.644297631164
 
CASE #  38
--- 0.6 40000.0 ----------------------------------------------------
fan Nc = 0.8999904472841427      burner temperature = 3092.1831657434414    ambient Ps = 2.72001743920006
burner out 8.644294411921422 82.63486228553057 3092.1831657434414 0.0 0.0 0.07179459001449201 0.0
HPT 0.9225004939519198
LPT  0.9313684781698223
core nozzle out 10.144417534748587 15.758496604554457 1959.973710288226 8.074579903531495 1692.3629705092685 0.012821002039307893 1.0
bypass nozzle out 53.16205356759708 4.754732975153598 465.4729309317074 2.72003 396.1182268270845 0.01856048170491788 0.9302917278429009
2.159100916279682
HP power balance:  -2213.8316406608365 = 2214.046685023577  +  0.0  HP extraction
LP power balance:  -1000.2523192182776 + -343.4276506588771 = -1343.6799698771547 1343.7900434423018
 
CASE #  39
--- 0.6 40000.0 ----------------------------------------------------
fan Nc = 0.8499999975951588      burner temperature = 2842.5527938227865    ambient Ps = 2.72001743920006
burner out 7.797642279743512 71.51093927430445 2842.5527938227865 0.0 0.0 0.0675944263783588 0.0
HPT 0.9225013864071293
LPT  0.9283568240956851
core nozzle out 9.15555077374489 13.566804199816023 1788.694551929535 6.919655367878995 1537.9588146754083 0.012092087211126094 1.0
bypass nozzle out 50.035446768100364 4.487165777495288 457.74837935711605 2.72003 396.24900171035654 0.018553622790409046 0.8757656750498112
2.1945263938193693
HP power balance:  -1868.9945504669593 = 1868.9941851327378  +  0.0  HP extraction
LP power balance:  -781.9085191044339 + -295.5316252055313 = -1077.4401443099653 1077.4401294837487
 
CASE #  40
--- 0.6 40000.0 ----------------------------------------------------
fan Nc = 0.8000000013083597      burner temperature = 2579.4862373760775    ambient Ps = 2.72001743920006
burner out 6.835468925958682 59.761958718721665 2579.4862373760775 0.0 0.0 0.062258969082251925 0.0
HPT 0.9224512634411896
LPT  0.9207695364250809
core nozzle out 8.029923915857404 10.8566843055896 1610.9789259598554 5.719473996433637 1378.3265115963984 0.011154529079766076 1.0
bypass nozzle out 47.31803209070606 4.278612189960346 451.10584430842124 2.72003 396.1266744634496 0.01856003864112627 0.8280437183300766
2.2070821399745912
HP power balance:  -1479.0840249368634 = 1479.0845844821813  +  0.0  HP extraction
LP power balance:  -607.7996373071873 + -255.2858659291694 = -863.0855032363567 863.0824526767375
 
CASE #  41
--- 0.6 40000.0 ----------------------------------------------------
fan Nc = 0.7500001710966596      burner temperature = 2365.6188540510657    ambient Ps = 2.72001743920006
burner out 6.10999767069322 51.2059859790641 2365.6188540510657 0.0 0.0 0.05817250281364743 0.0
HPT 0.922505694106384
LPT  0.9133821206681751
core nozzle out 7.180651379196215 9.065799068888857 1471.2932741659497 4.861622236912872 1253.6530643658855 0.010422679580105834 1.0
bypass nozzle out 44.554670007202056 4.070810851479371 445.1373634533776 2.72003 396.3323196600425 0.01854925290928471 0.7799393293670687
2.241959432957542
HP power balance:  -1228.7674344703416 = 1228.7782748083337  +  0.0  HP extraction
LP power balance:  -464.57453893358274 + -216.8133243042879 = -681.3878632378706 681.3696183103976
 
CASE #  42
--- 0.6 40000.0 ----------------------------------------------------
fan Nc = 0.7000002160629563      burner temperature = 2122.205020724691    ambient Ps = 2.72001743920006
burner out 5.423321376874335 43.11478232788133 2122.205020724691 0.0 0.0 0.05460479789879799 0.0
HPT 0.9225645167139926
LPT  0.9099952011766784
core nozzle out 6.376637984301843 7.581105207632666 1311.5697654973217 4.049552618797913 1112.2434041619506 0.009788658805477744 1.0
bypass nozzle out 41.448642002249194 3.8591534371746734 439.0204660784754 2.72003 396.69605341827577 0.018530175708148838 0.7259801439430612
2.2764884415067246
HP power balance:  -1004.4240264810492 = 1004.3764843633771  +  0.0  HP extraction
LP power balance:  -331.3112444573563 + -182.0697658854088 = -513.3810103427651 513.4074856962145
 
CASE #  43
--- 0.7 40000.0 ----------------------------------------------------
fan Nc = 1.0000003880005557      burner temperature = 3545.5615989580797    ambient Ps = 2.720030378544732
burner out 10.743478573237928 109.96835256527035 3545.5615989580797 0.0 0.0 0.08329232236562395 0.0
HPT 0.9224128547709212
LPT  0.935227161740744
core nozzle out 12.596161663502537 19.746197744416573 2277.5367566107543 10.907572841794153 1979.4518472479403 0.014806061350099842 1.0
bypass nozzle out 60.54132758735033 5.545849828714756 490.4159585439022 2.923120028522893 407.96920239159965 0.019378138825205483 1.0
2.1285274179088267
HP power balance:  -3111.697263118533 = 3111.7112693783615  +  0.0  HP extraction
LP power balance:  -1515.5411345732316 + -475.6721611960179 = -1991.2132957692495 1991.1415356971206
 
CASE #  44
--- 0.7 40000.0 ----------------------------------------------------
fan Nc = 0.9500000001056456      burner temperature = 3472.992300653676    ambient Ps = 2.720030378544732
burner out 10.135943709708608 102.7240925080567 3472.992300653676 0.0 0.0 0.07944069371664493 0.0
HPT 0.9223997964939347
LPT  0.9291361252426236
core nozzle out 11.885804258945646 19.025634256124924 2232.953530118565 10.1780242397144 1938.9171618214286 0.014104373601114585 1.0
bypass nozzle out 59.14539359649298 5.3688542822999334 483.7538567128354 2.8395173628812285 402.40615450808747 0.01906081736615316 1.0
2.1226860391505444
HP power balance:  -2927.178192812104 = 2927.194989111186  +  0.0  HP extraction
LP power balance:  -1313.3268540393044 + -433.435248402217 = -1746.7621024415214 1746.9234072095178
 
CASE #  45
--- 0.7 40000.0 ----------------------------------------------------
fan Nc = 0.9000003386697559      burner temperature = 3217.7456454820203    ambient Ps = 2.720030378544732
burner out 9.327604981746612 90.98137350556702 3217.7456454820203 0.0 0.0 0.07595783665579303 0.0
HPT 0.9224706549765908
LPT  0.92844197564876
core nozzle out 10.943783876829785 17.211151839931986 2050.50840166155 8.933990717342668 1773.910099264524 0.013534165284042991 1.0
bypass nozzle out 57.15751597569454 5.148725432532772 476.72901015797476 2.7224035064293233 396.53338330298425 0.018554884404318208 1.0
2.0517564454021517
HP power balance:  -2511.096187657738 = 2511.1231881331687  +  0.0  HP extraction
LP power balance:  -1099.1473720393956 + -377.41906088014196 = -1476.5664329195374 1476.5768530657376
 
CASE #  46
--- 0.7 40000.0 ----------------------------------------------------
fan Nc = 0.8500005587686748      burner temperature = 2898.761584008951    ambient Ps = 2.720030378544732
burner out 8.27852072965536 76.66213368986143 2898.761584008951 0.0 0.0 0.07105461014272867 0.0
HPT 0.922468123775386
LPT  0.9288490103103487
core nozzle out 9.71920325137455 14.603389739850861 1828.7326320992804 7.437187417579678 1573.9649516676682 0.01269969090223184 1.0
bypass nozzle out 54.088044545047175 4.843319517199107 468.7394350548313 2.72003 396.7134117163655 0.018529265295693192 0.9473904149247
2.0491675208261286
HP power balance:  -2008.6723308982107 = 2008.7912788500976  +  0.0  HP extraction
LP power balance:  -859.086365381969 + -320.769344953439 = -1179.855710335408 1179.808044875625
 
CASE #  47
--- 0.7 40000.0 ----------------------------------------------------
fan Nc = 0.800000024126873      burner temperature = 2609.8167106643036    ambient Ps = 2.720030378544732
burner out 7.249898980450736 63.77059205741548 2609.8167106643036 0.0 0.0 0.06566035105737057 0.0
HPT 0.9224164943408755
LPT  0.9245535206354943
core nozzle out 8.516458806357518 11.80739423595956 1632.3237537206076 6.112410931071791 1397.4227435677456 0.01175484418310539 1.0
bypass nozzle out 51.17967417864365 4.58238677818119 460.89946963113687 2.72003 396.47912800680604 0.01854155306758391 0.8961213209617318
2.0515857040370897
HP power balance:  -1593.0408874026818 = 1593.1088322298258  +  0.0  HP extraction
LP power balance:  -646.6792711709718 + -274.5018264605778 = -921.1810976315496 921.1787711764034
 
CASE #  48
--- 0.7 40000.0 ----------------------------------------------------
fan Nc = 0.749999952266152      burner temperature = 2361.3688738252436    ambient Ps = 2.720030378544732
burner out 6.286562666260702 52.65828685975468 2361.3688738252436 0.0 0.0 0.05992925179214971 0.0
HPT 0.922383905803102
LPT  0.9160131024449206
core nozzle out 7.388334955289981 9.321757225583942 1469.4021165185131 4.998699671083443 1251.9329439083842 0.010730810051904596 1.0
bypass nozzle out 48.48092731618179 4.365727827111119 454.2157325817443 2.72003 396.41592994297235 0.018544867695791663 0.848778754618872
2.0586515672324155
HP power balance:  -1248.5098263539078 = 1248.5798826279017  +  0.0  HP extraction
LP power balance:  -479.74362938789665 + -235.14379231236552 = -714.8874217002622 714.8582901280929
 
CASE #  49
--- 0.7 40000.0 ----------------------------------------------------
fan Nc = 0.7000001048717652      burner temperature = 2076.501697668265    ambient Ps = 2.720030378544732
burner out 5.472979573868793 43.050565833718984 2076.501697668265 0.0 0.0 0.055724910207221125 0.0
HPT 0.9212787515397236
LPT  0.9160811700312418
core nozzle out 6.435729642502746 7.559703475669137 1282.1562953092755 4.035832219415193 1086.3291220065116 0.009988998742330621 1.0
bypass nozzle out 45.19433540630316 4.119296593894745 446.87224482924 2.72003 396.5849085837284 0.018536005060843984 0.7914517605427558
2.0654779664639875
HP power balance:  -988.8440519195773 = 988.8346428667741  +  0.0  HP extraction
LP power balance:  -315.8998382717957 + -197.0261077589591 = -512.9259460307549 512.9447269732674
 
CASE #  50
--- 0.75 40000.0 ----------------------------------------------------
fan Nc = 1.0000002040233462      burner temperature = 3533.688718451428    ambient Ps = 2.7200304280478464
burner out 11.173810168868577 114.16310557472347 3533.688718451428 0.0 0.0 0.0867642970936338 0.0
HPT 0.9224405183940712
LPT  0.9354953079383329
core nozzle out 13.101179298886713 20.182640759809935 2263.911687735221 11.306723260286962 1967.1031722745124 0.015444131656904994 1.0
bypass nozzle out 63.02313577453242 5.82841830366209 497.24402423033206 3.0615753736176052 413.6710529657587 0.020034193641168735 1.0
2.1077876594274954
HP power balance:  -3221.468232211274 = 3221.463775175893  +  0.0  HP extraction
LP power balance:  -1606.1333126152917 + -493.50952053002834 = -2099.64283314532 2099.640483194963
 
CASE #  51
--- 0.75 40000.0 ----------------------------------------------------
fan Nc = 0.9499996559336479      burner temperature = 3446.3859217922045    ambient Ps = 2.7200304280478464
burner out 10.51466115462189 106.12063451756964 3446.3859217922045 0.0 0.0 0.08270056827093276 0.0
HPT 0.9224337171353186
LPT  0.929710409175854
core nozzle out 12.330608963927151 19.358850053624238 2212.3524057095574 10.504976167849428 1920.2558254714993 0.01469972189517768 1.0
bypass nozzle out 61.588892075691696 5.641702667397412 490.41062727459234 2.9736808842597164 407.9647470003312 0.01971351886078119 1.0
2.0988343014150947
HP power balance:  -2984.080297159779 = 2984.1194462414496  +  0.0  HP extraction
LP power balance:  -1390.3877535683168 + -447.48572545956057 = -1837.8734790278775 1837.8621947669042
 
CASE #  52
--- 0.75 40000.0 ----------------------------------------------------
fan Nc = 0.8999999985002922      burner temperature = 3279.020997224034    ambient Ps = 2.7200304280478464
burner out 9.726844144667114 95.77662464976284 3279.020997224034 0.0 0.0 0.07846396803854923 0.0
HPT 0.9224663429657609
LPT  0.9266608677022435
core nozzle out 11.410867269633771 17.984192348407824 2095.6714796780484 9.430449620062689 1814.6519559908043 0.013964685447628236 1.0
bypass nozzle out 59.49094596969554 5.3960509903102185 483.2107792844028 2.8547873631081857 401.95267778154806 0.019182735428804065 1.0
2.0595877577234667
HP power balance:  -2669.6555788556316 = 2669.574955621795  +  0.0  HP extraction
LP power balance:  -1162.6596483607375 + -398.81479491227134 = -1561.4744432730088 1561.5014654732272
 
CASE #  53
--- 0.75 40000.0 ----------------------------------------------------
fan Nc = 0.8499997440455846      burner temperature = 2932.436567918937    ambient Ps = 2.7200304280478464
burner out 8.582176272394726 79.94122263687221 2932.436567918937 0.0 0.0 0.07324636117093343 0.0
HPT 0.9224473171472878
LPT  0.9287242347634731
core nozzle out 10.07509975146547 15.227746906174024 1852.182541837853 7.7673282933343195 1595.067183972074 0.013085739984983248 1.0
bypass nozzle out 56.38068084373333 5.070413650176001 475.1525678915725 2.72003 396.84588732232163 0.01852231718124625 0.9877546426800625
1.9771889370869742
HP power balance:  -2097.2164218035005 = 2097.246863752086  +  0.0  HP extraction
LP power balance:  -910.4785502437187 + -338.1995444638618 = -1248.6780947075804 1248.69324544843
 
CASE #  54
--- 0.75 40000.0 ----------------------------------------------------
fan Nc = 0.7999999147688113      burner temperature = 2650.019291784977    ambient Ps = 2.7200304280478464
burner out 7.536746596820034 66.79902308848325 2650.019291784977 0.0 0.0 0.06773044831796642 0.0
HPT 0.9224177206884114
LPT  0.9254792567353806
core nozzle out 8.852830628842629 12.505023761177089 1660.157192078008 6.412882431683844 1422.3077970612253 0.01211970364090945 1.0
bypass nozzle out 53.374561289668534 4.777128826322501 466.9652084368074 2.72003 396.7921056258189 0.01852513793741305 0.9350104031499952
1.9815946814280976
HP power balance:  -1684.6619729103377 = 1684.6574116811869  +  0.0  HP extraction
LP power balance:  -681.5612150061963 + -287.3878006954755 = -968.9490157016719 968.9307390703719
 
CASE #  55
--- 0.75 40000.0 ----------------------------------------------------
fan Nc = 0.7499999581107293      burner temperature = 2378.5407997920856    ambient Ps = 2.7200304280478464
burner out 6.405568118845148 53.84737689607034 2378.5407997920856 0.0 0.0 0.06084170263835674 0.0
HPT 0.9223240486997639
LPT  0.9163828292520861
core nozzle out 7.527992814734384 9.541634371200438 1481.8476709104602 5.115648866805668 1262.9624161154245 0.01088851672497722 1.0
bypass nozzle out 50.701649157605196 4.542891192322375 459.88557086903023 2.72003 396.61337165999055 0.018534512222143956 0.8879369604129479
1.975437876458677
HP power balance:  -1270.2086274626763 = 1270.2226197231184  +  0.0  HP extraction
LP power balance:  -499.274168188788 + -244.78658398254052 = -744.0607521713285 744.030028357594
 
CASE #  56
--- 0.75 40000.0 ----------------------------------------------------
fan Nc = 0.7000001776114178      burner temperature = 2052.033264620783    ambient Ps = 2.7200304280478464
burner out 5.506749238462154 43.06877779413581 2052.033264620783 0.0 0.0 0.05640686813463811 0.0
HPT 0.9205088372940989
LPT  0.9190513361524706
core nozzle out 6.475824547351699 7.5580871772240075 1266.2619802595405 4.032698115926426 1072.337178464782 0.010112617833568227 1.0
bypass nozzle out 47.36249245180364 4.282039596006802 451.4161717324881 2.72003 396.285619605514 0.01855170224568291 0.8290271210905072
1.9606107255746972
HP power balance:  -981.7281388019495 = 981.6414214199827  +  0.0  HP extraction
LP power balance:  -308.1639237898959 + -205.67940465566457 = -513.8433284455605 513.8738944148342
 
CASE #  57
--- 0.8 40000.0 ----------------------------------------------------
fan Nc = 0.9999999806291183      burner temperature = 3537.122768062528    ambient Ps = 2.7200424836601247
burner out 11.641317174511437 118.98198283195784 3537.122768062528 0.0 0.0 0.09033848504080044 0.0
HPT 0.9224660093056073
LPT  0.9368848386642736
core nozzle out 13.649370770674116 20.98631890785648 2263.3464396355803 11.77814033632021 1966.5848340510765 0.016092264975929877 1.0
bypass nozzle out 65.8204144350735 6.130846013622813 504.238933236616 3.2184428328942034 419.52217756988017 0.020778273899820777 1.0
2.0929109736747207
HP power balance:  -3355.1110081371617 = 3355.1112229229916  +  0.0  HP extraction
LP power balance:  -1700.8942901080768 + -514.4364892718698 = -2215.3307793799468 2215.3295669767003
 
CASE #  58
--- 0.8 40000.0 ----------------------------------------------------
fan Nc = 0.9500000181965595      burner temperature = 3429.852533892901    ambient Ps = 2.7200424836601247
burner out 10.940908660135443 110.12217249642237 3429.852533892901 0.0 0.0 0.08623761270636217 0.0
HPT 0.9224806499377887
LPT  0.9297251891053205
core nozzle out 12.830974021881277 19.748768158651988 2198.1026350255042 10.891875005856566 1907.358946179701 0.01534305743578925 1.0
bypass nozzle out 64.2945851661763 5.949136348435349 497.58604309946327 3.124324363027085 413.95666873781937 0.020431424611877445 1.0
2.0771980232539655
HP power balance:  -3067.096454604782 = 3067.095383081022  +  0.0  HP extraction
LP power balance:  -1478.5892768962397 + -463.82500541977646 = -1942.4142823160162 1942.4204182583499
 
CASE #  59
--- 0.8 40000.0 ----------------------------------------------------
fan Nc = 0.9000000002602865      burner temperature = 3316.2188430791766    ambient Ps = 2.7200424836601247
burner out 10.179818345975065 100.80694047049832 3316.2188430791766 0.0 0.0 0.08165596112944773 0.0
HPT 0.9224458090341583
LPT  0.9256483260395675
core nozzle out 11.941441712497344 18.73907402974899 2123.001711724711 9.939900239540172 1839.3247668968593 0.01452107374853302 1.0
bypass nozzle out 62.05435176934809 5.683703037328305 490.27488710741125 2.9958112119278506 407.85139625748235 0.01986532089999367 1.0
2.057668483947363
HP power balance:  -2821.137093942277 = 2821.099764959192  +  0.0  HP extraction
LP power balance:  -1237.2421748727986 + -417.9368334226155 = -1655.1790082954142 1655.146174890639
 
CASE #  60
--- 0.8 40000.0 ----------------------------------------------------
fan Nc = 0.8499999386028071      burner temperature = 2978.1763278212    ambient Ps = 2.7200424836601247
burner out 8.945763635133483 83.97180172783673 2978.1763278212 0.0 0.0 0.07575651941976065 0.0
HPT 0.9224369412447601
LPT  0.9279472091771498
core nozzle out 10.501062544330187 15.959528180985135 1884.4538218108505 8.173302346091903 1624.1091460166738 0.013525295376686534 1.0
bypass nozzle out 58.87158375629975 5.332669807928718 482.14237184337804 2.822566818708981 401.06055115042017 0.019003994063634642 1.0
1.958988522928123
HP power balance:  -2211.9399194098046 = 2211.939536774962  +  0.0  HP extraction
LP power balance:  -971.1056886196448 + -358.4756901925825 = -1329.5813788122273 1329.584375418364
 
CASE #  61
--- 0.8 40000.0 ----------------------------------------------------
fan Nc = 0.8000000475222657      burner temperature = 2692.8664476727445    ambient Ps = 2.7200424836601247
burner out 7.882869461988035 70.4332838715887 2692.8664476727445 0.0 0.0 0.0702811696557311 0.0
HPT 0.9224110154853221
LPT  0.9259831282494037
core nozzle out 9.258742854072556 13.285803091330743 1689.0963849855812 6.774506669248075 1448.280042806939 0.012570105727678948 1.0
bypass nozzle out 55.75604737609033 5.007784569154705 473.703177462098 2.72003 397.0368191534013 0.018512303139760412 0.9771079800407527
1.9115621321254772
HP power balance:  -1793.7904306290857 = 1793.7811789309335  +  0.0  HP extraction
LP power balance:  -725.9737389761322 + -303.78026576147334 = -1029.7540047376056 1029.7647948847411
 
CASE #  62
--- 0.8 40000.0 ----------------------------------------------------
fan Nc = 0.7500000734554934      burner temperature = 2410.6230365984798    ambient Ps = 2.7200424836601247
burner out 6.595839840931981 55.817762910729655 2410.6230365984798 0.0 0.0 0.06222581027797124 0.0
HPT 0.9222887548223506
LPT  0.9162017667462705
core nozzle out 7.751195627028724 9.90279431998531 1503.030457287321 5.3089549792504585 1281.7718704557635 0.011134741360151313 1.0
bypass nozzle out 53.0828331230639 4.751204111541092 466.41551802669204 2.72003 396.9460533115515 0.01851706364983692 0.9301272738513284
1.898064361523917
HP power balance:  -1317.6813212495476 = 1317.6637454536387  +  0.0  HP extraction
LP power balance:  -530.3759324660828 + -256.7318377463199 = -787.1077702124027 787.1264140128533
 
CASE #  63
--- 0.8 40000.0 ----------------------------------------------------
fan Nc = 0.6999994683561294      burner temperature = 2029.2547037057232    ambient Ps = 2.7200424836601247
burner out 5.568239330016068 43.31355187208643 2029.2547037057232 0.0 0.0 0.0573719000901287 0.0
HPT 0.9197032118640123
LPT  0.9220833115855009
core nozzle out 6.548496555418309 7.600690134756188 1252.2369641763382 4.053557893419979 1059.9883329082359 0.010281480508401603 1.0
bypass nozzle out 49.75694803628148 4.463825896123401 456.4820307958158 2.72003 395.81158472256425 0.018576564548405033 0.8702898765126582
1.8586249768131684
HP power balance:  -979.1689747099504 = 979.2013296211468  +  0.0  HP extraction
LP power balance:  -302.6460213870337 + -214.17837144726295 = -516.8243928342966 516.8483627897623
 
CASE #  64
--- 0.85 40000.0 ----------------------------------------------------
fan Nc = 0.9999999943164273      burner temperature = 3550.4719811615537    ambient Ps = 2.720029971387579
burner out 12.148617812564716 124.38764693016226 3550.4719811615537 0.0 0.0 0.09408326704879043 0.0
HPT 0.9223256523053722
LPT  0.9379572294281855
core nozzle out 14.243933377898841 21.890702223913213 2269.684689969052 12.310263692853916 1972.3295339147805 0.016770540419315163 1.0
bypass nozzle out 68.96233918009126 6.461827036660604 511.76809471483244 3.3969897692744366 425.8272491617661 0.02160975732504921 1.0
2.0803122595921235
HP power balance:  -3509.508030828006 = 3509.50691301014  +  0.0  HP extraction
LP power balance:  -1810.3369887662616 + -539.3477144776974 = -2349.684703243959 2349.685399336809
 
CASE #  65
--- 0.85 40000.0 ----------------------------------------------------
fan Nc = 0.9500023262926397      burner temperature = 3413.1650135549094    ambient Ps = 2.720029971387579
burner out 11.409306410245142 114.54020976502528 3413.1650135549094 0.0 0.0 0.0901369919290649 0.0
HPT 0.9225000267038723
LPT  0.9302488599728473
core nozzle out 13.380922512420723 20.211948401575768 2180.7000759344596 11.308096401735183 1891.6360886872724 0.0160621153354021 1.0
bypass nozzle out 67.3483997701074 6.27698681393156 504.98902438490444 3.295492311033756 420.15030061200736 0.02124466148051467 1.0
2.0540404516542172
HP power balance:  -3178.975355834603 = 3178.9842514261168  +  0.0  HP extraction
LP power balance:  -1572.7666225919997 + -481.50874431374336 = -2054.275366905743 2054.329932958226
 
CASE #  66
--- 0.85 40000.0 ----------------------------------------------------
fan Nc = 0.899999091032921      burner temperature = 3311.5789752480064    ambient Ps = 2.720029971387579
burner out 10.611516726146386 104.96877461171506 3311.5789752480064 0.0 0.0 0.08514594923988798 0.0
HPT 0.9224880941334921
LPT  0.9254994966694704
core nozzle out 12.447955549977069 19.225505953114865 2120.0980079901174 10.35277399535564 1836.6989875912375 0.015146187272419771 1.0
bypass nozzle out 64.9673145672634 6.01359335970328 497.87620369081054 3.1578656273383925 414.19897322085035 0.020639291290779502 1.0
2.040608261450654
HP power balance:  -2904.392576932769 = 2904.4112521136913  +  0.0  HP extraction
LP power balance:  -1323.2279551072863 + -432.1853347757233 = -1755.4132898830096 1755.4873298304292
 
CASE #  67
--- 0.85 40000.0 ----------------------------------------------------
fan Nc = 0.8500000040663993      burner temperature = 3051.350148034909    ambient Ps = 2.720029971387579
burner out 9.469803978635342 89.97538569408191 3051.350148034909 0.0 0.0 0.07921868242636286 0.0
HPT 0.9224514879082784
LPT  0.9260836013467082
core nozzle out 11.11476531900715 16.99318692918491 1936.3218268663688 8.78444480437853 1670.798971835692 0.014129868695594185 1.0
bypass nozzle out 61.50833574070902 5.627890570082594 489.5937246308665 2.9676884692529106 407.28259875714906 0.019704153722868274 1.0
1.9696634405683593
HP power balance:  -2417.7705813170433 = 2417.772707076578  +  0.0  HP extraction
LP power balance:  -1039.8061218494877 + -380.7378208288592 = -1420.5439426783469 1420.5412732173272
 
CASE #  68
--- 0.85 40000.0 ----------------------------------------------------
fan Nc = 0.7999999544458523      burner temperature = 2749.750936335438    ambient Ps = 2.720029971387579
burner out 8.249072355622575 74.4648669049384 2749.750936335438 0.0 0.0 0.0727625316932649 0.0
HPT 0.9223964180785829
LPT  0.9253880402392869
core nozzle out 9.68785726740188 14.126509457576912 1729.7040879669948 7.182095329803048 1484.7189931549474 0.013001778245025623 1.0
bypass nozzle out 58.38539482049623 5.282095292504367 481.1546708966113 2.796982328907087 400.23592724945553 0.01886632748543696 1.0
1.881808915076152
HP power balance:  -1906.9451491024342 = 1907.0244039700256  +  0.0  HP extraction
LP power balance:  -781.9733290094051 + -323.3677893153442 = -1105.3411183247495 1105.2701050304584
 
CASE #  69
--- 0.85 40000.0 ----------------------------------------------------
fan Nc = 0.7500001247266096      burner temperature = 2443.8609682376573    ambient Ps = 2.720029971387579
burner out 6.991446672453275 59.58101391915588 2443.8609682376573 0.0 0.0 0.06551562584169587 0.0
HPT 0.9223168754889457
LPT  0.9188927681671992
core nozzle out 8.215757944612813 10.748416619319991 1522.7277089156762 5.670074359665079 1299.3510672734421 0.011727230929499382 1.0
bypass nozzle out 55.52211652010549 4.985909233328157 473.4302913792967 2.72003 397.2946728249793 0.01849877916447638 0.973408427346233
1.824418490932546
HP power balance:  -1433.6495047770559 = 1433.6303865721177  +  0.0  HP extraction
LP power balance:  -566.8125364755327 + -272.14836398702835 = -838.9609004625611 838.9110372064858
 
CASE #  70
--- 0.85 40000.0 ----------------------------------------------------
fan Nc = 0.6999999844492502      burner temperature = 2038.0112598482413    ambient Ps = 2.720029971387579
burner out 5.716031011847981 44.56479304126165 2038.0112598482413 0.0 0.0 0.05877343065898253 0.0
HPT 0.9193942143989022
LPT  0.9231454578216057
core nozzle out 6.7222787203169485 7.821829599311466 1258.5750897170997 4.1721606404179905 1065.529135708971 0.010528507429540798 1.0
bypass nozzle out 52.28853533114203 4.675412382706489 462.77277795495246 2.72003 395.79371551392927 0.01857750175722756 0.9145454775684384
1.7731164216238642
HP power balance:  -1005.8682535846785 = 1005.8502034387577  +  0.0  HP extraction
LP power balance:  -313.1218502898107 + -224.16940473012323 = -537.2912550199339 537.2911177127122
 
CASE #  71
--- 0.9 40000.0 ----------------------------------------------------
fan Nc = 1.0000000292996112      burner temperature = 3576.905785679894    ambient Ps = 2.7200271722441056
burner out 12.671069836041124 130.20001256399635 3576.905785679894 0.0 0.0 0.09775348060071275 0.0
HPT 0.9219583795140328
LPT  0.9385957809082924
core nozzle out 14.855836513580066 22.8698220509406 2285.4512101662503 12.888517656621733 1986.6282114365772 0.017431251689935097 1.0
bypass nozzle out 72.22436461302597 6.812955990619242 519.9167906093443 3.5874637232347286 432.651448369365 0.022454289313811278 1.0
2.0709213352281366
HP power balance:  -3681.9096971205654 = 3682.014283281204  +  0.0  HP extraction
LP power balance:  -1932.0736067175228 + -569.1528274281304 = -2501.226434145653 2501.178888830501
 
CASE #  72
--- 0.9 40000.0 ----------------------------------------------------
fan Nc = 0.9499995296397625      burner temperature = 3432.8166139144055    ambient Ps = 2.7200271722441056
burner out 11.889281142960403 119.70268724248132 3432.8166139144055 0.0 0.0 0.09365958834126391 0.0
HPT 0.9225031462070918
LPT  0.9310972722524384
core nozzle out 13.943427835101904 21.07721852248995 2191.9538112460946 11.818723315242277 1901.8121494267405 0.01669625973446129 1.0
bypass nozzle out 70.55887864387807 6.616529807982078 512.8078202947074 3.479262928071928 426.69795985216905 0.022087700076500513 1.0
2.0434497192037306
HP power balance:  -3328.0596848081805 = 3328.04697069923  +  0.0  HP extraction
LP power balance:  -1673.2707413359826 + -504.4241686709344 = -2177.694910006917 2177.7095403824073
 
CASE #  73
--- 0.9 40000.0 ----------------------------------------------------
fan Nc = 0.8999999999999017      burner temperature = 3286.2930520025284    ambient Ps = 2.7200271722441056
burner out 10.984425619150484 108.22441691085255 3286.2930520025284 0.0 0.0 0.08846467789836807 0.0
HPT 0.9224977768964783
LPT  0.9263877757633321
core nozzle out 12.88611938355776 19.543829057932765 2100.591171364588 10.661811730265068 1819.0526118695461 0.01575023177562096 1.0
bypass nozzle out 68.1045026885774 6.348160429432224 505.21387586484354 3.3332413741227613 420.3385976135909 0.021478601020391116 1.0
2.016716786514015
HP power balance:  -2956.5628687305148 = 2956.492668020087  +  0.0  HP extraction
LP power balance:  -1397.0758350224853 + -445.0673396666471 = -1842.1431746891324 1842.2650534290387
 
CASE #  74
--- 0.9 40000.0 ----------------------------------------------------
fan Nc = 0.8499961935364443      burner temperature = 3087.2947931636886    ambient Ps = 2.7200271722441056
burner out 9.886793802245212 94.47231077041201 3087.2947931636886 0.0 0.0 0.08221174374045222 0.0
HPT 0.9224695660427791
LPT  0.9256161610307617
core nozzle out 11.603443273657739 17.721268328555354 1962.9121712214917 9.242733258797982 1694.7574441477338 0.01465478158192223 1.0
bypass nozzle out 64.32908111303965 5.948075582495172 497.07157782868535 3.1245818956204143 413.52704999088974 0.02045324078945139 1.0
1.9677356285175387
HP power balance:  -2553.7561844192232 = 2553.92587376046  +  0.0  HP extraction
LP power balance:  -1102.1724706886255 + -393.2418697084255 = -1495.414340397051 1495.4262044999248
 
CASE #  75
--- 0.9 40000.0 ----------------------------------------------------
fan Nc = 0.7999994969138816      burner temperature = 2786.7315103614783    ambient Ps = 2.7200271722441056
burner out 8.593261313780978 78.10055045960763 2786.7315103614783 0.0 0.0 0.07530611256996356 0.0
HPT 0.9223692121520667
LPT  0.9254235088464683
core nozzle out 10.091443626570555 14.837774107546007 1755.6518440993307 7.546001923329401 1508.0164727257486 0.013448068473189781 1.0
bypass nozzle out 61.10828639043862 5.584218165582998 488.6928666978399 2.9460832621993407 406.5303492351563 0.01959394144291721 1.0
1.88075481058008
HP power balance:  -2003.3895839056415 = 2003.3438126077212  +  0.0  HP extraction
LP power balance:  -833.4135151100286 + -343.7110840617064 = -1177.124599171735 1177.139368078227
 
CASE #  76
--- 0.9 40000.0 ----------------------------------------------------
fan Nc = 0.7499965065820091      burner temperature = 2484.398629908413    ambient Ps = 2.7200271722441056
burner out 7.370503447447086 63.337909089715545 2484.398629908413 0.0 0.0 0.06851248746558213 0.0
HPT 0.922318353439903
LPT  0.9211722228466863
core nozzle out 8.660662752263143 11.670043286733529 1551.5876051835176 6.038271716034052 1324.9881284021171 0.012251137279577077 1.0
bypass nozzle out 58.06050306484808 5.249125293266383 480.62398543932517 2.7798289102517026 399.79228385629585 0.01877159313955343 1.0
1.7865535889902526
HP power balance:  -1543.039825111836 = 1543.0064490154384  +  0.0  HP extraction
LP power balance:  -600.1512083483359 + -289.50591592568304 = -889.657124274019 889.7275651829692
 
CASE #  77
--- 0.9 40000.0 ----------------------------------------------------
fan Nc = 0.700000040920347      burner temperature = 2050.301922807477    ambient Ps = 2.7200271722441056
burner out 5.869905537177369 45.90669789221465 2050.301922807477 0.0 0.0 0.06017368864872014 0.0
HPT 0.9191047934474609
LPT  0.9240475894487615
core nozzle out 6.903180389039719 8.059921127668035 1267.1168087319377 4.300025837998782 1073.0034543178315 0.010776376850806105 1.0
bypass nozzle out 54.87649856530192 4.913535430581703 469.4881907152707 2.72003 395.7485784882454 0.018579869115489357 0.9597432832687155
1.695327272983796
HP power balance:  -1035.0096789331117 = 1034.9789342251877  +  0.0  HP extraction
LP power balance:  -324.20109336032533 + -236.43191528239333 = -560.6330086427187 560.6192539069026
 
CASE #  78
--- 0.9 36089.0 ----------------------------------------------------
fan Nc = 0.9999999997529194      burner temperature = 3568.914694908215    ambient Ps = 3.282843590458466
burner out 15.304803507921573 157.12197954112753 3568.914694908215 0.0 0.0 0.11823397143327345 0.0
HPT 0.9224713484515018
LPT  0.9385004752414811
core nozzle out 17.94436269967319 27.34768367647508 2270.775575448614 15.512560358076534 1973.328966906639 0.021122401571750164 1.0
bypass nozzle out 87.09342671496694 8.217752145449035 520.2423188558002 4.327535412621004 432.924964998737 0.027068719429195157 1.0
2.0638289338035305
HP power balance:  -4496.336062160869 = 4496.336228834099  +  0.0  HP extraction
LP power balance:  -2330.2613284692375 + -693.1074122709161 = -3023.3687407401535 3023.3686949275416
 
CASE #  79
--- 0.9 36089.0 ----------------------------------------------------
fan Nc = 0.9500000000480481      burner temperature = 3393.0402347311087    ambient Ps = 3.282843590458466
burner out 14.163583926052295 141.7660492322635 3393.0402347311087 0.0 0.0 0.11222619107418047 0.0
HPT 0.9225071568640221
LPT  0.9318039322829402
core nozzle out 16.612328237551957 24.69508636355637 2149.765438013919 13.92722735456832 1863.6908869104154 0.020080027656612993 1.0
bypass nozzle out 85.24036387927934 7.997571248995363 513.4271794909235 4.205820193332164 427.21668971497303 0.02666744585219143 1.0
2.0230347904873858
HP power balance:  -3942.8712069068247 = 3942.857690765378  +  0.0  HP extraction
LP power balance:  -2026.9152275385804 + -612.6150964231467 = -2639.530323961727 2639.51086795962
 
CASE #  80
--- 0.9 36089.0 ----------------------------------------------------
fan Nc = 0.900000328342633      burner temperature = 3207.8399834213747    ambient Ps = 3.282843590458466
burner out 12.946952800798284 126.03278339470131 3207.8399834213747 0.0 0.0 0.1055458802395953 0.0
HPT 0.9224824676677206
LPT  0.9255347433074484
core nozzle out 15.190931749114428 22.02734426162037 2031.9199594781828 12.339809954230288 1757.2023080552574 0.01886963610476955 1.0
bypass nozzle out 82.40785226516692 7.685023290289034 505.81461222712153 4.0356278422091565 420.84165904762307 0.025974162459986384 1.0
1.983376162570312
HP power balance:  -3386.8437372497683 = 3386.828186747338  +  0.0  HP extraction
LP power balance:  -1692.7351114153212 + -527.6095072170999 = -2220.344618632421 2220.351652025336
 
CASE #  81
--- 0.9 36089.0 ----------------------------------------------------
fan Nc = 0.8500004416229195      burner temperature = 3033.4941103191504    ambient Ps = 3.282843590458466
burner out 11.568021282861313 109.53424448876378 3033.4941103191504 0.0 0.0 0.09701301504553979 0.0
HPT 0.9224737496894274
LPT  0.9216685447523948
core nozzle out 13.577741403659235 19.616094982417813 1924.7648479226073 10.695129541481549 1660.4356129558369 0.017309446555764697 1.0
bypass nozzle out 77.85032271611915 7.204857875347008 497.7201852993855 3.7834867506377816 414.06868359947424 0.024735641141530547 1.0
1.947961579869334
HP power balance:  -2870.5726086472564 = 2870.552936155646  +  0.0  HP extraction
LP power balance:  -1336.967360188479 + -449.5131559077539 = -1786.4805160962328 1786.5958474694892
 
CASE #  82
--- 0.9 36089.0 ----------------------------------------------------
fan Nc = 0.799999809280719      burner temperature = 2779.7203130307953    ambient Ps = 3.282843590458466
burner out 10.226536189187836 92.77988754057534 2779.7203130307953 0.0 0.0 0.08968738515485826 0.0
HPT 0.9224336552858974
LPT  0.9240508533876526
core nozzle out 12.009509833204426 17.348261836301553 1751.2488265404206 8.96830558349044 1504.0803968541147 0.01602362491234398 1.0
bypass nozzle out 73.82842322986124 6.751661420647377 489.19810861753615 3.5608905809552662 406.9522441760122 0.023660398512433387 1.0
1.8775056048891656
HP power balance:  -2377.84187235131 = 2377.8115222885785  +  0.0  HP extraction
LP power balance:  -1009.7124011218785 + -383.0226658267955 = -1392.735066948674 1392.6826869184688
 
CASE #  83
--- 0.9 36089.0 ----------------------------------------------------
fan Nc = 0.7500000407685539      burner temperature = 2482.8337744549704    ambient Ps = 3.282843590458466
burner out 8.73925151500794 75.03586824920112 2482.8337744549704 0.0 0.0 0.08121761124921346 0.0
HPT 0.9223497043502558
LPT  0.9237896420671194
core nozzle out 10.268934001005267 14.13925674312384 1550.2879473180815 7.156152688743576 1323.8484327128263 0.014531698114904765 1.0
bypass nozzle out 70.18436862658909 6.349432802015577 481.20298482303065 3.362351022911193 400.2763178722241 0.02267784037324294 1.0
1.784746097201047
HP power balance:  -1823.6909041445638 = 1823.6934386597902  +  0.0  HP extraction
LP power balance:  -730.3023127925491 + -327.6467088879278 = -1057.9490216804768 1057.947963472205
 
CASE #  84
--- 0.9 36089.0 ----------------------------------------------------
fan Nc = 0.6999995700406091      burner temperature = 2067.8796588472883    ambient Ps = 3.282843590458466
burner out 6.778857935570683 53.23543709723009 2067.8796588472883 0.0 0.0 0.06919533419372433 0.0
HPT 0.9201785187195459
LPT  0.9215164507833022
core nozzle out 7.9717059862702655 9.346471001219868 1277.6172772110992 4.988463392308565 1082.2734415079146 0.012393990444109087 1.0
bypass nozzle out 66.50024695563577 5.960396830907798 470.8763159303029 3.2828416999999996 396.3061171344946 0.022389007653407143 0.9644889447154099
1.6926060798270028
HP power balance:  -1169.5595107417978 = 1169.4456479204905  +  0.0  HP extraction
LP power balance:  -417.257162940753 + -273.45553821876234 = -690.7127011595153 690.72371957758
 
CASE #  85
--- 0.85 36089.0 ----------------------------------------------------
fan Nc = 1.0000161733420583      burner temperature = 3498.4690744947657    ambient Ps = 3.282841312931896
burner out 14.622493746152653 148.61375002150643 3498.4690744947657 0.0 0.0 0.11408781996738464 0.0
HPT 0.9224932805397974
LPT  0.9395821675962829
core nozzle out 17.14682775522164 25.851204010607958 2216.3577146604425 14.623072902394547 1924.0613704337811 0.020421689211710455 1.0
bypass nozzle out 83.23548513096219 7.801419649094267 512.2244806732436 4.101665582967647 426.20962392350623 0.026068991102678678 1.0
2.055534818964373
HP power balance:  -4229.73542900416 = 4229.476050725032  +  0.0  HP extraction
LP power balance:  -2188.651856415348 + -647.9495353061471 = -2836.601391721495 2836.5991003344116
 
CASE #  86
--- 0.85 36089.0 ----------------------------------------------------
fan Nc = 0.9499997129581899      burner temperature = 3350.2160354495127    ambient Ps = 3.282841312931896
burner out 13.509601090443601 134.35638785456084 3350.2160354495127 0.0 0.0 0.10772055947470978 0.0
HPT 0.9224844380671804
LPT  0.9315138857535749
core nozzle out 15.846325857358824 23.450021809888412 2123.7371455206317 13.19616137506597 1840.220904819538 0.019268374153845247 1.0
bypass nozzle out 81.45154394501104 7.59530061805852 505.6833551464388 3.9882889414319336 420.73173962301905 0.025676053856809596 1.0
2.026436535564468
HP power balance:  -3680.725465781862 = 3680.6636493655124  +  0.0  HP extraction
LP power balance:  -1907.9217493788879 + -575.9460098130982 = -2483.867759191986 2483.88525956728
 
CASE #  87
--- 0.85 36089.0 ----------------------------------------------------
fan Nc = 0.9000000044071542      burner temperature = 3195.8200486284295    ambient Ps = 3.282841312931896
burner out 12.457028018715299 121.01860406266316 3195.8200486284295 0.0 0.0 0.10172705570642153 0.0
HPT 0.9225169716121644
LPT  0.9244179283329175
core nozzle out 14.61623714547013 21.19987135371337 2026.278958085832 11.855329292382667 1752.1451076337005 0.018179947169427068 1.0
bypass nozzle out 78.66830459250778 7.289234023278308 498.56114112914685 3.826214941857761 414.77095458768093 0.024974690751643002 1.0
1.995030458165673
HP power balance:  -3248.8761604531933 = 3248.870530017855  +  0.0  HP extraction
LP power balance:  -1606.110124761504 + -497.39712217084644 = -2103.5072469323504 2103.5064331844
 
CASE #  88
--- 0.85 36089.0 ----------------------------------------------------
fan Nc = 0.8499999999999432      burner temperature = 3017.236225095052    ambient Ps = 3.282841312931896
burner out 11.20373688509003 105.80297453727937 3017.236225095052 0.0 0.0 0.09421389495653901 0.0
HPT 0.9224987374903233
LPT  0.9228757866016821
core nozzle out 13.150491372959507 19.25387245608244 1915.312689502495 10.33297979059209 1651.9399609950308 0.016807474563389196 1.0
bypass nozzle out 74.36537173897045 6.810245335116755 490.18058220819177 3.589857283132353 407.7726483877392 0.02380869922269996 1.0
1.9581676995991781
HP power balance:  -2787.9007851695487 = 2787.844764591804  +  0.0  HP extraction
LP power balance:  -1260.7296513851484 + -423.2917900694847 = -1684.021441454633 1684.0040358722415
 
CASE #  89
--- 0.85 36089.0 ----------------------------------------------------
fan Nc = 0.8000000108054462      burner temperature = 2735.5041857475485    ambient Ps = 3.282841312931896
burner out 9.743972967397564 87.70322164463975 2735.5041857475485 0.0 0.0 0.08615072066020482 0.0
HPT 0.9224236508248927
LPT  0.9249120972401466
core nozzle out 11.443654921692044 16.504228896463164 1719.5887801255406 8.456550170127976 1475.6604618229662 0.01540360021999371 1.0
bypass nozzle out 70.6231249667091 6.39428801650004 481.7933336501179 3.385008308241698 400.7690995206727 0.022805639025489658 1.0
1.8752357267431965
HP power balance:  -2222.7021657070813 = 2222.706348254306  +  0.0  HP extraction
LP power balance:  -951.31134034518 + -365.26469065734364 = -1316.5760310025237 1316.5555254134879
 
CASE #  90
--- 0.85 36089.0 ----------------------------------------------------
fan Nc = 0.7500001207468358      burner temperature = 2440.5555867085723    ambient Ps = 3.282841312931896
burner out 8.433947975443655 71.81177213007082 2440.5555867085723 0.0 0.0 0.07907321680269057 0.0
HPT 0.9223595801777364
LPT  0.9238098091692472
core nozzle out 9.910916425494701 13.462688149494829 1520.1681791764765 6.833218996052411 1297.066471822427 0.014158752474026924 1.0
bypass nozzle out 66.98985838443467 6.017924904540879 473.81705809376655 3.2828416999999996 397.5987260579224 0.02230718483293604 0.9735784055282115
1.8219147580013688
HP power balance:  -1737.2334978418146 = 1737.2400686663439  +  0.0  HP extraction
LP power balance:  -685.3381217280167 + -315.3283446151547 = -1000.6664663431715 1000.6876808817602
 
CASE #  91
--- 0.85 36089.0 ----------------------------------------------------
fan Nc = 0.7000000005412264      burner temperature = 2049.222329848982    ambient Ps = 3.282841312931896
burner out 6.6654497432845705 52.10801977209793 2049.222329848982 0.0 0.0 0.06833837618422423 0.0
HPT 0.9199274343558648
LPT  0.9211268846173679
core nozzle out 7.83855255531258 9.14315766390088 1264.744624523965 4.877958523933963 1070.9818249084753 0.012247648690773256 1.0
bypass nozzle out 63.3255088420665 5.664537409407936 463.9180338732794 3.2828416999999996 396.2903696959771 0.022390004474496142 0.9184185247795467
1.7687522607741528
HP power balance:  -1148.0875828230496 = 1148.080688913317  +  0.0  HP extraction
LP power balance:  -397.1779221422869 + -267.0384206388583 = -664.2163427811452 664.2083454654432
 
CASE #  92
--- 0.8 36089.0 ----------------------------------------------------
fan Nc = 1.0000000059929324      burner temperature = 3458.073848531742    ambient Ps = 3.2828416880400915
burner out 13.898239640946283 140.41704294532084 3458.073848531742 0.0 0.0 0.10906075256661725 0.0
HPT 0.922002602355639
LPT  0.9391118803351265
core nozzle out 16.298530343312173 24.48351773530765 2192.476579240943 13.818379053488714 1902.4792343384818 0.01951432173436967 1.0
bypass nozzle out 79.53748315841132 7.411689658096473 504.76508265236686 3.8911329885612447 419.9627714473563 0.025095451501563202 1.0
2.0597852355197084
HP power balance:  -3927.7088824285047 = 3927.7320488361947  +  0.0  HP extraction
LP power balance:  -2058.1519938614197 + -614.2052320367515 = -2672.3572258981712 2672.3318354011685
 
CASE #  93
--- 0.8 36089.0 ----------------------------------------------------
fan Nc = 0.9500000125455063      burner temperature = 3320.0207768179494    ambient Ps = 3.2828416880400915
burner out 12.974450069847242 128.44287833081984 3320.0207768179494 0.0 0.0 0.10392354434079558 0.0
HPT 0.9224634964330269
LPT  0.9312376482896256
core nozzle out 15.219349882142845 22.470902322348497 2105.900721988362 12.61310042731655 1824.0904544341772 0.01858129340460944 1.0
bypass nozzle out 77.71770110290755 7.198225974941376 498.27501364221496 3.77899221179589 414.53201073671266 0.02467999788579461 1.0
2.0330682539449536
HP power balance:  -3505.904700594555 = 3505.9061253710292  +  0.0  HP extraction
LP power balance:  -1793.5902436494546 + -540.1342901549464 = -2333.724533804401 2333.7148577065623
 
CASE #  94
--- 0.8 36089.0 ----------------------------------------------------
fan Nc = 0.8999987360089998      burner temperature = 3162.818245936828    ambient Ps = 3.2828416880400915
burner out 11.935819101894811 115.36238937248248 3162.818245936828 0.0 0.0 0.09798872075088347 0.0
HPT 0.9225255776201172
LPT  0.9244094423641498
core nozzle out 14.005442357044085 20.26728354509448 2006.3816277711992 11.29607930807505 1734.1655417164898 0.017504685232930795 1.0
bypass nozzle out 75.14757349006003 6.889057802836184 490.962832844458 3.630120826471564 408.4258669774084 0.024040173112566003 1.0
2.000783636288744
HP power balance:  -3082.7838134798517 = 3082.6510297391383  +  0.0  HP extraction
LP power balance:  -1502.112614545238 + -467.64725661126147 = -1969.7598711564997 1969.7789090909969
 
CASE #  95
--- 0.8 36089.0 ----------------------------------------------------
fan Nc = 0.8499998397017913      burner temperature = 2973.9497106664794    ambient Ps = 3.2828416880400915
burner out 10.791093848144639 101.1915478755506 2973.9497106664794 0.0 0.0 0.09142170248584562 0.0
HPT 0.9225013349833474
LPT  0.9251634440977595
core nozzle out 12.667239739974695 18.68200982014764 1883.6749226582083 9.857407986293177 1623.410027082849 0.016319195087872534 1.0
bypass nozzle out 71.02268311240286 6.4369666151529765 482.5156247905711 3.406176711857574 401.37228400966046 0.022917443068127433 1.0
1.9578447946363824
HP power balance:  -2676.729267307376 = 2676.5306353103565  +  0.0  HP extraction
LP power balance:  -1172.8749785773214 + -402.08836973977526 = -1574.9633483170967 1574.8363517509438
 
CASE #  96
--- 0.8 36089.0 ----------------------------------------------------
fan Nc = 0.7999998838602068      burner temperature = 2677.536116733178    ambient Ps = 3.2828416880400915
burner out 9.228204689295362 82.18633487389219 2677.536116733178 0.0 0.0 0.08248222076027907 0.0
HPT 0.9223890407442774
LPT  0.9261742463495882
core nozzle out 10.839000157955526 15.531477819063786 1679.2730194459161 7.903738055899388 1439.5007308710553 0.014757268925233191 1.0
bypass nozzle out 67.51514406024175 6.067912271740562 474.4187871167317 3.2828416999999996 397.1829440827918 0.02233350404928186 0.9805628540288699
1.8990868291118785
HP power balance:  -2046.5913819757725 = 2046.5721357779032  +  0.0  HP extraction
LP power balance:  -885.2997049086339 + -350.4805463760205 = -1235.7802512846545 1235.779211929867
 
CASE #  97
--- 0.8 36089.0 ----------------------------------------------------
fan Nc = 0.7499998230930646      burner temperature = 2395.197004838519    ambient Ps = 3.2828416880400915
burner out 8.096054148787628 68.30611097265972 2395.197004838519 0.0 0.0 0.07663632540315737 0.0
HPT 0.9223524390644506
LPT  0.9237669807807557
core nozzle out 9.51458898957564 12.720075386757216 1489.6646013238212 6.48408005586233 1269.876685793609 0.013727020777793683 1.0
bypass nozzle out 63.90109945146723 5.721245814919879 466.5583917297546 3.2828416999999996 397.30662903462144 0.022325674727183654 0.9282598083488144
1.8928228752830702
HP power balance:  -1638.0433992071178 = 1638.151347789719  +  0.0  HP extraction
LP power balance:  -635.5492240832788 + -304.992522724064 = -940.5417468073427 940.5246909231398
 
CASE #  98
--- 0.8 36089.0 ----------------------------------------------------
fan Nc = 0.6999999896835216      burner temperature = 2034.7303711271286    ambient Ps = 3.2828416880400915
burner out 6.514484874848517 50.742790993352685 2034.7303711271286 0.0 0.0 0.06703013561981316 0.0
HPT 0.920032525549766
LPT  0.9206958663685886
core nozzle out 7.6611720941903805 8.899398473243556 1254.2568855781112 4.746475480794441 1061.7878235893402 0.01201909662273788 1.0
bypass nozzle out 60.225609946194844 5.40238113012387 457.3328793149035 3.2828416999999996 396.1857496945528 0.022396626975268865 0.8733147821971677
1.8527669872554484
HP power balance:  -1125.3018223374754 = 1125.3221649769848  +  0.0  HP extraction
LP power balance:  -376.93647112145 + -257.28960514137833 = -634.2260762628283 634.2174417961232
 
CASE #  99
--- 0.75 36089.0 ----------------------------------------------------
fan Nc = 1.000000264554081      burner temperature = 3425.4282232118417    ambient Ps = 3.2828383336832223
burner out 13.301866858749037 133.74938245138267 3425.4282232118417 0.0 0.0 0.10487740790813521 0.0
HPT 0.9217734190529766
LPT  0.9385921007552365
core nozzle out 15.599904643002795 23.373178866325524 2173.7260568256324 13.161566223833779 1885.5263846167275 0.01875615691393602 1.0
bypass nozzle out 76.18603883643055 7.052818205166488 497.87534268532477 3.7031466542486315 414.1984968349166 0.024203185017089457 1.0
2.065328717493983
HP power balance:  -3695.3461010743895 = 3695.3545123820577  +  0.0  HP extraction
LP power balance:  -1946.704106694663 + -580.150887189393 = -2526.854993884056 2526.851906728918
 
CASE #  100
--- 0.75 36089.0 ----------------------------------------------------
fan Nc = 0.9499994548341143      burner temperature = 3285.1902842803893    ambient Ps = 3.2828383336832223
burner out 12.462678826685366 122.72627940639472 3285.1902842803893 0.0 0.0 0.10035269567426558 0.0
HPT 0.9225098239961819
LPT  0.9311822220363818
core nozzle out 14.619899175634632 21.50566341845268 2084.1106432728297 12.047797465171799 1804.4536102971865 0.017939529820271274 1.0
bypass nozzle out 74.47656367756476 6.828561831215636 491.0125269950347 3.597855749558771 408.4673597235555 0.023824261455812578 1.0
2.037692921226402
HP power balance:  -3335.1114571958733 = 3335.102691034099  +  0.0  HP extraction
LP power balance:  -1684.9222500472065 + -508.65369565381 = -2193.5759457010163 2193.610090018388
 
CASE #  101
--- 0.75 36089.0 ----------------------------------------------------
fan Nc = 0.9000000001867046      burner temperature = 3142.167890114258    ambient Ps = 3.2828383336832223
burner out 11.493820383623307 110.71650313396346 3142.167890114258 0.0 0.0 0.09466013197008523 0.0
HPT 0.9225362032190485
LPT  0.9255589541963465
core nozzle out 13.487196231285425 19.752737319348892 1996.3431048926898 10.846401880298991 1725.1002544109904 0.016896723103013316 1.0
bypass nozzle out 71.96291789361679 6.533088539002302 483.81916207436103 3.455040559970035 402.4606843509908 0.023189812050066105 1.0
2.010566167798569
HP power balance:  -2951.0243934226296 = 2951.022004243792  +  0.0  HP extraction
LP power balance:  -1409.9225714966274 + -443.6466543714756 = -1853.5692258681029 1853.5520704391374
 
CASE #  102
--- 0.75 36089.0 ----------------------------------------------------
fan Nc = 0.8499999656679491      burner temperature = 2933.9296581591725    ambient Ps = 3.2828383336832223
burner out 10.338948760954679 96.29646833815936 2933.9296581591725 0.0 0.0 0.08818677862978752 0.0
HPT 0.9225039971650874
LPT  0.9264175556544915
core nozzle out 12.13737542959505 17.943648413557234 1854.7862676264285 9.365450305668812 1597.425954962314 0.015754169314809642 1.0
bypass nozzle out 68.03016699010944 6.120300265452097 475.5332753381703 3.2828416999999996 397.13682404653275 0.022336423471682982 0.9879718339545615
1.977372065021871
HP power balance:  -2536.076729976587 = 2536.062110464374  +  0.0  HP extraction
LP power balance:  -1099.9485647272586 + -386.5191453905927 = -1486.4677101178513 1486.464418852641
 
CASE #  103
--- 0.75 36089.0 ----------------------------------------------------
fan Nc = 0.7999999877918631      burner temperature = 2635.216689302592    ambient Ps = 3.2828383336832223
burner out 8.950320190093615 79.09720835152798 2635.216689302592 0.0 0.0 0.08065703231092139 0.0
HPT 0.9223924393898231
LPT  0.9270101219485379
core nozzle out 10.513444551541175 14.959217231953899 1649.8692145468447 7.589937498086973 1413.0934104900734 0.014436834653900188 1.0
bypass nozzle out 64.51935989256603 5.776320226999387 467.5033022151095 3.2828416999999996 397.02080024554124 0.022343767838928823 0.9368136399867889
1.9712675093856453
HP power balance:  -1968.297641731976 = 1968.2979623661668  +  0.0  HP extraction
LP power balance:  -827.3513762771139 + -338.7181931024432 = -1166.0695693795572 1166.0697539791167
 
CASE #  104
--- 0.75 36089.0 ----------------------------------------------------
fan Nc = 0.7499999620402884      burner temperature = 2367.781529797337    ambient Ps = 3.2828383336832223
burner out 7.7849341895110085 65.3057010918381 2367.781529797337 0.0 0.0 0.07412352924530652 0.0
HPT 0.9223558386933637
LPT  0.922422163811068
core nozzle out 9.149335442022 12.049555683849613 1471.0401060741526 6.1935368417939225 1253.3698747670292 0.013281078426387262 1.0
bypass nozzle out 61.10873747319498 5.477169487954691 460.1492201438329 3.2828416999999996 396.93614656020026 0.022349126461457515 0.887174492063779
1.9693470116718814
HP power balance:  -1554.0832523858332 = 1554.0877809294727  +  0.0  HP extraction
LP power balance:  -601.0578019622186 + -295.3870354456579 = -896.4448374078765 896.4094458899483
 
CASE #  105
--- 0.75 36089.0 ----------------------------------------------------
fan Nc = 0.7000000258316296      burner temperature = 2052.258764367126    ambient Ps = 3.2828383336832223
burner out 6.442279049064515 50.38919133174598 2052.258764367126 0.0 0.0 0.06598717961776888 0.0
HPT 0.9207817103981749
LPT  0.9180853938088823
core nozzle out 7.57591677709798 8.838906918209213 1265.0859569499212 4.715825702475511 1071.3271193658795 0.011836735621541996 1.0
bypass nozzle out 57.335533498027935 5.1813710427133275 452.1179002397184 3.2828416999999996 396.5669702901166 0.02237249551231409 0.8319081555369096
1.9522343608895736
HP power balance:  -1126.6371393892555 = 1126.5651538964473  +  0.0  HP extraction
LP power balance:  -379.8954551940521 + -247.23861545469978 = -627.1340706487518 627.1415349322934
 
CASE #  106
--- 0.7 36089.0 ----------------------------------------------------
fan Nc = 0.9999995346845175      burner temperature = 3393.921027646152    ambient Ps = 3.2828415832031563
burner out 12.812728329489742 128.2373212260742 3393.921027646152 0.0 0.0 0.10148825772388902 0.0
HPT 0.9218321218398363
LPT  0.9384938168958308
core nozzle out 15.02707294403581 22.454342727745978 2154.358101047769 12.614858888336503 1867.9929839998006 0.018146252771099033 1.0
bypass nozzle out 73.16443080448512 6.707758048371189 491.0278596972618 3.534516827698984 408.48016729850247 0.02340416522436369 1.0
2.070601929216921
HP power balance:  -3531.0685614628374 = 3531.031743158587  +  0.0  HP extraction
LP power balance:  -1836.903972416897 + -546.3062433604596 = -2383.2102157773566 2383.218015584064
 
CASE #  107
--- 0.7 36089.0 ----------------------------------------------------
fan Nc = 0.950000012044522      burner temperature = 3260.924883650662    ambient Ps = 3.2828415832031563
burner out 12.004885815851289 117.78167428160647 3260.924883650662 0.0 0.0 0.09702670085557985 0.0
HPT 0.9225494802855835
LPT  0.9308172021483304
core nozzle out 14.0834156736403 20.681786025278704 2069.6562046399486 11.559938619588953 1791.40467855753 0.017339473990078215 1.0
bypass nozzle out 71.54223932154083 6.499098922384408 484.312332763327 3.436270350391758 402.8724899539187 0.023042606385556448 1.0
2.0447794654162443
HP power balance:  -3191.467087863732 = 3191.45848283249  +  0.0  HP extraction
LP power balance:  -1590.892086344517 + -484.27493402517604 = -2075.167020369693 2075.1692577433987
 
CASE #  108
--- 0.7 36089.0 ----------------------------------------------------
fan Nc = 0.8999999999995366      burner temperature = 3130.8313538674893    ambient Ps = 3.2828415832031563
burner out 11.121733197645643 106.94394678034269 3130.8313538674893 0.0 0.0 0.09176863712793262 0.0
HPT 0.9225395717617834
LPT  0.926599119432018
core nozzle out 13.050804766987728 19.383199728512757 1990.4554896109655 10.477295576734365 1719.7988093323117 0.01637192629783029 1.0
bypass nozzle out 69.06148938538216 6.224194299019357 477.2209356413494 3.2915627719755443 396.9462677729442 0.022407855917836807 1.0
2.0215167514290884
HP power balance:  -2860.2020147467993 = 2860.19216444403  +  0.0  HP extraction
LP power balance:  -1330.3691120766036 + -427.5236352888707 = -1757.8927473654744 1757.955624439029
 
CASE #  109
--- 0.7 36089.0 ----------------------------------------------------
fan Nc = 0.8500003449973623      burner temperature = 2884.352807479084    ambient Ps = 3.2828415832031563
burner out 9.943762801422297 91.8446332810846 2884.352807479084 0.0 0.0 0.08555733473396797 0.0
HPT 0.9224829114244322
LPT  0.9278383981316883
core nozzle out 11.674517341905846 17.227097594695675 1818.879546320526 8.907624376187528 1565.1111248491143 0.015296098706917944 1.0
bypass nozzle out 65.28525027254346 5.847799263744052 469.13592897429385 3.2828416999999996 396.98738451579896 0.02234588307208717 0.9478820067834719
2.042078000024889
HP power balance:  -2397.06574940683 = 2397.055703550093  +  0.0  HP extraction
LP power balance:  -1038.2720025972167 + -374.05853660519796 = -1412.3305392024147 1412.3425236562828
 
CASE #  110
--- 0.7 36089.0 ----------------------------------------------------
fan Nc = 0.7999999562098772      burner temperature = 2608.9507332267826    ambient Ps = 3.2828415832031563
burner out 8.695541367808666 76.47073399791293 2608.9507332267826 0.0 0.0 0.07876270905650144 0.0
HPT 0.9224035904335558
LPT  0.9267665432885387
core nozzle out 10.214644594730455 14.446967155160905 1631.7348688408151 7.329826291951444 1396.9009841562147 0.014101504681881415 1.0
bypass nozzle out 61.79094059739356 5.533680859080911 461.3198683838716 3.2828416999999996 396.7558942382537 0.022360536527650642 0.896821364163955
2.048913651579649
HP power balance:  -1901.3357761685581 = 1901.3329587930875  +  0.0  HP extraction
LP power balance:  -782.5525591803924 + -330.7935827242156 = -1113.346141904608 1113.3484921099819
 
CASE #  111
--- 0.7 36089.0 ----------------------------------------------------
fan Nc = 0.749999965820102      burner temperature = 2350.4737109417356    ambient Ps = 3.2828415832031563
burner out 7.548543791117773 63.082941550512814 2350.4737109417356 0.0 0.0 0.07212109254390879 0.0
HPT 0.9223755513121364
LPT  0.9207755746997538
core nozzle out 8.871700434264849 11.543589317694764 1459.263987006495 5.977856657516223 1242.9068811769737 0.012927903279102586 1.0
bypass nozzle out 58.51999611284457 5.270342090214237 454.55687781851606 3.2828416999999996 396.6621686184758 0.022366469408370893 0.8492246730445371
2.05001223879173
HP power balance:  -1494.0109316528094 = 1494.0400117102085  +  0.0  HP extraction
LP power balance:  -579.2575071879924 + -283.7756339279262 = -863.0331411159186 863.0315763501251
 
CASE #  112
--- 0.7 36089.0 ----------------------------------------------------
fan Nc = 0.7000011411352228      burner temperature = 2078.606386555652    ambient Ps = 3.2828415832031563
burner out 6.406956673763188 50.41769279264362 2078.606386555652 0.0 0.0 0.06519459955491493 0.0
HPT 0.9216085445884634
LPT  0.9150146167304376
core nozzle out 7.533905221775236 8.849729579206434 1282.2024343513456 4.724500752192486 1086.393486921132 0.011692779516921293 1.0
bypass nozzle out 54.70957007585792 4.986147336444544 447.6068254690643 3.2828416999999996 396.9214897023598 0.022350054248219637 0.7942503714634247
2.0573569061623127
HP power balance:  -1136.776969685974 = 1136.8522288964448  +  0.0  HP extraction
LP power balance:  -389.5828702034058 + -237.39568286546512 = -626.978553068871 626.9415935102655
 
CASE #  113
--- 0.6 36089.0 ----------------------------------------------------
fan Nc = 0.9999999517061738      burner temperature = 3369.856097953147    ambient Ps = 3.2828416596520342
burner out 11.945441578089564 119.14794931323428 3369.856097953147 0.0 0.0 0.09497233370191265 0.0
HPT 0.9224981512298185
LPT  0.9368484858805319
core nozzle out 14.010336467859748 20.93776808457592 2142.4301173055414 11.725604997369054 1857.2336438267614 0.016963578857503835 1.0
bypass nozzle out 68.07373573279949 6.1435643825101645 478.91932256870285 3.2828416999999996 399.41333389700776 0.02219231920826651 0.9922067516856745
2.1045579174686164
HP power balance:  -3277.441452954652 = 3277.441012224695  +  0.0  HP extraction
LP power balance:  -1658.2699208777922 + -501.6499321615533 = -2159.9198530393455 2159.920472416366
 
CASE #  114
--- 0.6 36089.0 ----------------------------------------------------
fan Nc = 0.9500001330942698      burner temperature = 3256.4866801771536    ambient Ps = 3.2828416596520342
burner out 11.23930717870088 110.21474296570975 3256.4866801771536 0.0 0.0 0.09091547638150896 0.0
HPT 0.9225232507338392
LPT  0.9302672203602838
core nozzle out 13.185150071525555 19.71322279710691 2073.0656495903545 10.83395137243213 1794.494234725107 0.0162219476187019 1.0
bypass nozzle out 66.50715675181189 5.96940703331388 472.6178969993501 3.2828416999999996 397.52364068283555 0.022311937776424505 0.9664471106376487
2.1315234551807176
HP power balance:  -2988.95588930364 = 2988.9657865674753  +  0.0  HP extraction
LP power balance:  -1441.7131057111653 + -450.8375856429388 = -1892.5506913541042 1892.3842415854738
 
CASE #  115
--- 0.6 36089.0 ----------------------------------------------------
fan Nc = 0.9000001528006825      burner temperature = 3129.0354142096667    ambient Ps = 3.2828416596520342
burner out 10.491842295697932 100.90643168181981 3129.0354142096667 0.0 0.0 0.0866376503227311 0.0
HPT 0.9224965287908758
LPT  0.9268560883537278
core nozzle out 12.311686658886966 18.6848546374436 1988.9166168295262 9.879431781628423 1718.4179239779726 0.015450023917743427 1.0
bypass nozzle out 64.07513498861375 5.732559266132751 465.74796986600614 3.2828416999999996 396.4511486898876 0.022379827080145978 0.9295265303505804
2.1753036705774402
HP power balance:  -2739.9954936827203 = 2739.9917288593697  +  0.0  HP extraction
LP power balance:  -1205.940153633456 + -405.41493957225464 = -1611.3550932057105 1611.3578633828952
 
CASE #  116
--- 0.6 36089.0 ----------------------------------------------------
fan Nc = 0.8500000796624112      burner temperature = 2817.9061424735687    ambient Ps = 3.2828416596520342
burner out 9.259423235251553 84.54017856292782 2817.9061424735687 0.0 0.0 0.08061234453028844 0.0
HPT 0.9224673055887085
LPT  0.928611336287656
core nozzle out 10.87229767191046 15.990625926283416 1771.8934829506527 8.172790365382138 1522.8649193108165 0.014424581160451743 1.0
bypass nozzle out 60.47300680668772 5.4234527734813 458.23998412579436 3.2828416999999996 396.4871073510557 0.02237755087809924 0.8773202794630812
2.1800430464882354
HP power balance:  -2165.463409798783 = 2165.4686330245813  +  0.0  HP extraction
LP power balance:  -946.9254670487107 + -355.87764559790213 = -1302.8031126466128 1302.796247736479
 
CASE #  117
--- 0.6 36089.0 ----------------------------------------------------
fan Nc = 0.8000002411168196      burner temperature = 2585.0835911568875    ambient Ps = 3.2828416596520342
burner out 8.28878590179401 72.55164705569904 2585.0835911568875 0.0 0.0 0.07541840683621301 0.0
HPT 0.9224649251495088
LPT  0.9249661056885651
core nozzle out 9.737125443943423 13.676402693331498 1615.0428029017596 6.9456487748386095 1381.9606726542527 0.013510000672158039 1.0
bypass nozzle out 57.040452017836664 5.159638592072409 451.36568935981137 3.2828416999999996 396.4264217579961 0.022381392307858933 0.8274433370102658
2.2105698730405137
HP power balance:  -1805.1821894828017 = 1805.1452210056448  +  0.0  HP extraction
LP power balance:  -732.1904252071283 + -307.8214521439814 = -1040.0118773511097 1040.047978552279
 
CASE #  118
--- 0.6 36089.0 ----------------------------------------------------
fan Nc = 0.7499999666056686      burner temperature = 2347.6611706799963    ambient Ps = 3.2828416596520342
burner out 7.2260655153177344 60.33108670030147 2347.6611706799963 0.0 0.0 0.06905853235697905 0.0
HPT 0.9224411669612114
LPT  0.916445913698359
core nozzle out 8.492540509990237 10.897269717631927 1456.5522500054453 5.716564912930092 1240.5425251778624 0.012387010460937679 1.0
bypass nozzle out 53.86744791467247 4.92133489633053 445.59424966013324 3.2828416999999996 396.55697477687426 0.022373128233526766 0.7815778200781772
2.225692817872147
HP power balance:  -1426.3668738716253 = 1426.3785985770037  +  0.0  HP extraction
LP power balance:  -563.0992331736429 + -262.0461415041974 = -825.1453746778403 825.1436319545144
 
CASE #  119
--- 0.6 36089.0 ----------------------------------------------------
fan Nc = 0.7000000132588141      burner temperature = 2114.346824231046    ambient Ps = 3.2828416596520342
burner out 6.330847426718309 50.2293332849404 2114.346824231046 0.0 0.0 0.06385037228125592 0.0
HPT 0.9225556545647906
LPT  0.9095519626620596
core nozzle out 7.443734225054563 8.828205065444786 1305.1398155530824 4.715056080958934 1106.6050806603264 0.011453817141424226 1.0
bypass nozzle out 50.17768872182154 4.66835828253684 439.5102854607609 3.2828416999999996 396.8822566172118 0.022352537723015767 0.7284143108014062
2.262889229209524
HP power balance:  -1146.9739299299708 = 1146.9722457209052  +  0.0  HP extraction
LP power balance:  -402.6843508298743 + -219.36211402920193 = -622.0464648590762 622.0501089905353
 
CASE #  120
--- 0.5 30000.0 ----------------------------------------------------
fan Nc = 1.0000000001726672      burner temperature = 3400.1828962049476    ambient Ps = 4.364129574620632
burner out 14.545582540689043 145.7177544711656 3400.1828962049476 0.0 0.0 0.11510805676298233 0.0
HPT 0.9221096185090996
LPT  0.9389628826173516
core nozzle out 17.05962792261014 25.322379962119108 2147.742726604474 14.296888353533832 1862.0338129943977 0.02063098038919776 1.0
bypass nozzle out 82.68013280941096 7.6665058634099985 495.6183210321223 4.36413 422.0432382896198 0.02800982896092329 0.9290727727781465
2.1895985822831125
HP power balance:  -4070.250739498516 = 4070.25241465773  +  0.0  HP extraction
LP power balance:  -2113.7101333204364 + -627.1840811953854 = -2740.8942145158217 2740.8940976707217
 
CASE #  121
--- 0.5 30000.0 ----------------------------------------------------
fan Nc = 0.9499999999999996      burner temperature = 3261.250211013519    ambient Ps = 4.364129574620632
burner out 13.497372941628006 132.41975535615174 3261.250211013519 0.0 0.0 0.10907508638810016 0.0
HPT 0.9223298062210641
LPT  0.9308646618809513
core nozzle out 15.83445359362691 23.089877185748858 2061.686007134145 12.968501268875874 1784.2397735807729 0.019531542592681087 1.0
bypass nozzle out 80.77196066716412 7.4555411618992435 489.4031019413318 4.36413 419.87986686154863 0.0281514219186697 0.9053689958577417
2.2085294993168767
HP power balance:  -3579.6562011441333 = 3579.6757928682237  +  0.0  HP extraction
LP power balance:  -1846.3623853144372 + -554.2171864537373 = -2400.5795717681744 2400.5782487768415
 
CASE #  122
--- 0.5 30000.0 ----------------------------------------------------
fan Nc = 0.9000000579653573      burner temperature = 3095.742421623851    ambient Ps = 4.364129574620632
burner out 12.472026894398926 119.24735649080839 3095.742421623851 0.0 0.0 0.10348420102079435 0.0
HPT 0.9225354343793739
LPT  0.924482778153949
core nozzle out 14.636415828002477 20.872759051719378 1956.7864567969277 11.639925528999589 1689.504487506583 0.018514012329412858 1.0
bypass nozzle out 77.78303648095579 7.170383802517628 482.4192894357536 4.36413 418.3825927243267 0.02824941871704448 0.8703822560573968
2.2442161435895547
HP power balance:  -3150.929636426605 = 3150.9315499915174  +  0.0  HP extraction
LP power balance:  -1550.0345050828273 + -478.4509860880539 = -2028.4854911708812 2028.486183619766
 
CASE #  123
--- 0.5 30000.0 ----------------------------------------------------
fan Nc = 0.8500000000568065      burner temperature = 2921.5479677242984    ambient Ps = 4.364129574620632
burner out 11.331419834279789 105.29100983719646 2921.5479677242984 0.0 0.0 0.09683356956039038 0.0
HPT 0.9225218737876225
LPT  0.9232823362884263
core nozzle out 13.30256868214332 19.190255634731347 1848.7439156826151 10.243841113141778 1591.9950775980685 0.017292053368862918 1.0
bypass nozzle out 73.02909669660137 6.78243009308196 474.8330498138656 4.36413 418.3766867610771 0.028249805263152097 0.8171797812727765
2.3260009895330915
HP power balance:  -2733.5158945584963 = 2733.501184649734  +  0.0  HP extraction
LP power balance:  -1228.1560810969995 + -411.79083554368185 = -1639.9469166406814 1639.967121359524
 
CASE #  124
--- 0.5 30000.0 ----------------------------------------------------
fan Nc = 0.7999976289561354      burner temperature = 2670.272601176776    ambient Ps = 4.364129574620632
burner out 10.046196395928607 89.32229774372693 2670.272601176776 0.0 0.0 0.08988759238097818 0.0
HPT 0.9224760195556414
LPT  0.9236084744576559
core nozzle out 11.799790084949358 16.74105213449649 1673.8648280667458 8.588170623210445 1434.6760531556079 0.01609004250871769 1.0
bypass nozzle out 68.79120785377295 6.471062275099077 467.90637459891286 4.36413 417.90934992097095 0.028280392523664034 0.769356747146587
2.356450882740354
HP power balance:  -2241.7727927956444 = 2241.6308834341617  +  0.0  HP extraction
LP power balance:  -959.2259238494855 + -359.4538768245315 = -1318.679800674017 1318.6428896326802
 
CASE #  125
--- 0.5 30000.0 ----------------------------------------------------
fan Nc = 0.7499988553566541      burner temperature = 2443.1781935736362    ambient Ps = 4.364129574620632
burner out 8.91653375198336 75.9171652610166 2443.1781935736362 0.0 0.0 0.08350222588266995 0.0
HPT 0.9224532351434391
LPT  0.9197087535364906
core nozzle out 10.477595213475714 14.281201594517555 1522.1942738705627 7.230616616860249 1298.9576950291616 0.014959484402076463 1.0
bypass nozzle out 64.78554427373969 6.206893887859752 461.800135921967 4.36413 417.52507678185634 0.028305543253512696 0.7242385157538037
2.3919912016087594
HP power balance:  -1830.0005237314474 = 1829.9556790071158  +  0.0  HP extraction
LP power balance:  -741.4444307527605 + -316.549418948167 = -1057.9938497009275 1058.0649165152163
 
CASE #  126
--- 0.5 30000.0 ----------------------------------------------------
fan Nc = 0.7000001052116205      burner temperature = 2185.409335807254    ambient Ps = 4.364129574620632
burner out 7.65738927340899 61.75403136861676 2185.409335807254 0.0 0.0 0.07594608979098617 0.0
HPT 0.9224138207513882
LPT  0.9115393937261861
core nozzle out 9.002442337516209 11.176371015068344 1352.1469819322333 5.8153498275550595 1148.0029133263686 0.01361497679355091 1.0
bypass nozzle out 60.146089230212546 5.934484618332703 455.3577981363155 4.36413 417.2354708004437 0.028324498004859224 0.6721559319329681
2.433927067271609
HP power balance:  -1409.5030219077573 = 1409.4819539819682  +  0.0  HP extraction
LP power balance:  -531.4229484625589 + -276.11745486724527 = -807.5404033298041 807.5533985781933
 
CASE #  127
--- 0.6 30000.0 ----------------------------------------------------
fan Nc = 1.0000006920638733      burner temperature = 3459.9985146791873    ambient Ps = 4.364129927268008
burner out 15.514587765468995 156.82772912485405 3459.9985146791873 0.0 0.0 0.12174047087641318 0.0
HPT 0.922490246620317
LPT  0.9390454927372335
core nozzle out 18.19415107490441 27.21571659350014 2191.4354760153656 15.421815340354613 1901.5261938695974 0.02178937402197061 1.0
bypass nozzle out 88.25054236474126 8.229256526566692 505.5962859443913 4.36413 421.8677448355802 0.02802131503164613 0.9914601803890462
2.0724040001119937
HP power balance:  -4418.410163561819 = 4418.122720457597  +  0.0  HP extraction
LP power balance:  -2286.1327721713833 + -686.6504887035308 = -2972.783260874914 2972.8018325071575
 
CASE #  128
--- 0.6 30000.0 ----------------------------------------------------
fan Nc = 0.9499994145267705      burner temperature = 3310.101399468185    ambient Ps = 4.364129927268008
burner out 14.368172658749483 142.03092095763867 3310.101399468185 0.0 0.0 0.11526159164087298 0.0
HPT 0.9225343797646092
LPT  0.9314161914850084
core nozzle out 16.854824774743147 24.684395876109676 2090.340498844766 13.91161776888441 1810.0831420377756 0.020651559273580443 1.0
bypass nozzle out 86.2922548816702 8.014418121759219 499.42404090826267 4.36413 420.030925099751 0.028141535136186807 0.9673999376227608
2.080398562031901
HP power balance:  -3901.785558347254 = 3901.8496380367305  +  0.0  HP extraction
LP power balance:  -2001.8488162297167 + -607.3945517615101 = -2609.243367991227 2609.0969711848484
 
CASE #  129
--- 0.6 30000.0 ----------------------------------------------------
fan Nc = 0.8999993381230944      burner temperature = 3140.256525159194    ambient Ps = 4.364129927268008
burner out 13.153017590164689 126.66781236818143 3140.256525159194 0.0 0.0 0.10836550231288727 0.0
HPT 0.9225177174675456
LPT  0.9247067896307748
core nozzle out 15.43448426884038 22.10266759821244 1983.8954330781953 12.369971254286957 1713.9381315533194 0.019394926865313085 1.0
bypass nozzle out 83.44760931054073 7.698795445597312 492.30006762765305 4.36413 418.5513491518417 0.028238373585634996 0.9339506740800013
2.104957233793138
HP power balance:  -3367.7031509015133 = 3367.6470483467347  +  0.0  HP extraction
LP power balance:  -1683.086250213791 + -522.177339817547 = -2205.263590031338 2205.33229556751
 
CASE #  130
--- 0.6 30000.0 ----------------------------------------------------
fan Nc = 0.8499999963398095      burner temperature = 2956.38514008235    ambient Ps = 4.364129927268008
burner out 11.793009876184746 110.23022266727209 2956.38514008235 0.0 0.0 0.10017612981979238 0.0
HPT 0.9224962847873474
LPT  0.921180470025369
core nozzle out 13.843627080718068 19.667428683773178 1870.4363972427711 10.730988309622317 1611.5481600955422 0.01789503339086976 1.0
bypass nozzle out 78.58687358049731 7.246407282779891 484.50666594072624 4.36413 418.9660532545376 0.028211231145031244 0.8799585405352158
2.170704477338189
HP power balance:  -2850.1832747815783 = 2850.181515479839  +  0.0  HP extraction
LP power balance:  -1331.6115879367019 + -442.8301494438008 = -1774.4417373805027 1774.4288229803512
 
CASE #  131
--- 0.6 30000.0 ----------------------------------------------------
fan Nc = 0.7999991488750814      burner temperature = 2726.666861814265    ambient Ps = 4.364129927268008
burner out 10.580397795271047 95.05148561375262 2726.666861814265 0.0 0.0 0.09367303273300584 0.0
HPT 0.9224799563916953
LPT  0.9225651337774706
core nozzle out 12.426045798546436 17.6794467810562 1714.4350000222905 9.167589102192892 1471.0510162778876 0.016750976897088807 1.0
bypass nozzle out 74.19239725859858 6.875115758150547 476.96227581740993 4.36413 418.6278747425989 0.028233364975186505 0.8304374386757345
2.206631010871938
HP power balance:  -2413.5747858456275 = 2413.452905517901  +  0.0  HP extraction
LP power balance:  -1028.526253546307 + -379.9611545280253 = -1408.4874080743325 1408.4595392995163
 
CASE #  132
--- 0.6 30000.0 ----------------------------------------------------
fan Nc = 0.7500000355311269      burner temperature = 2471.847607725049    ambient Ps = 4.364129927268008
burner out 9.203675242123124 78.81009631419637 2471.847607725049 0.0 0.0 0.08568249610001043 0.0
HPT 0.9224202067672606
LPT  0.9207058484748898
core nozzle out 10.814532517475874 14.8476187710426 1542.161498247987 7.515127682351356 1316.6954107785095 0.015342944630185472 1.0
bypass nozzle out 70.04486852111738 6.562639816792255 470.5425292824892 4.36413 418.5563824648681 0.028238044154604604 0.7839481105086844
2.2210685180954943
HP power balance:  -1902.997509632965 = 1902.9982953503318  +  0.0  HP extraction
LP power balance:  -785.8232788208877 + -327.7709485287609 = -1113.5942273496487 1113.6034448751755
 
CASE #  133
--- 0.6 30000.0 ----------------------------------------------------
fan Nc = 0.7000001683795891      burner temperature = 2211.1175574037998    ambient Ps = 4.364129927268008
burner out 7.901998526366593 64.09280374886679 2211.1175574037998 0.0 0.0 0.07790379011775492 0.0
HPT 0.9224015128086952
LPT  0.9143071741762779
core nozzle out 9.289709585743195 11.726253500162562 1369.6353555566434 6.041689191181598 1163.424844398537 0.01396123296500807 1.0
bypass nozzle out 65.30593334184353 6.244447756033966 463.9182879888922 4.36413 418.69035898348585 0.028229275373019756 0.7310189643914766
2.2481474254009157
HP power balance:  -1473.516483156889 = 1473.5368682230467  +  0.0  HP extraction
LP power balance:  -558.7760219166082 + -283.67857741882983 = -842.454599335438 842.4279229321056
 
CASE #  134
--- 0.7 30000.0 ----------------------------------------------------
fan Nc = 1.0000000221611764      burner temperature = 3626.664292037521    ambient Ps = 4.3641279984904955
burner out 16.77502675329748 173.6184440236715 3626.664292037521 0.0 0.0 0.1285582762357866 0.0
HPT 0.9224462659695316
LPT  0.9356094500636218
core nozzle out 19.665519475536335 30.27574550439529 2321.3919241836043 17.211247982290864 2019.2164104842036 0.022902028536289292 1.0
bypass nozzle out 95.04964004485018 8.953462366701345 518.2280503696046 4.7129727511643145 431.2385769379015 0.029598825685651402 1.0
2.0900512935081133
HP power balance:  -4991.088821980379 = 4991.111643033784  +  0.0  HP extraction
LP power balance:  -2534.79708242711 + -769.9170650139332 = -3304.714147441043 3304.709577862015
 
CASE #  135
--- 0.7 30000.0 ----------------------------------------------------
fan Nc = 0.9499998493419621      burner temperature = 3372.0444166950665    ambient Ps = 4.3641279984904955
burner out 15.5677487213759 155.3771381171961 3372.0444166950665 0.0 0.0 0.12377327316433412 0.0
HPT 0.9224621458964362
LPT  0.931854240634714
core nozzle out 18.260161596496637 26.92967496891917 2132.4704201914205 15.24190598249014 1848.0940566260506 0.022158598274558166 1.0
bypass nozzle out 92.9860509295742 8.709466513618594 511.3454189751796 4.578429213448483 425.4732854553119 0.02914972177376781 1.0
2.019244715713487
HP power balance:  -4333.231487248048 = 4333.201524096132  +  0.0  HP extraction
LP power balance:  -2201.8642221599366 + -672.986646645652 = -2874.8508688055886 2874.8551882039246
 
CASE #  136
--- 0.7 30000.0 ----------------------------------------------------
fan Nc = 0.9000011748885537      burner temperature = 3185.079452328659    ambient Ps = 4.3641279984904955
burner out 14.038687237826018 136.1688628430987 3185.079452328659 0.0 0.0 0.11485336582575256 0.0
HPT 0.9224733626754407
LPT  0.9253136432137037
core nozzle out 16.47268752413252 23.67498450991346 2010.1328426910538 13.298422274756836 1737.5743353145515 0.020566582488568075 1.0
bypass nozzle out 90.05748391442445 8.38809936307104 504.1341791958315 4.403135730515432 419.43466932789516 0.028432432429819954 1.0
1.9763482313134733
HP power balance:  -3643.090175419238 = 3643.1284582346525  +  0.0  HP extraction
LP power balance:  -1850.665423018844 + -584.3163016133483 = -2434.9817246321923 2434.830039181383
 
CASE #  137
--- 0.7 30000.0 ----------------------------------------------------
fan Nc = 0.8499961005768907      burner temperature = 2993.986080580253    ambient Ps = 4.3641279984904955
burner out 12.536171389215385 117.9464630021484 2993.986080580253 0.0 0.0 0.10584094990313368 0.0
HPT 0.9224499775914076
LPT  0.9198650089652326
core nozzle out 14.715253437465654 20.63072728557449 1891.0501089402994 11.477006310951081 1630.0809825243443 0.018922476323117898 1.0
bypass nozzle out 85.01938051307789 7.869160149066484 496.12699101927444 4.36413 419.3104218764325 0.0281886921713273 0.9523558500021134
2.0154677857300376
HP power balance:  -3066.3447402727597 = 3066.2898898529543  +  0.0  HP extraction
LP power balance:  -1464.3640065273207 + -488.950586448563 = -1953.3145929758837 1953.4256878934825
 
CASE #  138
--- 0.7 30000.0 ----------------------------------------------------
fan Nc = 0.7999985823165375      burner temperature = 2783.0579835202707    ambient Ps = 4.3641279984904955
burner out 11.249471479416988 102.10533190428221 2783.0579835202707 0.0 0.0 0.09858284165046982 0.0
HPT 0.9224495095309831
LPT  0.9211978213636228
core nozzle out 13.210562318128686 18.75220317251 1755.738282160072 9.87896418669679 1508.1308407324982 0.01760440622913659 1.0
bypass nozzle out 80.35839938221814 7.4112211645403185 488.0277568988528 4.36413 419.3734845691577 0.028184564709408118 0.9002164613606106
2.057290499382303
HP power balance:  -2607.6415716274 = 2607.528937958097  +  0.0  HP extraction
LP power balance:  -1119.3701693042888 + -411.14462692603 = -1530.5147962303188 1530.4877909473832
 
CASE #  139
--- 0.7 30000.0 ----------------------------------------------------
fan Nc = 0.7499998725220435      burner temperature = 2517.08423007878    ambient Ps = 4.3641279984904955
burner out 9.564893329500903 82.63812929951142 2517.08423007878 0.0 0.0 0.08822752260427891 0.0
HPT 0.9223744510748243
LPT  0.9207437821548373
core nozzle out 11.238143022259058 15.553458429345554 1573.3143034037655 7.898814062631828 1344.5237583772855 0.015789542473490778 1.0
bypass nozzle out 76.31747184148153 7.054098631553212 481.24010008274234 4.36413 419.3239613410491 0.028187806011504495 0.8548948446496266
2.054729101165059
HP power balance:  -1995.8587029698106 = 1995.9283104910787  +  0.0  HP extraction
LP power balance:  -847.8975750895581 + -350.19630723107764 = -1198.0938823206357 1198.1585134745478
 
CASE #  140
--- 0.7 30000.0 ----------------------------------------------------
fan Nc = 0.7000000655736921      burner temperature = 2204.4456351737417    ambient Ps = 4.3641279984904955
burner out 8.103577812015438 65.6478652243094 2204.4456351737417 0.0 0.0 0.08003214973828489 0.0
HPT 0.9223429078551912
LPT  0.9188306789313047
core nozzle out 9.527003834018885 12.068783263621373 1365.2495321624397 6.185414559521355 1159.50926070619 0.01434058528469099 1.0
bypass nozzle out 71.38693213102437 6.664484421973791 473.4043886681112 4.36413 419.24072244638796 0.028193254008617556 0.7995887492103553
2.050835413497769
HP power balance:  -1507.597663156729 = 1507.5900287263858  +  0.0  HP extraction
LP power balance:  -570.3268854898714 + -294.9658318169377 = -865.2927173068091 865.2732572260243
 
CASE #  141
--- 0.75 30000.0 ----------------------------------------------------
fan Nc = 1.0000007788278182      burner temperature = 3728.593614325684    ambient Ps = 4.364129795339914
burner out 17.478465648557375 183.4487126049704 3728.593614325684 0.0 0.0 0.13210258673611538 0.0
HPT 0.9224164170319874
LPT  0.9363521657123028
core nozzle out 20.485819944778015 32.80160934593343 2402.720528243071 18.278864868866574 2093.026422805664 0.023462455013861024 1.0
bypass nozzle out 98.65809350489735 9.346035169942576 524.8164703306296 4.925958713248511 436.75401585187757 0.03052898001564032 1.0
2.111905657751273
HP power balance:  -5354.531323933162 = 5354.489324891863  +  0.0  HP extraction
LP power balance:  -2655.4019564198493 + -819.1095571561652 = -3474.5115135760143 3474.56621177308
 
CASE #  142
--- 0.75 30000.0 ----------------------------------------------------
fan Nc = 0.950000000013488      burner temperature = 3426.26989961767    ambient Ps = 4.364129795339914
burner out 16.16427059321129 162.627223725813 3426.26989961767 0.0 0.0 0.12749262855011287 0.0
HPT 0.9224415694561064
LPT  0.9310781733416591
core nozzle out 18.957789460543427 28.210912008921266 2175.6088298156387 15.999668571426527 1887.0355737734283 0.022782361335419214 1.0
bypass nozzle out 96.59157440767905 9.096644279391386 517.9723147702343 4.788101869663192 431.0230008735026 0.030086138387104593 1.0
2.025896758428544
HP power balance:  -4541.450203613406 = 4541.4412904498295  +  0.0  HP extraction
LP power balance:  -2310.9535335942865 + -718.8137190452284 = -3029.767252639515 3029.7583659708243
 
CASE #  143
--- 0.75 30000.0 ----------------------------------------------------
fan Nc = 0.9000000066679895      burner temperature = 3213.493357227821    ambient Ps = 4.364129795339914
burner out 14.613126048805723 142.40707541114207 3213.493357227821 0.0 0.0 0.11905096216083015 0.0
HPT 0.9224445260144116
LPT  0.9258122770882409
core nozzle out 17.14610727356459 24.696477302065798 2026.1592499287285 13.90704119888681 1752.0304378521682 0.02132758236668713 1.0
bypass nozzle out 93.50921329039552 8.753370649546008 510.55492655350554 4.600575850212672 424.81151824314554 0.02933638332331832 1.0
1.9714618438983007
HP power balance:  -3859.798230057588 = 3859.8243171190343  +  0.0  HP extraction
LP power balance:  -1937.6954883000453 + -619.0250460717117 = -2556.720534371757 2556.726669736801
 
CASE #  144
--- 0.75 30000.0 ----------------------------------------------------
fan Nc = 0.8499954345935277      burner temperature = 3001.457565213101    ambient Ps = 4.364129795339914
burner out 12.919799416281045 121.73032248352314 3001.457565213101 0.0 0.0 0.10896204811832078 0.0
HPT 0.9224063545824411
LPT  0.9208959554947571
core nozzle out 15.165555692220316 21.248399679619126 1894.3201523029475 11.839635290628467 1632.9996931899443 0.019485180798519065 1.0
bypass nozzle out 88.40165152098855 8.222123077682093 502.1167500496147 4.36413 419.1427106637144 0.028199668893284454 0.9900561387908455
1.9407245114154326
HP power balance:  -3166.167943659552 = 3166.1205785019474  +  0.0  HP extraction
LP power balance:  -1519.7051506756306 + -517.8034768450542 = -2037.508627520685 2037.4696817661195
 
CASE #  145
--- 0.75 30000.0 ----------------------------------------------------
fan Nc = 0.7999999912276751      burner temperature = 2801.2130352472877    ambient Ps = 4.364129795339914
burner out 11.523400686481605 104.93449164363815 2801.2130352472877 0.0 0.0 0.10065064078794425 0.0
HPT 0.9224135905721469
LPT  0.9208406914200947
core nozzle out 13.53185360567132 19.13403942577462 1769.924016758775 10.164315999942918 1520.8622321975417 0.01796327505194728 1.0
bypass nozzle out 83.6640733785514 7.732247136236037 493.9035871043621 4.36413 419.46167136285106 0.028178792871622338 0.9373394447467875
1.9832932661292941
HP power balance:  -2669.72949919567 = 2669.7311214916567  +  0.0  HP extraction
LP power balance:  -1157.9526128357736 + -432.67889387356297 = -1590.6315067093365 1590.558928101062
 
CASE #  146
--- 0.75 30000.0 ----------------------------------------------------
fan Nc = 0.7499997558099288      burner temperature = 2530.197093006912    ambient Ps = 4.364129795339914
burner out 9.820911301045992 85.08275101771424 2530.197093006912 0.0 0.0 0.09036706261947486 0.0
HPT 0.9223593678481694
LPT  0.9215726284782974
core nozzle out 11.53882308574752 15.983170784558867 1582.7088315276715 8.138055883381885 1352.8853975355885 0.016166130115638444 1.0
bypass nozzle out 79.51258171424837 7.335063462911946 486.77595559247874 4.36413 419.5147224115565 0.028175320673182312 0.890879702009351
1.9770071322892688
HP power balance:  -2066.0325910684264 = 2066.0294943041827  +  0.0  HP extraction
LP power balance:  -866.8152089597625 + -364.9089376649638 = -1231.7241466247262 1231.6977303690167
 
CASE #  147
--- 0.75 30000.0 ----------------------------------------------------
fan Nc = 0.7000001600805783      burner temperature = 2180.4867158180045    ambient Ps = 4.364129795339914
burner out 8.114064014673843 65.39740720238217 2180.4867158180045 0.0 0.0 0.08061042367012193 0.0
HPT 0.922269582082931
LPT  0.9216765784303202
core nozzle out 9.539894193297325 12.004876708473285 1349.471619736913 6.154425855396135 1145.5288610245395 0.014441286901337481 1.0
bypass nozzle out 74.60962676961141 6.911824169745174 478.1941771718425 4.36413 419.0807665643018 0.028203723143117358 0.8355320231127695
1.9518929506812348
HP power balance:  -1492.3439168297805 = 1492.3345787946928  +  0.0  HP extraction
LP power balance:  -558.1977305608447 + -303.42659883123355 = -861.6243293920782 861.6774964986263
 
CASE #  148
--- 0.8 30000.0 ----------------------------------------------------
fan Nc = 0.9999985967389295      burner temperature = 3885.0836535068984    ambient Ps = 4.364129013920958
burner out 18.33541135239707 196.49763287379875 3885.0836535068984 0.0 0.0 0.13575264372200743 0.0
HPT 0.9223509811445058
LPT  0.9360609785085982
core nozzle out 21.48302619363022 36.210428585856704 2529.0200968686854 19.725253423976 2207.962699139458 0.023999819591362406 1.0
bypass nozzle out 102.61294306954795 9.782341677809066 531.8295584606575 5.163114971778344 442.6284758728266 0.03154389722927226 1.0
2.150821313734619
HP power balance:  -5902.571887852027 = 5902.473526838267  +  0.0  HP extraction
LP power balance:  -2789.4850817500565 + -871.1346207883022 = -3660.6197025383585 3660.429064313287
 
CASE #  149
--- 0.8 30000.0 ----------------------------------------------------
fan Nc = 0.9500001566912193      burner temperature = 3504.395892842446    ambient Ps = 4.364129013920958
burner out 16.937959921197383 172.35156332519364 3504.395892842446 0.0 0.0 0.1320894394962942 0.0
HPT 0.9224334641583314
LPT  0.929817817913216
core nozzle out 19.862128358482714 29.937462274644396 2236.9343117562285 17.025869236157384 1942.4861041959068 0.023549838350615495 1.0
bypass nozzle out 100.50977841447306 9.522875974122561 524.9762937118908 5.019301550250905 436.8878681362725 0.03109740304084209 1.0
2.0396632081955586
HP power balance:  -4873.668227636279 = 4873.614675890724  +  0.0  HP extraction
LP power balance:  -2430.6319670367834 + -766.4486890315069 = -3197.0806560682904 3197.050501989145
 
CASE #  150
--- 0.8 30000.0 ----------------------------------------------------
fan Nc = 0.9000000033177347      burner temperature = 3240.406274355663    ambient Ps = 4.364129013920958
burner out 15.330407686743367 150.05231778841045 3240.406274355663 0.0 0.0 0.12439776121758098 0.0
HPT 0.922394892369097
LPT  0.9265990697308281
core nozzle out 17.987170553279142 25.95893259931065 2040.9853504662983 14.645166293924163 1765.3378076317174 0.022293232787149828 1.0
bypass nozzle out 97.27550169096224 9.15791766335285 517.5576968708119 4.819954652734553 430.67577197236113 0.030311385900075982 1.0
1.9650143122726327
HP power balance:  -4126.5007455596515 = 4126.6963543773645  +  0.0  HP extraction
LP power balance:  -2040.8690734539987 + -657.1443737286669 = -2698.0134471826655 2697.936573127274
 
CASE #  151
--- 0.8 30000.0 ----------------------------------------------------
fan Nc = 0.8499998398339776      burner temperature = 3015.172288693097    ambient Ps = 4.364129013920958
burner out 13.370910778806314 126.28537400965783 3015.172288693097 0.0 0.0 0.11253038445041456 0.0
HPT 0.9223614748609338
LPT  0.9217214647810954
core nozzle out 15.694883046386604 21.99386057639833 1901.4927551074557 12.278996491844383 1639.4412728395112 0.020127725848179102 1.0
bypass nozzle out 92.15735103074404 8.614142806585917 508.76549480414695 4.526051075961507 423.31277905347383 0.028962895147533713 1.0
1.9155036589963568
HP power balance:  -3290.023050781147 = 3290.032623232769  +  0.0  HP extraction
LP power balance:  -1590.8809765360563 + -549.8991258076716 = -2140.780102343728 2140.776563442559
 
CASE #  152
--- 0.8 30000.0 ----------------------------------------------------
fan Nc = 0.7999999754369956      burner temperature = 2811.72819163202    ambient Ps = 4.364129013920958
burner out 11.81657217958132 107.8204139855483 2811.72819163202 0.0 0.0 0.10303679064390853 0.0
HPT 0.9223616582992918
LPT  0.9201747841077296
core nozzle out 13.875972822067306 19.410632900354585 1776.1967092957234 10.442820852359185 1526.4896876718474 0.01838752757150567 1.0
bypass nozzle out 87.29289214523918 8.111966864716637 500.39855452985637 4.36413 419.3928616834878 0.02818329647460803 0.97791791769158
1.9043927077005636
HP power balance:  -2728.1560585375355 = 2728.159216197176  +  0.0  HP extraction
LP power balance:  -1207.2777285258387 + -460.0026965043787 = -1667.2804250302174 1667.3085850122957
 
CASE #  153
--- 0.8 30000.0 ----------------------------------------------------
fan Nc = 0.750000473698155      burner temperature = 2547.071836904744    ambient Ps = 4.364129013920958
burner out 10.158270343957769 88.30097674143825 2547.071836904744 0.0 0.0 0.09315685154807782 0.0
HPT 0.9223465589065251
LPT  0.9222313039347468
core nozzle out 11.93500364511903 16.53700117111854 1594.6671730711662 8.450909101283047 1363.4989335076896 0.016660041522520326 1.0
bypass nozzle out 82.90773262156797 7.659455945774461 492.8581549825771 4.36413 419.68039786503334 0.028164477191947708 0.9291014410626974
1.902213737933185
HP power balance:  -2160.351420691348 = 2160.3158933942714  +  0.0  HP extraction
LP power balance:  -891.519056792328 + -383.22481056834823 = -1274.7438673606762 1274.7603866502404
 
CASE #  154
--- 0.8 30000.0 ----------------------------------------------------
fan Nc = 0.700000052259616      burner temperature = 2164.896067426345    ambient Ps = 4.364129013920958
burner out 8.182475975737589 65.72398975068039 2164.896067426345 0.0 0.0 0.08159571904043415 0.0
HPT 0.9217777184476728
LPT  0.924296176887013
core nozzle out 9.620752485634913 12.066673265200091 1339.3076350416816 6.179234160022471 1136.5390692700382 0.014617602391069408 1.0
bypass nozzle out 78.09530831033166 7.202688093306402 483.6510766102808 4.36413 418.9357479716038 0.028213214629970656 0.8744247600296591
1.8585522272907546
HP power balance:  -1492.9984731671693 = 1492.984330348894  +  0.0  HP extraction
LP power balance:  -552.8644694802953 + -314.4925441652705 = -867.3570136455658 867.361991394002
 
CASE #  155
--- 0.85 30000.0 ----------------------------------------------------
fan Nc = 0.9999996283430954      burner temperature = 3903.100384477549    ambient Ps = 4.364129983239625
burner out 19.249623470249148 206.86104843470517 3903.100384477549 0.0 0.0 0.1422448499974746 0.0
HPT 0.9222394133281295
LPT  0.9371106104398019
core nozzle out 22.553763312570624 38.065934471953064 2544.5571000093005 20.777253097288078 2222.010183158549 0.025121335044493903 1.0
bypass nozzle out 106.97196202690466 10.325460850402546 538.067597595649 5.420727151429935 447.85315771731877 0.03269302420928526 1.0
2.14473317202529
HP power balance:  -6221.97534167738 = 6221.971692666  +  0.0  HP extraction
LP power balance:  -2885.3379218881983 + -970.4399453931616 = -3855.7778672813597 3855.746370637202
 
CASE #  156
--- 0.85 30000.0 ----------------------------------------------------
fan Nc = 0.9499959648039742      burner temperature = 3596.66905512621    ambient Ps = 4.364129983239625
burner out 17.757701533488554 183.08425635650272 3596.66905512621 0.0 0.0 0.13670052918895578 0.0
HPT 0.9223971950441945
LPT  0.9310154288394552
core nozzle out 20.81956409519869 32.57505484618571 2309.393968037696 18.166295040178614 2008.0905926071694 0.024305627431739325 1.0
bypass nozzle out 104.87407749488004 10.001951364537415 532.2685655125721 5.279439821552775 442.9961601221966 0.032225468187441944 1.0
2.057286004568031
HP power balance:  -5251.5653785202485 = 5251.667503902203  +  0.0  HP extraction
LP power balance:  -2556.95315710114 + -827.8633734636444 = -3384.8165305647844 3384.904510788683
 
CASE #  157
--- 0.85 30000.0 ----------------------------------------------------
fan Nc = 0.9000000149031503      burner temperature = 3302.78885062844    ambient Ps = 4.364129983239625
burner out 16.024879979278584 158.37419564364555 3302.78885062844 0.0 0.0 0.12880854668222827 0.0
HPT 0.9223650270411874
LPT  0.9255106173350645
core nozzle out 18.799689983481155 27.4148078781729 2089.8757435908497 15.512343106381623 1809.417913639697 0.02303638109887195 1.0
bypass nozzle out 101.55494599796188 9.623194046076854 525.1372995356187 5.0724162398881685 437.02357748624723 0.03141615473834374 1.0
1.9732937802580999
HP power balance:  -4364.279746689309 = 4364.285440443098  +  0.0  HP extraction
LP power balance:  -2160.98892203161 + -709.7651447304419 = -2870.754066762052 2870.7623759575345
 
CASE #  158
--- 0.85 30000.0 ----------------------------------------------------
fan Nc = 0.8500000032811618      burner temperature = 3052.6080023056156    ambient Ps = 4.364129983239625
burner out 13.913878366251499 132.2442941104567 3052.6080023056156 0.0 0.0 0.1163882345419874 0.0
HPT 0.9223283179359851
LPT  0.9214851178114853
core nozzle out 16.33126230588313 22.970781221575745 1924.337889353158 12.863417615238443 1660.0342656950716 0.02082366160741849 1.0
bypass nozzle out 96.27675236494322 9.054991285543029 516.4058612903428 4.764783454971538 429.711150497227 0.030033359965826973 1.0
1.9122867151535274
HP power balance:  -3464.3989649092478 = 3464.395475263697  +  0.0  HP extraction
LP power balance:  -1691.5548453250212 + -592.1001300090251 = -2283.6549753340464 2283.6679801856926
 
CASE #  159
--- 0.85 30000.0 ----------------------------------------------------
fan Nc = 0.7999999994091475      burner temperature = 2813.3379819165207    ambient Ps = 4.364129983239625
burner out 12.204681198838642 111.42290905899242 2813.3379819165207 0.0 0.0 0.10641925196740175 0.0
HPT 0.9222948864212034
LPT  0.9197622489929481
core nozzle out 14.331863560737283 19.751937989740657 1775.5937602987815 10.783732947881205 1525.9237918210888 0.01899487787129863 1.0
bypass nozzle out 91.29406281674767 8.523570342080747 507.27485230529345 4.477128428333403 422.06448126308493 0.028733648336187606 1.0
1.85619662748891
HP power balance:  -2808.08025794099 = 2808.0800401891956  +  0.0  HP extraction
LP power balance:  -1261.9704771230877 + -488.05003697035073 = -1750.0205140934384 1750.011116107158
 
CASE #  160
--- 0.85 30000.0 ----------------------------------------------------
fan Nc = 0.7500001785073641      burner temperature = 2572.69327258567    ambient Ps = 4.364129983239625
burner out 10.56491563607413 92.30501701656254 2572.69327258567 0.0 0.0 0.09641764619636888 0.0
HPT 0.9223291922332729
LPT  0.9221473208976989
core nozzle out 12.412357415183028 17.191834510958785 1613.0150837344945 8.84440566288223 1379.8817970317073 0.017229678738187718 1.0
bypass nozzle out 86.61102367468628 8.044679642772724 499.59753452445074 4.36413 419.72706329534094 0.02816142293311077 0.9706500361761881
1.8308135971418433
HP power balance:  -2274.1517238804327 = 2274.177710243958  +  0.0  HP extraction
LP power balance:  -926.9726031290872 + -406.5478438766619 = -1333.5204470057492 1333.5714618138388
 
CASE #  161
--- 0.85 30000.0 ----------------------------------------------------
fan Nc = 0.7000000291900603      burner temperature = 2164.251011865142    ambient Ps = 4.364129983239625
burner out 8.339402892018922 66.98113310190877 2164.251011865142 0.0 0.0 0.0831812271791694 0.0
HPT 0.9213500887135212
LPT  0.9265391900189981
core nozzle out 9.80543344399406 12.343110935464443 1339.3045763307478 6.297641861730375 1136.501925018344 0.014898238840061837 1.0
bypass nozzle out 81.83457396584649 7.544479267201055 489.8489313821038 4.36413 418.8302739827746 0.02822011791705759 0.9161835411625963
1.7740782832969415
HP power balance:  -1521.053380464539 = 1521.050716886259  +  0.0  HP extraction
LP power balance:  -557.3445855187249 + -329.0360239599186 = -886.3806094786435 886.366768522457
 
did not converge
CASE #  162
--- 0.8 25000.0 ----------------------------------------------------
fan Nc = 0.998977975438257      burner temperature = 3749.3397307764058    ambient Ps = 5.453554054213785
burner out 22.688340812151676 240.96390273220354 3749.3397307764058 0.0 0.0 0.17255637054422635 0.0
HPT 0.9222783132443241
LPT  0.9440015799176948
core nozzle out 26.59323490125814 43.478833344964436 2420.9768762262884 24.050208865636186 2109.284697249958 0.03063312940287676 1.0
bypass nozzle out 123.08496850116711 12.68624377188582 549.2351963138576 6.35158280919826 457.1919379614728 0.037554556785079365 1.0
2.0723425892864986
HP power balance:  -7005.906421038513 = 7005.142772357872  +  0.0  HP extraction
LP power balance:  -3233.910247373908 + -1272.382486330847 = -4506.292733704755 4529.139863397564
 
CASE #  163
--- 0.75 25000.0 ----------------------------------------------------
fan Nc = 0.9999998976766513      burner temperature = 3720.042624594703    ambient Ps = 5.453547611068086
burner out 21.9206682527033 229.90566589217875 3720.042624594703 0.0 0.0 0.16594729639736192 0.0
HPT 0.9222925075855575
LPT  0.9434270354321387
core nozzle out 25.694570948068048 41.434739769691326 2401.034760662521 22.911949491863314 2091.1785320799313 0.029436194129982614 1.0
bypass nozzle out 119.52824627477578 12.00846448801609 542.4654313526388 6.083542249511188 451.53343182078464 0.0363827428213438 1.0
2.0767816446423604
HP power balance:  -6708.853751990876 = 6708.854716748324  +  0.0  HP extraction
LP power balance:  -3134.296815569978 + -1186.1230770510972 = -4320.419892621076 4320.422580196232
 
CASE #  164
--- 0.75 25000.0 ----------------------------------------------------
fan Nc = 0.950000007934246      burner temperature = 3582.0326695678077    ambient Ps = 5.453547611068086
burner out 20.394651986899852 209.90049421066388 3582.0326695678077 0.0 0.0 0.1573742114637959 0.0
HPT 0.9223295174722904
LPT  0.9366866513212099
core nozzle out 23.91263963389826 38.289996626637915 2309.339641329122 20.862395898184655 2007.8253146400093 0.027916747956242903 1.0
bypass nozzle out 116.59274956671278 11.54933588440758 536.0597633251039 5.894619800425546 446.17147336729425 0.03569979138562166 1.0
2.0500622123293226
HP power balance:  -6030.65987596612 = 6030.648971106822  +  0.0  HP extraction
LP power balance:  -2730.756319688556 + -1021.2680559333105 = -3752.024375621866 3751.9742179658015
 
CASE #  165
--- 0.75 25000.0 ----------------------------------------------------
fan Nc = 0.8999999532385657      burner temperature = 3292.466316927686    ambient Ps = 5.453547611068086
burner out 18.112863439738817 178.82431696974604 3292.466316927686 0.0 0.0 0.1459019031227233 0.0
HPT 0.9222413533191139
LPT  0.9285633609473776
core nozzle out 21.25021587824483 31.186959980331203 2091.500386487783 17.539587490954926 1810.7123765374618 0.02602876273941844 1.0
bypass nozzle out 113.18579485527371 11.024608449157252 529.1147818128848 5.6779164576103875 440.3547662183461 0.03488267564163077 1.0
1.9666874497001674
HP power balance:  -4900.491726190935 = 4900.492807921712  +  0.0  HP extraction
LP power balance:  -2300.3537947203667 + -886.9411627770165 = -3187.294957497383 3187.302581843593
 
CASE #  166
--- 0.75 25000.0 ----------------------------------------------------
fan Nc = 0.8499999762563748      burner temperature = 3035.351168286658    ambient Ps = 5.453547611068086
burner out 15.792538835755698 149.7877428849832 3035.351168286658 0.0 0.0 0.1325858350843548 0.0
HPT 0.9222137669188405
LPT  0.9237171959077204
core nozzle out 18.537843425637757 25.78920388053874 1902.3805446465356 14.506224334992416 1640.166008436777 0.02376797381124977 1.0
bypass nozzle out 108.10141318910331 10.266119998009955 522.1481821715159 5.45355 436.13742266657164 0.03384919482204475 0.9889334324880233
1.9089673724921514
HP power balance:  -3984.09076031959 = 3984.132653567446  +  0.0  HP extraction
LP power balance:  -1870.8616636155348 + -724.6513255977708 = -2595.5129892133054 2595.4165647618333
 
CASE #  167
--- 0.75 25000.0 ----------------------------------------------------
fan Nc = 0.7999994501227056      burner temperature = 2822.5923232196396    ambient Ps = 5.453547611068086
burner out 13.69625953174857 125.3088332666098 2822.5923232196396 0.0 0.0 0.11929127519334116 0.0
HPT 0.9222016789380879
LPT  0.9181312250044752
core nozzle out 16.083485454444073 21.739191705759517 1773.1981941596089 12.092921623015178 1523.774591948497 0.0213309840115136 1.0
bypass nozzle out 102.70553666576606 9.67008937741672 514.7385146599067 5.45355 436.824424338488 0.03379300599341202 0.940404701718528
1.9392237673669914
HP power balance:  -3158.934421069688 = 3158.90426433216  +  0.0  HP extraction
LP power balance:  -1458.693338171784 + -580.2259150892525 = -2038.9192532610364 2039.0604099657928
 
CASE #  168
--- 0.75 25000.0 ----------------------------------------------------
fan Nc = 0.7500000012559312      burner temperature = 2607.1235436404977    ambient Ps = 5.453547611068086
burner out 11.978950638338175 105.37892163917084 2607.1235436404977 0.0 0.0 0.10861396042229089 0.0
HPT 0.9222563701171482
LPT  0.9187265131519191
core nozzle out 14.072785838014443 19.13758119982611 1641.4326301984709 10.129126904210217 1405.3064020394618 0.019371372950826308 1.0
bypass nozzle out 97.2534769613017 9.166507344443765 506.6471939614007 5.45355 436.7786837059236 0.033796747050631785 0.8904360332317202
1.9733552590984338
HP power balance:  -2583.3716495334 = 2583.372037741263  +  0.0  HP extraction
LP power balance:  -1063.4479110123784 + -473.65565821910866 = -1537.1035692314872 1537.1217797830145
 
CASE #  169
--- 0.75 25000.0 ----------------------------------------------------
fan Nc = 0.6999999648775527      burner temperature = 2274.779680358439    ambient Ps = 5.453547611068086
burner out 9.693205787551468 79.7824045954519 2274.779680358439 0.0 0.0 0.09426278529077389 0.0
HPT 0.9221737240334075
LPT  0.9229810846196684
core nozzle out 11.3949231265845 14.932242379200208 1413.4744242895815 7.542313136185569 1202.0768844591748 0.016863493439846652 1.0
bypass nozzle out 91.38414530975115 8.67582129796075 498.80165320698427 5.45355 437.0202860529872 0.033776986759745505 0.8369572991834767
1.9521434029562688
HP power balance:  -1842.2220280378215 = 1842.2211218130583  +  0.0  HP extraction
LP power balance:  -710.0282726193316 + -384.88640397641234 = -1094.914676595744 1094.9150154390225
 
CASE #  170
--- 0.7 25000.0 ----------------------------------------------------
fan Nc = 0.9999998020071955      burner temperature = 3730.8122016590496    ambient Ps = 5.4535577754953355
burner out 20.986376463623355 220.42807398583074 3730.8122016590496 0.0 0.0 0.1586423357829417 0.0
HPT 0.9222964530616622
LPT  0.9415070796922285
core nozzle out 24.598315783353915 39.822848383274845 2411.643531776021 21.990915966022538 2100.9132348962453 0.028119706038653335 1.0
bypass nozzle out 115.1466631412174 11.370043151392029 536.2256521753706 5.822631261826813 446.3104153920485 0.03525167175684435 1.0
2.0932376003652786
HP power balance:  -6439.941647519837 = 6439.949843799218  +  0.0  HP extraction
LP power balance:  -3017.197025505785 + -1092.0364595076217 = -4109.233485013407 4109.232918121316
 
CASE #  171
--- 0.7 25000.0 ----------------------------------------------------
fan Nc = 0.9499993404695384      burner temperature = 3625.041882503046    ambient Ps = 5.4535577754953355
burner out 19.580080522793878 202.75273588363973 3625.041882503046 0.0 0.0 0.15020258231025588 0.0
HPT 0.9223150660022132
LPT  0.9345342774720029
core nozzle out 22.955104340913145 37.32457773704764 2342.168399629185 20.186050293779275 2037.664906529194 0.026616614854066318 1.0
bypass nozzle out 112.49213951847311 10.945820811222601 529.9255876714707 5.648182004232249 441.0338371596543 0.03464247759161678 1.0
2.075995306486328
HP power balance:  -5885.625811249805 = 5885.5967589876855  +  0.0  HP extraction
LP power balance:  -2638.1953153408663 + -955.9788810295805 = -3594.1741963704467 3594.089734502109
 
CASE #  172
--- 0.7 25000.0 ----------------------------------------------------
fan Nc = 0.9000000004111679      burner temperature = 3293.974421861978    ambient Ps = 5.4535577754953355
burner out 17.466104470503424 172.45408491826188 3293.974421861978 0.0 0.0 0.14063858583840755 0.0
HPT 0.9222841007594695
LPT  0.9256011291631129
core nozzle out 20.491011593065828 29.80356251663197 2091.2601210424714 16.913179250884227 1810.5689640773548 0.02510105778096731 1.0
bypass nozzle out 109.5041479363557 10.4702584748409 523.4144601213968 5.459353331596611 435.58070045811024 0.03393079696982633 1.0
1.977188810754527
HP power balance:  -4727.400254260775 = 4727.377189525581  +  0.0  HP extraction
LP power balance:  -2249.092367636333 + -828.4987053724192 = -3077.5910730087526 3077.5884014605817
 
CASE #  173
--- 0.7 25000.0 ----------------------------------------------------
fan Nc = 0.850000475685014      burner temperature = 3047.5833203151265    ambient Ps = 5.4535577754953355
burner out 15.129309228460535 143.71185330543054 3047.5833203151265 0.0 0.0 0.1266901299066089 0.0
HPT 0.9223057889254402
LPT  0.9214526403092517
core nozzle out 17.758353992919226 24.818520718907703 1914.1486699244626 13.947651900328275 1650.8717050107969 0.022701354068388784 1.0
bypass nozzle out 104.0084756290472 9.798284054500597 516.6790321893347 5.45355 436.7922077295395 0.0337956409411761 0.952300579777071
1.986789761718262
HP power balance:  -3800.34605033159 = 3800.3354408031582  +  0.0  HP extraction
LP power balance:  -1831.5131542082793 + -661.3113497304554 = -2492.824503938735 2492.8047256605223
 
CASE #  174
--- 0.7 25000.0 ----------------------------------------------------
fan Nc = 0.7999959357708811      burner temperature = 2795.858882220412    ambient Ps = 5.4535577754953355
burner out 13.228369197093414 120.42474523512875 2795.858882220412 0.0 0.0 0.11573263034373328 0.0
HPT 0.9222429688807701
LPT  0.9181141381599849
core nozzle out 15.534615034892113 20.94469575757433 1757.3899711586805 11.622028993511096 1509.5745404971158 0.020691204960284006 1.0
bypass nozzle out 98.52196767977915 9.277002332380405 508.1181219858858 5.45355 436.5104937566187 0.033818681901329424 0.9017479135124475
2.0143582960429924
HP power balance:  -3022.2801285864125 = 3022.2907021431356  +  0.0  HP extraction
LP power balance:  -1386.9013740996072 + -542.8779790284606 = -1929.7793531280677 1929.8304600552592
 
CASE #  175
--- 0.7 25000.0 ----------------------------------------------------
fan Nc = 0.7500016919260245      burner temperature = 2602.748322754327    ambient Ps = 5.4535577754953355
burner out 11.716953418714743 102.95722548356959 2602.748322754327 0.0 0.0 0.10629357425829296 0.0
HPT 0.9223245305392392
LPT  0.9182265005178154
core nozzle out 13.764976895254376 18.80212402124781 1636.5999812193159 9.891315828984068 1401.0311113011599 0.018972549730311133 1.0
bypass nozzle out 93.01205062972771 8.81182602175753 500.97789027740544 5.45355 436.9887801486338 0.03377956358005468 0.8518360336828839
2.0593412974029133
HP power balance:  -2537.8977101441956 = 2537.9837661579422  +  0.0  HP extraction
LP power balance:  -1041.4187840867878 + -449.5633259196774 = -1490.9821100064653 1490.9903622449033
 
CASE #  176
--- 0.7 25000.0 ----------------------------------------------------
fan Nc = 0.699995303795909      burner temperature = 2290.54340297987    ambient Ps = 5.4535577754953355
burner out 9.601414718695581 79.2752641025637 2290.54340297987 0.0 0.0 0.09301397959339115 0.0
HPT 0.922255096750868
LPT  0.9206524531059915
core nozzle out 11.286497588753411 14.850915077076221 1423.7156454298383 7.499671369717291 1211.1797359910508 0.016645737330393793 1.0
bypass nozzle out 87.36169840844957 8.345206173679996 493.6522443138146 5.45355 437.15132093367606 0.03376626961485793 0.8002543532234991
2.0485242027533745
HP power balance:  -1840.061093729014 = 1839.9848197096808  +  0.0  HP extraction
LP power balance:  -719.0935355497929 + -366.1375424854034 = -1085.2310780351963 1085.1831579761504
 
CASE #  177
--- 0.6 25000.0 ----------------------------------------------------
fan Nc = 0.9999977572521949      burner temperature = 3840.7580805452467    ambient Ps = 5.453549958874664
burner out 19.367173774575583 206.4237882662748 3840.7580805452467 0.0 0.0 0.14427300366096685 0.0
HPT 0.9222902961622217
LPT  0.9363796093269734
core nozzle out 22.694183382381404 37.963701279822175 2497.3665536988947 20.68938325574651 2179.0419709368884 0.02550890888210113 1.0
bypass nozzle out 107.8259930071075 10.275699460837929 525.8290298016839 5.45355 439.05133815867964 0.03361087007709964 0.9901599008786514
2.167646166488554
HP power balance:  -6160.660695845005 = 6160.478851510246  +  0.0  HP extraction
LP power balance:  -2854.2245596512894 + -950.4112567668647 = -3804.635816418154 3804.716022646395
 
CASE #  178
--- 0.6 25000.0 ----------------------------------------------------
fan Nc = 0.9500005089829734      burner temperature = 3525.912433928133    ambient Ps = 5.453549958874664
burner out 17.897859895421757 182.6900488227617 3525.912433928133 0.0 0.0 0.13916018616751297 0.0
HPT 0.9224224605025712
LPT  0.9304091457882189
core nozzle out 20.986636816799223 32.39519173016438 2257.108462939229 18.079948055706886 1960.7327402162566 0.02477545341014724 1.0
bypass nozzle out 105.65674887947665 9.972872274845594 520.1629631814002 5.45355 437.46900890033544 0.033740286396116245 0.9682082906286158
2.1144665102577944
HP power balance:  -5188.613094509912 = 5188.604540274242  +  0.0  HP extraction
LP power balance:  -2530.1728413715173 + -814.2975348131583 = -3344.470376184676 3344.335436519568
 
CASE #  179
--- 0.6 25000.0 ----------------------------------------------------
fan Nc = 0.899996872205241      burner temperature = 3230.3714712699452    ambient Ps = 5.453549958874664
burner out 16.18424950867402 158.17963228325291 3230.3714712699452 0.0 0.0 0.1315462744638228 0.0
HPT 0.922385980669014
LPT  0.9253842934435617
core nozzle out 18.989117961115838 27.331357190283292 2038.1169553145717 15.4508702832066 1762.7570751828496 0.02355372957809688 1.0
bypass nozzle out 102.20176315011243 9.61563553458833 513.1009700961935 5.45355 436.18191740013225 0.033845555665021856 0.9350252926188173
2.0869662986271624
HP power balance:  -4311.3820064762085 = 4311.070635873064  +  0.0  HP extraction
LP power balance:  -2134.6074191475846 + -700.4082993944041 = -2835.0157185419885 2834.857655405352
 
CASE #  180
--- 0.6 25000.0 ----------------------------------------------------
fan Nc = 0.8499999928946322      burner temperature = 2990.4082108779407    ambient Ps = 5.453549958874664
burner out 14.121050267844158 132.83067579131975 2990.4082108779407 0.0 0.0 0.11934267182704307 0.0
HPT 0.9223515146970827
LPT  0.9211115201072863
core nozzle out 16.576179113719995 23.035295144037068 1880.4630520146604 12.88673596157503 1620.5415732705321 0.021371956107994455 1.0
bypass nozzle out 96.47920743508286 9.096616656100808 504.95036107827065 5.45355 436.33233240733637 0.03383325344887148 0.8828396433853234
2.125972012793216
HP power balance:  -3444.0435716042425 = 3444.042020140611  +  0.0  HP extraction
LP power balance:  -1681.6678511167843 + -588.3930643295677 = -2270.060915446352 2270.067691143339
 
CASE #  181
--- 0.6 25000.0 ----------------------------------------------------
fan Nc = 0.799999981253381      burner temperature = 2793.5490462504254    ambient Ps = 5.453549958874664
burner out 12.605729306482921 114.65422595881209 2793.5490462504254 0.0 0.0 0.11027892275236026 0.0
HPT 0.9223496477608686
LPT  0.9159947554730355
core nozzle out 14.803085897181777 20.053751917017983 1759.0438856465703 11.080981584414921 1511.1109528997395 0.019708216866027802 1.0
bypass nozzle out 91.159290704627 8.648591648976382 497.59138590513277 5.45355 436.31959864942627 0.033834294923689244 0.8341472142028774
2.1790411512318832
HP power balance:  -2880.1100615239043 = 2880.1070912508912  +  0.0  HP extraction
LP power balance:  -1313.8753376639602 + -491.3662264935647 = -1805.2415641575249 1805.206590372588
 
CASE #  182
--- 0.6 25000.0 ----------------------------------------------------
fan Nc = 0.7500000182872452      burner temperature = 2584.6529827104164    ambient Ps = 5.453549958874664
burner out 11.252269276999355 98.50662226018565 2584.6529827104164 0.0 0.0 0.10241728129449248 0.0
HPT 0.9224130237116502
LPT  0.9174595073444589
core nozzle out 13.219257143347336 18.14700789220907 1621.546491529835 9.449609897309543 1387.5979660711976 0.018304875967388078 1.0
bypass nozzle out 85.808973771022 8.218848431241648 490.8957731484279 5.45355 436.5431180499346 0.033816013609676975 0.7854144675929455
2.224619998123191
HP power balance:  -2435.781616721832 = 2435.7705854508695  +  0.0  HP extraction
LP power balance:  -1005.1110660849288 + -408.00490249120526 = -1413.115968576134 1413.1504279812502
 
CASE #  183
--- 0.6 25000.0 ----------------------------------------------------
fan Nc = 0.6999992354796262      burner temperature = 2312.4549151427104    ambient Ps = 5.453549958874664
burner out 9.449504598393375 78.34794206767725 2312.4549151427104 0.0 0.0 0.09105504111107234 0.0
HPT 0.9223545095416397
LPT  0.915850820252555
core nozzle out 11.107156806546882 14.704255312298468 1438.9796312433837 7.42401412237132 1224.7535337258196 0.016297115765035026 1.0
bypass nozzle out 80.2423027158397 7.819159999464086 484.3519228101086 5.45355 436.7674905053523 0.03379766252559271 0.734671502441943
2.243916160734094
HP power balance:  -1830.4170601513015 = 1830.4091072052233  +  0.0  HP extraction
LP power balance:  -726.2474164176714 + -338.51240599366105 = -1064.7598224113324 1064.7123000996794
 
CASE #  184
--- 0.5 25000.0 ----------------------------------------------------
fan Nc = 1.0000004720507072      burner temperature = 3742.1604112373734    ambient Ps = 5.453549603485766
burner out 18.13494985600414 190.68356582193206 3742.1604112373734 0.0 0.0 0.13680886595398872 0.0
HPT 0.9224239336867041
LPT  0.9355544963803071
core nozzle out 21.254333913877282 34.58318246750999 2416.811972438064 19.02681819630595 2105.8684004237957 0.024273132081952236 1.0
bypass nozzle out 101.6921420235537 9.596783388346369 517.019497534473 5.45355 439.6089667424871 0.033565262477850466 0.934495744573699
2.2590885578328948
HP power balance:  -5588.279474603909 = 5588.276397395229  +  0.0  HP extraction
LP power balance:  -2717.9939893215865 + -839.8194641226142 = -3557.8134534442006 3557.8076010679656
 
CASE #  185
--- 0.5 25000.0 ----------------------------------------------------
fan Nc = 0.950000004343322      burner temperature = 3415.849356447231    ambient Ps = 5.453549603485766
burner out 16.843126564547653 169.1710088021652 3415.849356447231 0.0 0.0 0.1330275165720422 0.0
HPT 0.9224731614359356
LPT  0.9293492660482578
core nozzle out 19.75410294902904 29.327963132780315 2171.633532719607 16.653777282820425 1883.4545432538205 0.023759370876619917 1.0
bypass nozzle out 99.30890551283727 9.354433403006492 510.46920984148437 5.45355 437.4077545086449 0.03374529630025243 0.9099858081099989
2.208151966462771
HP power balance:  -4721.461652347114 = 4721.576165161489  +  0.0  HP extraction
LP power balance:  -2371.624298849725 + -735.0778131947243 = -3106.7021120444497 3106.659152357364
 
CASE #  186
--- 0.5 25000.0 ----------------------------------------------------
fan Nc = 0.900000123144711      burner temperature = 3176.5142295177675    ambient Ps = 5.453549603485766
burner out 15.298437616158083 148.22427772608407 3176.5142295177675 0.0 0.0 0.12536123690421164 0.0
HPT 0.9224496200882176
LPT  0.925358390163005
core nozzle out 17.95148616189543 25.630439645405882 1997.1016721669055 14.438915241439021 1725.8067707398666 0.02248396608762576 1.0
bypass nozzle out 95.67173160374344 9.026863498289984 503.55109905972745 5.45355 436.13602390242954 0.03384930922485029 0.8752312588313329
2.2078632633591786
HP power balance:  -4026.251537793857 = 4026.3221777429485  +  0.0  HP extraction
LP power balance:  -1999.7035268941759 + -634.0317447227111 = -2633.735271616887 2633.7141389918643
 
CASE #  187
--- 0.5 25000.0 ----------------------------------------------------
fan Nc = 0.849999996009081      burner temperature = 2981.676148722725    ambient Ps = 5.453549603485766
burner out 13.5551913723251 127.27736245301142 2981.676148722725 0.0 0.0 0.11469059741085513 0.0
HPT 0.9224319562703326
LPT  0.9192781124645851
core nozzle out 15.911846569225828 22.136763677524314 1877.3807004576877 12.359459617040153 1617.809261416542 0.020531850947355285 1.0
bypass nozzle out 90.17237502158031 8.564298016396112 496.15559600937246 5.45355 436.2288540331044 0.03384171678873599 0.8250188050964298
2.2734245324555524
HP power balance:  -3299.5274284228326 = 3299.525180792859  +  0.0  HP extraction
LP power balance:  -1603.6483916014802 + -537.3786315084947 = -2141.027023109975 2141.0585434125264
 
CASE #  188
--- 0.5 25000.0 ----------------------------------------------------
fan Nc = 0.7999999994268372      burner temperature = 2792.0496444406763    ambient Ps = 5.453549603485766
burner out 12.157392498475389 110.50708902349821 2792.0496444406763 0.0 0.0 0.10634748245128114 0.0
HPT 0.9224274920625392
LPT  0.9158080975273754
core nozzle out 14.2763032043338 19.66580133967325 1761.06759716472 10.69394720213461 1512.9719413291418 0.01899679787965221 1.0
bypass nozzle out 84.87675870211112 8.143872695896206 489.0352647245729 5.45355 435.99546953938176 0.03386080495381533 0.7763370357678071
2.3434414682236238
HP power balance:  -2778.030692684629 = 2778.031477664188  +  0.0  HP extraction
LP power balance:  -1261.862415241021 + -450.0330761902042 = -1711.895491431225 1711.8838073572717
 
CASE #  189
--- 0.5 25000.0 ----------------------------------------------------
fan Nc = 0.7499999371050258      burner temperature = 2581.7032576763618    ambient Ps = 5.453549603485766
burner out 10.919829112245392 95.51478492266581 2581.7032576763618 0.0 0.0 0.09942060087816969 0.0
HPT 0.9224649047965501
LPT  0.9150342004898869
core nozzle out 12.828504404714831 17.701814141047862 1619.3531676025257 9.163770921327675 1385.683523438344 0.017776082839366984 1.0
bypass nozzle out 79.91019844122526 7.790298581396696 482.72326373958765 5.45355 435.75813189639456 0.03388021644099949 0.7306884525504139
2.3917703509256034
HP power balance:  -2361.0488591097196 = 2361.0657548650865  +  0.0  HP extraction
LP power balance:  -983.6166921021245 + -380.24556418611064 = -1363.8622562882351 1363.8688788652964
 
CASE #  190
--- 0.5 25000.0 ----------------------------------------------------
fan Nc = 0.6999996042298509      burner temperature = 2316.966480275729    ambient Ps = 5.453549603485766
burner out 9.2983374889847 77.14510472055764 2316.966480275729 0.0 0.0 0.08948366553300113 0.0
HPT 0.9224128314363058
LPT  0.9121642875397797
core nozzle out 10.929157435288158 14.488208365785521 1442.239172104061 7.314473176098391 1227.6832630426813 0.01601819778182373 1.0
bypass nozzle out 74.34647332553062 7.437593772613035 476.2851565745384 5.45355 435.64851297422683 0.03388918200700082 0.6797189719473935
2.4310516758061738
HP power balance:  -1807.6371748422562 = 1807.6156225783925  +  0.0  HP extraction
LP power balance:  -719.9594588459587 + -319.81544640807175 = -1039.7749052540305 1039.7687463352786
 
CASE #  191
--- 0.4 20000.0 ----------------------------------------------------
fan Nc = 1.0000001734541237      burner temperature = 3679.3461183623676    ambient Ps = 6.753428145735776
burner out 21.278327038156192 221.9281067595841 3679.3461183623676 0.0 0.0 0.16196962022220052 0.0
HPT 0.9223270422482128
LPT  0.9403587370599747
core nozzle out 24.942862776177826 39.99452732792354 2372.8710145800724 22.096408631598152 2065.7128669584654 0.02873976298854852 1.0
bypass nozzle out 115.1090032794967 11.431767408306182 525.9881345133011 6.75343 456.2303623851873 0.040008443535043854 0.8712775982203549
2.3578431893445626
HP power balance:  -6440.041225933137 = 6440.054511290647  +  0.0  HP extraction
LP power balance:  -3022.6539487979735 + -1084.7223382732418 = -4107.376287071215 4107.408956427209
 
CASE #  192
--- 0.4 20000.0 ----------------------------------------------------
fan Nc = 0.9499928959072703      burner temperature = 3589.9775386881024    ambient Ps = 6.753428145735776
burner out 19.90288197078465 205.0737124628392 3589.9775386881024 0.0 0.0 0.15341013676705573 0.0
HPT 0.922348738446208
LPT  0.932654555737156
core nozzle out 23.3348762027227 37.623689980239355 2316.019350634171 20.391889819234375 2013.9980433428939 0.027204474694853393 1.0
bypass nozzle out 111.86374007438813 11.035806815586554 520.3625406510984 6.75343 454.8409128512815 0.040121025818321054 0.8456130833745229
2.404669740203127
HP power balance:  -5919.924464175786 = 5919.958965867903  +  0.0  HP extraction
LP power balance:  -2662.75023898964 + -955.0064658762686 = -3617.7567048659084 3617.6773665192086
 
CASE #  193
--- 0.4 20000.0 ----------------------------------------------------
fan Nc = 0.8999999999999998      burner temperature = 3245.108486569949    ambient Ps = 6.753428145735776
burner out 17.748084432266012 173.92619867578577 3245.108486569949 0.0 0.0 0.14397879929581586 0.0
HPT 0.9223087308371135
LPT  0.9246833995171511
core nozzle out 20.82358003859784 30.011160973108122 2056.114834894343 17.024395022742937 1778.8828255131823 0.02571822512521106 1.0
bypass nozzle out 107.53330134724975 10.540279075332188 513.9789602805622 6.75343 453.69768160437513 0.040213657886596865 0.8120163947325691
2.366752368492124
HP power balance:  -4732.836643375248 = 4732.764612405307  +  0.0  HP extraction
LP power balance:  -2254.2040086701436 + -825.230422072649 = -3079.4344307427928 3079.248506135938
 
CASE #  194
--- 0.4 20000.0 ----------------------------------------------------
fan Nc = 0.8500020281369545      burner temperature = 2989.6925889408817    ambient Ps = 6.753428145735776
burner out 15.678687226329567 147.51785438528526 2989.6925889408817 0.0 0.0 0.13257130321359575 0.0
HPT 0.9223150003391829
LPT  0.9211462607282593
core nozzle out 18.40515283729707 25.395018113582527 1871.575260437353 14.270415704691692 1612.5352552141333 0.023783093043877004 1.0
bypass nozzle out 102.2139780148928 10.012309921150853 507.5352085561809 6.75343 453.17080855026285 0.04025634858531008 0.771480938062894
2.3822034526370044
HP power balance:  -3883.9112168667234 = 3883.944101185375  +  0.0  HP extraction
LP power balance:  -1857.551438128365 + -671.44296736979 = -2528.994405498155 2529.0326132979717
 
CASE #  195
--- 0.4 20000.0 ----------------------------------------------------
fan Nc = 0.7999972317184872      burner temperature = 2804.901143174514    ambient Ps = 6.753428145735776
burner out 13.876787507675147 126.49704604787702 2804.901143174514 0.0 0.0 0.1211761026101341 0.0
HPT 0.9223120135634112
LPT  0.9145030283280444
core nozzle out 16.295524767486434 21.933158010228265 1760.4598535918824 12.203455818551705 1512.4045968144403 0.021686328920356282 1.0
bypass nozzle out 95.46228975025453 9.56396899728312 501.232202027357 6.75343 453.6976128032383 0.040213663461314685 0.7208681589346577
2.4740913504098216
HP power balance:  -3181.7598811682697 = 3181.784073601894  +  0.0  HP extraction
LP power balance:  -1484.067780413847 + -558.8729133866982 = -2042.9406938005452 2042.9265089736407
 
CASE #  196
--- 0.4 20000.0 ----------------------------------------------------
fan Nc = 0.7500000085613313      burner temperature = 2639.807754308969    ambient Ps = 6.753428145735776
burner out 12.453129070106021 110.16011606079012 2639.807754308969 0.0 0.0 0.11213579498344674 0.0
HPT 0.9223547155602088
LPT  0.9088331019031464
core nozzle out 14.628300754343686 19.60674067890414 1661.8062712987924 10.601266926066193 1423.6787747437236 0.02001619762255666 1.0
bypass nozzle out 89.52337962554294 9.176050369117194 495.30199575800475 6.75343 453.52434982291965 0.040227702360501515 0.6759112117187024
2.566817664595482
HP power balance:  -2693.1796355580805 = 2693.1727722867718  +  0.0  HP extraction
LP power balance:  -1175.4531392116307 + -464.16700702737927 = -1639.62014623901 1639.6479118828518
 
CASE #  197
--- 0.4 20000.0 ----------------------------------------------------
fan Nc = 0.7000001480165732      burner temperature = 2402.7809204163045    ambient Ps = 6.753428145735776
burner out 10.910647384254053 92.16586754713926 2402.7809204163045 0.0 0.0 0.10307801522763044 0.0
HPT 0.9223983411652352
LPT  0.9080920480867478
core nozzle out 12.822427551156009 17.12300088252472 1502.152168619438 8.77839153540967 1280.881718886699 0.018424409784012684 1.0
bypass nozzle out 82.91441725956527 8.78160926548658 488.9900939563355 6.75343 453.19995662689166 0.04025398681761724 0.6258254430460001
2.6409533133614476
HP power balance:  -2197.1055396101237 = 2197.136932583005  +  0.0  HP extraction
LP power balance:  -877.4128467130903 + -383.4759067672315 = -1260.8887534803218 1260.9199809923473
 
CASE #  198
--- 0.5 20000.0 ----------------------------------------------------
fan Nc = 0.9999999978218106      burner temperature = 3659.88196429589    ambient Ps = 6.7534298716186285
burner out 22.33932300098267 232.3768380955103 3659.88196429589 0.0 0.0 0.17050144344159712 0.0
HPT 0.922317781385135
LPT  0.9432933563812054
core nozzle out 26.188339083083886 41.80722113521781 2356.0813568667627 23.109146785653863 2050.392786456249 0.030278200407505552 1.0
bypass nozzle out 121.12896435855355 12.153618027942823 533.3918204657343 6.75343 456.1763738848084 0.04001281803623662 0.9167975092918371
2.2332420863616824
HP power balance:  -6726.042425201477 = 6726.0425635880565  +  0.0  HP extraction
LP power balance:  -3145.316248636005 + -1188.3015766814985 = -4333.617825317504 4333.618345818239
 
CASE #  199
--- 0.5 20000.0 ----------------------------------------------------
fan Nc = 0.9500008712992889      burner temperature = 3530.6715296158754    ambient Ps = 6.7534298716186285
burner out 20.813041214389237 212.63113186849264 3530.6715296158754 0.0 0.0 0.1617504048075159 0.0
HPT 0.9223590422146928
LPT  0.9359200756627526
core nozzle out 24.405503173456523 38.63414847822907 2271.3889950025127 21.092769788134245 1973.4534497268833 0.02871927441465443 1.0
bypass nozzle out 117.78020267241733 11.722198545327238 527.436221682754 6.75343 454.8201276203069 0.04012270997359583 0.8903187510688131
2.2625556149441324
HP power balance:  -6056.8085383294665 = 6057.045777151566  +  0.0  HP extraction
LP power balance:  -2751.8194568721656 + -1030.5886478856032 = -3782.408104757769 3782.490318569486
 
CASE #  200
--- 0.5 20000.0 ----------------------------------------------------
fan Nc = 0.9000000009340423      burner temperature = 3251.9658458301087    ambient Ps = 6.7534298716186285
burner out 18.495761858220792 181.4577462318409 3251.9658458301087 0.0 0.0 0.14989495828459243 0.0
HPT 0.9222727713815082
LPT  0.928530276636716
core nozzle out 21.700947367902533 31.77265801017313 2063.714101251416 17.77748136294476 1785.6627162919872 0.026753106410502586 1.0
bypass nozzle out 113.35511061810921 11.186666147445829 520.6152024307612 6.75343 453.65527923788846 0.04021709360348973 0.8559459860549986
2.249452330370481
HP power balance:  -4943.028147623728 = 4943.022907008644  +  0.0  HP extraction
LP power balance:  -2305.446244523595 + -895.1412604168722 = -3200.587504940467 3200.546272586575
 
CASE #  201
--- 0.5 20000.0 ----------------------------------------------------
fan Nc = 0.8500000680183417      burner temperature = 2977.3930629613337    ambient Ps = 6.7534298716186285
burner out 16.33513052731359 153.48448011038428 2977.3930629613337 0.0 0.0 0.1385079892876019 0.0
HPT 0.9221832545734533
LPT  0.9236903694109
core nozzle out 19.176798485196198 26.358129113953996 1863.4868317832888 14.834174410066034 1605.166776053838 0.02483409075220962 1.0
bypass nozzle out 108.03273089559265 10.584161211007919 513.5896777396985 6.75343 452.9330217189019 0.04027561562866402 0.8152125496171784
2.2503493757194835
HP power balance:  -4031.2796800912993 = 4031.2251683753598  +  0.0  HP extraction
LP power balance:  -1871.547023135558 + -763.6451527632303 = -2635.1921758987883 2635.0985078185204
 
CASE #  202
--- 0.5 20000.0 ----------------------------------------------------
fan Nc = 0.8000000035742574      burner temperature = 2799.951463637215    ambient Ps = 6.7534298716186285
burner out 14.313802025001255 130.42259076423693 2799.951463637215 0.0 0.0 0.12515463592450002 0.0
HPT 0.92222413787534
LPT  0.9165575275618444
core nozzle out 16.809218718635353 22.556497267075404 1755.140282835378 12.567317524115097 1507.5790346688884 0.022403115913025223 1.0
bypass nozzle out 102.23192985192321 10.01586705984636 507.92698275658097 6.75343 453.47794874939285 0.040231462078776044 0.7718296379476668
2.3079412604044736
HP power balance:  -3273.9824978144243 = 3273.9831347462673  +  0.0  HP extraction
LP power balance:  -1524.6293693691227 + -603.4585161595656 = -2128.0878855286883 2128.0883897157864
 
CASE #  203
--- 0.5 20000.0 ----------------------------------------------------
fan Nc = 0.7500000010548087      burner temperature = 2634.7102824998983    ambient Ps = 6.7534298716186285
burner out 12.792433822155077 113.09459068183378 2634.7102824998983 0.0 0.0 0.1153483154980173 0.0
HPT 0.9222924374551723
LPT  0.9105926903033025
core nozzle out 15.027326300361823 19.881752002781727 1657.2223111360265 10.873350947136384 1419.517244023518 0.0205899015355575 1.0
bypass nozzle out 96.19810927195226 9.610095282299614 501.8404152334381 6.75343 453.59258720586496 0.040222173321706384 0.7263516329928539
2.3852301828644356
HP power balance:  -2760.8365423102596 = 2760.836594668813  +  0.0  HP extraction
LP power balance:  -1196.422368926763 + -499.9347437700036 = -1696.3571126967668 1696.367611674054
 
CASE #  204
--- 0.5 20000.0 ----------------------------------------------------
fan Nc = 0.7000007701510522      burner temperature = 2391.089893317765    ambient Ps = 6.7534298716186285
burner out 11.101965310000264 93.58696288034551 2391.089893317765 0.0 0.0 0.10518431915745079 0.0
HPT 0.9223438789531936
LPT  0.9115344134848762
core nozzle out 13.04781985181178 17.335132596671382 1494.477904483284 8.906543785703231 1274.010225230953 0.018794699368004094 1.0
bypass nozzle out 89.32686850799719 9.164855168825193 495.23358210288814 6.75343 453.6226761029894 0.04021973532258738 0.674488637622031
2.443230311476341
HP power balance:  -2224.762826170791 = 2224.762672958304  +  0.0  HP extraction
LP power balance:  -873.6756607118831 + -409.21036536459053 = -1282.8860260764736 1282.9597681333494
 
CASE #  205
--- 0.6 20000.0 ----------------------------------------------------
fan Nc = 0.9999999981751087      burner temperature = 3692.208619057122    ambient Ps = 6.7534296143888355
burner out 23.810540240542895 248.83521463013503 3692.208619057122 0.0 0.0 0.18097194530926913 0.0
HPT 0.9222464222417606
LPT  0.9446056423636893
core nozzle out 27.91202672243411 44.76817663928021 2376.4224799338435 24.74419441665645 2068.781551382312 0.032136371787518186 1.0
bypass nozzle out 128.74120002948018 13.121030476682279 543.4276212387573 6.75343 456.206975588067 0.04001033848621271 0.9744408689901667
2.109872357911504
HP power balance:  -7261.00484192617 = 7261.00357148313  +  0.0  HP extraction
LP power balance:  -3351.8431447437097 + -1336.6530998199173 = -4688.4962445636265 4688.496707757096
 
CASE #  206
--- 0.6 20000.0 ----------------------------------------------------
fan Nc = 0.9499965765059537      burner temperature = 3542.8033584539417    ambient Ps = 6.7534296143888355
burner out 21.966197239604323 224.86265084672038 3542.8033584539417 0.0 0.0 0.1704647640018527 0.0
HPT 0.9222939600080019
LPT  0.9366555030669517
core nozzle out 25.757767152067895 40.385361998551645 2276.875682328984 22.29282492771699 1978.3615264118462 0.0302778730088838 1.0
bypass nozzle out 125.36359398631477 12.654804557654115 537.1090058513129 6.75343 454.84786897833703 0.040120462187438775 0.9476695259120825
2.128084552008935
HP power balance:  -6405.287223708391 = 6405.249277111002  +  0.0  HP extraction
LP power balance:  -2913.493336721534 + -1155.575548743416 = -4069.0688854649497 4069.136953193043
 
CASE #  207
--- 0.6 20000.0 ----------------------------------------------------
fan Nc = 0.8999998304837785      burner temperature = 3309.460974119605    ambient Ps = 6.7534296143888355
burner out 19.709906727354806 195.0805821825348 3309.460974119605 0.0 0.0 0.1583475653730348 0.0
HPT 0.9222682069609168
LPT  0.9324480452192743
core nozzle out 23.12330439900618 35.12342501008576 2111.26054326561 19.182935663268704 1828.4439040297816 0.02819295639914005 1.0
bypass nozzle out 120.57087390930035 12.03613991490329 529.4194479524581 6.75343 453.67482461054107 0.04021550990964046 0.9104444306984211
2.1382502645181614
HP power balance:  -5386.638923933498 = 5386.748197950333  +  0.0  HP extraction
LP power balance:  -2399.773508967129 + -986.8646891006463 = -3386.638198067775 3386.65065424034
 
CASE #  208
--- 0.6 20000.0 ----------------------------------------------------
fan Nc = 0.8500010753657277      burner temperature = 2981.2465100901964    ambient Ps = 6.7534296143888355
burner out 16.999348548351357 159.8625088778059 2981.2465100901964 0.0 0.0 0.14407697605181297 0.0
HPT 0.9221018964054092
LPT  0.9258207902693868
core nozzle out 19.956814327885006 27.429267397525383 1869.3278486440659 15.462583717521403 1610.3353283775084 0.025804822029910853 1.0
bypass nozzle out 115.33951914418222 11.400597043929826 521.8937956934552 6.75343 452.8087487405718 0.040285685037669994 0.8702377783953689
2.1115691634357003
HP power balance:  -4172.454747759852 = 4172.561538679976  +  0.0  HP extraction
LP power balance:  -1918.0008438675216 + -842.2003256116196 = -2760.2011694791413 2760.1875527003635
 
CASE #  209
--- 0.6 20000.0 ----------------------------------------------------
fan Nc = 0.800000105982143      burner temperature = 2775.4042928736544    ambient Ps = 6.7534296143888355
burner out 14.87884231347789 135.08625410472635 2775.4042928736544 0.0 0.0 0.1307890658399492 0.0
HPT 0.9220530476854014
LPT  0.9198336830174768
core nozzle out 17.474298427453213 23.273121053629136 1736.2631198541596 12.983103670918778 1490.52321602592 0.023410328128282424 1.0
bypass nozzle out 109.49783828247949 10.745485379281652 515.3695292547135 6.75343 453.0345462155201 0.0402673894503402 0.8263475742554125
2.1455608505487924
HP power balance:  -3371.4593093135904 = 3371.5199609654687  +  0.0  HP extraction
LP power balance:  -1521.2484318033357 + -706.6139877435293 = -2227.862419546865 2227.87020385226
 
CASE #  210
--- 0.6 20000.0 ----------------------------------------------------
fan Nc = 0.7500002302406604      burner temperature = 2604.1856850788786    ambient Ps = 6.7534296143888355
burner out 13.125230887397976 115.44426558372572 2604.1856850788786 0.0 0.0 0.11912086333777933 0.0
HPT 0.9221573352798883
LPT  0.9131848526043593
core nozzle out 15.419618183690854 20.075937518779295 1633.5616729155547 11.069513246450374 1398.2976754364865 0.021274393391986827 1.0
bypass nozzle out 103.88218048461555 10.149872936782037 509.75145572723704 6.75343 453.5243358039715 0.04022770349640833 0.7843210340682645
2.193872833049042
HP power balance:  -2798.62783187095 = 2798.6246749892057  +  0.0  HP extraction
LP power balance:  -1203.5278463574286 + -548.5783174634971 = -1752.1061638209258 1752.0887847463098
 
CASE #  211
--- 0.6 20000.0 ----------------------------------------------------
fan Nc = 0.6999997914977915      burner temperature = 2392.12442294612    ambient Ps = 6.7534296143888355
burner out 11.41259747313497 96.2687039468653 2392.12442294612 0.0 0.0 0.1081513235901206 0.0
HPT 0.9222841366984422
LPT  0.9144567020987103
core nozzle out 13.41319790395141 17.742780851804465 1495.7007570162923 9.159523029205761 1275.0365927112744 0.01931304979475678 1.0
bypass nozzle out 96.67270267762288 9.64692397175434 503.5907428662509 6.75343 454.66019486759274 0.04013566877061003 0.7306569748899504
2.2537912039673946
HP power balance:  -2288.6309749950183 = 2288.6397483495753  +  0.0  HP extraction
LP power balance:  -881.8479731539211 + -442.51167223617216 = -1324.3596453900932 1324.2923530743872
 
CASE #  212
--- 0.7 20000.0 ----------------------------------------------------
fan Nc = 1.0000000208645998      burner temperature = 3802.3001229038755    ambient Ps = 6.753434106745267
burner out 25.835364996838756 274.0285419241233 3802.3001229038755 0.0 0.0 0.19348794410852052 0.0
HPT 0.922196126231975
LPT  0.9442138808759621
core nozzle out 30.27903273557005 49.50541143581066 2463.220027778324 27.387568608979784 2147.632421664835 0.03425862030421837 1.0
bypass nozzle out 138.2573874564298 14.334784457049912 556.270288941428 7.114232991406219 463.08821884707464 0.04156054549735135 1.0
2.0766326378582094
HP power balance:  -8109.401501764036 = 8109.490247384185  +  0.0  HP extraction
LP power balance:  -3671.2619925521876 + -1507.0992712687982 = -5178.361263820986 5178.486642892604
 
CASE #  213
--- 0.7 20000.0 ----------------------------------------------------
fan Nc = 0.9499999871522203      burner temperature = 3607.426712371405    ambient Ps = 6.753434106745267
burner out 23.700492326403516 244.87242957058706 3607.426712371405 0.0 0.0 0.18229694370452965 0.0
HPT 0.9222317135844313
LPT  0.9373582851697022
core nozzle out 27.788574778259985 44.005173888572045 2320.0031795524287 24.30308833663919 2017.4035413067058 0.03236831487024017 1.0
bypass nozzle out 134.60041011413594 13.874243569230636 549.8781408337378 6.890216970365387 457.72933630027455 0.04069487561608065 1.0
2.028834441694274
HP power balance:  -7058.572394564945 = 7058.591338631657  +  0.0  HP extraction
LP power balance:  -3189.083238848476 + -1323.8142918220578 = -4512.897530670534 4512.915715084973
 
CASE #  214
--- 0.7 20000.0 ----------------------------------------------------
fan Nc = 0.8999992331977157      burner temperature = 3383.4195134340785    ambient Ps = 6.753434106745267
burner out 21.274284737820643 212.9281208935519 3383.4195134340785 0.0 0.0 0.16905073251279418 0.0
HPT 0.9222272600660774
LPT  0.9331646434282337
core nozzle out 24.955356644958556 38.59189971205795 2170.257344254936 21.024402955700836 1881.640102127715 0.030024670626923104 1.0
bypass nozzle out 129.3684723499105 13.146178210081041 541.068107056855 6.75343 453.8308332044914 0.04020286907361928 0.9770204256034033
2.019029347942841
HP power balance:  -5935.311798481684 = 5935.208851391847  +  0.0  HP extraction
LP power balance:  -2574.4974804196177 + -1116.3232714223725 = -3690.8207518419904 3690.8178750767215
 
CASE #  215
--- 0.7 20000.0 ----------------------------------------------------
fan Nc = 0.8500000486057038      burner temperature = 3032.882144091652    ambient Ps = 6.753434106745267
burner out 18.16616951398228 172.31345993017143 3032.882144091652 0.0 0.0 0.15265095317117125 0.0
HPT 0.9220562290140459
LPT  0.9264200849871572
core nozzle out 21.3249438017268 29.567147936033308 1911.414651067487 16.73042819333389 1648.1471826004372 0.027276505448313445 1.0
bypass nozzle out 124.13671109747564 12.455797176125133 532.743084081457 6.75343 452.75394944546673 0.04029012523475119 0.9365747108096769
1.9832870971709144
HP power balance:  -4525.613424674232 = 4525.517059240892  +  0.0  HP extraction
LP power balance:  -2020.477842492285 + -946.1094219762587 = -2966.5872644685437 2966.5395860447047
 
CASE #  216
--- 0.7 20000.0 ----------------------------------------------------
fan Nc = 0.7999986734030297      burner temperature = 2782.080172963444    ambient Ps = 6.753434106745267
burner out 15.541769015667999 141.31871676620602 2782.080172963444 0.0 0.0 0.13649463077246807 0.0
HPT 0.9219961246167075
LPT  0.9224197292460946
core nozzle out 18.253336828960588 24.269823059328747 1737.5055842206034 13.567927944548133 1491.563918536688 0.024447487825693687 1.0
bypass nozzle out 118.18862625834359 11.73639881297649 525.4850644429566 6.75343 452.9170724269314 0.04027690794455091 0.8918409656609007
1.9889700635361296
HP power balance:  -3552.0250396846013 = 3552.03145071235  +  0.0  HP extraction
LP power balance:  -1562.0728851952558 + -788.4728371802329 = -2350.545722375489 2350.6080438708354
 
CASE #  217
--- 0.7 20000.0 ----------------------------------------------------
fan Nc = 0.7499976257317436      burner temperature = 2568.870477543923    ambient Ps = 6.753434106745267
burner out 13.739678256494338 120.15661104133795 2568.870477543923 0.0 0.0 0.12569777294622772 0.0
HPT 0.9219458614305877
LPT  0.9172612063506019
core nozzle out 16.143326328968783 20.79466480340727 1608.2424937760595 11.482142599182596 1375.47466966497 0.022440368106100422 1.0
bypass nozzle out 112.30466487499389 11.061187246027025 518.8677135552051 6.75343 453.2469389206314 0.04025018000508196 0.8476978824416663
2.015215856621171
HP power balance:  -2887.1287911674162 = 2887.1348699011755  +  0.0  HP extraction
LP power balance:  -1184.0654252964086 + -656.897660495882 = -1840.9630857922907 1841.0092664933502
 
CASE #  218
--- 0.7 20000.0 ----------------------------------------------------
fan Nc = 0.7000008531376014      burner temperature = 2335.6178759633917    ambient Ps = 6.753434106745267
burner out 11.65757302893907 97.26280876053555 2335.6178759633917 0.0 0.0 0.11191830577316864 0.0
HPT 0.9216825064387276
LPT  0.9206944194686296
core nozzle out 13.703100954313319 17.85307149179179 1457.8706759498202 9.225022394898012 1241.3347119674777 0.019976722107691306 1.0
bypass nozzle out 105.62101535154476 10.340314136541512 512.3627439997505 6.75343 454.1069784288073 0.04018049398254117 0.7978796882588417
2.0396900190621703
HP power balance:  -2279.9935068315453 = 2279.976981891423  +  0.0  HP extraction
LP power balance:  -838.1438911396851 + -499.7571555541341 = -1337.9010466938194 1337.8909988202213
 
CASE #  219
--- 0.75 20000.0 ----------------------------------------------------
fan Nc = 0.9999891242645287      burner temperature = 3975.2851124861913    ambient Ps = 6.75343961523385
burner out 27.24131932051054 295.5985212671417 3975.2851124861913 0.0 0.0 0.19953138845333523 0.0
HPT 0.9221078459301227
LPT  0.9423801603087715
core nozzle out 31.91506559522982 54.53251829580018 2598.770488795637 29.74530404972902 2271.117803106109 0.035186195804855366 1.0
bypass nozzle out 143.96056353286312 15.011780928128298 564.0510889686432 7.4569143336762105 469.6109582948025 0.04297888239929681 1.0
2.1166321750223576
HP power balance:  -9082.800511211048 = 9082.8761474515  +  0.0  HP extraction
LP power balance:  -3905.274612330124 + -1579.1834370083543 = -5484.458049338478 5484.2205739361425
 
CASE #  220
--- 0.75 20000.0 ----------------------------------------------------
fan Nc = 0.9500000449716894      burner temperature = 3654.5604333942406    ambient Ps = 6.75343961523385
burner out 24.805167008635593 257.991058438456 3654.5604333942406 0.0 0.0 0.18957428018015507 0.0
HPT 0.9221984765712982
LPT  0.937416715975478
core nozzle out 29.081246438404918 46.42686554973531 2355.3567615930083 25.65311447667913 2049.4610788563828 0.03362708231263461 1.0
bypass nozzle out 140.21883638676485 14.548576414974393 557.0881344220381 7.220035126402258 463.7737683596824 0.04211924403746643 1.0
2.030551704297257
HP power balance:  -7493.655144103423 = 7493.643513240873  +  0.0  HP extraction
LP power balance:  -3364.84582702645 + -1404.349539647048 = -4769.195366673498 4769.219327283422
 
CASE #  221
--- 0.75 20000.0 ----------------------------------------------------
fan Nc = 0.8999999693742793      burner temperature = 3416.96363883337    ambient Ps = 6.75343961523385
burner out 22.11476496178216 222.4550870709149 3416.96363883337 0.0 0.0 0.1748766243491237 0.0
HPT 0.9221901551945133
LPT  0.9321577654584808
core nozzle out 25.939889659930568 39.91828199010529 2192.2447087552096 21.978558581864053 1901.5045448164428 0.031054644063706352 1.0
bypass nozzle out 134.4294880561516 13.824780605601402 548.2621687730992 6.87268580193166 456.37860421421556 0.04070271112964163 1.0
1.976822649966958
HP power balance:  -6224.437399716649 = 6224.419150599707  +  0.0  HP extraction
LP power balance:  -2711.5236066624675 + -1201.6722748061954 = -3913.195881468663 3913.1729906161586
 
CASE #  222
--- 0.75 20000.0 ----------------------------------------------------
fan Nc = 0.8499990293378334      burner temperature = 3080.383584742675    ambient Ps = 6.75343961523385
burner out 18.95341483388708 181.1959471560874 3080.383584742675 0.0 0.0 0.15804171335624315 0.0
HPT 0.9220506171165648
LPT  0.9276534339091149
core nozzle out 22.247280696354316 31.51560240986628 1947.3830760359333 17.634654613829756 1680.4498616513836 0.02820276892194081 1.0
bypass nozzle out 129.03458984185283 13.080175858573977 539.3249526450135 6.75343 452.86862900065654 0.04028083314759478 0.9736389094885555
1.9247570393292626
HP power balance:  -4799.61866588094 = 4799.555055376677  +  0.0  HP extraction
LP power balance:  -2104.189252358524 + -1013.2882309545242 = -3117.477483313048 3117.5323699385644
 
CASE #  223
--- 0.75 20000.0 ----------------------------------------------------
fan Nc = 0.8000000048342597      burner temperature = 2787.7698023593075    ambient Ps = 6.75343961523385
burner out 16.125492050362812 146.80105566481691 2787.7698023593075 0.0 0.0 0.14149865928967986 0.0
HPT 0.9219671486151738
LPT  0.9238312497735279
core nozzle out 18.939148089915538 25.14422970538708 1738.5711318067695 14.080986411280513 1492.475695788338 0.025356129630220717 1.0
bypass nozzle out 123.09288254600278 12.32975114520701 531.6128749979506 6.75343 452.9108574940775 0.040277411519034204 0.928839738706735
1.9103536111983885
HP power balance:  -3720.3199742213005 = 3720.323449268476  +  0.0  HP extraction
LP power balance:  -1607.1722659543145 + -839.3586099300312 = -2446.5308758843457 2446.5285764589858
 
CASE #  224
--- 0.75 20000.0 ----------------------------------------------------
fan Nc = 0.7500000105917717      burner temperature = 2570.246999081488    ambient Ps = 6.75343961523385
burner out 14.008864878030515 122.56480090277819 2570.246999081488 0.0 0.0 0.12814897525063781 0.0
HPT 0.921892481451278
LPT  0.9185892802629809
core nozzle out 16.45986699950825 21.179433048043354 1608.3416981710825 11.707663327022946 1375.524035050006 0.02288034652341399 1.0
bypass nozzle out 117.28732352738012 11.632686634844188 524.5868917602851 6.75343 453.07500275707554 0.040264111396902016 0.8851658122566571
1.930353233061784
HP power balance:  -2943.9083299687454 = 2943.910204757482  +  0.0  HP extraction
LP power balance:  -1196.6881214884168 + -695.9112147899756 = -1892.5993362783925 1892.5874465704696
 
CASE #  225
--- 0.75 20000.0 ----------------------------------------------------
fan Nc = 0.6999999029707059      burner temperature = 2313.009080637977    ambient Ps = 6.75343961523385
burner out 11.91196420893853 98.93501562783906 2313.009080637977 0.0 0.0 0.1149558455637439 0.0
HPT 0.9202328373474855
LPT  0.9229968732911371
core nozzle out 14.003095052235922 18.09908720760709 1444.4102694027822 9.3759133123162 1229.2977603666998 0.020505863023437012 1.0
bypass nozzle out 110.34938444133154 10.849895284573414 517.2449941546391 6.75343 453.75656631206687 0.040208886662683886 0.8333291898575794
1.9449012332352054
HP power balance:  -2301.2003282977544 = 2301.1966045570157  +  0.0  HP extraction
LP power balance:  -804.5871050413269 + -557.0076970380413 = -1361.5948020793683 1361.6364308454465
 
did not converge
CASE #  226
--- 0.7 15000.0 ----------------------------------------------------
fan Nc = 0.9940579974899977      burner temperature = 4316.657103834284    ambient Ps = 8.293537448074284
burner out 30.256927090593738 363.840020862241 4316.657103834284 0.0 0.0 0.2237359112825608 0.0
HPT 0.9221462586207221
LPT  0.9326236480254481
core nozzle out 35.42084631650194 67.46329343881295 2860.162200158088 37.196110082468266 2510.5949961104056 0.039796223173567624 1.0
bypass nozzle out 160.50387107403114 18.199751742065885 590.4569579366146 9.30033416050837 491.7515967790154 0.05113313090363009 1.0
2.167528975062328
HP power balance:  -10910.26872501194 = 10964.862683894275  +  0.0  HP extraction
LP power balance:  -5235.847097475597 + -1670.0774072535878 = -6905.924504729185 6491.500879845174
 
CASE #  227
--- 0.6 15000.0 ----------------------------------------------------
fan Nc = 0.9999999998130663      burner temperature = 4205.177175657426    ambient Ps = 8.293539972452887
burner out 30.123888779321028 336.18336902840764 4205.177175657426 0.0 0.0 0.21332502554080554 0.0
HPT 0.9221045558203277
LPT  0.9339172052372297
core nozzle out 35.27375142639385 61.70397315630738 2769.886328946078 34.07124565428052 2427.8269078962107 0.03769855072587602 1.0
bypass nozzle out 158.90184957092828 16.517216073683247 570.0337082748547 8.29354 474.954622712228 0.04726916298556313 0.9979439429707845
2.175455653425633
HP power balance:  -10708.854000606 = 10708.418217370692  +  0.0  HP extraction
LP power balance:  -4646.534997523072 + -1685.4171286391465 = -6331.9521261622185 6331.847496586078
 
CASE #  228
--- 0.6 15000.0 ----------------------------------------------------
fan Nc = 0.9499968819605281      burner temperature = 3985.502801400254    ambient Ps = 8.293539972452887
burner out 28.087885456650298 305.1444762232949 3985.502801400254 0.0 0.0 0.20542751612693097 0.0
HPT 0.9221867980801545
LPT  0.928817619865152
core nozzle out 32.90577167195941 56.32957716374567 2611.6995534818575 30.751416658500005 2282.9290131990533 0.0361876308400322 1.0
bypass nozzle out 154.10266501146666 15.995383380391402 562.2798820399897 8.29354 473.40880154921297 0.04742297918078334 0.9662228174799327
2.1871786518084804
HP power balance:  -9449.582365700448 = 9449.671425400797  +  0.0  HP extraction
LP power balance:  -3988.7395501284686 + -1526.3787958177643 = -5515.118345946233 5515.073070551211
 
CASE #  229
--- 0.6 15000.0 ----------------------------------------------------
fan Nc = 0.8999999984816976      burner temperature = 3522.7371691855465    ambient Ps = 8.293539972452887
burner out 24.89917852665316 254.26962624305037 3522.7371691855465 0.0 0.0 0.1938678530622413 0.0
HPT 0.92223939452283
LPT  0.9282921194200073
core nozzle out 29.199520853818683 45.64062256295222 2263.2602071274246 25.183389647573126 1965.8465290273573 0.03442133451938324 1.0
bypass nozzle out 147.09405296404557 15.286614957932041 553.0647031829965 8.29354 472.4024439674286 0.04752311631046214 0.9212989107677191
2.142182016586049
HP power balance:  -7271.252308354625 = 7271.332317409263  +  0.0  HP extraction
LP power balance:  -3216.0432862697267 + -1334.3343185217143 = -4550.377604791441 4550.365141406177
 
CASE #  230
--- 0.6 15000.0 ----------------------------------------------------
fan Nc = 0.8500015980091201      burner temperature = 3254.1622921875132    ambient Ps = 8.293539972452887
burner out 21.942715178440412 215.45587892653617 3254.1622921875132 0.0 0.0 0.17786337281194584 0.0
HPT 0.9222081343242449
LPT  0.9249753141476464
core nozzle out 25.746685255746012 38.87099743081036 2082.5427870458325 21.195657036027814 1802.3266418328633 0.03159833512206776 1.0
bypass nozzle out 139.31226865668074 14.493623767980441 543.6842686754736 8.29354 471.5651658291827 0.04760642927100853 0.8717996959358307
2.1762889327478896
HP power balance:  -5892.922465922578 = 5892.9966481318  +  0.0  HP extraction
LP power balance:  -2490.7437365041883 + -1134.6531002168829 = -3625.396836721071 3625.422612391325
 
CASE #  231
--- 0.6 15000.0 ----------------------------------------------------
fan Nc = 0.7999989653844741      burner temperature = 2914.191003746517    ambient Ps = 8.293539972452887
burner out 18.705906701418364 174.01200535227954 2914.191003746517 0.0 0.0 0.1604425576597857 0.0
HPT 0.9220665173869148
LPT  0.9175188132292172
core nozzle out 21.96405720608835 29.787240429536837 1834.591247337645 16.83171299660412 1578.8294212781182 0.028653514869856744 1.0
bypass nozzle out 132.4254691089289 13.813292316210116 536.0647341439354 8.29354 471.03397589560166 0.04765928507119912 0.8282526229406373
2.1562361065465017
HP power balance:  -4487.499871994302 = 4487.472354864424  +  0.0  HP extraction
LP power balance:  -1934.7831870443467 + -957.0422586721301 = -2891.8254457164767 2891.7507569522054
 
CASE #  232
--- 0.6 15000.0 ----------------------------------------------------
fan Nc = 0.7500002135478265      burner temperature = 2662.0786834815362    ambient Ps = 8.293539972452887
burner out 15.993645800265234 142.32206382653024 2662.0786834815362 0.0 0.0 0.14366526537763663 0.0
HPT 0.9220342247912424
LPT  0.913217788762824
core nozzle out 18.788777457467354 24.38641490543526 1660.4008694628972 13.607352475867588 1422.2191697219275 0.025718548981674607 1.0
bypass nozzle out 125.74042193180253 13.190704521455602 529.2851974905255 8.29354 470.72319750286783 0.04769020892647468 0.7861778671491318
2.1657279764137582
HP power balance:  -3510.4620029748794 = 3510.473075157191  +  0.0  HP extraction
LP power balance:  -1481.4079499116408 + -801.2803398844334 = -2282.688289796074 2282.6697882937306
 
CASE #  233
--- 0.6 15000.0 ----------------------------------------------------
fan Nc = 0.6999993636555749      burner temperature = 2408.3519234662754    ambient Ps = 8.293539972452887
burner out 13.800107423795271 116.93500949266542 2408.3519234662754 0.0 0.0 0.13048397475256193 0.0
HPT 0.9213231442289119
LPT  0.9099425455677765
core nozzle out 16.219638590403378 20.23368721388275 1506.5963099844173 11.120123377618805 1284.6219824842653 0.023270816827901487 1.0
bypass nozzle out 117.85879106397836 12.501248709420118 521.8861479738105 8.29354 470.47757979474983 0.04771464899900398 0.7367134298275222
2.205573793046871
HP power balance:  -2722.198092944833 = 2722.1967973874844  +  0.0  HP extraction
LP power balance:  -1039.7248487080014 + -664.6510816574414 = -1704.3759303654429 1704.382995894762
 
CASE #  234
--- 0.5 15000.0 ----------------------------------------------------
fan Nc = 0.9999998461842978      burner temperature = 3929.8136994456927    ambient Ps = 8.293539515998136
burner out 27.70716506349966 298.89111823686744 3929.8136994456927 0.0 0.0 0.20414628106743643 0.0
HPT 0.9221300779615773
LPT  0.9417743874076384
core nozzle out 32.46369997957255 55.178560918879526 2564.5737957293586 30.032419941608893 2239.963903836877 0.03601906875832672 1.0
bypass nozzle out 145.20758284061162 15.127379064305947 553.7478927643865 8.29354 474.4632332207977 0.047318058461800226 0.9114694919743842
2.2956190492784185
HP power balance:  -9150.223742609136 = 9150.16597731612  +  0.0  HP extraction
LP power balance:  -3892.5981636591832 + -1584.2747385755076 = -5476.872902234691 5476.849441227035
 
CASE #  235
--- 0.5 15000.0 ----------------------------------------------------
fan Nc = 0.9499972975155864      burner temperature = 3607.8286465136957    ambient Ps = 8.293539515998136
burner out 25.24975855004658 260.90960256658667 3607.8286465136957 0.0 0.0 0.1942153631097174 0.0
HPT 0.922227175567117
LPT  0.9366199991462273
core nozzle out 29.6049256650236 46.903959048702596 2321.624160151855 25.90181963679019 2018.875031359942 0.03447260368750058 1.0
bypass nozzle out 140.76269751175977 14.674471702987697 547.5157539236534 8.29354 473.34460903111756 0.047429366626583196 0.8825111933565499
2.2618400456573022
HP power balance:  -7524.595006254405 = 7524.21173818898  +  0.0  HP extraction
LP power balance:  -3377.9898326899015 + -1405.0681343524568 = -4783.0579670423585 4782.804605153831
 
CASE #  236
--- 0.5 15000.0 ----------------------------------------------------
fan Nc = 0.9000000087623193      burner temperature = 3363.2983496740485    ambient Ps = 8.293539515998136
burner out 22.554072055381983 225.07479609271107 3363.2983496740485 0.0 0.0 0.17976564147513718 0.0
HPT 0.9222128132243432
LPT  0.9316321423603316
core nozzle out 26.457708336358717 40.28887895286379 2152.7495481647256 22.188777554541186 1865.8191918481596 0.031956012388269395 1.0
bypass nozzle out 134.05052102997246 13.98782731783501 539.150888991184 8.29354 472.19654111142484 0.04754360457563358 0.8394230053337246
2.295244526191557
HP power balance:  -6249.211563084189 = 6249.213051254493  +  0.0  HP extraction
LP power balance:  -2732.2728605404436 + -1199.370368274622 = -3931.6432288150654 3931.633087939318
 
CASE #  237
--- 0.5 15000.0 ----------------------------------------------------
fan Nc = 0.8500010370436037      burner temperature = 3041.0737873798685    ambient Ps = 8.293539515998136
burner out 19.37401769469741 184.00599891558886 3041.0737873798685 0.0 0.0 0.16256617381948155 0.0
HPT 0.9220856162611668
LPT  0.9274619994678973
core nozzle out 22.742404728347477 32.125651756827 1920.5958928428627 17.88910775121327 1656.388904238413 0.029022273227766116 1.0
bypass nozzle out 126.4144824252355 13.260357128484367 530.7135974651952 8.29354 471.36565685540086 0.04762628131598866 0.7909206033111561
2.30749019416067
HP power balance:  -4844.618629176334 = 4844.684275311742  +  0.0  HP extraction
LP power balance:  -2116.743958570668 + -1015.4519450075835 = -3132.1959035782515 3132.2363842982
 
CASE #  238
--- 0.5 15000.0 ----------------------------------------------------
fan Nc = 0.8000000024581905      burner temperature = 2759.059261509867    ambient Ps = 8.293539515998136
burner out 16.850741657192806 152.60247239372845 2759.059261509867 0.0 0.0 0.14862063149043306 0.0
HPT 0.9220092296945551
LPT  0.9225552191471367
core nozzle out 19.791783045993085 26.06720632177476 1717.8748413761693 14.61403646557281 1473.9092751195903 0.026651386889579336 1.0
bypass nozzle out 120.14410471455466 12.69528951090546 523.8575890774047 8.29354 470.44606358967417 0.04771778500391095 0.7509744883314847
2.3054062609727004
HP power balance:  -3856.8982790033347 = 3856.899759413308  +  0.0  HP extraction
LP power balance:  -1663.374683415214 + -860.221522283421 = -2523.596205698635 2523.59529490897
 
CASE #  239
--- 0.5 15000.0 ----------------------------------------------------
fan Nc = 0.7499983544861097      burner temperature = 2569.2829522100797    ambient Ps = 8.293539515998136
burner out 14.773647090499358 129.1925180521255 2569.2829522100797 0.0 0.0 0.13512886262280557 0.0
HPT 0.9219679271567683
LPT  0.9157081948346665
core nozzle out 17.358215361312613 22.24336137855325 1604.233272155111 12.329565093032024 1371.9019355122218 0.02415918586738116 1.0
bypass nozzle out 113.52353741679084 12.1399396062853 517.8079689753474 8.29354 470.16680200359656 0.047745572794419544 0.7093869071220172
2.3619550654776384
HP power balance:  -3103.6735808369012 = 3103.6812907980643  +  0.0  HP extraction
LP power balance:  -1288.9776528051098 + -722.7077167584453 = -2011.685369563555 2011.7113322958508
 
CASE #  240
--- 0.5 15000.0 ----------------------------------------------------
fan Nc = 0.6999999325427034      burner temperature = 2352.8505390827218    ambient Ps = 8.293539515998136
burner out 13.012779643992799 108.98826016409144 2352.8505390827218 0.0 0.0 0.12448250621729494 0.0
HPT 0.9211395888850517
LPT  0.914457185426408
core nozzle out 15.295549713418412 19.419404295965272 1473.6506573792674 10.360455761309373 1255.364439621611 0.022182625792943066 1.0
bypass nozzle out 105.97151156113064 11.546162241809265 511.3128816952658 8.29354 469.84384926861395 0.047777708051795695 0.661974915081203
2.430024371250787
HP power balance:  -2511.716552043723 = 2511.7141630099904  +  0.0  HP extraction
LP power balance:  -928.6129673550469 + -605.3987608300538 = -1534.0117281851008 1534.0116606231456
 
CASE #  241
--- 0.4 15000.0 ----------------------------------------------------
fan Nc = 0.9999999048802429      burner temperature = 3766.0058882976423    ambient Ps = 8.293540029937116
burner out 26.116280400002047 275.67231336556796 3766.0058882976423 0.0 0.0 0.19654290984334957 0.0
HPT 0.9222279758143136
LPT  0.9424714193126016
core nozzle out 30.610067287095127 49.76023390348743 2436.044914157548 27.514308901614562 2122.9493617654266 0.034821529957205784 1.0
bypass nozzle out 137.14758448506544 14.334172961441956 545.3685398481462 8.29354 474.5883503212574 0.04730560874458186 0.8609833924785764
2.3699925295872553
HP power balance:  -8130.429099131804 = 8130.427605129017  +  0.0  HP extraction
LP power balance:  -3678.1929205399642 + -1481.9260977715537 = -5160.119018311518 5160.117809763327
 
CASE #  242
--- 0.4 15000.0 ----------------------------------------------------
fan Nc = 0.9499965898188483      burner temperature = 3547.1180484933934    ambient Ps = 8.293540029937116
burner out 23.910982605391723 244.95877177924845 3547.1180484933934 0.0 0.0 0.1854716210517597 0.0
HPT 0.922268622571017
LPT  0.9365679324377362
core nozzle out 28.038369333344697 43.95710236590195 2275.8749895162086 24.261559483702282 1977.4447683879525 0.032967131256834155 1.0
bypass nozzle out 132.4247890564908 13.850330431816849 538.97805692216 8.29354 473.32926908547563 0.047430893020534826 0.8302237912046105
2.3812115716874915
HP power balance:  -7001.1617503154475 = 7001.352420667099  +  0.0  HP extraction
LP power balance:  -3175.311931003679 + -1293.8459638951476 = -4469.157894898826 4469.22346339496
 
CASE #  243
--- 0.4 15000.0 ----------------------------------------------------
fan Nc = 0.9000010855311109      burner temperature = 3335.6830226122547    ambient Ps = 8.293540029937116
burner out 21.60012801160191 214.6178240694761 3335.6830226122547 0.0 0.0 0.17283597295856878 0.0
HPT 0.922267767627978
LPT  0.9317794885779083
core nozzle out 25.33956423386674 38.787432899399086 2135.6065270613876 21.15860457044282 1850.4095024273151 0.0307217394345018 1.0
bypass nozzle out 125.8142586978758 13.216461667522724 531.1002404177041 8.29354 472.12804736125673 0.04755042001347289 0.7877931125548431
2.4363793710792905
HP power balance:  -5937.779829224428 = 5937.943333063971  +  0.0  HP extraction
LP power balance:  -2591.564145496034 + -1101.2689891065675 = -3692.8331346026016 3692.9796744410914
 
CASE #  244
--- 0.4 15000.0 ----------------------------------------------------
fan Nc = 0.8500000491181258      burner temperature = 2997.2022659017557    ambient Ps = 8.293540029937116
burner out 18.463724883406574 174.08660919628818 2997.2022659017557 0.0 0.0 0.1560524801171664 0.0
HPT 0.9221040173533451
LPT  0.92490137433099
core nozzle out 21.675374165034636 29.84416917082881 1887.1569860694358 16.88092797191093 1626.3110201506445 0.02789724636362964 1.0
bypass nozzle out 118.01727545283734 12.525167963607071 523.2277113299851 8.29354 471.4701766072381 0.04761588112809007 0.7384622682439952
2.450294729442436
HP power balance:  -4545.688423411422 = 4545.7038168302615  +  0.0  HP extraction
LP power balance:  -2026.2887998577874 + -940.5707858913709 = -2966.859585749158 2966.9185503564845
 
CASE #  245
--- 0.4 15000.0 ----------------------------------------------------
fan Nc = 0.7999992793118286      burner temperature = 2750.2901885443002    ambient Ps = 8.293540029937116
burner out 16.162434234891336 146.09863092699356 2750.2901885443002 0.0 0.0 0.14273343480072184 0.0
HPT 0.9220626573417491
LPT  0.9209151914230908
core nozzle out 18.98322924880869 25.01587558284396 1713.0051725383664 13.995428113911501 1469.5821227649385 0.02559804104491724 1.0
bypass nozzle out 111.42912580118059 11.976786584972025 516.7797583135995 8.29354 470.76423668765256 0.04768612534202807 0.6967319726717831
2.480630716241613
HP power balance:  -3676.1076464930234 = 3676.1389897285244  +  0.0  HP extraction
LP power balance:  -1608.9712843611276 + -797.4689753900476 = -2406.4402597511753 2406.4511956846004
 
CASE #  246
--- 0.4 15000.0 ----------------------------------------------------
fan Nc = 0.7499955563086397      burner temperature = 2568.278292198332    ambient Ps = 8.293540029937116
burner out 14.483142277166534 126.61088407439921 2568.278292198332 0.0 0.0 0.13247973295761922 0.0
HPT 0.9220333120030574
LPT  0.9138688431213182
core nozzle out 17.01655489594384 21.83393537872358 1604.5259576716041 12.089897849143895 1372.2101917825498 0.023684208156336334 1.0
bypass nozzle out 105.18320307941218 11.489330823483856 511.1681311342026 8.29354 470.2455356926436 0.047737738436361435 0.6573210370520716
2.5490293091798844
HP power balance:  -3043.54385917937 = 3043.363438347009  +  0.0  HP extraction
LP power balance:  -1276.6336158705178 + -676.896266117914 = -1953.529881988432 1953.6264432320213
 
CASE #  247
--- 0.4 15000.0 ----------------------------------------------------
fan Nc = 0.6999999432873414      burner temperature = 2390.1168729939654    ambient Ps = 8.293540029937116
burner out 12.841090824536577 108.35090958451885 2390.1168729939654 0.0 0.0 0.12182879274122042 0.0
HPT 0.9221105573469868
LPT  0.9100866546170231
core nozzle out 15.092301547920398 19.38217659607436 1498.9370534723791 10.31785823066554 1277.861892118982 0.021707252871444323 1.0
bypass nozzle out 97.97636568752382 10.964950079502422 505.3093778854524 8.29354 469.8489663382743 0.04777719888022743 0.6120344463917993
2.6499878061755386
HP power balance:  -2526.383961919951 = 2526.3765793456196  +  0.0  HP extraction
LP power balance:  -957.8474046788325 + -558.6629646306883 = -1516.5103693095207 1516.5199820592893
 
CASE #  248
--- 0.3 15000.0 ----------------------------------------------------
fan Nc = 0.9999999563997096      burner temperature = 3708.847552493994    ambient Ps = 8.293539981827568
burner out 25.09974543593501 262.88334813681496 3708.847552493994 0.0 0.0 0.19032737727516344 0.0
HPT 0.9222686351101652
LPT  0.9425890574102156
core nozzle out 29.421840611503956 47.35925006630598 2391.4972937224934 26.175651154543523 2082.497993127667 0.033771179705598585 1.0
bypass nozzle out 131.08050412927614 13.740849205933836 539.1257602686102 8.29354 474.4900097581672 0.047315394075260635 0.8228082868607481
2.458070515227237
HP power balance:  -7675.848049427701 = 7675.848923195163  +  0.0  HP extraction
LP power balance:  -3535.810446993368 + -1392.3274035542815 = -4928.13785054765 4928.136779166805
 
CASE #  249
--- 0.3 15000.0 ----------------------------------------------------
fan Nc = 0.9499999996126343      burner temperature = 3523.886342150642    ambient Ps = 8.293539981827568
burner out 23.05201054783847 235.33341012328862 3523.886342150642 0.0 0.0 0.17936874533960837 0.0
HPT 0.9223123328343186
LPT  0.9356663866784637
core nozzle out 27.031956779039803 42.2340092922878 2261.2201700256082 23.30626549794412 1964.1983365469603 0.03188186399582526 1.0
bypass nozzle out 125.98714285526182 13.249543533223118 532.8327202045261 8.29354 473.3893106063092 0.04742491861773144 0.7899176032601679
2.494712361303224
HP power balance:  -6695.896092078243 = 6695.915277780825  +  0.0  HP extraction
LP power balance:  -3048.585690094221 + -1207.7370033932136 = -4256.322693487435 4256.31987347382
 
CASE #  250
--- 0.3 15000.0 ----------------------------------------------------
fan Nc = 0.9000000089459044      burner temperature = 3328.50686356841    ambient Ps = 8.293539981827568
burner out 20.933239426251568 207.74312212321232 3328.50686356841 0.0 0.0 0.1676621432961045 0.0
HPT 0.9223142471724254
LPT  0.931431982480458
core nozzle out 24.557263877472174 37.842340397598456 2131.5333243906666 20.484671295966187 1846.7558946538772 0.02980324140500354 1.0
bypass nozzle out 119.1900518425559 12.634315719546644 525.2716108899696 8.29354 472.3005489258009 0.04753325532782713 0.7464478111568343
2.568486427358693
HP power balance:  -5761.112421428141 = 5761.111642444368  +  0.0  HP extraction
LP power balance:  -2499.131476653076 + -1033.17764794723 = -3532.309124600306 3532.3300979304486
 
CASE #  251
--- 0.3 15000.0 ----------------------------------------------------
fan Nc = 0.8499994821558012      burner temperature = 2968.2606623804954    ambient Ps = 8.293539981827568
burner out 17.822698028675326 167.2172166671625 2968.2606623804954 0.0 0.0 0.15136540101827609 0.0
HPT 0.9221222536818281
LPT  0.9244373217354165
core nozzle out 20.92378693925449 28.658586499855257 1863.6450254764807 16.183488052749606 1605.2209403809843 0.027092217219924757 1.0
bypass nozzle out 111.52725623473448 11.991905118360933 517.8909891171852 8.29354 471.63043746627875 0.047599934447988816 0.6979703335392582
2.576391887260405
HP power balance:  -4344.340907226361 = 4344.307374415203  +  0.0  HP extraction
LP power balance:  -1975.2444144236686 + -886.7214162081801 = -2861.965830631849 2861.9701970981077
 
CASE #  252
--- 0.3 15000.0 ----------------------------------------------------
fan Nc = 0.800001231949324      burner temperature = 2749.7742514764536    ambient Ps = 8.293539981827568
burner out 15.712494791845264 141.98611749546464 2749.7742514764536 0.0 0.0 0.13874115333809844 0.0
HPT 0.9220932523838066
LPT  0.9192060864930657
core nozzle out 18.45439102909358 24.362295451974177 1714.8044129768166 13.612982431030481 1471.239103907161 0.02487060076102633 1.0
bypass nozzle out 104.62576514967955 11.453066106569896 511.7741566583476 8.29354 471.1353621166101 0.0476491966837864 0.6544402418398585
2.6412207830313226
HP power balance:  -3553.7405284178517 = 3553.6410925914947  +  0.0  HP extraction
LP power balance:  -1582.3560024750382 + -752.4152619195772 = -2334.771264394615 2334.6955331087133
 
CASE #  253
--- 0.3 15000.0 ----------------------------------------------------
fan Nc = 0.7499968954674205      burner temperature = 2584.3809427469946    ambient Ps = 8.293539981827568
burner out 14.220405784514849 124.6547229094955 2584.3809427469946 0.0 0.0 0.12961833413262094 0.0
HPT 0.9221052632274743
LPT  0.9115646286096937
core nozzle out 16.70706396183516 21.526301467415752 1616.2044762534356 11.91798385735639 1382.722339212066 0.02316914463230136 1.0
bypass nozzle out 98.34574971792465 10.99401506584226 506.44765062754357 8.29354 470.6089010497274 0.04770158194035872 0.6148242355142342
2.7337406995866904
HP power balance:  -3008.913523870886 = 3009.0335736099883  +  0.0  HP extraction
LP power balance:  -1272.720946868025 + -642.3054036758914 = -1915.0263505439166 1915.0755574558589
 
CASE #  254
--- 0.3 15000.0 ----------------------------------------------------
fan Nc = 0.7000000003631129      burner temperature = 2427.6559006304574    ambient Ps = 8.293539981827568
burner out 12.659664785397148 107.57933557260338 2427.6559006304574 0.0 0.0 0.11909314886528932 0.0
HPT 0.9222116960088357
LPT  0.9054267803433169
core nozzle out 14.877666855704067 19.310234199198845 1524.1107960017464 10.271379952684953 1300.4087921156654 0.021226719251608805 1.0
bypass nozzle out 91.51535484927611 10.529575808140066 501.31126313364626 8.29354 470.305427920583 0.04773177888887605 0.5719433222219577
2.8574004224567995
HP power balance:  -2533.7408864071754 = 2533.7361626792363  +  0.0  HP extraction
LP power balance:  -992.7087590688456 + -511.9326802366641 = -1504.6414393055097 1504.6370707110652
 
did not converge
CASE #  255
--- 0.6 10000.0 ----------------------------------------------------
fan Nc = 0.9664155940059357      burner temperature = 3960.5154897827697    ambient Ps = 10.106500250052347
burner out 28.072643157071326 330.5914446007877 3960.5154897827697 0.0 0.0 0.22401578850837642 0.0
HPT 0.9223982017191097
LPT  0.9367285373955936
core nozzle out 32.888459566827244 59.886209359834496 2583.5899444371435 33.00405085273667 2257.5266781678597 0.03927376790090456 1.0
bypass nozzle out 147.9554669860899 20.557567697262787 602.7620180714645 11.079286945435546 502.0725201189419 0.059591948898029976 1.0
2.0418882598334225
HP power balance:  -8667.304623645323 = 9371.532875763905  +  0.0  HP extraction
LP power balance:  -5167.917169655325 + -1496.2552142040536 = -6664.172383859379 5646.3033024816
 
did not converge
did not converge
CASE #  256
--- 0.5 10000.0 ----------------------------------------------------
fan Nc = 0.9980177833202748      burner temperature = 4656.211404775021    ambient Ps = 10.10650024189791
burner out 33.65172884929512 395.4225191627423 4656.211404775021 0.0 0.0 0.21940005296006088 0.0
HPT 0.9223787896623303
LPT  0.9221376660598205
core nozzle out 39.360329544182726 74.35183475099903 3139.054345178503 40.85950374625503 2767.9296247305138 0.03964613245356707 1.0
bypass nozzle out 181.83185143588494 18.96551465701395 589.4196501753631 10.1065 495.01029868511534 0.05517028393819972 0.9748541586669522
2.318759622783476
HP power balance:  -12514.634377208324 = 12612.755226494164  +  0.0  HP extraction
LP power balance:  -6109.762210660624 + -1816.0181642622024 = -7925.780374922826 7823.560268022338
 
CASE #  257
--- 0.4 10000.0 ----------------------------------------------------
fan Nc = 1.0000013615584633      burner temperature = 4494.179536295954    ambient Ps = 10.106500423313031
burner out 32.63154241415849 376.26394594194767 4494.179536295954 0.0 0.0 0.21957964341182878 0.0
HPT 0.9222445064702929
LPT  0.925077263959745
core nozzle out 38.183128979865 69.96484824738623 3001.890530791949 38.590721653188105 2641.202156403571 0.039243264453715676 1.0
bypass nozzle out 172.94669001844684 17.902865916729255 575.8801669910175 10.1065 493.7313132780203 0.055325368740883146 0.9103530165987549
2.4327274703907955
HP power balance:  -12124.413176365972 = 12123.680496385598  +  0.0  HP extraction
LP power balance:  -5489.9311521396185 + -1777.6117833410178 = -7267.5429354806365 7267.674533285697
 
CASE #  258
--- 0.4 10000.0 ----------------------------------------------------
fan Nc = 0.949994992333215      burner temperature = 4270.354030796666    ambient Ps = 10.106500423313031
burner out 30.70053487034042 345.28554738217366 4270.354030796666 0.0 0.0 0.21513568485162887 0.0
HPT 0.9222021710232648
LPT  0.9188540615361712
core nozzle out 35.94315170507082 63.59778967739896 2824.9774027936255 35.10932410526064 2478.3748640699464 0.038053717833094705 1.0
bypass nozzle out 167.17796728773584 17.407281178803704 568.164892387793 10.1065 491.9713462245542 0.05553877550979699 0.8781517463954055
2.4528925894313507
HP power balance:  -11117.015847103281 = 11116.493119818952  +  0.0  HP extraction
LP power balance:  -4756.834871852082 + -1635.517707924239 = -6392.352579776321 6392.522970132181
 
CASE #  259
--- 0.4 10000.0 ----------------------------------------------------
fan Nc = 0.9000002322324053      burner temperature = 3862.435083466552    ambient Ps = 10.106500423313031
burner out 28.152855692537646 301.049440137778 3862.435083466552 0.0 0.0 0.20923988772610644 0.0
HPT 0.9222926037374681
LPT  0.9193951162161704
core nozzle out 32.99066469156113 55.58209536446184 2523.5675760275817 30.24772346184147 2202.4722431639443 0.03689347836795789 1.0
bypass nozzle out 157.77134944721877 16.661882997245527 558.2508637760866 10.1065 490.72810210523613 0.05568952646274938 0.8275353400682642
2.4673026828209106
HP power balance:  -9187.742543852008 = 9187.471245949788  +  0.0  HP extraction
LP power balance:  -3833.5314342904835 + -1436.2552667917828 = -5269.7867010822665 5269.786196228349
 
CASE #  260
--- 0.4 10000.0 ----------------------------------------------------
fan Nc = 0.8500013423249111      burner temperature = 3371.1157262914935    ambient Ps = 10.106500423313031
burner out 24.50489178239434 244.82073243637748 3371.1157262914935 0.0 0.0 0.19508514834484106 0.0
HPT 0.9222798457253331
LPT  0.9191886749056261
core nozzle out 28.74608483129704 43.83483321363531 2159.70614036254 24.14761599688282 1872.0549596509627 0.034661998242941104 1.0
bypass nozzle out 147.03713893524483 15.86776005032632 548.9364407808572 10.1065 490.3583807776133 0.055734357434881004 0.7708984025290982
2.4569048181842095
HP power balance:  -6844.701920341993 = 6844.76073917849  +  0.0  HP extraction
LP power balance:  -2983.6909442104475 + -1246.7790333771018 = -4230.469977587549 4230.163712683054
 
CASE #  261
--- 0.4 10000.0 ----------------------------------------------------
fan Nc = 0.8000000225393913      burner temperature = 3129.7943155124935    ambient Ps = 10.106500423313031
burner out 21.93325687506628 211.24713341239377 3129.7943155124935 0.0 0.0 0.18133914768484563 0.0
HPT 0.9222801492231907
LPT  0.9154572754288595
core nozzle out 25.741996417920074 38.26374197140992 2000.2514622311685 20.71379473598581 1728.0016999237916 0.03221489449409212 1.0
bypass nozzle out 138.22056678431156 15.198381454309716 541.0025119730672 10.1065 489.4392858894172 0.05584580331111425 0.7239005429550108
2.523525538688261
HP power balance:  -5690.438621563189 = 5690.441045225355  +  0.0  HP extraction
LP power balance:  -2345.9620807455763 + -1057.9771486962682 = -3403.9392294418444 3403.9344247194376
 
CASE #  262
--- 0.4 10000.0 ----------------------------------------------------
fan Nc = 0.7499993516144411      burner temperature = 2804.203148425575    ambient Ps = 10.106500423313031
burner out 18.669834767120392 170.40265134730814 2804.203148425575 0.0 0.0 0.16327811860582492 0.0
HPT 0.922163126158836
LPT  0.9055379533422514
core nozzle out 21.92635871369059 29.131936603549327 1762.3860821694873 16.425876984580807 1513.8322375043501 0.029163168183764944 1.0
bypass nozzle out 129.92770113016172 14.614635982729475 534.5264295666036 10.1065 489.03948908474405 0.055894281118775105 0.6801525449394943
2.5281355396854566
HP power balance:  -4318.353378483037 = 4318.353837167612  +  0.0  HP extraction
LP power balance:  -1842.5553452106083 + -901.0711117252953 = -2743.6264569359037 2743.6310195126525
 
CASE #  263
--- 0.4 10000.0 ----------------------------------------------------
fan Nc = 0.6999986505345808      burner temperature = 2541.051139547214    ambient Ps = 10.106500423313031
burner out 15.841491890588237 137.7863154626441 2541.051139547214 0.0 0.0 0.145715859154042 0.0
HPT 0.9220760195782222
LPT  0.8992898264940431
core nozzle out 18.61420276092339 23.62160436672421 1586.3260367553057 13.14106708174519 1355.871123054237 0.0260490646101627 1.0
bypass nozzle out 120.63504344215724 14.0049967310826 527.6628301620027 10.1065 488.5310212542316 0.05595593595293385 0.6311323854566787
2.5909100934359524
HP power balance:  -3302.9661399205515 = 3303.03305389558  +  0.0  HP extraction
LP power balance:  -1367.7857982600854 + -753.4311204083567 = -2121.2169186684423 2121.3513433916232
 
CASE #  264
--- 0.0 5000.0 ----------------------------------------------------
fan Nc = 0.9999998218538186      burner temperature = 4604.155616902704    ambient Ps = 10.106500423313031
burner out 33.39343368057592 389.55341321023906 4604.155616902704 0.0 0.0 0.21975102733555424 0.0
HPT 0.9223428169214609
LPT  0.9229646473908474
core nozzle out 39.06358803349659 73.24377890645955 3095.710966621712 40.1728435696688 2727.8061621133456 0.03955448653244635 1.0
bypass nozzle out 180.22862212354408 18.356368966422583 579.572576532452 12.2277 513.7123018511204 0.06437174858095542 0.7995267729294933
2.757138987815005
HP power balance:  -12498.063096734128 = 12498.049944853112  +  0.0  HP extraction
LP power balance:  -5807.940571415562 + -1804.473270576832 = -7612.413841992394 7612.402929990264
 
CASE #  265
--- 0.0 5000.0 ----------------------------------------------------
fan Nc = 0.9499968832136817      burner temperature = 4391.34818235736    ambient Ps = 10.106500423313031
burner out 31.624330843754233 360.60154244251333 4391.34818235736 0.0 0.0 0.21698577756633827 0.0
HPT 0.9222355451175865
LPT  0.9158740709346003
core nozzle out 37.01395899282241 66.76548881122818 2921.873527017218 36.846509272708055 2567.449690164515 0.03854873948689365 1.0
bypass nozzle out 174.24681782708012 17.946802234570402 572.2189527342609 12.2277 511.21385897672343 0.06467164197214564 0.7712531415671358
2.7856881024384847
HP power balance:  -11675.89504603244 = 11674.888984762596  +  0.0  HP extraction
LP power balance:  -5075.038259948024 + -1673.1372416613035 = -6748.175501609327 6748.675866225406
 
CASE #  266
--- 0.0 5000.0 ----------------------------------------------------
fan Nc = 0.9000000002860451      burner temperature = 4018.1829327010464    ambient Ps = 10.106500423313031
burner out 29.2784463221807 319.3733572787868 4018.1829327010464 0.0 0.0 0.21317190018513774 0.0
HPT 0.922270330231059
LPT  0.9133615241207538
core nozzle out 34.29774900895535 58.678633767239226 2641.0514684324985 32.25548544128549 2309.74025301269 0.03751517905931535 1.0
bypass nozzle out 163.7347733198986 17.302192942239156 563.3150009563392 12.2277 509.7260440987741 0.0648502275438967 0.7237753182999511
2.830332357578342
HP power balance:  -9977.604275724278 = 9977.570669606925  +  0.0  HP extraction
LP power balance:  -4166.497028739777 + -1496.2202146469263 = -5662.717243386704 5662.664295237922
 
CASE #  267
--- 0.0 5000.0 ----------------------------------------------------
fan Nc = 0.8499999988565553      burner temperature = 3448.877435063276    ambient Ps = 10.106500423313031
burner out 25.8705572047723 261.4170744955279 3448.877435063276 0.0 0.0 0.20359104472691208 0.0
HPT 0.9223062491353344
LPT  0.9169748579917852
core nozzle out 30.343173750831678 46.90818012028929 2216.524790406879 25.864667367215862 1923.4619891740665 0.03613334609859367 1.0
bypass nozzle out 150.24827510270038 16.550533505701924 554.186508403202 12.2277 509.1394306556954 0.06492063999821591 0.6638164012540394
2.836170172039463
HP power balance:  -7403.4994686014925 = 7403.498923027649  +  0.0  HP extraction
LP power balance:  -3247.519076536461 + -1288.5107913105503 = -4536.029867847012 4536.030688048147
 
CASE #  268
--- 0.0 5000.0 ----------------------------------------------------
fan Nc = 0.7999999860444063      burner temperature = 3199.053905654995    ambient Ps = 10.106500423313031
burner out 23.00174654517831 223.9515039699802 3199.053905654995 0.0 0.0 0.18806533735764272 0.0
HPT 0.9222902462184519
LPT  0.9108344607273734
core nozzle out 26.992333989416377 40.04555914956149 2046.6111268104253 22.00211436411555 1769.8334314862498 0.03340854790961962 1.0
bypass nozzle out 137.82748582964507 15.895841716359106 547.1180822484331 12.2277 509.1932127648877 0.06491418441771163 0.6089688742232973
2.9743605415146117
HP power balance:  -6089.399960388405 = 6089.39875601348  +  0.0  HP extraction
LP power balance:  -2572.138504038579 + -1114.7689132512714 = -3686.9074172898504 3686.906225981085
 
CASE #  269
--- 0.0 5000.0 ----------------------------------------------------
fan Nc = 0.7499994507375805      burner temperature = 2900.5312344870285    ambient Ps = 10.106500423313031
burner out 19.95761828980921 185.2025762911694 2900.5312344870285 0.0 0.0 0.17155597524726648 0.0
HPT 0.9222097520997585
LPT  0.9031007629620301
core nozzle out 23.434359487411633 32.36084358067504 1834.2979784159709 17.956984502881816 1578.4969719910425 0.030575693871150982 1.0
bypass nozzle out 125.79830495060841 15.283866519119655 540.8270077460037 12.2277 509.22934186141003 0.06490984776571619 0.5558342704247771
3.0912794234885093
HP power balance:  -4785.363772720129 = 4785.2794345064885  +  0.0  HP extraction
LP power balance:  -2013.7327696484365 + -947.8728667797692 = -2961.605636428206 2961.627187979397
 
CASE #  270
--- 0.0 5000.0 ----------------------------------------------------
fan Nc = 0.6999999995583028      burner temperature = 2600.543272787584    ambient Ps = 10.106500423313031
burner out 17.119254989014536 150.61754068182265 2600.543272787584 0.0 0.0 0.1556307985512022 0.0
HPT 0.9221713635589586
LPT  0.8962155210200006
core nozzle out 20.113727638065605 25.704501941549072 1621.1240432406723 14.372010027638481 1386.9925272699247 0.027852801024504 1.0
bypass nozzle out 113.11619031412054 14.698627538898817 534.7626144725699 12.2277 509.21572678849617 0.06491148201176171 0.4997957479360119
3.2391415467779
HP power balance:  -3718.7517245812405 = 3718.758406329757  +  0.0  HP extraction
LP power balance:  -1526.1353646847635 + -798.8308844547257 = -2324.9662491394893 2324.963992716191
 
CASE #  271
--- 0.1 5000.0 ----------------------------------------------------
fan Nc = 1.0000000153991881      burner temperature = 4616.795024933321    ambient Ps = 12.227699771733665
burner out 33.53036386892609 391.66699278240367 4616.795024933321 0.0 0.0 0.22006379174003096 0.0
HPT 0.922354321307423
LPT  0.922735506235615
core nozzle out 39.222504400109216 73.62953847418291 3105.8956055262875 40.41121256346508 2737.2353684805544 0.039651148067881004 1.0
bypass nozzle out 181.6661539669092 18.452561349334836 580.8981286465839 12.2277 513.9314401709001 0.06434544494418551 0.806059240990076
2.738596688628677
HP power balance:  -12553.11912794319 = 12553.100768273718  +  0.0  HP extraction
LP power balance:  -5874.174879773204 + -1810.0154711846264 = -7684.190350957831 7684.218203687792
 
CASE #  272
--- 0.1 5000.0 ----------------------------------------------------
fan Nc = 0.9499984120371459      burner temperature = 4410.340578298217    ambient Ps = 12.227699771733665
burner out 31.769983983140175 362.9705895990095 4410.340578298217 0.0 0.0 0.21719504388203506 0.0
HPT 0.9222423523107038
LPT  0.9154144884763183
core nozzle out 37.18272106651835 67.27046553511478 2937.5152239961476 37.12165645125073 2581.8376819019545 0.038619948792966034 1.0
bypass nozzle out 175.75692000165708 18.04206373414311 573.4147040248012 12.2277 511.3237765815393 0.06465844832917805 0.7780186243412258
2.7683487877252912
HP power balance:  -11754.530044170173 = 11754.199221423974  +  0.0  HP extraction
LP power balance:  -5129.086132397196 + -1678.872647830564 = -6807.95878022776 6807.987870759825
 
CASE #  273
--- 0.1 5000.0 ----------------------------------------------------
fan Nc = 0.900000026572975      burner temperature = 4042.2906954493874    ambient Ps = 12.227699771733665
burner out 29.447147234441452 322.1916097508117 4042.2906954493874 0.0 0.0 0.21368609190923596 0.0
HPT 0.9222674497360906
LPT  0.9124846464275529
core nozzle out 34.49352709875697 59.162464806961694 2659.345051379385 32.56683893643201 2326.460135768596 0.03760639454735917 1.0
bypass nozzle out 165.46655147989193 17.403186769037838 564.4888490161406 12.2277 509.7566407374561 0.06484655496453641 0.7314506402024643
2.809949287352247
HP power balance:  -10098.880496988537 = 10098.854224511304  +  0.0  HP extraction
LP power balance:  -4218.454950906961 + -1505.1778153431178 = -5723.632766250079 5723.273090596203
 
CASE #  274
--- 0.1 5000.0 ----------------------------------------------------
fan Nc = 0.849999625202666      burner temperature = 3459.401206970288    ambient Ps = 12.227699771733665
burner out 26.050275776164586 263.6361743061116 3459.401206970288 0.0 0.0 0.20469834212190155 0.0
HPT 0.9223073670042651
LPT  0.9168364613145004
core nozzle out 30.553281594333228 47.321480675791534 2224.439873268344 26.09655610050957 1930.6304441566879 0.03632153107757692 1.0
bypass nozzle out 152.15444488594954 16.651239324554858 555.1787545065608 12.2277 509.0067309928181 0.06493656821987664 0.6721593814953
2.8061750370983343
HP power balance:  -7475.2339082789085 = 7475.150082838088  +  0.0  HP extraction
LP power balance:  -3284.906499036054 + -1294.0771371256133 = -4578.983636161667 4578.996943634721
 
CASE #  275
--- 0.1 5000.0 ----------------------------------------------------
fan Nc = 0.7999979496513129      burner temperature = 3208.5906413127295    ambient Ps = 12.227699771733665
burner out 23.17127838573646 225.93055983275966 3208.5906413127295 0.0 0.0 0.18916798769349405 0.0
HPT 0.9222902600302828
LPT  0.910596342573194
core nozzle out 27.190792919515307 40.38746208171917 2052.8981733974497 22.20111388713892 1775.5019401129132 0.03360328726446684 1.0
bypass nozzle out 139.83311932304574 16.001498542916686 548.0740692490114 12.2277 509.05681521094215 0.06493055650507129 0.6177587463831241
2.9367764511043934
HP power balance:  -6154.6709456115195 = 6154.656474951383  +  0.0  HP extraction
LP power balance:  -2603.734271357433 + -1124.9041933624972 = -3728.63846471993 3728.574634498742
 
CASE #  276
--- 0.1 5000.0 ----------------------------------------------------
fan Nc = 0.7499988055544812      burner temperature = 2925.5776484106063    ambient Ps = 12.227699771733665
burner out 20.250028766626368 188.70921306843178 2925.5776484106063 0.0 0.0 0.17331805746346063 0.0
HPT 0.9222243893131981
LPT  0.9029373598074952
core nozzle out 23.776509255065566 33.23323484346572 1853.3775649106224 18.32747593628172 1595.6728650054563 0.030865250111317667 1.0
bypass nozzle out 128.4147217707852 15.408439196521412 541.7818477824194 12.2277 508.8962266072616 0.06494983229537964 0.5672327535199159
3.0452655205560513
HP power balance:  -4900.306789363568 = 4900.195203288241  +  0.0  HP extraction
LP power balance:  -2050.968641207444 + -957.7315293268341 = -3008.700170534278 3008.782722693922
 
CASE #  277
--- 0.1 5000.0 ----------------------------------------------------
fan Nc = 0.7000000005379827      burner temperature = 2613.696009209652    ambient Ps = 12.227699771733665
burner out 17.298728697537193 152.5725363150039 2613.696009209652 0.0 0.0 0.15686753699635042 0.0
HPT 0.9221657000209664
LPT  0.8955294128219607
core nozzle out 20.324051866078165 26.036081358104642 1630.8441119872516 14.573405660160917 1395.7086939479675 0.028062393918818433 1.0
bypass nozzle out 115.93466509080153 14.81951599881639 535.6178820945678 12.2277 508.82113019628054 0.0649588462766822 0.5120720006972409
3.171888151559147
HP power balance:  -3769.711461724657 = 3769.705731958336  +  0.0  HP extraction
LP power balance:  -1553.9077708480013 + -807.1963108001797 = -2361.104081648181 2361.095740444544
 
CASE #  278
--- 0.2 5000.0 ----------------------------------------------------
fan Nc = 0.9999999853675668      burner temperature = 4655.752585984554    ambient Ps = 12.227707395082996
burner out 33.94369761989419 398.0995053384378 4655.752585984554 0.0 0.0 0.2209211861808486 0.0
HPT 0.9223924438857787
LPT  0.9220216847699729
core nozzle out 39.70202663779029 74.82344509251921 3137.8351858184983 41.14194681229618 2766.7945857546106 0.039936510423315696 1.0
bypass nozzle out 185.95471934586243 18.74490136393135 584.9004688968944 12.2277 514.5734669912854 0.0642683811047944 0.8255677952424453
2.6855863978115386
HP power balance:  -12713.980880729614 = 12714.017459425302  +  0.0  HP extraction
LP power balance:  -6076.299326748734 + -1828.0933805842592 = -7904.392707332992 7904.373347901495
 
CASE #  279
--- 0.2 5000.0 ----------------------------------------------------
fan Nc = 0.9499997121745413      burner temperature = 4470.769893138519    ambient Ps = 12.227707395082996
burner out 32.20884133804939 370.41538026667894 4470.769893138519 0.0 0.0 0.21769833021526133 0.0
HPT 0.9222705244640907
LPT  0.9138522792838957
core nozzle out 37.690757106714905 68.85679970003112 2987.9637963667155 37.990768235183204 2628.2945588722505 0.03882467659661427 1.0
bypass nozzle out 180.2560983159102 18.330910670676538 577.0303284390241 12.2277 511.6478428451366 0.06461954996902082 0.7981667962741735
2.7200677865901577
HP power balance:  -11989.545821415819 = 11989.751532340284  +  0.0  HP extraction
LP power balance:  -5293.834468555799 + -1695.2977467512908 = -6989.13221530709 6988.822594602078
 
CASE #  280
--- 0.2 5000.0 ----------------------------------------------------
fan Nc = 0.9000000098961782      burner temperature = 4099.823727289424    ambient Ps = 12.227707395082996
burner out 29.933605968858636 329.8149038350774 4099.823727289424 0.0 0.0 0.2154027389574167 0.0
HPT 0.9222643135335195
LPT  0.9106949657435608
core nozzle out 35.058918161839266 60.500702196526035 2701.572411800398 33.392289749445624 2365.105448374982 0.03792799084412938 1.0
bypass nozzle out 170.60689166371478 17.70941236273165 568.0524976053614 12.2277 509.85344043505927 0.06483493589176197 0.7542400225571774
2.745705382633531
HP power balance:  -10422.559907704679 = 10422.652452962977  +  0.0  HP extraction
LP power balance:  -4377.07890420011 + -1528.4631224369045 = -5905.542026637015 5905.529161655611
 
CASE #  281
--- 0.2 5000.0 ----------------------------------------------------
fan Nc = 0.8499996978464316      burner temperature = 3516.214210006002    ambient Ps = 12.227707395082996
burner out 26.595632250576525 271.3074480911321 3516.214210006002 0.0 0.0 0.20724279670854373 0.0
HPT 0.9223332813003077
LPT  0.9155627593592127
core nozzle out 31.189104095253402 48.79970705564691 2267.4515060373155 26.926194243320783 1969.5870452326478 0.036734088424254525 1.0
bypass nozzle out 157.76507195500872 16.95658402487014 558.4894814937699 12.2277 508.8810642450426 0.0649516522658384 0.6968685843219279
2.7322521318984325
HP power balance:  -7746.77029413417 = 7746.770444515821  +  0.0  HP extraction
LP power balance:  -3416.273220889478 + -1314.136263781858 = -4730.409484671336 4730.413780291769
 
CASE #  282
--- 0.2 5000.0 ----------------------------------------------------
fan Nc = 0.7999971484614584      burner temperature = 3237.77322301505    ambient Ps = 12.227707395082996
burner out 23.683491370845374 231.98121648615307 3237.77322301505 0.0 0.0 0.19248236071692354 0.0
HPT 0.9222915320356675
LPT  0.9099638772397951
core nozzle out 27.790329274412308 41.46640984869114 2072.382128951499 22.815130875235948 1793.1140353089504 0.03418965396524152 1.0
bypass nozzle out 145.85097043669793 16.318026313363227 550.9475979023618 12.2277 508.5777862396198 0.06498805536732681 0.6440729872925915
2.8310177652323505
HP power balance:  -6354.431447230545 = 6354.364283503809  +  0.0  HP extraction
LP power balance:  -2698.635637103231 + -1154.218440129233 = -3852.854077232464 3852.9751953825316
 
CASE #  283
--- 0.2 5000.0 ----------------------------------------------------
fan Nc = 0.7500007333050038      burner temperature = 2985.3492010094665    ambient Ps = 12.227707395082996
burner out 21.101041682205793 198.60582823603067 2985.3492010094665 0.0 0.0 0.17874851514102424 0.0
HPT 0.9222668651534693
LPT  0.9032200426553776
core nozzle out 24.772856947727885 35.692347276521765 1899.481723828725 19.36137800630116 1637.1303772408357 0.03178345720551259 1.0
bypass nozzle out 134.7050558987827 15.720761824108019 544.4741437811132 12.2277 508.3594230240558 0.06501426596669563 0.5947397182124895
2.940489800150179
HP power balance:  -5245.098605581123 = 5245.106891719094  +  0.0  HP extraction
LP power balance:  -2131.451591730178 + -982.8649324368638 = -3114.3165241670417 3114.1917978672004
 
CASE #  284
--- 0.2 5000.0 ----------------------------------------------------
fan Nc = 0.6999996652919909      burner temperature = 2642.6848478203583    ambient Ps = 12.227707395082996
burner out 17.723766792058147 157.17103471085633 2642.6848478203583 0.0 0.0 0.1598170449576152 0.0
HPT 0.9221503232632933
LPT  0.8944217098671432
core nozzle out 20.8222296495284 26.839578531000647 1653.0542288371844 15.04223364184926 1415.5573322358312 0.02856337497345579 1.0
bypass nozzle out 122.85844279080551 15.130138151478139 538.0660499293019 12.2277 508.0577796364497 0.06505047286154454 0.5422913742080887
3.0169601944574698
HP power balance:  -3889.4562386149823 = 3889.3938713305934  +  0.0  HP extraction
LP power balance:  -1610.9411171867696 + -828.9556574712547 = -2439.8967746580242 2439.8927385778265
 
CASE #  285
--- 0.25 5000.0 ----------------------------------------------------
fan Nc = 0.9999925575886169      burner temperature = 4685.721970241338    ambient Ps = 12.227700938923018
burner out 34.25113617056523 402.9557198417652 4685.721970241338 0.0 0.0 0.22146763314673618 0.0
HPT 0.922279181400617
LPT  0.9214412449156588
core nozzle out 40.05843264781615 75.73865402034433 3163.401046526301 41.70403196314401 2790.475738613626 0.04013712313726184 1.0
bypass nozzle out 189.1430977955282 18.968285779151767 587.9319670079043 12.2277 515.0395257496771 0.06421243908467447 0.8401443781533742
2.6482657094699418
HP power balance:  -12815.67179007152 = 12815.916787813287  +  0.0  HP extraction
LP power balance:  -6231.391097743932 + -1842.9637947004169 = -8074.3548924443485 8073.882149937607
 
CASE #  286
--- 0.25 5000.0 ----------------------------------------------------
fan Nc = 0.9500002693681171      burner temperature = 4507.933057281007    ambient Ps = 12.227700938923018
burner out 32.53056403278106 375.64975606251676 4507.933057281007 0.0 0.0 0.21830649277799527 0.0
HPT 0.922293947905552
LPT  0.9130005568255117
core nozzle out 38.0637234650726 69.95313287197845 3018.953855258331 38.594954861320204 2656.8803647920995 0.039015315589968576 1.0
bypass nozzle out 183.60252058464965 18.55081054477501 579.773493312126 12.2277 511.8859314897345 0.06459097168461654 0.8131564902807927
2.6827597986343314
HP power balance:  -12142.44346619119 = 12143.045797307854  +  0.0  HP extraction
LP power balance:  -5420.2926243777765 + -1706.2405762361632 = -7126.53320061394 7126.925153516972
 
CASE #  287
--- 0.25 5000.0 ----------------------------------------------------
fan Nc = 0.9000068418411908      burner temperature = 4148.4864003579005    ambient Ps = 12.227700938923018
burner out 30.310470531848146 335.94531658194984 4148.4864003579005 0.0 0.0 0.2165290586750534 0.0
HPT 0.9222597712304621
LPT  0.9093705166788268
core nozzle out 35.496492500174796 61.70851182127757 2737.8624138547348 34.06543695705601 2398.3799835464515 0.038152114520232275 1.0
bypass nozzle out 174.39914663339252 17.941520496651933 570.7570459793112 12.2277 509.9299509293193 0.06482575217504769 0.7710590081259313
2.7030814547271573
HP power balance:  -10688.079263930202 = 10688.921256768015  +  0.0  HP extraction
LP power balance:  -4498.555426843242 + -1547.1164111167875 = -6045.671837960029 6045.570799652512
 
CASE #  288
--- 0.25 5000.0 ----------------------------------------------------
fan Nc = 0.8499999990620762      burner temperature = 3567.614775693505    ambient Ps = 12.227700938923018
burner out 27.132208636166702 278.78057389614924 3567.614775693505 0.0 0.0 0.2098725733133511 0.0
HPT 0.9223551594871283
LPT  0.9145863236850773
core nozzle out 31.81503525915577 50.24526571302037 2305.015899472294 27.72361127224698 2003.6413293297255 0.037174442916056503 1.0
bypass nozzle out 161.82884249040802 17.184834698442394 561.0092788851875 12.2277 508.8282997230063 0.06495798570320059 0.7147873153002804
2.6852028287658705
HP power balance:  -8055.3906723140735 = 8055.375678880653  +  0.0  HP extraction
LP power balance:  -3517.9934826188696 + -1333.2674858594678 = -4851.260968478337 4851.320282757655
 
CASE #  289
--- 0.25 5000.0 ----------------------------------------------------
fan Nc = 0.8000009984987613      burner temperature = 3257.0323390834565    ambient Ps = 12.227700938923018
burner out 24.055105801518767 236.30495738988188 3257.0323390834565 0.0 0.0 0.19490528272722574 0.0
HPT 0.9222917015768026
LPT  0.9096808041476785
core nozzle out 28.22536103301967 42.2474276392215 2085.1082896465214 23.251094660634532 1804.5988580107667 0.03461995525287482 1.0
bypass nozzle out 150.4349329097867 16.55387698008122 553.0847206507118 12.2277 508.0960701423727 0.06504587677099978 0.6640350641050495
2.7553461847974465
HP power balance:  -6496.3620997650205 = 6496.497514703622  +  0.0  HP extraction
LP power balance:  -2769.446150388605 + -1174.6012790484297 = -3944.0474294370347 3943.9820910293206
 
CASE #  290
--- 0.25 5000.0 ----------------------------------------------------
fan Nc = 0.7500000015601905      burner temperature = 3039.9608311238167    ambient Ps = 12.227700938923018
burner out 21.673580648105396 205.8024319223113 3039.9608311238167 0.0 0.0 0.1818909512283956 0.0
HPT 0.9222861520763348
LPT  0.9023160929012064
core nozzle out 25.44215065495646 37.49829040702981 1944.3537766775196 20.146203450836204 1677.5205518992682 0.03227631654396107 1.0
bypass nozzle out 138.95586911187274 15.941193807550158 546.4995786957242 12.2277 508.1058145309455 0.0650447071313958 0.6133696292196457
2.8840991709655968
HP power balance:  -5481.851564123051 = 5481.852046757995  +  0.0  HP extraction
LP power balance:  -2183.8079478182412 + -1001.2711908740526 = -3185.079138692294 3185.092730355218
 
CASE #  291
--- 0.25 5000.0 ----------------------------------------------------
fan Nc = 0.6999989419502572      burner temperature = 2659.7583288652527    ambient Ps = 12.227700938923018
burner out 18.00159815549968 160.13925667138304 2659.7583288652527 0.0 0.0 0.16179062193559607 0.0
HPT 0.9221398562806086
LPT  0.8938624904273305
core nozzle out 21.147943975459967 27.3390298058035 1665.70997091991 15.342185060561965 1426.9126102706018 0.028902199075468517 1.0
bypass nozzle out 127.57991629338058 15.352863136128674 539.9655295827447 12.2277 507.6545085719418 0.06509887834175124 0.5629346769359117
2.918223323521917
HP power balance:  -3966.871496415972 = 3966.910253760977  +  0.0  HP extraction
LP power balance:  -1649.2805080063854 + -844.4979051773128 = -2493.778413183698 2493.7603033228347
 
CASE #  292
--- 0.3 5000.0 ----------------------------------------------------
fan Nc = 1.0000000005374787      burner temperature = 4746.551179805047    ambient Ps = 12.227699852769412
burner out 34.65997332166188 410.3461087850245 4746.551179805047 0.0 0.0 0.2210646005584058 0.0
HPT 0.9218232623208347
LPT  0.920087638510554
core nozzle out 40.53008959194025 77.19131502491008 3217.3462104605146 42.59793025503718 2840.4623222393793 0.04027472199517578 1.0
bypass nozzle out 192.95756554699062 19.23823377472409 591.5284781215053 12.2277 515.5414878610333 0.0641521875090366 0.8574124641486981
2.6151784150081925
HP power balance:  -13022.918969522252 = 13022.91961628155  +  0.0  HP extraction
LP power balance:  -6413.165650653795 + -1863.7572615945542 = -8276.922912248348 8276.928733101275
 
CASE #  293
--- 0.3 5000.0 ----------------------------------------------------
fan Nc = 0.9499986573751767      burner temperature = 4558.971998412287    ambient Ps = 12.227699852769412
burner out 32.929562282025685 382.3279871787438 4558.971998412287 0.0 0.0 0.21873563379286515 0.0
HPT 0.9223306140415413
LPT  0.9120650684651666
core nozzle out 38.525641439019225 71.58438012855056 3062.5165221395837 39.37982098380791 2697.074103747719 0.039213766839048876 1.0
bypass nozzle out 187.65475201319 18.82291476050504 583.15847638995 12.2277 512.1719262596237 0.06455664312650396 0.8313143176411968
2.6418029793653734
HP power balance:  -12332.113415580274 = 12332.010945840648  +  0.0  HP extraction
LP power balance:  -5578.0695877090975 + -1719.3705424233492 = -7297.440130132447 7296.887112804759
 
CASE #  294
--- 0.3 5000.0 ----------------------------------------------------
fan Nc = 0.9000001096722736      burner temperature = 4212.051597904099    ambient Ps = 12.227699852769412
burner out 30.783056535825633 343.80497637523837 4212.051597904099 0.0 0.0 0.2177468050981309 0.0
HPT 0.922247014103517
LPT  0.9076537374470081
core nozzle out 36.04483426870748 63.293394633347894 2786.0346877297357 34.932018734853145 2442.5326353009386 0.038416174731698186 1.0
bypass nozzle out 178.95946736189492 18.227524995629494 574.0924097493738 12.2277 510.02679961359945 0.06481412722229862 0.7912848645500545
2.6561592303113697
HP power balance:  -11025.06998542062 = 11025.03770686075  +  0.0  HP extraction
LP power balance:  -4649.518729636227 + -1571.280192672555 = -6220.7989223087825 6220.82590550271
 
CASE #  295
--- 0.3 5000.0 ----------------------------------------------------
fan Nc = 0.8499997282920579      burner temperature = 3664.6967264132822    ambient Ps = 12.227699852769412
burner out 27.891209722404692 290.44877646563634 3664.6967264132822 0.0 0.0 0.21283859431060254 0.0
HPT 0.9223657783884078
LPT  0.9129625456975531
core nozzle out 32.698440759602796 53.01719710441755 2378.783899957525 28.995834006701187 2070.5760086578584 0.0376261581560841 1.0
bypass nozzle out 166.6658242639857 17.463935218624833 564.095590801524 12.2277 508.7684976894272 0.0649651638679823 0.7361098626339505
2.6477263573645287
HP power balance:  -8579.32945867111 = 8579.322983831167  +  0.0  HP extraction
LP power balance:  -3643.3429641105167 + -1358.2598493691178 = -5001.602813479634 5001.546828711479
 
CASE #  296
--- 0.3 5000.0 ----------------------------------------------------
fan Nc = 0.7999999324700006      burner temperature = 3277.9419552456325    ambient Ps = 12.227699852769412
burner out 24.466350128289868 241.11251001071741 3277.9419552456325 0.0 0.0 0.19760537124541142 0.0
HPT 0.9222921829699677
LPT  0.9095557535370989
core nozzle out 28.70675363778585 43.136579873708854 2099.2403886447714 23.735249289001313 1817.3163120215745 0.03509709945872562 1.0
bypass nozzle out 155.10302836862866 16.80407036292805 555.8764721241787 12.2277 508.06544028267336 0.06504955333794916 0.6846222221194498
2.681313217170602
HP power balance:  -6655.580587956458 = 6655.730987252873  +  0.0  HP extraction
LP power balance:  -2851.359227754084 + -1189.017237043312 = -4040.376464797396 4040.346952737329
 
CASE #  297
--- 0.3 5000.0 ----------------------------------------------------
fan Nc = 0.7500000036437936      burner temperature = 3060.1723477781566    ambient Ps = 12.227699852769412
burner out 22.022726937750473 209.81206192337893 3060.1723477781566 0.0 0.0 0.18420818649120976 0.0
HPT 0.9222753484059609
LPT  0.901385329189758
core nozzle out 25.851019917518723 38.05579616668607 1958.168323399942 20.553411726701935 1689.9779707235373 0.03268326742596097 1.0
bypass nozzle out 143.9988385406506 16.21297515777016 549.1286445790862 12.2277 507.92493657214914 0.0650664182959819 0.6355306462482219
2.7935501806636664
HP power balance:  -5596.365275793511 = 5596.366323141049  +  0.0  HP extraction
LP power balance:  -2248.4008617161417 + -1025.1066609877219 = -3273.5075227038633 3273.5041175952465
 
CASE #  298
--- 0.3 5000.0 ----------------------------------------------------
fan Nc = 0.7000000008861474      burner temperature = 2676.3647490319518    ambient Ps = 12.227699852769412
burner out 18.24112403942575 162.77471878452977 2676.3647490319518 0.0 0.0 0.16343725927292055 0.0
HPT 0.9221250556717395
LPT  0.8935175591310067
core nozzle out 21.42868031799277 27.789057628884425 1678.1867998574005 15.613148858680727 1438.1072186239326 0.0291811590795039 1.0
bypass nozzle out 132.23407905910113 15.584619930348506 542.3282340629096 12.2277 507.621082572963 0.06510289053522197 0.583453542383153
2.8258709163231264
HP power balance:  -4034.0131937508445 = 4034.011318257535  +  0.0  HP extraction
LP power balance:  -1683.0875526512305 + -860.798378898289 = -2543.8859315495192 2543.850989338588
 
CASE #  299
--- 0.4 5000.0 ----------------------------------------------------
fan Nc = 1.0000000101148638      burner temperature = 4861.4809372245245    ambient Ps = 12.227700240164074
burner out 35.70314855682498 427.70527440541684 4861.4809372245245 0.0 0.0 0.22138563808392853 0.0
HPT 0.9207228051933519
LPT  0.9176462188770429
core nozzle out 41.73522359197838 80.84899835098749 3338.11258870122 44.78646142558806 2952.665207127949 0.040730603175931586 1.0
bypass nozzle out 202.4493654601068 19.92532548951518 599.8345500075648 12.2277 516.0426611507834 0.06409203061732724 0.9000013723090826
2.5355561836826204
HP power balance:  -13461.296694437513 = 13461.254034866266  +  0.0  HP extraction
LP power balance:  -6811.110481594673 + -1913.621771375548 = -8724.732252970221 8724.773713478242
 
CASE #  300
--- 0.4 5000.0 ----------------------------------------------------
fan Nc = 0.9499968771410927      burner temperature = 4679.544214151552    ambient Ps = 12.227700240164074
burner out 33.88190089565291 398.33674712145853 4679.544214151552 0.0 0.0 0.21936590720105045 0.0
HPT 0.9224282697534972
LPT  0.9091517040388953
core nozzle out 39.62747549245351 74.99780800860995 3164.8559450551406 41.25996967477649 2791.7133432805194 0.039692062737102865 1.0
bypass nozzle out 197.3565981146769 19.515081286824852 592.6181428095158 12.2277 513.6768575891072 0.0643760030308139 0.8754789256976516
2.545340072888111
HP power balance:  -12737.845346116774 = 12737.611170061877  +  0.0  HP extraction
LP power balance:  -6038.28871791163 + -1749.6687702745548 = -7787.9574881861845 7788.282670943982
 
CASE #  301
--- 0.4 5000.0 ----------------------------------------------------
fan Nc = 0.8999996753149888      burner temperature = 4375.847127592937    ambient Ps = 12.227700240164074
burner out 31.86317092453953 362.6520859642822 4375.847127592937 0.0 0.0 0.21921447391461527 0.0
HPT 0.9222550713492709
LPT  0.9031115124734616
core nozzle out 37.295269899273066 67.21732123492548 2916.6454602797335 37.08588886815453 2562.500857364955 0.03887380656207172 1.0
bypass nozzle out 189.4565541339382 18.92466874671198 582.9247590581972 12.2277 510.9059024851212 0.0647086066422416 0.8383497475583029
2.5613308176415197
HP power balance:  -11737.684527733769 = 11737.316001173596  +  0.0  HP extraction
LP power balance:  -5040.885723122898 + -1617.6940552140595 = -6658.579778336957 6658.745791217894
 
CASE #  302
--- 0.4 5000.0 ----------------------------------------------------
fan Nc = 0.8500000049043179      burner temperature = 3892.782360027172    ambient Ps = 12.227700240164074
burner out 29.05736755594687 311.95198816724826 3892.782360027172 0.0 0.0 0.21511284957951196 0.0
HPT 0.9223195117780786
LPT  0.9050086433358031
core nozzle out 34.048929880459646 57.41859299230516 2552.351549043763 31.409735188757175 2228.5502807663943 0.037866007109607545 1.0
bypass nozzle out 176.63073583485777 18.08156491797162 572.4871716628509 12.2277 510.06612950570724 0.06480940637202816 0.7810148917041635
2.5789778971925132
HP power balance:  -9582.707680659858 = 9582.680188489516  +  0.0  HP extraction
LP power balance:  -3946.148190042803 + -1431.272739618815 = -5377.420929661618 5377.360923014213
 
CASE #  303
--- 0.4 5000.0 ----------------------------------------------------
fan Nc = 0.8000009248732632      burner temperature = 3337.635992056814    ambient Ps = 12.227700240164074
burner out 25.45144808063681 253.07841728233285 3337.635992056814 0.0 0.0 0.20369180798061615 0.0
HPT 0.922298351186317
LPT  0.9087709656416022
core nozzle out 29.859139457519788 45.306511462888864 2140.0814940116134 24.95705171495572 1854.2252341976332 0.03616445270709216 1.0
bypass nozzle out 165.2391562558583 17.38287977761925 563.445068573993 12.2277 509.01091333866634 0.06493606620404414 0.729965406185738
2.536033155156215
HP power balance:  -7070.190984919401 = 7070.332377854074  +  0.0  HP extraction
LP power balance:  -3062.482055531399 + -1216.1663570279463 = -4278.648412559345 4278.624668945092
 
CASE #  304
--- 0.4 5000.0 ----------------------------------------------------
fan Nc = 0.7500012248240834      burner temperature = 3090.2918026604953    ambient Ps = 12.227700240164074
burner out 22.657542951570655 216.92651111283243 3090.2918026604953 0.0 0.0 0.1885955783455581 0.0
HPT 0.9222444765282808
LPT  0.900777825374655
core nozzle out 26.59482397712904 39.036791252268685 1978.078811531887 21.26445889199551 1707.925593429939 0.03345735287522448 1.0
bypass nozzle out 154.38604302002364 16.766330995888666 555.634203125097 12.2277 508.23380659930564 0.06502934397227805 0.6815602208155904
2.616816681989867
HP power balance:  -5798.949877199997 = 5799.18158890619  +  0.0  HP extraction
LP power balance:  -2364.15535386876 + -1070.831176064063 = -3434.986529932823 3434.985375900838
 
CASE #  305
--- 0.4 5000.0 ----------------------------------------------------
fan Nc = 0.7000005180699275      burner temperature = 2719.783948821416    ambient Ps = 12.227700240164074
burner out 18.97711174305631 170.69476004948388 2719.783948821416 0.0 0.0 0.16865012007194546 0.0
HPT 0.9221147960687389
LPT  0.8929656692389849
core nozzle out 22.29160461078659 29.150630303663682 1711.1518461034352 16.41867582550771 1467.6390506266378 0.030070095583251733 1.0
bypass nozzle out 142.87425706380358 16.15058526980616 548.4563159940843 12.2277 507.89765622660616 0.06506969281365112 0.630553113020933
2.6387437709396964
HP power balance:  -4263.300808701769 = 4263.463547242937  +  0.0  HP extraction
LP power balance:  -1758.1273702685928 + -904.1715469618557 = -2662.2989172304488 2662.415764910376
 
CASE #  306
--- 0.5 5000.0 ----------------------------------------------------
fan Nc = 1.0000000202753405      burner temperature = 4877.68363533452    ambient Ps = 12.227656379121537
burner out 37.586177034982995 451.0621483145314 4877.68363533452 0.0 0.0 0.23216710293429785 0.0
HPT 0.9210449722386383
LPT  0.9197388107321935
core nozzle out 43.93558507585328 85.54345746612609 3353.467796618838 47.263630778628915 2966.775625194208 0.04278088252334372 1.0
bypass nozzle out 213.5766490884636 21.091947666912464 607.7398638133874 12.2277 514.9098774430925 0.06422800104557506 0.9484881977473848
2.4139818469309975
HP power balance:  -14237.023479324658 = 14236.96954452093  +  0.0  HP extraction
LP power balance:  -7087.52093558502 + -2083.0508367850503 = -9170.57177237007 9170.504740678272
 
CASE #  307
--- 0.5 5000.0 ----------------------------------------------------
fan Nc = 0.9499980351514468      burner temperature = 4727.963788279512    ambient Ps = 12.227656379121537
burner out 35.31867042948014 417.33294406714657 4727.963788279512 0.0 0.0 0.2262473745522775 0.0
HPT 0.9222645133818312
LPT  0.9096597689389894
core nozzle out 41.30336091480569 78.40307076744844 3204.843207311348 43.30933900785998 2828.673799912132 0.04111965236822187 1.0
bypass nozzle out 208.8543061436247 20.503992192545436 601.9986556502444 12.2277 513.6260013934776 0.06438210740771466 0.9264456035107933
2.420220985508217
HP power balance:  -13304.660277806694 = 13304.569256437797  +  0.0  HP extraction
LP power balance:  -6404.1126508084435 + -1848.2610803709179 = -8252.373731179361 8252.422117030263
 
CASE #  308
--- 0.5 5000.0 ----------------------------------------------------
fan Nc = 0.8999999999815279      burner temperature = 4573.632775491636    ambient Ps = 12.227656379121537
burner out 33.065092542848916 384.47883155857505 4573.632775491636 0.0 0.0 0.2189708381868767 0.0
HPT 0.9223520399538531
LPT  0.8983223485238295
core nozzle out 38.68315391807282 72.22356933194413 3082.3512241203384 39.678652139371486 2715.2361827705727 0.039248888869446254 1.0
bypass nozzle out 201.37177806306164 19.78622351182637 594.7537885487503 12.2277 512.8289101950626 0.06447778395290614 0.892606696222302
2.4666601550510565
HP power balance:  -12404.306406156295 = 12404.350899471065  +  0.0  HP extraction
LP power balance:  -5561.702203927752 + -1653.798718647014 = -7215.500922574765 7215.5443366261015
 
CASE #  309
--- 0.5 5000.0 ----------------------------------------------------
fan Nc = 0.8499948537615791      burner temperature = 4068.9781904894753    ambient Ps = 12.227656379121537
burner out 30.271937489425007 332.27726081111155 4068.9781904894753 0.0 0.0 0.2188179868331258 0.0
HPT 0.9222849564462312
LPT  0.8992170274005721
core nozzle out 35.45845111178314 60.97836007220336 2684.4496924001724 33.65149850846361 2349.2955301533502 0.038476804571338084 1.0
bypass nozzle out 188.50897637378563 18.87712319864881 583.54090234304 12.2277 511.96161356805976 0.06458188740442192 0.8349490978713046
2.467689007541061
HP power balance:  -10468.862083874257 = 10469.3251789031  +  0.0  HP extraction
LP power balance:  -4347.228183102103 + -1494.320375373827 = -5841.54855847593 5841.513739158062
 
CASE #  310
--- 0.5 5000.0 ----------------------------------------------------
fan Nc = 0.7999997289181238      burner temperature = 3452.633316704851    ambient Ps = 12.227656379121537
burner out 26.641229517769364 269.3710570341074 3452.633316704851 0.0 0.0 0.20955898589822566 0.0
HPT 0.9223235358068279
LPT  0.9056978769518255
core nozzle out 31.247486575767308 48.419757305293736 2226.7121583317003 26.70177201803355 1932.5427534142996 0.0371270351739191 1.0
bypass nozzle out 177.45458801413653 18.136438546107538 573.3996345478915 12.2277 510.3342390778947 0.06477722461208567 0.7848441266012406
2.401438196917053
HP power balance:  -7631.54710997372 = 7631.507085307241  +  0.0  HP extraction
LP power balance:  -3341.020681582593 + -1252.6237362060558 = -4593.644417788649 4593.655925525225
 
CASE #  311
--- 0.5 5000.0 ----------------------------------------------------
fan Nc = 0.7499988362655917      burner temperature = 3137.8025761324125    ambient Ps = 12.227656379121537
burner out 23.532302340370624 227.04437414119585 3137.8025761324125 0.0 0.0 0.1944002720127167 0.0
HPT 0.9222321690425029
LPT  0.899991360699584
core nozzle out 27.619267264261506 40.55192526697346 2008.6896697417217 22.27572069735156 1735.4907508940573 0.03449348900051963 1.0
bypass nozzle out 166.46255900109406 17.459300539648673 564.867984099773 12.2277 509.52361573091633 0.0648745254497372 0.7357002170280008
2.439186691037561
HP power balance:  -6118.886989843922 = 6118.879214092057  +  0.0  HP extraction
LP power balance:  -2548.896329380168 + -1106.9693250498517 = -3655.8656544300197 3655.927929482849
 
CASE #  312
--- 0.5 5000.0 ----------------------------------------------------
fan Nc = 0.7000017680713794      burner temperature = 2748.230891854801    ambient Ps = 12.227656379121537
burner out 19.630246925948256 177.5208816170446 2748.230891854801 0.0 0.0 0.17356577756200356 0.0
HPT 0.9220849283538056
LPT  0.894312927200296
core nozzle out 23.057918375436472 30.378427831519232 1731.9652282900718 17.100247875239763 1486.2977296226022 0.03092399507117818 1.0
bypass nozzle out 154.8104244665169 16.791845087892714 556.300316398374 12.2277 508.5799073320589 0.0649878007681078 0.683640133307725
2.446475781337677
HP power balance:  -4458.799414032709 = 4458.982837018823  +  0.0  HP extraction
LP power balance:  -1821.8597707425608 + -952.7894366287169 = -2774.649207371278 2774.5953755632813
 
did not converge
CASE #  313
--- 0.5 2000.0 ----------------------------------------------------
fan Nc = 0.9983731140666534      burner temperature = 4859.026821964395    ambient Ps = 13.66439611956436
burner out 40.33939533630517 488.4101047885341 4859.026821964395 0.0 0.0 0.2533103902301323 0.0
HPT 0.9212077748751589
LPT  0.9232712846305999
core nozzle out 47.15976927601266 92.53644140368442 3321.0985887537854 50.973080613018915 2936.4413886379057 0.04661606022298311 1.0
bypass nozzle out 229.91231536309311 23.130824783718932 617.089782511277 13.6644 525.2946287182874 0.07038154128655422 0.9342254143303591
2.4153005447327884
HP power balance:  -15278.245644280087 = 15269.648123649005  +  0.0  HP extraction
LP power balance:  -7457.2074545626865 + -2292.5681244919488 = -9749.775579054636 9786.246627250563
 
CASE #  314
--- 0.4 2000.0 ----------------------------------------------------
fan Nc = 0.9999999707752684      burner temperature = 4869.648602921005    ambient Ps = 13.664400753956075
burner out 39.07484319757995 468.53598582310923 4869.648602921005 0.0 0.0 0.2419968532272366 0.0
HPT 0.9211034507764393
LPT  0.9209449038708518
core nozzle out 45.67828925839869 88.85485438731207 3338.3243869903267 49.01480217134872 2952.601102127079 0.044577284863199645 1.0
bypass nozzle out 221.74444792160978 21.952025994230773 608.8388929160772 13.6644 525.4747236002155 0.07035738419563645 0.8899950948429283
2.5413209188175534
HP power balance:  -14801.886016775657 = 14801.885185962508  +  0.0  HP extraction
LP power balance:  -7281.707924883928 + -2179.6412569491736 = -9461.349181833102 9461.34342291051
 
CASE #  315
--- 0.4 2000.0 ----------------------------------------------------
fan Nc = 0.9499995214521225      burner temperature = 4698.791767514442    ambient Ps = 13.664400753956075
burner out 36.827390291712256 433.9387336339247 4698.791767514442 0.0 0.0 0.23752723728944963 0.0
HPT 0.9223993386242719
LPT  0.9115898217759751
core nozzle out 43.071866416834204 81.26770286809749 3176.4041821542573 44.94084341765534 2802.286561182036 0.043068490261451334 1.0
bypass nozzle out 216.63571180935614 21.400792885406535 603.025156275832 13.6644 523.9067881529824 0.07056769977343907 0.8681786534030036
2.5464075889387807
HP power balance:  -13908.121918597737 = 13907.406295255145  +  0.0  HP extraction
LP power balance:  -6565.915607474663 + -1970.139281245032 = -8536.054888719695 8536.001304106825
 
CASE #  316
--- 0.4 2000.0 ----------------------------------------------------
fan Nc = 0.8999999953865612      burner temperature = 4472.075319058901    ambient Ps = 13.664400753956075
burner out 34.27864513006252 394.2206976977203 4472.075319058901 0.0 0.0 0.23161331793911644 0.0
HPT 0.9223175643036575
LPT  0.9031675900031915
core nozzle out 40.11319273044216 73.86386075990619 2996.4189849996023 40.496218175058196 2635.917857114993 0.041264832314391674 1.0
bypass nozzle out 209.1535745534717 20.580329818822804 595.4928132188999 13.6644 522.2014816623339 0.07079644166491442 0.8368333441881377
2.57192730012727
HP power balance:  -12669.75836627282 = 12669.64711266109  +  0.0  HP extraction
LP power balance:  -5672.310714237453 + -1717.964107312314 = -7390.274821549767 7390.32305301067
 
CASE #  317
--- 0.4 2000.0 ----------------------------------------------------
fan Nc = 0.8500000532475411      burner temperature = 4204.586872485605    ambient Ps = 13.664400753956075
burner out 31.517432611099082 351.6885960169159 4204.586872485605 0.0 0.0 0.22320665011379573 0.0
HPT 0.922267036546633
LPT  0.8943862043073368
core nozzle out 36.9059954762658 64.85693370486491 2786.928857972992 35.76949935340513 2443.1948077936568 0.03932656414289447 1.0
bypass nozzle out 195.95747824329223 19.603734686902317 587.8779477375706 13.6644 523.2741905627335 0.07065255347576754 0.7848369545879115
2.6447452323725624
HP power balance:  -11281.369937884832 = 11281.162038713202  +  0.0  HP extraction
LP power balance:  -4704.045196858735 + -1542.3463044406571 = -6246.391501299392 6246.376054281983
 
CASE #  318
--- 0.4 2000.0 ----------------------------------------------------
fan Nc = 0.7999998653986986      burner temperature = 3664.481365588056    ambient Ps = 13.664400753956075
burner out 28.65843905855885 298.45750546608383 3664.481365588056 0.0 0.0 0.21872172714229648 0.0
HPT 0.9223843354560154
LPT  0.8988763537864647
core nozzle out 33.598672783054894 54.91812896536096 2387.548638011994 29.852265635081825 2078.3552336747193 0.038592704599162295 1.0
bypass nozzle out 183.26961347109767 18.86882762411975 577.6086689708183 13.6644 521.469875318797 0.07089457594151143 0.7327627765859291
2.632378468086602
HP power balance:  -8868.863636169883 = 8868.879622696604  +  0.0  HP extraction
LP power balance:  -3633.4103895672015 + -1334.9126139265545 = -4968.323003493756 4968.3104587045045
 
CASE #  319
--- 0.4 2000.0 ----------------------------------------------------
fan Nc = 0.7499993686442662      burner temperature = 3207.7619479348286    ambient Ps = 13.664400753956075
burner out 24.865871964885656 242.4965660640962 3207.7619479348286 0.0 0.0 0.20309174627184853 0.0
HPT 0.9222796234452871
LPT  0.8968341932996455
core nozzle out 29.18021914218037 43.36215797848838 2055.683346567999 23.842534529961867 1777.8958616767186 0.036039183396159365 1.0
bypass nozzle out 171.99403177019323 18.26725928073033 569.5288096411095 13.6644 520.2915963120674 0.07105262481434631 0.6869161304077037
2.6145572646290436
HP power balance:  -6626.090536372336 = 6626.093653698825  +  0.0  HP extraction
LP power balance:  -2824.1422061158355 + -1130.5205043472065 = -3954.662710463042 3954.7340502539932
 
CASE #  320
--- 0.4 2000.0 ----------------------------------------------------
fan Nc = 0.7000001518993345      burner temperature = 2872.2402765957418    ambient Ps = 13.664400753956075
burner out 21.73146516617369 200.81010225122148 2872.2402765957418 0.0 0.0 0.1878625364062481 0.0
HPT 0.9221907925344932
LPT  0.8939701784708652
core nozzle out 25.519662618492262 36.08963938283672 1827.306626643993 19.508334244765038 1571.9930105503993 0.03335511607041609 1.0
bypass nozzle out 158.2000784434127 17.592429336220583 560.9743160106368 13.6644 519.43619481892 0.07116736439728133 0.6313200397683417
2.6902822863997473
HP power balance:  -5206.7046172549535 = 5206.739842670119  +  0.0  HP extraction
LP power balance:  -2048.765137788171 + -992.6885004842253 = -3041.4536382723963 3041.511333249267
 
CASE #  321
--- 0.3 2000.0 ----------------------------------------------------
fan Nc = 0.9999999842590837      burner temperature = 4873.900827070373    ambient Ps = 13.664399912079105
burner out 37.66886595502893 451.88123332886727 4873.900827070373 0.0 0.0 0.23290060238397503 0.0
HPT 0.9210608576594372
LPT  0.918651586711706
core nozzle out 44.03239095906897 85.69138380500954 3349.7288065318885 47.340231187682825 2963.316686334341 0.04289995215255791 1.0
bypass nozzle out 212.91306686015153 21.05294893040562 602.7151015398415 13.6644 525.7550514539818 0.07031978231946032 0.8547809355070846
2.649703197078836
HP power balance:  -14274.556907228845 = 14274.558358053226  +  0.0  HP extraction
LP power balance:  -7084.796704113421 + -2076.690794182253 = -9161.487498295674 9161.486174268111
 
CASE #  322
--- 0.3 2000.0 ----------------------------------------------------
fan Nc = 0.9499999658480297      burner temperature = 4692.260899710251    ambient Ps = 13.664399912079105
burner out 35.46957432696928 417.5550745142271 4692.260899710251 0.0 0.0 0.22902290876067705 0.0
HPT 0.9224308841525634
LPT  0.9094646674046819
core nozzle out 41.48341493165498 78.32263473697174 3173.148055391674 43.26027596699669 2799.3804792727333 0.04150051601309888 1.0
bypass nozzle out 208.0052115454266 20.50227801100877 596.6888617511183 13.6644 523.7700877962312 0.07058603612431799 0.833491475852261
2.651357353947237
HP power balance:  -13340.75437349982 = 13341.269322789383  +  0.0  HP extraction
LP power balance:  -6376.730120574647 + -1839.2461247108274 = -8215.976245285474 8216.04325556407
 
CASE #  323
--- 0.3 2000.0 ----------------------------------------------------
fan Nc = 0.8999999999388629      burner temperature = 4540.832781421484    ambient Ps = 13.664399912079105
burner out 33.28417758813795 385.6681400658334 4540.832781421484 0.0 0.0 0.22188797806171362 0.0
HPT 0.9223451053477678
LPT  0.8980499892387148
core nozzle out 38.94233542257287 72.39401226317936 3055.0758934805644 39.74728693679402 2690.0736028417073 0.039684418573460806 1.0
bypass nozzle out 200.1285165678645 19.839654163299237 589.7419512046672 13.6644 522.5416961496962 0.07075080687388223 0.8010134622925731
2.711544271148706
HP power balance:  -12442.014165360995 = 12441.936635892676  +  0.0  HP extraction
LP power balance:  -5553.386578962018 + -1650.0348058788534 = -7203.421384840871 7203.627572062413
 
CASE #  324
--- 0.3 2000.0 ----------------------------------------------------
fan Nc = 0.8500000338216281      burner temperature = 4070.1966464876887    ambient Ps = 13.664399912079105
burner out 30.62894656910591 336.24706027163586 4070.1966464876887 0.0 0.0 0.22136055754693673 0.0
HPT 0.9222976016618146
LPT  0.8975594952018205
core nozzle out 35.876240113249814 61.73229528232816 2685.289981246607 34.056920953026676 2350.0959121616615 0.03892682098925755 1.0
bypass nozzle out 186.2238207197472 19.031348365313242 579.5624774848005 13.6644 521.5784746060084 0.0708800089375706 0.7446508770880294
2.74201080930693
HP power balance:  -10601.475788680738 = 10601.197297258163  +  0.0  HP extraction
LP power balance:  -4401.445016890298 + -1496.5777632977015 = -5898.022780187999 5898.133002044286
 
CASE #  325
--- 0.3 2000.0 ----------------------------------------------------
fan Nc = 0.8000000017896133      burner temperature = 3487.4544619190956    ambient Ps = 13.664399912079105
burner out 27.279068842296144 277.1673983798914 3487.4544619190956 0.0 0.0 0.21347063000863598 0.0
HPT 0.9223593396032747
LPT  0.9023826185340228
core nozzle out 31.992982548657462 49.89444805449677 2253.2582589379326 27.523356155663198 1956.6007415135343 0.03779538704133533 1.0
bypass nozzle out 173.51864842094795 18.34451589656227 570.3650013643977 13.6644 520.2584549010267 0.07105707024928085 0.6929854247790654
2.7095012059435497
HP power balance:  -7913.003064567647 = 7912.830864160129  +  0.0  HP extraction
LP power balance:  -3439.0498845640586 + -1261.5578860660526 = -4700.607770630111 4700.649191331123
 
CASE #  326
--- 0.3 2000.0 ----------------------------------------------------
fan Nc = 0.7499976867524478      burner temperature = 3169.6441549548617    ambient Ps = 13.664399912079105
burner out 24.23947510140245 234.97459117563528 3169.6441549548617 0.0 0.0 0.19916795058517342 0.0
HPT 0.9222775236705034
LPT  0.8965375512822594
core nozzle out 28.44710690918203 41.982153142605675 2030.061252542051 23.08214165200426 1754.8326725188826 0.035344225069395226 1.0
bypass nozzle out 161.530222465792 17.748269322533332 562.6773415873748 13.6644 519.3842505061805 0.0711743319661099 0.6445773697790557
2.77186709993493
HP power balance:  -6375.188787131993 = 6375.185396843998  +  0.0  HP extraction
LP power balance:  -2687.292128994408 + -1110.6898634183578 = -3797.981992412766 3797.767882153858
 
CASE #  327
--- 0.3 2000.0 ----------------------------------------------------
fan Nc = 0.7000001990605735      burner temperature = 2847.123084706854    ambient Ps = 13.664399912079105
burner out 20.914887646848406 192.40396229274887 2847.123084706854 0.0 0.0 0.1815771869287614 0.0
HPT 0.9221856985243263
LPT  0.8909418007179247
core nozzle out 24.561655662109203 34.06732948893617 1806.8632485419025 18.661989808853832 1553.6641851361526 0.03227882676752527 1.0
bypass nozzle out 148.3830269034683 17.147342613209887 554.87344204105 13.6644 518.4520053146103 0.07129937900581093 0.5916011439964288
2.8580447228221613
HP power balance:  -4935.837436870464 = 4935.537224499087  +  0.0  HP extraction
LP power balance:  -1991.1577328240346 + -969.9693437849098 = -2961.1270766089447 2961.0895527298276
 
CASE #  328
--- 0.25 2000.0 ----------------------------------------------------
fan Nc = 0.9999999946513204      burner temperature = 4868.679737247523    ambient Ps = 13.664399742149199
burner out 37.10894206524639 444.90923881703054 4868.679737247523 0.0 0.0 0.22972935514797907 0.0
HPT 0.9209908067793169
LPT  0.9180272713077208
core nozzle out 43.378227433189515 84.27500661247298 3344.0629242049154 46.59442832687011 2958.110258941686 0.042297793331290225 1.0
bypass nozzle out 209.40433047650043 20.705153900128458 600.3265032611032 13.6644 525.8468496309596 0.07030746893840474 0.8407689043495978
2.6913893288772575
HP power balance:  -14049.487786163982 = 14049.487739254968  +  0.0  HP extraction
LP power balance:  -7005.823919228293 + -2022.2847347896225 = -9028.108654017915 9028.108762400238
 
CASE #  329
--- 0.25 2000.0 ----------------------------------------------------
fan Nc = 0.9499989134487644      burner temperature = 4682.7385764808505    ambient Ps = 13.664399742149199
burner out 34.91825375531545 410.63757678566503 4682.7385764808505 0.0 0.0 0.22591638911649092 0.0
HPT 0.9224383087831429
LPT  0.9090175667751826
core nozzle out 40.83921333740322 77.11487432849185 3165.3650604157247 42.529052525274956 2792.2031172351344 0.04090560712158748 1.0
bypass nozzle out 204.60107514247647 20.141885564711213 594.1688545329249 13.6644 523.6491356870929 0.07060226007841303 0.8197425738496351
2.6928894898837052
HP power balance:  -13106.58329131997 = 13106.706680324576  +  0.0  HP extraction
LP power balance:  -6297.876546685291 + -1786.2305221284157 = -8084.107068813707 8083.772646783925
 
CASE #  330
--- 0.25 2000.0 ----------------------------------------------------
fan Nc = 0.899999385387783      burner temperature = 4496.253758124739    ambient Ps = 13.664399742149199
burner out 32.96069657592439 380.08484227003794 4496.253758124739 0.0 0.0 0.2216723591345224 0.0
HPT 0.9223191402833398
LPT  0.898639947178534
core nozzle out 38.56814599182387 70.99389434057252 3017.0432191401637 39.087891406237546 2655.011643354941 0.03954121721350172 1.0
bypass nozzle out 196.27132873649404 19.6053166308923 586.5252616627564 13.6644 522.0193210063453 0.0708208758491691 0.7851504636424832
2.7508741822544507
HP power balance:  -12280.875861349286 = 12281.652001772743  +  0.0  HP extraction
LP power balance:  -5423.68530448457 + -1641.1096084013914 = -7064.794912885962 7065.382140581151
 
CASE #  331
--- 0.25 2000.0 ----------------------------------------------------
fan Nc = 0.8499995336946121      burner temperature = 4016.979934596572    ambient Ps = 13.664399742149199
burner out 30.291965197348553 330.35918124131416 4016.979934596572 0.0 0.0 0.22057806487613577 0.0
HPT 0.9223051199262247
LPT  0.8989236774710723
core nozzle out 35.48566752245231 60.562826502418325 2645.3740432067834 33.40254247090883 2313.554310992895 0.03878606737281733 1.0
bypass nozzle out 182.3237464783434 18.811619225246368 576.3057774598786 13.6644 520.8684300517141 0.07097525101591351 0.7285674644051154
2.7840968386955014
HP power balance:  -10339.0526442158 = 10338.888798869535  +  0.0  HP extraction
LP power balance:  -4284.321002761794 + -1479.1433979460448 = -5763.464400707839 5763.477676122563
 
CASE #  332
--- 0.25 2000.0 ----------------------------------------------------
fan Nc = 0.7999999814824572      burner temperature = 3448.3764071160886    ambient Ps = 13.664399742149199
burner out 26.85751651146825 271.35809846071044 3448.3764071160886 0.0 0.0 0.21136501709169891 0.0
HPT 0.9223484885084281
LPT  0.9032700320537768
core nozzle out 31.5010383738519 48.7883406580617 2224.56169909729 26.90426388685806 1930.6307271031046 0.03744586742393233 1.0
bypass nozzle out 169.3434660006142 18.13088707305523 567.5126151020787 13.6644 519.855527288511 0.07111111708761747 0.6760552438656954
2.761208495851322
HP power balance:  -7681.079938921338 = 7681.064112152427  +  0.0  HP extraction
LP power balance:  -3358.660431696752 + -1247.139027474128 = -4605.799459170879 4605.802133021447
 
CASE #  333
--- 0.25 2000.0 ----------------------------------------------------
fan Nc = 0.7499969324337354      burner temperature = 3153.2515673560406    ambient Ps = 13.664399742149199
burner out 23.99295277543759 232.0029562170982 3153.2515673560406 0.0 0.0 0.19766434959610804 0.0
HPT 0.9222754793081451
LPT  0.8965241738393116
core nozzle out 28.158646272186868 41.441357667595035 2018.9671409833602 22.778873185220466 1744.831573736404 0.035080223160470374 1.0
bypass nozzle out 157.1938470277429 17.543917106783393 560.0278412239495 13.6644 519.0711736705101 0.07121632663859902 0.6270859052694784
2.842500630510043
HP power balance:  -6275.369424907516 = 6275.313735432662  +  0.0  HP extraction
LP power balance:  -2632.297223387688 + -1102.6967481465535 = -3734.9939715342416 3735.031941943428
 
CASE #  334
--- 0.25 2000.0 ----------------------------------------------------
fan Nc = 0.6999995822790076      burner temperature = 2831.452609208002    ambient Ps = 13.664399742149199
burner out 20.614700888679803 189.1057316794514 2831.452609208002 0.0 0.0 0.1794632272209452 0.0
HPT 0.9221855179265606
LPT  0.8901350156609726
core nozzle out 24.209773456334634 33.2714725740827 1794.8884716801354 18.324508509454297 1542.8968686036055 0.031918401660200525 1.0
bypass nozzle out 143.42538930788095 16.936367467945352 552.6465436180752 13.6644 518.5943354766093 0.07128028749900663 0.57191124394767
2.9465828225529527
HP power balance:  -4833.351530576467 = 4833.302677773653  +  0.0  HP extraction
LP power balance:  -1963.4593537270778 + -954.2930474545791 = -2917.7524011816568 2917.7706520805164
 
CASE #  335
--- 0.2 2000.0 ----------------------------------------------------
fan Nc = 0.9999999966211293      burner temperature = 4861.5715549816805    ambient Ps = 13.664399980070362
burner out 36.624418306042756 438.7633800306729 4861.5715549816805 0.0 0.0 0.22714634497315536 0.0
HPT 0.9209475546785557
LPT  0.9176306824517932
core nozzle out 42.812657609755064 82.99270953604265 3335.1455231651094 45.920374221449535 2949.8741729536832 0.04180088869513432 1.0
bypass nozzle out 206.5533452734951 20.40471172169607 598.2830764213082 13.6644 525.8216397455396 0.07031085047533459 0.8293018848002864
2.7251012742223137
HP power balance:  -13851.28050985464 = 13851.28153087098  +  0.0  HP extraction
LP power balance:  -6933.1000248804985 + -1973.3581551210284 = -8906.458180001528 8906.459516802348
 
CASE #  336
--- 0.2 2000.0 ----------------------------------------------------
fan Nc = 0.9500000001922574      burner temperature = 4673.275397234856    ambient Ps = 13.664399980070362
burner out 34.61186571831781 406.63947501653826 4673.275397234856 0.0 0.0 0.22439726301981566 0.0
HPT 0.922440246506576
LPT  0.9086999026234994
core nozzle out 40.481638488257495 76.40639577458951 3157.51632893263 42.096661932375305 2784.944224098104 0.040596434400769224 1.0
bypass nozzle out 201.52980413476462 19.94063257194314 592.2317743948031 13.6644 523.7773536662817 0.07058506151425953 0.8075407928973638
2.729924662513809
HP power balance:  -12972.002681896865 = 12971.988749610104  +  0.0  HP extraction
LP power balance:  -6239.758449910955 + -1762.5047806907123 = -8002.263230601668 8002.241859746676
 
CASE #  337
--- 0.2 2000.0 ----------------------------------------------------
fan Nc = 0.8999997904351885      burner temperature = 4451.225200376864    ambient Ps = 13.664399980070362
burner out 32.69783068811683 375.2483897495434 4451.225200376864 0.0 0.0 0.22183832507550105 0.0
HPT 0.9222972989078768
LPT  0.8995592056719194
core nozzle out 38.26481471252837 69.83060015969474 2979.5058154167637 38.5104611721046 2620.4009677003482 0.039474568910320654 1.0
bypass nozzle out 193.09305165772878 19.414530967104344 583.7071962673244 13.6644 521.4116423056371 0.07090238704740327 0.7719969300047012
2.7823395095829584
HP power balance:  -12133.023073705368 = 12132.55736337954  +  0.0  HP extraction
LP power balance:  -5303.517419016639 + -1633.1606308945793 = -6936.678049911218 6936.764584771575
 
CASE #  338
--- 0.2 2000.0 ----------------------------------------------------
fan Nc = 0.8500000625351537      burner temperature = 3977.9563080331677    ambient Ps = 13.664399980070362
burner out 30.025536337545468 325.8506299879882 3977.9563080331677 0.0 0.0 0.2198047842486589 0.0
HPT 0.922312805013781
LPT  0.8999794947590208
core nozzle out 35.176557563687204 59.71948988429283 2616.371544166813 32.904576405560206 2287.0564288998225 0.03865105317519557 1.0
bypass nozzle out 179.09802003625546 18.634021359916627 573.6438749344837 13.6644 520.2673849638901 0.07105587241212866 0.7152721769663444
2.8223275107609345
HP power balance:  -10141.100263058659 = 10141.092006281098  +  0.0  HP extraction
LP power balance:  -4189.098365541236 + -1465.5127317766426 = -5654.611097317878 5654.539063766933
 
CASE #  339
--- 0.2 2000.0 ----------------------------------------------------
fan Nc = 0.8000000133674489      burner temperature = 3420.069120182455    ambient Ps = 13.664399980070362
burner out 26.586269074203187 267.527758667535 3420.069120182455 0.0 0.0 0.2101203610010632 0.0
HPT 0.9223417328570603
LPT  0.9039873625317661
core nozzle out 31.184733003197238 48.06042677583405 2203.3458230280207 26.4923744413414 1911.4223441023366 0.037241907067586004 1.0
bypass nozzle out 165.83148138512837 17.955657097601428 565.1624288637398 13.6644 519.5154067816763 0.07115673927253821 0.6618243356297714
2.808405982486611
HP power balance:  -7546.604133465089 = 7546.6704481106435  +  0.0  HP extraction
LP power balance:  -3291.654317865301 + -1237.8196744700099 = -4529.473992335311 4529.472081816674
 
CASE #  340
--- 0.2 2000.0 ----------------------------------------------------
fan Nc = 0.7499992491045846      burner temperature = 3139.790766602691    ambient Ps = 13.664399980070362
burner out 23.79034856553359 229.5627918204096 3139.790766602691 0.0 0.0 0.19643031632668048 0.0
HPT 0.922273057025558
LPT  0.8965350073562219
core nozzle out 27.921556013069853 41.00785876743403 2010.0646485369573 22.529280423599367 1736.7848455670296 0.03485969083837162 1.0
bypass nozzle out 153.60169758472938 17.379212445745832 557.872520357623 13.6644 518.8006500165703 0.07125261342495112 0.6126059633890472
2.904235172712965
HP power balance:  -6193.276671223461 = 6193.023232379267  +  0.0  HP extraction
LP power balance:  -2587.0275177037133 + -1096.1128036664452 = -3683.1403213701587 3683.2145384427404
 
CASE #  341
--- 0.2 2000.0 ----------------------------------------------------
fan Nc = 0.7000000793414278      burner temperature = 2818.128582331096    ambient Ps = 13.664399980070362
burner out 20.372120819349476 186.4471194081995 2818.128582331096 0.0 0.0 0.17777740397437544 0.0
HPT 0.9221863361080899
LPT  0.8894545120541736
core nozzle out 23.92544938361057 32.613600678119674 1784.4519355528873 18.047169474713606 1533.5236299915791 0.03163092918400618 1.0
bypass nozzle out 139.1782428582043 16.761371749955817 550.9061268018643 13.6644 518.8100953848231 0.07125134646712761 0.5550869426420583
3.0267461507335676
HP power balance:  -4752.038041158045 = 4752.055733053617  +  0.0  HP extraction
LP power balance:  -1941.4927529002343 + -941.257864637585 = -2882.7506175378194 2882.8056367040645
 
CASE #  342
--- 0.1 2000.0 ----------------------------------------------------
fan Nc = 0.9999999902657613      burner temperature = 4855.43903059055    ambient Ps = 13.664400005672286
burner out 36.035609178011164 431.418877892684 4855.43903059055 0.0 0.0 0.22382456725687305 0.0
HPT 0.9208621250605984
LPT  0.9169622010651792
core nozzle out 42.12474304313928 81.51482311104321 3329.0162090804392 45.13526515910074 2944.2137605802372 0.04116648836798979 1.0
bypass nozzle out 202.6498059021952 20.04067461054138 595.7310271688141 13.6644 525.9469219147225 0.0702940457070984 0.8137281794751524
2.774421177038522
HP power balance:  -13608.301157330918 = 13608.301133841373  +  0.0  HP extraction
LP power balance:  -6848.326181953494 + -1913.3514902718439 = -8761.677672225338 8761.677367132179
 
CASE #  343
--- 0.1 2000.0 ----------------------------------------------------
fan Nc = 0.9499972261669292      burner temperature = 4662.405650308183    ambient Ps = 13.664400005672286
burner out 34.255842416965386 402.0373932731614 4662.405650308183 0.0 0.0 0.22263147298618938 0.0
HPT 0.922432125933499
LPT  0.9082896108499677
core nozzle out 40.06624155759617 75.60666903977837 3149.720412457603 41.60959314131847 2777.708448934284 0.04023190329752974 1.0
bypass nozzle out 197.3030883072327 19.685692112324695 589.0548823119846 13.6644 523.5044303098254 0.07062167018556054 0.7904056173180808
2.7864615826760284
HP power balance:  -12840.025949813882 = 12839.846361572834  +  0.0  HP extraction
LP power balance:  -6111.493569131244 + -1750.2626802572333 = -7861.756249388477 7861.466402667237
 
CASE #  344
--- 0.1 2000.0 ----------------------------------------------------
fan Nc = 0.8999995476370658      burner temperature = 4397.00646250663    ambient Ps = 13.664400005672286
burner out 32.26971050687452 368.1417250482897 4397.00646250663 0.0 0.0 0.221158801732619 0.0
HPT 0.9222743171243211
LPT  0.9007955924901389
core nozzle out 37.76880601155938 68.33253511908323 2934.8968905110723 37.689492201759776 2579.3185049192784 0.03924935845654966 1.0
bypass nozzle out 187.9318123929318 19.121563623088026 580.1676931376335 13.6644 521.1998732165524 0.07093079276934175 0.7512129654143396
2.838977421539448
HP power balance:  -11906.76057596991 = 11906.581565309643  +  0.0  HP extraction
LP power balance:  -5138.554511770534 + -1620.524817567034 = -6759.079329337568 6759.390215551124
 
CASE #  345
--- 0.1 2000.0 ----------------------------------------------------
fan Nc = 0.8499985629813968      burner temperature = 3919.459881740258    ambient Ps = 13.664400005672286
burner out 29.591457862527818 318.7656638537976 3919.459881740258 0.0 0.0 0.21830565961215415 0.0
HPT 0.9223233930410032
LPT  0.9019649169004277
core nozzle out 34.67247133135844 58.515714517115406 2572.359083937116 32.12817591427713 2246.879733572875 0.038412172864881175 1.0
bypass nozzle out 173.87051783829142 18.360025196995807 570.219760591099 13.6644 519.9651225857093 0.07109641648352348 0.6941980244921139
2.8849774499701164
HP power balance:  -9835.690158149806 = 9835.67941492758  +  0.0  HP extraction
LP power balance:  -4052.5162177293587 + -1444.4191214543332 = -5496.935339183692 5496.864582417302
 
CASE #  346
--- 0.1 2000.0 ----------------------------------------------------
fan Nc = 0.7999997127974963      burner temperature = 3379.8805455686384    ambient Ps = 13.664400005672286
burner out 26.209766068166807 262.2116530493593 3379.8805455686384 0.0 0.0 0.20840053631165517 0.0
HPT 0.9223329673914854
LPT  0.9050303301089049
core nozzle out 30.745677405411534 47.031058449076134 2173.0610906001007 25.91756507500928 1884.0508659435257 0.03696492020497721 1.0
bypass nozzle out 161.10217503772554 17.72579344637656 562.0463161735885 13.6644 519.03886400019 0.07122066050769675 0.6426467231315576
2.8741849807645092
HP power balance:  -7359.029766563087 = 7359.024084956525  +  0.0  HP extraction
LP power balance:  -3202.5732476524686 + -1224.4751984536913 = -4427.04844610616 4427.108102706298
 
CASE #  347
--- 0.1 2000.0 ----------------------------------------------------
fan Nc = 0.7500000771716523      burner temperature = 3121.925032873739    ambient Ps = 13.664400005672286
burner out 23.355914171244613 224.7241613447365 3121.925032873739 0.0 0.0 0.19339619087313478 0.0
HPT 0.9222733860728405
LPT  0.8965425918327713
core nozzle out 27.412595173918355 40.15506739865102 1998.6705981611258 22.047425045785285 1726.4896401702606 0.03431927144862503 1.0
bypass nozzle out 147.3796300972545 17.10588040233672 554.996562497758 13.6644 518.9934111614946 0.07122675734035007 0.5878951812785466
3.017457588059697
HP power balance:  -6040.098218345453 = 6040.126068750957  +  0.0  HP extraction
LP power balance:  -2502.6398580310934 + -1084.7356142848846 = -3587.375472315978 3587.3504322174226
 
CASE #  348
--- 0.1 2000.0 ----------------------------------------------------
fan Nc = 0.7000525538318522      burner temperature = 2794.8888548020836    ambient Ps = 13.664400005672286
burner out 19.977638085104683 182.0885678354815 2794.8888548020836 0.0 0.0 0.17505911898128165 0.0
HPT 0.9221838134786862
LPT  0.8886830143290971
core nozzle out 23.46315367255791 31.55144890826985 1766.8661284408502 17.59921913597878 1517.7246564669915 0.031167352056434214 1.0
bypass nozzle out 132.85442184557093 16.49830799354565 548.5768355399748 13.6644 519.2770976720519 0.07118870494955301 0.5300980713280803
3.1529315310575
HP power balance:  -4618.5444971782 = 4618.529499112413  +  0.0  HP extraction
LP power balance:  -1900.226879266621 + -920.7675587686849 = -2820.994438035306 2821.0117012471255
 
CASE #  349
--- 0.0 2000.0 ----------------------------------------------------
fan Nc = 0.9999999794578993      burner temperature = 4857.195735830056    ambient Ps = 13.664400005672286
burner out 35.90129306936084 429.8867327707053 4857.195735830056 0.0 0.0 0.22285944189229034 0.0
HPT 0.9208041518146572
LPT  0.9164763627229702
core nozzle out 41.96712563877056 81.25115591878505 3333.162612502796 44.99980171013798 2948.1011286824887 0.04098791155558545 1.0
bypass nozzle out 201.25508806041995 19.95950378063765 595.0716544533171 13.6644 526.1824270954767 0.07026245613607796 0.8083138730085888
2.7940607368496932
HP power balance:  -13549.671700932442 = 13549.671703683376  +  0.0  HP extraction
LP power balance:  -6834.554105860778 + -1902.5104842294809 = -8737.064590090258 8737.058647452684
 
CASE #  350
--- 0.0 2000.0 ----------------------------------------------------
fan Nc = 0.9499988400827216      burner temperature = 4655.648734663371    ambient Ps = 13.664400005672286
burner out 34.132232926057505 400.27053594946193 4655.648734663371 0.0 0.0 0.22213365583879294 0.0
HPT 0.9224215644502404
LPT  0.9083164849285505
core nozzle out 39.922392271487375 75.27785604228771 3143.904859828924 41.412850943229465 2772.335125869196 0.04011941187652575 1.0
bypass nozzle out 195.75943946727998 19.593827967153178 587.9026238756098 13.6644 523.3992093805605 0.07063578403225895 0.7841361375518463
2.806496374928975
HP power balance:  -12803.619877456838 = 12804.042544631497  +  0.0  HP extraction
LP power balance:  -6057.829254095787 + -1746.7762711748621 = -7804.605525270649 7804.752942461607
 
CASE #  351
--- 0.0 2000.0 ----------------------------------------------------
fan Nc = 0.9000576411300502      burner temperature = 4378.824705540723    ambient Ps = 13.664400005672286
burner out 32.12306163135787 365.7094125062511 4378.824705540723 0.0 0.0 0.22087052538873492 0.0
HPT 0.9222680475312854
LPT  0.9012351240392267
core nozzle out 37.59882949603774 67.82083713607896 2919.9257261098323 37.41092752664385 2565.546314379699 0.03916825886143061 1.0
bypass nozzle out 186.14397059688696 19.02253260295612 579.0229221918488 13.6644 521.1756060307093 0.07093404785692921 0.7440478728942562
2.8592687481002774
HP power balance:  -11828.745131522439 = 11828.528152452023  +  0.0  HP extraction
LP power balance:  -5084.961034819828 + -1616.082202059874 = -6701.043236879701 6701.104428197533
 
CASE #  352
--- 0.0 2000.0 ----------------------------------------------------
fan Nc = 0.8500000932585617      burner temperature = 3900.749163635168    ambient Ps = 13.664400005672286
burner out 29.430436138373796 316.279615900374 3900.749163635168 0.0 0.0 0.21764397847695885 0.0
HPT 0.9223264739437618
LPT  0.9026379294236937
core nozzle out 34.485221099183505 58.11175708616877 2558.412475138334 31.856421765182464 2234.120910459187 0.03830806677749278 1.0
bypass nozzle out 171.882156659388 18.259274893146284 569.1171869027429 13.6644 519.9972666896429 0.07109210482273179 0.6862818706821077
2.9104803942128217
HP power balance:  -9731.73730285271 = 9731.554340624489  +  0.0  HP extraction
LP power balance:  -4004.827337039917 + -1437.1250670849145 = -5441.952404124831 5441.732601704119
 
CASE #  353
--- 0.0 2000.0 ----------------------------------------------------
fan Nc = 0.7999998207251041      burner temperature = 3364.5402435340043    ambient Ps = 13.664400005672286
burner out 26.03499776603804 259.8796387910617 3364.5402435340043 0.0 0.0 0.20748960790506468 0.0
HPT 0.9223289883646181
LPT  0.9055157064633473
core nozzle out 30.54165496256274 46.592724769308354 2161.586128794405 25.668514532459998 1873.6668503489202 0.03681361190129395 1.0
bypass nozzle out 158.87734246264526 17.622478678008154 561.0271120502607 13.6644 519.1738549040651 0.07120255345488619 0.633867853655011
2.9061432043997253
HP power balance:  -7280.768798667801 = 7280.820317237621  +  0.0  HP extraction
LP power balance:  -3162.3651336198923 + -1218.831730099604 = -4381.196863719497 4381.388633295682
 
CASE #  354
--- 0.0 2000.0 ----------------------------------------------------
fan Nc = 0.7500000930934895      burner temperature = 3118.4547973079552    ambient Ps = 13.664400005672286
burner out 23.2233376199478 223.32475574132553 3118.4547973079552 0.0 0.0 0.19240535294450334 0.0
HPT 0.9222761031647932
LPT  0.8965377609783689
core nozzle out 27.257139718107666 39.95014578969004 1996.8874595470716 21.91087699269846 1724.8845197292958 0.034138508519504514 1.0
bypass nozzle out 145.12871409079648 17.010192357667812 554.1460397211489 13.6644 519.2039934224429 0.07119851081402498 0.5790339033826772
3.061705387438369
HP power balance:  -5997.725747865942 = 5997.7220633323805  +  0.0  HP extraction
LP power balance:  -2478.2569320222146 + -1078.0188599461135 = -3556.275791968328 3556.29092027362
 
CASE #  355
--- 0.0 2000.0 ----------------------------------------------------
fan Nc = 0.7000011860506157      burner temperature = 2784.249605326925    ambient Ps = 13.664400005672286
burner out 19.81309863026736 180.24135611200288 2784.249605326925 0.0 0.0 0.17395301272840963 0.0
HPT 0.9221815079320971
LPT  0.8884640900916739
core nozzle out 23.270377392191083 31.105340123096646 1758.8520034777455 17.410950336617866 1510.5244850361614 0.030978910915277963 1.0
bypass nozzle out 130.3986206084375 16.397322136198973 547.8078149353147 13.6644 519.5521685319856 0.07115180822211076 0.520431214148569
3.2036238894686018
HP power balance:  -4562.7800557592855 = 4562.918297788436  +  0.0  HP extraction
LP power balance:  -1881.4099955033369 + -912.7901008132119 = -2794.2000963165488 2794.211814845816
 
did not converge
CASE #  356
--- 0.5 0.0 ----------------------------------------------------
fan Nc = 0.9804301475659839      burner temperature = 4857.307192657374    ambient Ps = 14.695899928425801
burner out 38.55815408676664 507.6269562225646 4857.307192657374 0.0 0.0 0.2634633398154072 0.0
HPT 0.9209814174162281
LPT  0.9199803274069428
core nozzle out 45.0778835114995 95.78067369656827 3317.3145606536573 52.845946147490864 2932.8830851078123 0.04838799360246475 1.0
bypass nozzle out 217.7596585767181 24.63650100328775 622.7854647178781 14.6959 531.6372616641052 0.07477951774894877 0.925607808737831
2.422011061686983
HP power balance:  -14544.686113203195 = 14567.581843136382  +  0.0  HP extraction
LP power balance:  -6918.735432541754 + -2176.2778690091945 = -9095.01330155095 9394.238632025623
 
did not converge
CASE #  357
--- 0.4 0.0 ----------------------------------------------------
fan Nc = 0.9999999945344326      burner temperature = 4824.850159138282    ambient Ps = 14.695901349431548
burner out 41.55594252327727 496.03924695760236 4824.850159138282 0.0 0.0 0.26035336241921786 0.0
HPT 0.9215667052335632
LPT  0.9243291195555344
core nozzle out 48.58695904326072 93.76049536998667 3285.694247233126 51.66765356347629 2903.5274919218227 0.047786037645874524 1.0
bypass nozzle out 235.26086791601344 23.5172811048108 615.4871464318765 14.6959 532.2607459813947 0.07468957328903907 0.8838554523096993
2.523105490745636
HP power balance:  -15730.908019130491 = 15730.893884362702  +  0.0  HP extraction
LP power balance:  -7666.215747425105 + -2364.2931338239314 = -10030.508881249036 10030.379628810442
 
CASE #  358
--- 0.4 0.0 ----------------------------------------------------
fan Nc = 0.9500495260543226      burner temperature = 4661.377093478815    ambient Ps = 14.695901349431548
burner out 39.282883445406206 461.13674865857655 4661.377093478815 0.0 0.0 0.2555169944031282 0.0
HPT 0.9223367705766458
LPT  0.9161874276753763
core nozzle out 45.94946065649756 86.44570548052515 3142.601959585038 47.65059255426663 2770.8307899078027 0.046187777567939695 1.0
bypass nozzle out 229.6876122772853 22.94528421362818 609.0678469564169 14.6959 530.3071340084687 0.07497140327081284 0.861237252124723
2.538326377551671
HP power balance:  -14846.704980777376 = 14846.128436747618  +  0.0  HP extraction
LP power balance:  -6850.68105412063 + -2144.0992524792227 = -8994.780306599852 8995.098749082614
 
CASE #  359
--- 0.4 0.0 ----------------------------------------------------
fan Nc = 0.9000000707755363      burner temperature = 4327.25213338938    ambient Ps = 14.695901349431548
burner out 36.48108807964112 412.8165068359431 4327.25213338938 0.0 0.0 0.25310307210615735 0.0
HPT 0.9222640445271397
LPT  0.9110323969172432
core nozzle out 42.706291016159874 76.68483176352083 2876.2582657764424 42.131305797907196 2525.2659392590162 0.04481582382310586 1.0
bypass nozzle out 221.4506258765831 22.15453206822177 601.4240935194682 14.6959 528.646077106547 0.07521102897073759 0.8289888780829017
2.529737449616354
HP power balance:  -13122.135414194761 = 13122.532281254642  +  0.0  HP extraction
LP power balance:  -5888.086895160237 + -1896.2578306397204 = -7784.344725799958 7784.36907171434
 
CASE #  360
--- 0.4 0.0 ----------------------------------------------------
fan Nc = 0.8499990004880955      burner temperature = 4101.500710915403    ambient Ps = 14.695901349431548
burner out 33.263117366739046 366.5473042626202 4101.500710915403 0.0 0.0 0.2392972668313614 0.0
HPT 0.9222829969743448
LPT  0.9010368083580197
core nozzle out 38.95963665300585 67.52019052997215 2709.22763331851 37.16116778131495 2371.901101997513 0.04208870425034197 1.0
bypass nozzle out 208.364646321181 20.925752072823045 593.7773752262716 14.6959 529.1999606189303 0.07513112519129567 0.7804278942924432
2.6088698694222248
HP power balance:  -11555.97493697363 = 11555.943296217447  +  0.0  HP extraction
LP power balance:  -4877.369744564133 + -1622.463973312746 = -6499.833717876879 6499.807762758326
 
CASE #  361
--- 0.4 0.0 ----------------------------------------------------
fan Nc = 0.8000622556083768      burner temperature = 3815.6941188752444    ambient Ps = 14.695901349431548
burner out 30.28336753806043 321.8410558199576 3815.6941188752444 0.0 0.0 0.22645868180665366 0.0
HPT 0.9223600440278331
LPT  0.893345880110107
core nozzle out 35.49228869742673 58.95369585252701 2500.032048036991 32.35738527645149 2180.6893869699215 0.039865744938700945 1.0
bypass nozzle out 195.5810304972333 19.911213720498335 586.7806531651013 14.6959 529.7551554826542 0.07505103223502152 0.7329615510581804
2.670207411153871
HP power balance:  -9800.524670193434 = 9800.416799273533  +  0.0  HP extraction
LP power balance:  -4013.7525271281397 + -1396.916624151256 = -5410.669151279396 5410.885197298013
 
CASE #  362
--- 0.4 0.0 ----------------------------------------------------
fan Nc = 0.7499993583981729      burner temperature = 3306.2719821611963    ambient Ps = 14.695901349431548
burner out 26.560636669147875 262.90083327299675 3306.2719821611963 0.0 0.0 0.21360629959769858 0.0
HPT 0.922307220457841
LPT  0.8939844104584097
core nozzle out 31.162777397266886 47.12387199430875 2126.7202751462655 25.9531968591496 1842.0322600385337 0.03785899543501921 1.0
bypass nozzle out 183.43167636343694 19.29661924901774 578.9333544544487 14.6959 528.924484993228 0.0751708655755924 0.6868545561840033
2.6366363984735215
HP power balance:  -7299.9777979898745 = 7299.982900625802  +  0.0  HP extraction
LP power balance:  -3162.1259555086544 + -1164.0578003387 = -4326.183755847354 4326.193112633208
 
CASE #  363
--- 0.4 0.0 ----------------------------------------------------
fan Nc = 0.699999947737186      burner temperature = 2967.2020381824    ambient Ps = 14.695901349431548
burner out 23.19663633902049 217.76551399564528 2967.2020381824 0.0 0.0 0.1971950107982149 0.0
HPT 0.9222018694170484
LPT  0.8900650463820915
core nozzle out 27.234936774970503 39.11644357906104 1897.956358064638 21.27135272733277 1635.5771550666632 0.034952803661057595 1.0
bypass nozzle out 169.22772616784636 18.630847362188813 570.0856022576448 14.6959 527.7069260045081 0.07534651183101818 0.6329117381389229
2.711649256957621
HP power balance:  -5703.71729510316 = 5703.720596522386  +  0.0  HP extraction
LP power balance:  -2308.555572059893 + -1021.7087747682017 = -3330.264346828095 3330.274992848341
 
CASE #  364
--- 0.3 0.0 ----------------------------------------------------
fan Nc = 1.0000000241157656      burner temperature = 4867.8197289727605    ambient Ps = 14.695899958428468
burner out 40.27110160668981 482.7673634665507 4867.8197289727605 0.0 0.0 0.24956820462786086 0.0
HPT 0.9210297652974673
LPT  0.9212968274527485
core nozzle out 47.07754102214645 91.6513546126323 3333.37665623883 50.473908011779855 2947.959471754671 0.045976630980511655 1.0
bypass nozzle out 226.3278166154351 22.656833570761954 609.3378296141668 14.6959 532.285157450523 0.07468605166652915 0.8503152748020028
2.6411053608411197
HP power balance:  -15248.47912120826 = 15248.483708053322  +  0.0  HP extraction
LP power balance:  -7484.09350717029 + -2254.9872423511206 = -9739.08074952141 9739.087415289485
 
CASE #  365
--- 0.3 0.0 ----------------------------------------------------
fan Nc = 0.9500002941702572      burner temperature = 4678.195727717701    ambient Ps = 14.695899958428468
burner out 38.064298623451755 447.6073162084997 4678.195727717701 0.0 0.0 0.24666548186111947 0.0
HPT 0.9223490145857631
LPT  0.9128254472592813
core nozzle out 44.52143175649544 83.85446617673392 3157.244431983196 46.289701445353856 2784.4654173543877 0.04464808297998523 1.0
bypass nozzle out 220.84003116721394 22.116427592930883 602.8450715213174 14.6959 530.0778306719386 0.07500448279532974 0.8278697084367914
2.647165008620049
HP power balance:  -14401.954992086909 = 14401.66034565329  +  0.0  HP extraction
LP power balance:  -6686.466010097858 + -2063.216107706895 = -8749.682117804754 8749.584639899804
 
CASE #  366
--- 0.3 0.0 ----------------------------------------------------
fan Nc = 0.8999999903939414      burner temperature = 4379.334211203333    ambient Ps = 14.695899958428468
burner out 35.375092755546625 402.6418082218889 4379.334211203333 0.0 0.0 0.2431587352688495 0.0
HPT 0.9222967580369233
LPT  0.9067193404829772
core nozzle out 41.40566397422911 75.08589221450828 2919.7722475411224 41.19688333771057 2565.3453999211056 0.04313548787350608 1.0
bypass nozzle out 212.78368851716988 21.32125906187364 595.423759649168 14.6959 528.30800142856 0.07525980010005376 0.7962802154247096
2.6537657445490996
HP power balance:  -12849.394069803122 = 12849.557912035809  +  0.0  HP extraction
LP power balance:  -5773.3245686889295 + -1789.9591461147984 = -7563.283714803728 7563.415657783622
 
CASE #  367
--- 0.3 0.0 ----------------------------------------------------
fan Nc = 0.8499987078580035      burner temperature = 4176.918389454765    ambient Ps = 14.695899958428468
burner out 32.32387894410669 359.47223126463575 4176.918389454765 0.0 0.0 0.22990141091106384 0.0
HPT 0.9222810141964123
LPT  0.8955658677177101
core nozzle out 37.85254290724645 66.30382890690478 2766.595110318769 36.534281048642846 2424.540211336517 0.04047908697785975 1.0
bypass nozzle out 199.85727321416044 20.13976714277663 588.1806318882684 14.6959 528.8438601294392 0.07518249659762083 0.7483021961943859
2.749593792533497
HP power balance:  -11467.159646264503 = 11467.180252061977  +  0.0  HP extraction
LP power balance:  -4820.90266843116 + -1556.762479289726 = -6377.665147720886 6377.66456449249
 
CASE #  368
--- 0.3 0.0 ----------------------------------------------------
fan Nc = 0.800000015119152      burner temperature = 3784.284726733345    ambient Ps = 14.695899958428468
burner out 29.677868757018995 314.095300649304 3784.284726733345 0.0 0.0 0.2228546091537482 0.0
HPT 0.922372733126699
LPT  0.8928488537292376
core nozzle out 34.784723917097615 57.681425990199614 2477.0553620694754 31.55134924769664 2159.8153635879103 0.039247058991581776 1.0
bypass nozzle out 186.37452621629242 19.4353058131955 579.9720842695469 14.6959 528.4416631988857 0.07524051792180302 0.6975430130221045
2.796679198164182
HP power balance:  -9517.813281533774 = 9517.831892106653  +  0.0  HP extraction
LP power balance:  -3875.705441031209 + -1377.7872800785367 = -5253.492721109746 5253.476540663043
 
CASE #  369
--- 0.3 0.0 ----------------------------------------------------
fan Nc = 0.7499986122629873      burner temperature = 3260.1192275439776    ambient Ps = 14.695899958428468
burner out 25.995404476181125 255.52352668570208 3260.1192275439776 0.0 0.0 0.2105598895910512 0.0
HPT 0.9223109706160182
LPT  0.89414254113997
core nozzle out 30.502340184122954 45.73989008638931 2092.318910099807 25.172587458533183 1810.9881959898391 0.03735126425260835 1.0
bypass nozzle out 173.91919554403552 18.83907095274211 572.046772534938 14.6959 527.3497445271597 0.07539803918171323 0.6502289061248868
2.767275971537212
HP power balance:  -7054.835696447777 = 7054.714609532508  +  0.0  HP extraction
LP power balance:  -3038.5883809067113 + -1145.4455385666938 = -4184.033919473405 4184.069250390603
 
CASE #  370
--- 0.3 0.0 ----------------------------------------------------
fan Nc = 0.6999992213497632      burner temperature = 2956.9004750351387    ambient Ps = 14.695899958428468
burner out 22.89063233047909 214.51616288848962 2956.9004750351387 0.0 0.0 0.1949240078082203 0.0
HPT 0.9222244834294235
LPT  0.888924997335258
core nozzle out 26.875972415271033 38.66619043844542 1891.3079507664763 20.950617011143176 1629.6158815805195 0.034552947101458946 1.0
bypass nozzle out 159.10111433664574 18.190692621286264 563.800623782694 14.6959 526.5031794619047 0.07552016548940256 0.5943374775039778
2.886023932132155
HP power balance:  -5615.800900550929 = 5615.694466575892  +  0.0  HP extraction
LP power balance:  -2247.032020064145 + -1008.9351537685723 = -3255.967173832717 3255.9055885476414
 
CASE #  371
--- 0.25 0.0 ----------------------------------------------------
fan Nc = 1.0000002947820321      burner temperature = 4878.089396354487    ambient Ps = 14.695894987345689
burner out 39.76688989190676 477.22332523992185 4878.089396354487 0.0 0.0 0.24565118833929972 0.0
HPT 0.9208612512783765
LPT  0.9200157299323956
core nozzle out 46.48499385115997 90.82224677965317 3354.376706567695 50.01285504489916 2967.5168954379196 0.04525817789161775 1.0
bypass nozzle out 222.78023206317823 22.325015268147645 607.0293328131554 14.6959 532.3477092363314 0.07467702788447898 0.8370382504525666
2.6911052091832164
HP power balance:  -15044.966878493846 = 15044.965744054793  +  0.0  HP extraction
LP power balance:  -7419.0999193281095 + -2213.2443492234715 = -9632.34426855158 9632.319116422479
 
CASE #  372
--- 0.25 0.0 ----------------------------------------------------
fan Nc = 0.9499999990385075      burner temperature = 4675.395941020159    ambient Ps = 14.695894987345689
burner out 37.57873260188542 441.7308913901828 4675.395941020159 0.0 0.0 0.24363977681449792 0.0
HPT 0.9223647375801628
LPT  0.9118677993382205
core nozzle out 43.95341487408842 82.7148978001035 3155.5362678905008 45.68622962186066 2782.9175196138854 0.044090666937077055 1.0
bypass nozzle out 217.32761495317604 21.79636644857204 600.3834984653405 14.6959 529.9397218686871 0.0750244065069176 0.814594378902608
2.6899274285989803
HP power balance:  -14196.564380883503 = 14196.64996375895  +  0.0  HP extraction
LP power balance:  -6617.545027324209 + -2021.2618179397016 = -8638.80684526391 8638.80776519534
 
CASE #  373
--- 0.25 0.0 ----------------------------------------------------
fan Nc = 0.9000011834418261      burner temperature = 4409.8794199458    ambient Ps = 14.695894987345689
burner out 34.95293759466453 399.1955383037119 4409.8794199458 0.0 0.0 0.23892325438166293 0.0
HPT 0.9223045504115004
LPT  0.9046784260526577
core nozzle out 40.90835897053955 74.56902138275606 2944.8141498845084 40.896177210074384 2588.3988914187994 0.04243817736083156 1.0
bypass nozzle out 209.3407980682056 20.992058256005787 593.0382228793096 14.6959 528.1209427580699 0.07528678536756106 0.7832511794274927
2.709601759846514
HP power balance:  -12785.63113119802 = 12784.637691790467  +  0.0  HP extraction
LP power balance:  -5722.987145737663 + -1754.909699437 = -7477.896845174663 7478.2086735801095
 
CASE #  374
--- 0.25 0.0 ----------------------------------------------------
fan Nc = 0.8499994634066645      burner temperature = 4200.628996209693    ambient Ps = 14.695894987345689
burner out 32.06305474424809 357.5858841372714 4200.628996209693 0.0 0.0 0.22720017772224352 0.0
HPT 0.9222800705175285
LPT  0.8936804027055549
core nozzle out 37.54493297504679 65.98368816646881 2784.8130335066744 36.373127683973415 2441.274532270904 0.04002213273373112 1.0
bypass nozzle out 195.90490037228827 19.920429043407456 586.157096054462 14.6959 529.0889520296222 0.07514713939940607 0.7336793136398236
2.8127031989543827
HP power balance:  -11445.953231190739 = 11445.863838689223  +  0.0  HP extraction
LP power balance:  -4799.557884898411 + -1544.6898138576064 = -6344.247698756018 6344.260513611325
 
CASE #  375
--- 0.25 0.0 ----------------------------------------------------
fan Nc = 0.8000002685498911      burner temperature = 3755.7247066545096    ambient Ps = 14.695894987345689
burner out 29.377055407613224 309.7102541738962 3755.7247066545096 0.0 0.0 0.22142025047047534 0.0
HPT 0.9223777635049276
LPT  0.8935118334608146
core nozzle out 34.434181263367066 56.96814179906631 2456.2442395225653 31.08531347273286 2140.8598846778464 0.03901002219897775 1.0
bypass nozzle out 182.03404096463225 19.222269012488532 577.138439826093 14.6959 528.0497746009529 0.07529705215579797 0.6810369740633324
2.853793098132575
HP power balance:  -9342.45067168563 = 9342.55993842917  +  0.0  HP extraction
LP power balance:  -3795.0962803544435 + -1365.9412971532429 = -5161.037577507686 5160.931856308054
 
CASE #  376
--- 0.25 0.0 ----------------------------------------------------
fan Nc = 0.7500012825116742      burner temperature = 3242.754640045073    ambient Ps = 14.695894987345689
burner out 25.742047986831825 252.3571331612737 3242.754640045073 0.0 0.0 0.20906466852873692 0.0
HPT 0.9223123014007737
LPT  0.8941279487602236
core nozzle out 30.206082143457106 45.13555733443158 2079.3545641788933 24.844066252788107 1799.3287710270877 0.037098463183772724 1.0
bypass nozzle out 169.5064616906753 18.639282202343395 569.4556572241797 14.6959 527.0429431967104 0.07544229864294041 0.6335457302422787
2.832433403258338
HP power balance:  -6953.547162392328 = 6953.66047483556  +  0.0  HP extraction
LP power balance:  -2986.39923320863 + -1137.6250374545687 = -4124.024270663199 4123.940069279232
 
CASE #  377
--- 0.25 0.0 ----------------------------------------------------
fan Nc = 0.6999984984786043      burner temperature = 2952.7569552346085    ambient Ps = 14.695894987345689
burner out 22.76649796029609 213.2000362388004 2952.7569552346085 0.0 0.0 0.19399649257230883 0.0
HPT 0.9222330169553616
LPT  0.8884859819375291
core nozzle out 26.730356901390483 38.48403235753652 1888.6410182853076 20.82086214182182 1627.224035859149 0.03438965861094632 1.0
bypass nozzle out 154.93161139535556 18.01863994464903 561.3935268916681 14.6959 526.0781017426402 0.07558148761863445 0.5785209103728107
2.9640961695071275
HP power balance:  -5580.25865092702 = 5580.139393805234  +  0.0  HP extraction
LP power balance:  -2222.361713368881 + -1003.8654217324502 = -3226.227135101331 3226.1446137661237
 
CASE #  378
--- 0.2 0.0 ----------------------------------------------------
fan Nc = 0.9999999860674458      burner temperature = 4880.57087403201    ambient Ps = 14.695899948967606
burner out 39.35547044159723 472.4150219059413 4880.57087403201 0.0 0.0 0.24290021489222344 0.0
HPT 0.9208426730119526
LPT  0.9191181756433158
core nozzle out 46.0029868342806 89.85412149070874 3360.4382417759157 49.5456508612544 2973.2133937532276 0.044749540766837674 1.0
bypass nozzle out 219.84944365410797 22.054690267018483 605.139306439704 14.6959 532.3907729097854 0.07467081547665551 0.8260638770721652
2.729163526768525
HP power balance:  -14887.417222638063 = 14887.417374540546  +  0.0  HP extraction
LP power balance:  -7364.2064197857435 + -2179.2680447967073 = -9543.47446458245 9543.475050360164
 
CASE #  379
--- 0.2 0.0 ----------------------------------------------------
fan Nc = 0.9499993724112932      burner temperature = 4667.3229280202095    ambient Ps = 14.695899948967606
burner out 37.158169341388394 436.36927535082464 4667.3229280202095 0.0 0.0 0.24130275104251767 0.0
HPT 0.9223747554283273
LPT  0.911320581016024
core nozzle out 43.4620546349098 81.6580623830759 3149.083642631691 45.12246842884217 2776.970263344409 0.04364028948447582 1.0
bypass nozzle out 214.47819214463797 21.519761764792133 598.3220699358826 14.6959 529.757446342217 0.07505070175337124 0.8037733811833679
2.7238665954267476
HP power balance:  -14012.221939257443 = 14013.049793381113  +  0.0  HP extraction
LP power balance:  -6556.74495442278 + -1978.1601250442595 = -8534.90507946704 8535.114317316617
 
CASE #  380
--- 0.2 0.0 ----------------------------------------------------
fan Nc = 0.899999003984763      burner temperature = 4434.571444174604    ambient Ps = 14.695899948967606
burner out 34.6034757686216 396.30387691897135 4434.571444174604 0.0 0.0 0.23546293288649675 0.0
HPT 0.9223142488729081
LPT  0.9029902548693344
core nozzle out 40.496728912971044 74.1309545850291 2965.729316013397 40.64944317327633 2607.6883509145173 0.041868844391070095 1.0
bypass nozzle out 206.50689596276737 20.725083315667394 591.0824652808699 14.6959 527.9498888111003 0.07531146177793571 0.7725194289211091
2.7571630346091465
HP power balance:  -12716.049772146873 = 12716.01640415653  +  0.0  HP extraction
LP power balance:  -5680.039498560894 + -1725.853324963741 = -7405.892823524635 7405.884914525936
 
CASE #  381
--- 0.2 0.0 ----------------------------------------------------
fan Nc = 0.8500002654384833      burner temperature = 4205.029674410966    ambient Ps = 14.695899948967606
burner out 31.845606458214792 355.3475742011106 4205.029674410966 0.0 0.0 0.22550154081565396 0.0
HPT 0.9222801300057467
LPT  0.8927566968011625
core nozzle out 37.289863974282184 65.56538961817623 2788.1168706527146 36.15072233005181 2444.31621297246 0.03972711415736391 1.0
bypass nozzle out 192.59823835839666 19.75124677951591 584.2307565784865 14.6959 529.0743766767267 0.07514924205412861 0.7212818070463525
2.8627314157417802
HP power balance:  -11386.730523013395 = 11387.8009449996  +  0.0  HP extraction
LP power balance:  -4757.8620901345885 + -1541.2865566998323 = -6299.148646834421 6299.025461287
 
CASE #  382
--- 0.2 0.0 ----------------------------------------------------
fan Nc = 0.7999950829957019      burner temperature = 3727.468330233103    ambient Ps = 14.695899948967606
burner out 29.125118046606065 305.95050064738285 3727.468330233103 0.0 0.0 0.2204057624397271 0.0
HPT 0.9223816124455986
LPT  0.8942602671825646
core nozzle out 34.14089744395507 56.332565635942984 2435.2340339110124 30.671945300926975 2121.744216744405 0.03884045609145754 1.0
bypass nozzle out 178.44385562227635 19.050149948785574 574.8285077011341 14.6959 527.7143469182608 0.07534544128271244 0.6673839542518948
2.90097506354885
HP power balance:  -9189.039120410356 = 9189.126776683648  +  0.0  HP extraction
LP power balance:  -3728.940256132711 + -1355.0717484225513 = -5084.012004555262 5084.131700405639
 
CASE #  383
--- 0.2 0.0 ----------------------------------------------------
fan Nc = 0.7499983083150611      burner temperature = 3228.4520188184183    ambient Ps = 14.695899948967606
burner out 25.530377941831528 249.74919952971172 3228.4520188184183 0.0 0.0 0.20782844020781374 0.0
HPT 0.9223131403280781
LPT  0.8941578948584801
core nozzle out 29.958531412787035 44.65646312888058 2068.892885488201 24.56959856186902 1789.8765116338864 0.03688684402953231 1.0
bypass nozzle out 165.85363760617705 18.47791234071027 567.3432143014921 14.6959 526.7771999637948 0.07548063502269597 0.6197257682139938
2.8892582091361048
HP power balance:  -6868.236470208318 = 6868.253607413488  +  0.0  HP extraction
LP power balance:  -2942.854946715269 + -1130.8905201834614 = -4073.7454668987302 4073.794645663215
 
CASE #  384
--- 0.2 0.0 ----------------------------------------------------
fan Nc = 0.7000010698893173      burner temperature = 2947.38609102098    ambient Ps = 14.695899948967606
burner out 22.629517066270036 211.71442692857795 2947.38609102098 0.0 0.0 0.19299604385150249 0.0
HPT 0.9222389621544137
LPT  0.8883024443987398
core nozzle out 26.569754278323206 38.27469958026246 1885.0977611203273 20.671624413453507 1624.0403885062995 0.034210187666518226 1.0
bypass nozzle out 150.90638493877827 17.858276313320097 559.4463624421812 14.6959 525.9532834053605 0.07559949403454921 0.5634294850201073
3.041099587479665
HP power balance:  -5539.89190554486 = 5540.029785881683  +  0.0  HP extraction
LP power balance:  -2194.4337035207072 + -999.2266325249761 = -3193.6603360456834 3193.6495154807412
 
CASE #  385
--- 0.1 0.0 ----------------------------------------------------
fan Nc = 0.9999999874734443      burner temperature = 4887.087619136303    ambient Ps = 14.695900094681127
burner out 38.80187430401492 466.09072918799654 4887.087619136303 0.0 0.0 0.23897500471974623 0.0
HPT 0.9207880613664704
LPT  0.9178711753570342
core nozzle out 45.35368187069684 88.73613131754962 3374.593509120025 48.96450697725877 2986.4821311839996 0.0440270798129747 1.0
bypass nozzle out 215.92906789528266 21.69831983827732 602.6290171454225 14.6959 532.4317774408397 0.0746649001227368 0.811366800008038
2.7842269023345483
HP power balance:  -14669.649036327848 = 14669.649196806975  +  0.0  HP extraction
LP power balance:  -7289.643287416546 + -2138.664452994817 = -9428.307740411363 9428.307920834526
 
CASE #  386
--- 0.1 0.0 ----------------------------------------------------
fan Nc = 0.9499978289895474      burner temperature = 4652.772570872309    ambient Ps = 14.695900094681127
burner out 36.591619456459746 429.0629636499181 4652.772570872309 0.0 0.0 0.23836475269024288 0.0
HPT 0.9223848597829595
LPT  0.9107159471214041
core nozzle out 42.800547281577934 80.1783143649659 3136.95503139182 44.34180061012287 2765.8174415299914 0.04305795511477618 1.0
bypass nozzle out 210.66370301707087 21.14865303091428 595.5521426539701 14.6959 529.472679852782 0.07509178244679422 0.7892642321959534
2.7694522573867575
HP power balance:  -13764.539798951897 = 13763.66097106249  +  0.0  HP extraction
LP power balance:  -6472.542790428618 + -1920.367772581515 = -8392.910563010133 8392.782006247635
 
CASE #  387
--- 0.1 0.0 ----------------------------------------------------
fan Nc = 0.899999418501778      burner temperature = 4465.1707141643    ambient Ps = 14.695900094681127
burner out 34.137771536990584 392.2974734700052 4465.1707141643 0.0 0.0 0.23095909450984745 0.0
HPT 0.9223256655511782
LPT  0.9008873850872581
core nozzle out 39.94848078078911 73.52994078763919 2991.7581841533643 40.29577822535156 2631.672422991848 0.041127300982347945 1.0
bypass nozzle out 202.69826428706088 20.371977649265183 588.4670318734845 14.6959 527.6973589053869 0.07534789199013284 0.7580843350822173
2.822290029400401
HP power balance:  -12617.223682505832 = 12617.159303758728  +  0.0  HP extraction
LP power balance:  -5620.187788868504 + -1687.7917470944467 = -7307.979535962951 7307.926871215953
 
CASE #  388
--- 0.1 0.0 ----------------------------------------------------
fan Nc = 0.8499996614010137      burner temperature = 4147.929801646513    ambient Ps = 14.695900094681127
burner out 31.503019204761575 349.15995682464785 4147.929801646513 0.0 0.0 0.2250852768429166 0.0
HPT 0.9222867352473721
LPT  0.8941204390470888
core nozzle out 36.89350106038409 64.28764415996476 2743.5105140793485 35.447049244204294 2403.4240376867638 0.03961674465235731 1.0
bypass nozzle out 188.20302151267276 19.52316769321389 580.7304369463991 14.6959 528.2276049867431 0.0752713981697042 0.704238498230518
2.9114238097849086
HP power balance:  -11133.235218875827 = 11133.469575002704  +  0.0  HP extraction
LP power balance:  -4629.707478641026 + -1525.4109619221435 = -6155.118440563169 6155.2024751550325
 
CASE #  389
--- 0.1 0.0 ----------------------------------------------------
fan Nc = 0.7999995494894887      burner temperature = 3692.713492470868    ambient Ps = 14.695900094681127
burner out 28.797443802960114 301.07639801694063 3692.713492470868 0.0 0.0 0.21894196787315323 0.0
HPT 0.9223868288330551
LPT  0.8951544498667605
core nozzle out 33.759211555871275 55.53214755454508 2410.126738692994 30.160289196697605 2098.9268588576165 0.03860333702469085 1.0
bypass nozzle out 173.59767204156037 18.8237963859212 571.760209402502 14.6959 527.245292038364 0.07541310760032525 0.6489622517502428
2.9696836515232956
HP power balance:  -8992.348182548993 = 8992.237893193957  +  0.0  HP extraction
LP power balance:  -3640.5216887826145 + -1340.8682680390164 = -4981.389956821631 4981.189868363451
 
CASE #  390
--- 0.1 0.0 ----------------------------------------------------
fan Nc = 0.749999755764655      burner temperature = 3215.0091898028095    ambient Ps = 14.695900094681127
burner out 25.21172545001577 246.10656196278276 3215.0091898028095 0.0 0.0 0.20565314825001094 0.0
HPT 0.9223125906711901
LPT  0.8938045815231417
core nozzle out 29.585256879660157 44.01237515425302 2060.5219246463134 24.20627587637656 1782.3148001596612 0.036497617528230955 1.0
bypass nozzle out 160.95074511386545 18.267354762788603 564.5523785666115 14.6959 526.3988741954322 0.07553521266957766 0.6011883153440855
2.973564921266598
HP power balance:  -6738.292749781683 = 6738.407884509507  +  0.0  HP extraction
LP power balance:  -2884.3629064162988 + -1122.0909387360716 = -4006.4538451523704 4006.4250067021185
 
CASE #  391
--- 0.1 0.0 ----------------------------------------------------
fan Nc = 0.6999999994231939      burner temperature = 2942.193167137734    ambient Ps = 14.695900094681127
burner out 22.39772766759881 209.36090267318167 2942.193167137734 0.0 0.0 0.1911923508839083 0.0
HPT 0.9222500513053006
LPT  0.8880143669522191
core nozzle out 26.297816323074482 37.95160003716048 1881.927365688392 20.4416267173376 1621.191027647704 0.033888876931583496 1.0
bypass nozzle out 144.93276279174313 17.62867243829243 556.916196740782 14.6959 526.0105454766081 0.07559123335191639 0.5411537814758037
3.163550396029921
HP power balance:  -5479.278653555734 = 5479.278183007491  +  0.0  HP extraction
LP power balance:  -2150.953703698089 + -992.2376751955456 = -3143.191378893635 3143.190140465593
 
CASE #  392
--- 0.0 0.0 ----------------------------------------------------
fan Nc = 0.9999999742358854      burner temperature = 4888.056399080047    ambient Ps = 14.695900094681127
burner out 38.61636595610699 463.9128755858095 4888.056399080047 0.0 0.0 0.2377512928342041 0.0
HPT 0.9207975524918539
LPT  0.9175203103036581
core nozzle out 45.136428760698266 88.32586674091603 3376.884951027309 48.74939751131465 2988.640473947351 0.04380165351940818 1.0
bypass nozzle out 214.6151209362213 21.580260809078798 601.7929074620779 14.6959 532.4415623171717 0.07466348854686783 0.8064380029991046
2.802148370377928
HP power balance:  -14599.525377014554 = 14599.526046016375  +  0.0  HP extraction
LP power balance:  -7264.263670883497 + -2125.838816727537 = -9390.102487611035 9390.103256387138
 
CASE #  393
--- 0.0 0.0 ----------------------------------------------------
fan Nc = 0.9499999993773001      burner temperature = 4655.059715576954    ambient Ps = 14.695900094681127
burner out 36.40311148410182 426.9298613254681 4655.059715576954 0.0 0.0 0.23700296178055325 0.0
HPT 0.922391788505454
LPT  0.9102821815762988
core nozzle out 42.57962568444079 79.82130871212433 3139.5128550331283 44.133513864736535 2768.192147780066 0.042819072077460024 1.0
bypass nozzle out 209.34772046448668 21.02351508759663 594.6888349730447 14.6959 529.4414005020756 0.07509629483664526 0.7842973605521135
2.788173962124508
HP power balance:  -13687.70444526478 = 13688.109056397927  +  0.0  HP extraction
LP power balance:  -6448.064013055515 + -1901.2979172461792 = -8349.361930301693 8349.263959325343
 
CASE #  394
--- 0.0 0.0 ----------------------------------------------------
fan Nc = 0.8999983075805503      burner temperature = 4476.068660779475    ambient Ps = 14.695900094681127
burner out 33.98381058391422 390.995496026052 4476.068660779475 0.0 0.0 0.22943772208877275 0.0
HPT 0.9223293036759681
LPT  0.9001590059372714
core nozzle out 39.76716920602831 73.33824675894179 3001.1744906289523 40.18476905013995 2640.3522092967855 0.04087784855059984 1.0
bypass nozzle out 201.4200507696894 20.254945247563032 587.592573371021 14.6959 527.6066968428145 0.0753609709883149 0.7532366597171725
2.845038369439486
HP power balance:  -12585.270423085969 = 12585.214173267324  +  0.0  HP extraction
LP power balance:  -5599.5160578010755 + -1675.358702517091 = -7274.874760318166 7274.878734409153
 
CASE #  395
--- 0.0 0.0 ----------------------------------------------------
fan Nc = 0.8500001041347399      burner temperature = 4129.041865823368    ambient Ps = 14.695900094681127
burner out 31.385367421347702 347.0437151639586 4129.041865823368 0.0 0.0 0.22487476772234746 0.0
HPT 0.9222916184477157
LPT  0.8945422957923809
core nozzle out 36.75723757663467 63.85782087903517 2729.3893734380977 35.21116874280396 2390.490148136437 0.03956791225021123 1.0
bypass nozzle out 186.73144810403062 19.44818229775188 579.5653841823263 14.6959 527.9361604503205 0.07531344224474384 0.6985324491433451
2.928658873372785
HP power balance:  -11037.155070330207 = 11037.083731714183  +  0.0  HP extraction
LP power balance:  -4587.167356642189 + -1519.0638320681112 = -6106.2311887103 6106.302766935687
 
CASE #  396
--- 0.0 0.0 ----------------------------------------------------
fan Nc = 0.7999990176629719      burner temperature = 3658.051007018919    ambient Ps = 14.695900094681127
burner out 28.64019574798265 298.0001463476514 3658.051007018919 0.0 0.0 0.21876894172503317 0.0
HPT 0.9223928265862603
LPT  0.89615501287592
core nozzle out 33.57732925047856 54.8121809506767 2383.313189791944 29.804215867520238 2074.5496168167138 0.038601374399618686 1.0
bypass nozzle out 171.99672285366628 18.750475028067658 570.7523554703279 14.6959 527.0805736493188 0.07543687003689187 0.6428734721210191
2.9820378307774753
HP power balance:  -8845.45087427233 = 8845.702546495  +  0.0  HP extraction
LP power balance:  -3611.5309821483224 + -1329.1354605224194 = -4940.666442670742 4940.855228067581
 
CASE #  397
--- 0.0 0.0 ----------------------------------------------------
fan Nc = 0.7500005378243246      burner temperature = 3210.2566920510785    ambient Ps = 14.695900094681127
burner out 25.11837180491078 245.00246935848452 3210.2566920510785 0.0 0.0 0.2050318114088753 0.0
HPT 0.9223132042357537
LPT  0.8937282069185246
core nozzle out 29.47595906088884 43.81610188707664 2057.433047103204 24.095036088849945 1779.5235202928202 0.03638730264172935 1.0
bypass nozzle out 159.27725212194736 18.196696406777335 563.6177225240874 14.6959 526.2736427549645 0.07555327868016401 0.5948324110676306
3.003510192964851
HP power balance:  -6702.0254334052825 = 6702.040753317052  +  0.0  HP extraction
LP power balance:  -2863.9585646745127 + -1119.4071324155163 = -3983.3656970900292 3983.424284040031
 
CASE #  398
--- 0.0 0.0 ----------------------------------------------------
fan Nc = 0.6999999503050183      burner temperature = 2941.11200525595    ambient Ps = 14.695900094681127
burner out 22.31412760503942 208.53375294185182 2941.11200525595 0.0 0.0 0.1905078397643399 0.0
HPT 0.922254706731025
LPT  0.8878853196398298
core nozzle out 26.199694808758377 37.83812829710012 1881.3334068992735 20.360936172463095 1620.6576418324678 0.033766165190672895 1.0
bypass nozzle out 142.91432009918512 17.553206934852923 556.0878387173457 14.6959 526.0323411043656 0.07558808909325151 0.5336313787792487
3.2075930472670384
HP power balance:  -5458.650161655895 = 5458.731576164807  +  0.0  HP extraction
LP power balance:  -2136.329439695535 + -989.7819289234527 = -3126.1113686189874 3126.108677837323
 
819.7948155403137 398 2.059785973486589
